tree
version=v4
num_class=1
num_tree_per_iteration=1
label_index=0
max_feature_idx=112
feature_names=minutes_since_open minutes_to_close session_frac session_sin session_cos dow ret_1m ret_5m ret_15m ret_30m rv_1m ret_from_open session_range pos_in_session_range dist_to_session_high dist_to_session_low dist_to_twap hist_prior_close hist_prior_ret hist_prior_range_pct hist_gap_pct dist_to_prior_close gex_net_total gex_abs_total gex_zero_level gex_dist_to_zero gex_dist_to_zero_pct gex_above_zero gex_top3_concentration gex_hhi gex_band_net gex_band_abs gex_band_share gex_pos_centroid gex_pos_centroid_dist gex_abs_centroid_dist gex_max_node_strike gex_max_node_value gex_max_node_dist gex_wall_above gex_wall_above_dist gex_wall_below gex_wall_below_dist gex_neg_pocket_above gex_neg_pocket_below vanna_net_total vanna_band_net charm_net_total charm_band_net max_pain max_pain_dist gex_snapshot_age_min gex_band_decay_5m gex_band_decay_pct_5m gex_dist_zero_chg_5m gex_band_decay_15m gex_band_decay_pct_15m gex_dist_zero_chg_15m charm_drift_to_close call_prem_1m put_prem_1m otm_call_prem_1m otm_put_prem_1m net_prem_1m flow_side_weighted net_prem_5m net_prem_z_5m net_prem_vel_5m net_prem_vel_z_5m net_prem_15m net_prem_z_15m net_prem_vel_15m net_prem_vel_z_15m net_prem_cum_session call_put_prem_ratio_15m otm_call_accel otm_put_accel otm_skew_momentum otm_skew_log_ratio otm_skew_level block_notional_15m sweep_notional_15m inst_block_weight dark_pool_share block_vs_sweep_z block_signed_bias has_gex_snapshot has_flow_prints ret_1m__isna ret_5m__isna ret_15m__isna ret_30m__isna rv_1m__isna hist_prior_close__isna hist_prior_ret__isna hist_prior_range_pct__isna hist_gap_pct__isna dist_to_prior_close__isna vanna_net_total__isna vanna_band_net__isna charm_net_total__isna charm_band_net__isna max_pain__isna max_pain_dist__isna gex_band_decay_5m__isna gex_dist_zero_chg_5m__isna gex_band_decay_15m__isna gex_dist_zero_chg_15m__isna charm_drift_to_close__isna net_prem_vel_5m__isna net_prem_vel_15m__isna otm_call_accel__isna otm_put_accel__isna
feature_infos=[-0.53977274894714355:0.38352271914482117] [-0.38352271914482117:0.53977274894714355] [-0.53977274894714355:0.38352271914482117] [-0.50589752197265625:0.50589752197265625] [-0.51000577211380005:0.5002143383026123] [-0.5:0.5] [-8:8] [-8:8] [-8:8] [-7.586921215057373:8] [-0.24465413391590118:8] [-2.6258580684661865:5.1694273948669434] [-0.40022936463356018:4.8302750587463379] [-0.61610877513885498:0.39528125524520874] [-0.16216215491294861:3.941441535949707] [-0.27179369330406189:6.785576343536377] [-3.0588634014129639:6.8666462898254395] [-0.76743853092193604:0.66086578369140625] [-1.9930859804153442:2.7873585224151611] [-0.31286981701850891:4.8460345268249512] [-1.7929048538208008:1.7005504369735718] [-2.1257216930389404:2.6568312644958496] [-0.99651211500167847:4.6167120933532715] [-0.3962254524230957:4.1127638816833496] [-0.80876094102859497:0.66227024793624878] [-3.1492891311645508:6.3514223098754883] [-3.7570152282714844:7.0893425941467285] [0:1] [-0.85092514753341675:0.77315437793731689] [-0.53836625814437866:3.0848333835601807] [-0.92617338895797729:4.4057526588439941] [-0.32366383075714111:4.3586058616638184] [-1.5007750988006592:0.32981520891189575] [-0.72437918186187744:0.67229288816452026] [-2.146676778793335:3.6193182468414307] [-8:4.6519269943237305] [-0.86713284254074097:0.65734267234802246] [-1.0114450454711914:6.946749210357666] [-6.0287079811096191:2.6722488403320312] [-0.20084917545318604:3.5179204940795898] [-0.20143884420394897:5.4118704795837402] [0:8] [-0.41007748246192932:0.65729254484176636] [-4.7256484031677246:0] [-2.4436519145965576:0.21103984117507935] none none none none none none [-0.5:0.5] [-3.3033771514892578:8] [-5.5310158729553223:4.7386369705200195] [-8:8] [-3.354703426361084:8] [-3.6433079242706299:3.659090518951416] [-8:8] none [-8:8] [-8:8] [-8:8] [-8:8] [-8:8] none [-4.4098429679870605:4.011784553527832] [-2.197352409362793:2.0723819732666016] [-8:8] [-3.0898633003234863:2.9690210819244385] [-3.2615354061126709:4.2808761596679688] [-2.0016007423400879:1.8933984041213989] [-8:8] [-3.0061013698577881:2.9251720905303955] [-2.0840291976928711:1.6713125705718994] [-5.6921558380126953:5.6358017921447754] [-8:8] [-8:8] [-0.5:0.5] [-4.0201015472412109:4.0201015472412109] [-0.53755849599838257:0.46244147419929504] [-0.24955072999000549:2.8428184986114502] none [0:1] none [-1.1990655660629272:1.8541393280029297] [-1.0249588489532471:1.0071408748626709] none none none none [0:1] [0:1] none [0:1] [0:1] [0:1] [0:1] [0:1] none none none none none none none none [0:1] [0:1] none none none none none
tree_sizes=14099 14097 14076 14097 14061 14125 14078 14109 14168 14141 14124 14129 14142 14131 14139 14141 14145 14121 14112 14152 14137 14168 14145 14167 14125 14164 14171 14196 14159 14183 14152 14158 14148 14161 14179 14110 14204 14211 14156 14176 14161 14174 14179 14184 14183 14194 14144 14190 14184 14200 14175 14179 14187 14139 14207 14205 14214 14154 14173 14183 14158 14230

Tree=0
num_leaves=127
num_cat=0
split_feature=18 21 21 18 21 18 21 21 18 18 21 18 18 23 3 23 18 18 23 14 21 18 32 73 12 38 21 18 14 23 17 34 21 11 21 21 33 18 22 33 12 28 0 0 11 0 18 72 31 22 17 18 21 21 20 18 44 21 10 35 28 18 33 23 28 37 21 29 5 0 36 21 18 18 29 28 12 18 12 15 30 21 19 16 22 31 19 32 11 11 37 33 80 18 29 1 19 12 12 28 23 55 23 20 0 11 20 12 4 33 18 44 38 73 41 73 22 12 31 30 18 21 22 16 12 31
split_gain=1772.56 627.001 623.842 553.473 406.357 388.168 316.394 312.665 230.864 201.844 180.612 255.249 165.447 224.939 361.76 159.303 156.757 156.048 190.744 182.499 132.779 125.457 167.738 121.745 120.737 146.413 118.189 109.295 128.77 114.215 108.456 104.272 100.711 99.4177 98.9926 96.5502 95.7572 123.757 128.876 95.401 128.913 88.0976 86.6518 86.5201 85.1211 77.0167 74.1856 73.8738 72.5175 71.8396 69.8513 67.4512 125.378 116.017 67.0523 66.4275 65.6391 172.861 72.8078 65.1917 63.5247 61.6095 79.7739 60.6014 60.4814 60.0108 128.777 87.537 59.7926 84.8578 59.6624 59.3174 86.7705 82.7184 58.8846 73.1451 87.5926 57.8757 57.4999 57.2466 56.8472 60.3923 58.8355 56.6498 61.1749 56.5133 55.8134 177.636 89.9887 68.6293 55.3206 50.3173 49.7735 52.7552 48.1979 60.5365 66.9656 113.437 47.7047 83.3107 77.0541 47.634 47.6103 46.2802 46.0531 44.5513 63.0312 44.4346 43.8694 53.9988 43.3634 43.2159 42.7236 45.7704 50.1162 46.1022 61.1886 45.824 45.595 42.5427 41.6499 41.0589 40.666 40.3921 39.7375 46.7718
threshold=-0.04432928375899791 -0.048428479582071297 -0.061898652464151376 0.071790568530559554 0.16452854871749881 -0.19699198007583615 -0.24663245677947995 0.044579859822988517 0.15422734618186953 0.036714788526296623 -0.31526620686054224 -0.39823217689990992 -0.094419144093990312 0.077678311616182341 0.3620197474956513 0.015554804820567371 1.0000000180025095e-35 0.14187081903219226 -0.01612245291471481 -0.10735736042261122 -0.52309173345565785 -0.09855287522077559 0.14470484852790835 0.16021387279033664 0.46387615799903875 -0.79545453190803517 -0.56414368748664845 -0.66585803031921376 1.2439939975738528 -0.23720460385084149 0.42945490777492529 0.3676865845918656 -0.1786401569843292 0.11470966413617135 0.046504169702529914 0.12475946173071863 0.5818956494331361 -0.25816884636878962 0.26916858553886419 0.021553245373070243 -0.08772935718297957 -0.26963223516941065 -0.08096591010689734 0.1548295468091965 -0.1917527690529823 -0.095170453190803514 -0.2005786597728729 0.061872169375419624 -0.27814668416976923 0.12194308266043664 0.457320585846901 0.30465058982372289 0.38903142511844641 0.35118664801120764 0.013067109044641258 0.078054212033748641 0.030556644313037399 -0.11257216334342955 0.29302537441253668 -0.12201286107301711 0.43538472056388861 -0.25816884636878962 -0.14388403296470639 0.21051671355962756 0.17323668301105502 0.071097072213888182 0.23123797774314883 0.78416392207145702 -1.0000000180025095e-35 -0.43323864042758936 0.57692307233810436 0.59813982248306286 0.43864586949348455 0.53065726161003124 -0.23171430081129071 -0.16715370863676068 0.069380734115839018 -0.31688533723354334 0.55561923980712902 0.33279283344745642 0.33362503349781042 -0.0099422708153724653 -0.14835732430219647 0.11883091554045679 -0.15484153479337689 -0.17436068505048749 -0.13648257404565808 -0.062206085771322243 -0.24692385643720624 0.14800114184617999 -0.032504558563232415 -0.39147783815860743 -0.073124639689922319 -0.03951717168092727 -0.40082852542400355 -0.058238636702299111 -0.22178896516561505 -0.071674313396215425 0.043004587292671211 0.04936413653194905 -0.13467267900705335 -0.15418850630521772 0.050070675089955337 0.027030366472899917 0.12073863670229913 -0.27655239403247828 -0.084686670452356325 0.13704128563404086 -0.31447555124759669 -0.15226393193006513 0.086003046482801451 0.032231673598289497 -0.43181818723678583 0.28856328129768377 0.19566199183464053 0.18632795661687854 0.55212321877479564 -0.26662844419479365 0.2173462510108948 0.21470660716295245 0.13059716671705249 0.067030146718025221 -0.052477460354566567 0.19112806767225268 -0.16915138065814969 -0.19939706474542615
decision_type=2 2 2 2 2 2 2 2 2 2 2 2 2 2 2 2 2 2 2 2 2 2 2 2 2 2 2 2 2 2 2 2 2 2 2 2 2 2 2 2 2 2 2 2 2 2 2 2 2 2 2 2 2 2 2 2 2 2 2 2 2 2 2 2 2 2 2 2 2 2 2 2 2 2 2 2 2 2 2 2 2 2 2 2 2 2 2 2 2 2 2 2 2 2 2 2 2 2 2 2 2 2 2 2 2 2 2 2 2 2 2 2 2 2 2 2 2 2 2 2 2 2 2 2 2 2
left_child=2 9 5 7 17 10 43 16 50 45 11 26 13 46 47 39 80 30 94 54 101 22 -8 36 48 -26 27 28 29 -1 34 49 -24 98 -5 42 37 38 -17 61 44 78 123 70 -41 -2 85 60 -11 -21 120 52 65 107 -20 -44 57 58 -47 -50 -15 62 68 -18 -52 108 67 -67 -12 -70 -7 72 79 -73 83 76 -76 102 121 -55 82 -82 104 84 -28 -4 87 -48 -89 -88 -91 -86 93 -59 -19 111 -97 -98 99 100 -10 -13 -22 -84 -3 -39 -107 -53 109 -35 -43 -96 -9 115 -115 116 117 -114 -117 -68 -6 -36 -29 -32 125 -105
right_child=1 3 12 4 8 6 21 112 33 24 15 20 -14 14 -16 23 63 18 19 31 77 -23 32 -25 25 -27 74 122 -30 -31 35 -33 -34 51 41 -37 -38 105 -40 40 -42 110 55 -45 -46 56 86 -49 59 -51 64 53 -54 71 -56 -57 -58 92 -60 -61 -62 -63 -64 -65 -66 66 119 -69 69 -71 -72 73 -74 -75 75 -77 -78 -79 -80 -81 81 -83 103 -85 91 -87 89 88 -90 90 -92 -93 -94 -95 95 96 97 -99 -100 -101 -102 -103 -104 124 -106 106 -108 -109 -110 -111 -112 -113 113 114 -116 118 -118 -119 -120 -121 -122 -123 -124 -125 -126 -127
leaf_value=-0.0094140439643032765 0.0052216254684181122 -0.019872750984529584 -0.018557755457813834 0.0083064663635601318 -0.013069575797718773 0.0098437614479179574 -0.0019422364617049988 0.0040965315622900475 0.0089704388195802603 0.0059118662089182013 -0.0098175776136149636 -0.00046172462079672262 -0.0090706359653371753 -0.087679779054920262 0.003192484624563105 -0.064545830616939484 0.0018938661580734407 -0.0021864725412608118 0.021552057641926459 0.05290222533459539 -0.00063684568431699611 0.002822153117142514 -0.0025340577136608875 -0.0028272810896528642 0.0061817283164906757 0.073988560706114717 -0.0058816697467810502 0.0024710337252422574 -0.0022071648194949972 -0.035543906658091255 0.018026191023772429 0.0051062912733604278 -0.021196080209850192 -0.026508938557161167 -0.0031708670169454125 0.0049139435827962926 0.0025257459363158376 -0.010593920852824614 -0.010899258224606381 -0.0089364908746255543 -0.0087124028178825284 -0.0046889345351524342 0.0081340035488395423 0.023536937556646771 -0.054008973926384408 0.05398097129050268 -0.00040595067502459967 -0.015239233150376874 0.0098894278471906814 0.023215671430198648 0.006575440307825994 0.021947025111421364 -0.010796288073490368 0.0074293247031315662 0.0035730571459466286 0.060434097775894924 0.0042909547447213623 0.0031846921898976946 0.0047887027521139247 0.025184311837763901 -0.008826451324840022 -0.00049497848414618308 -0.0036667771765591228 0.0090634334360452234 -0.0049247313897524021 0.017647832188507271 0.0081478287641209447 -0.0023984445931523836 -0.008412406255278131 -0.051259872589189855 -0.0062834777451244352 -0.0131403372325138 0.010313689509899221 0.0028760634697686778 -0.0078001619191931919 -0.011976289125839068 -0.052473859871389507 0.0048466219508752533 0.0052302309953453441 -0.005340755226054779 -0.0038671306801226139 -0.023019652100160822 0.0022485104038355752 0.0036635078637951841 -0.0060931119588968101 -0.047105848857713802 -0.0079627857519077045 -0.0035307520998812477 -0.072802799437066301 -0.0099846252112664301 -0.038886267450674687 -0.037015509259628994 0.0055262397150414718 0.024055078938890088 0.0056454844198212655 -0.00083340946860231864 0.016554383136017804 0.0047124363261418657 0.00079090809737867066 0.0034817345031923071 0.024594317632847775 0.024066353795734848 -0.012676973858170256 0.00045566184941306701 0.0018708466219249733 -0.010536488138446563 -0.040290435655719388 0.0047051298521811318 -0.00059273608882795493 -0.0030463645358558607 0.0044129550867629801 0.03869016384758335 -0.001640801337959604 -0.0059899507940816129 -0.030740768866774411 0.0027915547737501082 0.0041605885360094207 -0.012134877827152292 -0.0083385835634492058 -0.0014322308870970339 -0.0041577763834690466 -0.020118413312045641 -0.008765374619464885 0.00074313650685746836 -1.0317242994963486e-05 -0.018497313848668383
leaf_weight=201.11675523209851 1300.2832411172567 95.204935092944652 248.63952086586505 1171.6316687043291 459.07397986506112 632.83565975783858 2469.2240662319819 89.895849064225331 476.03855194617063 203.16730546776671 220.95702775754035 38.141690017306246 1499.8326822029194 34.905746112810448 40.449633618816733 48.198802899569273 1349.341763917706 141.67717142403126 115.98992469650693 87.957148652640171 516.38780073868111 1564.400024803821 191.28582210058812 132.10480138461571 26.550330472411588 13.940183032769708 179.75369779253379 574.99131422908977 327.8935333751142 101.88714878214523 212.17281193146482 55.878216034732759 306.44187678163871 42.737127656815574 113.16065917629749 355.77801362331957 40.19440981221851 180.03377353108954 39.593065497232601 40.377693646238185 236.04496217437554 230.00039391452447 24.89360666484572 164.83312530338299 33.16817226447165 42.462287483154796 46.802106137271039 23.842893359949812 214.13992116414011 154.87092996877618 268.47469606867526 166.43396185943857 371.8449544783216 196.89366173034068 237.4896071034018 14.470360573614014 268.71531964000314 77.504795397864655 20.903427142649889 420.23162820748985 10.546117386780677 566.79550858971197 463.30367096303962 723.16649049741682 465.32011769735254 313.97344444296323 197.53549696668051 108.80717150052078 51.140766299096867 21.917895407765172 88.608253882266581 182.80986493255477 559.01382238091901 324.32657577481586 37.644094166578725 136.89456276071724 41.632220282568596 545.40279827138875 77.290855833562091 361.13475976721384 183.06425758893602 92.170197995263152 841.73081788385753 81.039386705961078 47.323111224803142 30.178803699440323 763.42580804915633 12.876164786517622 10.47373418160714 90.255091398139484 38.210021573468111 45.120991358300671 296.1936023386661 162.397998956847 37.44988558429759 253.18948618974537 604.17475911625661 734.24130022933241 347.98484564258251 579.99596583994571 182.41534129495267 115.85651960305404 154.4552392817568 77.601827092119493 50.198381816036999 78.61614221916534 62.723862870130688 112.67253251501825 501.05396098189522 114.45336587238126 1232.2556049580453 27.192256436101161 202.08980605052784 78.921696805278771 60.084561057970859 274.31720390194096 104.42649235995486 1307.6412459589774 271.32336170657072 1110.7172024134779 437.23179952858482 122.37972311803605 139.95835021685343 73.738273687195033 240.23266359150875 119.65057646378409
leaf_count=563 2724 316 888 2575 1375 1603 5092 209 1158 517 582 96 3683 640 115 622 2737 284 474 714 1235 3151 447 301 58 337 369 1272 746 554 605 90 1074 243 171 583 103 449 104 104 605 525 55 605 375 427 102 98 549 601 525 570 961 351 505 282 556 139 51 1601 36 1109 994 1531 809 951 438 130 123 284 161 474 1335 794 81 349 413 1138 137 680 295 374 1838 199 171 392 2091 22 300 204 281 326 515 611 71 423 1744 1544 854 1150 789 512 419 122 99 200 437 275 969 275 2647 251 467 157 345 573 231 3392 582 2004 956 450 291 116 468 396
internal_value=0.000102524 0.00348612 -0.00558588 0.00219547 0.00440154 -0.00338958 0.000418135 -0.00279868 0.00138963 0.0119227 -0.00712707 -0.00409368 -0.013897 -0.0190009 -0.0445194 -0.0115305 0.000796562 0.0082847 0.0121916 0.0213773 0.00248141 -0.00173657 -0.00414762 -0.0204269 0.0199806 0.0482575 -0.00877535 -0.00536198 -0.0112726 -0.0201817 0.00558117 0.0324945 -0.0144743 0.00314223 0.00384897 0.0126724 -0.0251916 -0.0279521 -0.0478564 -0.00810913 -0.0177837 0.000829251 0.0202228 0.0111996 -0.0375177 0.00847421 -0.0159337 -0.066307 0.0172919 0.0377768 -0.00527269 0.00164797 -0.000353669 0.00452484 0.0105035 0.0428603 0.0130621 0.0166696 0.0433739 0.0205778 -0.0786378 -0.00556158 -0.00920921 0.00447475 -0.000629662 0.00135954 0.00331135 0.0125919 -0.016982 -0.0307917 0.00770497 0.00235744 0.00490784 -0.00320845 -0.0162861 -0.0243795 -0.0379888 0.000108475 -0.0084191 -0.000689154 -0.00368091 -0.0116351 -0.00197016 -0.0100821 -0.0141821 -0.0251668 -0.0127001 -0.0282817 -0.0555759 -0.0107506 -0.0233753 -0.0257144 0.0117634 0.0182217 0.00861724 0.00956743 0.00850217 0.0102615 0.00743952 0.00925261 0.0140232 0.018613 -0.00376544 -0.000483598 -0.0130423 -0.0195433 -0.0276923 0.0159145 -0.00369135 -0.0121301 0.00291945 0.0262166 -0.00843284 -0.00896792 -0.0196534 -0.00806621 -0.00975795 -0.0107816 -0.00284673 0.00013103 -0.00895172 -0.0130431 3.79269e-05 0.0139918 -0.00560226 -0.0117239
internal_weight=36935.1 23166.4 13768.7 20119.9 13958.8 10918.3 5417.63 6161.06 7880.94 3046.49 5500.67 3285.5 2850.44 1350.61 109.744 2215.17 3772.36 6077.88 2450.11 652.186 1370.24 4531.35 2966.95 581.465 878.029 40.4905 1915.26 1345.85 630.897 303.004 3627.77 298.706 497.728 6250.84 2946.72 681.053 449.36 409.166 87.7919 1633.71 309.591 1775.09 325.275 886.277 73.5459 2168.46 1240.86 69.2948 837.539 242.828 1630.1 4664.41 2761.12 1903.29 353.48 39.364 868.177 599.462 63.3657 634.372 45.4519 1324.11 757.319 2072.51 733.795 2389.28 1731.03 422.781 294.016 73.0587 721.444 1624.18 1117.04 507.136 569.408 216.171 79.2763 1216.25 312.831 558.028 1699.85 275.234 1424.62 353.237 272.198 278.818 962.043 70.152 23.3499 891.891 128.465 92.4441 536.096 239.903 1797.92 1656.25 1591.61 1338.42 1586.43 1238.45 658.454 153.998 670.843 1279.22 145.403 321.374 141.34 279.106 658.244 157.19 1462.26 64.6421 2388.7 2298.8 139.006 2159.8 1614.16 1509.73 545.641 1308.25 896.306 235.54 714.95 285.911 437.485 197.252
internal_count=91241 55130 36111 47045 32913 27259 12133 14132 18066 8085 15126 8734 8852 5169 889 6392 8176 14847 6701 2384 3400 9764 6613 2216 3062 395 5334 3426 1863 1117 8146 1405 1521 14401 6505 1641 1915 1812 726 4176 1084 3930 1058 2369 479 5023 4280 774 2667 1315 3665 10450 5971 4479 979 337 2299 1743 478 2150 676 3092 1983 4268 1334 5010 3523 1081 989 407 1764 3634 2366 1268 1908 843 494 2792 758 1031 3908 669 3239 1065 866 1280 3000 424 322 2576 485 497 1265 750 4317 4033 3711 3288 3951 3097 1947 608 1654 2824 415 1086 637 845 1487 518 3172 322 5956 5747 502 5245 4090 3859 1155 2442 2331 621 1563 721 986 518
is_linear=0
shrinkage=0.0200396


Tree=1
num_leaves=127
num_cat=0
split_feature=18 18 11 20 11 20 14 18 20 18 18 18 34 33 3 11 20 14 19 20 18 44 11 39 11 20 11 11 18 20 29 20 18 20 20 44 23 14 32 11 18 37 5 3 28 15 33 28 20 11 11 28 31 17 18 14 18 3 16 22 37 44 18 40 44 20 0 18 11 16 18 20 26 12 33 20 11 11 18 28 23 24 11 42 38 23 29 32 32 12 11 38 18 31 33 32 10 19 11 44 3 12 36 33 20 15 20 19 15 25 12 14 19 36 20 16 12 10 20 16 28 69 69 11 18 34
split_gain=1696.37 261.062 324.559 284.198 238.513 203.789 195.152 314.828 227.003 248.486 164.513 147.429 140.672 130.164 130.969 127.77 119.131 121.711 114.706 108.69 121.541 108.719 103.174 102.895 156.732 100.73 99.4157 94.2368 103.435 94.1526 89.2923 88.9694 88.5645 88.3545 87.2099 178.5 88.8993 175.862 92.7287 83.2938 83.1481 87.7233 81.1401 102.926 148.834 80.8594 79.6025 124.65 78.8411 75.8913 75.8897 75.6446 123.853 85.5607 89.376 75.0641 74.9749 169.203 103.594 74.2159 73.3893 72.6195 70.2731 82.0183 69.2228 68.4828 68.1221 66.5254 65.5645 63.4786 62.5701 66.8267 79.4833 66.5821 60.488 59.5079 77.8107 59.0931 58.8639 58.5127 56.8814 56.5075 139.397 56.3649 55.8414 54.9795 54.1661 53.1474 52.629 50.7272 53.9333 50.417 60.0039 49.2396 47.9663 71.3637 66.9824 75.9763 61.2277 47.9077 49.9762 61.7811 47.8491 65.2651 47.7901 47.6158 47.1687 46.9858 51.9793 46.9566 70.6665 46.8344 74.2431 58.2323 104.773 46.6834 46.4422 45.7323 44.2698 67.3966 52.2282 43.9483 44.5932 43.8295 121.908 58.6089
threshold=-0.04432928375899791 0.071790568530559554 0.12866553664207461 -0.019928809255361554 -0.15547610819339749 0.069357905536890044 0.32207205891609197 -0.38485574722290034 -0.2346449792385101 -0.12308465689420699 0.17754884809255603 -0.25816884636878962 -0.024235682561993595 0.036592198535799987 0.37321612238883978 0.15110286325216296 0.090958140790462508 0.18843844532966617 0.22697016596794131 0.05776606127619744 0.18726097792387011 0.052890788763761527 0.021644558757543567 0.2236350551247597 -0.18296238780021665 -0.10618834197521208 -0.081097222864627824 -0.54648160934448231 -0.19699198007583615 0.05776606127619744 0.20039997994899753 -0.19077220559120175 -0.07695442438125609 0.19914893060922625 -0.12569123506546018 0.11029756814241411 -0.011013529263436793 -0.0067567569203674785 -0.60001000761985768 -0.38097117841243738 0.060649557039141662 -0.14523104578256604 1.0000000180025095e-35 0.29405258595943456 -0.32269424200057978 1.0169098973274233 0.24320256710052493 -0.29848809540271753 -0.14662612229585645 0.26736263930797582 -0.036620477214455598 -0.18281747400760648 -0.10482765734195708 -0.17219185829162595 -0.94762483239173878 0.5112612545490266 0.15422734618186953 0.044768447056412704 0.25819236040115362 0.29325781762599951 -0.36073382198810572 0.13083737343549731 -0.24344995617866513 0.18075539916753772 0.014971879776567222 0.29099760949611669 -0.17471590638160703 -1.0000000180025095e-35 -0.18296238780021665 0.18096147477626803 0.30853129923343664 0.28898869454860693 0.056517599150538451 -0.081995412707328783 -0.024589915759861466 0.0031544824596494441 0.2203800976276398 0.24526958167552951 -0.046312140300869935 -0.30715122818946833 -0.036136241629719727 0.43202824890613561 0.074718475341796889 0.19117075949907306 -0.12559808790683744 0.50549289584159862 0.14259439706802371 -0.42099140584468836 0.19687643647193911 0.42603211104869848 0.94892677664756786 0.0035885166143998508 -0.2005786597728729 -0.25671005249023432 0.57135316729545604 0.042273631319403655 0.24362587928771975 0.0078557825181633251 -0.23011341691017148 0.095416441559791579 -0.20948321372270581 -0.067087154835462556 -0.17132867127656934 -0.10883928090333937 0.50801372528076183 0.034746352583169944 0.0031544824596494441 0.25334358215332037 -0.1026947721838951 -0.33011297881603235 -0.27580276131629938 0.29804804921150213 -0.216514877974987 0.61888113617897045 0.015692517627030615 0.32349844276905065 -0.047591743990778916 0.1322080343961716 -0.22483542561531064 0.35086232423782354 -0.37636160850524897 -0.41129910945892328 0.1106952764093876 -0.19619145244359967 -0.14023774117231366 0.22100355476140979
decision_type=2 2 2 2 2 2 2 2 2 2 2 2 2 2 2 2 2 2 2 2 2 2 2 2 2 2 2 2 2 2 2 2 2 2 2 2 2 2 2 2 2 2 2 2 2 2 2 2 2 2 2 2 2 2 2 2 2 2 2 2 2 2 2 2 2 2 2 2 2 2 2 2 2 2 2 2 2 2 2 2 2 2 2 2 2 2 2 2 2 2 2 2 2 2 2 2 2 2 2 2 2 2 2 2 2 2 2 2 2 2 2 2 2 2 2 2 2 2 2 2 2 2 2 2 2 2
left_child=6 3 5 15 60 34 8 51 11 13 39 42 32 23 18 25 68 78 111 21 61 31 29 62 -25 64 -13 -9 48 -6 123 86 50 -12 35 -3 -36 -38 -39 -7 41 66 46 44 -44 70 102 -48 -29 56 -11 52 53 54 -8 -50 -33 58 -58 -49 -5 -21 74 91 121 85 -27 -31 -14 -42 71 72 73 -22 109 76 83 104 -18 -46 -28 82 -66 -30 -17 -41 -4 -56 -43 118 -91 92 -64 -37 95 96 97 -62 -99 100 105 -102 -1 -104 -72 -35 -51 108 -55 -10 -111 112 -15 114 -114 -79 -73 -106 119 -23 -120 -2 -123 -16 125 -125
right_child=1 2 19 4 22 10 7 27 9 12 33 26 16 14 30 84 17 -19 -20 20 45 89 -24 24 -26 40 80 28 75 67 -32 49 -34 99 36 93 37 38 -40 65 69 88 43 -45 79 -47 47 59 55 106 -52 -53 -54 107 87 -57 57 -59 -60 -61 94 -63 63 -65 81 -67 -68 -69 -70 -71 77 116 -74 -75 -76 -77 -78 115 -80 -81 -82 -83 -84 -85 -86 -87 -88 -89 -90 90 -92 -93 -94 -95 -96 -97 -98 98 -100 -101 101 -103 103 -105 117 -107 -108 -109 -110 110 -112 -113 113 -115 -116 -117 -118 -119 120 -121 -122 122 -124 124 -126 -127
leaf_value=-0.0086717576212775403 0.0025108157127492225 0.060735296231155457 0.039884172838381159 0.021537887899509632 0.0013211642595081735 0.022608414924867003 -0.0055509919320328093 0.00933259257837777 -0.0040777147955001567 -0.010766667728258001 0.018244587660449223 0.020363989278544329 0.0059180815436650387 -0.0098863952856452254 -0.0081917666031916542 -0.0090490387021213443 -0.050907502431080949 -0.0065597735879756357 -0.0085256160245858435 -0.015462332691551691 0.0026717902836480901 0.022400728692347462 -0.010134603645326533 0.0097763659443461451 -0.052563621580464764 0.0049849126663612043 0.0041345374856672137 0.00063604201130962551 0.021465872586094666 -0.013243504188731832 0.00751936448384871 0.0072108371297557681 -0.0078974086209476647 0.014721815234985159 0.0091574884354407894 0.0017088633013682432 0.012418327652795739 0.0024935795856756275 0.051713479073786768 0.0039539149555990081 0.03830676858055073 -0.00066388537204228209 -0.011475917857219678 -0.0050324138176410637 -0.0049876486052395815 -0.015701570923080624 -0.00051141937093702593 -0.04236579903938479 -0.020177294425581596 0.0052377087407848759 -0.034684785221221759 -0.0027486970675469524 -0.029432106378095273 -0.0035616756269164673 -0.029102090924551339 -0.004480003669931296 0.052653407991839742 0.0030300096521638756 0.008072241254590877 -0.0066893913822212428 0.0085952080963463597 -0.00063843000974416505 -0.0054557528750829778 0.00085031037693534834 0.030424635884604274 -0.0065310946467070259 0.025656612383702444 -0.0036283061818433741 -0.0029224321543468855 0.0020560081639217219 0.019286876982387055 0.0029279064226270979 -0.00094878905607960679 0.029995780471471219 -0.0060866357080741184 -0.00012565281664480947 -0.0047020109639933404 0.0049715419356354011 -0.0055620811998994355 -0.071021796312485078 -0.0035007022086487442 -0.0021058788716966348 0.0028297607979400298 0.0064669430429628782 0.0017612237306313912 -0.0065034943375897681 0.0037362046164506019 -0.0085421175441579341 0.0080852868441785072 0.010892093630224926 -0.0013040904132769373 -0.0061567021216258656 -0.021857944442622235 0.024103202566464959 -0.0029352009690917953 -0.0016935273981276426 0.001259767785430869 0.047790043637339082 0.010413248315198782 0.0033406036711706448 0.0077449977799817502 0.022274678738677417 0.020070163888250836 -0.00012297731742907554 0.0091619955771361176 -0.0010197880435216429 -0.0055136764570556003 0.0015944059040086148 -0.018213706544063957 -0.0088405486769624151 -0.032832457592390993 -0.0095919152021988301 -0.063509132771721183 -0.012671645925269003 -0.019868898863577341 -0.0040499674799655862 -0.014565590509995134 -0.010012559279207748 -0.010300598280691258 -0.00069206673898669321 0.0005415516393733708 0.035221753177078534 0.0086381844451719932 -0.046613600649261649 0.0015041382158524949 -0.0037236897584849004
leaf_weight=144.26516354968771 37.593235483858734 24.362878226558678 32.759543865220621 77.939931882661767 1258.3894402971491 50.718700132681988 248.27251369040459 473.53457693394739 64.116835423279554 162.64215318695642 389.67563808767591 79.086750893504359 401.83133317227475 48.053782130009495 192.38022832502611 213.45913327240851 24.109329946455546 218.88273874879815 105.43169432459399 285.69448406051379 92.793986760079861 64.647234656498767 1037.6402254590066 13.090332686319014 28.907921843812801 170.73688827292062 719.08743508229963 509.46861053688917 124.19207144435495 362.44335108646192 66.067835040041246 883.51727584342007 738.57890909863636 87.002920420607552 1693.3944582863478 86.795276618329808 445.91427567624487 21.646087081870064 62.624608086887747 1692.4172157525318 28.044085716479458 983.36989746929612 95.48914786381647 158.66610041807871 10.715942738344895 84.599243085132912 141.07296242017765 44.84599884704221 174.95532291871496 451.93382684979588 92.906512755667791 629.55287490121555 116.71779273613356 324.45331730751786 170.82267354603391 371.4844855266856 49.062411156017333 120.11456388200168 43.782813357305713 52.067225604318082 260.70442246610764 237.21176149509847 171.27258669887669 356.95296022493858 97.310249311150983 358.42441404319834 95.979427105747163 1289.1855559737887 1577.4338666326366 35.481388711137697 153.64561545161996 73.153345012688078 1059.5666915725451 40.12004802247975 187.0183130397927 1142.1933097265428 157.34747105836868 735.43897554103751 23.89227987988852 14.111675833119078 803.00179784663487 121.12231212365441 200.44858440069947 439.40695726289414 958.94902439008001 205.38925241411198 31.38898881082423 105.75253059784882 356.24178930977359 404.08727432624437 210.40593939868268 612.05213737138547 232.43354526336771 55.552462778170593 305.98236879752949 301.98859436577186 221.28915101394523 25.05998812476173 56.248547293827869 684.95716544636525 320.90488863026258 213.35462882637512 56.472779291216284 297.62116924405564 163.98231410677545 235.76022820430808 225.02988661080599 299.44345092470758 126.09784206748009 100.9496306150686 155.62394217029214 45.257362291682512 85.852475800667889 41.610510418540798 66.86237588932272 307.55589146935381 188.37698446784634 44.615047508501448 171.395301017561 111.23522344056983 1925.5596846144181 102.4146043282235 57.019753826083615 48.076748878927901 43.721761923050508 20.989314048551023
leaf_count=456 63 342 266 282 2556 227 650 1069 108 476 1214 353 816 221 397 475 288 457 256 855 177 263 2719 76 351 278 1533 1103 477 1044 166 1756 1595 249 3754 286 1304 38 534 3838 234 1958 301 444 39 297 274 339 659 822 586 1404 646 603 801 876 440 299 89 104 618 452 367 871 459 772 377 2670 3390 56 526 110 2011 231 461 2094 340 1658 84 308 1879 275 372 822 2116 475 65 320 788 1084 436 1465 920 248 533 500 469 277 136 1518 808 779 251 637 456 559 368 629 394 226 801 120 874 138 300 681 493 117 523 210 3911 561 130 434 87 61
internal_value=7.70199e-05 0.0033656 0.00497858 0.000596552 -0.00236125 0.00826865 -0.0054498 -0.00245541 -0.00733424 -0.00949936 0.00557452 -0.00238506 -0.0056928 -0.0139961 -0.0210542 0.00502955 -0.00285118 -0.0148144 -0.0290139 0.00229872 -0.000393552 0.00426807 -0.00477304 -0.0109611 -0.0361344 0.00776484 0.00140484 0.00127708 -9.19804e-05 -0.00279074 -0.0113639 0.00804867 -0.0118831 0.00985357 0.0129398 0.026556 0.0116416 0.0188169 0.0423302 0.00192247 0.00507386 0.00396545 -0.00826378 -0.0170655 -0.0294229 0.00120524 -0.00448517 -0.0134166 -0.00503907 0.0069567 -0.021708 -0.00866623 -0.0112476 -0.00905999 -0.0151194 -0.0101573 0.010161 0.0203886 0.0375856 -0.0283226 0.00519613 -0.00906859 -0.00994022 -0.00734875 0.0145824 0.0012152 0.0139442 -0.00590355 -0.00107258 0.0241045 0.00183827 -0.001066 0.000990493 0.014268 -0.0162798 0.00273489 0.0071397 0.00481812 -0.0376015 -0.0587201 0.000108603 0.00907216 0.0134732 0.010531 -0.000340846 0.00274776 0.0279315 -0.0225618 0.00175859 0.00181234 0.00680117 -0.0101942 -0.0156076 0.0127378 0.00368729 0.00605801 0.0101355 0.0154033 0.0302138 0.00748035 0.0105968 0.0142687 0.000184929 0.00415028 0.0115331 0.0039328 0.00158394 -0.00446924 -0.00839637 -0.0213739 -0.0249714 -0.0352813 -0.0387785 -0.0440436 -0.0497068 0.00227013 -0.0097684 0.00439568 0.00040128 0.00939489 -0.000447986 0.0240111 0.028102 -0.0157443 -0.0248762 -0.0378665
internal_weight=37432.8 23475.6 14820.6 8655.04 5196.87 6628.9 13957.2 5413.7 8543.5 5927 4238.61 2616.5 3240.28 2686.72 764.304 3458.17 2246.15 266.884 393.068 8191.67 3466.75 4724.92 3947.66 1922.42 41.9983 2285.76 1601.18 3392.58 2919.05 2910.02 371.236 1837.59 994.128 1931.66 2390.29 166.711 2223.58 530.185 84.2707 2306.95 1669.85 1606.33 1015.33 278.983 120.317 2943.85 736.345 237.986 1055.91 1773.44 255.549 2021.11 1391.56 1274.84 524.848 546.44 1096.48 212.96 92.8452 96.9132 1249.21 522.906 1880.42 1372.71 615.909 2256.23 266.716 1651.63 1979.27 63.5255 2859.25 1454.01 1192.48 132.914 507.709 1863.14 720.946 1405.24 48.0016 24.8276 1522.09 418.881 297.759 563.599 1172.41 1897.81 64.1485 276.575 1339.61 2887.33 614.493 1015.76 403.706 142.348 1171.27 865.291 563.302 342.013 81.3085 1541.98 857.023 534.26 498.359 354.094 362.243 322.763 676.964 749.995 450.551 320.69 256.574 287.637 242.379 194.325 152.715 1042.99 261.53 208.597 2272.84 175.882 2096.95 197.028 159.434 305.168 112.788 69.0661
internal_count=91684 55487 35541 19946 11804 16945 36197 12887 23310 16392 10439 6918 7692 8700 3054 8142 5035 829 1909 18596 8064 10532 8989 5646 427 5551 3765 7440 6371 6270 1145 4105 2657 5127 6506 876 5630 1876 572 5312 3691 3401 3153 1092 648 6757 2061 717 2638 3774 1062 5447 4043 3397 1771 1535 2584 828 529 443 2815 1307 5219 3623 1860 5085 655 3714 4206 290 6460 3022 2419 408 1596 3733 1639 3438 372 347 3412 1106 831 1299 2591 4313 331 1121 2746 6427 1520 2752 1287 534 2533 2000 1500 1031 413 3913 2395 1587 1344 888 1099 808 1190 1626 997 1135 1027 1653 1533 1312 1174 2339 603 573 4907 473 4434 754 691 979 582 495
is_linear=0
shrinkage=0.0200396


Tree=2
num_leaves=127
num_cat=0
split_feature=18 21 21 18 21 18 21 21 18 18 21 18 18 23 18 1 18 32 21 18 0 23 18 24 44 12 18 21 73 42 16 21 18 80 17 20 33 73 12 38 32 39 3 42 24 10 23 21 21 28 0 12 37 23 73 21 18 21 18 34 12 36 12 29 18 23 21 28 21 12 23 33 18 18 21 22 23 1 24 28 23 10 36 23 23 28 42 35 18 44 21 22 38 73 29 38 18 34 18 31 37 35 56 32 13 18 15 21 21 19 21 10 21 33 44 28 44 25 40 14 4 80 18 21 21 19
split_gain=1586.45 616.321 597.264 509.065 373.121 332.264 334.238 322.994 209.701 166.207 165.342 233.331 150.844 148.966 147.208 172.852 140.761 172.877 130.39 124.285 143.377 136.61 102.905 125.854 99.8736 99.5069 111.129 127.551 99.0578 106.596 119.826 97.5261 116.876 107.022 97.159 95.8059 101.126 104.662 94.7964 109.767 88.248 87.2604 87.2418 84.9705 84.5688 82.8885 79.4765 79.0801 78.1127 83.5814 74.443 72.5503 72.5029 98.2808 94.25 72.4934 115.831 123.929 93.7195 70.9088 70.8912 62.6664 62.4891 61.6104 61.3753 61.2639 92.1853 58.7208 58.7623 58.7079 58.5641 58.252 56.9426 56.6392 56.4142 85.099 56.363 56.2744 55.6562 56.3142 55.1561 73.0963 54.8818 54.5783 53.9105 53.405 52.2616 52.0564 51.8203 51.9911 51.2539 48.8111 54.7208 48.0653 46.8194 45.6379 73.1784 51.1217 48.0228 45.2673 48.5102 45.2435 44.4414 43.4268 42.9786 68.0039 42.6627 41.9002 41.444 40.7889 40.4649 40.2965 39.6604 38.9051 48.4837 43.8187 60.2988 38.8382 42.1784 38.688 37.7541 37.1868 41.2333 37.0754 36.6613 44.2193
threshold=-0.045163672417402261 -0.054201411083340638 -0.050513148307800286 0.071790568530559554 0.16132135689258578 -0.19699198007583615 -0.21905067563056943 0.046504169702529914 0.15422734618186953 0.038615768775343902 -0.31526620686054224 -0.39823217689990992 1.0000000180025095e-35 0.015554804820567371 0.14187081903219226 -0.044034091755747788 -0.09855287522077559 0.1771187707781792 -0.52309173345565785 -0.082451522350311265 -0.11789772659540175 0.071977116167545332 0.20682264864444735 -0.020706900395452973 -0.36133590340614313 0.032683486118912704 0.30853129923343664 0.22033354640007022 0.16021387279033664 0.15706718713045123 0.3406266868114472 -0.50513148307800282 -0.5655512511730193 0.12496355548501016 0.42945490777492529 -0.20459371805191037 0.021553245373070243 -0.22074643522500989 0.46387615799903875 -0.79545453190803517 -0.34539401531219477 0.075197577476501479 0.17939373850822452 0.13789287954568866 0.54658523201942455 -0.20310875028371808 -0.14122876524925229 0.12475946173071863 0.05291853845119477 -0.26963223516941065 -0.063920453190803514 -0.13245412707328794 0.064191088080406203 -0.20348022878170011 -0.14824147522449491 0.59813982248306286 0.43864586949348455 0.35118664801120764 0.53065726161003124 1.0390422344207766 0.55561923980712902 -0.17132867127656934 -0.16915138065814969 0.11206046119332315 0.078054212033748641 -0.026682475581765171 -0.11577934771776198 0.04936413653194905 0.14849261939525607 0.32740825414657598 0.21051671355962756 0.5818956494331361 -0.10188202932476996 -0.31688533723354334 -0.011225144378840922 0.29807107150554663 -0.30176100134849543 -0.16051135957241056 0.46417084336280828 0.26198987662792211 -0.056043222546577447 0.15771592408418658 0.57692307233810436 -0.033918526023626321 0.050070675089955337 -0.0094728171825408918 0.49609956145286566 -0.41597495973110193 -0.33050926029682154 0.16037029027938846 0.54490056633949291 0.68744426965713512 -0.36961722373962397 0.24514081329107287 0.026103954762220386 -1.0000000180025095e-35 -0.2005786597728729 0.14857722073793414 -0.94762483239173878 -0.15026390552520749 -0.21882862597703931 -0.27621042728424067 -0.012886887881904839 -0.69702085852622975 0.29083733260631567 0.28552299737930303 -0.09651764482259749 0.026619628071784977 -0.099101990461349473 0.32694143056869512 -0.24663245677947995 0.4788831770420075 0.30307890474796301 0.1325308755040169 0.094427812844514861 -0.4013273417949676 -0.20458230376243589 -0.13961052149534223 -0.027877697721123692 0.19744744896888736 -0.47416162490844721 -0.069538958370685564 -0.03951717168092727 -0.41468890011310572 -0.323604866862297 -0.15484688431024549
decision_type=2 2 2 2 2 2 2 2 2 2 2 2 2 2 2 2 2 2 2 2 2 2 2 2 2 2 2 2 2 2 2 2 2 2 2 2 2 2 2 2 2 2 2 2 2 2 2 2 2 2 2 2 2 2 2 2 2 2 2 2 2 2 2 2 2 2 2 2 2 2 2 2 2 2 2 2 2 2 2 2 2 2 2 2 2 2 2 2 2 2 2 2 2 2 2 2 2 2 2 2 2 2 2 2 2 2 2 2 2 2 2 2 2 2 2 2 2 2 2 2 2 2 2 2 2 2
left_child=2 9 5 7 14 10 72 12 78 65 11 31 74 35 34 22 17 109 99 20 95 52 23 -16 -23 26 27 41 29 30 -15 32 59 -33 48 101 43 -38 69 -40 -17 -10 51 88 -24 -42 90 50 -5 60 -36 -19 53 -22 -55 56 57 80 -57 -1 -50 87 -29 -48 -52 103 -67 68 120 76 -14 86 77 84 117 -76 -11 110 -6 -80 81 85 124 93 -20 -27 -31 -47 89 -37 94 92 -9 -63 -28 97 98 -4 -97 -13 -101 -12 -35 -2 112 -106 -45 -72 -18 -8 -7 -100 -82 114 115 -78 -117 -3 -119 -34 -21 122 -68 -86 -79 -126
right_child=1 3 19 4 8 6 16 91 25 38 13 18 70 28 15 40 108 42 73 67 21 24 44 -25 -26 55 46 62 -30 71 -32 33 119 102 47 36 37 -39 39 -41 45 -43 -44 106 -46 61 63 -49 49 -51 64 -53 -54 54 -56 58 -58 -59 -60 -61 -62 83 -64 -65 -66 66 121 -69 -70 -71 107 -73 -74 -75 75 -77 113 82 79 -81 104 -83 -84 -85 123 -87 -88 -89 -90 -91 -92 -93 -94 -95 -96 96 -98 -99 111 100 -102 -103 -104 -105 105 -107 -108 -109 -110 -111 -112 -113 -114 -115 -116 116 -118 118 -120 -121 -122 -123 -124 -125 125 -127
leaf_value=-0.013734148972775192 0.019757836476746542 -0.0077398228903206943 -0.029809982390777486 0.0070191485351574967 -0.0079328995242463878 0.020208981267190541 -0.004814896763819498 0.0038093944936001835 0.0046099316488220294 0.0089747723314986972 -0.0072777000472139287 0.0085609380275351379 0.0017264499703192023 -0.074898684532098775 0.0094872252316349336 0.0035814890690889349 0.0049461925915033822 -0.044494584657785857 -0.00067071511561484182 0.0089010285967988205 -0.0095643312413291482 -0.020166851996387476 0.055524244268333793 0.040390163029440797 -0.074541305745308789 -0.015344559852371089 0.013290968861595786 0.010678144788614254 -0.003823709599928911 -0.015244938910871052 -0.010707342538602442 -0.04104561423480655 -0.0087542176943902986 -0.017711724210824009 0.01289517078160241 -0.038874615933635524 -0.011299305969724664 -0.04257336683630248 0.0059468200287394251 0.063422282794222171 -0.0040279016661925902 0.021046791467004118 -0.0045842366161119247 0.0010453330033925643 0.0016952873593332723 0.0033941256395284059 0.025116077622491823 0.0044277985643147522 -0.014740391069997291 0.002706029398467679 0.0066560877357554806 -0.01393946623804135 -0.0034034540735685742 -0.0099403377090698884 -0.055881463406989434 -0.014168407717059323 0.010692329509322815 -0.0065039130879530694 0.0013463443927221805 -0.0020567920926010839 0.0055701229342541335 0.010656657079387037 -0.0018928630518848916 0.0092566107098765293 0.055127646494586117 0.030097990677656214 0.0040262645796878341 -0.014166535883601205 -0.019739162871388688 0.0006368716423520638 0.01220335418624185 0.0020903376498817069 0.024273222912248055 0.0044812098294819283 -0.0045464563996906026 -0.02311145737285213 0.011998436923518535 0.011864280405550513 0.0043481385575785091 -0.0061109819285564164 0.016311950186879198 0.0093982853430366036 -0.0063196514685452841 0.018998134184807926 -0.004742406578108949 0.00068778127525470471 -0.036335612593078707 0.045191540420409904 -0.009323463815748478 -0.0053244892613426385 -0.0023870065556225919 0.00010476665740394453 -0.010275475227645599 -0.0038873827087355238 -0.0018826056322503344 -0.0017918810285610391 -0.0075770297727764157 -0.0085497756094044166 -0.042007619034047136 0.0023505750409079902 0.043605436848188059 0.003569907577621676 -0.0032061814591270296 0.0045489876466651416 -0.00024507403034679909 0.017062882357307602 -0.010181660920856851 0.0026737842294283966 -0.0012309060065925316 0.0033564420699007365 0.0051342681351844851 -0.011942048838438135 0.0025676063159806028 0.012519570415842328 0.014523739974448521 0.010817184698242567 0.053244575929745401 -0.0024601570900904279 0.0060463087318785597 0.003669161928625131 -0.0041605192642255907 0.0061389471452625455 0.021018705106516097 -0.024922844287114661 0.013212794495049748 0.00060198241670740072
leaf_weight=661.3588357885601 59.29079756361898 204.91679482941981 125.56840324378572 1392.1555245523341 982.46165148844011 174.9376363264164 2049.9376942375675 103.44372583378572 396.44667172804475 231.84140963782556 244.83550550881773 123.98617123009171 1441.4904946380993 13.078253864194265 268.19399713375606 768.9304960956797 778.39825016865507 55.037127533578314 522.1870753641706 84.702748997951858 106.19747508619912 55.413344272063114 42.586339000263251 50.664706892683171 25.383503086748533 148.38098781404551 295.92882168048527 154.79015338199679 138.62883489462547 303.71444265218452 31.17886465031188 43.51323027908802 101.39529409003444 190.74784310837276 311.88838892825879 43.365527408081107 153.91262442432344 55.541027759201825 27.147868449101225 19.775337634258904 103.00479764956981 184.42051390302368 107.81463105487637 381.11427804990672 15.925454433774574 21.48173691437114 192.47274362877943 335.88235731783789 202.75105098087806 1316.5770990304882 24.551861507585272 111.15176172473002 90.341415860923007 42.548476307769306 40.871437258203514 260.09430136415176 467.01913883921225 756.51918150554411 335.0368527910905 316.24728231842164 82.173379087704234 718.9935234390432 1333.8614946950693 270.62225801777095 16.181746204150841 89.010003092233092 100.83509292139206 437.27055708656553 61.128429328207858 85.282256134436466 468.30829148250632 43.098311865818687 63.000061951694079 560.14979051414412 742.16731141274795 94.308890804531984 50.008620190317743 305.51419424684718 399.43905058444943 377.87177171814255 215.20195781451184 120.89628300035838 137.619290662813 343.01080776238814 107.02894432342146 153.8056116810767 64.943231249111705 24.534035002463497 246.66355596412905 38.017746896948665 205.62890621239785 230.01186681655236 2004.4016035766108 89.520183048327453 99.764146209694445 37.064729936071672 651.60743467579596 104.76490138785448 39.201898982049897 19.141722801839933 21.269554035156034 336.6571034307126 163.33356622350402 1225.847474534763 547.36489989771508 83.841380367171951 181.68532459100243 327.36741394491401 933.07908690057229 258.68514675518963 147.33019595651422 65.226822896278463 147.95946096384432 180.98044478578959 133.36833847640082 33.838780265068635 60.798346918076277 485.8764563773293 408.10789569979534 471.59574477607384 447.93061688588932 511.70776409038808 174.88021554262377 47.109731413424015 119.11156281246804 514.5084088552976
leaf_count=1895 245 402 649 2954 2456 565 4510 237 810 562 524 355 2903 347 715 1594 1626 413 1251 225 305 211 442 360 463 429 766 389 321 886 81 350 231 632 755 331 409 410 57 330 198 611 210 687 22 38 773 529 564 2873 49 315 186 124 473 661 1142 1742 728 800 147 1609 2680 548 281 439 195 1176 251 199 1098 102 276 1146 1863 387 128 740 729 669 661 389 232 1033 180 212 431 270 541 105 360 452 5158 250 158 79 1688 300 380 30 240 779 367 2548 1082 254 469 552 1722 546 317 191 227 499 340 95 533 920 808 1077 954 889 578 250 336 987
internal_value=5.5176e-05 0.00319367 -0.00534372 0.00196276 0.00408081 -0.00340603 -1.58897e-05 -0.00267244 0.00125772 0.0116718 -0.00685826 -0.00397639 0.000672956 -0.0110088 0.00780454 0.0116124 -0.00283807 -0.00577218 0.00223616 -0.0143479 -0.0182979 -0.0291643 0.0238277 0.0169269 -0.0504036 0.00295005 0.00548105 0.00271262 -0.0195263 -0.0238657 -0.0492915 -0.00842148 -0.00597204 -0.0170692 0.00521325 -0.00775991 -0.0111761 -0.0231376 0.0193036 0.0433357 0.00913263 0.0104678 -0.0201631 -0.00781971 0.0454977 0.0122834 0.0106768 0.0118926 0.00359066 0.000544269 0.0182544 -0.0284221 -0.0195211 -0.0259198 -0.0399066 0.000473926 0.00190788 -7.14618e-05 -0.0056997 -0.0101023 -0.00884219 0.0137528 -0.000426601 0.0167726 0.0391064 0.00858299 0.0126602 -0.00874517 -0.00433945 0.0165793 0.00419779 -0.0185423 0.00817806 -0.000116698 -0.00339701 -0.00723998 0.0184537 0.00704745 -0.00481964 -0.00075702 0.00340591 -0.00253123 0.00464533 0.0122877 -0.00396396 -0.00769306 -0.0209787 0.0334102 -0.0155615 -0.0279727 0.00550805 -0.00859424 -0.00954159 0.00896301 0.00953688 -0.0138798 -0.0109709 -0.0218733 -0.0231613 0.017736 0.0321562 -0.00109366 -0.011674 0.00561326 0.0059451 0.00259044 -0.00283597 0.00848292 0.0016011 -0.003869 0.0141623 -0.0290076 0.0112308 0.0225456 0.0275429 0.0357468 0.0433271 -0.000372466 0.00146779 0.00117971 -0.00176526 0.00984126 0.0156343 -0.0134706 0.00638365 0.00339022
internal_weight=37550.7 23753.8 13796.8 20769.2 14258.8 11381.6 5756.13 6510.4 8129.83 2984.61 5625.5 3349.06 4172.54 2276.43 6129.01 2446.85 4294.1 2582.63 1400.87 2415.22 1384.19 360.756 377.37 318.859 80.7968 6370.06 3133.94 2069.52 594.642 456.013 44.2571 1948.19 1550.6 397.595 3682.16 1681.79 1100.3 209.454 823.041 46.9232 2069.48 580.867 274.004 890.846 58.5118 1300.55 1064.42 688.504 2993.66 1601.5 352.622 166.189 279.959 189.617 83.4199 3236.12 2640.99 2173.97 595.131 977.606 284.924 1197.54 1488.65 463.095 40.7336 2161.57 876.433 1031.03 593.762 776.118 2237.17 411.756 1462.02 1236.48 1935.38 836.476 690.836 1399.02 1759.77 777.311 1417.45 423.083 1076.75 1151.52 676.326 302.187 368.658 46.0158 328.047 81.3833 601.322 2337.86 2107.85 808.514 395.693 1023.43 793.101 230.333 141.493 164.397 40.4113 581.493 354.081 1285.14 994.368 631.206 562.8 795.676 1711.48 2308.62 322.268 104.429 363.161 458.995 278.014 144.646 94.6371 1098.9 893.984 572.991 532.633 787.423 275.715 154.139 939.134 633.62
internal_count=91253 55576 35677 47939 33159 28022 12795 14780 18476 7637 15227 8804 8933 6423 14683 6531 9342 5994 3452 7655 5049 1762 1539 1075 674 14622 7095 4490 2168 1847 428 5352 4003 1349 8152 4255 2952 819 2743 387 4992 1421 938 2133 464 3398 2605 1614 6538 3584 1085 728 1088 902 597 7527 6138 4996 1389 2695 711 3200 3069 1321 330 4894 2101 2606 1430 2356 4553 1419 3453 2827 4380 2250 2157 3177 3854 1398 3254 1030 2295 2892 1681 641 1317 308 977 436 1284 5847 5395 1859 924 3287 2338 949 650 625 270 1303 999 2793 2224 1336 1156 1650 3348 5056 882 571 888 1595 1096 756 628 2130 1728 1308 1179 1662 773 430 2063 1323
is_linear=0
shrinkage=0.0200396


Tree=3
num_leaves=127
num_cat=0
split_feature=18 21 21 18 18 21 21 21 18 18 21 28 18 18 18 0 23 18 18 23 14 30 40 12 18 21 32 17 42 44 18 19 32 21 39 14 4 18 44 12 29 17 21 23 34 39 18 21 11 28 29 23 18 14 21 18 11 44 21 28 21 18 21 18 18 1 42 21 80 17 28 3 10 23 10 28 21 10 21 23 0 23 12 21 21 22 84 29 73 35 23 73 1 21 38 22 28 29 80 19 32 21 5 3 80 22 21 11 20 19 39 4 19 19 40 57 20 11 12 12 56 12 21 19 4 21
split_gain=1558.99 574.826 560.763 463.101 363.494 353.424 308.147 295.926 217.794 204.029 183.25 204.072 195.484 177.666 165.095 154.188 143.844 132.888 129.567 167.668 148.552 107.62 107.177 100.303 94.504 134.739 93.7673 92.616 92.423 91.893 90.1686 100.31 236.675 78.3586 77.3242 76.6455 84.2282 76.155 132.209 218.719 136.205 80.1632 75.6038 73.5747 72.7615 72.3325 71.8614 70.2915 70.0521 69.8194 69.3612 68.7976 68.1812 64.2036 63.7802 73.1587 63.16 62.6053 61.6632 74.3072 61.495 105.836 121.773 101.646 59.2161 57.9231 57.8443 57.5804 84.8335 57.2698 60.4422 54.7002 111.695 54.5096 84.0582 63.6412 58.269 54.3185 86.7549 74.7323 70.5928 53.6148 53.3142 51.9603 51.2069 77.8772 49.8437 48.9749 48.4536 47.2793 45.9599 45.4594 48.8927 45.4316 45.4164 45.9077 44.5837 62.7783 56.3267 43.7404 76.2001 43.5116 43.4129 45.6847 56.3268 43.1629 42.1237 42.0246 56.978 41.6747 41.5865 40.8668 49.3409 40.3723 39.9716 42.7265 39.7286 53.6307 39.1693 127.242 68.0851 82.3089 55.0667 42.7382 38.9872 39.591
threshold=-0.045163672417402261 -0.056125720962882035 -0.078576009720563875 0.071790568530559554 -0.25816884636878962 0.16132135689258578 0.044579859822988517 -0.22418217360973355 -0.094419144093990312 0.15422734618186953 -0.3871071189641952 0.055247748270630843 -0.5655512511730193 -0.11247460171580313 0.038615768775343902 -0.12926135957241056 0.077678311616182341 1.0000000180025095e-35 0.14698633551597598 -0.01612245291471481 -0.12987987697124478 -0.11689102277159689 0.30845323204994207 0.032683486118912704 0.30853129923343664 0.21648492664098742 0.10657956078648569 0.42945490777492529 0.36717376112937933 0.021872271783649925 -0.2005786597728729 -0.13648257404565808 -0.065650206059217439 0.046504169702529914 0.035929553210735328 1.2439939975738528 -0.39595885574817652 -0.33050926029682154 0.030556644313037399 0.31364679336547857 -0.23683237284421918 -0.14738242328166959 -0.12604233622550962 -0.14122876524925229 0.3676865845918656 0.057072600349783904 -0.5655512511730193 -0.06767158210277556 0.051456606015563018 -0.26085181534290308 -0.25260661542415613 -0.20348022878170011 0.16469004750251773 -0.029279279522597786 -0.52309173345565785 -0.39823217689990992 -0.23011341691017148 0.14370642602443698 -0.023412443697452542 0.043300671502947814 0.59813982248306286 0.43864586949348455 0.41853751242160803 0.53065726161003124 -0.39823217689990992 -0.069602273404598222 0.36717376112937933 0.12475946173071863 0.043147023767232902 0.42945490777492529 0.17323668301105502 0.12502200156450274 0.64470174908638012 0.015554804820567371 0.15771592408418658 -0.016165135428309437 0.22033354640007022 0.29878871142864233 -0.11257216334342955 -0.13025902211666104 -0.26278407871723169 0.19573260098695758 0.55561923980712902 0.54490056633949291 -0.011225144378840922 0.23618373274803164 0.28934720158576971 0.11206046119332315 0.052640372887253768 -0.25428913533687586 -0.12560433149337766 0.089396376162767424 0.36221592128276831 -0.15169981122016904 -0.43181818723678583 0.68744426965713512 -0.19381097704172132 -0.38141913712024683 0.94636985659599315 -0.22178896516561505 -0.11175785586237906 -0.25304682552814478 1.0000000180025095e-35 0.25294875353574758 1.1794435381889345 -0.035714063793420785 0.088197562843561186 0.19936111569404605 0.05776606127619744 -0.12456032261252402 -0.060996146872639649 -0.14091055840253827 -0.113651055842638 0.14541483670473102 0.15017985552549365 0.11042733490467073 0.05629320070147515 -0.12518841028213498 -0.070527523756027208 0.024655963294208053 0.22676702588796618 -0.06479357928037642 0.20814624428749087 -0.10535934939980506 -0.34561544656753534 0.016356638632714752
decision_type=2 2 2 2 2 2 2 2 2 2 2 2 2 2 2 2 2 2 2 2 2 2 2 2 2 2 2 2 2 2 2 2 2 2 2 2 2 2 2 2 2 2 2 2 2 2 2 2 2 2 2 2 2 2 2 2 2 2 2 2 2 2 2 2 2 2 2 2 2 2 2 2 2 2 2 2 2 2 2 2 2 2 2 2 2 2 2 2 2 2 2 2 2 2 2 2 2 2 2 2 2 2 2 2 2 2 2 2 2 2 2 2 2 2 2 2 2 2 2 2 2 2 2 2 2 2
left_child=2 14 4 6 10 18 17 28 15 69 12 37 35 26 77 30 34 84 27 99 -21 86 57 24 25 45 66 33 29 101 46 32 -32 -5 51 36 71 38 39 40 -12 96 110 83 52 -11 -4 -18 -27 82 -48 -17 -22 -44 55 105 -34 -13 -10 124 61 62 73 -62 -56 -41 -9 68 -29 118 -71 72 -1 74 75 -25 -75 78 79 -2 -81 116 106 -26 -3 111 -16 -45 -61 -78 -57 -33 -93 -39 -8 -96 97 -40 -99 -20 -101 -6 -43 104 -104 -14 -35 108 -51 -102 -28 112 -86 -114 115 -55 -19 -118 123 120 121 -120 -121 -7 -60 -126
right_child=1 3 8 5 7 9 94 13 58 23 11 22 54 -15 21 16 47 81 19 20 44 -23 -24 60 43 48 42 67 -30 -31 31 91 56 49 -36 -37 -38 93 41 65 -42 102 53 87 -46 -47 50 -49 -50 107 -52 -53 -54 114 64 90 -58 -59 59 88 63 -63 -64 -65 -66 -67 -68 -69 -70 70 -72 -73 -74 76 -76 -77 89 -79 -80 80 -82 -83 -84 -85 85 -87 -88 -89 -90 -91 -92 92 -94 -95 95 -97 -98 98 -100 100 109 -103 103 -105 -106 -107 -108 -109 -110 -111 -112 -113 113 -115 -116 -117 117 -119 119 122 -122 -123 -124 -125 125 -127
leaf_value=-0.063252197235206059 0.0080967081553834277 -1.2359641146656536e-05 -0.0049888166583193019 0.0073622435405317427 0.024110137164596739 -0.015730761852887885 0.0047666449046384609 -0.0016703318872307445 -0.0035571803825191857 0.0055085944775803385 -0.013566521497928717 -0.064316479881456931 0.0035158903197703801 0.0025065485711298395 0.054936506733468803 -0.0094960726020461989 -0.013617551717994185 0.0050459329632359211 0.0003095034901461926 0.0079210353380993973 0.021353517147180191 0.015397025391314293 -0.0049749774154366029 -0.014410285750883814 0.0090928465560860382 0.012339705589800104 0.00039135860289426046 0.02950464103239642 0.0020536528952126098 0.0057754074152037409 0.0019240775977840384 -0.0039811917565951678 -0.0076334863826693607 -0.0054443341222392607 -0.0039196286851727082 -0.0024462360256372827 -0.010083444713400443 -0.0030868414778993944 -0.00066424417076382911 -0.025025865442799153 -0.069013337698128563 0.00042638034597047158 -0.0090865505044292975 0.022984160674144292 0.005210405160368972 0.021332249934744335 -0.014732261472541648 -0.049542516601042981 -0.0016121113007759151 0.010494311102098997 -0.043091389921510695 -0.032294046649315185 0.046933167807811024 -0.054285651223597943 -0.010321318617160029 0.0072566730895144487 -0.069768570899984422 -0.0072998734402468192 -7.3618232492131367e-05 -0.029675209324889356 -0.014341509980539444 0.0099289134729623682 -0.010345147625890826 0.0018444434053036126 0.00066336525555838778 -0.00093740487165830529 -0.010489404483001842 0.0047469465361917682 0.0094242580423914493 0.0063381122690379325 -0.0048342249655754406 -0.010626734979149399 -0.0092444402374776222 0.018610788689410834 0.0064579091533141586 -1.2672273816082257e-05 -0.0010725299209019355 0.0027216857920325352 0.0070797378261163333 0.0051464074280418298 0.032479330687951086 0.0084356499233013988 0.0055141558398449494 -0.0031141365334381556 -0.011800028375883863 -0.018936366653340659 0.016992663291284814 0.009036151047275346 -0.0097107688441683254 0.0074164632669659388 0.030632848801328178 -0.027499758982153302 -0.0042660845802193221 -0.015797439425248496 -0.0094069948997828508 6.0743774013093478e-05 -0.0023470120553860906 -0.049598851971190419 -0.0052194024301558516 0.0062446266473450644 0.008142779103168277 0.00826200931865766 -0.036387831083276055 -0.0041836175654884475 -0.00079379928669817636 -0.010794419272334552 -0.023594747946653647 -0.0027635022769350709 0.0010155686378316639 0.022725701214722605 -0.011052511608409265 -0.0070803426597930005 0.011706203229467842 -0.0054085629125071076 -0.0076155731544221544 -0.0071486522983419364 0.0042842604181291639 -0.0067603411605881725 -0.0018130167950037646 -0.0013722269615601963 -0.0056369472412908968 -0.058121350314867343 -0.014324103478039966 0.0010332978441269904 -0.0023938333028569333 -0.016826248230540967
leaf_weight=18.390584326465614 217.08941388153471 1157.7325810117181 84.011711105820723 1253.9954910894157 216.284374775365 51.237146177561954 91.505587186897174 1510.7552211564034 983.5273939591134 352.36446273664478 45.472052089986391 32.4561190669192 468.20848424837459 1571.086419360945 31.04420215706341 121.99824071361218 54.524489188101143 731.7379065399291 266.7335619458463 280.43519865104463 213.87692890851758 713.75662216602359 31.508358638850041 221.09875813429244 393.8825953664491 135.96535421267617 175.96739710844122 115.15365843160544 961.54149312106892 634.30155970074702 52.957866993616335 677.56874198350124 15.673157890210858 192.56664167146664 133.02966083260253 347.54191230086144 600.51725933165289 623.92286829627119 24.09723212372046 38.705243534292094 39.309116827091202 276.23637929698452 105.95871030574199 209.64724324573763 59.618391929310746 170.75451600388624 122.79596748750191 113.35733042773791 1387.0749179928098 404.02122557372786 69.174662421224639 138.2075648161117 89.849497986258939 26.05851915362291 275.64699286338873 130.69811231829226 17.150037025683559 16.851306016440503 227.74467142182402 101.68093057721853 250.8289371257415 490.01060008443892 365.09880904678721 344.56502970680594 560.02540762315039 115.53314341919031 352.87910707190167 353.00224616844207 321.9078569333069 281.85878369153943 505.50070117844734 73.852066375082359 39.789521228638478 86.306850136141293 263.42467174015474 248.43310439994093 516.35499350517057 549.90664889651816 1163.967902007862 62.146326291607693 149.90176154207438 788.48857833945658 83.556670000427403 193.08148402848747 50.575532733113505 140.06033090176061 64.820426844409667 278.08455008780584 141.60794255859219 497.44975723419338 36.11097575048916 55.333462625974789 87.817352113197558 119.34592720284127 2143.6942999424646 223.66012329107616 37.852933331858367 30.985901477863081 22.459271735046059 1114.7640110983048 186.57835049915593 151.32153442606796 26.86462860647589 159.1877621159656 29.169711832189932 77.188867667573504 59.326901312917471 382.73786821227986 647.09277462877799 202.91706677700859 403.53733630804345 433.13989134703297 157.22970632580109 60.985405802959576 29.719265648745932 18.974739377852529 307.5932612727629 352.46682036097627 15.321806520223616 325.97157324827276 35.512467302149162 23.622844201745465 205.03307642682921 288.32308981695678 143.51416986866388 168.39796837011818
leaf_count=322 534 2207 223 2701 832 208 213 3140 1931 723 146 471 1038 3159 366 352 159 1538 500 677 795 2105 70 640 906 421 307 544 1824 1401 99 1568 41 342 294 794 1676 1299 33 240 535 564 273 780 97 583 417 849 2721 872 519 762 651 317 670 343 345 44 508 484 644 1158 967 760 1329 240 822 557 668 535 884 178 86 331 646 426 860 1092 2320 112 736 1629 152 354 195 488 222 549 367 1115 231 264 224 327 5346 450 58 326 53 2553 388 391 225 360 53 196 290 735 1470 725 1050 955 399 198 65 53 605 668 20 586 70 372 552 620 272 580
internal_value=5.93498e-05 0.00316103 -0.00525647 0.00199005 -0.00291533 0.00401103 -0.00237999 0.00020863 -0.0121611 0.00125271 -0.00736996 -0.0125255 -0.00400725 -0.00279336 0.0114041 -0.0171724 -0.0258603 0.000933548 0.00759459 0.0112281 0.0198859 0.0190737 -0.03999 0.00290395 0.00546201 0.00287047 -0.00596545 0.00523582 0.00658383 0.0107757 -0.0126116 -0.00911435 -0.0272973 0.00358057 -0.0173837 -0.0104479 -0.0140394 -0.0105455 -0.0146262 -0.026727 -0.0488063 -0.00901163 -0.0118044 0.0102175 0.0280488 0.011394 -0.022413 -0.0410294 -0.000183787 0.000831665 -0.0286292 -0.0233258 0.0318224 -0.0225355 0.000572292 0.00489784 -0.0557034 -0.0535462 -0.00704751 -0.011182 0.000447942 0.00174814 -0.000159149 -0.00524576 -0.00313441 -0.00963081 -0.00345911 0.0112629 0.0159935 -0.00480206 -0.000753531 -0.0276518 -0.0398372 0.00197278 -0.00220634 -0.00717251 0.00475522 0.00832453 0.0101839 0.0177617 0.02581 0.00433454 -0.00707566 0.005096 -0.00277617 -0.00646121 0.0378124 0.0158397 -0.0199861 0.00315874 0.0155693 -0.00647402 -0.0159312 -0.00557722 -0.00797212 -0.00851509 -0.0225333 -0.0295317 -0.0383302 0.00785227 0.00915851 0.0185015 -0.00490854 -0.0111481 -0.0236395 0.00109775 -0.0114358 0.00277521 0.0048204 0.016628 -0.00768153 -0.00341345 0.00255734 0.00679618 -0.0347288 -0.0437837 0.00190152 -0.00162564 -0.0080663 -0.0110436 -0.0321402 -0.0450499 -0.00679767 -0.00236053 -0.0065167 -0.0108493
internal_weight=37922.8 23956.4 13966.4 21003.8 10456.3 14364.9 6638.87 6158.39 3510.07 8136.81 4297.93 1669.96 2627.97 4194.94 2952.63 1743.6 561.117 4180.01 6228.13 2414.77 643.78 809.621 80.8158 6404.43 3120.86 2046.16 2623.85 3813.36 1963.45 1001.91 1182.48 906.501 85.7811 3023.3 393.235 1080.09 732.549 1589.14 845.873 239.02 84.7812 606.854 760.216 1074.7 363.345 523.119 275.982 167.882 1523.04 1769.3 191.971 260.206 303.726 180.711 1547.88 712.206 32.8232 49.3074 1766.47 782.946 3283.57 2688.18 2198.17 595.394 835.672 154.238 1863.63 790.064 437.062 1732.38 787.359 132.032 58.1801 1833.07 732.957 469.532 1100.11 2143.01 1593.11 429.138 212.048 2180.29 335.45 586.964 1999.72 841.991 95.8646 487.732 243.289 1013.8 166.809 820.72 143.151 743.269 2458.86 2367.35 115.395 77.5424 53.4452 1770.99 1504.26 367.606 491.458 215.222 56.0343 545.397 251.894 1433.85 1051.11 389.495 579.505 701.931 268.791 218.215 74.7525 45.0333 1391.8 660.06 945.022 605.462 74.4571 38.9447 531.005 339.56 539.657 311.912
internal_count=91325 55526 35799 48039 25541 33148 14891 13634 10258 18431 11907 5044 6863 9186 7487 6116 2416 8882 14717 6386 2220 2693 585 14584 7037 4448 6027 8331 4448 2624 3700 2541 485 6562 1408 3056 2262 4459 2833 1161 681 1672 2065 2589 1543 1306 1159 1008 3142 3861 936 1114 1446 708 3807 1808 386 515 4142 2211 7547 6143 4985 1404 1999 480 3962 1769 1212 3847 1419 586 408 4018 1712 1066 2306 4794 3702 1382 848 4440 784 1260 4442 2235 588 1329 851 1975 574 2056 488 1626 6009 5796 470 412 379 4166 3666 1223 1202 638 278 1234 632 3077 2342 1113 1357 1747 792 597 435 370 2811 1273 2428 1600 462 392 1138 828 1360 852
is_linear=0
shrinkage=0.0200396


Tree=4
num_leaves=127
num_cat=0
split_feature=18 21 21 18 18 21 21 21 18 18 18 18 21 18 28 18 41 18 1 40 12 17 12 18 21 32 3 39 14 5 19 38 38 32 10 21 42 73 42 69 44 21 28 29 18 36 18 24 21 23 10 39 34 21 14 42 12 4 18 18 21 28 10 9 21 43 24 28 5 23 18 12 23 73 18 0 18 29 21 10 80 38 4 21 30 21 80 28 15 19 12 23 21 30 4 19 12 19 38 30 9 5 23 39 73 44 73 25 44 29 28 12 29 41 18 1 36 1 21 21 21 3 4 20 29 13
split_gain=1501.1 550.108 526.714 459.516 358.903 323.477 290.75 277.125 204.195 184.173 173.83 170.173 168.612 209.864 158.402 128.418 126.626 126.431 148.577 105.777 101.48 100.918 93.8637 89.8447 116.958 84.2847 82.5355 107.552 82.0012 79.2775 104.648 220.803 79.174 78.5035 83.5292 77.1255 75.7936 89.4816 75.0789 73.9835 71.9629 71.9134 78.0087 69.6209 68.9352 79.7119 68.5773 111.629 66.877 66.8308 65.9221 65.136 63.3854 62.9402 69.5056 62.1448 61.193 60.8917 60.1653 58.5837 121.016 73.645 71.5524 57.2809 56.4944 58.0535 55.5933 54.7289 54.5827 53.3276 53.1223 52.9052 52.7793 67.854 63.0629 52.6968 57.351 68.2095 92.1478 91.6295 64.1684 52.4466 52.181 50.5153 73.6885 49.4031 57.0362 49.1061 48.2084 48.0535 75.9555 46.9603 46.8855 46.8161 45.1484 55.774 45.0612 44.0681 42.7691 42.7467 42.6241 41.7267 55.5576 49.6331 53.9266 51.2349 41.3057 41.1651 40.791 40.775 40.1983 39.7636 38.6689 38.4535 65.4191 121.577 96.4912 62.4827 51.1806 44.8922 38.4459 38.162 37.6109 37.5365 37.3644 37.3423
threshold=-0.045163672417402261 -0.054201411083340638 -0.078576009720563875 0.071790568530559554 -0.25816884636878962 0.16452854871749881 0.046504169702529914 -0.21905067563056943 0.15422734618186953 -0.094419144093990312 0.038615768775343902 -0.11247460171580313 -0.41468890011310572 -0.5655512511730193 0.055247748270630843 1.0000000180025095e-35 0.13097696751356128 0.14187081903219226 -0.061079544946551316 0.30845323204994207 0.46387615799903875 0.42945490777492529 0.032683486118912704 0.30853129923343664 0.22033354640007022 0.10657956078648569 0.37866973876953131 -0.14487645775079724 1.2439939975738528 0.37500000000000006 -0.073122270405292497 0.57296648621559154 -0.65909090638160694 -0.3769537210464477 -0.20310875028371808 0.12475946173071863 0.09987813234329225 0.025909959338605407 0.36717376112937933 0.12744165211915973 0.064228463917970671 0.046504169702529914 -0.26085181534290308 -0.016582334414124485 -0.37081009149551386 0.24825175106525424 0.20682264864444735 -0.020706900395452973 -0.023412443697452542 -0.13467267900705335 0.033098373562097556 0.057072600349783904 0.008536384906619789 -0.12604233622550962 -0.029279279522597786 0.36366800963878637 -0.16915138065814969 -0.30144415795803065 -0.2005786597728729 0.51945495605468761 0.59813982248306286 -0.016165135428309437 0.1322080343961716 -0.0021207112586125727 -0.58402821421623219 -0.26969252526760096 0.46417084336280828 -0.035381685942411416 0.37500000000000006 -0.079098343849182115 -0.66585803031921376 0.55561923980712902 -0.01612245291471481 0.24514081329107287 0.1756282448768616 -0.095170453190803514 -0.03951717168092727 -0.27418446540832514 -0.13694676011800763 0.25950837135314947 -0.12113339826464652 -0.18062201142311093 -0.50407540798187245 -0.011225144378840922 0.32841473817825323 -0.25304682552814478 0.32120524346828466 0.17323668301105502 0.60458651185035717 -0.11896479129791258 0.094610091298818602 0.21051671355962756 0.54490056633949291 0.065179865807294859 -0.085229709744453416 -0.113651055842638 -0.22075688093900678 0.7334430217742921 -0.46531100571155543 0.70172697305679332 0.38361367583274847 1.0000000180025095e-35 0.22231548279523852 -0.13415716588497159 -0.32194116711616511 0.16571383923292163 -0.14119183272123334 -0.16510188579559323 0.14024860411882403 0.026103954762220386 -0.44502423703670496 -0.26662844419479365 -0.40082852542400355 0.045339120551943786 -0.33050926029682154 -0.08664772659540175 -0.15034965425729749 0.32812500000000006 -0.3871071189641952 -0.3871071189641952 0.46792815625667578 0.15633092820644381 -0.33955840766429896 0.05629320070147515 -0.38141913712024683 -0.13482383638620374
decision_type=2 2 2 2 2 2 2 2 2 2 2 2 2 2 2 2 2 2 2 2 2 2 2 2 2 2 2 2 2 2 2 2 2 2 2 2 2 2 2 2 2 2 2 2 2 2 2 2 2 2 2 2 2 2 2 2 2 2 2 2 2 2 2 2 2 2 2 2 2 2 2 2 2 2 2 2 2 2 2 2 2 2 2 2 2 2 2 2 2 2 2 2 2 2 2 2 2 2 2 2 2 2 2 2 2 2 2 2 2 2 2 2 2 2 2 2 2 2 2 2 2 2 2 2 2 2
left_child=2 10 4 6 12 17 15 38 66 16 75 25 13 28 29 83 26 21 46 50 43 41 23 24 51 55 27 -4 57 113 121 -32 -22 -20 -35 63 106 -38 40 82 85 -5 71 52 64 110 47 -19 -11 92 -16 -10 -12 -27 -55 -9 -26 70 -28 60 61 62 69 -23 65 -15 125 122 81 -24 97 -43 73 74 -36 -2 -77 -78 79 -79 -80 -66 -18 -3 94 86 -6 -68 108 -76 100 123 109 -90 95 -85 -51 -1 -8 111 -91 102 -69 -103 -105 -106 -29 -48 -61 -25 -46 -100 -54 114 115 118 117 119 -14 -117 -64 -31 -50 -17 -120 -7
right_child=1 3 9 5 7 8 98 11 22 48 20 -13 14 44 19 91 39 18 33 -21 32 35 59 49 56 53 58 36 -30 30 31 -33 -34 34 72 -37 37 -39 -40 -41 -42 42 -44 -45 45 -47 107 -49 67 96 -52 -53 112 54 -56 -57 -58 -59 -60 88 -62 -63 120 -65 68 -67 87 101 -70 -71 -72 -73 -74 -75 89 76 77 78 80 -81 -82 -83 -84 84 -86 -87 -88 -89 93 90 -92 -93 -94 -95 -96 -97 -98 -99 99 -101 -102 103 -104 104 105 -107 -108 -109 -110 -111 -112 -113 -114 -115 -116 116 -118 -119 124 -121 -122 -123 -124 -125 -126 -127
leaf_value=-0.046008626843347472 0.0052728680391695079 -0.00012881346618691871 -0.0084435915770975731 0.0068785654017756818 0.023822385539958798 -0.019474495870933514 0.0052110224326287037 -0.0015545205075692546 0.0045404940120285986 -0.0033989670845259575 0.0021092688178972843 0.0024068128107311787 -0.0057172661144659154 0.015790687870088145 -0.058787149083056434 0.0046863916894206523 -0.007052814953593149 0.0086106331693826341 0.0029334882603234452 -0.004451627948612754 0.010305644798421359 0.035015475730515944 -0.019439211830809624 0.012102042010271152 0.010681203477138438 -0.0076684548382046193 -0.018129523194125887 -0.0018649085274818997 -0.0023376972860763238 -0.020055724936581011 -0.07390504737661345 -0.0033463249914673057 0.061812010711378942 -0.0042345836175793532 0.0072443798478234889 0.0043307024267847044 -0.037531338909046606 -0.013674705361683784 0.0020744262777025266 -0.01224476967707392 0.0044392884322461083 -0.012058263608541042 0.002646827812597524 0.032881720998778917 0.0034310608428150041 -0.0016324369247068065 0.0089340070791275438 0.036137146482861329 0.00073598570396080521 0.0031548499596401906 -0.0084107656672513017 0.018739304880829592 -0.001552423487168245 -0.0082642649174525622 -0.034184875345684103 -0.010968769699250161 -0.0016546670883828129 -0.0095932390626423565 -0.0040529609486147826 0.006753687878333187 -0.012783401795083615 0.0036252011044292693 0.0050937319983739683 0.012712292627302548 -0.005785835748440187 0.00057945329404313897 0.0054268079415447793 -0.0025592846254728803 -0.0097774090206865071 -0.0043966711755187475 -0.011336631452117342 0.0050563893137266129 0.019247588301898145 -0.0030430340569499396 0.0095730601980723688 0.0033826876887070373 5.2981623861991763e-05 0.05595796336410061 0.028459449833376699 0.0061706089129198571 0.0089808480221065419 0.0069644876417834442 -0.052517960015026989 -0.013487289684562295 -0.020379770368376241 0.0069306832963989982 0.00035732468295220836 -0.0046323421578276453 0.0064584379070694977 0.038315412379249077 -0.0014705621003311456 0.0077787463872080768 -0.0022589645728790715 -0.0074845702827953282 -0.008058063646275291 0.0054259864626411292 0.01839084243340746 -0.010032780127916566 -0.0010950710706868416 -9.2706972733811349e-05 0.0044535121499130609 -0.0015866321414503026 -0.021489997305325956 -0.0056925008772324929 -0.050653872474314764 -0.0039985861528528061 -0.018255376947810636 0.048608527682200031 0.026347231497025857 -0.002312600573941294 0.033688436338470726 -0.010293715265166231 0.017775704280045698 -0.0026348145777285109 -0.0043079403033345265 -0.007617398723924188 -0.0046323094267302842 -0.0086697156132198895 -0.0045622485262145655 -0.043916942761998888 -0.0065285868092233822 -0.00083312623246063245 -0.010863206841434721 -0.0016713673733133531 -0.054216989256747158 -0.0063902080012673114
leaf_weight=40.307823629002087 1355.5227169289719 1138.5356295477832 370.20929802581668 1241.275805012905 244.81623133120593 84.628995601087809 78.338157212245278 1392.8362099382794 346.06734467530623 983.02627725049388 171.8964665515814 1529.2293964396231 24.912330489256419 120.36126194382086 36.436768813524395 783.38933683314826 21.059869883581996 272.03772980673239 727.54220406361856 40.477250929921865 33.272947606979869 48.368812143569812 114.19159689673688 323.59507800906431 158.54593507456593 573.10677083930932 151.74219641392119 97.119908793829381 367.73495798488148 53.811637414386496 15.646701171062885 36.506833783816546 18.639288218459114 118.59553934878204 583.78440254903398 361.88001097645611 205.69382018817123 145.34036994702183 1025.2485580259236 72.05004737933632 578.82117018534336 251.96992879302707 1454.3198736280901 74.568988396204077 32.128829492488876 76.272304978920147 28.329506005276926 61.756866774987429 189.69747470598668 111.35613753297366 23.821399968466721 208.40212018310558 39.070625046966597 111.27387888880912 72.404417241225019 332.82653186179232 1318.5264191854512 505.22945845115464 472.4091224304866 180.97701740870252 272.23256784689147 1444.8903091975953 375.40929303283338 332.93728972726967 225.82977189717349 338.9405662920326 291.19757767999545 161.51053113956004 303.8661462678574 373.27481395856012 124.48877754877321 81.074422736302949 351.10603194741998 133.30817977606785 176.50056166993454 258.51022799010389 101.888762133196 25.917094182339497 73.646590666146949 30.781073990510777 382.75677472562529 242.96721237199381 59.142762949690223 54.311555102583952 108.26405401434749 236.91385346720926 50.20397515152581 482.56395068054553 236.99169820966199 90.09510029910598 27.606156760128215 812.16366117517464 211.70019158767536 128.43586146656889 429.84485283633694 275.43961336242501 384.25959377922118 39.424591936869547 218.27765499032103 223.09996696165763 25.10894608986564 28.590823599486612 86.152429618057795 31.814095631474629 37.16121499647852 16.299717129324563 185.15849638602231 39.950745078036562 46.014493182650767 90.488788674003445 44.527731855632737 1863.8722375013167 508.74274634220637 396.59192706982139 507.64496614225209 32.664394077146426 428.36967774655204 107.15439311636146 12.180466807913033 42.08137101738248 135.69071136240382 94.017028693575412 233.77161135373171 670.75401033146773 27.975835771416314 850.18503497634083
leaf_count=354 2772 2165 1078 2626 917 305 186 2933 706 1911 316 3087 72 373 460 1618 62 694 1481 81 94 301 427 805 390 1317 519 144 825 227 362 70 305 232 1157 574 1196 404 1940 213 1254 659 3112 411 67 234 74 371 362 195 61 629 134 293 416 799 2639 1402 1176 370 656 2998 873 813 472 666 540 336 775 876 339 144 1065 309 385 465 181 338 343 79 757 461 570 217 393 551 83 823 453 536 48 1631 372 280 956 704 1099 96 485 424 44 97 306 59 386 31 711 371 238 152 335 4736 1494 802 1135 81 959 241 30 347 307 222 636 1314 368 2077
internal_value=9.96159e-05 0.00311199 -0.00511236 0.00195792 -0.0028407 0.00394817 -0.00239767 0.000276829 0.00129619 -0.0117623 0.0110003 -0.00282267 -0.00723367 -0.00372078 -0.0117246 0.000733863 -0.0163078 0.00731061 0.0106785 -0.0339401 0.0186847 0.0049024 0.00292629 0.00538691 0.00281084 -0.00604129 -0.0142597 -0.0178419 -0.010251 -0.0100249 -0.02148 -0.0411556 0.0424201 0.00848311 0.01107 0.0114161 -0.022818 -0.0291709 0.00606958 -0.0332243 0.00962961 0.00322285 0.0006206 0.0159202 0.00144037 0.0131131 0.0216869 0.0158263 -0.00702578 0.00988929 -0.0469135 0.0104436 0.0131399 -0.0115321 -0.0212693 -0.00350312 -0.000170582 -0.0141351 -0.00803996 0.000556487 -0.000700326 0.000754371 -0.00337626 0.0174732 -0.00022467 0.00517159 -0.00481718 -0.0113183 -0.00350603 -0.00868501 -0.0231457 -0.00777896 0.0124404 0.00974216 0.0116747 0.00791222 0.0117455 0.0149938 0.0178462 0.038723 0.0134199 0.000814445 -0.0449198 -0.00293601 -0.00650701 0.014829 0.0201563 -0.000785417 0.00613299 0.0186767 0.0269049 0.00398468 0.00520557 0.00137304 -0.00395125 0.0015575 0.0152761 -0.0346545 -0.00796721 -0.00847219 0.0329575 -0.0169017 -0.0105068 -0.0265109 -0.0327004 -0.0420217 -0.0132338 0.0387056 0.0129018 0.00895973 0.0248523 -0.00935578 0.0163552 -0.0082672 -0.0100585 -0.014074 -0.0103728 -0.0217184 -0.0364907 -0.0337441 0.00182652 -0.00972928 -0.00588549 0.00176791 -0.0464248 -0.0080445
internal_weight=38346.7 24308.7 14038 21233.5 10490.1 14577.2 6656.29 6147.68 8169.63 3547.95 3075.21 4011.68 4342.37 2462.08 1880.29 4272.7 1779.93 6407.55 2635.72 100.735 846.191 3771.83 6461.05 3152.94 2031.54 2482.45 1627.67 1003.52 1077.19 1779.56 199.982 52.1535 51.9122 2233.65 1506.1 743.186 633.313 351.034 2136 152.253 1110.76 3028.64 1787.36 794.279 1384.89 152.929 402.075 333.795 1768.02 1121.4 60.2582 554.469 719.71 756.785 183.678 1725.66 1477.07 709.451 624.151 3308.11 2715.69 2443.46 998.566 381.306 1231.96 459.302 1708.58 784.998 772.663 487.466 204.221 333.044 1387.51 1036.4 903.095 2229.02 873.501 614.99 513.102 56.6982 456.403 468.797 80.2026 2006.4 867.86 531.934 295.02 773.762 592.419 319.311 142.81 2266.31 625.784 365.428 759.596 329.751 495.616 79.7324 2383.59 2305.25 115.204 361.529 247.663 113.866 85.275 53.4609 282.278 68.2803 226.992 414.084 76.6566 2082.15 547.813 1579.58 1182.98 675.338 610.27 181.9 65.0686 74.7458 511.1 147.829 423.469 1454.14 40.1563 934.814
internal_count=91428 55724 35704 48035 25507 33206 14829 13590 18210 10197 7689 8845 11917 6399 5518 8998 6073 14996 6767 602 2754 8229 14465 6987 4364 5758 5228 3533 3016 4916 881 432 399 5257 3776 1688 2455 1600 4745 845 2805 6541 3915 2355 3383 636 1510 1065 4124 2623 521 1335 1944 2026 709 3732 3029 2191 1695 7478 6137 5481 2483 1114 2747 1039 3745 2213 1708 1303 789 803 3544 2479 2170 4935 2163 1698 1517 417 1100 933 632 4435 2270 1551 1000 1363 1341 1013 628 4563 1329 733 1877 921 1294 450 5831 5645 580 1215 642 573 476 417 855 445 608 957 402 5221 1628 4035 3233 2098 1628 669 470 428 1180 449 998 2932 398 2382
is_linear=0
shrinkage=0.0200396


Tree=5
num_leaves=127
num_cat=0
split_feature=18 21 21 18 18 21 21 21 18 21 18 18 18 18 23 21 18 32 3 18 23 44 12 21 18 39 33 29 21 12 37 37 32 73 32 19 20 33 33 18 16 33 34 3 38 11 21 21 18 36 36 21 18 21 18 11 33 23 21 28 36 21 33 33 12 21 21 18 73 18 23 73 23 10 21 28 10 19 21 12 18 22 38 30 19 37 33 35 20 23 57 18 33 21 33 23 20 11 11 36 21 4 23 28 21 21 84 44 18 29 16 21 18 3 28 4 15 33 18 33 20 11 18 21 19 3
split_gain=1426.91 537.016 487.823 465.627 317.113 315.879 269.881 267.988 185.712 150.05 214.483 145.689 134.181 125.921 124.644 118.674 118.55 131.646 113.583 102.022 106.54 160.092 92.1713 88.4269 117.802 105.476 86.261 86.0753 103.086 83.4207 95.042 107.089 82.1026 79.9804 78.9683 74.1991 90.13 73.731 70.8331 102.454 97.4449 119.522 69.3667 66.7808 66.7369 66.4392 65.7583 64.5656 62.2507 67.635 62.0659 60.6346 94.9795 114.603 84.5624 55.7299 55.0621 53.6302 58.7514 52.644 52.644 52.5146 51.1097 49.5476 47.6967 46.5589 46.3499 61.7208 46.2513 45.1472 44.5305 44.2949 44.2511 69.9912 63.4695 55.2769 43.8293 43.8125 43.2633 43.1532 54.7312 43.1471 44.1986 42.8384 52.275 42.3968 57.0628 42.1904 41.9869 41.8957 41.8556 41.7776 46.8038 41.4101 41.3874 41.3669 40.7798 53.9342 40.54 40.2562 38.8993 41.1189 38.2324 37.9951 51.6583 43.0228 37.5399 37.1948 36.8743 36.8332 45.1139 48.2502 45.0733 44.9006 36.5799 36.5287 55.5042 36.1108 36.1075 36.1046 35.9928 45.1787 35.9468 37.1425 35.8451 35.7094
threshold=-0.04432928375899791 -0.0465041697025299 -0.054201411083340638 0.071790568530559554 -0.19699198007583615 0.16452854871749881 0.046504169702529914 -0.22931365668773648 0.15422734618186953 -0.31526620686054224 -0.39823217689990992 0.036714788526296623 0.14187081903219226 1.0000000180025095e-35 0.0054167835041880616 -0.52309173345565785 -0.09855287522077559 0.16453441977500918 -0.14074952155351636 -0.082451522350311265 0.071977116167545332 -0.38859486579895014 0.46387615799903875 -0.58402821421623219 -0.66585803031921376 -0.1512031480669975 0.021553245373070243 0.08941234648227693 0.11128928512334825 0.032683486118912704 0.20494996756315234 0.076208729296922698 -0.3769537210464477 0.16021387279033664 -0.42099140584468836 0.20001410692930224 -0.092938523739576326 -0.049243405461311333 0.5818956494331361 -0.25816884636878962 0.30079053342342382 0.57917422056198131 0.19736090302467349 0.47156198322772985 -0.65909090638160694 -1.038052439689636 0.050994226709008224 0.050994226709008224 0.20682264864444735 1.0000000180025095e-35 -0.33216783404350275 0.59813982248306286 0.43864586949348455 0.39608724415302282 0.53065726161003124 -0.032237984240055077 0.47096899151802069 -0.026682475581765171 -0.11577934771776198 0.17323668301105502 0.57692307233810436 -0.13694676011800763 -0.057411020621657365 0.52357131242752086 0.32740825414657598 -0.078576009720563875 0.22418217360973361 0.31566222012043005 0.025909959338605407 -0.31688533723354334 0.21051671355962756 0.40358503162860876 0.015554804820567371 0.15771592408418658 0.22418217360973361 -0.0094728171825408918 -0.21769582480192182 0.62286093831062328 0.24663245677948001 0.054472478106617934 0.15733934193849566 0.68744426965713512 -0.36961722373962397 0.31818690896034246 -0.14835732430219647 -0.1477490961551666 0.036592198535799987 -0.25428913533687586 0.027030366472899917 -0.30176100134849543 0.27340012788772589 0.10261145979166032 0.002287564100697637 -0.099101990461349473 0.41291850805282598 0.050070675089955337 -0.35758264362812037 -0.41620448231697077 0.12866553664207461 0.43706293404102331 -0.27485568821430201 -0.42043441534042353 -0.066035304218530641 0.043300671502947814 0.14849261939525607 -0.014432328287512062 0.33110514283180242 0.069493956863880171 0.13059716671705249 -0.27418446540832514 0.25309254229068762 -0.11257216334342955 -0.022349069826304909 0.33241093158721929 0.04936413653194905 -0.35158383846282953 0.044012045487761504 -0.49124407768249506 -0.0034331022761762138 -0.024589915759861466 0.05629320070147515 -0.10120047628879546 -0.25816884636878962 -0.10936497896909712 0.32694143056869512 -0.077126663178205476
decision_type=2 2 2 2 2 2 2 2 2 2 2 2 2 2 2 2 2 2 2 2 2 2 2 2 2 2 2 2 2 2 2 2 2 2 2 2 2 2 2 2 2 2 2 2 2 2 2 2 2 2 2 2 2 2 2 2 2 2 2 2 2 2 2 2 2 2 2 2 2 2 2 2 2 2 2 2 2 2 2 2 2 2 2 2 2 2 2 2 2 2 2 2 2 2 2 2 2 2 2 2 2 2 2 2 2 2 2 2 2 2 2 2 2 2 2 2 2 2 2 2 2 2 2 2 2 2
left_child=2 11 4 6 9 12 13 60 56 10 23 57 27 83 26 62 17 124 48 20 78 125 64 24 25 45 50 47 -29 30 31 42 -20 38 -28 46 -37 -30 39 40 41 -16 98 -36 -24 -1 -34 -5 49 -14 -11 52 53 72 -53 -50 108 65 -59 -58 85 -19 -12 91 89 109 -32 -68 -63 95 120 90 73 75 -74 -31 -48 94 99 80 102 82 -8 84 -3 86 -6 -76 115 -13 -38 -49 107 -18 -25 96 -17 -98 114 -4 -41 -102 -78 104 -21 -105 -55 -93 -7 112 111 113 -2 -111 -10 116 -86 -47 -117 -82 -15 -122 -52 -124 -9 -22
right_child=1 3 19 5 7 8 81 16 29 14 15 22 18 70 33 69 93 61 32 103 21 -23 44 77 -26 -27 34 28 37 51 66 -33 35 -35 43 36 71 -39 -40 100 -42 -43 -44 -45 -46 117 76 63 55 -51 122 54 -54 106 -56 -57 59 58 -60 -61 -62 68 -64 -65 -66 -67 67 -69 -70 -71 -72 -73 74 -75 87 -77 79 -79 -80 -81 119 -83 -84 -85 88 -87 -88 -89 -90 -91 -92 92 -94 -95 -96 -97 97 -99 -100 -101 101 -103 -104 105 -106 -107 -108 -109 -110 110 -112 -113 -114 -115 -116 118 -118 -119 -120 -121 121 -123 123 -125 -126 -127
leaf_value=0.00088964799261331406 0.012893337829826094 -0.012444477577361638 -0.011009181533075172 0.0054845331999375281 0.023391044968715996 -0.011557931209404826 0.0037407973557892962 -0.003467942827248579 0.0083981751379524263 -0.021659492229683698 0.032177443554540143 0.0078748186569906221 0.0089069025791441766 0.0045899956316329147 -0.0646033089441886 0.01293644044495547 0.0053984208381601499 -0.0062552296352979524 0.0029351779098801384 -0.0017362713092365048 -0.017152466648865307 -0.048796159227393825 0.0097661756626336513 -0.019126335070025199 0.0014258195085443033 -0.028838282754716921 -0.0052627427257069702 0.012686735311205144 -0.010033473204671534 -0.012788902662391041 0.011006622848992087 0.015036171676962858 0.019911309667807162 -0.0039098067833243958 -0.034170400900412318 0.0017138313774714157 0.049480628510916821 0.0054223915451904869 0.0029359988732071368 -0.004237211674196396 -0.0097259988563685052 -0.0066211824761290136 0.016111795870083562 -0.0059945098945716037 0.055380978400090861 -0.023455439364707991 -0.0057415920263282592 -0.0079393614041742035 0.0084119261707694959 0.03001840528813271 -0.0064062362638537792 -0.012501381466127956 0.0097039293271028275 -0.012094042984737988 0.0017534490250071305 0.046923791771219574 0.0061014034027848463 0.024929006275811929 0.0090401303394582987 -0.0045035195191015943 -0.0029633874601789753 -0.032411551908478498 0.007973450903792912 0.010756846498822768 0.0003049804676839449 -0.0015916139713040437 -0.0038870035030838263 0.0085303762988289539 -0.011027275873327767 0.0041219552537277247 0.0075338829160035772 0.0059035725077733617 0.018816168997488482 0.0066085302410779662 -0.00096768356903766486 0.00076449234597799254 -0.0021350737825383934 0.00084845367501523543 -0.030427563503929358 -0.0031524594496052907 0.025603850403865917 0.00013863992302852321 -0.0093989393942365412 -0.0099903209832565513 0.014878145342631212 0.0052780589785247816 0.0088514941757067683 0.0072752357107544576 -0.005308080979778214 0.018762718978038082 0.0096560641534945684 0.013772409170877319 -0.0058227562795599343 -0.00077355931864328661 -0.0075914901412947825 -0.011306977043037906 0.0013319330462216155 -0.013422613062549604 -0.00076516436600261974 -0.024718063537577894 -0.0085856514220125756 -0.026835740759728142 0.0092158549706888703 -0.0066292442297094176 -0.018411012611445784 -0.01838117963152389 0.0012075375485391658 0.0004042812718333618 -0.0034030390730578966 0.024545056170960297 -0.0031178104023737579 0.0050908995929394825 -0.0031276113064315708 0.0077027166469730152 -0.0015849728947108484 0.0017342762403642299 -0.0072912987911085527 -0.0073316974157898963 -0.010933510042614905 0.01050112285192794 0.0018399214558886563 -0.0090168562643184718 0.0031796062131248387 -0.008122405477722916 0.0041288804314242901 0.0036534589869862293
leaf_weight=255.86863483558409 70.500036134617403 141.09859510092065 1283.7017351875547 1053.6888877369929 154.36570525146089 484.90727782412432 93.854666461469606 2125.6839774560649 592.68579408212099 57.193432397441939 38.949850152479485 252.47442121675704 292.07068682799581 715.7992902911501 46.033853558124974 54.084419117076322 798.21454635611735 212.81351969623938 713.90933295397554 568.35924246581271 61.892751073348336 73.960741045069881 35.546835835208185 388.46049907116685 654.08959731366485 83.678528494900092 171.57915873662569 891.18003500334453 127.48615134088323 219.24601466499735 113.63466119917575 545.33981253986713 186.00124381296337 153.59760916023515 96.477943299105391 55.819957107305527 44.433144495706074 647.48147615103517 38.790679456549697 105.0765961385332 49.192511562840082 25.518566774204373 165.89413747494109 64.276828567148186 22.876396023435518 71.910563799203373 78.749406358459964 370.6062017941149 36.279353408142924 68.958929631509818 715.6767316875048 286.91539755347185 481.04793509247247 324.69833763455972 346.11487556889188 41.783825672813691 275.11718882515561 94.542232502368279 894.53161079215351 477.55614577350207 134.31813449517358 75.790627645328641 136.37325136188883 95.087066168896854 87.453514667926356 329.63531131111085 761.78331591351889 177.02128235320561 140.7967408549739 560.78849037329201 792.15010424307548 29.684989558532834 93.816124720033258 248.48874431021977 491.63518824870698 230.63898014591541 195.13939363195095 73.088460705475882 45.282688486389816 104.08347555587534 84.874515827046707 237.30185113311745 2071.1651137206936 300.13009638583753 143.89990101743024 535.1249434100464 438.41512025333941 466.2012832966866 442.13358221144881 626.35945513751358 29.491304810740985 103.99644981999882 252.56206671637483 912.41396968753543 253.42359588481486 168.55942705261987 364.92409898980986 109.43205009633675 607.0323493257165 90.996924233506434 120.30027440167032 138.07332538149785 247.64397012151312 385.60502097476274 62.4088921896182 206.52530041243881 104.63535613822751 245.34854406199884 452.2105442690663 140.13928050955292 87.667196942027658 304.74857183161657 244.73989220079966 159.22267097164877 181.63158490404021 567.00228939438239 43.810827832552604 232.76177369337529 81.417025929666124 367.71393611514941 436.88033597404137 206.64815000083763 430.78824439365417 131.82848378189374 259.65267677756492 39.983980758697726
leaf_count=564 208 387 3610 2121 576 1370 220 4530 1407 256 260 608 750 1504 559 161 1712 444 1456 1207 207 623 96 1355 1350 396 385 2215 290 597 253 1530 615 349 530 75 412 1156 104 176 110 84 497 152 300 322 152 799 88 341 1685 677 1133 954 753 369 533 396 1826 822 268 423 369 198 200 654 1308 337 318 1148 1585 50 363 610 795 373 347 276 332 236 348 451 5215 685 393 1357 829 1027 1004 1968 79 304 596 1688 525 426 729 322 1254 420 274 614 479 742 242 676 181 453 984 557 149 524 506 297 343 1036 156 532 237 796 803 447 826 252 550 94
internal_value=0.000114573 0.0030942 -0.00487259 0.00188642 -0.00303812 0.00385907 -0.00266637 0.000279684 0.00123316 -0.00634322 -0.00363842 0.0105101 0.00719428 0.000611296 -0.0102388 0.00226129 -0.00200263 -0.00451778 0.0107196 -0.0123156 -0.0156786 -0.0300841 0.0167913 -0.00782003 -0.00455435 -0.0104732 -0.00711244 0.00474146 0.00812103 0.00278593 0.00510748 0.00755471 0.0086287 -0.0174259 -0.0159414 0.0113817 0.0237264 0.0026384 -0.0210447 -0.0230551 -0.0384126 -0.0507575 0.00472239 -0.0251539 0.0384891 -0.00664039 0.00940334 0.00202084 0.0199036 0.014594 -0.00466362 0.000545372 0.00187932 6.02014e-05 -0.00490868 0.0351887 -0.00463328 0.00759662 0.0111256 -0.000546132 0.00835435 -0.014428 0.0165999 -0.00143491 0.0145661 0.00482737 0.0001747 -0.00137562 -0.0210204 -4.31823e-06 0.00382554 0.0330497 0.00236082 -0.00150756 0.00491703 -0.00612635 0.00718499 -0.0133988 -0.0134177 0.00832957 0.00972925 -0.00790645 -0.00878728 -0.00340096 -0.00185806 0.00975189 0.0134151 0.00311447 -0.000470795 0.0159342 0.0398539 -0.0028742 0.000412811 0.00213429 -0.0150201 -0.00336654 -0.000434487 -0.00253834 0.00309248 -0.012334 -0.0158678 -0.0198084 0.00434186 -0.00770554 -0.00402682 -0.0112975 -0.00892044 0.00503818 -0.00781367 0.00692734 0.00944535 0.0113456 0.00110397 0.0168393 0.00606131 0.00215379 0.00936856 -0.0125976 -0.000180613 0.0144992 0.00156507 -0.00182981 -0.00350363 0.000282194 -0.00260321 -0.00977336
internal_weight=38513.2 24116.1 14397.1 20765.6 11578.4 14492.3 6273.29 5787.59 8128.25 5790.8 3446.39 3350.44 6364.07 3870.97 2344.4 1433.11 4525.37 2814.74 2576.64 2818.72 1595.82 175.837 1024.71 2013.28 1298.31 644.22 1667.82 3787.44 1666.15 6438.46 3145.02 2092.58 2137.54 676.583 332.334 1423.64 159.429 774.968 522.986 484.195 120.745 71.5524 1547.24 160.755 58.4232 560.541 1264.21 2121.29 439.093 361.03 1335.49 3293.44 2660.41 2179.36 633.03 78.0632 1689.79 2325.73 989.074 752.673 1262.22 429.401 175.323 1067.6 966.287 1336.65 1052.44 938.805 216.587 1257.79 2151.48 103.609 1750.03 698.374 1051.65 449.885 1078.2 714.973 1419.98 999.455 895.372 2402.32 2165.02 1719.49 1419.36 1127.91 592.781 957.836 1278.26 878.834 73.9244 972.513 601.907 1710.63 641.884 697 528.441 474.356 1381.35 1374.7 363.45 258.374 442.783 1222.9 630.768 592.13 429.334 349.345 937.118 1007.02 691.778 604.111 315.24 299.362 774.317 836.13 187.711 304.672 648.419 452.588 1359.33 643.528 1278.29 562.617 2385.34 101.877
internal_count=91177 55238 35939 46949 27786 32826 14123 12695 18101 15091 8735 8289 14725 8237 6356 3415 9665 6265 6593 8153 5286 924 3172 5320 3164 1814 4086 8132 3661 14392 6929 5031 5045 2270 1067 3589 616 1446 1921 1817 753 643 3501 682 396 1418 2973 4471 1548 1091 3019 7463 6033 4900 1430 457 3709 5117 2222 1355 3030 1185 629 2350 2776 2895 1898 1645 741 2786 4339 541 3765 1580 2185 970 2358 2156 4362 2206 1970 5886 5435 3898 3213 2762 1405 1822 2826 2576 491 2152 1353 3400 1880 1638 1212 1051 3004 4030 1064 888 826 2867 1449 1418 1135 757 2354 2241 1527 1378 714 854 1750 1822 549 854 1273 1144 2754 1250 2763 1078 5080 301
is_linear=0
shrinkage=0.0200396


Tree=6
num_leaves=127
num_cat=0
split_feature=18 21 21 18 18 21 21 21 18 18 18 18 21 18 44 21 18 23 14 41 1 18 36 18 12 0 12 18 21 17 21 18 39 73 4 11 3 39 18 21 21 28 21 23 19 33 18 14 18 39 56 21 18 1 12 1 31 0 13 34 21 18 21 19 29 18 29 37 23 22 33 29 42 21 28 44 21 16 22 33 17 16 16 42 73 23 35 73 29 23 10 28 18 13 23 11 34 21 30 21 19 3 18 29 1 19 12 37 21 29 39 12 37 21 29 3 44 18 21 26 22 32 21 55 37 19
split_gain=1409.86 508.348 467.44 432.378 334.581 303.561 239.411 217.651 205.353 178.31 140.657 119.953 110.605 213.258 118.818 110.389 105.18 113.399 106.66 103.777 98.8956 97.3796 82.5905 202.885 80.7586 207.337 80.3481 93.0112 121.522 77.0337 75.919 108.147 85.6303 74.3383 103.685 72.8124 70.1535 91.2587 70.0297 68.8104 67.4884 73.218 64.553 61.4442 60.7699 57.6226 56.8418 55.0692 54.7026 54.4681 53.4718 52.9268 107.538 52.2512 51.5879 51.3943 49.8363 49.751 50.3238 49.5756 49.1394 60.0036 51.5858 48.7268 48.6949 71.9312 48.609 48.0725 47.1673 46.5124 45.955 44.2872 44.1783 44.1165 44.0995 43.2316 92.1617 42.8485 64.781 41.8356 59.7471 46.1625 41.6328 41.6099 75.7507 41.4944 41.118 40.6526 44.849 40.0933 70.5321 45.8658 40.1497 46.0725 40.0835 40.003 39.9499 39.6277 38.9996 46.2554 44.2945 40.4868 38.9711 38.3224 45.9889 50.2599 87.4158 38.1424 37.0551 36.9409 36.5524 67.225 41.5069 36.4996 36.4485 36.4048 36.019 35.8825 35.6987 62.6973 47.1425 35.451 35.2997 35.2253 35.0919 34.6945
threshold=-0.04432928375899791 -0.048428479582071297 -0.0837075039744377 0.071790568530559554 -0.19699198007583615 0.16452854871749881 0.044579859822988517 -0.24663245677947995 -0.094419144093990312 0.15422734618186953 0.036714788526296623 1.0000000180025095e-35 -0.31526620686054224 -0.39823217689990992 0.030556644313037399 -0.52309173345565785 0.14187081903219226 -0.01612245291471481 -0.10885886102914809 0.13097696751356128 -0.066761363297700868 -0.11247460171580313 -0.24825175106525418 -0.24344995617866513 -0.11983944848179816 -0.0099431821145117266 0.032683486118912704 0.29533354938030248 0.22418217360973361 0.42945490777492529 -0.58402821421623219 -0.66585803031921376 -0.1609774976968765 -0.16714601218700406 -0.028517822735011574 0.05373013764619828 0.37321612238883978 -0.14487645775079724 -0.2005786597728729 -0.048428479582071297 0.046504169702529914 -0.26085181534290308 0.12475946173071863 -0.11671644449234007 0.077214043587446227 0.6123889982700349 -0.21398915350437162 1.3325825929641726 -0.31688533723354334 0.075197577476501479 0.22005486488342288 0.35118664801120764 0.50609637796878826 0.080965910106897368 0.55561923980712902 0.052556818351149566 0.22610582411289218 0.31392045319080358 -0.14012989401817319 0.3676865845918656 0.61353433132171642 0.43864586949348455 0.57889673113822948 0.10385593399405481 -0.23683237284421918 -0.46007244288921351 0.11206046119332315 0.19565942138433459 -0.21367537230253217 0.11847950518131257 -0.49124407768249506 -0.016582334414124485 0.09987813234329225 -0.20365619659423825 0.04936413653194905 0.039111072197556503 -0.099101990461349473 0.053023034706711776 -0.15484153479337689 0.021553245373070243 0.59902203083038341 -0.39764733612537378 0.32349844276905065 0.09987813234329225 0.028261204250156883 0.050070675089955337 0.32470583915710455 -0.14119183272123334 -0.12648013234138486 -0.06385191902518271 0.15047413855791095 -0.0094728171825408918 0.28915858268737799 0.31239028275012976 0.43499155342578893 0.41594511270523077 0.008536384906619789 0.54490056633949291 0.32312029600143438 -0.015715201850980517 -0.14835732430219647 -0.32622407376766199 0.078054212033748641 -0.40082852542400355 -0.058238636702299111 -0.22178896516561505 -0.071674313396215425 0.083499636501073851 -1.1103271245956419 0.29015530645847326 0.062965199351310744 -0.06479357928037642 0.0016749976784922185 -0.27485568821430201 0.01823223847895861 0.27382043004035955 0.032231673598289497 0.086003046482801451 0.03688261657953263 -0.24307888746261594 0.12812022864818576 0.059187844395637519 -0.2825529128313064 -0.15016617625951764 0.31890620291233068 0.0003242144593968988
decision_type=2 2 2 2 2 2 2 2 2 2 2 2 2 2 2 2 2 2 2 2 2 2 2 2 2 2 2 2 2 2 2 2 2 2 2 2 2 2 2 2 2 2 2 2 2 2 2 2 2 2 2 2 2 2 2 2 2 2 2 2 2 2 2 2 2 2 2 2 2 2 2 2 2 2 2 2 2 2 2 2 2 2 2 2 2 2 2 2 2 2 2 2 2 2 2 2 2 2 2 2 2 2 2 2 2 2 2 2 2 2 2 2 2 2 2 2 2 2 2 2 2 2 2 2 2 2
left_child=2 10 4 6 12 16 11 45 19 57 53 98 13 30 20 123 29 103 121 36 22 24 -14 -24 25 44 27 28 49 40 31 32 47 34 -12 -30 37 -4 -38 -10 -5 54 55 97 -9 68 -16 70 85 -11 -21 89 60 75 -42 102 -13 58 -7 69 61 -53 -63 67 77 -66 107 -37 115 -20 108 96 -22 -26 118 76 -2 78 -32 -74 81 -81 -54 87 -85 -17 -8 -39 -89 90 91 -28 93 -91 -27 -94 -35 114 100 -100 101 -3 -31 -18 116 -106 -107 -45 -1 -60 111 112 -40 -25 -29 -6 -105 -43 125 -120 -121 -19 -70 -15 -111 -41
right_child=1 3 8 5 7 9 86 21 39 26 33 56 14 15 46 48 17 18 59 50 72 -23 23 113 73 94 51 43 35 42 64 -33 -34 71 -36 63 38 83 110 74 41 117 -44 66 -46 -47 -48 -49 -50 -51 -52 52 82 -55 -56 -57 -58 -59 109 -61 -62 62 -64 -65 65 -67 -68 -69 122 -71 -72 -73 79 -75 -76 -77 -78 -79 -80 80 -82 -83 -84 84 -86 -87 -88 88 -90 92 -92 -93 95 -95 -96 -97 -98 -99 99 -101 -102 -103 -104 104 105 106 -108 -109 -110 124 -112 -113 -114 -115 -116 -117 -118 -119 119 120 -122 -123 -124 -125 -126 -127
leaf_value=-0.0055997987352695826 0.02723047998595195 0.0025697574492704878 -0.0081009883723658794 0.0068479275233609424 0.014125870673156909 -0.01731596019545498 -0.0065741325476822553 -0.012033690998852011 -0.001197261580471506 0.0041371250052148773 0.050154258616408529 0.0013416539256253272 0.0020311741343915211 -0.00011869933853803392 -0.0069212893445678133 -0.00073294993844809115 -0.0024341003831739633 0.017562834438768105 0.036226573253163787 -0.038457885668490739 -0.021017209908838149 0.0030454111134394298 -0.05404643222757468 -0.0015495532679108874 0.0024855771112122799 -0.056651873700937695 -0.015010008863449329 0.011119259958073476 0.012648824166470337 0.006183737632308374 -0.0032627891120721483 0.0011886136752267884 -0.023639278120579362 0.0024582931886748182 0.01393125265773189 0.006549940834373034 -0.018247009585405295 -0.0015730317087196174 -0.025168593873565407 8.8407238715352914e-05 -0.011678441699950411 -0.0040454719935183979 0.0040702523726236332 0.014210906137895406 0.0017785994021910991 -0.0066000323697670603 0.003715267405579252 0.0004018086530492041 0.0045669890546869204 0.0167327698861209 -0.01267157643593062 -0.0059752073094342601 0.012484000828450734 0.0048124155936119517 0.0052360240528121545 0.011360527184712442 0.0076459019722506377 -0.014448120211544613 -0.00030398357168140303 0.0045306099468159179 -0.013747730356297609 0.012536648164447694 -0.0034329401969163871 -0.0078307821313309944 -0.031745282100850244 -0.010640200236711337 0.0083154604717466871 -0.0033038998122644028 0.018767695813972324 0.016855301623645798 -0.0043800880673271116 0.024104542978424917 -0.0030237294576243097 -0.0038220344946548589 -0.013342923969410898 0.003162854351403959 0.00916145623262451 0.0036142873728854876 -0.021521388045599832 -0.005572149259076108 -0.00075180403167224308 -0.028081237677590604 0.0014077993935285411 -0.032329733665457806 -0.011670170103437679 -0.011747015529869408 -0.018488000566018577 -0.03035954090512942 -0.0087614055546178845 0.0084281462098866507 0.008627368440723808 0.00045466746465184783 0.019979307608422935 -0.00062232637144527252 -0.010586438530006822 0.00046151648101216188 0.013549589713800219 -0.0016986024809715536 -0.0021222067339853362 -0.017779233061814802 -0.00041439548166438608 -0.016640311807835897 0.042554158731701631 0.0040123251718502265 -0.0010588423407558954 0.013623566024795957 0.0035722122226019117 0.03834040047434796 -0.031521406902441984 -0.016430523420676427 0.0054660306992012813 -1.0616815415088783e-05 -0.0034789566747577189 -0.019709209775933774 -0.0010040549574705877 -0.0011252924260057293 0.031075640995013268 0.0041057356683407336 0.0063493033827035882 -0.021831826228294503 0.00025788094388822538 0.0041651058935571984 0.0082631183027269822 0.020074086374224431 -0.0033218386958498792 -0.012376605880513775
leaf_weight=51.617076992173679 138.03880651842337 54.142824262846261 385.15565914323088 1249.1040305547649 63.707643990521319 72.275759663200006 2393.7762953329366 230.78114199906122 744.95123260852415 349.54169408977032 42.885169135523029 1279.4074450030457 38.83653287938796 41.41625296685379 960.1794213448884 527.80603304575197 140.26649076130707 97.098327716230415 132.75779008481186 102.69344936916605 103.82027021644171 1518.1218236866407 61.770567029016092 69.90986519609578 704.23411143745761 18.722008630516939 132.96733070502523 380.27327108324971 114.08820586814545 28.016903106006794 208.72161864943337 645.95779887842946 127.85902721213643 188.24598511483055 117.0886270692572 289.88883655786049 168.38474512973335 92.574913905118592 71.453506688936614 442.07073420856614 248.32534943439532 239.63358909636736 387.78230586450081 169.41068034700584 242.19416719884612 64.12425561028067 235.09975687332917 267.20027185836807 568.89255414938089 232.61127102957107 90.996616629883647 781.73194656218402 181.36969006096479 1376.6044689052505 80.724352593417279 348.14959196897689 824.56307933828793 160.37550522387028 1055.9361482021632 59.903143100673333 193.98725629691035 133.362961582141 147.94027674442623 435.09222695720382 94.580950061557814 242.85639156913385 302.24828275176696 513.68258088734001 308.76944176491816 202.41642982524354 161.07559113996103 127.56120116019156 408.92598447098862 1121.8626439629588 520.51635901886038 232.05098918778822 556.35535746591631 95.000545285642147 112.33811557316221 75.896260315319523 103.85615829552989 91.141330317826942 429.74241170869209 246.6850634503644 152.34823654906359 163.57573358889204 108.18820791994222 57.751905424753204 133.95064734702464 383.99819738906808 145.03084519773256 144.11788383300882 108.2131781183416 492.675549495616 26.142056828830391 63.95834795141127 533.77684250986204 220.9507529460825 172.64477585570421 123.41288215736859 1309.6893330704188 112.36573047132697 26.886486415867694 40.987133820657618 251.35493619099725 674.5377638906939 742.96359049237799 33.41116449853871 45.963082448230125 98.713840245269239 111.8851163565414 250.0158783106599 71.34770145767834 127.13730272068642 124.11703947093338 200.11521277087741 39.151014124392532 1237.1552825738909 46.503815738833509 135.53158249461558 48.352902710437775 301.63201166130602 326.76625724055339 140.18722736393102 303.21142737101763 86.678800228284672
leaf_count=118 601 106 1096 2622 255 257 5584 563 1374 735 392 2566 66 97 2277 1223 284 336 710 647 368 3038 623 119 1281 282 376 937 368 51 395 1344 490 366 352 572 571 136 345 846 635 525 605 466 478 117 430 574 1157 636 272 1750 570 2806 145 772 1696 444 2167 93 477 326 270 953 520 540 568 834 992 605 374 517 813 2329 1384 459 1163 240 492 138 206 423 787 1249 387 425 397 341 385 826 484 196 360 968 71 94 1428 397 261 405 2854 317 254 68 424 1740 1537 257 287 378 264 484 141 478 211 332 250 2617 117 528 53 637 700 522 457 215
internal_value=9.66494e-05 0.00303913 -0.00483454 0.001887 -0.00262669 0.00377336 -0.00246377 0.00126353 -0.0106896 0.00119731 0.010309 0.000657543 -0.00587265 -0.0035901 -0.00929929 0.00229066 0.0069892 0.0100384 0.0163655 -0.0153432 -0.014067 -0.000874923 -0.0237138 -0.0275002 -0.00342409 -0.0102212 0.00270534 0.00498057 0.00218808 0.00481073 -0.00770357 -0.00462 -0.0102125 0.01653 0.0289403 -0.00112684 -0.0134359 -0.0166639 -0.00790215 -0.00611058 0.0033136 0.000805308 0.0103116 0.00923898 -0.00519899 0.00965802 -0.00478802 -0.00604148 6.32301e-05 0.00964284 -0.0290789 0.000525681 -0.00170133 0.00743679 -0.00740147 0.0157366 0.0038747 -0.00455554 -0.00330491 0.0235787 -0.00502884 -0.00315967 0.00448189 -0.00262599 -0.0127052 -0.0182923 0.0145111 0.000325304 0.0109823 0.026453 -0.0121994 0.0134532 -0.00979739 -0.00138352 -0.00888832 0.0111051 0.0135579 -0.00740856 -0.0107291 -0.00740603 -0.0132007 -0.0198548 0.00505496 -0.0210432 -0.0255619 -0.00365922 -0.00726448 -0.0131865 -0.0179566 0.00334187 -0.00177832 -0.00752656 0.00540812 0.00345076 -0.0426358 0.0136767 0.0108403 0.00521089 -0.00315598 -0.00951232 -0.00174297 -0.0107532 0.0314546 0.00720363 0.00800649 0.00706508 0.00850829 0.0218594 -0.0216398 -0.00232958 -0.00375467 -0.00657181 -0.0164048 -0.0141746 0.00819719 0.00341613 0.0213276 0.00273056 -0.00550841 -0.0117068 -0.0165754 0.00827313 0.0138744 0.0158809 -0.00730747 -0.00239501
internal_weight=38971.6 24414.6 14557 21102 10597.2 14723.8 6378.19 4825.54 3959.85 8194.92 3312.61 3876.23 5771.62 3495.05 2276.57 1441.88 6528.85 2683.07 793.808 1935.24 1081.29 3862.06 297.654 258.818 2343.94 517.839 6504.41 3165.32 1934.9 3845.78 2053.17 1299.67 653.715 1009.56 159.974 1352.75 1741.55 1068.47 673.087 2024.61 3054.94 1805.84 790.835 1230.41 472.975 963.483 1195.28 525.856 1260.27 582.153 193.69 3339.1 1868.13 2303.05 329.05 403.053 2103.97 1690.51 1530.14 395.077 1257.02 1063.04 281.303 1238.66 753.498 337.437 505.07 803.571 899.359 335.174 258.656 849.584 783.64 1826.1 1279.65 926.445 694.394 416.06 321.06 679.82 270.894 167.038 611.112 683.311 399.033 691.382 2501.96 284.277 191.703 1470.96 422.116 277.085 1048.85 876.674 44.8641 172.172 722.023 725.341 1772.26 296.058 1476.2 166.509 54.9034 1889.26 1748.99 1668.86 1417.5 202.822 97.5802 1457.86 504.702 392.817 142.801 197.047 504.39 263.823 80.1381 1476.79 759.138 230.388 183.884 398.73 635.536 181.603 401.925 528.75
internal_count=91313 55301 36012 47217 25177 33031 14186 10438 10835 18121 8084 8205 14739 8798 5941 3424 14910 6684 2381 6318 3234 8042 1286 1220 5004 1394 14418 6934 4098 8226 5374 3187 1843 3055 744 2727 5399 3594 1805 4517 6544 3922 1682 2836 1041 2396 2707 1353 2805 1371 919 7484 4180 5029 780 1077 4262 3703 3259 1408 2823 2346 596 2359 2187 1060 1291 1406 2279 1315 779 2311 1948 3610 3143 2223 1764 1127 887 1580 767 561 1357 2498 1636 1648 5981 862 726 3304 1056 572 2248 1794 353 454 1794 1545 3943 666 3277 423 305 4303 4019 3701 3277 723 405 3002 1234 970 486 597 1148 587 318 3142 1759 698 581 973 1692 619 835 1061
is_linear=0
shrinkage=0.0200396


Tree=7
num_leaves=127
num_cat=0
split_feature=18 21 21 18 18 21 21 21 18 18 21 18 18 18 18 28 18 0 29 21 32 19 0 18 21 12 37 37 33 39 18 44 19 14 34 21 21 17 32 10 0 40 11 37 30 4 42 44 18 36 20 10 32 10 21 18 21 24 18 18 21 16 31 10 44 21 21 22 24 28 28 11 5 31 21 22 41 21 22 33 24 31 21 18 0 18 29 21 10 31 13 0 16 19 38 73 28 41 31 4 29 39 11 20 42 21 11 24 4 32 10 30 18 31 18 14 18 33 4 16 28 10 11 16 21 26
split_gain=1355.34 478.405 447.064 405.603 346.65 292.144 253.277 219.516 190.41 172.498 153.149 193.084 137.471 127.124 125.228 119.123 111.087 117.771 85.0061 88.8129 82.9802 97.6616 109.766 89.338 87.3767 79.4697 83.9641 92.1719 74.0516 73.3007 71.4634 111.681 110.596 71.2673 65.1203 64.778 64.7609 66.2385 64.3508 69.1838 61.982 83.8994 61.9765 61.4837 61.4653 59.748 58.7384 81.6976 57.9666 62.2109 55.7921 52.411 111.888 78.9593 52.335 52.2907 52.1499 56.1429 56.7505 51.8834 105.665 69.1136 57.8741 61.5709 51.6539 59.2489 51.4396 56.9893 51.3741 51.4348 50.3145 49.8998 49.0462 56.5848 47.8003 49.0788 47.1921 45.9333 47.7177 45.4779 45.4111 50.9114 44.9366 80.9995 44.5346 52.9912 64.8126 92.2942 43.8017 42.6013 52.5835 42.3709 91.6519 43.5817 41.6495 43.4191 41.9971 41.7609 40.6568 39.9693 41.4075 60.1459 39.7172 49.7833 42.2981 39.5376 39.0961 39.0651 39.0562 48.3895 38.2307 38.0105 44.2751 37.948 37.8366 39.9451 37.8048 37.7684 36.5348 36.3462 36.1279 35.9839 35.5883 35.5847 49.3434 50.1198
threshold=-0.045163672417402261 -0.056125720962882035 -0.091404747217893587 0.071790568530559554 -0.25816884636878962 0.16132135689258578 0.048428479582071311 -0.2402180880308151 -0.094419144093990312 0.15422734618186953 -0.41468890011310572 -0.5655512511730193 -0.11758166924118994 0.038615768775343902 1.0000000180025095e-35 0.055247748270630843 0.14698633551597598 0.058238636702299125 0.074718493968248381 0.11128928512334825 -0.10729103535413741 -0.13648257404565808 -0.1207386367022991 -0.19163300096988675 -0.065747275948524461 0.032683486118912704 0.20494996756315234 0.071097072213888182 -0.049243405461311333 -0.12441409379243849 -0.33050926029682154 0.030556644313037399 -0.0208973865956068 1.2439939975738528 0.19736090302467349 -0.003527902532368898 -0.20365619659423825 -0.24302459508180616 -0.3769537210464477 -0.20310875028371808 0.098011363297700896 0.0080935254227370041 0.14800114184617999 -0.071092445403337465 -0.11689102277159689 -0.32718469202518458 0.36717376112937933 0.043733684346079833 -0.37081009149551386 0.24825175106525424 0.12233592942357065 0.017849083989858631 -0.45472048223018641 0.44757153093814855 0.22033354640007022 0.31566222012043005 0.048428479582071311 0.46417084336280828 0.10261145979166032 0.51945495605468761 0.35118664801120764 0.32349844276905065 -0.024168825708329674 0.15771592408418658 -0.1164804734289646 -0.1747915297746658 -0.00737652345560491 0.29807107150554663 0.46417084336280828 0.26198987662792211 -0.0094728171825408918 -0.27054446935653681 1.0000000180025095e-35 -0.29020427167415613 0.026619628071784977 -0.28093370795249933 0.58312836289405834 -0.63534316420555104 -0.064155463129281984 -0.30927447974681849 -0.20868398994207379 -0.010817602276802061 0.59813982248306286 0.43864586949348455 -0.1264204531908035 -0.03951717168092727 -0.27418446540832514 -0.13694676011800763 0.29878871142864233 0.15893912315368655 -0.16311229020357129 -0.044034091755747788 -0.68544685840606678 0.7334430217742921 -0.36961722373962397 0.28856328129768377 -0.30297128856182093 0.3982383012771607 0.27730387449264532 0.24534405022859576 -0.10943929851055144 -0.075120948255062089 0.087643403559923186 0.1892817094922066 0.35911291837692266 0.22418217360973361 0.12866553664207461 0.27414903044700628 -0.14091055840253827 -0.16280833631753919 -0.0071833229158073655 -0.43873678147792811 -0.20300517976284024 -0.26940497756004328 0.29839541018009191 -0.10885886102914809 -0.0081464317627251131 0.0010811491520144048 -0.32087123394012446 0.21372038125991824 -0.44502423703670496 0.033098373562097556 0.72093045711517345 0.61204564571380626 0.042655548080801971 -0.110857255756855
decision_type=2 2 2 2 2 2 2 2 2 2 2 2 2 2 2 2 2 2 2 2 2 2 2 2 2 2 2 2 2 2 2 2 2 2 2 2 2 2 2 2 2 2 2 2 2 2 2 2 2 2 2 2 2 2 2 2 2 2 2 2 2 2 2 2 2 2 2 2 2 2 2 2 2 2 2 2 2 2 2 2 2 2 2 2 2 2 2 2 2 2 2 2 2 2 2 2 2 2 2 2 2 2 2 2 2 2 2 2 2 2 2 2 2 2 2 2 2 2 2 2 2 2 2 2 2 2
left_child=2 13 4 6 10 16 14 46 20 68 11 33 36 84 66 30 18 38 56 107 23 24 -23 51 -22 26 27 34 -21 -17 31 32 -12 45 106 -10 -9 -38 -18 -40 -34 -42 -25 50 -15 91 47 -6 77 120 72 -4 -53 -54 -28 -56 -5 58 -58 60 62 -61 63 70 65 -39 -3 108 -7 -70 -27 -37 -33 -74 75 -16 122 78 -13 -32 -41 -82 83 -62 -2 -86 -87 88 -88 -67 -91 -1 -93 -94 -8 97 -97 99 -77 100 101 -96 103 104 121 -64 -11 -20 116 113 -24 112 -48 -110 115 -107 -68 -60 -119 -29 -50 -102 -19 124 -73 -126
right_child=1 3 8 5 7 9 94 12 35 25 15 48 -14 44 74 29 17 76 19 28 21 22 110 42 -26 59 54 119 -30 -31 79 43 40 -35 -36 71 37 64 39 80 41 -43 -44 -45 -46 -47 111 -49 49 -51 -52 52 53 -55 55 -57 57 -59 117 61 82 -63 105 -65 -66 89 67 -69 69 -71 -72 123 73 -75 -76 98 -78 -79 -80 -81 81 -83 -84 -85 85 86 87 -89 -90 90 -92 92 93 -95 95 96 -98 -99 -100 -101 102 -103 -104 -105 -106 114 -108 -109 109 -111 -112 -113 -114 -115 -116 -117 -118 118 -120 -121 -122 -123 -124 -125 125 -127
leaf_value=-0.010037061288133864 0.00486457726247062 -0.00031580064830812927 -0.0043647176363299433 0.0051569817264783763 0.018222905115047757 -0.0071991339038953127 0.00430994023962395 0.00054245821459086819 -0.0033955643451540319 0.0058091082960217578 -0.044782826210734275 0.011593747544614995 0.0034125729971732945 0.029832656610611706 0.020938845327103068 -0.0075211275431347488 0.0031427501634908785 0.025954685479621441 0.0084135109913252241 -0.0095400387204813281 -0.015539649381901216 -0.0084848417372456551 -0.029125161785149949 -0.0032871804501489786 -0.04582992824076712 -0.012901316477950803 0.012219364384031765 0.01623874653659035 0.0056106444623820906 -0.041606234436128001 0.0084257010806913311 -0.0086092097942853437 -0.0072133494302744506 -0.0020946132855725634 0.015168483635308162 0.0051748099260868928 0.0059625058457219602 -0.0053776069593246874 -0.0038160222073448588 0.027995636604278156 -0.0046213749106640651 -0.043463660409610909 -0.016444109147038422 -0.0025200407076088208 0.013737246571019296 -0.0088419389146879562 -0.00055145296782590331 0.0052435558130385007 0.0025308419975746286 -0.001779757221786839 -0.0039258421700394232 -0.014174870536382309 -0.066174784332366648 -0.0098600379019515086 -0.0033488752481718956 0.0079910723087216144 -0.0093778917998282706 0.0098276692713365355 0.0054322809026716035 0.01682136041559339 -0.0058649516949899 0.001633009908274317 0.015263863215370897 0.0079063647772246535 -0.0041823113950889097 -0.010467975023992165 -0.003004848627848342 -0.019538602772297704 0.0045258874688853612 -0.0054508149644121977 0.0012466434618923559 -0.0089084510404962569 -0.0053832067806132526 -0.045789003632320573 -0.00039519489029549501 0.0027879652375815368 0.0066850063496519422 -0.0023205186135268206 -0.0032510686264197917 -0.0062270794854904993 0.0078603926518162701 0.017344687775559725 -0.011571252467094855 0.0065828650771745127 0.0027626112500416201 3.6905667426440849e-05 0.042418785944010079 0.012024426268645349 0.0046495459114455516 -0.038790606931267645 -0.0090362660285985812 -0.0058227818689427632 -0.056770298371004932 -0.0091403956243165697 -0.010650586461261127 -0.002422573347636181 -0.025390485078077778 -0.0025020349186648154 0.010262638496416473 -0.0035363141267409407 -0.033455451561535697 -0.036328540196130382 0.0003133559380666005 -0.0045933527189145149 -0.010100459642345093 -0.0028360665207718535 -0.00083018964578676082 0.017409213402809754 -0.0010241964852060849 -0.0042920528219181336 -0.0080352751512681505 0.00051064767688005052 0.019152486359273288 -0.028565267202722851 0.012354331289149435 0.006592204403121674 0.0119189682060116 -0.012246825972085448 0.00097656525108473372 0.003594972382594301 0.028760854097151661 -0.003630578068788368 0.0019034747218252238 -0.0001376768878622704 -0.0090349574354663138 -0.033388974648489306
leaf_weight=111.73529280198272 1253.079870432266 1227.9100366838975 98.14146232989151 1026.1143274847418 316.27045154140797 1003.6337809384568 97.729930893634446 796.73054450505879 1457.4524230537936 786.8109408209566 52.055463573196903 203.96436559187714 1374.3741998563055 118.49260113597848 58.500360609963536 55.516332768602297 741.7092376339715 270.61923547962215 656.14061053842306 137.30415507720318 123.66184886696283 500.51934878504835 196.24474325054325 647.53138696704991 81.432389646535739 196.31176049797796 107.49965499457903 472.7623462168267 626.82288873766083 58.766231683432125 73.233496289001778 86.654952526674606 205.56349465192761 367.00485830521211 178.14002441999037 53.130768680479378 147.46775755379349 416.47000953031238 110.87912740418687 51.626443413319066 46.300590637954883 35.39170672011096 168.27796391758602 412.05861074919812 771.5546177807264 551.77481839456595 74.46577975503169 529.57681266276632 36.088732425472699 74.327216197038069 130.96171010937542 232.16803025407717 15.5474976854166 27.007169578224421 813.25367838633247 177.7071668949211 322.56111885991413 138.42947584739886 312.11300963489339 142.71190539223608 776.2844273931114 453.89080219494645 132.55465372430626 145.38481049286202 1072.901485312148 256.06983166956343 217.17175350233447 97.860822780174203 398.9175578757422 381.24029662867542 175.26512139139231 300.7122033360647 28.241389416973107 32.084067765041254 737.96889408363495 1132.3503062555101 112.31472416431643 965.51402528199833 123.86412267538253 726.40188834082801 924.8506268626079 331.6931777667487 275.47874849126674 260.9507495110156 266.18329145188909 117.66745677310973 51.544955312623642 518.57804383069742 22.531300962087698 49.591531178448349 64.782819092972204 47.295159174827859 26.521605771966279 22.039615722722374 167.60571327095386 52.925923671922646 87.905936239869334 584.16842870949768 386.9443284132285 433.93689014192205 60.611541873426177 40.881998747121543 158.896628100425 340.15223568293732 273.20056092576124 348.13458023127168 620.11416368337814 338.88216141995508 30.831311357324012 369.27649638231378 69.394964901730418 645.32205148867797 83.148713750531897 46.431235744967125 149.93786092463415 326.05246204161085 70.204199663945474 108.42972733452916 213.29651830275543 133.37280195602216 54.510176083422266 28.227465961244889 31.365604958380572 75.781857896363363 88.224606894305907 79.794461405836046
leaf_count=262 2531 2313 243 2080 1009 2457 230 1541 2862 1747 433 490 2769 570 219 130 1498 1090 1435 303 396 1399 878 1486 594 516 260 1417 1109 450 190 214 477 818 516 126 303 803 211 305 94 335 476 968 2090 1454 106 1165 70 236 248 698 341 81 1378 330 723 274 662 474 1747 860 426 429 2326 620 593 361 724 668 247 762 74 308 1341 2258 292 2096 188 1501 2015 931 630 588 482 210 398 1165 56 366 162 101 336 54 364 81 402 1177 848 995 380 290 409 671 580 641 1251 986 59 659 159 1139 280 269 364 617 228 265 431 213 345 57 68 99 209 469
internal_value=6.93477e-05 0.00292497 -0.00477422 0.00185979 -0.00252232 0.00369854 -0.00222855 0.000710034 -0.0102589 0.00124016 -0.00666603 -0.00341556 -0.00173451 0.0102308 0.000615609 -0.0108911 0.00690118 0.0101295 0.00470751 0.0079378 -0.0144037 -0.018853 -0.0147141 -0.0104616 -0.0311183 0.00272061 0.00492686 0.00717347 0.00266444 -0.0292064 -0.00937647 -0.0128416 -0.0219918 -0.00955477 0.00450312 -0.00578356 -0.00426923 -0.00616923 0.00808047 0.0105599 -0.0146992 -0.0275053 -0.00640929 -0.0077427 0.0166163 -0.012979 0.00684715 0.0104746 0.00139838 0.011746 -0.0146321 -0.0183761 -0.0226205 -0.0468033 0.000381013 -0.00115974 0.00196448 -0.00106613 -0.00286082 0.000552966 -0.000605947 0.005792 0.00304978 -0.00226637 -0.00720341 -0.0110657 -0.00295729 -0.00672882 -0.00425459 -0.00035657 -0.00652336 -0.0112316 -0.0222551 -0.0337767 0.00379608 0.00574104 0.0197665 -0.000104398 0.00610074 -0.00466077 0.0118382 0.0106504 -0.00469874 -0.00264424 0.00752897 0.0107389 0.0135325 0.0161337 0.03479 -0.0167267 -0.0264448 -0.0218828 -0.0308877 -0.0452797 -0.00753461 -0.00810234 -0.0183677 -0.00720318 0.00482895 -0.00895613 -0.0110226 -0.0189553 -0.00862917 -0.0106137 -0.0156133 0.00592085 0.00291097 0.0118225 -0.00444121 -0.00800036 -0.02474 0.00282528 0.0109026 -0.020389 0.00401541 0.00178067 0.00124622 0.00066158 -0.00398844 0.0137042 0.0210445 -0.0267406 0.0237773 -0.0130187 -0.0149853 -0.0233457
internal_weight=39303 24732.9 14570.1 21613.3 10355 14911.6 6701.69 5827.17 4215.02 8456.41 4527.87 2584.64 4178.39 3119.63 4375.45 1943.23 6455.15 2575.06 3880.09 1759.15 2159.93 971.253 766.159 1188.67 205.094 6672.62 3289.66 2191.2 764.127 114.283 1828.95 1029.31 339.311 1126.37 1585.07 2055.1 2804.01 2007.28 2160.76 1419.05 287.256 81.6923 815.809 690.001 890.047 759.366 1648.78 845.847 1458.27 164.926 277.942 372.864 274.723 42.5547 1098.46 990.961 2120.94 1094.83 956.4 3382.96 2786.36 596.603 1473.64 516.962 1859.82 786.914 2059.69 831.776 1783.79 780.158 371.577 597.644 146.98 60.3255 2315.76 1577.79 414.3 1293.34 327.828 799.635 1308.17 1256.54 1312.71 1037.24 2229.58 976.505 710.322 592.654 74.0763 370.444 114.374 207.592 95.8564 48.5612 2326.24 2228.51 140.832 2087.68 1519.29 1503.51 1069.58 208.488 861.088 702.192 362.04 956.68 1406.93 995.023 733.915 446.539 265.64 802.937 157.614 77.2625 824.125 674.187 287.376 633.839 321.726 606.135 90.5989 88.839 301.985 544.513 468.731 168.019
internal_count=91203 55464 35739 47962 24461 33178 14784 12589 11278 18500 11872 6450 8890 7502 9148 5422 14678 6410 8268 3833 6751 3426 2436 3325 990 14651 7112 5144 1412 580 4842 3151 1339 3025 3514 4527 6121 4580 4960 3462 906 429 1962 1812 2660 2207 3699 2174 3425 651 844 1363 1120 422 1968 1708 4435 2355 2081 7539 6205 1334 3240 1192 4277 1951 4482 2169 3849 1392 763 1665 596 382 4666 3325 1450 2774 678 1691 3251 2946 2965 2335 4842 2311 1829 1619 454 1148 528 753 491 390 5636 5406 483 4923 3106 3746 2751 654 2097 1688 1017 2048 2998 2421 1808 987 1037 1525 386 328 1622 1258 821 1358 696 1630 415 437 1158 1539 1440 678
is_linear=0
shrinkage=0.0200396


Tree=8
num_leaves=127
num_cat=0
split_feature=79 73 73 11 41 23 19 15 17 33 21 28 31 39 37 11 37 19 11 5 84 9 25 32 10 33 34 19 20 28 39 14 36 40 36 39 10 41 31 44 11 73 5 24 19 35 30 22 11 14 17 19 39 20 10 35 21 11 17 32 19 42 17 35 17 29 17 20 34 24 31 30 39 10 19 33 10 24 19 21 22 34 33 36 21 36 44 10 20 4 4 40 19 44 1 39 33 10 17 33 15 43 0 35 5 23 15 11 44 69 14 37 35 5 36 23 44 43 25 17 29 11 19 20 4 52
split_gain=154.263 64.8346 51.2631 45.348 73.5349 50.2901 36.9025 47.3391 46.071 56.008 93.6172 36.1084 52.6456 35.8793 35.2088 46.1643 42.9884 54.8093 59.9443 43.0443 35.0777 33.1714 33.1356 31.2145 38.2499 30.7375 60.7839 37.0867 57.4514 34.8064 70.6283 54.5314 50.1209 33.218 30.246 29.5335 28.4951 28.2527 26.9939 40.1775 43.6056 37.8857 30.0028 40.3601 26.694 26.1749 27.3473 33.7581 31.159 29.5746 26.9028 25.9872 30.5879 25.875 26.0579 25.6857 25.4774 25.1092 26.0493 24.9037 45.5506 27.7426 24.8462 24.7132 28.0089 23.7706 34.2865 28.0817 23.8352 26.5526 26.1754 23.8089 23.7646 23.9102 37.3274 23.761 22.8545 22.4779 22.4628 22.3822 22.1337 21.7789 21.2755 24.9812 35.8995 35.8925 28.7845 26.1558 24.2753 21.2434 21.0236 20.9349 33.3943 21.1 20.8186 20.6395 20.4167 20.3606 20.3473 26.6459 53.1481 20.2139 20.2073 20.0889 24.7063 24.3415 20.0687 20.0611 22.0427 20.0252 19.8484 19.7371 19.4539 19.1984 19.0788 20.0451 18.9183 25.991 34.121 25.8998 18.4891 18.4231 21.5227 39.1708 35.0649 19.8736
threshold=-0.3266893178224563 0.043534483760595329 -0.0110492967069149 0.43090447783470159 0.079977758228778853 0.63526490330696117 0.035669177770614631 0.30808432400226599 -0.44574284553527826 -0.39756815135478968 -0.60776138305664051 -0.24816893041133878 -0.10482765734195708 0.46012803912162786 0.078848108649253859 0.12322544679045679 0.22459689527750018 -0.15316089242696759 0.16449010372161868 -0.37499999999999994 0.014288586564362051 -0.015856276266276833 0.24754603952169421 -0.023745078593492504 0.12871314585208896 -0.49124407768249506 1.1106227040290835 0.018749561160802845 0.016638056375086311 -0.19040416926145551 -0.059513544663786881 0.44819819927215582 -0.24825175106525418 0.067446041852235808 -0.30419580638408655 -0.17597936093807218 2.1500921249389653 0.51497328281402599 0.70023125410079967 0.042369695380330093 0.069914728403091445 0.089396376162767424 -1.0000000180025095e-35 -0.30912111699581141 0.18826884031295779 -0.091034036129713045 0.14741253107786181 -0.15484153479337689 -0.058884857222437852 0.38663664460182195 -0.10358837619423865 0.10866808518767358 0.0045822057873010644 -0.28900365531444544 -0.22596921026706693 -0.11886614561080931 0.22803078591823581 0.23249562084674838 -0.043614266440272324 -0.89062622189521778 0.74950930476188671 0.13789287954568866 -0.066014673560857759 -0.065096244215965257 0.21375665813684466 -0.27418446540832514 0.60006472468376171 0.016638056375086311 0.84165269136428844 -0.31596656143665308 -0.28805516660213465 -0.17417857795953748 0.089819889515638365 0.37761187553405767 0.13971650600433352 -0.041362559422850602 -0.024986147880554196 -0.14688208699226377 -0.19820298999547956 -0.069595895707607255 0.089287430047988905 0.074443127959966673 0.59314322471618663 0.41608391702175146 -0.16709429025650022 0.26923076808452612 -0.21101503819227216 0.033098373562097556 -0.15453615039587018 0.11699771881103517 -0.47416162490844721 -0.03147481940686702 0.11740412190556528 -0.1164804734289646 0.092329546809196486 0.025813315063714985 -0.00080075359437614668 0.16872551292181018 -0.25834171473979944 -0.033015942201018326 0.1613774970173836 -1.3233359456062315 0.19744318723678592 0.38385522365570074 -0.37499999999999994 -0.19589583575725553 -0.12585900723934171 0.16449010372161868 0.12962345033884051 0.13667786121368411 -0.072822824120521532 -0.10677897930145262 0.43177284300327307 1.0000000180025095e-35 -0.28321677446365351 -0.22679051011800763 -0.028311114758253094 -1.7577797848389307e-06 0.19708681106567386 0.13163382560014728 0.23256482183933261 0.46555666625499731 0.105399027466774 -0.52062478661537159 -0.085229709744453416 0.019770286977291111
decision_type=2 2 2 2 2 2 2 2 2 2 2 2 2 2 2 2 2 2 2 2 2 2 2 2 2 2 2 2 2 2 2 2 2 2 2 2 2 2 2 2 2 2 2 2 2 2 2 2 2 2 2 2 2 2 2 2 2 2 2 2 2 2 2 2 2 2 2 2 2 2 2 2 2 2 2 2 2 2 2 2 2 2 2 2 2 2 2 2 2 2 2 2 2 2 2 2 2 2 2 2 2 2 2 2 2 2 2 2 2 2 2 2 2 2 2 2 2 2 2 2 2 2 2 2 2 2
left_child=2 6 25 5 -5 14 7 11 103 10 35 12 20 59 15 23 21 18 19 -18 -2 97 -19 24 55 26 36 28 29 30 33 32 -31 -27 81 -10 -1 45 39 41 94 -4 121 -44 -7 50 47 49 -48 -47 76 52 75 95 106 -3 90 -53 -59 -11 -61 110 -24 64 -20 68 67 91 69 70 -29 -69 73 74 107 77 -13 -36 -51 -30 -60 -17 83 85 -85 87 -87 88 96 -12 -43 -67 113 -94 -41 -49 -34 -16 -23 100 -100 -90 -50 104 105 -8 -55 -45 -109 -77 -62 -96 -56 -93 -76 -116 119 118 -118 -101 -74 122 123 -42 125 -125
right_child=1 3 38 4 -6 44 8 -9 9 13 89 37 -14 -15 16 34 17 22 63 -21 -22 98 62 -25 -26 27 -28 65 79 31 -32 -33 82 -35 51 -37 -38 -39 -40 40 42 56 43 72 -46 46 48 53 102 78 -52 57 -54 54 112 -57 -58 58 80 60 61 -63 -64 -65 -66 66 -68 71 -70 -71 -72 -73 120 -75 114 109 -78 -79 -80 -81 -82 -83 -84 84 -86 86 -88 -89 101 -91 -92 92 93 -95 111 -97 -98 -99 99 116 -102 -103 -104 -105 -106 -107 -108 108 -110 -111 -112 -113 -114 -115 115 -117 117 -119 -120 -121 -122 -123 -124 124 -126 -127
leaf_value=-0.033385165348156262 -0.0055730946855820362 0.0017627943960284579 -0.00083272924428906862 0.004898455395099097 -0.0049954094324412427 -0.0043430956618013663 -0.008954537698853262 -0.015509831619271042 0.0082357378532951133 -0.0054298904720376908 0.035861930533800102 -0.015634816074019665 -0.012628053793151286 -0.0068788043802513596 0.011437854501863883 0.0002965173346032443 0.0045557750442925303 -0.0012646705403207982 -0.010587606460547877 0.023041659233752867 0.0022920657755879956 -0.0042695446216207507 -0.0051315609345171081 0.00074746176745652112 0.0035952435311421165 0.0028226966202836564 -0.0027971887450651024 -0.0010375306512530565 0.0031845911107974945 0.0089987687751773709 -0.026439861576396384 0.0029297985333769992 -0.024297765279874425 -0.008303285779422442 -0.00014200842438006296 -0.0085358891301869702 -0.0037589869360169282 0.0059214995278707508 -0.0054010936776738095 0.012642924860718514 -0.008656123737638962 0.0096192078685175264 0.0028253303361841955 -0.0011329147740978813 0.007371998020640984 -0.0037583471152633145 -0.010601574991791962 0.017681440552063016 -0.0039289388804960969 -0.0059771191850219304 -0.0011660771116167935 -0.00017018733013147931 0.0072097356126550579 0.018887431404820635 0.0017458929272248871 0.014833821085045459 2.1118097831459178e-06 -0.0097436638992137482 0.0072179785531935117 0.0017084949682685717 0.0018556163065822876 -0.00044966282373451862 0.007168057991233899 0.010479249575894457 0.0027732361120505881 -0.0011934528952450669 -0.012306221187406565 0.0029203699081895682 0.0024536524321175299 -0.0022716510195654877 -0.015317861121396725 -0.0027634985568550535 0.002610468477762291 -0.0003910504226788831 -0.0021219023310602176 -0.0090321447742601289 -0.0029293737318489498 0.0095345591612825895 0.0033039102548606137 -0.0017684303609468404 -0.0067853778903322007 0.01190692393589041 0.00059457170322771359 -0.0030168028599908102 -0.01796397558390532 0.0043960390043007325 -0.005793187377719603 -0.0018725972916755608 0.0027519005644210805 0.0054397290187571225 0.0034223522606647914 0.0069843769201933699 5.3661800335550444e-05 0.012743528506888164 0.010647120567412098 -0.00046799085527782886 -0.0058009589827827243 -0.0015107341818756592 0.020769426194126729 -0.0058842541119646609 0.0051612283270688333 -0.0079970625640839298 0.0044687569487324112 -0.00028744720062863705 -0.014093936151836701 0.0094949740474166953 0.00052514569117447765 -0.0038584851980054497 -0.015845092410711008 -0.00037378453880720442 0.018681163152793005 0.00040793437891839318 -0.0040027210682479974 -0.003366763410572939 -0.0053395211591686564 -0.01936568288349997 0.025714715117857775 0.0039493331114759363 -0.00010866769563559632 0.003534821682603015 -0.0056761931318706103 -0.0051097605574300558 -0.0017409278170767359 0.018854520846337694 0.0015706359288862408 0.0030311629009817844
leaf_weight=26.430353832663968 431.04439154581632 89.413351135910489 1580.9582578890258 455.19550054403953 788.07918212749064 538.0375489158323 31.417699703597464 61.583350591361523 70.547105532488786 151.94125538179651 34.911102023907006 93.096701424685307 200.54574320826214 169.09195174032357 522.68043467204552 131.56148248445243 107.09616302966606 1240.4865584747167 66.193063243757933 108.14185753336642 432.19272847508546 77.062287101056427 59.807788233621977 763.46682189567946 887.3636890106136 116.84834230574779 196.81289042218123 87.029292282415554 442.50090368534438 75.571486943517812 59.149652936495841 393.48082525725476 53.41947290324606 566.8981018505292 368.47241017362103 50.44790211704094 27.071708992007188 280.46286502282601 362.61173093877733 51.35394952527713 58.894345477106981 269.38297561893705 258.56899015209638 301.30874603753909 66.635500917793252 973.65325352048967 162.00644573802128 49.180599389481358 277.44236863846891 103.33438989811111 591.07714590465184 464.03956525039393 225.41462795261759 36.747484308318235 2614.2705598742468 236.01684631826356 670.07261744013522 311.77368314634077 70.503291614120826 3630.4616623999318 43.630564633058384 60.924497550469823 349.96209470147733 69.58697903517168 178.2728229672648 202.58430367824621 52.698609900660813 447.85029643389862 265.19007324893028 805.86312617955264 121.1907876272453 766.36450861918274 217.56567608274054 188.15128952334635 58.319597913883626 162.88125957164448 140.78354337927885 104.04864343791269 553.42795731453225 1668.4057420684258 61.355119748273864 108.48998948722146 188.97945454600267 124.65442602674011 145.00572575069964 231.15761134040076 171.89429747697432 318.4139064012561 64.273753721849062 23.014293727697805 1168.4158791016089 90.632223875145428 66.420173310325481 245.74443775811233 60.399005308863707 33.796449713525362 65.436718278098851 45.206271086935885 98.096540500759147 155.78258696699049 410.56088789738715 645.10259194974788 160.63686801097356 190.27846138784662 117.57009058364201 33.886819371138699 42.317452156916261 193.50349455559626 87.138708061422221 259.84459461132064 109.57841685868334 694.52086177503224 235.17997116688639 165.41336429945659 82.41780475678388 180.8220882533351 29.459431308321655 749.24579408729915 30.663196063251235 308.27363017154858 170.71772401547059 210.79574921913445 488.42649470816832 83.759630233515054 254.47903306328226 61.772911033709534
leaf_count=220 899 311 3593 986 1616 1019 156 195 189 381 301 339 522 330 1414 315 180 2577 170 431 973 197 130 1797 1943 348 485 171 864 161 306 811 291 1431 713 114 47 649 823 183 143 777 520 635 153 2113 447 225 535 234 1274 1083 559 168 5580 779 1309 785 161 8263 79 138 759 165 287 463 176 1023 562 1831 456 1863 479 409 102 355 276 214 1114 3518 184 333 418 244 455 446 349 616 111 50 2744 250 194 706 194 72 179 93 379 342 820 1695 330 332 378 93 96 435 247 464 398 1549 510 333 197 670 167 1559 82 607 444 488 1241 318 452 102
internal_value=2.77422e-05 0.00109513 -0.00143826 0.00223172 -0.00133871 0.00270462 9.43795e-05 -0.000780077 0.00147843 0.00206758 0.0123477 -0.000605733 -0.00397802 0.00155471 0.00308797 0.00175252 0.004301 0.00221547 0.00767064 0.0152386 -0.00166945 0.00613022 0.000373761 0.00397159 0.0059407 -0.00247419 -0.00911317 -0.00225601 -0.00328801 -0.00496314 -0.00874734 -0.00375154 -0.0050377 -0.00635302 -0.000197939 0.000933261 -0.0241622 -2.59821e-05 -0.000244333 2.4236e-05 -0.00144418 0.0015008 -0.00259035 -0.00423675 -0.00279112 -0.00032512 0.000200748 0.000728578 -0.0037348 -0.0015752 -0.00358872 -0.00102155 0.00100751 0.00198196 0.00161061 0.0116227 0.00324585 -0.00349928 -0.00677601 0.0019537 0.00228076 0.0107806 0.00514767 0.00174917 -0.001436 -0.000582758 0.000757244 0.0012552 -0.00269884 -0.00408394 -0.0100933 -0.000641909 -0.0055048 -0.00699523 -0.00831757 -0.000691678 -0.0089974 0.00232789 0.00166256 -0.000701296 0.000571702 0.00617277 -0.00567425 -0.0063317 -0.0118829 -0.00519262 -1.45237e-05 -0.00696766 -0.0088099 0.0288611 0.00472909 0.00418548 0.00609575 0.0102494 0.00261527 0.0116588 -0.0168264 0.0103569 0.00471864 0.00516653 0.00899157 -0.0069461 -0.000756375 -0.00505916 -0.00938413 0.000439445 0.0114882 -0.00493129 -0.00856355 -0.00403486 0.0148062 0.00154845 0.00123782 0.0005586 -0.0136516 -0.0158058 0.00349292 0.00529796 0.0160228 0.000218891 -0.00113205 -7.54535e-05 0.00113554 0.00415345 0.00646419 0.0135332
internal_weight=39542.5 22889.7 16652.8 10699.2 1243.27 9455.9 12190.5 7472.78 4717.7 4344.55 178.92 7411.2 1063.78 4165.63 8851.22 4244.65 4606.58 2179.55 529.291 215.238 863.237 2427.03 1650.26 1976.26 1212.79 8898.49 250.315 8648.17 5331.19 3220.29 742.896 2477.39 2083.91 683.746 2268.38 120.995 53.5021 6347.41 7754.36 7391.75 3702.92 3688.83 2896.64 1738.51 604.673 6066.95 5241.99 4641.91 600.086 1630.42 824.957 2028.33 1120.66 3011.49 2928.52 325.43 2107.87 907.672 443.632 3996.54 3844.6 214.133 409.77 314.053 244.466 3316.98 2037.71 1985.01 1279.27 1014.08 208.22 1214.21 1479.95 1091.66 903.51 895.247 233.88 472.521 656.762 2110.91 131.858 240.051 2008.34 1819.36 269.66 1549.7 403.052 1146.65 828.233 57.9254 1437.8 770.795 568.21 312.165 806.274 82.977 118.856 567.887 1859.14 1782.08 508.657 709.376 438.079 373.153 182.875 65.3045 79.0649 581.951 280.642 422.726 153.209 754.92 2849.45 256.046 321.559 263.24 1273.42 809.368 60.1226 464.056 388.283 1158.13 947.332 458.906 400.012 145.533
internal_count=90959 51882 39077 24129 2602 21527 27753 16551 11202 10243 654 16356 2394 9589 20355 9996 10359 4699 1233 611 1872 5660 3466 4830 3033 21023 752 20271 12243 7861 2085 5776 4965 1779 5166 303 267 13962 18054 17231 8808 8423 6882 4138 1172 13313 11424 10112 1312 3461 1889 4518 2305 6651 6354 1090 4830 2213 1130 9259 8878 615 889 622 457 8028 5008 4832 3020 2458 627 2886 3618 2695 2286 1746 615 927 1348 4382 345 648 4804 4386 699 3687 795 2892 2276 351 3521 1946 1483 900 1926 297 470 1507 4153 3956 1199 1806 865 959 627 249 264 1317 682 819 477 1743 6090 583 969 867 2757 1808 249 949 923 2744 2256 1015 872 420
is_linear=0
shrinkage=0.0200396


Tree=9
num_leaves=127
num_cat=0
split_feature=18 21 21 18 21 21 18 21 18 21 18 18 23 18 32 18 23 18 21 12 18 21 29 21 24 20 11 14 18 0 23 36 11 40 21 18 36 21 18 39 30 21 44 36 24 24 21 18 21 18 30 35 37 40 44 21 17 28 23 10 12 21 38 18 23 10 21 28 12 20 24 21 28 22 23 29 18 84 4 19 73 19 35 10 19 20 44 9 24 10 14 11 44 28 21 18 12 16 84 44 43 18 0 11 21 20 24 18 18 10 39 26 35 35 18 15 15 0 13 11 18 38 30 21 39 29
split_gain=1261.15 445.782 428.368 374.838 283.434 274.697 271.444 250.965 176.534 134.884 203.191 116.805 110.842 105.412 121.214 104.569 104.612 93.5952 93.3496 82.7626 84.9869 104.274 74.5165 89.636 70.222 69.1945 68.7966 62.9428 62.4203 89.3427 65.1506 59.1554 58.2413 57.9532 57.7384 58.3476 57.3518 76.3815 83.3035 72.5625 55.8849 55.8305 55.7253 54.8536 61.5376 52.9066 52.4669 98.1769 104.521 67.4472 52.4191 51.8101 51.7332 51.3178 51.2018 49.8584 48.8573 50.8702 46.5802 46.1993 66.9256 54.3863 45.8368 58.7624 45.4054 62.1194 58.3094 46.9592 45.1572 44.4056 44.3543 51.5001 60.9748 44.1356 44.4292 43.4028 43.3426 42.7335 41.7385 57.6395 46.4712 43.2107 41.5514 57.374 55.0913 41.1577 40.9081 52.533 40.8325 66.3683 40.6542 45.4671 40.4743 40.4599 42.764 40.4145 42.5434 40.3684 36.8381 36.5659 44.0065 36.4289 48.7192 36.2982 35.9646 35.7341 51.7227 35.654 35.2103 34.9022 38.3377 34.6731 34.5427 34.5311 34.3592 34.165 34.0068 33.5656 33.4432 52.8311 33.1578 33.025 37.0367 38.7081 64.774 33.7925
threshold=-0.045163672417402261 -0.063822962343692766 -0.054201411083340638 0.071790568530559554 0.044579859822988517 0.16132135689258578 -0.19699198007583615 -0.21905067563056943 0.15422734618186953 -0.323604866862297 -0.39823217689990992 1.0000000180025095e-35 0.0054167835041880616 -0.094419144093990312 0.12497277185320856 0.15422734618186953 -0.01612245291471481 0.038615768775343902 -0.48845414817333216 0.032683486118912704 0.30853129923343664 0.21199487149715426 0.074718493968248381 0.11128928512334825 -0.10511375218629836 -0.20459371805191037 -1.1949683427810667 -0.13588587939739225 -0.082451522350311265 -0.13494318723678586 0.071977116167545332 -0.080419581383466707 0.062919858843088164 0.16636690497398379 0.050994226709008224 0.10261145979166032 -0.52447551488876332 -0.60776138305664051 -0.66585803031921376 -0.1665149852633476 -0.11689102277159689 -0.02148813288658857 -0.022387347184121605 0.010489510372281076 -0.14343295991420743 -0.28175139427185053 0.59813982248306286 0.43864586949348455 0.39608724415302282 0.5698031783103944 0.32312029600143438 -0.27621042728424067 0.064191088080406203 0.61420860886573803 0.097830075770616545 0.54490056633949291 0.42945490777492529 0.20878445357084277 -0.20348022878170011 0.2543345987796784 0.25286698341369634 -0.09397049248218535 -1.0000000180025095e-35 -0.2005786597728729 0.015554804820567371 0.15771592408418658 0.22418217360973361 -0.016165135428309437 -0.23222476989030835 0.010143240448087456 0.60339096188545238 -0.26715843379497523 -0.050736164674162858 -0.28919719159603113 0.19147858023643496 -0.016582334414124485 -0.31688533723354334 0.28934720158576971 -0.085229709744453416 -0.113651055842638 -0.10456822812557219 0.14541483670473102 -0.21747704595327375 0.34627233445644384 -0.12559868395328519 0.05629320070147515 -0.020080232992768284 0.42227664589881903 0.015972431749105457 0.020364711061120037 0.19294294714927676 -0.41620448231697077 -0.38859486579895014 -0.091636665165424333 0.0048107763286679992 0.20682264864444735 0.43635320663452154 -0.025192343629896637 0.33110514283180242 0.078957293182611479 -0.78662651777267445 -0.022349069826304909 -0.27414773404598231 -0.1038641147315502 0.054842848330736167 0.075908888131380095 -0.14688208699226377 -0.33050926029682154 -0.03951717168092727 2.1500921249389653 -0.19499245285987851 -0.15656767040491101 0.063651375472545638 -0.37038965523242945 -0.94762483239173878 0.60458651185035717 -0.09651764482259749 -0.14630681276321408 -0.1041060909628868 0.18264014273881915 0.24641002714633944 -0.36961722373962397 0.70172697305679332 0.072161644697189345 0.35710500180721289 -0.043251998722553246
decision_type=2 2 2 2 2 2 2 2 2 2 2 2 2 2 2 2 2 2 2 2 2 2 2 2 2 2 2 2 2 2 2 2 2 2 2 2 2 2 2 2 2 2 2 2 2 2 2 2 2 2 2 2 2 2 2 2 2 2 2 2 2 2 2 2 2 2 2 2 2 2 2 2 2 2 2 2 2 2 2 2 2 2 2 2 2 2 2 2 2 2 2 2 2 2 2 2 2 2 2 2 2 2 2 2 2 2 2 2 2 2 2 2 2 2 2 2 2 2 2 2 2 2 2 2 2 2
left_child=2 17 6 4 11 15 9 70 56 10 26 41 25 14 -9 22 69 59 31 20 21 42 34 -24 -25 51 -1 -18 29 62 52 -12 -23 97 -5 -36 109 38 39 -38 77 111 -10 44 107 -14 47 48 64 -48 78 -11 58 -29 68 -56 118 -58 -31 60 -2 -62 -4 114 65 67 -66 -21 -22 95 71 72 -8 -13 85 -42 90 -19 79 -43 -80 -81 -71 84 -84 -75 -86 -88 89 112 -20 -92 -32 -30 -95 -17 104 -16 -50 100 -39 102 -61 -87 -97 -96 -107 -27 -83 110 -28 -3 -47 -68 -64 -51 -46 -101 -7 -120 -115 -6 123 -123 125 -125
right_child=1 3 28 5 121 8 7 13 19 12 18 73 45 -15 33 16 27 40 76 46 54 32 23 24 -26 43 36 53 93 30 92 -33 -34 -35 35 -37 37 99 -40 -41 75 50 -44 -45 116 88 49 -49 98 115 -52 -53 -54 -55 55 -57 57 -59 -60 101 61 -63 63 -65 66 -67 113 -69 -70 82 -72 -73 -74 74 -76 -77 -78 -79 80 81 -82 108 83 -85 86 103 87 -89 -90 -91 91 -93 -94 94 105 96 -98 -99 -100 117 -102 -103 -104 -105 -106 106 -108 -109 -110 -111 -112 -113 -114 120 -116 -117 -118 -119 119 -121 -122 122 -124 124 -126 -127
leaf_value=0.0022700318641626833 0.0084373234127036057 -0.0059769325528823553 -0.01768079913859304 0.0056459678775403642 0.0032248307036263895 -0.01733806496618065 0.0093550235215547617 -0.0021905670645438464 0.020684561201899376 -0.0072451694870384565 0.024552626207832551 0.016581368197222172 0.001725918166200793 0.0019250624622070998 -0.019585954776582683 0.0084119008756485675 0.0073450166404577079 0.042602820594403956 0.0090661516622094953 -0.012155456521942734 0.0013946725585260384 0.0094332907972503217 0.011500206238566863 -0.0090605316162410271 0.0054070157513484655 -0.021754939590949332 -0.0047914556549646051 0.027759015160170885 -0.0016688489704148669 -0.0072714384384084813 -0.014850957068405701 0.0054126410577171116 -0.0015168596522148257 0.0017006962171041127 -0.0069710318332508667 0.0022974387469392133 -0.0018487895789383688 -0.00112775989481882 0.0016794351929362641 -0.018834455686840786 0.010867599369385628 -0.014600018923737501 0.0056665804810558003 -0.016406732456690363 0.00037239853660032252 -0.04205419890855925 -0.011088295172838384 0.0094453769007426767 -0.011743342600703911 0.0084518992806448083 -0.015019493438288106 0.0042876818690320397 -0.0019082824808382521 0.0027703950986957787 0.0082705969175224086 -0.0044156561675017456 0.0052518913793985524 -0.0047257573142891491 -0.025756120723435458 0.019100118702631484 0.037617017324601473 0.0018606817755909462 -0.00016329200743237971 -0.0050041652305359216 0.017172907928309125 0.006126134324732229 -0.0024695378593284712 4.8257468199774505e-05 0.016374120405820987 0.0008787385851092049 -0.0073865019164611597 0.0041178538801158624 0.029747180409309182 0.0044352091000348856 0.0071195828396371716 0.028931379296788066 0.0040658164083259458 0.012920464002852142 -0.020556022440191578 0.0091845023308903435 -0.004139187954727749 0.0063551448886663428 0.0079825619944012514 0.0049872593315829416 0.0036138019468052551 0.0011509863427931583 0.035671206607721134 0.0047497649583294515 -0.012451088933812806 -0.011260738717991452 -0.0015202396985807079 -0.013942576361180157 -0.041137020632252205 -0.0065242385083457161 -0.010715531392278614 0.0027747634607342281 0.01216639174515915 -0.0078155225315123047 0.001517092473925608 -0.0082107483598252082 -0.016907821174000557 -0.00063009034207398191 0.00084079960324146756 -0.0084194457393297235 -0.0099017205810276558 -0.00059288107201974733 -0.040697383544379177 -0.0064755041027064674 -0.012994133946598452 -0.0062540256745041564 -0.041909490836768953 0.0025325280688994665 -0.010223235786035277 0.0023261717636009665 -0.021611696865825283 -0.0037037620655664743 -0.0092681115406552574 0.007705196868816531 -0.0012258760740004352 -0.011020720663587785 0.012087210230244113 -0.0049361693128832616 -0.00019842842222009131 -0.013510483825713109 -0.022734391204566017 -0.0061170493471041287
leaf_weight=261.88981840200722 1300.3484898996539 214.80626778991427 267.19945888372604 1334.3279636215884 99.826660730992444 99.832892450154759 630.96631921594962 2142.7784228953533 127.98432569205761 251.24704725726042 82.103868886129931 87.098384753917344 59.012869532336481 1534.7984404185554 283.52070813789032 428.81360507884528 160.98744524852373 39.291260626283474 63.423497891519219 223.4863216241356 104.21343914757017 201.25482099980582 1153.9463134146063 138.98360836436041 750.19572995183989 112.46024322370067 23.70498135976959 242.08868639706634 341.7468755961163 119.4529948924901 86.308169930474833 219.71824385959189 1390.797443724703 99.399491169722751 349.76337534445338 977.37730100983754 216.98789992253296 87.538347081979737 549.50811376667116 175.99307486880571 662.61913977004588 49.744537391117774 377.35487564431969 298.29326945822686 448.9721053855028 71.833062686491758 300.4492635873612 507.95951615867671 331.67512173752766 139.67673501023091 166.89840029308107 336.00229030172341 105.49333687219769 44.367814324563369 431.33245261153206 151.46291700156871 324.17837822448928 472.25611536204815 148.77545355027542 84.541051147971302 37.762411517091095 27.286995128612034 37.456119414186105 718.08330739324447 105.98619490489364 235.18690841970965 319.69369811937213 253.51064706000034 443.3914507641457 126.57316886493936 60.695195838343352 774.10947175382171 49.865272407303564 735.78479290031828 828.82194178400096 48.283174400450662 502.70006028772332 76.189312796574086 61.543120315414853 238.89839594857767 468.96576541068498 45.4601499827113 154.12962052586954 220.0301550765289 36.280416862922721 415.88186551083345 112.71778424084187 36.253368411562406 472.84337314323056 133.24192268436309 367.87243036634754 155.98098450247198 82.198902402422391 574.32788181258366 199.84458732663188 162.69796723185573 61.108225516276434 279.02437529468443 100.92467776685953 206.26474218140356 476.72068361297715 399.79276255122386 133.05185672687367 226.28362113831099 152.64596501784399 18.122147446265444 27.729236236540601 170.23406273592263 62.01866607030388 54.251540583558381 25.053868906223215 944.30408281693235 39.238617614144459 488.02041564404499 139.09422756789718 189.19925151951611 190.61906862061005 46.895895672030747 495.72545898903627 388.05263420310803 182.49911577289458 828.9466106959153 236.58898127649445 408.54146001965273 145.11855382367503 806.42730221431702
leaf_count=580 2714 405 943 2661 223 333 1479 4370 441 537 352 263 123 3065 961 1062 393 324 174 588 166 517 2761 295 1401 427 58 1021 809 316 243 553 2717 161 791 1943 432 161 1098 539 1626 220 749 902 775 540 659 1167 961 322 469 780 209 62 934 263 599 820 662 269 288 64 76 1687 380 599 467 406 1208 223 118 1546 275 1553 1609 261 972 206 245 564 883 99 291 404 60 738 644 68 1235 339 753 443 559 1117 502 323 195 587 174 534 1450 746 235 472 339 43 269 348 197 104 277 1767 159 955 577 410 480 129 1059 1023 436 1740 452 1164 619 1803
internal_value=4.11965e-05 0.00279458 -0.00458271 0.00183257 -0.00196633 0.00362109 -0.00290146 0.000181109 0.00120227 -0.0058507 -0.00325763 0.00102522 -0.00931403 -0.00227178 -0.00456951 0.0066578 0.010575 0.0102799 0.00266128 0.00271226 0.00499476 0.00255106 0.00499628 0.00786131 0.00295284 -0.00644139 -0.00712572 0.0189568 -0.0115112 -0.0140016 -0.0207836 0.0120639 -3.99051e-06 -0.0119095 0.00274241 -0.00021842 -0.00846661 -0.00739345 -0.00335942 -0.0101158 0.0159582 -0.0022012 0.0102495 -0.00911678 -0.00639285 -0.0156004 0.000508919 0.00171134 -0.000119391 -0.00459731 -0.00539934 -0.000725734 -0.0144653 0.0244011 0.00937377 0.00491057 -0.00435728 -0.000618448 -0.0188153 0.00774757 0.00978907 0.0270761 -0.010473 -0.00790242 0.00201404 -0.00187565 0.00453765 -0.00595283 0.0137063 0.00779403 0.00713643 0.00786656 0.011831 0.00418861 0.0035202 0.0130209 -0.000136762 0.0286271 -0.0033201 0.00153901 -0.00687591 0.0047022 0.0115022 0.0137641 0.0187322 0.00126293 0.0257119 0.0298509 -0.0170628 -0.0240463 -0.00377128 -0.00568648 -0.0312141 -0.00764423 -0.0100053 0.00438133 -0.000415468 -0.0143183 -0.00869352 -0.0118047 -0.0146113 0.00302098 0.00915444 -0.00238683 -0.00359249 -0.0168043 -0.0304271 -0.0137972 -0.00501233 -0.0218379 -0.0313982 0.000854344 -0.034625 0.00279743 -0.01762 0.00164704 -0.00272165 -0.00480568 -0.00729122 -0.00571562 0.00532271 -0.00731528 -0.00778348 -0.00858927 -0.0106857 -0.00882501
internal_weight=39732.1 24910.5 14821.6 22101.4 7071.96 15029.4 11955.8 5855.16 8386.11 6100.61 3516.61 4546.51 2584 4339.52 2804.72 6643.29 1938.69 2809.17 1391.8 6606.06 3227.79 2097.39 4704.59 2043.13 889.179 1807.83 2124.81 447.444 2865.83 1704.06 542.229 301.822 1592.05 661.945 2661.47 1327.14 1862.92 1759.91 942.489 392.981 826.383 2252.64 505.339 1220.58 922.285 776.17 3378.27 2748.94 2240.98 629.325 1093.53 587.249 373.722 286.457 1130.4 582.795 1780.05 796.434 268.228 1982.78 1365.4 65.0494 1161.83 894.634 1808.38 712.184 1096.2 476.997 547.605 1491.25 1515.64 1454.94 680.832 2293.87 2206.77 710.902 1089.98 115.481 926.631 396.122 530.509 346.377 685.985 559.411 339.381 1377.95 185.252 148.971 717.157 244.314 587.277 523.853 168.507 1161.77 820.024 805.266 376.452 562.545 432.6 817.42 564.259 617.386 217.593 642.165 315.344 245.696 45.8514 282.694 107.479 103.01 48.7589 1159.11 111.072 990.213 176.55 328.876 639.591 253.161 983.611 883.778 670.52 2525.45 2425.62 2189.03 1360.09 1214.97
internal_count=91336 55508 35828 48775 15485 33290 27816 12562 18353 15254 8609 9484 6645 9144 6079 14937 5085 6733 3247 14519 6995 4424 9852 4457 1696 4249 5362 1476 8012 5272 1989 905 3234 1709 5395 2734 4782 4343 2069 971 2417 4849 1190 2932 2030 2396 7524 6133 4966 1391 2677 1317 1187 1083 2571 1197 3834 1419 978 4316 3066 352 3283 2340 3831 1593 2238 994 1374 3609 3418 3300 1754 4635 4372 1887 2342 530 2208 1080 1128 860 1690 1467 1063 2763 772 712 2273 1038 1370 1196 802 2740 1931 1919 857 1548 1135 2274 1611 1250 504 1210 662 814 312 775 296 439 335 2172 699 1858 653 732 1255 663 2415 2082 1391 6001 5778 5326 3586 2967
is_linear=0
shrinkage=0.0200396


Tree=10
num_leaves=127
num_cat=0
split_feature=18 21 21 18 21 18 21 21 18 21 18 18 23 32 18 18 21 18 17 12 21 18 21 18 39 18 0 73 1 32 10 20 36 21 12 35 80 30 10 42 42 23 18 11 21 10 37 0 29 21 18 21 18 23 10 0 21 18 28 21 18 14 40 3 44 42 21 18 73 26 21 28 21 43 23 21 39 37 80 18 29 14 84 14 11 24 0 73 84 17 36 35 21 36 28 29 18 39 23 11 9 20 11 4 21 80 24 38 0 30 4 29 22 21 3 11 36 35 15 20 23 18 73 35 21 16
split_gain=1202.02 434.894 406.989 399.587 281.046 235.346 252.119 224.029 152.487 135.064 177.814 112.667 111.524 110.266 105.2 101.521 101.092 85.6118 85.4217 81.8233 82.4912 124.373 74.8622 100.377 75.2041 73.9473 81.9002 71.9657 68.164 67.2617 70.1338 61.613 61.1973 60.5848 85.9896 116.147 60.0904 60.0309 57.2303 53.6069 63.3932 52.7796 52.1333 52.0216 51.8903 52.7977 51.1887 50.3747 59.8592 50.2673 94.2599 96.1125 66.7802 49.3009 55.2449 49.0539 48.6048 47.349 46.6943 46.1512 50.8354 48.8087 45.7905 56.8249 45.7902 45.5352 48.3801 56.269 46.5676 44.2623 44.136 42.2004 56.9115 41.7064 41.3299 40.2406 39.9075 60.9264 39.7537 39.6733 38.8975 38.6128 38.5278 38.2097 58.4944 48.8143 38.0746 37.8606 37.8197 37.7987 72.2558 37.7665 37.3693 39.4318 37.2514 37.2434 36.6392 36.3207 42.8403 36.1231 36.1001 35.6242 48.3429 46.7718 39.4413 56.7755 35.1752 34.9015 42.4875 43.5402 36.5966 34.4789 54.1819 35.4233 34.1554 43.7879 39.1702 32.8386 32.6377 32.4042 40.2514 31.9205 52.5564 31.7097 31.6591 39.5734
threshold=-0.04432928375899791 -0.0465041697025299 -0.0465041697025299 0.071790568530559554 0.14849261939525607 -0.19699198007583615 -0.21391917765140531 0.054842848330736167 0.15422734618186953 -0.31526620686054224 -0.39823217689990992 -0.094419144093990312 0.023914464749395851 0.12497277185320856 0.036714788526296623 1.0000000180025095e-35 -0.48845414817333216 0.14698633551597598 0.42945490777492529 0.032683486118912704 0.21199487149715426 0.29533354938030248 -0.60776138305664051 -0.66585803031921376 -0.1665149852633476 -0.082451522350311265 -0.14914772659540174 0.16021387279033664 -0.052556818351149552 -0.3769537210464477 -0.20310875028371808 -0.20459371805191037 -0.080419581383466707 0.25625400245189672 -0.0040137614123523227 -0.067642398178577409 -0.094309497624635683 -0.11689102277159689 0.27518141269683843 0.223986491560936 0.13789287954568866 0.077678311616182341 -0.12095189839601515 0.062919858843088164 0.05291853845119477 -0.16453990340232846 -0.16464409232139585 -0.18039772659540174 0.11206046119332315 0.59813982248306286 0.43864586949348455 0.37171263992786413 0.53065726161003124 0.015554804820567371 0.15771592408418658 -0.10085227340459822 0.024053880013525489 -0.31688533723354334 -0.0094728171825408918 0.22033354640007022 0.29839541018009191 -0.063813813030719743 0.16636690497398379 0.33241093158721929 0.078957293182611479 0.59399825334548961 -0.27485568821430201 -0.25816884636878962 -0.16328600794076917 -0.089658185839653001 0.2902501672506333 0.04936413653194905 0.1516998112201691 -0.78662651777267445 0.15419355779886249 -0.091404747217893587 0.057072600349783904 0.19565942138433459 -0.16025337576866147 0.15422734618186953 -0.097178164869546876 -0.12387387454509734 0.12120572477579118 0.19294294714927676 -0.41620448231697077 -0.24804877489805219 -0.12926135957241056 0.0064060094300657519 0.36953487992286688 0.63303610682487499 0.24825175106525424 0.31906054913997656 -1.1103271245956419 -0.52447551488876332 -0.33776415884494776 0.22830680012702945 0.099738571792840972 0.045811345800757415 -0.20348022878170011 -0.088737882673740373 -0.0021207112586125727 0.045095199719071395 0.067459490150213255 -0.31447555124759669 -0.00737652345560491 0.023193629458546642 0.13505499809980395 -0.36961722373962397 -0.42755682766437525 0.70172697305679332 -0.49001491069793696 -0.016582334414124485 -0.069197542965412126 -0.10166773572564124 -0.40443611145019526 -0.058884857222437852 0.57692307233810436 -0.27090860903263086 -0.1073276177048683 0.19587989896535876 -0.018849961459636685 -0.0088650900870561582 0.01463449001312256 -0.41597495973110193 0.57889673113822948 0.43360194563865667
decision_type=2 2 2 2 2 2 2 2 2 2 2 2 2 2 2 2 2 2 2 2 2 2 2 2 2 2 2 2 2 2 2 2 2 2 2 2 2 2 2 2 2 2 2 2 2 2 2 2 2 2 2 2 2 2 2 2 2 2 2 2 2 2 2 2 2 2 2 2 2 2 2 2 2 2 2 2 2 2 2 2 2 2 2 2 2 2 2 2 2 2 2 2 2 2 2 2 2 2 2 2 2 2 2 2 2 2 2 2 2 2 2 2 2 2 2 2 2 2 2 2 2 2 2 2 2 2
left_child=2 14 5 7 17 9 42 15 33 10 22 13 31 -8 55 101 32 18 44 20 36 43 23 24 92 26 89 65 81 -30 -31 117 -12 69 -35 -36 -10 88 -37 40 -33 97 114 -22 -5 -46 -41 -23 80 50 51 53 -51 54 58 -2 74 83 -21 -55 61 -61 63 -15 73 66 -14 -68 -69 -6 76 72 -27 -24 -17 -13 -45 -78 -57 -32 -49 -19 -43 -18 -85 -86 -66 106 -16 90 -4 107 123 -94 -92 -72 -47 98 -28 -65 -20 102 103 -3 -104 -106 -25 -9 -109 110 -110 113 -113 -39 115 -7 -116 -11 -42 120 -103 -80 -123 -1 125 -52
right_child=1 3 25 4 8 6 11 91 19 12 16 75 27 62 37 56 57 28 100 49 21 47 64 87 -26 71 41 -29 29 30 79 39 -34 34 35 38 -38 111 -40 46 118 82 -44 70 45 96 -48 48 -50 52 124 -53 -54 59 -56 78 -58 -59 -60 60 -62 -63 -64 99 86 -67 67 68 -70 -71 95 -73 -74 -75 -76 -77 77 -79 121 -81 -82 -83 -84 84 85 -87 -88 -89 -90 -91 94 -93 93 -95 -96 -97 -98 -99 -100 -101 -102 119 104 -105 105 -107 -108 108 109 -111 -112 112 -114 -115 116 -117 -118 -119 -120 -121 -122 122 -124 -125 -126 -127
leaf_value=-0.0094298571838544367 0.0041541336828496882 0.007704348642937741 -0.0088444714854875039 0.005991742036099517 -0.012715620802678919 0.012634943931649472 -0.0027091713513306501 0.003922426358475662 0.023149206220706296 -0.0062818743956927301 0.02459556185101771 0.0045642680602517929 -0.010123497277113144 -0.017536586265924546 0.035948039185352984 0.0022918853190836857 0.0079655514348797585 0.0062935663334109954 0.019701925806508425 -0.010312283905860243 0.0084367441222066106 0.0049485841816607644 -0.0012050015107904564 0.0080269092900773168 -0.018764070399573746 -0.0013302222680414463 -0.0086589101728137344 -0.002513739772762081 0.0027702252544450751 -0.0034031744474562579 0.00688733932801906 -0.012759249614659671 0.0053093932148006165 0.0021899310681873451 -0.0081380642005573368 -0.052773621179236563 0.0076925613413289162 0.014067686198695256 -0.0026720754669441187 -0.0075418310145350933 0.00088248066714017833 -0.044327538897643258 0.016498531299895154 -0.0076738420784324517 0.0065822249592680264 -0.006449486656955836 -0.027279978866150734 0.011145402319154037 0.006279646335734519 -0.011251102243102926 0.017593608546842946 -0.0065650246143976682 0.0014028887062166855 0.015191380605114007 0.0068779371678052269 0.021996401995006746 -0.00056135033317294373 0.0035549538593091855 0.0013431398107300802 -0.0019864141280050802 0.012799749106365482 0.009394152691988289 0.00098154671690485278 -0.01428147519504493 -0.0084355739843357397 0.00016206896013411812 -0.04330644153205615 -0.028461540804458681 -0.0094952683840000916 -0.0010050284963448591 -0.0031805915228469623 -0.01176575335279635 -0.018649916097392645 -0.016600447707743382 0.0092909335375381315 -0.0014012646760476494 0.013973715910498737 -0.00027530740707939859 0.005512430275804797 0.015219833225919882 0.035192445658225116 0.021240432663526206 -0.01404563948148441 -0.0016359471582556549 -0.0049972812751710814 -0.02752141568759417 0.0060842835905114767 -0.0056271192590214396 0.011215288933830239 0.0051121793997710319 -0.0066087391390778367 -0.019303511477872994 -0.018165843134419081 -0.002615313878851827 -0.030739334052227583 -0.01528494682807376 0.0010440147579518749 -0.0045889085136537455 -0.027056497783485005 0.0028944342508017795 0.0080892939243239533 -0.016373170016480844 -0.0010049745184757986 -0.0018630670509400447 -0.029024202611133029 -0.0048427301698074372 -0.0057933568919115389 0.00042784096246944667 -0.0018915271756450003 -0.00015358569827398369 -0.011106872601666718 0.00055458662089184329 0.027850646589348556 0.0053892416134087582 0.0046011504273097709 -0.0050332806173361945 -0.0062261614044768132 0.0027259449048814841 -0.0083294336665435554 0.0036036875070210839 -0.0039436099288443251 0.021925390917395784 0.0050376540633350324 0.00582933627996434 0.00027406757483787187 0.0041861861079648772
leaf_weight=50.437439984525554 1378.2856943993829 257.17411324346904 840.35219471424352 1404.6084798511583 115.986790855648 337.14156202226877 2139.030292409705 95.118716254131868 114.93252875481267 264.45497036899906 82.827561334939674 823.65346141695045 165.98000802856404 429.47111035161652 67.740657155052759 856.63029904267751 66.738388604018837 125.8736561780097 140.7494545642985 275.82450229348615 195.8261272268137 813.49461530102417 87.041647542268038 358.33418887236621 185.12633839959744 570.80746201123111 126.62052960519213 133.42078886763193 667.74470273626503 115.45932309306227 438.31449599971529 397.89977209223434 225.37851271557156 118.85984474245925 165.41901416773908 23.944458821206354 578.85858475067653 404.70420009910595 14.568804111098869 142.37549371866044 402.36901654675603 55.115249025984667 167.2966395834228 129.99136764113791 407.08924260945059 384.57425663631875 97.287237163633108 100.41035032924265 226.63519484351855 285.30574966454878 205.20005652972031 635.14675846102182 350.39707808208186 133.91598432278261 195.90974449296482 86.762534030829556 982.30354791996069 559.8668677523965 242.492287871195 568.67048452817835 156.6526609120192 178.06251763831824 91.33023884659633 50.85286973696202 225.25118113297503 41.443878899677657 55.662838518270291 100.26453648449387 158.65224983880762 1719.8126951466547 513.438002521405 472.11212420894299 64.016163305728696 495.36286466824822 566.23410611005966 954.14636497397441 142.84931066527497 417.59541963075753 646.93772889149841 706.03126538381912 50.416046697064303 282.25830717000645 64.466913465759717 392.95732542627957 102.73173289676197 55.405607990338467 80.578490889631212 144.24602342024446 79.461186597938649 42.554113147431053 54.636890404508449 92.459451717790216 89.085568729205988 180.65501910704188 91.37401160353329 110.22564238798805 707.32077462482266 109.65452410734724 131.59315350698307 119.45840677106753 572.29146112361923 183.02225484175142 189.48220224271063 727.2704018560471 43.531758276512846 122.3774862975115 71.231994357891381 227.96353684435599 214.06638108729385 213.8535026521422 1293.7423600257607 39.866439477074891 97.26237324939575 432.61390702752396 970.21248752437532 51.26010119554121 132.05111077043694 346.75022756145336 219.83049312443472 71.981814094469883 257.28541425452568 138.36814584524836 172.87504973460454 175.92239336075727 122.35261645400897 177.90513071010355
leaf_count=154 2761 626 2155 2851 312 777 4452 214 443 560 357 1765 356 1249 428 1750 188 266 450 676 485 1648 159 776 574 1215 341 313 1346 199 816 1040 564 247 321 330 1218 1197 25 304 745 439 514 337 946 771 443 240 381 636 659 1448 756 440 536 347 1818 1079 379 1020 385 382 150 173 596 132 438 447 401 3275 848 1142 242 1464 1236 1701 379 673 1191 2056 348 990 175 801 164 316 185 243 200 108 190 354 348 298 481 314 1512 242 630 223 1069 528 375 1360 249 278 138 499 454 401 3246 71 439 860 2019 130 224 788 527 137 482 536 287 421 209 297
internal_value=5.95512e-05 0.0027547 -0.00441068 0.00167341 0.00345681 -0.00288296 -0.000144228 -0.00251494 0.00123104 -0.00565772 -0.00314431 -0.00255787 -0.00920138 -0.00502647 0.00923274 0.000148794 0.00215833 0.00683242 0.0048423 0.00268059 0.00489042 0.00324622 -0.00680832 -0.00353971 -0.00861382 -0.0115494 -0.0144583 -0.0162429 0.00983 0.00806307 0.0107573 -0.00655555 0.0119139 -0.00339128 -0.0110842 -0.0183129 0.0109547 0.0143087 -0.0419318 -0.00905092 -0.00674396 -0.0213084 0.00649857 -0.000578157 0.00325839 0.000636234 -0.0173251 0.00801815 0.0139229 0.000532957 0.00166169 -3.01162e-05 -0.00446001 0.00239105 -0.00161811 0.00676316 0.00285439 -0.000573298 -0.00501785 0.0051369 0.00327919 0.00092743 -0.0118533 -0.0138004 -0.0112033 -0.0194828 -0.0211434 -0.0258118 -0.0186667 -0.0019077 -0.00206024 -0.00733752 -0.00371905 -0.0144434 0.00519108 0.00137993 0.00140596 0.00376686 0.0100241 0.0122414 0.0229347 0.0172422 -0.0330878 -0.00432508 -0.00611393 -0.0155015 -0.00441342 0.0025724 0.0260484 -0.0107938 -0.0116017 -0.00776907 -0.0041185 -0.00884457 -0.0239166 -0.00582428 -0.00166781 -0.0156706 -0.0195587 -0.00334844 0.0109597 -0.0033501 -0.00156381 0.000750982 -0.00763862 -0.0140985 0.0055124 -0.0070243 -0.00760702 -0.00866996 -0.00985264 0.0119429 0.0211712 0.00987001 0.00512633 0.0100964 0.00318727 -0.00124996 -0.00254937 -0.00772636 -0.00970734 0.00841665 0.0135947 0.00178468 0.00930562 0.0119974
internal_weight=40017.6 24972.8 15044.8 21427.9 15033.4 12421.5 6265.9 6394.5 9081.1 6155.57 3629.18 4607.94 2526.39 2830.14 3544.88 4257.29 1485.91 5952.32 3616.63 6922.51 3394.67 2700.88 2143.27 1255.04 681.227 2623.3 1516.37 655.424 2335.68 1927.55 1259.81 1870.97 308.206 2158.59 322.792 203.932 693.791 1121.65 38.5133 1259.76 1020.1 487.45 1657.96 1509.93 2903.59 1498.98 239.663 1190.96 377.462 3527.84 2892.13 2386.67 635.703 1751.53 714.227 2423.23 2405.17 1177.7 518.317 1037.3 903.386 746.733 691.113 599.782 888.234 522.004 480.56 314.58 258.917 1835.8 1314.1 1106.94 634.824 582.405 1422.86 1777.8 690.436 560.445 1044.94 1144.35 150.826 408.132 119.582 617.833 551.095 158.137 305.83 573.812 147.202 1028.92 986.363 2137.2 496.1 269.741 146.011 623.664 1091.9 367.868 258.214 170.311 713.041 1852.13 1339.84 984.445 355.391 165.909 429.566 2044.74 1949.63 1721.66 1507.81 974.447 137.129 837.318 1490.67 388.402 1102.26 611.205 622.2 512.289 440.308 958.181 311.243 226.36 505.458 383.105
internal_count=91299 55243 36056 46926 32919 28696 13377 14007 19647 15319 8825 9713 6494 6247 8317 8839 3469 13272 7599 15137 7314 5653 5356 2952 1795 7360 4761 2087 5673 4417 3071 4407 921 4510 923 676 1661 3195 355 3059 2312 1827 3664 3036 6080 3229 747 2617 969 7823 6431 5266 1392 3818 1591 5122 4804 2548 1055 2227 1787 1402 1795 1645 2404 1774 1642 1286 848 3587 2551 2599 1457 1623 2986 3466 1389 1052 2361 2872 588 1256 614 1469 1281 480 781 1157 628 2934 2826 5168 1221 646 671 1162 2283 1213 971 396 1519 4035 2888 1986 902 527 914 4814 4600 4101 3700 2567 510 2057 3150 907 2243 1348 1272 1147 1010 2014 823 575 1165 956
is_linear=0
shrinkage=0.0200396


Tree=11
num_leaves=127
num_cat=0
split_feature=18 21 21 18 21 18 21 21 18 21 18 18 18 32 23 18 12 18 21 18 21 21 11 2 21 1 17 11 20 33 42 21 34 18 3 10 18 1 73 12 32 19 10 18 21 28 26 21 24 28 37 34 19 42 28 1 19 12 57 32 10 31 18 35 24 33 39 10 5 23 73 39 44 21 9 24 18 31 80 40 3 21 29 25 18 25 2 21 11 36 37 3 12 11 42 21 11 18 43 20 36 30 4 19 14 14 11 55 28 5 34 21 30 31 15 36 57 11 17 10 23 43 2 21 34 80
split_gain=1150.75 418.021 403.88 374.82 244.139 241.88 234.992 209.655 154.406 128.265 178.717 106.645 105.303 111.39 105.134 97.1144 95.3685 92.297 81.4034 81.1757 115.863 109.569 96.6521 79.1215 75.2105 78.1778 69.7292 67.8852 66.3472 60.3403 60.5572 57.9738 62.2962 57.2568 63.5647 77.127 56.4079 55.8234 108.057 55.687 54.5023 54.4947 66.3083 53.9341 127.624 53.7719 53.5513 52.4811 51.5237 50.86 53.2392 50.8292 49.422 58.802 49.1947 48.9525 48.092 109.749 65.2149 72.2724 46.7639 46.6959 46.5557 45.0211 44.2578 44.171 46.7524 52.4 43.7331 43.4089 43.3787 42.5392 42.3146 42.1717 43.4637 41.5523 43.9849 40.0257 38.9939 38.6773 46.6826 38.6637 39.9978 47.6837 43.2222 38.374 38.3139 38.193 43.1615 38.1563 37.3351 37.3231 37.2376 37.0656 43.9999 36.7095 36.6798 35.2398 34.8195 34.646 34.3779 34.2224 34.2186 40.5137 67.5729 33.7251 48.8007 33.5732 33.4861 32.7487 35.3701 32.534 32.4948 32.3793 31.5943 31.5179 31.4022 31.0007 30.9275 30.6076 31.079 30.2988 29.84 29.7054 43.6129 29.5427
threshold=-0.04432928375899791 -0.048428479582071297 -0.050513148307800286 0.071790568530559554 0.16132135689258578 -0.19699198007583615 -0.21391917765140531 0.044579859822988517 0.13059716671705249 -0.323604866862297 -0.39823217689990992 1.0000000180025095e-35 -0.09855287522077559 0.12497277185320856 0.0054167835041880616 0.14187081903219226 -0.018922017887234684 0.036714788526296623 -0.52309173345565785 0.30465058982372289 0.57889673113822948 0.38069276511669164 0.2367171719670296 0.058238636702299125 0.22803078591823581 0.47585226595401769 0.42945490777492529 -1.1949683427810667 -0.20459371805191037 0.021553245373070243 0.13789287954568866 0.048428479582071311 0.057006074115633971 -0.082451522350311265 0.26693189144134527 -0.044198980554938309 0.53065726161003124 0.35653407871723181 -0.072625268250703798 0.14277523010969165 -0.33305577933788294 -0.22879149019718167 0.24920769780874255 -0.66585803031921376 -0.60776138305664051 0.046215385198593147 0.52077719569206249 0.22033354640007022 -0.28175139427185053 0.090614847838878645 0.044477464631199844 0.032052299007773406 0.38885572552680975 -0.039994182065129273 0.04936413653194905 0.39346592128276831 0.20001410692930224 0.026662844233214859 0.27340012788772589 -0.42764990031719202 0.80150675773620617 -0.17436068505048749 -0.12095189839601515 -0.27621042728424067 0.50873327255249035 0.5818956494331361 -0.11556999757885932 0.24362587928771975 1.0000000180025095e-35 -0.026682475581765171 -0.22074643522500989 0.17833600938320163 0.028852736577391628 0.12475946173071863 -1.0000000180025095e-35 -0.020706900395452973 0.20682264864444735 0.22610582411289218 -0.11098548397421835 0.16636690497398379 0.33851151168346411 -0.086273252964019762 -0.27418446540832514 0.32031463086605078 -0.022349069826304909 0.16815800219774249 -0.18607954680919644 -0.00096215525991283346 -0.18296238780021665 0.57692307233810436 0.0016749976784922185 0.3620197474956513 0.55561923980712902 0.19936111569404605 0.20867566019296649 -0.11898653209209441 0.07987293973565103 -0.31688533723354334 -0.088766086846590028 -0.25807870924472803 -0.052447551861405366 0.32841473817825323 -1.0000000180025095e-35 0.7334430217742921 1.2439939975738528 0.21096095442771914 -0.41620448231697077 -0.15418850630521772 -0.39625467360019678 -0.37499999999999994 -0.11687111854553221 -0.2825529128313064 0.70172697305679332 0.073060076683759703 0.60458651185035717 -0.11538461595773696 -0.29711395502090449 -0.036620477214455598 0.15777362138032916 0.035774139687418945 -0.021517419256269928 -3.6426434235181653e-05 -0.26278407871723169 0.03688261657953263 0.29255029559135443 -0.12960892170667646
decision_type=2 2 2 2 2 2 2 2 2 2 2 2 2 2 2 2 2 2 2 2 2 2 2 2 2 2 2 2 2 2 2 2 2 2 2 2 2 2 2 2 2 2 2 2 2 2 2 2 2 2 2 2 2 2 2 2 2 2 2 2 2 2 2 2 2 2 2 2 2 2 2 2 2 2 2 2 2 2 2 2 2 2 2 2 2 2 2 2 2 2 2 2 2 2 2 2 2 2 2 2 2 2 2 2 2 2 2 2 2 2 2 2 2 2 2 2 2 2 2 2 2 2 2 2 2 2
left_child=2 17 5 7 15 9 62 11 64 10 27 87 13 -8 28 26 47 69 107 21 22 39 116 41 33 45 31 -1 63 30 -30 -5 93 34 35 61 -22 38 60 72 -23 -17 56 102 -45 -26 -41 55 -16 50 96 71 113 -54 123 -10 85 58 59 -58 -19 -4 78 -11 -6 66 -50 -68 86 81 -31 -24 109 74 -28 76 -25 -13 -7 80 118 82 84 91 -2 -43 -52 98 -89 111 -82 -84 -34 94 -33 -71 -49 105 -3 -39 -90 117 103 104 108 -20 -107 -12 -29 -18 -111 122 -9 -46 -38 -86 -21 -102 -15 120 -74 -79 -80 -35 -125 -97
right_child=1 3 24 4 8 6 12 112 16 14 18 77 -14 79 48 23 19 37 97 20 36 40 51 75 25 -27 73 43 29 70 -32 32 92 54 -36 -37 114 99 -40 46 -42 42 -44 44 52 -47 -48 49 65 -51 68 -53 53 -55 -56 -57 57 -59 -60 -61 -62 -63 -64 -65 -66 -67 67 -69 -70 95 -72 -73 119 -75 -76 -77 -78 121 89 -81 90 -83 83 -85 115 -87 -88 88 100 -91 -92 -93 -94 -95 -96 125 -98 -99 -100 -101 101 -103 -104 -105 -106 106 -108 -109 -110 110 -112 -113 -114 -115 -116 -117 -118 -119 -120 -121 -122 -123 -124 124 -126 -127
leaf_value=0.0026788743131770185 0.01207365664224771 -0.0083983126444647591 -0.0090334151804772334 0.0058470514542864017 -0.0099584751136945985 0.014769137202046012 -0.0023214148447893244 -0.0075845695532469068 0.012269284924038469 -0.0066779000433038463 -0.0014875898517104091 0.0012058461332675708 0.0013605630583261934 -0.023478869293378231 0.0026196184307528858 -0.00087581688356877052 -0.0089006740593954841 0.034617904852616586 0.0096276723274921726 0.0012591664815563221 -0.0077704149935851324 -0.0022363590168349469 -0.0012194295677756017 0.0069889134264232338 -0.049923908810350255 -0.00016736969631307762 0.026376982831269435 -0.015462054339351682 -0.011799574263957844 -0.0088051847277998072 -0.0017160594380346568 0.0072932654233811853 -0.0098001520562850247 0.00036354406261397064 -0.0085086333024858764 -0.012426181329432703 0.0079101715711026033 0.021356190110890683 0.010481860320641547 0.0072299810356240496 -0.016993185999058729 0.01114383823765798 0.0036223753742217727 0.0018717704241877097 -0.015197288058274581 -0.0080458690335088144 -0.00425201294828803 0.0072269317645438915 -0.0048757924479789997 0.00020917815214884045 0.0076821460557748474 0.014437943758845682 0.014938622619868426 -0.0085660247903807073 -0.01107629234284504 0.0010019060494471199 0.0037537060538019064 0.0081687060826559823 0.0040745260191168723 0.062283097924125279 0.0062152117785845449 -0.03432123958509533 0.015921028516864333 0.0041705830337696948 -0.0011568599780141732 0.0024967608207467499 -0.022857807071741707 -0.0070064198931694558 0.0046232834271308443 0.020429250401719726 -0.026533612594657606 0.0078600629714674249 -0.016249261807936448 0.0037920827054998426 0.009445129154250085 0.026980031473799765 0.023400097967252766 0.014654170281177476 0.0022815395989137775 0.00051890895826336785 -0.013087870580981115 -0.00085940969369244886 0.016043940044621251 -0.0043505851600504995 0.0018574646492586298 0.0016270711025380916 0.03062229148818912 0.0054903443761081284 -0.018574658469168802 -0.0047927697761521726 0.0040153111325869116 0.0050541053154587352 0.0053697800942026459 -0.0025827579497395762 -0.0014550206824333713 0.015312565860153688 -0.0014587361704116674 0.0042396738190341229 0.00078050701901765198 0.0066475314921510369 -0.010563414646750457 -0.015676383667129361 -0.0066057171920156877 -0.0038809974393158499 -0.0075250560405533467 -7.4146587653633401e-05 -0.011838406128680558 0.017453038328957161 -0.041802540541397259 -0.00024172224256229522 0.010799360607751603 0.0024830194410673258 0.00023006332235086551 -0.00080128973104438871 -0.0026526660389514949 -0.011916225137838337 0.020148500421614209 0.00048986729158346685 -0.010851939716746429 0.0013605421752207545 -0.0045447006234995372 0.0047589585531813451 0.01320007888308455 -0.013568164558443851 0.0044739155146514111 0.005968525660602509
leaf_weight=264.5895904302597 68.000580906984396 174.0609086425975 64.177160090417601 1328.1614702421939 555.99818522646092 131.34419527696446 1959.1233267555945 2311.9896133731818 561.70544645620976 241.53443975269329 40.801630396628752 1303.6328971582698 1833.3460088080028 166.91034434048925 54.679704554728232 274.81822617957368 111.8933645816287 152.90100600151345 57.45079110621009 45.637052445090376 404.52656394836958 177.00751035800204 582.28908320632763 287.11844737210777 31.489843516610563 30.227797158644535 70.146121098892763 97.339090120745823 397.77317911817227 179.13846780278254 579.11500758107286 651.27819304855075 292.43959697987884 420.25433775549755 796.27708267513663 566.18981122819241 194.52530390839092 59.739548512618057 337.93754787521902 551.29343095538206 240.50282013963442 819.80046008271165 749.23223812098149 554.49415416747797 482.77565351803787 30.151288781315088 207.05392799573019 399.0822004651418 124.02500203705858 1134.0105956922052 79.788166229263879 131.21267077804077 42.933489389019087 91.164283824618906 545.9004210694693 218.30567054112907 14.264737323042935 147.57238633115776 21.478258554707281 22.297190593322739 40.966270970995538 129.89819695067126 167.67730268836021 337.85346261539962 394.44304647657555 40.207243697717786 454.24373338127043 136.37800062051974 152.04329615493771 103.64065312908497 96.445402170531452 290.89261572167743 147.39851116517093 345.64371599082369 359.00430238270201 110.59996680624317 79.263327191234566 142.59472623071633 171.65308793354779 89.107897966634482 63.463695563841611 412.37314575957134 287.05370145605411 76.322099542128853 147.83106195367873 226.71179715101607 59.905112212523818 84.256356996949762 93.997763244318776 154.97603572020307 100.41270565299783 263.48075794591568 63.226877678534947 426.87314988079015 336.47756259061862 170.15335301333107 345.49118296743836 526.53180269536097 971.24653324438259 530.6709662207868 125.21644507942256 91.42317826137878 301.85024266084656 94.433304307749495 129.02890377782751 423.40164072124753 189.16776990948711 156.15662950451951 47.346067099599168 645.18319561344106 116.24520231864881 750.47142555203754 230.00452245096676 75.378612373373471 214.70435385208111 87.165744011290371 216.66264406172559 305.16100215550978 286.30021781753749 127.86977084691171 259.32563854695763 711.23916717793327 274.71468932984862 153.83941009512637 61.109770850394852 732.05249780695885
leaf_count=585 191 379 246 2687 1487 456 4086 5554 1388 520 98 2570 3510 626 119 413 280 781 175 113 842 374 1098 682 362 52 309 260 1003 427 1114 1400 751 844 2143 1495 430 237 911 1141 764 1950 1498 1090 1283 83 450 872 216 2067 147 396 169 283 1273 438 38 297 48 335 76 722 500 772 637 102 1723 243 286 364 410 530 417 526 748 470 316 399 346 146 214 790 789 112 275 478 312 205 380 253 167 459 113 786 698 495 714 1054 1814 1086 318 286 760 208 250 864 491 523 353 1057 310 1382 438 124 421 217 704 660 636 253 503 1303 690 440 125 1288
internal_value=8.82602e-06 0.00263418 -0.00434282 0.00159755 0.0033235 -0.00276753 5.10816e-05 -0.00240453 0.00108214 -0.00554691 -0.00303672 0.000456266 -0.00232166 -0.00484844 -0.00888311 0.00620487 0.00203846 0.00906866 0.00253718 0.000247065 0.00317493 -0.00211452 0.00691734 0.00908244 -0.0111429 -0.027616 0.00411402 -0.0065909 -0.00608273 -0.00863484 -0.00601739 0.00272319 0.000326723 -0.0103509 -0.012912 -0.0171129 -0.00266683 0.0138052 0.0185781 -0.000253553 -0.0112058 0.00737859 0.00851533 -0.00789547 -0.00525132 -0.0374436 0.00404173 0.00484241 -0.0148522 0.00317186 0.00632582 0.00387392 -0.0108425 1.02242e-05 -0.00677845 0.00924583 0.0113138 0.0200748 0.039024 0.0499188 0.0299504 -0.027877 0.00646347 -0.000426276 -0.00642932 -0.0161855 -0.0173103 -0.0196216 0.0132672 0.00668531 -0.0166553 0.00192583 -0.00260304 0.00941218 0.0134858 0.0164515 0.011793 0.00346559 0.00515145 -0.0115389 -0.0132633 0.00419449 0.00641198 0.00921234 0.000346383 0.0091721 0.0205896 -0.00305515 -0.00666012 0.00396567 -0.00340879 0.0112276 -0.00688426 0.00223194 0.00433676 0.00982374 0.00326483 0.000458464 -0.000753001 0.00893816 -0.00849203 -0.00591855 -0.0124509 -0.0165303 -0.0202182 -0.00254407 -0.0040329 0.0136955 -0.0288264 0.000134571 0.00171342 0.00518275 -0.00687604 -0.0133713 0.00249878 -0.00383962 0.017234 -0.00309793 -0.0164644 -0.00690829 -0.00947518 0.00677872 0.00934355 -0.00279985 -0.00843151 0.00809518
internal_weight=40401.8 25206.5 15195.3 21736.2 15191.4 12365.7 6149.5 6544.82 8565 6216.24 3574.84 4002.83 4498.66 2665.32 2641.39 6626.41 7614.56 3470.29 1393.51 4664.22 2080.45 2583.77 1266.69 2753.16 2829.52 91.8689 3873.25 2181.33 1831.86 1252.47 976.888 3098.46 1770.3 2737.65 1556.54 760.265 813.756 1122.22 531.805 2166.26 417.51 2276.18 2001.36 1916.74 1246.75 61.6411 758.347 2950.33 809.534 2170.32 1036.31 1004.39 692.252 134.098 1181.1 780.011 1252.12 205.613 58.0402 36.5619 193.867 194.075 1650.84 579.388 950.441 754.854 714.647 590.622 291.737 2348.07 275.584 873.182 1407.92 774.794 429.15 476.982 366.382 2157.47 1483.16 706.195 617.087 1342.23 929.854 626.857 302.997 1046.51 139.693 1845.36 700.055 1351.82 163.876 550.534 355.666 1414.63 987.756 1005.85 744.573 1196.55 1145.31 590.411 615.798 521.801 669.998 368.147 273.714 670.02 612.569 196.958 144.685 873.322 761.428 1196.84 2541.99 558.154 409.23 234.997 262.3 430.377 453.211 534.594 406.724 853.834 446.368 635.204 214.949 902.206
internal_count=91367 55351 36016 47280 32974 28231 13012 14306 18431 15219 8570 8314 9385 5875 6649 14543 16307 8071 3205 10083 4534 5549 2841 6525 7785 497 8018 5365 4246 2954 2117 6435 3748 7288 4606 2463 1693 3091 1768 4411 1138 5057 4644 4780 2949 445 1591 6224 2403 4398 2331 2024 1859 452 2682 1826 3146 718 421 373 857 968 3627 1292 2124 2284 2182 1966 745 4980 837 1628 2820 1583 1057 1468 998 4272 3127 1789 1643 2833 2043 1360 683 2428 459 4042 1849 2671 381 1248 864 2884 2098 2147 1586 2584 2193 1323 1644 1264 1831 1071 863 1530 1355 621 613 1647 1367 2418 5992 1407 851 492 817 978 1262 1173 920 1702 1036 1409 565 1783
is_linear=0
shrinkage=0.0200396


Tree=12
num_leaves=127
num_cat=0
split_feature=18 18 11 20 11 14 18 20 18 20 18 73 34 18 16 20 14 20 11 11 18 20 20 44 18 5 23 11 20 20 20 1 23 33 11 18 23 34 30 73 33 44 73 5 73 73 37 33 29 33 19 14 3 29 11 23 18 0 32 44 18 22 13 1 11 29 37 4 20 18 16 11 20 26 11 18 3 18 17 20 73 1 39 40 5 34 30 42 34 18 10 3 35 19 40 24 39 20 18 37 4 26 20 20 11 55 29 20 37 20 8 15 29 18 3 39 32 37 22 19 73 23 19 10 32 19
split_gain=1121.9 166.293 206.07 195.099 170.874 131.521 224.756 164.772 148.933 127.413 115.727 103.204 98.943 93.4174 91.6896 82.528 82.6093 81.4576 81.2366 71.966 91.9644 72.0705 70.9318 84.7311 82.5878 65.8183 65.3003 65.1844 78.4282 62.8738 62.515 59.7649 59.5683 90.7358 66.5334 66.4511 129.058 64.473 59.5187 59.1457 58.3838 58.2605 56.3719 54.3011 53.3346 50.1735 71.1163 49.9709 67.0924 49.107 49.6782 50.8612 48.8347 58.3402 48.4238 48.2746 88.1824 85.6519 69.5255 66.9255 48.7247 53.4321 48.0012 47.964 78.6237 65.0007 56.6567 53.5065 47.7609 47.6964 54.945 47.1643 46.924 77.0193 45.9542 50.6606 61.1758 45.202 44.572 44.3885 64.3524 56.8098 43.6286 46.7051 43.555 43.4865 42.6356 42.1321 39.9421 46.8599 39.7889 43.4407 39.0178 38.9321 38.8277 38.2541 41.0037 37.975 38.9196 37.7035 44.2194 37.2366 36.6775 36.2495 35.9172 39.3799 35.5381 35.4433 43.4194 35.2856 35.0219 35.0201 34.9503 34.4115 34.1158 33.9798 33.9216 33.5958 33.1256 40.2961 33.0579 42.9787 32.7593 46.7979 68.2634 35.7772
threshold=-0.04432928375899791 0.071790568530559554 0.13422113656997683 -0.019928809255361554 -0.15547610819339749 0.32207205891609197 -0.38485574722290034 -0.25807870924472803 -0.12308465689420699 0.069357905536890044 0.18726097792387011 -0.20199270546436307 -0.020185735076665875 -0.25816884636878962 0.11883091554045679 0.090958140790462508 0.19294294714927676 0.33094103634357458 -0.056374002248048775 -0.51231825351715077 -0.19699198007583615 -0.14662612229585645 0.05776606127619744 0.042369695380330093 0.18726097792387011 1.0000000180025095e-35 0.029529315419495109 0.014997141901403667 0.05776606127619744 -0.13923981785774228 0.26770980656147009 -0.17471590638160703 0.063276354223489775 0.5818956494331361 -0.26441545784473414 -0.33676804602146143 -0.20348022878170011 -0.1272596940398216 0.35905709862709051 0.70736190676689159 0.57135316729545604 -0.022387347184121605 0.068734671920537962 1.0000000180025095e-35 0.0022300939308479433 -0.0066150615457445374 0.066135726869106307 0.24320256710052493 -0.1891805902123451 0.042215468361973769 0.32694143056869512 0.15690690279006961 0.28738254308700567 -0.22575285285711286 0.14800114184617999 0.66436845064163219 0.04527618549764157 -0.095170453190803514 -0.32723063230514521 0.11271755769848825 0.014503159094601871 -0.034737907350063317 -0.54475900530815113 0.22869318723678592 0.047228083014488227 -0.39394460618495936 -0.025487734004855152 -0.46457822620868677 0.039846360683441169 0.30853129923343664 0.27500922977924352 -0.17881456762552259 0.28898869454860693 0.056517599150538451 0.26736263930797582 0.15422734618186953 0.052880689501762397 -1.0000000180025095e-35 0.62192577123641979 0.0031544824596494441 0.089396376162767424 0.25710226595401769 -0.11152188479900359 -0.092625897377729402 1.0000000180025095e-35 -0.055031133815646165 -0.34912557899951929 0.19117075949907306 0.14108080416917804 -0.20300517976284024 0.060787281021475799 0.42757956683635717 0.1698439419269562 -0.17284271121025083 0.089028779417276396 0.47579140961170202 0.0085947359912097471 -0.41021156311035151 -0.5655512511730193 -0.027026658877730366 -0.06100905314087867 -1.4507327079772947 0.0031544824596494441 0.078328099101781859 0.44717037677764898 0.012990341521799566 -0.27418446540832514 -0.09483174234628676 -0.10944735258817671 -0.079555746167898164 0.18769998103380206 -0.084163382649421678 0.045009888708591468 -0.39512504637241358 -0.42316816747188563 0.46012803912162786 0.23742485046386722 -0.17924859374761579 -0.24448335915803907 0.011184774804860355 -0.33653771877288813 -0.09436220675706862 -0.06378344818949698 0.24362587928771975 -0.027034764178097245 0.0078557825181633251
decision_type=2 2 2 2 2 2 2 2 2 2 2 2 2 2 2 2 2 2 2 2 2 2 2 2 2 2 2 2 2 2 2 2 2 2 2 2 2 2 2 2 2 2 2 2 2 2 2 2 2 2 2 2 2 2 2 2 2 2 2 2 2 2 2 2 2 2 2 2 2 2 2 2 2 2 2 2 2 2 2 2 2 2 2 2 2 2 2 2 2 2 2 2 2 2 2 2 2 2 2 2 2 2 2 2 2 2 2 2 2 2 2 2 2 2 2 2 2 2 2 2 2 2 2 2 2 2
left_child=5 3 9 14 40 7 62 13 32 63 11 120 41 25 55 71 -17 90 -15 84 21 -21 23 29 26 47 -24 28 -6 38 42 -20 35 34 -34 36 -9 -36 -4 69 86 115 -13 -39 -28 46 -33 92 -49 85 51 78 53 -27 -46 56 57 107 -58 -60 61 -59 118 64 67 -65 -66 -3 -68 72 -71 -14 73 95 75 -31 -77 -30 88 80 81 87 -23 -84 -8 -37 -5 -22 89 -51 -12 -92 -1 -67 -16 96 -26 98 101 100 -73 -64 -76 116 105 -47 -95 -2 -109 -25 -69 -81 -44 -54 -63 -10 -29 -38 119 -7 -11 -122 -88 124 125 -124
right_child=1 2 22 4 27 6 19 8 12 10 17 30 15 18 94 16 -18 -19 31 20 79 82 24 109 39 52 44 103 77 74 -32 45 33 -35 37 49 117 43 -40 -41 -42 -43 112 -45 54 104 -48 48 -50 50 -52 -53 113 -55 -56 -57 58 60 59 -61 -62 114 97 65 66 93 68 110 -70 70 -72 99 -74 -75 102 76 -78 -79 -80 111 -82 -83 83 -85 -86 -87 122 -89 -90 -91 91 -93 -94 106 -96 -97 -98 -99 -100 -101 -102 -103 -104 -105 -106 -107 -108 108 -110 -111 -112 -113 -114 -115 -116 -117 -118 -119 -120 -121 121 -123 123 -125 -126 -127
leaf_value=-0.0016026298845173619 0.0069342146592124652 0.007744614976110507 0.029608229643958872 0.020171452318170968 0.0014109618758563907 -0.0037793757671876361 0.015886778852053987 -0.010079768395449487 -0.0030311923205652612 0.025358426426515097 0.017604745476948146 0.0038033796854075826 0.0048209861580445429 0.017263631482446102 -0.00078155440666558983 -0.027784272258628513 -0.0045279378528789967 0.0044473802423955445 -0.0075829414353465437 0.00058299505646964385 0.020379193332615092 -0.0050677813368073523 -0.0020418530909304916 0.0037953057100867243 0.0039182957642254568 -0.0082729974094176428 -0.0043699430613326744 -0.0046716139927866582 -0.011048032774382164 0.0053485262416723611 -0.0064210701000420789 0.0026427291323396227 -0.0070980451183162274 -0.0026866763507477822 -0.0067391935675778685 -0.013123912571037531 -0.0047983908105150002 -0.035942867735087973 0.00016992632166534869 -0.010984453674503906 -0.0031305478673100706 -0.017486863488994368 0.0036311086127598681 -0.014868734327000524 -0.0081658139760624974 0.012063033599944909 -0.017330566871892078 -0.00080115968689190486 -0.021729708829654488 -0.015346393111943758 -0.00032832980595598878 -0.0065940989727068869 -0.012738158966617745 -0.03326847198673364 -0.040861749893037091 -0.003230883041837712 0.0012845450580567044 0.01860379489760277 0.051067407977373601 0.0044009300198766957 0.02257788225208935 0.010609395955843476 0.0053955038061203262 -0.0081008374920046103 -0.0023347960075129504 0.0035543561301237866 0.016060582843573836 0.030558683145961205 0.0033120391831317855 0.006917589190571837 -0.00089660172388389739 -0.010460969402547069 -0.0083448188479704494 -0.001229869478927265 0.0046877627047674213 0.0233060129229378 0.0028283423900931984 -0.0032523974581375433 -0.0036814826039275406 0.0019444746391384566 -0.0061522208151551117 -0.0019880430302188991 -0.00012263299200835804 -0.022615617899268116 0.0039213905061565267 -0.003797167553014829 0.00043296241902016476 0.007205514445135364 -0.0067916772953833865 -0.042607996203700253 0.0046185400115354583 0.02121028614641373 0.011676398396818673 0.0034643307302567408 0.010331319355505998 0.0014819942192910952 0.034101872978148005 -0.013384061764815167 0.001238460664170419 0.0016894017207969639 -0.0014990485697927906 -0.011331008263988708 -0.0052767009349832684 -0.014910629011589464 -0.0035590471053033781 0.0026079070135039731 0.012144078140740153 0.0062998979785238848 -0.0036447962423354079 -0.00045828186064592215 0.010956642278007909 -0.0062101127557080823 -0.0066676674760429121 0.0038510066447881024 0.00011133714588441912 -0.011046819397733606 -0.019055692813387492 -0.050754883091961023 -0.0062196862272704267 0.0087169395054289157 -0.00014126343633738412 0.01586711614778118 0.010072783647815949 1.6639136261998088e-05 0.0037949693809689578 0.031669579974679681
leaf_weight=472.50413377780933 493.6864226142643 136.02672410558444 64.697471124585718 61.782325883628801 1252.8348997001303 248.5797167615965 148.6666852554772 266.17748935939744 532.61649701697752 43.893965182593092 360.49907707469538 1355.9065779850353 473.85674169438425 98.729399160947651 1411.2067159670405 66.811082775006071 227.33741669380106 1305.4092176280683 280.43855659011751 514.35690620238893 142.36975110101048 357.9874551120447 311.53029897902161 1296.7105256337672 38.974165954859927 112.06405080936383 90.527472855639644 887.35946888895705 382.19217060669325 830.63761543366127 464.38032276905142 173.00410125788767 162.90336506301537 180.19126098195557 93.352001788443886 223.7484880980337 13.455635775229892 164.97483564319555 40.435764932655729 138.27576469036285 319.92634049372282 250.69137941452209 170.92496371211018 144.595538875903 51.275305934832431 277.3794183001155 90.057893385528587 145.12140412861481 85.243207774823532 108.58980085211806 120.9200737325009 232.77550128346775 68.132520157727413 58.24256887100637 30.130590261076577 170.07049162173644 34.371013515163213 143.15398913633544 23.006396973622032 23.421765932696871 121.4011305232998 208.0022098517511 45.607899446738884 83.270404910785146 147.1329892949434 542.93001157592516 306.64889772469178 169.26211774966214 209.50249935744796 912.37189728789963 575.73462060361635 319.10311516851652 266.05450868478511 1121.5148291770602 371.20799233252183 141.46550814888906 103.00983249873389 1288.6751701517496 65.342223136569373 816.39695804356597 123.66763198398985 147.48866733850446 49.271070681978017 132.36455932352692 512.48697883274872 1316.2968961066799 384.13685241155326 362.41583771724254 62.970222307369113 54.794454894145019 378.2336215620162 58.149272474576719 83.268530777771957 271.1400859169662 113.37098163855262 65.729734703432769 27.729354368639179 558.37649947335012 204.24615390226245 592.34360516921151 654.80647840932943 358.71329547383357 211.98285551380832 228.8223959869938 161.69863060081843 477.56308595289011 910.68086698406842 254.77298799774144 451.47418871789705 1902.0699578354834 94.675955805461854 257.34193265938666 404.05170922377147 89.112295291386545 270.76587459002621 365.82732116710395 51.121645265957341 28.792901078937575 679.54866379604209 141.96178045799024 132.54139536747243 107.65922045777552 108.69720467564184 201.78634332539514 224.12351664504968 58.115783969638869
leaf_count=1121 1131 333 323 218 2434 483 489 665 1091 225 1080 2597 906 374 2893 355 443 2801 684 1041 481 711 646 2811 97 277 149 2010 995 1510 1038 301 430 526 212 604 31 891 62 320 543 812 370 436 110 645 285 271 309 289 265 471 232 337 282 220 106 421 272 40 425 444 102 209 317 921 903 842 434 2078 1236 707 575 2053 654 499 236 2604 124 1445 242 217 99 564 893 3110 649 666 127 432 753 232 268 479 305 93 199 1511 460 1279 1188 953 346 645 363 866 2104 478 819 3839 223 476 953 203 534 835 202 375 1537 369 266 297 268 415 389 320
internal_value=4.12022e-05 0.00261642 0.00383291 0.000455692 -0.00195525 -0.00426167 -0.00187625 -0.00572533 -0.00739443 0.00622031 0.00417895 0.00139062 -0.00446578 -0.00149504 0.00398101 -0.00205034 -0.0115323 0.00767184 0.00166348 0.00124812 -0.000125218 -0.0047893 0.00169399 0.00324549 -0.000431785 -0.00586508 -0.00793124 -0.00399717 -0.00235947 0.00674282 -9.32105e-06 0.000336554 -0.0104846 -0.0155604 -0.0193769 -0.00882908 -0.0173966 -0.0236521 0.0203866 0.000769108 0.00414687 -0.00922017 0.00158811 -0.0278914 -0.0170114 0.00234261 -0.00503073 -0.00254257 -0.00989319 -0.00743885 -0.0120589 -0.0146244 -0.0130968 -0.0199061 -0.0268441 0.00658158 0.00744186 0.00637857 0.0255412 0.0370291 0.0116254 0.0087136 -0.00681929 0.00955409 0.0130039 0.00737732 0.00826227 0.0199367 0.0112749 0.00139719 0.00391993 -0.000558192 -0.00108837 0.000572089 0.00559128 0.00800552 0.0157111 -0.00517237 -0.0200237 0.00255445 0.00612689 0.00861628 -0.00974002 -0.0172453 0.00708704 -0.00534074 0.00642311 0.0116941 -0.0239298 -0.0288061 0.0126597 0.00785596 0.000774326 0.00823545 0.000189542 0.0137139 0.0221952 -0.00961539 -0.00576885 -0.00224066 -0.0046259 -0.00920406 0.000985323 -0.00796101 0.00454727 0.00635835 0.0102662 0.00295564 2.20062e-05 0.00127867 0.025039 -9.44361e-05 -0.00355865 -0.0040348 0.00498394 -0.00650922 -0.00592777 -0.0429669 -0.00361985 0.000978321 0.0122924 0.00778962 0.0050765 0.00793687 0.0117855 0.0206556
internal_weight=40610.9 25413.3 16245 9168.28 5449.57 15197.7 5801.85 9395.83 6723.27 7652.92 4781.65 2679.36 3483.39 2672.56 3718.7 2334.26 294.148 2102.29 1558.87 3564.81 2903.66 1053.98 8592.07 4962.22 3629.85 1113.69 483.464 4091.01 2923.7 1763.44 2395.26 1460.14 3239.88 746.017 565.826 2493.86 308.426 402.922 105.133 3146.38 1358.57 1149.14 1930.88 309.57 171.933 1179.7 263.062 786.137 230.365 2185.44 645.392 524.472 327.551 170.307 81.4059 2194.13 2024.06 1943.26 80.7992 46.4282 743.323 621.922 2237.03 2871.27 1063.25 1808.02 663.284 399.965 516.151 3008.11 1488.11 2040.11 1520 1253.95 1658.3 1075.11 244.475 1670.87 291.697 1849.68 775.942 652.274 539.623 181.636 661.154 1540.05 1038.64 504.786 226.354 163.384 796.882 436.383 555.773 1724.75 1524.58 132.433 66.7035 1166.94 608.567 1566.25 973.91 404.321 583.191 1167.3 916.641 754.943 1181.82 1199.93 706.247 3198.78 263.938 1073.74 574.977 157.245 478.768 898.444 938.481 42.2485 1070.09 390.541 284.095 240.201 976.86 592.723 390.937 166.813
internal_count=91154 55275 35495 19780 11692 35879 12739 23140 16604 17377 10612 5746 7616 6536 8088 4878 798 4866 3518 7324 5942 2415 18118 10280 7838 3018 1187 8890 6033 3630 4958 3144 8988 2495 1969 6493 1071 1539 385 6651 2802 2738 3920 1327 541 2460 586 1969 580 5422 1708 1443 1049 614 392 4890 4670 4252 418 312 1824 1399 5415 6765 3052 3713 1654 1398 1337 6331 3314 4080 3017 2442 3245 2245 735 3599 972 3527 1606 1364 1374 663 1382 3714 2259 1147 848 721 2065 985 1389 3504 3198 389 296 3026 1515 3174 1895 1055 1000 2857 1874 1511 2583 2428 1297 6650 1065 1921 1323 435 978 1926 2212 406 2389 852 788 563 2041 1392 977 588
is_linear=0
shrinkage=0.0200396


Tree=13
num_leaves=127
num_cat=0
split_feature=18 21 21 18 18 21 21 21 18 21 29 18 18 18 18 18 12 18 29 32 21 18 80 32 41 32 26 18 17 23 21 21 12 35 17 21 36 33 12 21 29 21 17 32 0 0 21 12 36 29 21 80 21 18 21 18 23 42 10 0 56 38 19 32 18 0 35 21 18 33 31 18 42 80 80 25 4 16 43 13 18 18 19 44 21 28 31 21 31 35 9 73 36 39 80 39 38 21 17 38 22 23 4 20 21 30 20 23 23 21 20 3 30 18 19 10 23 73 20 31 42 0 42 12 20 73
split_gain=1062.91 395.747 369.745 325.356 258.25 222.394 206.879 191.792 153.246 132.826 136.149 133.331 118.06 109.76 91.7742 87.977 85.056 73.9918 73.2113 72.3888 70.8799 105.528 67.0031 66.9399 65.5413 60.1226 59.1333 58.4414 62.5634 74.3108 58.2856 57.7379 73.1803 117.992 56.9742 56.6692 76.9227 56.2691 56.1815 53.8948 52.7647 52.0072 72.4805 50.0502 49.9486 48.7864 48.6488 52.5139 53.0043 48.4479 47.6674 48.9962 46.9573 78.6229 88.8187 65.1296 55.889 46.7256 46.4356 45.5196 44.9244 44.8213 44.5912 179.931 80.9979 85.4485 47.6014 44.5557 54.2765 44.4798 44.4794 44.1344 43.9938 73.8202 43.6529 42.4642 42.3466 45.0404 41.172 40.3841 47.9445 39.565 39.5331 39.1908 77.4198 38.37 79.6801 37.9268 37.4775 42.6424 37.08 36.1003 49.031 46.3845 35.323 35.2581 35.2338 35.0899 34.7427 34.3372 38.5522 34.1693 34.0834 33.9195 33.8647 33.6912 41.4541 38.3443 42.3285 33.368 32.9291 34.8981 32.3841 39.1968 32.0917 31.4501 31.25 72.4408 47.5131 31.0862 34.1613 30.4531 30.3229 30.1584 30.0051 29.8034
threshold=-0.04432928375899791 -0.0465041697025299 -0.078576009720563875 0.071790568530559554 -0.25816884636878962 0.14849261939525607 -0.2402180880308151 0.048428479582071311 0.15422734618186953 -0.3871071189641952 0.050510389730334289 -0.5655512511730193 -0.11247460171580313 -0.094419144093990312 1.0000000180025095e-35 0.036714788526296623 0.032683486118912704 0.15422734618186953 0.074718493968248381 -0.3769537210464477 0.20044900476932528 0.29533354938030248 -0.083930589258670793 -0.077833395451307283 0.13097696751356128 0.11875659972429277 -1.4507327079772947 -0.33050926029682154 -0.14267222583293912 0.068656191229820265 -0.003527902532368898 0.25625400245189672 -0.0040137614123523227 -0.067642398178577409 -0.085790306329727159 0.10808210447430612 -0.087412588298320756 -0.028878457844257351 0.46387615799903875 -0.1786401569843292 -0.28394678235054011 0.09076330810785295 -0.10578167438507079 0.12497277185320856 -0.16619318723678586 -0.18323864042758939 -0.52309173345565785 0.31364679336547857 -0.3811188787221908 0.11206046119332315 0.2902501672506333 0.1924763694405556 0.59813982248306286 0.43864586949348455 0.35118664801120764 0.5698031783103944 -0.056043222546577447 0.36717376112937933 0.54071941971778881 -0.12926135957241056 -0.31460855901241297 -0.082535885274410234 -0.13648257404565808 -0.12027356401085852 -0.2005786597728729 -0.12357954680919646 0.31290590763092047 0.050994226709008224 0.10261145979166032 -0.30927447974681849 0.22610582411289218 -0.17632988095283506 0.36717376112937933 0.27487900853157049 -0.097635880112647996 0.075548354536294951 -0.39595885574817652 -0.68544685840606678 -0.33123861253261561 0.28846403956413275 0.28552299737930303 -0.39823217689990992 -0.1073331944644451 0.037212414667010314 -0.11898653209209441 -0.20853464305400846 -0.27369426190853113 0.30307890474796301 -0.27123515307903284 -0.12201286107301711 0.092972595244646086 -0.90102705359458912 -0.52447551488876332 -0.19499245285987851 -0.15334323793649671 -0.17199566960334775 -0.39354068040847773 0.528223216533661 0.40820509195327764 -0.36961722373962397 0.68744426965713512 0.27178861200809484 -0.33955840766429896 -0.21477843821048734 -0.19018601626157758 0.32312029600143438 0.027030366472899917 0.22231548279523852 -0.21367537230253217 0.024053880013525489 0.0041743286419659862 0.060979206115007407 -0.43873678147792811 -0.20300517976284024 -0.22178896516561505 -0.13003973662853238 0.1612387225031853 0.019104445353150371 -0.12206416949629782 -0.26288203895092005 0.49609956145286566 -0.42187499999999994 0.27123065292835241 -0.12327981740236281 -0.083471678197383867 0.22666522860527041
decision_type=2 2 2 2 2 2 2 2 2 2 2 2 2 2 2 2 2 2 2 2 2 2 2 2 2 2 2 2 2 2 2 2 2 2 2 2 2 2 2 2 2 2 2 2 2 2 2 2 2 2 2 2 2 2 2 2 2 2 2 2 2 2 2 2 2 2 2 2 2 2 2 2 2 2 2 2 2 2 2 2 2 2 2 2 2 2 2 2 2 2 2 2 2 2 2 2 2 2 2 2 2 2 2 2 2 2 2 2 2 2 2 2 2 2 2 2 2 2 2 2 2 2 2 2 2 2
left_child=2 15 4 7 9 17 72 14 31 11 27 26 25 24 105 59 20 18 67 44 22 50 -10 -12 62 57 -1 28 85 37 -15 61 -33 -34 -35 36 96 -30 88 -27 -39 74 -43 102 -19 97 47 122 -49 -47 75 -52 53 54 56 -54 58 -8 -18 124 -40 -7 63 -4 -64 82 -65 -5 -69 -29 -16 -59 73 78 -20 101 77 -28 -6 87 -81 -48 -66 84 -61 86 -11 -58 103 -90 -31 -78 93 -93 -86 -67 -21 -23 -63 -9 121 -22 -32 -17 -73 106 110 108 -108 -72 111 -3 113 -74 -37 -71 118 -118 -41 -50 -121 -101 -13 -120 -2 -102
right_child=1 3 13 5 6 8 12 99 16 10 23 46 -14 30 70 38 52 19 41 35 21 45 -24 -25 -26 39 76 69 29 90 43 32 33 34 -36 114 -38 40 60 116 -42 42 -44 -45 -46 49 81 48 119 -51 51 -53 55 -55 -56 -57 79 71 -60 83 -62 98 64 66 65 95 -68 68 -70 115 109 104 112 -75 -76 -77 91 -79 -80 80 -82 -83 -84 -85 94 -87 -88 -89 89 -91 -92 92 -94 -95 -96 -97 -98 -99 -100 100 125 -103 -104 -105 -106 -107 107 -109 -110 -111 -112 -113 -114 -115 -116 -117 117 -119 123 120 -122 -123 -124 -125 -126 -127
leaf_value=0.0064695866887525266 0.0070651493686197898 0.0035197703019834805 -0.0016973682878678321 0.0049869700058515834 0.026565701398806981 -0.0086767369450491214 -0.00068391236108102961 0.003900218291230708 0.024678266647526863 -0.0090943816738371427 -0.00052767522558205653 -0.0028103887856871929 0.0024345290222242823 -0.0033664283490788239 0.00078442018291266166 0.014064250712727964 -0.0047938305853112029 0.001005347531181794 0.016728354717389333 0.0078303641377765656 0.015258199823720635 0.0074447677774270374 0.0072490730565638985 -0.038375390264006951 -0.022928062574215487 -0.0020703252424372591 -0.0053871581153253018 0.0088034770030436353 -0.00036103990614237691 -0.036622070405842054 -0.00028824015507783809 0.0022984383974995752 -0.0073003217231480096 -0.0082547323707166092 -0.057161071117379052 -0.0024641975461006057 0.013467698393389238 -0.0018937337267892753 0.0057479057060139315 0.0026582150571951096 -0.017358376838424377 -0.0057767770424998607 0.006989653501502888 -0.022221401582102823 0.012022842905759785 0.020842615571379012 -0.0081839744688673617 -0.00063006201353017874 0.00083801826822201496 0.0063359646317743372 -0.0069173491467888586 0.0044136804659696818 -0.010461179785787169 0.0084477655236061839 -0.0054124714926383453 0.0018074148239553495 0.014284301330286929 -0.01895030839576458 0.011625529470029679 0.024716658255024934 0.03628913639305157 -0.0036365092389316349 -0.018146588025791544 -0.045065783126893182 0.0057337185798683726 0.0020333923902428395 -0.010772833558336784 -0.0068288705834677697 0.0022374463550916246 0.0052958563281973476 0.009766807457685758 -0.00017441526212143814 -0.00021322047096177576 0.0024023739736273816 0.0071915166164164841 0.00041161631984346515 0.0052250450290905904 -0.023104577492378188 0.010543036303247742 -0.00038202571678348736 0.013092827382209399 0.00049169501214187626 -0.0049757035949724911 0.0023129149014267558 0.017666980301700979 -0.0094916454234097603 -0.044585736327683874 0.0016210202553860037 0.0054803301695172564 0.016359576557005907 -0.0033732024227189797 -0.0046305075249741473 -0.005653937637459098 -0.031061787148433918 0.0059614539018293658 -0.015208335358840872 0.04634822851896838 -0.0011160248832035255 0.0023468264174417606 -0.0017338849473776969 0.0088050489458459547 0.00043729061188787659 -0.011065800322397091 -0.0001934087041498358 -0.011245520347299058 -0.008591562469661777 -0.00016453448562580116 0.0035021422636894116 -0.013619213756048899 0.001970260940492706 0.0074193388763963176 -0.0047042943563936788 0.00066196277803077066 0.017926577217948762 0.0099540554303322488 -0.0070805290568853483 -0.034843998860705508 -0.0074820132268800339 -0.021199329996650217 0.029189807468906221 0.0067536458182083118 -0.0089606192366648938 0.0075593367141099854 -0.0061503595880218233 0.00094400946028084642 -0.0045959268973400835
leaf_weight=87.209375276695937 564.05864603735972 345.14238498895429 125.22393368731719 1246.9073473640019 75.60938935703598 315.04485365387518 1734.1286317224149 102.02018340304494 97.531556088710204 67.18214071483817 24.08418895304203 358.23193401284516 1690.5412545647705 1362.5485386482906 1392.7337693205336 73.519717268412933 475.26216524455231 523.99779515084811 331.98669619299471 25.465913858264685 145.36498289648443 587.8753010253422 480.44803468161263 71.936400055885315 216.53806246398017 342.38376675301697 118.80496343178675 73.477629217552021 362.57057476940099 30.003970805671997 179.30395879852585 100.91456999769434 164.44536446803249 25.6014008380007 15.013624329934826 89.469639435294084 436.25269130023662 153.85276021028403 39.960441464791074 106.01651779166423 211.35522662964649 208.36803863849491 773.1363318071235 107.42198242945597 221.29296149301808 173.94554204388987 294.01327646849677 101.24407630041242 41.36399726185482 235.86830328637734 513.2115371201653 193.0836833770154 321.80125220632181 508.73907486407552 801.4091738575371 333.12481199472677 261.01286961825099 84.545438293251209 55.635083122877404 127.29477998474613 54.655017579672858 742.56034943996929 333.60846794047393 64.036780035123229 151.20695660193451 45.081064187223092 43.969385713804513 344.47390120418277 914.163109988207 74.268329945509322 508.61704402999021 300.02995477220975 81.026243673521094 398.05162392184138 591.15521981823258 718.04923654522281 73.922212891746312 141.02385409048293 447.08878060034476 579.51672866335139 103.98224315780681 610.62767338694539 647.52963039651513 270.25792387139518 116.36688871169463 118.24741146655288 42.938436666270718 154.21810197154991 235.68909451703075 586.57928032299969 25.172990494524129 60.478927220217884 705.00487032183446 44.665879318374209 630.73812162340619 431.42056015797425 33.807183024589904 268.1591281152796 766.34670922893565 286.82797395356465 82.448254543356597 102.22499271831475 334.45389119361062 202.31139936670661 152.90796496358234 317.8292617801344 145.50360804516822 113.45496246451512 247.90842998598237 406.2231253181817 209.10462991672102 446.5351975284284 683.09343746735249 84.372766540618613 433.52754783967976 640.19435853883624 52.814107967191376 115.98982665350195 82.70928496948909 68.748327377601527 66.034598515951075 1799.3520408869954 135.7788149000844 172.28919174068142 736.20358320488594 149.62965827749576
leaf_count=182 1301 708 284 2396 353 731 3561 234 397 167 33 747 3305 2586 2711 197 1006 967 1030 58 464 1268 959 476 855 698 219 191 860 243 391 219 309 65 289 172 1164 295 81 203 670 400 1465 405 648 620 643 179 64 397 1029 341 687 1152 1758 730 726 292 159 519 340 1629 1148 469 345 148 117 753 1762 150 1112 439 115 776 1133 1297 153 532 1103 1149 250 1346 1468 542 375 257 357 230 537 1602 54 115 1609 264 1099 1194 322 443 1197 689 224 144 898 447 342 662 264 174 711 685 450 961 1160 270 1027 1267 348 219 305 347 123 4307 362 323 1285 217
internal_value=5.65396e-05 0.0025606 -0.00409074 0.00154161 -0.00223469 0.00313059 0.000337751 -0.00219208 0.00115623 -0.00575792 -0.0098598 -0.00302214 -0.00180865 -0.0092816 0.000434203 0.00866102 0.00256855 0.00606812 0.00463289 0.00954155 0.00477377 0.00345127 0.0110731 -0.0308013 -0.0125287 -0.0040953 -0.00796051 -0.00834368 -0.0115047 -0.00834102 -0.0057992 -0.00352988 -0.0112591 -0.0175509 -0.0407409 0.0129863 0.0178424 -0.00608819 0.0131322 -0.00850516 -0.0113754 0.00757597 0.00419395 -0.0107937 0.00456683 0.00775645 0.000661208 0.00429406 0.0108813 0.0133194 0.000121852 -0.00375591 0.000391907 0.00148045 -4.23581e-05 -0.00435863 0.00263285 -0.0023268 -0.00260963 0.00637061 0.0271362 -0.00209854 -0.0110219 -0.0192626 -0.00955495 -0.00700509 -0.0355831 0.00234089 -0.000317639 -0.00405499 0.00307804 -0.00735038 0.00615388 0.00914895 0.0109664 0.00298935 -0.00918669 -0.0161576 0.0139432 0.00517885 0.00203632 -0.00245512 -0.00282656 0.00927106 0.0112962 -0.0204912 -0.0284649 0.0099377 0.0113613 0.013492 -0.0269862 -0.00675422 -0.00798352 -0.0195553 0.00829584 -0.0135162 0.0367464 0.00479366 -0.000602464 -0.00664182 -0.00714822 0.00973119 -0.00750209 0.00441193 -0.00431661 -0.00289817 -0.00157579 -0.0061029 -0.00895307 0.00645112 0.00079772 -0.00110674 0.00273427 0.0100505 0.00779168 -0.00564088 -0.0123828 -0.0193489 -0.00810231 0.0168626 0.0209068 -0.00800132 0.000245591 -0.0124634 0.00368771 0.000498811
internal_weight=41053.7 25605.4 15448.4 21967.7 11406 15414.4 6603.6 6553.33 9240.39 4802.44 1895.28 2907.15 4834.36 4042.34 4133.05 3637.63 7110.46 6174 4410.19 1763.81 3515.76 2937.78 577.98 96.0206 2058.61 3143.81 1231.11 1799.26 1011.32 782.956 1983.73 2129.93 305.975 205.06 40.615 1018.52 495.526 727.779 1192.71 872.203 365.208 1904.65 981.504 621.18 745.291 1265.85 1676.04 771.402 277.391 409.814 1671.93 706.295 3594.7 2939.78 2431.04 654.926 1629.63 2271.61 530.897 2444.92 94.6155 1823.95 1842.08 233.23 1608.85 1275.24 108.006 2505.54 1258.64 787.94 2307.57 537.483 1769.24 920.75 923.142 965.639 1143.9 259.829 522.698 1098.73 683.499 904.641 798.737 1144.66 874.4 228.368 110.121 415.231 1098.1 822.268 55.177 884.072 810.15 105.145 747.105 476.502 59.2731 856.034 1508.91 2420.28 2318.26 247.59 513.758 275.831 452.938 1825.48 1507.65 506.867 393.412 914.84 1000.78 791.678 848.492 165.399 522.997 714.463 529.819 168.804 361.015 176.147 134.783 2086.18 494.011 254.998 1300.26 232.078
internal_count=91401 55376 36025 47051 25717 32942 13812 14109 19645 11905 5020 6885 10035 10308 8438 8325 15206 13297 8939 4358 7359 6003 1356 509 6028 6730 3074 4511 2903 2122 4280 4439 882 663 354 2743 1544 1825 3204 2096 965 4028 1865 1694 1615 2728 3811 1822 713 1017 3275 1370 7847 6430 5278 1417 3520 4634 1165 5121 421 3557 5173 870 4303 3155 586 4911 2515 1608 4508 1073 3777 2232 2163 1905 2892 751 1456 2355 1399 1989 1813 2535 1993 781 524 956 2783 2139 297 2141 1988 379 1474 1342 380 1711 2826 5671 5437 608 1289 644 781 3930 3268 1149 975 1797 2119 1669 1545 385 1199 1417 1398 567 831 534 470 4996 1109 628 2586 441
is_linear=0
shrinkage=0.0200396


Tree=14
num_leaves=127
num_cat=0
split_feature=18 21 21 18 18 21 21 21 18 18 18 18 18 18 21 18 44 21 21 18 42 1 24 28 44 1 12 3 21 18 29 21 53 33 29 21 12 22 24 21 21 18 18 18 17 11 21 16 9 12 18 19 10 19 12 29 12 10 31 29 42 15 18 10 31 16 0 17 11 23 11 24 38 21 24 12 24 23 29 44 23 18 24 21 18 24 18 18 24 0 12 31 26 39 21 21 30 31 28 21 4 16 24 21 42 10 39 84 16 18 44 21 26 21 22 4 19 19 19 43 1 30 38 21 39 29
split_gain=1033.62 367.817 344.757 328.107 241.976 217.761 187.465 167.704 150.255 123.091 92.2176 89.1633 89.0705 87.9177 84.1741 157.462 89.0406 76.9525 76.4433 105.524 80.7269 71.5471 65.0764 92.1164 82.0365 60.7265 59.4729 136.138 59.4533 68.808 59.219 78.0045 58.2843 57.136 56.1863 56.1519 82.5187 71.654 91.6952 55.9172 55.688 69.6703 54.3586 54.2618 94.7792 53.187 53.1006 52.3256 52.2506 51.7924 51.4321 50.1937 58.8499 48.6902 87.4946 69.5611 48.3961 48.2764 48.198 47.9818 47.8631 45.9049 45.8322 45.7765 44.4326 76.1352 44.2428 43.9847 45.831 42.9273 42.5772 42.4564 43.515 41.245 41.3926 40.7048 40.3069 40.1244 39.097 39.0912 37.9841 37.9411 94.4674 37.5888 36.8066 36.734 43.7821 36.5489 40.6293 36.4335 47.7859 45.1302 36.0552 37.8596 88.8329 35.6142 35.432 34.9636 39.4942 34.5382 34.1093 38.9059 34.0733 33.9173 40.8445 33.8242 46.9549 34.048 33.6284 33.5759 33.1392 32.561 35.6356 32.3638 41.3147 32.9184 50.7904 41.9294 33.0188 32.3961 32.2097 32.0341 35.4795 33.3662 56.2807 34.4087
threshold=-0.04432928375899791 -0.048428479582071297 -0.0837075039744377 0.071790568530559554 -0.19699198007583615 0.16452854871749881 0.044579859822988517 -0.24663245677947995 0.1745371297001839 -0.094419144093990312 1.0000000180025095e-35 0.14187081903219226 -0.11247460171580313 0.036714788526296623 -0.323604866862297 -0.39823217689990992 0.030556644313037399 -0.47177676856517786 0.35118664801120764 0.31566222012043005 -0.40533159673213953 -0.063920453190803514 0.44761660695075994 0.12765096127986911 0.17282666265964511 -0.035511363297700875 -0.12557339668273923 -0.077126663178205476 -0.50513148307800282 -0.5655512511730193 0.08941234648227693 0.11128928512334825 0.48247486352920538 -0.049243405461311333 0.15287081897258761 0.24278382956981662 -0.015481651294976471 0.34845481812953955 -0.21184862405061719 -0.003527902532368898 0.57889673113822948 0.53065726161003124 0.43864586949348455 -0.24344995617866513 -0.22443549335002896 -1.4830586910247801 0.48717127740383154 0.15452228486537936 0.54365184903144848 0.46387615799903875 0.30853129923343664 -0.22879149019718167 0.2543345987796784 0.20001410692930224 0.026662844233214859 -0.24707139283418653 -0.18405963480472562 0.16872551292181018 0.73351094126701366 -0.040569264441728585 0.40075266361236578 0.34823565185070043 -0.21398915350437162 -0.10639197379350661 -0.12005710229277609 0.32349844276905065 0.29687500000000006 0.60006472468376171 -0.48276719450950617 -0.03187385015189647 -0.27054446935653681 0.46417084336280828 0.049043063074350364 0.048428479582071311 0.50873327255249035 0.054472478106617934 0.2837179452180863 0.21655070036649707 -0.016582334414124485 -0.4095297902822494 -0.10171875730156897 -0.37081009149551386 0.23932125419378283 -0.11898653209209441 -0.12095189839601515 -0.020706900395452973 0.20682264864444735 0.10261145979166032 -0.0014964158763177691 -0.16619318723678586 -0.094610091298818574 0.031377157196402557 0.077597562223672881 0.059953665360808379 0.22803078591823581 -0.27485568821430201 -0.02835783455520868 -0.22478976845741269 0.017339216545224193 -0.078576009720563875 -0.39075338840484614 -0.68544685840606678 0.4773672372102738 -0.19018601626157758 0.36366800963878637 -0.12630690634250638 -0.11680629476904868 0.064000397920608534 0.61204564571380626 -0.25816884636878962 0.069493956863880171 0.042655548080801971 -0.110857255756855 -0.011225144378840922 0.23081998527050021 -0.069100182503461824 -0.113651055842638 -0.06378344818949698 0.14541483670473102 -0.088766086846590028 -0.30539773404598231 0.70172697305679332 -0.46531100571155543 0.072161644697189345 0.35710500180721289 -0.043251998722553246
decision_type=2 2 2 2 2 2 2 2 2 2 2 2 2 2 2 2 2 2 2 2 2 2 2 2 2 2 2 2 2 2 2 2 2 2 2 2 2 2 2 2 2 2 2 2 2 2 2 2 2 2 2 2 2 2 2 2 2 2 2 2 2 2 2 2 2 2 2 2 2 2 2 2 2 2 2 2 2 2 2 2 2 2 2 2 2 2 2 2 2 2 2 2 2 2 2 2 2 2 2 2 2 2 2 2 2 2 2 2 2 2 2 2 2 2 2 2 2 2 2 2 2 2 2 2 2 2
left_child=2 13 4 6 14 11 10 59 35 22 113 30 26 69 15 28 25 81 20 46 50 85 34 24 32 43 27 60 29 45 73 -32 -24 -33 89 71 63 38 -38 -11 42 -42 61 44 -16 -1 57 -30 -48 78 92 -23 53 75 55 -55 -29 80 -25 84 -9 -21 97 -37 -43 66 -66 68 -46 99 -41 -7 -73 -5 87 -53 79 -12 -15 -36 -20 -17 -83 -71 -6 86 -13 -75 110 -4 91 -91 -10 -94 -95 -45 -31 -18 -99 -2 101 -47 -61 -28 120 -27 -107 -108 111 -19 -89 -72 -113 119 115 116 -115 -117 -118 -3 -105 122 -8 -124 125 -125
right_child=1 3 9 5 7 8 121 12 18 39 77 21 -14 49 16 17 62 109 19 40 -22 51 23 58 -26 105 103 56 47 96 31 33 -34 -35 76 36 37 -39 -40 70 41 64 -44 95 67 100 48 -49 -50 -51 -52 52 -54 54 -56 -57 -58 -59 -60 102 -62 -63 -64 -65 65 -67 -68 -69 -70 83 108 72 -74 74 -76 -77 -78 -79 -80 -81 -82 82 -84 -85 -86 -87 -88 88 -90 90 -92 -93 93 94 -96 -97 -98 98 -100 -101 -102 -103 -104 104 -106 106 107 -109 -110 -111 -112 112 -114 114 -116 117 118 -119 -120 -121 -122 -123 123 124 -126 -127
leaf_value=0.0068073484823827088 0.0054300287411108705 -0.0079806822220582028 -0.0066895989049316606 0.0043738498575361037 0.0043210811429460023 -0.0042825423254295013 0.0051198679947508825 -0.048422021357014997 0.010993012851626105 -0.0030057244393032929 0.0012572714971265675 0.0063933917301623516 0.0029441980289552018 0.009109492665013456 0.000675628841260572 0.0050534942297075051 -0.010484152270175287 -0.0028754125918626348 -0.015923674619871011 0.0054683279203629727 0.011143399607227966 -0.0009592449262052381 -0.057889525500504482 0.0012794977507229498 -0.0023793923736397126 0.00017745149181097418 0.0013557003352988339 -0.00090847356147066513 -0.014978020848435079 0.002964830831998192 0.010208034813666826 -0.0087815903817227772 -0.0049835669068760829 0.0042697410513615744 -0.0086432508101137555 -0.0073694551254899808 -0.010179663607973975 -0.0060382921026783977 -0.047765985798652731 0.0050417771186369838 -0.0065053944850085961 -0.00088042271262629473 0.0092510611075261647 -0.00050437744441530325 -0.012811494050360191 -0.004868534332891924 -0.032247579849039247 0.0017853024991094273 -0.0016681543691417068 0.026548524839911068 0.0094682124046569071 0.0094619715808917752 0.0032030006182107171 0.005637781905750012 0.0077624826808069458 0.045150648756867022 -0.015027306263401752 0.0037438889140845467 -0.022246441639823398 0.026183857163011571 -0.0077641109659244891 -0.0048849824448227372 0.0041101393712268406 0.0075261051214864719 0.028888170980349095 -0.00073925174218964298 0.0029657020260327304 -0.0063318639977470404 -0.048963271331257704 0.01962952498781001 -0.0083475693343755784 -0.00078367271660273387 0.0098230340320020725 -0.0067753262249929877 0.0099671762320695852 -0.0030504441191785293 -0.0063261785515771459 0.0069142216912567592 0.01993150164196579 -0.031208301407161514 -0.0036223186295206173 0.034399420675957838 0.00020439415511138779 0.0075363950648007815 0.016605995172507691 0.024664095366259773 0.022135301222684461 0.012760727071088404 -0.0049695070771200176 0.011787614844867686 -0.015262672796390198 -0.0099448377512499925 -0.0032025861902174853 0.013436191807145122 0.00021574314024703695 -0.015028956268165295 -0.01049894382362784 -0.0010521821655428379 -0.015452229884912209 -0.0020363953216332095 -0.0059735219792990532 -0.021443071500728668 0.0061085091594456509 -0.011464439235224307 -0.012997323227920701 -0.00091257456952053976 -0.017579255303686887 -0.0057568106489598574 0.00059892952828716694 0.0048650826100241507 0.00050531506984393727 -0.0082841420650154578 -0.027749873174118148 -0.012964786042105797 -0.013599291990983342 -0.0018374882034327344 0.0096534371643744836 -0.014864596966287136 -0.0045141276482759249 0.0015971473576354886 -0.00039287126193071067 0.00052741741646690303 -0.0042085867362739943 -0.012159815029405155 -0.020129465801293909 -0.0049842214449180716
leaf_weight=83.001828306820244 1035.3257105291123 147.18210434820503 1073.1127360207029 1060.5394085082226 793.06551687302999 946.09752787591424 74.770300115225837 20.215210061287507 131.25001809210517 1466.171938721789 1437.8813990728231 303.65701232245192 1546.569202633691 887.33910694427323 41.035492362105288 284.73491055506747 346.77531589206774 708.90132769919001 108.45664480456617 390.15221726510208 636.2888413699111 281.1111434645718 34.619561593281105 76.53476196131669 22.906683328794315 174.32165092637297 888.00794683385175 368.28513452061452 402.37186140741687 548.68722566193901 989.02574081602506 141.51131552376319 15.385679076542145 683.0520997447893 72.560282496735454 162.14484638615977 84.981467219884507 169.21917123137973 30.608199487673119 52.807960467413068 445.47382109949831 347.11568232334685 691.81519111711532 104.31076178234071 45.09547390404623 120.47627182712313 30.13995807513129 82.681625172030181 43.110027256188914 94.315673995413817 401.63757204962894 1042.1742220632732 739.6226717721438 34.824962563579902 160.3394306267146 44.747054919367656 110.07447722088546 254.53903001977596 34.620129284681752 74.008657316677272 31.02566438773647 268.67120852204971 226.64409392187372 123.54878711770289 64.375108861597255 130.56706133077387 46.659855286008678 32.760681391810067 55.705754338297993 109.20750773733016 315.15443085401785 582.58663509902544 184.23036612349097 411.82180143543519 97.940339619875886 102.17927073372994 95.258575500920415 766.35064204980154 171.18663054460194 111.1194078756962 527.45512603106909 47.315648777177557 60.129424702958204 949.09969115757849 94.595082806306891 122.56770307559054 85.833862848114222 115.16620416939259 264.63344581436832 43.339245992014185 556.34918156417552 62.706798611558042 579.33437502861489 231.33978686260525 1012.2894317919854 183.19925346027594 65.849537512287498 665.45355109509546 62.274680724367499 307.83484793244861 815.48221513803583 130.03172801446635 82.604920506593771 99.707152015645988 144.89471822418272 186.33009586064145 257.98945951787755 204.8393035356421 73.935384718584828 299.5657495992491 250.53179847449064 99.963500596117228 94.915611204458401 51.095051450422034 173.08854949625675 287.29112111334689 187.88876529666595 135.00506388093345 76.836461517377757 775.30075274466071 708.57556473347358 239.17184380569961 856.27680705802049 439.85038460744545 159.64278025797103 808.6905050012283
leaf_count=190 2168 301 2574 2048 1613 2012 183 251 305 2794 2798 704 3071 2088 75 609 853 1665 330 642 1802 423 444 204 52 322 1623 730 1119 1153 2231 297 37 1150 147 328 213 324 324 118 879 670 1565 167 134 209 236 181 62 410 910 2292 1464 90 306 362 307 463 182 334 63 484 416 239 306 229 90 69 544 378 781 874 373 850 195 242 180 1478 580 552 972 319 162 1823 297 473 322 319 602 145 1612 163 1184 585 1801 557 176 1357 203 614 1862 451 161 222 362 377 730 451 94 475 463 225 463 208 473 469 444 411 223 1388 1379 456 1761 1203 637 1770
internal_value=6.98282e-05 0.00253226 -0.00401434 0.00156773 -0.0021519 0.00315641 -0.00216368 0.00114664 0.00102436 -0.00882184 0.000533488 0.00579517 -0.000765256 0.00849525 -0.00477225 -0.00277925 -0.00752922 0.00246345 0.00261075 0.00051957 0.00492527 0.00846154 -0.0121358 -0.0233954 -0.038121 -0.0112389 -0.00319516 -0.00896002 -0.00604093 -0.00421917 0.00381675 0.00647671 -0.0484564 0.00183013 -0.0108388 -0.00335774 -0.00867105 -0.0158526 -0.0266727 -0.00525621 0.00277982 -0.000706918 0.00542395 -0.017031 -0.0256046 -0.00706669 -0.00499496 -0.012135 -0.019091 0.0130481 0.00314622 0.00688171 0.0079246 0.0103443 0.0184503 0.0331428 -0.00474849 -0.00335047 -0.00865956 0.00818387 -0.0340124 0.00120973 -0.00372082 -0.000818483 0.00374518 0.00991521 0.0204536 -0.0326829 -0.0383834 0.00619929 -0.0101227 -0.00148763 0.00197395 0.00157361 -0.00105995 0.00829242 -0.0191815 0.00328133 0.0112734 -0.0243375 -0.00624053 0.00971036 0.0188208 0.00920271 0.00604883 0.0152235 0.0109773 -0.00231241 0.000729146 -0.00924824 -0.0130002 -0.000476023 0.0017415 0.000933318 0.00289254 -0.0102333 0.00115367 -0.00543659 -0.00276085 0.00370515 -0.00828916 -0.0146099 0.0178258 -0.00143765 -0.00401905 -0.00758916 -0.00962422 -0.0129014 -0.011671 -0.00050424 0.00493628 -0.0134269 -0.0197882 -0.00276312 -0.00539012 -0.00308402 0.00172057 -0.00659863 0.00545679 -8.8891e-05 -0.0020675 -0.00635798 -0.0070665 -0.00752552 -0.00943223 -0.00770191
internal_weight=41225.1 25726 15499.1 22171.7 11197.6 15555.4 6616.32 4961.63 8624.09 4301.46 4037.92 6931.28 3917.36 3554.31 6235.96 3649.23 2586.74 1400.65 6340.67 3348.53 2992.14 2917.06 2198.51 184.067 72.9119 1285.59 2370.79 529.6 2248.58 1763.53 4014.22 1813.59 50.0052 824.563 2014.45 2283.42 570.502 284.809 115.59 2102.95 2384.83 1034.19 1350.64 462.107 174.597 1148.99 963.701 485.053 73.25 1152.84 2355.85 2405 2123.89 1384.26 239.911 79.572 478.36 890.451 111.155 1044.27 51.2409 658.823 1301.15 285.694 588.718 241.602 111.035 133.562 100.801 2401.47 636.777 1712.91 766.817 2200.63 1140.09 1144.35 278.938 2204.23 1058.53 183.68 635.912 392.18 107.445 1058.31 887.661 512.059 389.491 1042.15 630.331 1735.51 662.395 106.046 1954.21 1822.96 1243.63 287.51 614.537 1074.5 727.728 1343.16 1065.99 250.508 156.614 1841.19 953.177 823.481 649.159 462.829 583.969 1008.47 365.698 510.034 194.879 1833.69 911.205 738.116 315.82 422.296 264.725 922.483 808.283 2578.4 2339.23 2264.46 1408.18 1248.54
internal_count=91305 55299 36006 47238 25239 33035 14203 10413 18202 10767 8193 14833 8008 8061 14826 8571 6255 3230 13515 6928 6587 6678 6292 919 533 3426 4937 1351 5341 4041 8155 3678 481 1447 5373 4687 1428 861 537 4475 4865 2174 2691 1546 822 2712 2063 1300 298 3078 4785 5179 4756 3292 758 452 1037 1765 386 2405 314 1126 2829 567 1295 625 396 747 678 4983 1681 3259 1247 4477 2429 2534 879 4276 2668 699 1302 1090 481 2201 1910 1499 1026 2234 1384 4494 1920 308 3875 3570 2386 724 1329 2413 1560 2782 2522 660 495 3586 1963 1880 1558 1181 1563 2140 782 1469 688 3917 2228 1755 875 880 667 1689 1601 6010 5554 5371 3610 2973
is_linear=0
shrinkage=0.0200396


Tree=15
num_leaves=127
num_cat=0
split_feature=18 21 21 18 21 18 21 21 18 21 18 21 21 18 21 18 42 18 18 32 12 35 17 23 33 24 18 21 18 18 29 32 24 3 29 24 31 14 69 10 11 18 36 21 18 18 19 20 9 5 24 16 33 40 33 3 18 36 18 18 10 23 35 26 32 19 0 24 21 23 4 0 21 18 24 24 31 5 18 31 12 28 18 4 3 21 5 20 38 3 80 21 10 12 73 24 26 38 73 28 73 22 31 37 12 29 22 31 11 4 21 31 29 24 37 37 21 4 12 55 26 30 19 21 21 20
split_gain=1027.89 370.912 353.519 326.008 214.777 203.182 218.562 182.214 130.233 109.372 151.766 104.411 94.2762 93.7935 91.1476 85.8885 84.8998 82.2782 81.7814 90.2005 75.4472 125.77 70.9105 66.94 58.6166 58.2898 56.5028 55.3223 66.3635 52.8738 87.4614 79.2354 65.2913 52.2807 52.4969 51.3078 50.9817 56.7137 78.4313 60.608 50.9487 47.8004 47.7159 61.969 65.5334 47.1857 46.3324 43.4092 67.773 42.9708 44.8137 42.9243 54.6871 42.5815 46.5079 44.7239 42.4996 45.6868 44.5961 42.4396 41.8692 41.5689 45.1177 41.5131 41.1183 54.1315 40.8528 40.4965 46.9734 42.1857 39.3577 39.2801 39.1425 38.1635 37.9578 53.4923 37.6955 37.5548 36.9405 52.9062 43.0375 36.57 36.4851 36.2824 36.1572 35.2686 35.3478 35.0051 34.9127 34.592 34.4828 35.7893 44.8017 42.913 35.1776 33.5016 33.1994 33.166 33.0197 42.7611 38.2713 49.1413 43.4092 42.4342 36.0354 32.967 47.6152 45.8651 32.9626 37.8917 32.7831 35.0913 32.7719 36.7314 33.119 32.4462 76.0088 37.468 32.2007 32.0166 31.7295 31.2652 44.5838 30.7598 30.4635 46.7242
threshold=-0.04432928375899791 -0.0465041697025299 -0.0465041697025299 0.071790568530559554 0.12989095598459247 -0.19699198007583615 -0.21905067563056943 0.046504169702529914 0.17358103394508365 -0.31526620686054224 -0.39823217689990992 0.35118664801120764 -0.47177676856517786 0.50609637796878826 0.24278382956981662 1.0000000180025095e-35 -0.40533159673213953 0.036714788526296623 -0.10247534886002539 0.12114814668893815 -0.0040137614123523227 -0.040729582309722893 -0.082050912082195268 0.0054167835041880616 0.021553245373070243 -0.21184862405061719 0.30465058982372289 0.61353433132171642 0.31566222012043005 0.15422734618186953 0.074718493968248381 -0.3769537210464477 -0.096751268953084932 0.39948755502700811 -0.29496172070503229 -0.28175139427185053 -0.27123515307903284 0.39414414763450628 -0.50440618395805348 0.73941290378570568 -1.1949683427810667 -0.30135419964790339 -0.52447551488876332 -0.58402821421623219 -0.66585803031921376 -0.077365890145301805 0.76060661673545849 -0.25807870924472803 0.32571682333946234 1.0000000180025095e-35 0.23932125419378283 0.35086232423782354 -0.086859975010156618 0.15737409889698031 -0.00080075359437614668 0.31995254755020147 -0.25816884636878962 -0.10139860212802886 -0.33050926029682154 -0.31688533723354334 -0.11352897062897681 0.092878676950931563 -0.13658083975315091 0.077597562223672881 -0.33905304968357081 0.17591178417205813 -0.14914772659540174 0.60339096188545238 -0.25946117937564844 -0.21367537230253217 -0.42043441534042353 -0.18039772659540174 0.050994226709008224 0.10261145979166032 0.61417174339294445 0.44761660695075994 0.22610582411289218 -0.37499999999999994 -0.49258488416671747 -0.27123515307903284 0.38933485746383673 -0.091636665165424333 -0.37081009149551386 -0.18727959692478177 0.24585780501365664 0.0048107763286679992 1.0000000180025095e-35 -0.21477843821048734 -0.36961722373962397 0.42316816747188574 -0.15850088745355603 -0.086273252964019762 0.29302537441253668 0.25286698341369634 -0.17531533539295194 0.27414903044700628 -0.19681824743747708 -0.089712921530008302 0.28856328129768377 -0.30297128856182093 0.18632795661687854 0.55212321877479564 0.2173462510108948 0.050951480865478523 -0.26662844419479365 -0.16748484224081037 0.20357098430395129 -0.17903626710176465 0.27210783958435064 0.17912877351045611 -0.099101990461349473 -0.15729802101850507 -0.024327890947461125 0.13252588361501697 -0.17665472626686093 0.071097072213888182 0.22803078591823581 -0.32087123394012446 0.70011466741561901 -0.0026902349200099702 0.067792594432830824 0.32312029600143438 -0.14835732430219647 -0.10936497896909712 0.088197562843561186 0.19749363511800769
decision_type=2 2 2 2 2 2 2 2 2 2 2 2 2 2 2 2 2 2 2 2 2 2 2 2 2 2 2 2 2 2 2 2 2 2 2 2 2 2 2 2 2 2 2 2 2 2 2 2 2 2 2 2 2 2 2 2 2 2 2 2 2 2 2 2 2 2 2 2 2 2 2 2 2 2 2 2 2 2 2 2 2 2 2 2 2 2 2 2 2 2 2 2 2 2 2 2 2 2 2 2 2 2 2 2 2 2 2 2 2 2 2 2 2 2 2 2 2 2 2 2 2 2 2 2 2 2
left_child=2 17 5 7 29 9 67 15 14 10 40 16 49 27 22 121 26 90 19 -8 60 -22 97 24 56 -23 63 28 64 30 72 71 -33 34 -26 -25 87 112 -39 46 -1 47 -42 44 89 66 -40 -37 -49 50 82 52 77 54 -21 -56 57 58 -11 119 -16 62 -34 -10 -13 -66 74 68 69 84 -43 -31 -5 -74 75 96 -17 -15 79 -45 -80 -47 -12 -51 -7 -83 -87 -19 -9 118 -2 92 93 94 -92 -32 -4 -6 100 -100 101 104 103 -102 -90 -67 107 -107 109 -30 -20 -112 113 -38 -114 117 -117 -65 -44 -14 -28 122 -3 -58 -106 -126
right_child=1 3 45 4 8 6 18 88 11 23 12 13 59 51 20 76 -18 36 110 53 21 25 -24 35 33 -27 120 -29 108 31 95 32 61 -35 -36 41 37 38 39 -41 42 70 43 78 -46 81 -48 48 -50 83 -52 -53 -54 -55 55 -57 123 -59 -60 -61 -62 -63 -64 115 65 105 -68 -69 -70 -71 -72 -73 73 -75 -76 -77 -78 -79 80 -81 -82 85 -84 -85 -86 86 -88 -89 98 -91 91 -93 -94 -95 -96 -97 -98 -99 99 -101 102 -103 -104 -105 124 106 -108 -109 -110 -111 111 -113 114 -115 -116 116 -118 -119 -120 -121 -122 -123 -124 -125 125 -127
leaf_value=0.0018396051178683364 0.015755936790201389 -0.010489990135664951 0.00068369119563022052 0.0049155707056166252 -0.014644799316276899 0.014228581711955285 -0.0021190546823509847 0.0039825745727847762 0.010677113860159413 -0.019306765124565129 0.0090997652123107065 0.0019704876286074794 -0.0088438391360306859 0.0029613780447525434 -0.0076124915223660106 0.0008875391809747235 0.010918661276108278 0.013113021285526353 0.0038241234425638181 -0.021580910248912861 -0.0077790703815626321 -0.0071444574260006149 0.0013441201400718195 0.0037242472737743369 -0.0023457035480741349 -0.052529301008814838 -0.001461815078838058 -0.010412711316642781 0.0089227166005453554 0.0010102423065144501 0.0063383834232923998 0.026817175949462379 0.00042842181925200235 -0.005642189038211667 -0.027284229132263946 -0.011824396403237198 0.012799718280750428 0.0083736793399607004 0.06588165285447567 0.0073320976719054576 -0.019055198383752196 -0.00369118781279467 -0.015534213132603742 0.0011164805991881275 0.00087889234560464607 -0.0012743241004341663 0.011098657382002799 -0.049555615867268955 -0.0035303100848704761 0.011299401783178903 0.00021249625906906926 0.00019807879260062456 -0.0082983626144646893 0.00082827027222549799 -0.011971577031745062 0.00087176354065725389 0.0027523159220477341 -0.0015323564699386526 -0.0056412276022283873 0.0030335986630149561 0.0064892290908440519 0.023037694665067599 0.011911131496100619 -0.0100196762128074 -0.0026877743142491861 -0.0026733780683138035 -0.016869518854810445 -0.0072930854896596396 0.0030603090394771288 0.013204974758690194 -0.014757524418819066 0.011151018507105219 -0.0056218060483323867 0.0022180883771671807 0.0055732931076894129 -0.024133608658131467 0.0062171652710294551 0.014081085583335757 -0.0092067019269409679 -0.018003262210756894 0.0053604060179551979 -0.0057991486826452776 0.03355473024205631 -0.0038263851651175237 -0.0013355676332474529 -0.0088910058918598104 -0.027175964804369852 -0.00046885737844329925 -0.00048403055349540753 0.0030546184296088822 0.0029137602339224379 0.0026093366188533699 0.002407040705213474 0.02249268923411045 0.011792727411839503 0.012892264206881171 -0.01015637859934245 -0.0034544017434443644 -0.00056888327629539635 -0.021499707621845707 -0.0059166531242470918 0.0051643309823199606 -0.0065736021498965271 0.0093721578026753245 -0.0067072054964291538 -0.0054562594349258442 -0.0086965511309498259 -0.045828463574975872 -0.00094507936345650365 -0.0020230089409221407 -0.0082335286662192139 0.00038460025305667807 0.0060736996317210983 0.0023162599947696453 0.025403188496252609 0.010528120323131634 0.00016631742522136902 0.00051194717638013588 -0.0033504157402237163 0.00030439693363649517 0.012417979173481501 -0.0082586856288046264 -0.00021098774260551784 -0.007609517483146264 -0.018623464215691641 -0.0066629815870457108
leaf_weight=270.65663299919106 124.13671480608173 169.46775940340012 123.65851587604266 1245.7828481578035 127.57173929922283 57.810021171695553 1995.5067782287952 106.63145434914622 187.02171195205301 147.09367958782241 76.984517750330269 269.90390146209393 304.77627494384069 202.61981743387878 165.04060258960817 1342.6766159565886 816.33622528554406 97.628102916991338 841.210940811201 145.91563425038476 243.28757144790143 26.460014438955113 2147.9404690895462 57.088332909857854 52.130555193289183 24.356623978819698 71.966063569299877 242.81346501153894 411.86365247308277 488.45420468982775 1058.2461490363348 116.54933923319913 205.74884321575519 242.96314118604641 110.65718174225185 100.96614822908305 368.02892528183293 77.073858501855284 16.367422293755226 27.586718860431574 110.41840089310426 221.29252982488833 229.51989969972055 64.458619189215824 660.56439295620658 341.60279874480329 21.355186051339842 29.245619826950133 22.131965884938836 94.831176614388824 48.919610703946091 399.25842043175362 50.61374726111535 115.26865384972189 367.60488397919107 143.43278372951318 454.82678770576604 388.59196535637602 294.17860542377457 536.60951012081932 127.47723148402292 78.613276588730514 407.92759069532622 158.89829256234225 459.79439180355985 80.606144375866279 611.01985820138361 63.462655939743854 716.2415055121528 561.54665311938152 384.0786095103249 204.01029193843715 337.20246472826693 774.89572044683155 45.418741749483161 90.48988432995975 874.9210089109838 365.6046446406981 289.49622234655544 323.62671410210896 90.118151236209087 506.23884483589791 48.649539896519855 114.70620752312243 199.29934503603727 180.77621708926745 57.865848575602286 192.91352084290702 201.33066998387221 71.010748609434813 325.1891816201387 1050.5111197915394 459.7941478556022 87.271675537340343 448.94338443048764 510.06044463859871 872.37932507460937 442.88150994421449 57.847907332121395 108.89594244374894 91.759976424975321 95.568321391241625 300.04091603192501 177.87209303479176 795.79079788469244 25.331322766025551 113.01903547765687 19.820341029437259 543.86031468922738 165.22469150193501 210.5700848485576 953.91674967645667 74.716010179021396 225.72192858252674 114.97755415737629 369.19298122799955 1028.8651528242044 502.35635292774532 159.8925521816127 280.09390029520728 351.23050580988638 319.43362318701111 1345.1048175028991 126.10622276936192 296.65382802684326 296.85904311959166
leaf_count=587 391 405 251 2375 352 205 4030 242 424 550 172 526 745 444 338 2645 2253 241 1739 522 486 65 4065 118 114 322 132 537 811 876 2210 502 345 506 487 252 867 170 292 60 423 445 626 176 1300 778 74 329 39 239 149 683 107 190 866 283 836 850 564 988 234 304 1031 409 780 175 1931 123 1377 1402 1090 570 675 1490 106 429 1701 952 593 1007 253 960 313 203 341 401 324 458 467 143 547 1874 934 347 1015 1203 2303 902 85 423 203 229 596 365 1663 45 249 250 944 321 430 1722 185 421 460 831 1827 952 269 589 887 674 2819 235 924 711
internal_value=3.03455e-05 0.00248084 -0.00402694 0.00149337 0.00307289 -0.00259634 -5.84768e-05 -0.00223937 0.00134379 -0.00510914 -0.00289042 0.0029199 0.002019 0.000383889 -0.00191086 0.00039771 0.00533549 0.00832253 -0.00220963 -0.00442846 -0.00890362 -0.015666 -0.000333352 -0.00823433 -0.00595066 -0.0386583 0.00354256 -0.00182968 -0.00071966 0.00628183 0.00499909 0.00949947 0.0136989 -0.0124849 -0.0206286 -0.0129996 0.0126057 0.0148905 0.0263526 0.0396033 -0.00613831 -0.0143606 -0.00723462 -0.00630633 -0.00318055 -0.0104084 0.0512255 -0.0242694 -0.0371236 0.0102645 0.0170187 0.00538752 0.00859376 -0.0101404 -0.0120521 -0.00846683 -0.00388575 -0.0067293 -0.0109745 -0.000951684 -0.00141591 0.0106519 0.00823548 0.00221502 -0.00450679 -0.00701134 -0.0124973 0.00629707 0.00697582 0.0102066 -0.011021 0.00428989 0.00251233 -0.000218652 -0.00982889 -0.0105943 0.00303823 0.0104079 -0.0106231 -0.0149033 -0.00560508 -0.00685477 0.0224691 0.00344611 0.00306876 -0.00928203 -0.0154316 0.00472882 -0.00643225 -0.00877695 0.00613217 0.00546963 0.00764979 0.0102992 0.00827417 0.00863703 -0.00881302 -0.00646133 -0.00693206 -0.0152281 -0.00615985 -0.00766248 -0.00156779 0.00405599 -0.00850871 -0.0142961 -0.0190747 -0.032904 0.00257007 0.00580852 0.000862626 -0.00130123 0.0120735 0.00907358 0.0193374 0.0013257 0.00304174 -0.00226657 -0.0110318 -0.00460265 0.0100642 -0.00278689 -0.00151569 0.000265435 -0.00963928 -0.0131433
internal_weight=41469.7 25861.8 15607.9 22149.6 15568.7 12778.5 6371.79 6580.85 10141.2 6406.68 3775.33 6836.2 1505.57 3350.33 3305.02 4051.6 3485.87 3712.22 4773.43 2767.73 586.622 294.104 2718.39 2631.35 1816.55 50.8166 2669.53 2332.24 2089.42 5427.49 3926.19 1501.3 808.839 405.751 162.788 814.803 1216.37 925.828 142.383 65.3093 2269.76 757.715 1999.11 1888.69 1120.99 2829.45 37.7226 152.344 51.3776 384.091 174.554 1018.1 618.838 772.222 656.953 511.038 1410.8 829.864 441.272 1121.48 292.518 692.29 613.676 2246.33 968.475 698.571 1742.97 1598.36 1534.9 818.656 605.371 692.464 2357.88 1112.1 1131.95 1086.53 2217.6 568.224 767.7 388.085 379.614 1086.48 125.634 209.537 257.109 744.881 238.642 290.542 2529.25 460.423 2495.85 2371.71 1321.2 861.404 774.133 1568.31 996.038 570.453 2422.62 166.744 2255.88 1686.2 569.673 269.632 1590.63 238.777 158.171 45.1517 1120.95 577.088 2005.7 1164.49 783.444 593.751 189.694 2059.31 1398.06 661.255 389.412 584.87 423.197 1834.01 1514.57 580.933 1389.3 593.513
internal_count=91275 55372 35903 47036 32884 28420 13230 14152 21303 15190 8775 14539 3398 6824 6764 8244 7715 8336 9782 5891 1445 873 5319 6415 4142 387 5462 4638 4101 11581 7953 3628 2182 1107 601 2273 3228 2529 596 426 5377 2155 4790 4367 2338 7483 366 620 368 1076 634 2186 1503 1861 1671 1149 3035 1964 1114 2322 572 1680 1376 4443 2025 1499 5020 3448 3325 1948 1535 1446 4540 2165 3089 2983 4346 1396 2029 1183 846 2463 485 442 546 1685 725 699 5908 1038 5108 4717 2843 1909 1562 3413 2554 1254 5666 508 5158 3994 1164 568 3765 719 544 295 2076 1132 3891 2152 1933 1288 645 4019 2658 1361 895 1334 1019 3898 3224 1071 3298 1635
is_linear=0
shrinkage=0.0200396


Tree=16
num_leaves=127
num_cat=0
split_feature=18 21 21 18 18 21 21 21 18 21 18 18 18 29 18 18 3 32 18 37 20 12 37 37 29 21 11 21 34 1 21 11 0 21 36 32 24 10 24 18 23 18 21 44 22 21 18 9 18 10 12 11 20 22 42 44 28 29 19 36 17 18 32 24 23 69 21 73 12 15 30 37 19 23 35 28 20 11 30 3 39 31 73 18 10 21 31 31 10 28 21 18 32 19 44 25 43 18 41 18 3 40 37 1 44 29 20 32 73 17 20 29 22 11 5 42 11 35 29 21 18 14 12 36 34 41
split_gain=959.179 334.235 310.484 256.666 243.407 223.256 210.958 152.659 144.892 118.431 144.503 113.235 111.461 84.5313 82.3577 79.6767 71.0301 67.8278 64.5142 63.2203 103.014 60.7236 62.2972 77.2544 56.2928 71.5166 55.8233 55.5917 54.722 54.3856 53.0156 49.1218 48.7322 47.9397 46.9917 46.7906 59.339 46.1137 45.2315 48.3185 45.0096 83.9355 48.2018 84.1291 43.7427 42.814 77.4303 41.5692 40.9063 45.6371 45.0673 40.7878 58.2739 47.4561 40.7441 57.5778 40.6395 39.146 47.9118 39.2092 38.9283 38.8722 46.1087 38.3832 38.0766 37.5802 50.3206 70.5999 37.4372 36.4184 37.3405 36.376 36.1758 65.6115 35.6911 35.5623 35.194 52.2713 35.1543 47.0429 43.462 34.5233 34.1881 33.8965 34.6104 46.0034 33.7247 33.3253 65.8001 42.35 32.5954 48.8863 32.4455 33.1986 41.3574 31.8926 31.7997 31.4515 47.7391 31.105 31.0624 31.0143 38.3736 30.7356 30.4801 36.8286 30.3638 40.2371 30.3247 30.1218 29.9418 29.3573 39.218 41.1879 29.0445 32.895 30.3814 28.9424 31.9292 28.2554 29.1182 35.7329 27.9392 27.8034 30.8253 27.6898
threshold=-0.045163672417402261 -0.076010264456272111 -0.091404747217893587 0.071790568530559554 -0.25816884636878962 0.044579859822988517 0.16452854871749881 -0.2402180880308151 0.15422734618186953 -0.41468890011310572 -0.5655512511730193 -0.094419144093990312 -0.11758166924118994 0.047706913203001029 1.0000000180025095e-35 0.14187081903219226 -0.17175004631280896 0.042273631319403655 -0.33050926029682154 -0.10181167721748351 0.008063483517616989 0.032683486118912704 0.19565942138433459 0.08591203019022943 0.077731773257255568 0.12219371646642686 -1.4830586910247801 -0.017639513127505776 0.19736090302467349 -0.03267045505344867 -1.0000000180025095e-35 -0.27054446935653681 0.27414773404598242 0.050994226709008224 -0.066433567553758607 -0.34539401531219477 -0.20868398994207379 -0.21769582480192182 -0.020706900395452973 0.20682264864444735 0.052877759560942657 -0.16801216453313825 -0.17094291746616361 -0.085093885660171495 0.23618373274803164 0.35118664801120764 0.51945495605468761 -0.15320385247468946 0.038615768775343902 0.25950837135314947 0.25286698341369634 -0.52888023853301991 -0.037473309785127633 -0.19283127039670941 0.36717376112937933 0.021872271783649925 0.33679409325122839 -0.30801960825920099 0.105399027466774 0.28321677446365362 0.457320585846901 -0.2005786597728729 -0.54502853751182545 0.27414903044700628 0.19573260098695758 0.19224489480257037 -0.00096215525991283346 -0.13687890768051145 0.50401377677917492 0.58605512976646434 0.065179865807294859 0.12873286008834842 -0.14835732430219647 0.015554804820567371 0.31906054913997656 0.20878445357084277 0.05629320070147515 -0.12518841028213498 -0.056501302868127816 0.22420950233936313 -0.039186567068099969 0.15483728051185611 -0.35982349514961237 -0.94762483239173878 0.39311756193637853 -0.031109686009585854 -0.10919611528515814 -0.024168825708329674 0.15771592408418658 -0.0094728171825408918 0.22803078591823581 0.29533354938030248 -0.020346892997622486 -0.12456032261252402 -0.24282328784465787 0.17433484643697741 -3.6426434235181653e-05 -0.022349069826304909 0.050909327343106277 -0.19163300096988675 0.23870303481817248 0.25089928507804876 -0.019361246377229687 -0.15198864042758939 0.030556644313037399 -0.24475470930337903 0.075908888131380095 0.12497277185320856 0.12096327170729639 -0.14738242328166959 -0.58157122135162342 0.29015530645847326 -0.030657893046736714 0.18264014273881915 1.0000000180025095e-35 0.1720918342471123 0.034569084644317634 -0.24952215701341626 -0.17249313741922376 0.22803078591823581 0.29839541018009191 -0.11073573678731917 0.15194953978061679 -0.02447552420198917 0.16743853688240054 0.049639804288744933
decision_type=2 2 2 2 2 2 2 2 2 2 2 2 2 2 2 2 2 2 2 2 2 2 2 2 2 2 2 2 2 2 2 2 2 2 2 2 2 2 2 2 2 2 2 2 2 2 2 2 2 2 2 2 2 2 2 2 2 2 2 2 2 2 2 2 2 2 2 2 2 2 2 2 2 2 2 2 2 2 2 2 2 2 2 2 2 2 2 2 2 2 2 2 2 2 2 2 2 2 2 2 2 2 2 2 2 2 2 2 2 2 2 2 2 2 2 2 2 2 2 2 2 2 2 2 2 2
left_child=2 48 4 5 9 14 15 54 60 10 26 32 40 18 27 24 38 -15 19 20 78 22 23 28 33 63 -1 72 108 -22 -13 -32 61 -5 -27 -18 -37 -38 39 -17 -9 47 71 81 -29 87 56 -42 49 50 -2 52 53 -12 55 -6 117 68 59 -59 111 83 -63 -26 76 66 -64 -68 -35 -48 -71 -43 73 -3 -7 -62 86 -78 79 80 -11 -44 -50 -4 85 -85 -16 88 89 -23 -24 -92 -39 125 -95 -88 -66 98 -51 -69 110 102 -14 -75 105 -21 107 -33 -10 -106 -57 112 -8 -114 116 -116 -53 118 -47 -89 121 -121 -103 -111 -125 -94
right_child=1 3 11 6 7 74 8 12 21 13 51 30 101 17 64 16 35 -19 -20 104 29 45 90 -25 25 34 -28 44 -30 -31 31 106 -34 57 -36 36 37 92 -40 -41 41 42 43 -45 -46 46 69 -49 82 97 -52 114 -54 -55 -56 100 -58 58 -60 -61 75 62 65 -65 96 -67 67 99 -70 70 -72 -73 -74 103 -76 -77 77 -79 -80 -81 -82 -83 -84 84 -86 -87 95 119 -90 -91 91 -93 93 94 -96 -97 -98 -99 -100 -101 -102 122 -104 -105 109 -107 -108 -109 -110 123 -112 -113 113 -115 115 -117 -118 -119 -120 120 -122 -123 -124 124 -126 -127
leaf_value=0.0074712116210059742 0.0081855383258268299 -0.012608996985798732 -0.0027697172451134643 0.0042505786767848457 0.014628294211935665 -0.0055069214122273804 -0.014728599408584944 -0.0015724233231317797 0.0053246511816894167 -0.059160174328841207 0.022008298471170855 -0.0027595269997629569 -0.00072968374283898852 -0.0067303156240705762 -0.0012470957954557602 0.005440761042376843 0.0025823358259662102 -0.036181139523854801 -0.0032658567887385061 -0.00012845093275996178 -0.019399815066652181 -0.011570189384653356 0.0076304800462264717 0.012602291492756141 0.0061469494518353977 -0.010138901694822894 -0.0088205485344966753 -0.0026663955360469427 0.013620114732698052 -0.0017066259708780815 0.006044931419201165 -0.002750772690546579 -0.022943638630182048 -0.019033596102061234 0.0032895423714353221 0.025847035506943321 -0.0052126162662906907 0.0050034150518033565 0.024554135993368649 0.021020103605995669 -0.0056560193716910859 -0.0021171404338616176 -0.0065289211440756117 -0.00043561259572056401 -0.012571872912340248 -0.0035366547236392889 0.010209445055316893 -0.020221838652146901 0.027809502308816233 0.015918178036481982 0.023396196182504686 0.0044088781286481683 -0.0015106571580562203 0.0050687151258055315 0.00223133660341734 0.019239006038995067 0.0046281749953484335 -0.0050447150762934481 0.0068708883844874292 0.0073345890185838253 0.0041976109646269235 -0.001612808435820801 -0.00863358098390553 0.013839495806759286 0.014648255972051888 -0.0023169997798515455 -0.00049517502835476725 -0.0050880439979405952 0.00048081762843075869 0.005122728236219877 -0.0069644447449440806 0.0096500630733518476 0.0031188867955958084 0.0071620401382315744 -0.016128341209272708 -0.0041671111421663987 0.003775933818172181 -0.0068176617732367559 -0.0050556510138385219 -0.017213649448238548 -0.010133662738398748 -0.032300531763973302 0.011339325372951455 -0.01470337162362957 -0.009956491595802093 -0.038048724242861945 0.0092313031965352028 0.012305274469023521 0.008182230664028331 0.0015568061900084729 -0.0036685501370597681 0.0066578780185342053 0.01152374349148425 0.0016855370187867735 0.018719371008371431 -0.0027227744058372283 0.0048789007228574859 -0.0010411104198165149 -0.002323866228784088 -0.026020808573086862 0.00053124009962758861 0.011869945318343393 0.00812183712980326 -0.0040597164396364606 -0.012045333932008436 -0.020213040976659134 -0.017815481016378577 -0.017311096351002111 -0.00025137920060127651 0.0038358016824190959 0.0033841626823830117 -0.013272402166002428 0.0019030097051418342 -0.007471346835778569 -0.008492243842309552 0.0032584629722852668 -0.006022133269084011 -0.0031506263333075479 -0.015441361019739338 -0.0032703244164961542 0.01062134980612426 0.0056880111130497074 0.00024925750194207657 -0.012467051329880135 0.0022720254526719598 0.0011322821334679742
leaf_weight=71.595307081006467 1063.0988492181059 168.36259349004831 89.095690061571077 1224.1560418285662 347.54549771407619 2479.3248063059291 108.30496979178861 1738.34095962625 760.50739120366052 21.88726130744908 88.384695553802885 1539.4946384397335 825.00885561434552 72.947606068686582 270.32453546149191 306.8624383296119 845.02267575031146 59.261647565173917 816.452460552915 54.61600636492949 82.203872900572605 198.21246464911383 178.16425029805396 536.15625373937655 792.92214464896824 101.38823944353499 1138.4806533702649 885.02122682740446 182.46357303205878 218.64443478081375 55.064786371542141 270.77753183769528 127.71845741278958 67.501199082355015 577.04772687552031 55.010136270197108 90.154823868651874 720.51294269552454 130.60565836285241 99.692889777012169 163.7838672476355 424.36209699395113 53.354071252048016 175.70206476957537 208.12721414363477 195.9111545967171 227.45987167349085 197.29606551828329 47.472822551615536 111.43063177866861 71.131019062828273 437.58924115390982 242.24808502732776 216.08980129647534 828.65541628620122 64.420425114571117 163.79497447155882 545.61210750590544 264.10624603217002 101.53868256742135 325.90972402330954 322.03393168258481 897.18697752826847 440.06041889043991 157.85045445209835 226.66254422441125 73.147809564834461 48.612521237228066 64.316937235649675 233.90300252055749 144.83017446519807 112.5881818580674 1066.7755479818443 179.56133678671904 118.93763424654026 462.30800590710714 351.04777313279919 348.0570399730932 37.486292636371218 114.08690777351148 22.998414904461242 43.442682242719457 752.38874120556284 190.24122331058607 235.14478437160142 49.710823120200075 470.67810695525259 158.71455267316196 180.37605663307477 164.6106721428223 734.63628297939431 217.9485559676541 195.87989250977989 76.483745414763689 294.00786056788638 95.351578796980903 726.56587348878384 363.71602127980441 87.88885875872802 206.9476632202277 367.03478172584437 231.33830196445342 231.22728073014878 164.13882347708568 104.91192564484663 90.609057270223275 192.16494522360153 89.406051599653438 769.70625017501879 216.08480990456883 134.69378618022893 196.25005165301263 368.17034555890132 341.14426712237764 281.63725830777548 121.25095827446785 123.84641166764777 811.10945921367966 184.4568362365244 322.0444044766482 151.85856159531977 344.66571458918042 125.96577677084133 102.39789727993775 88.827525570639409 207.18898724031169
leaf_count=174 2166 386 209 2412 958 5584 307 3351 1537 323 357 2948 1476 149 539 678 1703 384 1643 74 304 491 331 1320 1616 222 2805 2034 492 422 126 570 480 261 948 276 169 1393 508 347 335 698 134 318 531 396 531 685 260 301 315 925 415 448 1478 222 253 1125 558 187 579 584 2134 1093 425 561 141 170 119 396 316 268 1859 319 384 764 675 670 85 380 72 277 1843 541 556 437 1004 453 530 234 1235 375 466 105 844 170 1288 676 157 913 709 514 586 294 311 320 628 290 1611 481 271 564 781 735 640 263 320 1737 557 599 342 620 219 247 172 389
internal_value=7.74449e-06 0.00235602 -0.00393518 0.00161148 -0.00207953 -0.00138909 0.00306661 0.000592553 0.000953861 -0.00542673 -0.00262514 -0.0082799 -0.00142649 -0.00897678 0.00105072 0.00559593 0.00807699 -0.0234613 -0.00772873 -0.0107457 -0.016068 0.00228313 0.00418695 0.00609954 0.0037641 0.0062788 -0.00771463 -0.00136693 0.00391214 -0.00766248 -0.00482559 -0.00973925 -0.0112084 0.00159588 0.000986538 0.0065272 0.00848862 0.00749896 0.0146417 0.0102499 -0.00366189 -0.00666362 -0.00289137 -0.00936929 -0.00479067 0.00041667 -0.00152943 -0.0143891 0.00929222 0.00732985 0.00961653 0.00150175 0.00575183 0.0112591 0.00555849 0.00843445 -0.00417585 -0.00153647 3.60011e-05 -0.00288576 -0.00406515 -0.0103364 -0.00864373 0.00911078 0.00371206 -0.0101456 -0.0115158 -0.0182337 -0.0107917 0.00430137 0.000337419 0.000643035 0.00103295 -0.00323468 -0.00614041 -0.000675384 0.00174875 -0.00153297 -0.0266742 -0.0304502 -0.0462764 -0.0222166 0.0131139 -0.0150735 -0.0171302 -0.0225897 0.00446916 0.00291776 -0.0010183 -0.0058518 0.00032868 -0.00118595 0.00834696 0.0112064 0.0155234 0.00716129 0.00697473 0.00250311 0.00841809 -0.0228258 0.00417791 0.0031496 0.00133893 0.00185148 -0.00628433 -0.0137584 -0.0115333 -0.00725578 0.00255306 -0.00362059 0.0100642 -0.00661739 -0.00467557 -0.00268978 -0.00097749 -0.00493726 0.00193138 -0.00546593 -0.00989953 0.00508969 0.0033671 0.0013841 0.00805818 -0.000870605 -0.00606376 0.00657214
internal_weight=41553.7 26050.9 15502.7 23553.8 10889.3 7690.12 15863.7 6064.76 8663.62 4824.54 2721.12 4613.41 4322.41 2103.42 5091.86 7200.07 3021.42 132.209 1971.21 1154.75 497.307 6861.53 3379.58 2248.83 4178.65 1911.42 1210.08 2671.99 1712.68 300.848 2146.91 607.413 2466.5 2267.23 678.436 2484.26 1639.24 1584.23 537.161 406.555 2908.87 1170.53 809.449 272.499 1093.15 3481.95 1961.47 361.08 2497.13 1697.27 1134.23 1511.05 546.723 304.474 1742.35 913.694 1355.27 1043.08 911.257 647.151 1802.09 2338.78 1774.59 1232.98 2419.88 1452.56 1225.89 328.708 131.818 606.193 378.733 536.95 1578.84 512.063 2598.26 788.218 1535.46 699.105 196.459 158.973 44.8857 96.7968 799.862 564.193 475.097 239.952 836.354 1520.48 543.199 362.823 1130.75 952.585 1494.07 773.56 370.492 566.03 884.416 563.036 199.319 255.56 566.149 1413.54 1056.24 343.7 657.447 145.225 552.349 360.184 1530.21 512.222 199.114 1013.87 817.62 709.315 964.324 402.888 561.436 1191.48 380.368 977.283 818.569 666.71 357.304 407.31 191.225 403.069
internal_count=90886 55385 35501 49667 24213 16162 33505 12499 18086 11714 6347 11288 8861 5367 10194 15419 6878 533 4834 3191 1586 14356 6901 4960 8541 3879 2979 5423 3640 726 4562 1614 6726 4662 1170 5345 3642 3366 1533 1025 6066 2715 1695 729 2565 7455 4186 1020 5718 3615 2481 3368 1220 805 3638 2160 2943 2250 1870 1312 3730 6246 4503 2709 4771 3919 3358 1224 380 1243 712 966 2858 999 5968 1343 3058 1345 860 775 395 411 2103 1743 1534 978 1713 3269 1255 725 1941 1610 3197 1804 949 1174 1713 1134 458 1083 1202 2795 2062 613 1605 394 1488 860 3148 1211 493 2387 1823 1516 2148 903 1245 2690 953 2014 1561 1219 733 900 419 855
is_linear=0
shrinkage=0.0200396


Tree=17
num_leaves=127
num_cat=0
split_feature=18 21 21 18 18 21 21 21 18 21 18 18 18 29 18 12 21 18 18 21 15 21 32 18 29 32 21 19 17 42 18 18 37 20 3 21 17 11 39 11 21 0 0 0 10 18 32 19 41 42 14 12 0 30 32 21 18 24 18 29 21 37 11 33 4 3 36 4 24 3 35 80 21 21 22 19 18 18 10 20 28 39 24 39 4 12 34 24 73 24 39 23 85 12 35 16 39 18 32 29 21 26 0 25 73 25 35 39 34 19 23 18 21 41 10 20 18 41 21 34 23 20 20 44 21 23
split_gain=947.887 328.414 320.534 274.873 236.352 211.428 180.216 154.64 122.376 116.903 119.351 112.801 112.547 88.4845 79.0279 77.8732 70.8747 65.2454 62.2936 105.12 90.7958 79.8841 79.3472 62.1435 79.9867 69.5307 61.1529 59.3547 54.7983 53.5173 52.9462 52.8876 58.9336 132.267 71.3713 52.7659 51.8855 51.3648 48.302 48.1749 47.4398 46.2902 45.8275 45.3069 44.9044 44.3959 46.408 49.5014 75.2335 58.3824 55.6512 54.3038 44.6188 44.3004 44.1984 44.0226 52.2485 53.6093 43.1687 41.7514 41.5735 41.3478 41.3341 40.3902 39.0738 37.7995 37.6795 47.0568 37.2974 37.0389 38.0211 36.9201 46.4465 36.854 37.0602 36.7399 37.6884 36.5999 35.7635 35.7539 35.5854 35.2357 35.1864 34.8176 34.7599 34.6226 41.6876 34.522 34.225 34.1899 36.178 33.9882 33.9284 34.2681 33.8679 33.848 33.7213 39.6443 34.7057 35.6896 34.1945 42.9162 38.2081 33.6837 33.5515 48.4772 33.4663 33.463 39.9129 33.4597 79.6905 33.4096 59.6243 68.8564 32.8415 32.0474 31.9389 31.9149 31.479 31.2912 42.893 42.6786 35.1033 30.1793 49.3189 40.9437
threshold=-0.045163672417402261 -0.061898652464151376 -0.091404747217893587 0.071790568530559554 -0.25816884636878962 0.12989095598459247 0.067030146718025221 -0.20878767967224118 -0.11758166924118994 -0.3871071189641952 -0.5655512511730193 -0.094419144093990312 0.13059716671705249 0.050510389730334289 1.0000000180025095e-35 -0.021215596236288544 0.22033354640007022 0.038615768775343902 0.28434184193611151 0.57889673113822948 0.091884799301624312 0.35118664801120764 -0.27241845428943628 0.15369051694869998 0.074718493968248381 -0.3769537210464477 0.018280949443578724 -0.22879149019718167 0.42945490777492529 0.36717376112937933 0.53065726161003124 -0.33050926029682154 -0.10181167721748351 -0.037473309785127633 0.45529152452945715 -0.023412443697452542 -0.24302459508180616 0.23249562084674838 -0.039186567068099969 -1.4830586910247801 -0.011225144378840922 0.28267045319080358 -0.17471590638160703 -0.0071022729389369479 0.19162558019161227 -0.2005786597728729 -0.10729103535413741 -0.13648257404565808 0.088346667587757124 -0.40819343924522394 0.32807809114456182 -0.1496559679508209 -0.10653408989310263 0.32841473817825323 0.042273631319403655 -0.47177676856517786 -0.37081009149551386 0.23932125419378283 0.43864586949348455 0.11818727478384973 0.35118664801120764 0.044477464631199844 0.089974891394376769 -0.30927447974681849 -0.39595885574817652 -0.11710854247212409 0.59790208935737621 -0.17965868860483167 0.015972431749105457 0.39948755502700811 -0.067642398178577409 0.045752068981528289 0.11449646949768068 0.050994226709008224 0.11093484610319139 -0.070140905678272233 -0.017600774765014645 -0.94762483239173878 0.39311756193637853 0.12233592942357065 -0.035381685942411416 0.062965199351310744 0.27414903044700628 -0.048600407317280762 -0.33955840766429896 0.31364679336547857 0.68490424752235424 0.44127765297889715 -0.35982349514961237 0.2374362647533417 -0.13415716588497159 0.38630199432373052 0.38853938877582556 -0.28612384200096125 0.26939418911933904 -0.68544685840606678 0.051193863153457649 -0.024865939281880852 -0.7115882635116576 -0.27418446540832514 -0.11257216334342955 0.34805467724800115 -0.14062499999999997 0.094936661422252669 -0.024216414429247376 0.14454675465822223 -0.24952215701341626 0.32357540726661688 -0.1960269287228584 -0.14835732430219647 0.031643409281969077 0.17358103394508365 0.22803078591823581 0.77273964881896984 -0.092095866799354539 1.0000000180025095e-35 0.29533354938030248 0.28364336490631109 -0.088839001953601823 -0.0020086019067093726 -0.20348022878170011 -0.03199398145079612 -0.33067473769187922 -0.1164804734289646 -0.1747915297746658 0.19147858023643496
decision_type=2 2 2 2 2 2 2 2 2 2 2 2 2 2 2 2 2 2 2 2 2 2 2 2 2 2 2 2 2 2 2 2 2 2 2 2 2 2 2 2 2 2 2 2 2 2 2 2 2 2 2 2 2 2 2 2 2 2 2 2 2 2 2 2 2 2 2 2 2 2 2 2 2 2 2 2 2 2 2 2 2 2 2 2 2 2 2 2 2 2 2 2 2 2 2 2 2 2 2 2 2 2 2 2 2 2 2 2 2 2 2 2 2 2 2 2 2 2 2 2 2 2 2 2 2 2
left_child=2 17 4 6 9 23 14 29 36 10 39 41 28 31 40 16 43 96 21 20 44 111 -23 24 73 42 91 -27 37 119 -21 32 33 34 38 -13 -9 -7 -11 -1 109 45 -25 69 -20 77 62 49 52 -48 -51 -50 81 66 -15 56 83 -58 60 61 68 114 -47 -33 95 -35 67 -42 117 -14 -71 72 103 -5 87 -69 -77 -4 92 -67 84 -49 -26 85 -37 -12 -87 -75 -19 90 -82 -16 93 -79 107 -41 98 -98 -2 -100 101 102 -101 -29 -92 -106 -99 -8 -109 110 -3 112 -17 -114 -18 -28 -63 -22 -108 -6 122 -122 -121 124 -38 -126
right_child=1 3 11 5 7 12 94 8 -10 13 55 35 15 54 26 18 59 88 19 30 58 22 -24 25 82 27 115 71 -30 -31 -32 63 -34 65 -36 80 123 -39 -40 64 53 -43 -44 -45 -46 46 47 48 51 50 -52 -53 -54 -55 -56 -57 57 -59 -60 -61 -62 116 -64 -65 -66 79 -68 75 -70 70 -72 -73 -74 74 -76 76 -78 78 -80 -81 89 -83 -84 -85 -86 86 -88 -89 -90 -91 104 -93 -94 -95 -96 -97 97 106 99 100 -102 -103 -104 -105 105 -107 118 108 -110 -111 -112 -113 113 -115 -116 -117 -118 -119 -120 120 121 -123 -124 -125 125 -127
leaf_value=0.0062692157159435933 0.017087350716342282 -0.018245771719873495 -0.0029765777022447435 0.0046162540529738035 0.0012609732274884073 -0.0041906044288919633 -0.0047748959534018821 0.0057395860041220634 0.002584214267417834 -0.05768073530931328 -0.00036555828621158014 -0.0021362566639294049 0.0029805340888269913 -0.0076871070930853965 0.0040097709517608951 -0.0004422233643398467 -0.0097756043106920452 0.026214607457981778 0.038239784514531618 -0.0073993513457229227 -0.00063741778116727294 -0.00072519268787815357 -0.017340456431996002 0.001031044913336482 0.0058742889785471748 0.0012850246210069972 0.0036953882147195407 0.043588634010331945 0.00047471533516132085 0.0011593508658474963 0.0023642718201620371 0.0083864284694811636 -0.0062029052332797938 -0.020177163349781365 -0.0078304687480288369 0.0020261779232218992 -0.0038526399932942491 -0.01608280603664744 -0.010941252270232344 -0.0054387013123249374 0.0037668968442697891 -0.023003633697125297 0.011721853526127356 0.016701912005726013 0.0067909685780003157 -0.0015843669967271733 -0.0013897672478712204 -0.0055469691141347794 -0.0064226882643101937 -0.030218118400466516 -0.00020459888208835357 -0.03430493724191333 -0.011462783318485414 -0.014845453918867477 -0.034291829856987546 -0.0035259039605176441 0.02484665685702463 -0.00061163859788385046 0.0095452969689157827 -0.00046798467754400035 -0.0010815700668034907 0.0056101481754621254 -0.011131479433316273 -0.0052288779454902181 -0.0060470101851604809 -0.011609724487123291 -0.013007388188649433 0.00018636106425166975 0.01550220939981658 0.0047023426918482358 0.018022639349252623 0.0114810904946665 0.0097292565753278049 -0.0042779693875656041 0.0059113609147544424 -0.0033693699442108507 -0.017609753292774751 -0.010319258631159779 -0.010345336398687359 0.0021393493553317159 -0.00110832128893938 0.0060307146620036554 0.012446101323200698 -0.0067468184665176465 -0.0086419048738521093 0.017195297589297706 0.0026390339875778652 0.0052718273057739797 0.011140939228423371 -0.0058000035449713178 -0.0052497954299627267 0.013413259479741969 -0.0035464793777587262 -0.033022026150126782 -0.018027602073350291 -0.020494866817811166 0.0048210491963417606 0.0010599710316445065 -0.0023967985592235268 0.0069238606499564398 0.0020461155397937165 -0.0044479426095239789 0.020308030526275465 0.014463993595220445 -0.035479171436808135 -0.0062915770111438771 0.027723422990429181 -0.0017678727812449489 -0.016488409493530101 0.0019965626354043662 0.0010585348905291761 0.0018745632175490854 -0.02999050180531862 -0.0028373862846009074 0.0035090304795568393 -0.002567907485220948 0.018779094984309134 0.012216067047977598 0.010356006430648381 0.0068950656411500442 0.015131310899786872 0.0044790593082937201 -0.0054267400754567695 -0.0035101719608359948 -0.0092277942704421731 -0.025281134368386388
leaf_weight=78.990001585450955 61.467077335924841 98.447234929888509 92.285744285327382 1360.8462232222082 313.19826649758033 714.34591162297875 1443.2691927342676 147.95598693774082 1369.3717833397677 31.467460966669023 502.28946602763608 1261.7544712757226 587.30111115868203 61.70900513138622 1285.1404530277941 674.84447264904156 58.296563460025936 60.210673855384812 26.934855778934434 442.05484040733427 269.61395241820719 235.09963112033438 207.8854062469909 493.51801393646747 1083.073320893338 144.04496572329663 461.73482394020539 42.250377762014978 733.14364298048895 1186.8541319576325 406.89941141661257 75.39860495144967 588.77363040298223 66.433337752358057 42.72626906062942 192.66508789220825 492.21938842174131 170.60651380755007 27.118081745808013 126.40654811204877 331.1135626914911 120.12075786513742 219.50024515076075 205.36130917409901 49.153264479245991 556.0223223536741 56.409940921817906 249.2326644010609 67.890669693704695 129.92350777133834 29.653875583433546 50.461995184770785 276.96218829113059 148.28803706355393 60.914829603512771 615.49839727045037 58.285214843694121 51.533365919953212 462.94675161305349 1076.4331478070235 627.14420861727558 258.6175215250114 255.5832711069379 735.59970386372879 918.94130811304785 118.80701245018281 124.92210941645317 253.42137874546461 115.00213241321035 212.61524101125542 156.97409083007369 485.19224848318845 106.44064997206442 692.10177736496553 269.43877889087889 186.06449394929223 121.22823216160759 70.948526987340301 230.42672606464475 144.75340222136583 45.17320060939528 146.96399996778928 524.72319362848066 150.7154441307066 272.54536625090986 99.762625045608729 250.88598024053499 169.24158671218902 918.89318321971223 210.23916524311062 53.611376586137339 161.04356933943927 38.503840340534225 118.6473927058978 89.518626471981406 156.37303310749121 326.60777041083202 58.11949460953474 285.3365441148635 359.09761522652116 650.35135990928393 68.880617160117254 114.4401278042933 72.486284501850605 71.525235893437639 46.597860294044949 82.778932516113855 116.72038398741279 219.32802911382169 1004.9404426446417 270.2836775687756 1459.7292329298798 40.788637649966404 102.13040814490523 729.99470946728252 980.36401693383232 104.8666229096707 81.874408192117698 156.86723443085793 239.496830226155 439.75044910097495 267.52053439733572 119.808842391707 1143.8111726253992 353.78033646335825 77.249470883747563
leaf_count=177 216 295 225 2609 690 1679 3072 304 2655 386 988 2343 1126 136 2534 1097 158 294 239 897 597 445 643 893 2240 256 873 339 1140 2095 847 188 1431 261 124 355 900 502 85 228 847 458 611 626 109 1241 83 608 126 613 53 333 593 425 376 1286 281 136 1049 1895 1166 477 622 1437 2170 277 331 395 324 386 468 1239 220 1421 505 388 385 181 555 281 104 312 1211 328 657 309 465 268 2213 406 153 433 89 689 345 536 589 74 572 659 1064 104 409 188 432 92 362 321 707 1753 480 2835 248 172 1489 1769 353 210 335 486 1175 454 277 2396 792 355
internal_value=-6.80945e-06 0.00232015 -0.0038904 0.00149063 -0.0020335 0.00296919 -0.00172403 0.000591294 -0.00209062 -0.0052754 -0.00275752 -0.00829921 0.00124012 -0.00906948 0.000130176 0.00215449 0.00450655 0.00837403 0.000606042 0.00288906 0.00583571 -0.0014802 -0.0090237 0.00606683 0.00471744 0.00947481 0.00238968 0.0133035 -0.00356941 0.00432555 -0.00276821 -0.00773839 -0.0107487 -0.0162832 -0.0341296 -0.00485191 -0.0049829 -0.00685829 -0.0455008 -0.00733278 -0.00243445 -0.0112039 0.00461453 0.00847516 0.0243925 -0.0103766 -0.00864098 -0.011511 -0.00870051 -0.0198723 -0.0253703 -0.0220929 -0.00564629 -0.00536472 -0.0243424 0.000680447 0.00304175 0.0147857 0.00456183 0.00236423 0.00228271 0.00497466 -0.00483873 -0.00374073 -0.00834676 -0.00883627 -0.00366111 -0.00203068 0.0066552 0.00633461 0.0111302 0.0156267 0.0226737 0.00242513 -0.000244822 -0.00548617 -0.00987756 -0.0154912 -0.01773 -0.00448128 -0.00852298 -0.00113139 0.0081755 0.00142886 -0.00432143 0.00303276 0.0076408 -0.00229367 0.0126846 -0.0126097 -0.0179485 0.00526627 -0.0234682 -0.0266592 -0.00704746 -0.01473 0.00630277 0.0102175 0.00457562 0.00377924 0.00528481 0.00890129 0.011002 0.0308982 -0.0216932 -0.026987 0.0153147 -0.00625646 -0.0118465 9.20208e-05 -0.0048711 6.20542e-05 -0.00312099 -0.0138144 0.00224868 -0.000526235 0.0103576 0.00293025 0.0183603 0.00697736 0.00858548 0.0113898 0.00267923 -0.00581522 -0.00850009 -0.0133071
internal_weight=42070.9 26312.4 15758.5 23169.3 11114.4 15873.5 7295.83 6151.02 3584.39 4963.38 3009.68 4644.15 10210.7 1953.7 5426.99 8592.56 3390.46 3143.05 5202.1 2481.62 1632.67 2720.48 442.985 5662.86 4099.42 1563.43 2888.28 850.415 1618.1 2566.63 848.954 1831.08 1020.08 431.306 101.312 2154.11 2215.02 884.952 58.5855 1280.71 2538.71 2490.04 713.018 1162.25 76.0881 2369.92 1819.1 1007.5 791.512 215.987 159.577 118.353 673.159 1165.04 122.624 1728.97 1113.47 109.819 1556.58 2228.21 1093.63 1151.78 811.606 810.998 1201.72 329.994 1016.75 891.828 466.49 956.89 369.589 706.37 221.177 2491.63 1130.78 560.714 307.293 550.812 458.526 263.56 892.357 396.197 1607.8 1003.65 465.21 852.938 350.649 861.343 979.104 427.147 216.908 1446.18 228.1 189.596 1868.84 282.78 2163.95 624.373 1539.57 1478.11 1192.77 542.418 473.538 114.737 171.734 118.123 297.766 1779.32 336.048 1373.67 368.731 2277.49 817.764 142.919 788.291 1442.1 363.484 351.488 239.646 1379.77 1066.58 707.271 359.306 2067.06 923.249 431.03
internal_count=91209 55421 35788 48530 24465 33177 15353 12579 7402 11886 6904 11323 21177 4982 10908 17856 6978 6891 10878 5438 3694 5440 1088 12000 8254 3746 5609 2242 3321 5177 1744 4470 2845 1414 595 4542 4747 2181 471 3111 5299 6781 1504 2606 348 6323 4584 2721 1972 749 666 459 1513 2771 512 3793 2507 417 3346 4372 2297 2477 1863 1625 2934 819 2346 2015 1131 1980 854 1986 747 4803 2194 1168 773 1739 1514 558 2199 920 3451 2090 1012 1762 774 1689 2507 1187 781 2967 959 870 4445 764 4384 1360 3024 2808 2236 1172 1068 527 677 524 771 4100 1028 2528 775 4352 1517 420 1647 2642 830 807 697 3082 2392 1629 763 4443 2047 1147
is_linear=0
shrinkage=0.0200396


Tree=18
num_leaves=127
num_cat=0
split_feature=18 21 18 21 18 21 21 21 18 21 18 18 18 18 29 18 21 18 18 21 12 35 24 41 33 21 31 5 18 42 18 32 36 29 21 26 73 21 18 24 20 31 32 21 21 43 11 35 21 19 31 16 10 9 18 1 10 15 36 0 20 37 11 18 11 23 22 34 10 80 0 15 40 12 23 21 10 23 19 12 31 21 16 28 20 32 11 18 18 12 16 1 21 10 23 73 22 11 19 11 20 10 19 41 41 28 35 21 21 29 3 21 22 24 29 22 32 20 80 20 12 37 12 34 39 20
split_gain=907.033 312.631 311.315 292.859 218.25 180.493 153.126 141.151 123.573 122.16 117.574 113.401 109.649 94.9863 87.4816 78.4526 73.4709 96.0635 68.183 57.573 66.1718 106.114 64.3663 66.6194 61.425 53.49 119.691 51.7484 56.0564 51.7104 51.617 76.5894 66.3492 65.8892 50.1912 49.9058 49.8476 48.9191 57.2032 47.699 87.851 86.4789 51.0539 57.7197 47.341 47.137 49.456 45.5988 45.3651 45.1636 44.479 66.4584 44.3167 43.0415 42.0332 55.8104 53.6116 45.6544 40.9881 40.4345 40.0187 58.8955 39.8259 39.3041 39.2262 39.0487 38.9939 38.1251 37.5006 37.4171 37.188 36.882 36.8161 36.7661 35.0574 34.7793 49.2974 47.5765 41.9207 37.5455 34.0134 34.127 44.5621 33.5352 33.1447 33.9902 32.5259 44.4114 32.5096 32.3799 31.7637 31.5233 31.473 33.1429 31.4192 37.8855 43.978 33.9979 31.3034 30.9688 43.4331 34.7264 30.73 36.4385 31.6838 30.4844 32.152 29.9716 29.7479 29.4435 29.2292 28.7077 36.1173 29.218 28.6086 28.3912 27.8484 27.8436 27.1887 27.0335 30.6774 26.6538 26.3084 27.9215 27.1173 27.758
threshold=-0.04432928375899791 -0.036882616579532616 0.071790568530559554 -0.091404747217893587 -0.25816884636878962 0.1273252069950104 -0.21905067563056943 0.044579859822988517 -0.11758166924118994 -0.3871071189641952 0.15422734618186953 -0.5655512511730193 -0.094419144093990312 0.014503159094601871 0.050510389730334289 0.036714788526296623 0.35118664801120764 0.31566222012043005 0.28136509656906133 0.24278382956981662 -0.015481651294976471 -0.067642398178577409 -0.21184862405061719 0.77273964881896984 -0.086859975010156618 0.23123797774314883 -0.021553418599069115 1.0000000180025095e-35 -0.37081009149551386 0.36717376112937933 0.15369051694869998 -0.3769537210464477 -0.087412588298320756 0.08377257734537126 0.48717127740383154 -1.4507327079772947 -0.35982349514961237 0.57889673113822948 0.53065726161003124 0.44761660695075994 -0.024020769633352753 -0.24179305881261823 -0.10729103535413741 0.16452854871749881 -0.50513148307800282 -0.25203895568847651 -0.52888023853301991 -0.077981650829315172 1.0000000180025095e-35 0.19647823274135592 -0.12005710229277609 0.27500922977924352 0.16872551292181018 0.48436890542507177 0.2052363604307175 -0.018465909175574776 0.060787281021475799 0.36367848515510565 -0.24825175106525418 -0.18039772659540174 0.1867584511637688 -0.099536616355180726 -0.25853691995143885 0.43864586949348455 0.058422379195690162 0.083547316491603865 -0.097508151084184633 -0.12498508766293524 -0.11919406801462172 0.28069707751274114 0.31676135957241064 0.34823565185070043 0.30845323204994207 -0.14162844419479367 -0.10171875730156897 -0.086273252964019762 0.2543345987796784 0.021374003030359748 -0.057764837518334382 0.25286698341369634 0.22610582411289218 0.018280949443578724 0.12374876439571382 -0.016165135428309437 0.075908888131380095 0.12497277185320856 0.14800114184617999 -0.19163300096988675 -0.46007244288921351 -0.21186926960945127 0.21372038125991824 0.46448864042758947 -0.25946117937564844 0.34627233445644384 -0.066035304218530641 0.048157325014472015 0.1444283798336983 0.43090447783470159 -0.24555500596761701 0.067459490150213255 0.059085326269268997 0.012703002896159889 0.091560497879982009 0.0061006073374301204 0.070281013846397414 0.0037594940513372426 -0.12428930774331091 -0.00737652345560491 -0.1747915297746658 -0.33458037674427027 0.077126663178205504 0.05291853845119477 0.11093484610319139 0.44127765297889715 0.16739951074123385 -0.40743038058280939 -0.69702085852622975 -0.04606433026492595 0.21024914830923083 -0.084686670452356325 0.10263761505484582 -0.022267181426286694 0.48222476243972784 -0.0020086019067093726 -0.17199566960334775 -0.21477843821048734
decision_type=2 2 2 2 2 2 2 2 2 2 2 2 2 2 2 2 2 2 2 2 2 2 2 2 2 2 2 2 2 2 2 2 2 2 2 2 2 2 2 2 2 2 2 2 2 2 2 2 2 2 2 2 2 2 2 2 2 2 2 2 2 2 2 2 2 2 2 2 2 2 2 2 2 2 2 2 2 2 2 2 2 2 2 2 2 2 2 2 2 2 2 2 2 2 2 2 2 2 2 2 2 2 2 2 2 2 2 2 2 2 2 2 2 2 2 2 2 2 2 2 2 2 2 2 2 2
left_child=3 15 7 4 9 30 29 13 58 11 19 35 39 99 27 75 18 34 25 24 -21 -22 -23 -24 49 26 47 66 60 69 33 59 -33 111 52 -1 -17 63 -39 42 73 -42 43 86 45 46 110 -12 -14 -7 -40 -52 74 -36 57 56 -56 -28 90 -32 61 109 -50 71 -27 67 68 -34 -11 92 -26 -19 -16 -41 -18 76 79 78 -77 -2 -15 82 98 122 85 -64 87 -5 -47 -44 -8 -45 93 -6 -60 96 108 -97 -82 100 -3 107 103 -20 -105 -69 -107 -101 -96 -29 -13 -4 113 -113 -91 117 -78 -31 -104 -110 -121 -88 123 -38 125 -125
right_child=1 2 5 12 6 10 8 -9 -10 14 16 44 48 80 72 36 17 37 102 20 21 22 23 -25 70 64 54 28 -30 115 31 32 65 -35 53 -37 83 38 50 40 41 -43 89 91 -46 88 -48 -49 62 -51 51 -53 -54 -55 55 -57 -58 -59 94 -61 -62 -63 84 -65 -66 -67 -68 105 -70 -71 -72 -73 -74 -75 -76 77 116 -79 -80 -81 81 -83 -84 -85 -86 -87 121 -89 -90 114 -92 -93 -94 -95 95 97 -98 -99 -100 101 -102 -103 118 104 -106 106 -108 -109 119 -111 -112 112 -114 -115 -116 -117 -118 -119 -120 120 -122 -123 -124 124 -126 -127
leaf_value=0.0068970343890370385 0.0086645903867891734 0.00060456533330106713 0.0044558651689882581 -0.0094946119717486122 0.017995673846317062 -0.017901924235472516 0.012675229856141572 -0.0059958798270539661 0.0028275722600928622 0.0047103620223280396 -0.0042422770669831543 0.025964118260850749 -0.0028442499651464234 0.00096825992382290767 -0.029711055023570087 0.025550398478610948 -0.014810932160719891 0.0050360781442256924 0.015559616272084837 0.0017043349372805909 -0.006010529115992114 -0.0064255194088206416 -0.06347812780654874 -0.0062121264314014485 0.0015032825002910914 0.010516886713306726 0.0091247524238412484 -0.011614401713174486 -0.0052044823335332712 0.013767378359635004 0.00023658838880999739 0.026110458653782954 0.00035700180058042587 0.0078312730576062424 -0.029575988387023456 -0.0080365261626646062 7.5971335525755666e-05 -0.0062669777247664144 -0.0014694232044189404 0.0028220240543814397 -0.0022823852997440374 -0.050424946348569179 -0.0090750928586122454 -0.028956410343988142 -0.0025741014729632381 -0.0036209171587881046 0.0026604954028386168 0.0041737501242080748 0.0045713421380705332 -0.0029977488436421086 0.024079653727294478 0.0022643325353799695 0.0037863113607694595 -0.0026938128414353427 0.031307508190501807 0.0071959211874237476 0.0016582179224314301 -0.0067385783676048774 -0.0018224517278015481 0.010578613729707921 -0.0013712584288722795 -0.013117277201137872 -0.0025547862668082602 0.0081201951043219367 -0.00067385780601667466 0.021855189584644996 -0.0027139908028662621 0.0070479536671081552 -0.011791462124326179 0.0024373253404979807 -0.0070320620635876581 -0.0043487878028784718 -0.0031110459201037569 -0.015399110519018469 -0.0033580174221295132 -0.004822082901086034 0.013114300966285082 0.0060036302342533132 0.0053757438120924433 0.02342331063505353 0.0028144229992284639 0.002279312379497227 0.0027646557255290869 0.016581436828907736 -0.017543311910088309 -0.015651789353299493 -0.0057465234928278782 -0.00043944718021982928 0.0061569175731716825 -0.013805490485607346 -0.003194237636241892 -0.0020292947075811461 0.0048654677369282927 0.0057987991264527982 -0.0040200500350228924 0.0028572543674737026 -0.021804119480399717 -0.010309406945895352 0.022399025194951606 -0.0051428731945451292 -0.0066262188273381257 -0.0010827682956594748 0.018454364121091995 -0.0045306413705769903 0.0064026018361400755 0.0015290083964008853 0.026464464296126759 -0.022379066046843921 -0.0045783624743635639 -0.051223089146718241 0.0064593539371014712 -0.0039344311088007162 0.0057675475121878872 0.005211467886950997 -0.030310992911345175 -0.00063135608664799197 0.0006589655304697086 0.0015137016357490418 0.0070906741680062217 -0.018608340685853503 -0.0035165974266183888 -0.020871186563378184 0.016894357759129872 0.010605653968961352 0.010541735517744765 -0.0025612007973160994
leaf_weight=77.345414856565185 771.79001579235774 947.65011769998819 1254.4627712194342 309.60105932585429 256.52607479307335 106.06622698926367 72.459136029239744 2622.0643137211446 1393.9474723992171 48.044850821606815 425.40620865381788 62.847385500674136 1654.974968667957 1163.9190829184372 89.386448048055172 73.987476406968199 117.17801414534915 392.36701720615383 84.071017059264705 159.16154330503196 236.31713011395186 35.16969146381598 11.584227987914348 18.172070702305064 1728.2937968993792 111.88210290693678 433.4254814061569 31.920187484356575 241.06904082628898 101.71789472387172 456.60035562771372 117.94773199199699 200.16388052457478 1465.3033870939398 34.294104183558375 1203.560587115935 208.18618614750449 422.23688028613105 347.92265293735545 56.046988019486889 23.393853567889892 34.400643396191299 559.89104352134746 46.578161470475607 849.98714615963399 340.05299272597767 224.84905417531263 581.70721775805578 60.595421059988439 255.00688570574857 59.552290354506113 186.68528655846603 245.54822063341271 49.875922251376323 103.88793274678756 166.51417203561869 33.743065387010574 66.646642015432008 748.33728627092205 204.61773266480304 47.351538763614371 167.94549943704624 278.48728249000851 713.53740044042934 1498.8474835942034 80.592379321111366 861.78494963585399 320.79103550908621 421.09574734780472 420.45415825385135 206.98948036041111 256.83652769774199 33.28839177347254 103.32121517928317 552.81664799433202 414.94471690326463 60.566845864872448 865.1440924492199 231.22060672845691 66.142673831200227 53.002966803382151 405.90723107743543 164.11936723405961 239.66601607715711 184.67760125268251 95.374582854215987 155.71510610205587 635.66938115633093 193.28506425430533 428.67201483075041 86.801540945307352 28.48150263808202 336.04904495750088 181.77734323416371 622.490843233536 254.18647266703192 74.779031273443252 84.525617947801948 118.95226283883676 104.63723561540246 485.01634814427234 149.67319308035076 191.8969658940332 149.76204415829852 250.86328114452772 31.496705929515883 63.006320431479253 72.605313208303414 214.50188142433763 20.519486716482788 82.93845503393095 667.25894960178994 297.00200946675614 152.03974044474307 54.805746219935827 785.16758547606878 480.99398857215419 201.05053904699162 226.70896711375099 202.46915694267955 89.651186327449977 67.903698031092063 107.12164610868786 74.580522956559435 588.8287779185921 159.62428292434197
leaf_count=174 1594 1946 2324 821 839 332 193 5937 2731 94 894 285 3142 2242 444 340 328 642 242 316 417 76 271 53 3174 277 935 86 466 271 803 491 303 3118 235 2918 401 849 665 158 56 398 1357 268 1758 671 454 1055 134 479 252 359 448 76 504 323 39 135 1440 548 165 549 569 1523 2731 302 1724 665 1086 819 433 460 59 328 1005 729 190 1552 488 288 81 686 268 725 605 290 261 1356 489 1181 125 55 749 315 1179 479 315 187 437 187 1024 308 717 293 451 66 298 286 400 272 154 1360 548 243 297 1364 892 293 617 629 222 237 325 167 1296 379
internal_value=-1.04879e-05 0.00226591 0.00129411 -0.0037882 -0.00199669 0.00279635 0.000538048 -0.00246888 -0.00189881 -0.00509397 0.00126217 -0.0025373 -0.0079261 7.35269e-05 -0.0089652 0.00716574 0.00253175 0.000309838 0.00425411 -0.0022734 -0.00855176 -0.0137464 -0.0325589 -0.0468773 -0.000934874 0.00291887 0.00525745 -0.00764838 -0.0130248 0.0046234 0.00579698 0.00899325 0.0130433 0.00451732 -0.00482796 -0.0070106 0.0109688 0.00249961 -0.000811757 -0.0108178 -0.0198177 -0.0372828 -0.0097622 -0.0067826 0.000775069 0.00392192 0.00916913 0.000594607 -0.00465864 -0.00823741 0.00313963 0.00924752 -0.00320056 -0.0177746 0.0108999 0.0166785 0.0253465 0.00676992 -0.00459399 0.00371505 -0.0190394 -0.0223218 -0.00920298 0.00494917 0.000244241 0.0100183 -0.00539087 0.00768395 -0.00991445 0.0074633 0.000508272 0.00128685 -0.024147 -0.00940057 -0.00582038 0.00517839 0.00747143 0.00299452 -0.00109049 0.0104644 0.00315643 0.00643987 0.0109568 0.00975293 -0.0108565 -0.00667203 -0.00539751 -0.00357868 2.23278e-05 -0.0130735 0.0046565 -0.0216544 0.0100284 0.0135135 -0.0052854 -0.00690634 -0.00854518 -0.000882692 0.0174506 -0.00325693 -0.0019062 -0.008614 0.00909534 0.0052268 0.00226616 0.0109836 0.0201311 -0.0140591 -0.00721951 -0.0383134 0.0173705 0.00240669 4.92316e-05 -0.00212039 -0.0170417 0.0014042 0.00258017 0.00636341 0.0130334 -0.0107725 -0.0146084 -0.0119465 0.00799303 0.00669274 0.00830772 0.00220704
internal_weight=42305.4 26402.6 22059.8 15902.8 11124.2 15772.3 6126.89 6287.55 3844.15 4997.27 10461 3034.87 4778.59 3665.48 1962.41 4342.8 7704.21 3378.85 4325.36 2756.76 460.405 301.243 64.926 29.7563 2296.36 3422.06 1811.33 1839.73 508.806 2282.74 5311.28 1475.22 813.998 3836.07 999.713 1280.91 1451.99 2379.14 1016.4 2504.48 217.163 57.7945 2287.32 1243.95 1753.96 903.973 370.635 1007.11 2274.11 361.073 594.16 246.238 915.543 84.17 804.217 304.145 137.631 500.072 2450.2 661.218 267.737 220.385 619.135 1362.74 1610.73 696.05 1330.93 615.458 469.141 1194.81 1935.28 649.204 122.675 159.368 669.995 2890.8 1379.49 1511.31 646.165 837.933 1905.9 741.982 336.075 1378.01 558.539 373.862 1168.89 945.27 533.338 1043.37 159.261 75.0597 774.352 438.303 2290.94 1542.6 1203.89 338.712 171.955 1759.58 1432.67 326.916 903.302 484.696 400.625 415.294 94.503 177.243 1129.11 52.4397 145.786 2370.76 1116.3 819.299 483.478 1087.94 541.561 302.768 418.606 506.622 292.12 223.619 1138.34 1031.22 823.034 234.205
internal_count=91354 55443 46077 35911 24398 32675 12550 13402 7900 11848 21606 6903 11513 7465 4945 9366 16055 6842 9213 5551 1133 817 400 324 4418 6893 3885 4442 1538 4650 11069 3476 2125 7593 2092 3092 3633 4750 2125 6773 940 454 5833 2998 3811 2053 893 1949 4740 811 1276 611 1781 311 1936 866 543 1070 5169 1351 1072 907 1598 2625 3008 1634 2904 1332 1180 2722 3607 1102 503 486 1333 5733 2964 2769 1217 1882 3714 1472 786 3293 1464 859 2675 2177 1160 2835 318 323 1903 1154 4851 3411 2745 666 518 3751 2970 781 2320 986 744 1029 364 473 2430 358 439 4475 2151 1603 1478 1928 1082 564 1334 1251 851 498 2568 2243 1842 546
is_linear=0
shrinkage=0.0200396


Tree=19
num_leaves=127
num_cat=0
split_feature=18 21 21 18 21 18 21 21 18 21 18 18 18 21 32 18 21 44 16 18 21 23 35 34 21 18 12 35 17 0 14 18 21 24 22 38 30 10 18 23 38 10 26 23 28 21 23 20 18 19 44 44 36 1 18 20 32 12 18 12 18 0 24 42 36 21 32 1 11 36 21 0 31 23 36 26 20 21 19 29 18 0 18 40 30 3 5 29 18 11 29 9 39 30 20 4 20 41 21 11 22 38 35 39 28 12 33 14 21 44 18 11 42 38 17 10 12 38 19 19 39 28 38 1 30 20
split_gain=852.263 299.343 288.972 287.92 176.119 169.53 174.581 137.523 117.433 97.8567 130.103 85.8438 80.4637 78.4335 77.5617 73.2762 70.8836 68.9842 66.6897 91.7119 93.2762 65.4499 79.7184 73.9206 62.2289 71.0057 61.5267 87.3028 61.1369 60.8987 60.3877 54.9398 71.5629 52.055 50.6443 129.418 49.4971 48.5536 47.3336 93.6556 60.2555 58.2073 48.0677 46.8618 46.8606 64.3065 46.7327 54.5367 52.2094 45.7436 44.9417 73.3444 44.2217 42.1394 41.1197 40.9678 52.7785 40.5061 39.6241 41.2752 39.3383 37.2986 37.2386 36.5899 36.5857 36.2975 35.5903 35.3192 43.3267 38.9396 35.0333 59.4139 33.6033 33.293 33.1729 35.1016 34.3581 32.9768 45.0404 32.8506 48.7568 36.5549 34.8469 32.7767 39.6984 57.0185 32.4602 32.4334 32.1945 102.292 40.2405 31.8257 31.3683 31.2666 37.7023 39.7122 72.7569 30.8208 30.8059 43.0208 33.4372 30.5177 30.5157 30.3831 31.41 30.9736 36.8318 30.373 30.2976 47.9883 30.0035 43.4413 29.8756 31.3836 74.4529 30.9487 29.7261 29.4767 29.0812 28.9014 28.5819 35.0784 28.3722 29.9828 37.5355 28.3119
threshold=-0.04432928375899791 -0.036882616579532616 -0.048428479582071297 0.071790568530559554 0.1273252069950104 -0.19699198007583615 -0.21391917765140531 0.054842848330736167 0.15422734618186953 -0.30692751705646509 -0.39823217689990992 -0.094419144093990312 1.0000000180025095e-35 -0.47177676856517786 0.10657956078648569 0.036714788526296623 0.25625400245189672 0.030556644313037399 0.32349844276905065 0.5698031783103944 0.2902501672506333 -0.047743095085024827 -0.072661694139242158 -0.1456576809287071 -0.58402821421623219 -0.66585803031921376 -0.0040137614123523227 -0.067642398178577409 -0.10578167438507079 0.14346590638160708 1.3325825929641726 0.28915858268737799 0.57889673113822948 -0.21184862405061719 -0.38377654552459711 0.23803827911615374 -0.11689102277159689 0.12163158506155015 -0.2005786597728729 -0.20348022878170011 0.5586124360561372 -0.050200840458273881 0.072685271501541152 -0.23203778266906736 -0.065207503736019121 0.56286081671714794 -0.051923478022217744 0.069357905536890044 0.13674689084291461 0.19647823274135592 0.17031094431877139 0.19124463945627215 -0.080419581383466707 -0.31676135957241053 -0.31688533723354334 -0.024020769633352753 0.17289496958255771 0.020068807527422908 0.10261145979166032 -0.20355504751205442 -0.52575635910034169 -0.12926135957241056 0.015972431749105457 0.59399825334548961 -0.33216783404350275 0.024053880013525489 -0.19360812008380887 -0.16903409361839292 -0.058884857222437852 0.57692307233810436 0.22418217360973361 -0.0071022729389369479 0.22610582411289218 0.086225539445877089 -0.017482517287135121 0.33990618586540228 -0.35758264362812037 -0.323604866862297 -0.15484688431024549 -0.23171430081129071 -0.46007244288921351 -0.22869318723678586 -0.46007244288921351 0.15737409889698031 -0.11689102277159689 0.33241093158721929 0.37500000000000006 0.0052081323228776464 -0.3777655810117721 -0.4535845667123794 -0.11399042233824729 0.088474716991186156 0.057072600349783904 0.32312029600143438 0.027030366472899917 -0.30799929797649378 -0.068572379648685441 0.18186166137456897 0.0073765234556049117 -0.25289149582386011 0.089287430047988905 -0.34090909361839289 0.31906054913997656 -0.13180319964885709 -0.28028368949890131 -0.228784404695034 -0.017128920182585713 0.67642644047737133 -0.086273252964019762 0.047363094985485084 -0.37081009149551386 -0.29534102976322169 0.13789287954568866 -0.051435407251119607 0.11077952012419702 0.28703477978706365 0.024655963294208053 0.51794257760047924 -0.15055533498525617 0.10385593399405481 0.10028595477342607 0.10794560611248018 -0.36961722373962397 0.42471592128276831 0.70172697305679332 -0.20459371805191037
decision_type=2 2 2 2 2 2 2 2 2 2 2 2 2 2 2 2 2 2 2 2 2 2 2 2 2 2 2 2 2 2 2 2 2 2 2 2 2 2 2 2 2 2 2 2 2 2 2 2 2 2 2 2 2 2 2 2 2 2 2 2 2 2 2 2 2 2 2 2 2 2 2 2 2 2 2 2 2 2 2 2 2 2 2 2 2 2 2 2 2 2 2 2 2 2 2 2 2 2 2 2 2 2 2 2 2 2 2 2 2 2 2 2 2 2 2 2 2 2 2 2 2 2 2 2 2 2
left_child=2 15 5 7 46 9 67 12 16 10 24 14 93 52 103 61 28 29 19 20 21 22 62 70 25 30 -18 -28 49 55 -1 37 -33 -29 -31 -36 -17 119 39 60 -41 42 66 -20 45 -21 58 48 91 -6 86 -52 -12 -30 88 56 73 -24 -5 97 -4 -2 -10 -25 -19 72 -40 68 -7 77 71 -23 -14 125 75 76 -66 -69 -79 82 81 -81 -26 84 -16 -86 -45 118 -15 -90 -91 -48 -80 94 95 96 -3 112 -43 -100 117 -57 122 105 -105 -8 107 -107 109 -63 111 -76 113 -60 115 -115 -34 -101 -38 -22 -49 -122 -9 124 -124 -11
right_child=1 3 38 4 8 6 11 102 18 17 13 -13 65 54 83 36 26 64 43 44 31 23 57 63 79 -27 27 33 53 34 -32 32 116 -35 35 -37 87 -39 41 40 -42 98 -44 50 -46 -47 47 120 -50 -51 51 -53 -54 -55 -56 101 -58 -59 59 -61 -62 108 -64 -65 74 -67 -68 69 -70 -71 -72 -73 -74 -75 110 -77 -78 78 92 80 -82 -83 -84 -85 85 -87 -88 -89 89 90 -92 -93 -94 -95 -96 -97 -98 -99 99 100 -102 -103 -104 104 -106 106 -108 -109 -110 -111 -112 -113 -114 114 -116 -117 -118 -119 -120 -121 121 -123 123 -125 -126 -127
leaf_value=-0.011514173497438641 0.0026608924029384567 -0.010893337465178827 -0.0026665858800488701 5.9334994913190595e-05 -0.017118037003077128 0.012141405725032035 -0.0025107380271575967 0.0039593746122474341 -0.0056704451859926047 -0.0030380955054509925 0.017599577562754452 0.0014521880052761366 0.0017968045011326026 -0.0011879135043290476 -0.01689735092565613 0.019556421079025336 0.0012304900055896358 -0.016328687143161911 0.0057698070337531028 0.022880902126896665 -0.0020907534090043862 0.00029339953309645708 0.0090519059149793083 0.015616700385367506 -0.0076239973782231572 0.001669790936934204 -0.0069895396545780085 -0.0069714319952770788 -0.0075495409406495864 -0.007620797042105199 -6.0768117974112709e-05 0.0046048863284253111 0.003566755653183771 -0.047477839835261819 -0.042782436943040972 -0.0024778303638858575 1.7855614128845221e-05 0.0032813234585447647 0.0032399272567640389 -0.047231420337741616 -0.0044223822553522071 -0.0027872999700180542 -0.021225089106380778 0.00080218879805624946 0.024872234548685028 0.0021231270556300919 0.0096851115955615564 0.0072125999534243933 0.015109204705042845 -0.0029529551255593877 -0.024705032721357732 -0.0014806240816426237 0.0037326949262140477 0.0013709670854350957 0.0028046451755370438 -0.01105941364471835 -0.00094839931594477105 -0.00024463558744179735 0.0048334862689331844 0.0029213646965333146 -0.017050420066902241 0.014940181932118789 0.0076353631452989726 -0.0010459586328885207 0.0061996023740410553 -0.00073684092929592331 -0.010694042971320246 0.009579823900150072 -0.0049757303751927001 -0.0055440564190496781 0.0018654489995775297 0.016728008737923881 0.008265618234963152 -0.029146575640298641 -0.0023556846127779966 -0.0088943343611953274 -0.0024420167389870751 0.010787536813988238 0.0014481729921612767 -0.0055133905502163395 -0.008273006189329149 -0.031339739040518282 0.0072995354526637192 -0.00078664026863856497 -0.010742138667845662 0.0032988257287010049 -0.0070915053487704029 0.016947140380421648 -0.00040027987182557931 -0.038477534319841619 -0.0020787901733784679 0.0029001948252948598 -0.011129800452238091 -0.0090707513994580675 -0.0065588640444414733 -0.0021748567188972314 0.012611837380581966 0.00039097521249402466 0.0054148836553270484 -0.01362764743718526 -0.0010689975408901986 -0.00022373368334033827 -0.016518399892393003 -0.0097105613859395264 -0.0018135952178059544 0.028009092216904685 0.00073417990828995676 0.0019031163978632921 0.0048525696234576624 0.0020005818872646185 -0.0042259960754808829 -0.028346026542876979 0.0069885129845326278 0.04269989002008958 0.004638093794501804 0.0051513557773826754 -0.0085216868996671694 -0.0029334448305644014 0.0086930631973496271 -0.0096080584555725997 -0.008294427497734954 0.0032263755494466779 -0.0080931455574570557 0.00057576186832919386 0.00065392546317613273 -0.015079629968989089
leaf_weight=456.23891364445444 1431.4906237007817 49.053534033475444 167.0238063398283 824.00499179377221 122.77297196001746 403.59164957958274 161.19461708399467 98.341706381412223 499.87027076189406 125.4885146887973 134.35307053965516 1726.306800169521 887.72994147369172 446.97576976183336 251.60830482468009 207.7574506852543 113.90164793748409 71.455073361983523 288.64171883184463 59.045537838130258 455.83599472499918 156.482364627067 535.24677616509143 478.2059586198302 430.23950298002455 686.93848960625473 172.54447904101107 30.723440071335062 215.67591855744831 110.62083840498235 302.67211342125665 1296.7775700986385 95.88754456397146 24.554164047469385 66.798823412042111 54.390983980847523 186.24520336894784 314.42106481466908 68.814498807536438 33.428053396055475 24.348984333919361 806.64903479255736 180.89230686740484 845.67101411009207 78.593091375543736 232.53365581959952 749.8878236587625 364.83273449994158 494.58629590691999 280.41806391312275 68.157162681454793 141.64334456215147 267.65763227641582 1795.115571878734 615.99159232643433 128.95351343287621 143.29047205578536 277.44976258371025 76.931062858086079 1210.4187814848265 137.55138995207381 367.41562079754658 77.487609781324863 53.526868275366724 269.05522012454458 987.24298048566561 721.62816711037885 358.51908946561161 53.427715637488291 147.91022997640539 680.67763520393055 182.62313729419839 503.35628503980115 47.96400315570645 52.715910889790393 162.65927194466349 471.97325397620443 169.62602594797499 581.44471522374079 44.83967590960674 289.36734959064052 71.702358180307783 51.708997103036381 175.69662157539278 379.60691154643428 147.44530870055314 250.56578621943481 160.86562225909438 137.1125524303643 31.14899642765522 19.36475758603774 482.5972539865179 66.289439259446226 305.44692660705186 474.14186782157049 681.89211402251385 183.41086185618769 140.09434471395798 67.550065203104168 523.25466325227171 159.80882503162138 332.31737018469721 95.32905076793395 214.43001027184073 1475.8082994559081 29.889214245718904 102.33165786473546 32.660117426072247 933.73714411025867 176.34406693000346 292.17654101585504 38.073997017228976 397.66883225052152 39.142533958423883 64.501907715224661 18.774538131430745 263.7939305548789 148.89314818161074 895.43309509346727 383.16664152045269 124.99482536816504 337.56528852588963 1612.5342301729834 225.22404782741796 216.71907298697624 289.81881989852991
leaf_count=1196 2774 167 279 1354 365 885 269 199 1088 203 422 3342 1738 819 703 685 236 249 569 262 755 240 1209 1266 1052 1370 320 67 469 205 645 2567 219 297 541 113 351 582 272 413 46 1489 658 1570 324 401 1647 758 1315 527 324 210 629 3264 1116 360 288 473 138 2485 485 949 204 79 602 1799 1857 793 141 243 1168 513 1039 272 96 396 815 401 1045 77 551 405 151 280 890 277 566 510 278 283 34 912 178 650 1067 1277 475 208 156 1436 263 579 328 489 2866 199 162 60 1640 357 571 235 754 319 123 54 544 244 2015 885 387 552 3764 501 391 750
internal_value=-4.3352e-05 0.00216926 -0.00366671 0.00121922 0.0026646 -0.00236694 -5.63981e-05 -0.00238832 0.00114936 -0.0046098 -0.00259556 -0.00208395 -0.000181437 0.00168852 -0.00413798 0.00695429 -0.00238524 -0.00757741 0.00241648 0.0033651 0.00270945 0.0051881 0.00197106 0.00799134 -0.00561981 -0.00296576 -0.0106047 -0.0161466 -0.00112429 -0.010864 -0.00709628 8.91667e-05 0.00241649 -0.0338397 -0.0199743 -0.0281078 0.0106373 -0.00322653 -0.00921181 -0.0160609 -0.0357153 -0.00814743 -0.0120725 -0.00121362 0.012735 0.0077991 0.00562358 0.00758678 0.00960465 -0.00800249 -0.0028439 -0.0108164 0.00911266 0.00032949 -0.000816587 -0.00848203 -0.0118411 0.00594545 0.00376171 0.00530353 -0.00996625 0.00504353 -0.00362185 0.0139289 -0.00429265 0.00218506 -0.00940349 0.00524232 0.00994915 0.00346326 0.00463793 0.00967852 0.00424441 -0.0149888 -0.00332482 -0.00114073 0.000778545 0.0046955 0.0023292 -0.00974074 -0.0139079 -0.024037 -0.00572382 -0.00877525 -0.0104951 -0.0068198 -0.00110871 0.00879633 -0.00432296 -0.0107669 -0.0295876 0.00714216 -0.000182738 -0.00349318 -0.00212615 0.00027197 0.00701779 0.00898792 -0.00577064 -0.00829305 -0.00954809 -0.00367832 -0.00633792 -0.00186107 -0.00294413 0.00353875 0.00909183 0.0186917 0.00726572 0.0110142 -0.00808019 -0.0169284 0.0109055 0.0170898 0.0227166 0.0355425 -0.005232 -0.0114494 0.00723152 -0.005705 0.00321415 -0.000123163 -0.0057047 -0.00621457 -0.00705438 -0.011823
internal_weight=42639.4 26477.7 16161.7 22118.4 15798 13121.9 6477.79 6320.42 10472 6644.06 3986.31 4696.98 4072.27 1652.6 2970.67 4359.29 2755.71 2657.75 7716.3 6121.63 5751.45 2941.57 1390.05 1551.52 2333.71 1445.85 341.724 227.822 2413.98 1299.64 758.911 2809.88 1656.46 55.2776 231.811 121.19 1450.3 1153.42 3039.84 362.352 57.777 2677.49 971.335 1594.68 370.172 291.579 5326 2554.46 1727.07 403.191 1306.04 209.801 402.011 2010.79 1250.59 1067.83 606.562 812.697 2771.54 1947.53 304.575 2908.99 577.358 531.733 1358.11 2378.33 790.443 1780.81 457.019 1323.79 1019.78 339.106 1391.09 463.271 1286.65 903.688 741.028 1175.88 817.36 887.858 405.909 116.542 481.949 954.357 778.661 527.052 1096.24 1242.54 634.602 187.626 50.5138 1232.49 647.734 1693.95 1388.5 914.357 232.464 737.113 1706.16 899.507 831.957 461.271 2248.15 2016.31 1690.24 326.076 164.881 62.5493 1477.5 543.76 382.966 90.7899 597.019 199.35 122.419 57.9171 359.681 672.148 1081.68 839.003 827.393 462.56 2152.82 2054.48 1829.25 415.307
internal_count=91369 55245 36124 45964 32569 28526 13223 13395 21563 15303 9028 9537 8212 3581 6195 9281 5545 6275 16018 12779 11792 6240 2974 3266 5447 3211 920 684 4625 3311 1841 5552 3330 364 859 654 3561 2222 7598 1223 459 6375 2787 3239 987 663 11006 5571 3874 892 2670 534 1051 3733 2530 2452 1513 1682 5435 4081 764 5720 1292 1345 2964 4576 2129 3686 1026 2660 1921 753 2777 1225 2715 1813 1417 2417 1624 2236 1033 482 1203 2150 1870 1167 2136 2876 1414 595 317 2559 1223 3636 2986 1919 642 1596 3588 2099 1943 939 5183 4045 3355 690 421 259 2946 1306 902 331 1388 634 496 373 763 1680 2366 1640 1697 939 4855 4656 4155 953
is_linear=0
shrinkage=0.0200396


Tree=20
num_leaves=127
num_cat=0
split_feature=18 21 21 18 18 21 21 21 18 21 18 18 18 23 21 40 44 18 29 35 18 21 12 35 21 18 10 18 20 3 18 44 12 14 17 10 25 18 18 29 29 39 34 42 4 21 18 73 11 37 21 18 0 44 1 34 33 36 19 4 23 4 21 42 12 56 12 30 37 19 80 21 10 25 31 20 40 0 34 11 18 26 21 44 39 38 33 10 73 21 23 12 12 0 16 16 10 3 33 73 21 42 29 19 18 18 39 3 21 18 21 33 3 19 19 17 29 21 19 4 19 37 3 5 55 21
split_gain=840.132 298.812 274.264 236.17 202.962 169.437 160.371 142.629 120.565 111.941 110.764 107.844 100.816 83.7365 81.4209 90.6936 81.9343 78.2797 71.6236 69.4257 66.0616 58.9601 66.6803 90.5891 56.849 106.879 56.69 54.0056 54.5913 63.6151 50.3216 53.095 54.4634 65.0384 50.2521 49.9603 49.1797 91.361 47.9691 62.6559 51.5119 47.1203 45.8991 45.8412 45.7033 49.2978 47.0577 45.7389 45.584 43.9544 40.0246 51.9175 42.9303 39.0307 38.5698 38.3779 37.4359 36.8763 36.621 38.7353 36.3852 35.831 35.3878 43.1595 34.9746 39.1 35.3732 34.2792 34.2686 33.6847 61.5569 47.9461 35.5501 40.3904 33.2775 33.1083 42.9275 33.0197 32.7115 32.6434 32.4298 31.807 31.5856 32.8416 31.5148 43.6372 31.434 31.2724 31.0983 31.8204 30.8637 30.6832 30.6813 30.4017 30.3391 29.989 29.487 30.3781 29.1333 28.9048 28.4925 46.6293 55.9945 66.1661 46.1098 37.5527 35.1566 28.4802 28.296 35.8206 28.274 50.1612 34.0019 43.5011 28.176 27.9441 37.2269 31.4457 27.6887 27.6 27.4697 32.1212 27.4253 33.6836 27.3071 27.3039
threshold=-0.04432928375899791 -0.056125720962882035 -0.091404747217893587 0.071790568530559554 -0.25816884636878962 0.13566388189792636 0.044579859822988517 -0.22418217360973355 0.15422734618186953 -0.3871071189641952 -0.11758166924118994 -0.5655512511730193 -0.18757638335227964 0.015554804820567371 0.042655548080801971 0.21672661602497104 0.15108012408018115 1.0000000180025095e-35 0.047706913203001029 -0.37038965523242945 0.038615768775343902 0.25625400245189672 -0.0040137614123523227 -0.067642398178577409 0.30307890474796301 0.28915858268737799 -0.075961459428071962 -0.090132698416709886 1.0000000180025095e-35 0.3620197474956513 -0.33050926029682154 0.030556644313037399 0.31364679336547857 0.18393392860889438 -0.14738242328166959 0.5003165900707246 0.094936661422252669 0.18210076540708545 0.15369051694869998 0.074718493968248381 -0.40082852542400355 0.059953665360808379 0.094209790229797377 0.36717376112937933 -0.27446910738945002 0.57889673113822948 0.5698031783103944 0.46243442595005041 -1.4830586910247801 -0.055285546928644173 -0.48845414817333216 -0.37081009149551386 -0.1576704531908035 0.064228463917970671 -0.046874999999999993 0.21200734376907351 -0.30927447974681849 -0.24825175106525418 -0.13648257404565808 0.19422595947980884 -0.21884534507989881 -0.39075338840484614 -0.19018601626157758 0.40075266361236578 0.46387615799903875 -0.31460855901241297 0.32740825414657598 -0.029558407142758366 -0.13747579604387281 -0.22879149019718167 0.045752068981528289 0.11449646949768068 0.24362587928771975 0.13042951375246051 0.061805771663784988 0.045095199719071395 -0.051258992403745644 0.31392045319080358 0.091401107609272017 0.15110286325216296 0.30465058982372289 0.056517599150538451 0.22803078591823581 0.064228463917970671 0.46012803912162786 0.017942583188414577 -0.042549284175038331 0.43765521049499517 0.043534483760595329 -0.012508017942309378 -0.026682475581765171 -0.29071101546287531 -0.1496559679508209 0.22585227340459826 0.30079053342342382 0.21372038125991824 0.07543905079364778 0.3262240737676621 -0.0091330651193857176 -0.52932769060134877 0.1273252069950104 -0.40604706108570093 -0.22304630279541013 -0.15811406075954434 0.04527618549764157 -0.02981634251773357 0.52297586202621471 0.0040751453489065491 0.05291853845119477 0.10261145979166032 0.09076330810785295 -0.10405665263533591 0.42316816747188574 -0.21148447692394254 0.32694143056869512 -0.09539048001170157 0.27760224044322973 0.17671584337949756 -0.020558105781674382 -0.35158383846282953 0.25334358215332037 -0.097140531986951814 0.29405258595943456 -0.37499999999999994 0.31617230176925665 -0.11577934771776198
decision_type=2 2 2 2 2 2 2 2 2 2 2 2 2 2 2 2 2 2 2 2 2 2 2 2 2 2 2 2 2 2 2 2 2 2 2 2 2 2 2 2 2 2 2 2 2 2 2 2 2 2 2 2 2 2 2 2 2 2 2 2 2 2 2 2 2 2 2 2 2 2 2 2 2 2 2 2 2 2 2 2 2 2 2 2 2 2 2 2 2 2 2 2 2 2 2 2 2 2 2 2 2 2 2 2 2 2 2 2 2 2 2 2 2 2 2 2 2 2 2 2 2 2 2 2 2 2
left_child=2 20 4 6 9 38 17 43 21 11 57 48 13 -4 26 16 35 75 30 -10 90 49 -23 -24 36 42 27 28 29 -14 31 32 33 -11 -33 68 37 -21 39 108 -40 80 -26 53 47 46 -46 -27 -1 74 51 67 -53 -6 -34 -20 -32 95 59 -28 -39 87 -59 93 66 -66 -22 -13 -16 -42 71 72 73 -71 -7 76 79 115 91 98 -38 -62 94 -84 85 -29 -25 -50 89 92 -2 -30 -19 114 107 -9 97 -90 -3 -35 104 102 -102 -104 -8 -105 -106 -43 -5 -110 112 -112 113 -41 -64 -51 -117 -118 -60 -65 121 -36 123 -55 -70 -92
right_child=1 3 12 5 7 8 100 10 19 18 -12 50 14 -15 15 -17 -18 88 55 24 64 22 23 86 25 44 58 84 78 -31 56 34 54 99 120 -37 41 60 40 110 69 82 -44 -45 45 -47 -48 -49 61 77 -52 52 -54 122 -56 -57 -58 62 118 -61 81 -63 63 119 65 -67 -68 -69 124 70 -72 -73 -74 -75 -76 -77 -78 -79 -80 -81 -82 -83 83 -85 -86 -87 -88 -89 96 -91 125 -93 -94 -95 -96 -97 -98 -99 -100 -101 101 -103 103 105 106 -107 -108 -109 109 -111 111 -113 -114 -115 -116 116 117 -119 -120 -121 -122 -123 -124 -125 -126 -127
leaf_value=0.0064801023039442376 0.0036249235098595625 0.0038023162593235492 -0.011385318490318734 0.0040577813150704037 0.010883492556993045 -0.020712860958219004 -0.0067356106738730454 0.011898356054792341 -0.0016966729589732393 -0.0094687877447023634 0.0027743754799769565 0.0032303601045066883 -0.013088061463429539 -0.033282267059994604 -0.0092934467879569153 -0.0026949841886825315 -0.0068483076853689756 0.00054688928826254822 -0.030639100718837881 0.0018001265425840603 0.011283342454400387 0.0019522342251941343 -0.0068004761034119012 -0.0071266067478577633 -0.0060511921754238529 0.010293632419336864 -0.0024341483037585822 -0.0064083638389885369 -0.0084485881887341237 0.0039639261598549457 0.0087093244272670716 -0.015217526560611185 -0.016254409750271315 -0.0093750649989014691 -0.013924637764205355 -0.0039698660430517851 -0.0032524642427631803 0.0053624587173745327 -0.0033630561072635914 0.0038188822951037947 0.0018892813106249412 0.018229426413157637 0.0041402950176452095 0.0014777324301053778 0.0026090336825333672 -0.0036062866277192618 0.016894754310648703 -0.00086536947942779483 -0.020518153799045213 -0.0056717634871241871 -0.0025891381944487786 0.0010458370893321838 0.027502745391387064 0.017262613469518118 0.00093187499656163038 -0.0079461707034237678 -0.0046886936560332831 -0.00099058786401220078 0.00097641906540091826 -0.016229841335433964 0.021222857339542545 -0.0054696899019278768 -0.0040900427826094385 -0.025231520497082844 0.0043688153627380938 0.030490833442056456 -0.0012472336238211715 -0.0080514707087650204 -0.03958197809638931 0.041439752684994072 0.0077043957779249703 0.008537757114826499 0.003310063197132525 0.012402141680247749 -0.0023755880940028234 -0.0059960385977446875 0.0024292115222939556 -0.0075395469123095632 -0.004268905226253096 -0.013422315890254654 0.0076618209968021735 0.0085901504270932249 -2.0899450594241109e-05 0.0083733496988640105 -0.0092116213866074263 0.0046501440164043962 -0.044150714351149076 -0.0065212532301028373 0.011408725230285993 -0.00023820883155746626 0.01584772968286511 -0.043202025445384061 0.010812330359279065 -0.010702123756785751 -0.0026976256065231936 -0.0032450465818217511 -0.0022461650744008094 0.0016459704052264944 -0.0055215934336075015 -0.043215695839814355 -0.00088075161270299992 -0.0043667396604239921 -0.0051996773194413759 -0.010423242528478488 -0.0019559296300229677 -0.041118343480036387 0.011020191616909232 0.0060504666292354476 -0.0055399921063863803 0.0020278984132656623 -0.0047181045611444398 0.0068378000007838008 0.0037384521728793382 0.015375917589745779 0.0077395611374050707 0.0040448901798868083 0.001128223750657684 -0.0074731298170797426 -0.0040047880040953139 -0.0085744601893868577 0.0061753565129442399 -0.0018626576746202522 -0.00056303615972439641 0.0024230550902597237 -0.0087894719104606757 0.0065503503167452723
leaf_weight=78.476843610638753 1371.8988890362671 194.07205760048237 655.09870652714744 1379.6269585890695 584.67794891190715 55.121652247384191 1206.2254155882401 79.258867561235093 1367.501909319777 105.50370810297318 1421.4842494806508 823.58269200951327 343.69631712627597 66.970327001763508 50.143049404374324 248.96542487188708 183.97427603963297 229.01121227955446 67.3204375077039 486.62235704541672 897.65979663364124 114.71772223571315 171.4211138158571 24.712952964939177 808.35449521220289 596.68905079679098 194.79734309599735 299.25372488435823 31.056465701083653 101.0367312974995 70.21535159018822 171.20667261909693 69.431427634204738 31.31153715972323 98.753024828271009 44.646557718515396 537.33679650572594 202.20482067984995 129.0765326427063 211.39178000285756 233.95523921155836 146.5535982332658 204.90158323594369 1035.565296648303 881.45081051811576 459.11544605938252 80.933279312797822 185.67336969799362 128.68201529921498 240.22448878374416 760.79268978000619 44.524974371772259 37.796331274905242 76.704718418419361 109.50602764682844 80.011973789776675 734.13942462892737 731.9260749850655 842.74691202759277 132.07516592205502 251.11282260576263 912.02502561779693 1149.4006414210889 48.055099029908888 44.438883716473356 61.780020291917026 92.687222913256846 99.295091834152117 104.61351650569122 52.683487647445872 1042.1683235574747 163.24624568095896 30.762000267510302 66.601732668466866 95.210639200056903 603.6104623589199 845.36209239147138 216.0944387849886 30.421381994266994 104.87875210947823 110.8186794425128 190.39090104226489 524.56702517392114 263.47526031942107 358.81305720924865 232.68508783879224 28.057560269138776 172.84786385542247 397.81969939626288 1128.2362803341821 155.2640181214083 28.452269013389014 223.48232681071386 266.59029347542673 56.073752684053034 86.843369466951117 113.52499453956261 199.28030285413843 328.28260677517392 48.487463712692261 78.676549799507484 387.39298262284137 80.314469049801119 49.46943138691131 744.48706748348195 47.66538766620215 68.759216293459758 214.61583470460027 327.82328380085528 846.27735970797949 182.36328789987601 557.22392863943242 337.71757923963014 444.42762193991803 63.215954752056859 876.79517842142377 440.69077685230877 246.30273723625578 906.89241507602856 208.19355036900379 83.383344922680408 355.24820839858148 320.07398345321417 183.95875950891059 31.095781817683019 798.72299698623829
leaf_count=177 2741 397 1895 2610 1416 270 2714 198 2647 225 2775 1655 877 437 126 455 377 444 361 844 2132 231 314 59 1606 1342 302 661 67 264 185 495 260 72 276 71 1102 487 250 469 439 445 404 1821 1596 941 256 383 491 469 1574 120 221 239 221 170 1402 1395 1482 349 874 2124 2373 247 81 316 194 257 658 377 2314 325 54 160 145 1240 1677 453 76 325 293 414 885 567 762 531 294 286 936 2004 437 277 515 612 136 130 204 328 673 386 149 882 197 184 1331 355 193 429 661 1595 342 1086 536 1191 132 1628 673 509 1750 384 221 711 566 386 77 1466
internal_value=-1.7696e-05 0.00217788 -0.00360688 0.0013551 -0.00188779 0.00269339 -0.00170364 0.000528508 0.00109954 -0.00485226 -0.00169765 -0.00239749 -0.00756457 -0.0144353 -0.00629548 -0.0126647 -0.0181686 0.000660296 -0.00848453 0.00236098 0.00768343 -0.00268733 -0.0101672 -0.0160285 0.00326086 0.00139303 -0.00500756 -0.00806475 -0.0130218 -0.00918092 -0.00722919 -0.0100429 -0.016156 -0.0233143 -0.00646283 -0.0256879 0.00524451 0.00851579 0.00535149 0.00417194 0.00819094 0.00316143 -0.00392685 0.00460865 0.00385954 0.00165838 0.004207 0.00767943 -0.00674001 -0.0014162 0.000822396 0.00341613 0.0166524 0.00729868 -0.00683747 -0.0211588 -0.00328288 -0.00411934 -0.00283589 -0.00875496 0.0133353 -0.00771835 -0.00474269 -0.00628532 0.0117463 0.0223735 0.0100941 0.00182865 -0.0298576 0.0091757 0.0103741 0.0180451 0.0257627 0.0300482 -0.0110464 -0.00214158 -0.0004847 -0.000571063 -0.0259977 -0.00437041 -0.00115643 0.0165116 0.00546897 0.0029405 -0.00481688 -0.00156257 -0.0343801 -0.0135848 0.00319987 0.00158169 0.00566448 -0.0327249 0.00592009 -0.00481016 0.00980444 0.00449005 0.00661774 0.00835055 -0.0020238 -0.0351551 -0.00555615 -0.00922637 -0.0155454 -0.0211529 -0.00428791 -0.0306647 -0.000556974 0.0118411 0.00213822 -0.000145617 0.00709253 0.00391438 0.00930304 0.0119255 -0.00332263 0.000348032 0.00135272 -0.00208818 -0.00161931 -0.013621 -0.00311977 -0.00507737 0.00338819 0.00790762 -0.0349052 0.00842576
internal_weight=42762 26536.1 16225.9 23113.6 11338.5 16083.1 7030.55 6255.95 10077.7 5082.54 4054.97 3058.02 4887.43 722.069 4165.37 663.439 414.473 4367.56 2024.52 7568.39 3422.45 2509.35 338.909 224.192 6200.89 3217.12 3501.93 1425.42 534.663 444.733 1877.19 1072.83 364.24 185.303 708.591 230.499 2983.77 1130.33 6005.35 4286.85 1718.49 1853.44 1013.26 2200.98 2203.86 1421.5 962.384 782.362 1292.03 2170.44 1765.99 1005.2 82.3213 1165.42 178.937 147.332 804.355 2633.48 2076.51 326.873 643.709 1213.55 2467.38 1735.46 1096.57 106.219 990.347 922.878 185.852 1589.42 1355.46 313.293 150.047 119.285 150.332 2076.21 1472.6 2020.11 89.9301 627.233 648.155 441.504 1205.29 788.042 890.752 531.939 52.7705 301.53 2291.35 1580.73 2325.89 59.5087 452.494 1479.21 417.243 166.102 710.625 597.1 522.355 79.799 2662.99 643.519 256.126 177.449 2019.47 97.1348 813.246 361.169 2553.73 1174.1 1733.12 739.587 993.537 655.819 1212.62 1804.01 1563.79 686.994 1749.64 256.249 537.385 454.001 580.737 260.663 135.709 953.987
internal_count=91278 55220 36058 47853 24564 33105 14748 12674 20696 11890 8246 6905 11494 2332 9162 1764 1309 8743 4985 15651 7367 5045 898 667 13004 6528 7398 3515 1561 1141 4454 2867 1164 683 1703 932 6476 2619 12409 8490 3919 3857 2010 4428 4518 2793 1852 1725 3078 4147 3827 2253 341 2607 481 531 1587 5471 3883 651 1775 2901 5143 3748 2723 397 2326 1912 861 3669 3230 916 591 537 415 4312 3072 3732 420 1395 1395 1288 2462 1452 1954 1192 353 777 4431 2963 4644 344 959 3117 1010 328 1468 1264 1070 458 6005 1767 885 736 4238 539 1524 874 4866 2256 3624 1428 2196 1660 2505 3279 2810 1182 3232 631 1208 987 1191 625 735 1903
is_linear=0
shrinkage=0.0200396


Tree=21
num_leaves=127
num_cat=0
split_feature=18 21 21 18 21 21 18 21 18 21 18 18 18 23 21 18 18 23 24 21 14 16 18 21 18 21 18 21 29 24 36 21 18 73 23 18 10 12 0 19 17 21 28 12 10 17 41 18 39 18 19 23 18 4 20 18 12 28 21 28 37 18 10 36 22 24 24 4 33 10 11 20 18 34 11 42 21 73 0 44 4 19 19 19 18 73 29 26 11 0 0 44 11 73 12 21 73 73 20 29 18 16 22 12 29 18 31 37 38 73 73 31 39 22 12 28 44 3 44 24 19 28 38 29 12 33
split_gain=815.825 283.481 259.737 198.496 186.008 183.777 178.28 122.033 114.616 81.5462 110.847 75.4384 75.0601 69.1161 67.9371 64.364 64.0542 62.3514 53.6478 52.8066 52.7945 52.5809 84.9404 60.9762 54.5856 57.1313 51.4007 50.9968 52.583 49.7892 64.7118 47.7619 67.8281 48.4123 47.2008 57.7376 47.1642 45.2913 79.8646 55.6886 44.2294 50.4558 46.935 52.1404 43.1978 42.1732 41.9059 60.4646 51.8283 49.599 40.9843 58.3004 39.7667 39.6649 39.6168 37.9536 45.0446 37.7824 51.0439 37.55 37.1988 49.5151 88.3656 36.74 36.4772 36.3802 35.0532 34.3988 33.9136 36.3433 58.254 33.7176 33.5735 33.4365 33.1351 39.0657 32.867 40.0316 32.6441 38.4635 32.1887 44.1897 34.942 33.4576 32.1652 31.9718 31.7599 35.5786 44.1573 31.7531 31.6576 31.5751 31.4916 31.274 30.9514 30.7124 30.6152 30.5635 30.2448 29.6694 32.5719 31.6052 41.2822 29.5741 29.5126 29.4387 44.9423 28.4066 28.0845 33.8422 35.6944 46.7589 45.5112 42.4365 34.093 32.4214 27.9356 27.5232 26.9975 26.6084 26.2307 35.194 30.0141 27.0037 35.2598 34.7408
threshold=-0.04432928375899791 -0.076010264456272111 -0.078576009720563875 0.071790568530559554 0.16452854871749881 0.046504169702529914 -0.19699198007583615 -0.22931365668773648 0.15422734618186953 -0.323604866862297 -0.39823217689990992 -0.11758166924118994 -0.2005786597728729 0.0054167835041880616 -0.47177676856517786 0.14187081903219226 1.0000000180025095e-35 -0.01612245291471481 -0.27891993522644037 -0.02148813288658857 -0.10885886102914809 0.30079053342342382 0.5698031783103944 0.30307890474796301 0.28915858268737799 0.57889673113822948 -0.37081009149551386 -0.00096215525991283346 0.1032015159726143 0.037886122241616256 -0.10139860212802886 -0.60776138305664051 -0.66585803031921376 -0.90102705359458912 -0.20348022878170011 -0.52575635910034169 -0.068054147064685808 -0.12557339668273923 -0.018465909175574776 0.077214043587446227 0.42945490777492529 0.067030146718025221 -0.26963223516941065 0.55561923980712902 0.17960178107023242 0.457320585846901 0.0096293031238019484 0.18345553427934649 0.057072600349783904 0.22775258123874667 -0.14835732430219647 0.026735966093838218 -0.017600774765014645 -0.37454032897949213 0.013067109044641258 -0.086319908499717699 -0.18979357928037641 -0.065207503736019121 0.57889673113822948 0.17323668301105502 -0.031241555698215958 -0.20809268206357953 0.37023508548736578 -0.080419581383466707 0.29807107150554663 0.60339096188545238 -0.22743725776672361 -0.31447555124759669 0.0093552363105118292 -0.0094804246909916384 -0.27054446935653681 -0.036269357427954667 0.038615768775343902 0.1036558970808983 0.21684049814939502 0.057427542284131057 -0.017639513127505776 0.025909959338605407 -0.10085227340459822 0.045545585453510291 -0.10127499327063559 -0.113651055842638 0.14541483670473102 -0.06378344818949698 -0.25816884636878962 -0.081542924046516405 0.29015530645847326 -0.087327171117067323 0.18264014273881915 -0.14630681276321408 0.14914772659540179 0.19124463945627215 -0.27054446935653681 0.0064060094300657519 0.024655963294208053 -0.14400257170200345 0.019104445353150371 -0.57114699482917775 -0.021492265164852139 -0.23683237284421918 -0.46007244288921351 0.057505819946527488 -0.15484153479337689 0.032683486118912704 -0.40082852542400355 -0.017600774765014645 -0.26091182231903071 0.083499636501073851 -0.46531100571155543 0.28856328129768377 0.18632795661687854 0.2173462510108948 0.083626572042703642 0.5868109166622163 -0.26662844419479365 -0.30297128856182093 0.020462531596422199 0.37866973876953131 0.16171801835298541 0.13505499809980395 -0.22178896516561505 0.06582567468285562 -0.063397128134965883 -0.30801960825920099 -0.071674313396215425 -0.10648300871253012
decision_type=2 2 2 2 2 2 2 2 2 2 2 2 2 2 2 2 2 2 2 2 2 2 2 2 2 2 2 2 2 2 2 2 2 2 2 2 2 2 2 2 2 2 2 2 2 2 2 2 2 2 2 2 2 2 2 2 2 2 2 2 2 2 2 2 2 2 2 2 2 2 2 2 2 2 2 2 2 2 2 2 2 2 2 2 2 2 2 2 2 2 2 2 2 2 2 2 2 2 2 2 2 2 2 2 2 2 2 2 2 2 2 2 2 2 2 2 2 2 2 2 2 2 2 2 2 2
left_child=2 72 6 5 15 16 9 65 45 10 31 37 34 26 63 40 19 104 -15 50 54 22 23 46 44 -26 29 36 92 30 -11 32 33 -1 35 -4 55 38 39 -9 41 -5 43 -43 -25 86 47 -10 53 89 51 -3 -52 -48 -19 56 98 58 -24 -47 -36 62 -62 -12 80 -8 -49 -65 69 70 -20 -30 78 -23 75 -44 116 -78 -2 -80 81 -21 -83 -82 -16 95 87 -6 -89 -50 -53 -74 -29 119 -27 -28 -40 -31 -14 101 -101 102 -33 117 -17 -85 -107 -94 -7 110 113 112 -112 114 -110 -111 -18 -57 -59 -34 -106 123 -123 -122 125 -125
right_child=1 3 12 4 8 108 7 11 21 13 14 -13 27 18 84 17 76 20 68 64 -22 73 57 24 25 94 85 28 71 97 -32 99 93 -35 60 -37 -38 -39 96 -41 -42 42 74 -45 -46 59 48 66 49 -51 52 90 -54 -55 -56 103 -58 118 -60 -61 61 -63 -64 67 -66 -67 -68 -69 -70 -71 -72 -73 91 -75 -76 -77 77 -79 79 -81 83 82 -84 105 -86 -87 -88 88 -90 -91 -92 -93 107 -95 -96 -97 -98 -99 -100 100 -102 -103 -104 -105 120 106 -108 -109 109 115 111 -113 -114 -115 -116 -117 -118 -119 -120 -121 121 122 -124 124 -126 -127
leaf_value=0.0039430612237154085 0.0043526836024540619 -0.011337034506847535 -0.0013915173852531324 0.0043301492140377859 -0.014482953560398382 0.0047401331136468937 0.0063522667186727364 -0.010853396992169379 0.0013702268558477668 -0.018089839045781712 0.016218514874442733 0.0019063801228724842 -0.0013944516458293695 0.0035859201630335266 -0.0030355825133075668 -0.0031493733813847125 0.0098509684058443563 0.012382295700647278 -0.010293162848082609 -0.010691303403521004 0.015435174209867029 -0.0018724338057519434 0.019772370554289636 -0.0062976677402300204 0.0042107518533314727 0.0046375563379036427 -0.0031894679296601931 0.0046743535194422765 -0.0073677714173048144 -0.0053725999416004222 -0.0011157635077364946 -0.0011950207850577081 0.0074957200082671734 -0.0085082119406108964 -0.010977845817814507 -0.017192396165278106 -0.0024046761751438926 -0.0018653790224792115 -0.030664919510897067 0.0026318464057019015 0.0072143356635998804 -0.014582461090933384 0.0057026601998436842 0.0035450384979553626 0.003530175658357065 0.0049852032653149173 -0.01192730810256612 0.0022122320546357423 0.010118394228191134 0.013010153910069636 0.0084072336347469582 -0.0042024175369445044 4.4639826152899669e-05 0.00044210596732141045 0.00054204536453566696 -0.0081163558485121863 -0.020709801682450447 0.033290082666282576 0.0015310078905024754 -0.0036670760592767229 -0.060111419495492847 -0.0029837916391241056 -0.0045252950424056748 0.013858127110612123 -0.011740619569907264 -0.007440068502784219 0.016489398438882714 -0.00069731572062843496 -0.0091313943425689759 -0.011339142602758206 -0.045657839784313071 -0.023341058557398188 0.012890475923766727 0.0092175329953686196 -0.004877537284992811 -0.002813052620197814 -0.00035660072733773967 0.005705911010294361 0.013311840199856482 0.0017433459110669227 -0.0015373075830295315 0.0088168069128629172 -0.0038720605304120069 -0.0044981927923650683 0.0043651749861176713 0.00073503216076080684 -0.013522770660317044 0.0016977566290200484 -0.0078264266425007809 0.0012297253348996129 0.0071470796054669342 0.00020118236492304287 -0.0096928046150136591 -0.0046809978948544311 -0.0080384153100259547 -0.013858717306709784 -0.0060448336178373112 -0.033732967272908358 -0.01524664563546245 -0.017540866495990876 -0.0065442047785023352 0.0044721930287476511 -0.013849089973177364 0.0046422879643251468 2.3816858070139123e-05 -0.0016893698825338923 -0.030567679616005507 -0.00019475747521279307 5.8746094223139487e-05 -0.00057443975435791863 -0.0031846510404208821 -0.0059491177822280188 0.01226100435430133 0.0056414750408870142 -0.008289006455303987 -0.018991343753626481 0.0011248694051650421 0.003549523145806738 0.0051781985003495155 -0.0044174266161314804 0.01183560714024201 0.0037807051105557903 0.023345587376696435 0.018862106606236485 0.0013988530129689333 0.0055421034874190717
leaf_weight=137.46737512154505 1104.196748922579 183.44328422471881 182.08199477510061 2013.3384770215489 99.086853086831979 84.800394838908687 1374.918314105249 223.15093484509271 297.64870058919769 109.1841777585214 140.55063092929777 1756.8905519683613 181.4322706052335 76.432485788478516 730.34527613804676 142.66818635375239 438.33340197452344 178.05083154444583 60.55898256204091 69.577356952708215 549.9287990371231 1636.7162140422734 69.475361764896661 697.19140349852387 1224.7309009172022 85.924254738609307 609.2476286618039 62.958484469796531 122.08587733819149 36.591719593969174 290.43247286393307 238.31960297445767 362.50870501378085 638.08952457143459 89.750813564402051 177.44659477216192 1412.612755862996 1560.3187691661296 55.542456635739654 226.19986859057099 934.9765651372727 151.60904443531763 620.01620240090415 85.231478835921735 219.19659198692534 309.21115512575489 105.3403163762996 99.224161576014012 176.89700297114905 226.22504151519388 406.91251835669391 160.62098499888089 488.95193579490297 500.87997140234802 265.89728911616839 511.01611338218208 153.97273956995923 31.597927666618489 192.95536110899411 481.30224251863547 19.23008935037069 19.716322593390942 21.478301357361488 68.082673242548481 193.95276453963015 59.815373960998841 302.20087741571479 205.92865954444278 545.42575912759639 197.82371704559773 27.079754520556889 155.39229935058393 789.47529663541354 91.773034723708406 263.22819511056878 304.9178171568783 1195.475749895093 659.60246585414279 434.44089055713266 166.61373167217243 359.70635912416037 233.48179486428853 112.40258443239145 141.21797685103957 317.91597030463163 653.14424740243703 184.16178455715999 408.2116676971782 335.70479306648485 864.23882093583234 187.06646155670751 88.779660891974345 890.34264494560193 149.89369502861518 260.74826107954141 115.30014148715418 47.253662919509225 30.858878417406231 78.408064586808905 205.13329062820412 304.22726810490713 106.32572082488332 167.54172935639508 94.541142536327243 276.17421808792278 38.145152836572379 37.236656546243466 149.43938920355868 221.60063149372581 54.783604254713282 126.8845063445624 293.62330918223597 138.31910175469238 90.510853153187782 1492.5235022108536 120.70224348828197 228.98291052586865 79.245644261362031 32.414149868185632 74.198217043653131 229.07347087108064 64.777487042942084 70.024652907159179 78.314008624874987 740.26317735866178 543.31825050362386
leaf_count=352 2153 393 316 3913 279 191 2903 512 520 433 415 3382 369 159 1659 303 985 472 185 241 1429 3157 247 1406 2389 203 1125 147 304 69 660 437 761 1441 251 592 2631 3003 294 444 1799 446 1261 138 412 553 278 242 356 580 749 283 835 934 491 1053 585 211 344 800 369 28 46 206 478 117 891 455 1229 465 290 573 2037 242 492 652 2131 1329 1041 333 588 538 286 283 483 1163 542 832 732 1415 328 137 2285 246 516 291 73 220 249 647 557 251 535 160 504 61 227 255 483 81 254 569 315 221 3373 423 432 261 63 138 583 102 302 275 1363 973
internal_value=-3.86713e-05 0.00211167 -0.00357018 0.00143334 0.00267878 -0.00120515 -0.00202333 0.000709623 0.000719452 -0.00421621 -0.00230556 -0.00114337 -0.00771793 -0.00684053 0.00201122 0.00499788 0.000999713 0.00719011 -0.0113359 -0.00119181 0.0113338 0.00186823 0.00284154 0.00216735 -6.96704e-05 0.00218315 -0.00450768 -0.00668919 -0.0097969 -0.0100958 -0.0065456 -0.00495247 -0.00241903 -0.00622936 -0.0149009 -0.0098046 -0.00490059 -0.00367798 -0.00849273 -0.00425724 0.00339205 0.00230655 -0.00056994 -0.00826561 -0.00390107 -0.0037376 0.00431508 0.0084387 0.00268424 0.00496034 0.00139227 -0.002921 0.00397235 -0.00206501 0.00570897 -0.00798056 -0.0126861 0.012392 0.00766267 -0.000224182 -0.0240339 -0.03475 -0.0433579 0.00863256 -0.00427679 0.00565057 0.0132925 0.00372575 -0.0127929 -0.0185106 -0.0287232 -0.0174707 0.00839085 -0.00115587 0.00108988 0.00288203 0.00326394 0.0018397 0.00656991 0.0103026 -0.00256425 0.00161925 0.00467247 -0.00554099 -0.000731902 -0.00246432 -0.00636804 -0.00446252 -0.00269847 0.00294702 0.00193506 0.0116505 -0.00752691 0.00264974 -0.00475231 -0.00529217 -0.0226133 -0.0237844 -0.00655739 -0.00818945 -0.011577 -0.00443936 -0.00692047 -0.00479245 0.00516158 -0.0113366 -0.0199022 -0.00836871 -0.0054944 -0.00588409 -0.00514129 -0.000662445 0.00517037 -0.00649661 -0.00721611 -0.014006 0.00700821 -0.00644711 0.0243258 0.0053116 0.00579066 0.00669655 0.0159449 0.00567992 0.00444884 0.00787795
internal_weight=43091.1 26787.2 16303.8 24203.7 16444.9 7758.86 11902.7 5304.09 8933.06 6598.61 3846.53 3869.36 4401.15 2752.08 1462.82 7511.81 5135.11 3138.49 907.321 2612.72 993.877 7115.38 5386.89 5060.45 2487.79 1571.4 1844.76 3891.45 1380.22 467.067 399.617 2383.71 1362.16 775.557 509.704 359.529 2511.23 2112.47 552.147 449.351 4373.32 3438.34 1425 236.841 916.388 1817.68 2572.65 699.074 1873.58 1267.36 1427 531.131 895.864 606.22 443.948 1098.62 413.813 326.443 262.431 790.513 150.176 60.4247 40.7084 414.562 1185.72 1434.73 401.425 274.011 830.888 285.462 87.6387 277.478 2583.51 1728.49 1188.16 924.934 2522.39 1855.08 1705.25 601.055 991.768 415.462 345.884 576.306 1048.26 1377.69 1027.17 843.003 743.916 1041.14 347.687 878.255 1102.74 586.601 346.673 724.548 102.796 67.4506 259.84 1021.55 509.361 512.187 405.861 684.803 2144.61 216.6 75.3818 1039.78 2623.75 2538.95 2363.46 558.827 265.204 1804.63 1714.12 175.486 667.316 590.262 64.0121 436.707 2001.95 1725.77 134.802 1590.97 1361.9 621.632
internal_count=91494 55420 36074 49719 33642 16077 25600 10728 18144 14872 8583 7708 10474 6289 3218 15498 10167 6797 2328 5290 2392 14406 11007 10142 4926 3108 3961 8872 3564 1382 1093 5365 2938 1793 1602 908 5308 4326 1323 956 8701 6902 2989 584 1818 3738 5216 1653 3563 2351 2588 1004 1584 1212 963 2677 1203 865 591 1353 694 443 415 1076 2702 3020 1133 661 2169 940 475 877 5701 3399 2405 1913 4877 3460 3527 1374 2224 1065 824 1159 2142 2579 2385 1843 1564 1771 611 2174 2687 1145 719 1416 367 289 618 2427 1204 1223 972 1474 4405 571 288 2540 5910 5719 5215 1138 569 4077 3856 504 1417 1314 274 899 4102 3598 404 3194 2611 1248
is_linear=0
shrinkage=0.0200396


Tree=22
num_leaves=127
num_cat=0
split_feature=18 21 21 18 21 18 21 18 21 21 18 21 18 18 18 23 32 21 12 35 18 21 18 21 18 42 3 73 17 20 5 30 21 17 21 18 21 1 21 10 18 30 32 28 39 5 9 10 10 18 31 16 21 34 19 12 23 32 24 18 84 12 18 17 38 0 11 10 18 23 21 24 1 9 11 42 18 12 0 35 38 33 35 44 35 15 25 31 39 19 38 23 44 35 4 43 30 36 30 4 19 18 39 20 18 20 28 26 24 10 44 80 12 18 18 44 18 32 28 39 33 44 39 21 4 33
split_gain=746.202 260.884 258.231 254.927 157.682 156.117 164.093 122.467 120.274 83.9779 119.189 86.6878 78.352 70.6817 69.1376 67.1673 67.1015 60.3076 73.6176 107.632 59.784 57.4518 66.2312 54.503 86.8393 57.4077 50.9664 49.5874 48.2808 47.7979 57.0972 70.4623 45.3537 45.1621 44.2108 47.8041 44.0608 46.1962 43.8704 42.2761 41.9979 41.6644 41.6442 41.2942 47.21 40.7013 40.2328 39.666 39.6256 38.7575 38.1337 57.8228 37.0586 44.4433 36.6484 58.2165 36.4108 42.1776 36.1096 35.9922 35.7789 35.6127 35.567 35.4058 39.0278 35.0032 40.8397 34.8795 48.4061 63.2225 33.5234 33.1769 35.3901 33.0749 32.8053 34.2339 32.6823 40.5172 39.0964 47.5525 32.371 32.3467 43.3465 32.208 32.5137 32.0682 32.011 31.767 31.6222 31.5698 31.0543 30.7589 30.6762 33.0467 30.3439 30.1404 32.6384 30.0706 42.6023 41.0528 48.9838 47.6865 37.4532 36.8257 30.4827 29.9926 31.594 45.0727 29.9509 37.8334 60.3272 29.9508 43.5605 29.7651 31.0267 48.2415 29.5837 31.1402 29.4979 29.413 31.024 46.0108 29.2658 57.9055 33.7074 28.7885
threshold=-0.04432928375899791 -0.036882616579532616 -0.044579859822988503 0.071790568530559554 0.16452854871749881 -0.19699198007583615 -0.20878767967224118 0.1745371297001839 0.072161644697189345 -0.27485568821430201 -0.39823217689990992 -0.47177676856517786 -0.094419144093990312 0.14187081903219226 1.0000000180025095e-35 1.0000000180025095e-35 0.10657956078648569 0.24278382956981662 -0.0040137614123523227 -0.040729582309722893 0.037880927324295051 -0.58402821421623219 -0.66585803031921376 0.35118664801120764 0.31566222012043005 -0.40475922822952265 -0.18699086457490918 -0.90102705359458912 0.42945490777492529 -0.20459371805191037 0.37500000000000006 -0.12427775934338568 0.48717127740383154 -0.22443549335002896 0.57889673113822948 0.53065726161003124 0.22803078591823581 0.46448864042758947 0.026619628071784977 -0.21769582480192182 0.43864586949348455 -0.11689102277159689 -0.3769537210464477 0.046215385198593147 -0.18920321762561795 1.0000000180025095e-35 0.54365184903144848 0.16872551292181018 -0.11529869586229323 0.30465058982372289 -0.12005710229277609 0.32349844276905065 0.059974342584609992 0.061749970540404327 0.20001410692930224 0.026662844233214859 0.015554804820567371 -0.72616946697235096 0.23932125419378283 -0.31688533723354334 0.36953487992286688 0.55561923980712902 -0.10188202932476996 0.457320585846901 0.056220095604658134 0.22017045319080356 -0.066046729683876024 -0.063897203654050813 -0.2005786597728729 -0.1769357621669769 0.048428479582071311 -0.28175139427185053 -0.058238636702299111 0.33441719412803655 0.20266389101743701 0.13109601289033893 -0.55004206299781788 0.38933485746383673 -0.21164772659540174 0.56651419401168834 0.5586124360561372 0.45032088458538061 -0.34712398052215571 -0.13217838108539579 0.0072855064645409593 0.33279283344745642 0.085346285253763213 0.22610582411289218 0.32357540726661688 0.060892263427376754 0.68062201142311107 0.047301443293690688 0.095416441559791579 -0.42918835580348963 -0.18727959692478177 -1.1152628303534582e-05 -0.099385123699903474 0.59790208935737621 0.32841473817825323 -0.16428215801715848 -0.14259233325719831 -0.0063244830816984168 -0.15846361219882962 -0.096841383725404726 -0.0088650900870561582 -0.21477843821048734 -0.31909559667110438 -0.18584513664245603 -0.0014964158763177691 0.063475735485553755 -0.022387347184121605 -0.1178251951932907 -0.19552752375602719 -0.073725838214158998 -0.19163300096988675 -0.38859486579895014 0.5698031783103944 -0.098394781351089464 -0.21931118518114087 -0.13180319964885709 -0.017128920182585713 0.18306107819080356 0.059953665360808379 0.22803078591823581 -0.33341428637504572 0.25854550302028662
decision_type=2 2 2 2 2 2 2 2 2 2 2 2 2 2 2 2 2 2 2 2 2 2 2 2 2 2 2 2 2 2 2 2 2 2 2 2 2 2 2 2 2 2 2 2 2 2 2 2 2 2 2 2 2 2 2 2 2 2 2 2 2 2 2 2 2 2 2 2 2 2 2 2 2 2 2 2 2 2 2 2 2 2 2 2 2 2 2 2 2 2 2 2 2 2 2 2 2 2 2 2 2 2 2 2 2 2 2 2 2 2 2 2 2 2 2 2 2 2 2 2 2 2 2 2 2 2
left_child=2 20 5 8 13 9 62 17 14 10 21 45 16 28 97 29 119 63 48 -20 56 22 27 25 32 49 -15 -1 52 -11 -31 -32 47 -21 40 -36 67 43 87 -28 85 60 -41 44 -38 58 -34 89 -19 86 -37 -52 111 74 70 -56 57 -2 -12 73 -22 -55 65 -6 -65 -7 -67 113 69 -69 -44 -17 -73 -13 75 -54 78 -78 -23 -80 -71 82 -30 84 -43 -26 -9 -16 95 -25 -33 116 93 -85 -47 96 -10 98 99 100 -3 -101 -103 -102 -105 -14 107 -107 109 110 -59 112 -5 114 -4 -116 117 -42 -106 120 121 -8 124 -124 -88 -95
right_child=1 3 36 4 7 6 12 23 88 15 11 59 105 26 38 71 -18 18 19 33 41 76 -24 24 34 -27 39 -29 81 30 31 90 46 -35 35 50 37 -39 -40 42 91 83 54 -45 -46 94 -48 -49 -50 -51 51 -53 53 61 55 -57 -58 108 -60 -61 -62 -63 -64 64 -66 66 -68 68 -70 80 -72 72 -74 -75 -76 -77 77 -79 79 -81 -82 -83 -84 92 -86 -87 122 -89 -90 -91 -92 -93 -94 125 -96 -97 -98 -99 -100 101 103 102 -104 104 118 106 -108 -109 -110 -111 -112 -113 -114 -115 115 -117 -118 -119 -120 -121 -122 -123 123 -125 -126 -127
leaf_value=0.0037384095518505564 0.016305429121377564 -0.010567634751581187 -0.0041739453777714583 -0.0025522716221917656 -0.0037897258182151001 0.0025767561386861385 0.019638181747799854 0.0095343155822340646 -0.0068885657916001233 0.00035534172603315727 0.019700171247253945 -0.0055848179627462019 0.011235408336346685 0.012415234352241013 0.0015014367730405841 0.0020445005790921665 -0.0083419072507124707 -0.0075657178935647365 -0.0073209160159838013 -0.0078540859841376917 0.025835006550615408 -0.0072642444291528985 0.0014509610294154037 -0.0006012112276524127 0.0046283681456955059 0.0090923247418874392 -0.0062808835442737044 -0.0091696936117039041 9.9699680849725918e-05 -0.0051963937421880936 -0.003321680955763373 -0.038663355276682666 -0.027987655766016157 -0.046720400780242151 -0.0054587543609783745 -0.0013196580094121967 -0.0065541420178386479 -0.00013663109117756936 -0.0011999354734931458 0.0020258163892806786 0.0049205708735414596 -0.011552955669110366 0.013157048340182049 -0.0047587503339986559 -0.048473764767178663 0.0091257238453978373 -0.0017624537462184952 0.0035434899596962963 0.0059178177116017147 0.0077523673441621402 0.017024551983975553 -0.0012053873339552326 0.0059914575270046495 -0.010624105745553464 0.02649686180742334 0.0058044060684369287 0.0074429391396297158 0.0025626595179758715 0.00047589768989566113 0.0018667794112477796 0.0071828423658117516 0.0046514459051759096 0.014848410616206998 -0.00062672461299085507 0.0095010834745822836 0.012119247100781645 -0.004879366601512166 -0.0074053340995418786 -0.00517959582701442 -0.041075196694034179 0.0049832710643910125 -0.018268179391249438 -0.008074374703335439 0.0059794962331317534 -0.0035240111804686588 -0.0020798812785578556 -0.0094068151798421366 0.0017118779994687602 -0.029263004189278744 -0.0056257351571578577 -0.0036854364115420789 0.0051809153751649151 0.02350608561699552 0.0028276761204400311 0.0068402021272269149 -0.0039816512358940093 -0.011170645844338106 0.0075649854707319887 -0.012361808974934814 -0.009287664577311526 -0.0060754919982490352 0.017179712024464697 0.0061716860985964522 0.02089205154959994 -0.0042449276425210831 -0.006888475709132225 0.004535362004994793 -0.0099135129520191208 -0.0093666967436849928 -0.0019403183946809246 -0.006459961589617408 -0.0012317183539667484 -0.026890088620353959 0.0040773768664982887 0.0037107759786909268 0.0045490593032715783 0.0016427775433308571 -0.012663371382844724 -0.00070850096031148196 0.0023967353193505609 0.025692969440984564 0.0025202589103928818 0.013934926759979987 -0.0071416673815137095 -0.0065050626675299894 -0.023739438773882727 0.011833070523130394 -0.0081032319249800464 0.02577987666484384 -0.0029486617817936784 -0.0022378989553373425 -0.00060832598249722632 0.010255909304198124 1.173283523921126e-06 -0.00030901032373264618 0.006710604050685391
leaf_weight=129.20176288869698 64.955064237234183 66.976264000521041 100.29809169902001 77.594063620083034 963.64380805450492 1415.429022768978 64.028647024882957 149.27096178161446 146.60053203592543 473.3245815152768 139.81296558864415 717.61563253775239 88.604649557149969 569.4687774614431 939.76239056396298 50.822285325382836 948.09049511014018 163.4667852424318 229.26060668635182 30.589952916838229 99.307481295312755 227.40021307545248 688.00154562550597 305.0810347145889 380.04738024168182 681.48646987276152 93.325443793088198 650.46103624685202 46.711691608768888 1045.2834874328692 80.871516075683758 38.44680531101767 35.275454203365371 30.46431123081129 450.95170496287756 343.3902362624649 25.607301733456552 34.82676728523802 1281.7227849463234 707.52756155328825 373.05435798270628 47.502803708193824 239.71115095727146 34.173134948010556 22.178523865411989 109.33013927564025 44.852928517851979 249.27578834095038 138.57107472850475 443.4985106344102 124.68078697577585 122.82057177857496 600.35067367437296 228.01536727475468 84.833272502059117 147.51738234085497 1216.4223078285577 116.49879007181153 53.653856254415587 761.92904040287249 102.3807838219218 63.471572176436894 114.38913540740032 605.6652127673151 177.09325678867754 311.6176890921779 52.521125137340277 171.6969671540428 1701.4897463714005 24.246152960928157 1223.3235198508482 330.69896855903789 340.82554869388696 92.723516561556607 382.5442571915919 300.27231582789682 386.73433640622534 180.83143152552657 90.208782478468493 69.411841459805146 17.989428981207311 751.42775380343664 74.561622445820831 106.80640513997059 58.105525602702983 278.99989063921385 130.07575843692757 545.1976001826115 310.75543339084834 364.67977666214574 27.561131640220992 104.13054892676882 703.23174966406077 201.13721930317115 115.19936451211106 1072.4029979979387 216.95407627371605 229.08618718315847 268.71283356333151 753.37715500383638 69.894019780564122 41.180757753318176 35.511300784652121 341.26450906484388 55.052137797116302 81.981035336735658 1504.4645332416985 131.65678018319886 787.23832992534153 750.94288534100633 56.894552421174012 1310.2673868384445 208.21367535507306 432.80502508906648 125.45821623061784 207.96687568584457 197.14345873333514 66.038739211624488 40.23390239092987 1662.2322698555654 170.52416980476119 85.844758450170048 257.72607382293791 1016.7309220342431 452.83324108144734 121.7745763171697
leaf_count=338 212 169 239 237 1996 2740 261 331 352 944 484 1524 253 1461 1808 103 2109 327 447 74 441 547 1347 442 605 1770 174 1526 79 2065 150 300 232 315 871 646 54 69 2366 1440 635 149 598 77 290 239 65 454 252 933 380 213 1257 583 365 264 2337 171 147 1410 214 112 310 905 342 691 127 408 3482 265 2298 1091 796 207 683 582 799 412 480 140 38 1176 332 171 125 492 351 1091 960 880 54 303 1438 656 204 2408 375 509 590 1349 178 70 210 710 88 151 2744 360 1405 1419 269 2221 554 1021 270 928 450 188 198 3281 284 156 576 1803 822 241
internal_value=-9.59876e-06 0.00204296 -0.00338521 0.00116133 0.00251235 -0.00220516 -1.39927e-05 0.000731542 -0.00220786 -0.00433281 -0.00266748 0.000958379 -0.00200858 0.00473321 -0.00051636 -0.00734934 -0.00402072 -0.00318338 -0.00857658 -0.0153714 0.006472 -0.00563089 -0.0030525 0.00213278 0.000382542 0.00403518 0.00702592 -0.00696296 0.00296159 -0.00500498 -0.00710713 -0.0179952 -0.00452288 -0.0348866 0.00241893 -0.000692643 -0.00878695 -0.0202214 0.00149919 0.00568616 0.00471628 0.00983416 0.00621489 -0.02683 -0.0357217 0.0087994 -0.0170895 -0.0030067 -0.00137624 0.00255 0.00299747 0.00861749 0.00178063 -0.00039654 0.00790574 0.0151539 0.00478617 0.00288621 0.0150184 -0.00122114 0.0181511 -0.0071377 0.00493257 -0.00125748 0.00186822 0.00409981 0.00946482 -0.00813435 -0.00646458 -0.0150774 0.00652144 -0.0124082 -0.0135627 -0.0041083 0.00123081 0.00330261 -0.00941448 -0.00591985 -0.0138762 -0.0210788 -0.0321604 0.0070767 0.0159519 0.00815297 -0.00192554 0.000958663 0.00131621 0.00381847 -0.00665485 -0.00549943 -0.0302748 0.00791556 0.00912521 0.0133568 0.00248765 -0.00523105 -0.000195699 -0.00343607 -0.00241489 -0.000940114 0.00309592 -0.00374849 -0.0166708 0.0053331 0.00749514 0.0012589 0.000589086 -0.00619507 0.00214807 0.00454797 0.0123852 0.00390859 0.0095515 -0.0115406 -0.0153102 -0.0181423 0.00581357 0.00261253 0.0163629 -0.00187462 0.00348275 0.00947768 0.00053507 0.00223041 -0.00309588 0.0163926
internal_weight=43198.3 26867.8 16330.5 22434.6 16019.9 13431.7 6631.38 8910.8 6414.68 6800.35 4412.52 1990.26 4737.43 7109.14 4667.97 2387.83 2930.72 2338.76 592.353 290.315 4433.2 2422.25 1467.66 6572.04 3440.42 3131.62 3065.71 779.663 4043.43 1665.49 1192.16 146.879 999.165 61.0543 2441.26 1041.84 2898.74 116.786 2766.68 2496.24 1399.41 1440.25 2402.91 81.959 47.7858 417.996 80.1284 919.037 302.038 2450.14 590.892 247.501 3170.73 1574.65 1695.39 232.351 2992.95 1776.53 193.467 1572.27 201.688 291.487 1893.96 1746.4 782.758 1779.57 364.139 2781.95 1915.42 213.933 1463.03 722.347 671.525 810.339 1283.17 900.623 954.587 567.566 387.021 159.621 42.2356 872.701 121.273 1238.56 105.608 659.047 2006.64 1484.96 1746.71 669.761 66.0079 740.367 1132.95 429.718 224.53 1435.96 363.555 1901.29 1672.2 1403.49 573.421 830.069 76.6921 506.445 436.551 1806.71 1718.1 213.638 1711.57 924.336 173.393 1596.08 285.808 866.528 433.723 333.425 636.237 439.093 95.286 1982.63 320.398 149.873 1857.37 1274.46 582.909 322.912
internal_count=91110 55195 35915 45947 32516 28774 13467 18100 13431 15307 9804 4215 9599 14416 9336 5503 6091 4658 1415 836 9248 5589 3211 13442 6856 6586 6600 1864 7816 3513 2569 504 2073 389 4783 2110 7141 490 5265 5139 2673 3435 4965 421 344 1074 297 1776 579 4816 1239 593 6229 3217 3525 629 5813 3476 631 3141 655 695 3868 3243 1247 3558 818 6651 4193 711 2896 1990 1887 1731 2522 1839 2378 1211 1167 620 303 1587 411 2780 274 1097 3883 2899 4095 1322 354 1576 2506 1068 443 3135 727 4071 3562 2972 1343 1629 280 1174 996 3508 3255 511 3264 1859 440 3012 791 2458 1437 1198 1273 823 286 3982 701 417 3552 2379 1173 897
is_linear=0
shrinkage=0.0200396


Tree=23
num_leaves=127
num_cat=0
split_feature=18 21 21 18 18 21 21 21 18 21 18 18 18 23 18 12 21 18 21 21 11 28 40 12 25 53 5 18 29 18 17 36 29 21 18 26 10 18 20 14 3 1 19 39 12 1 20 26 29 42 39 29 18 38 37 5 44 34 44 18 36 18 38 1 12 37 37 20 11 33 18 0 24 23 39 21 22 22 10 19 12 22 15 21 44 23 11 25 21 34 44 28 33 16 12 20 20 38 39 20 24 21 18 33 21 21 22 5 20 21 22 23 44 21 36 34 16 28 19 21 42 28 19 18 39 38
split_gain=726.578 257.43 246.807 214.801 187.294 156.597 140.912 128.046 111.008 99.0867 110.507 89.8155 82.7412 76.6581 73.7247 66.3893 62.982 59.4784 88.8201 85.7484 68.124 58.6841 54.3042 50.0527 93.7544 61.993 49.8494 46.2516 59.4672 46.0472 43.6835 43.3784 43.3094 42.7789 41.3151 41.1823 38.953 54.211 59.6775 56.1513 50.443 38.9246 47.4078 38.8339 38.7033 40.7711 43.6671 39.8134 38.638 38.1645 37.4882 37.0864 45.7839 45.8315 37.0117 36.8433 36.7345 35.9293 35.7923 49.0597 35.3048 34.7816 83.7603 40.2721 35.8925 34.7776 34.7735 40.5181 38.3094 69.2572 34.6016 37.8587 33.8163 33.7114 34.0144 33.1793 32.947 33.2993 32.9014 35.8596 68.7219 31.9555 31.6789 31.6224 62.1278 45.4269 43.0205 31.0224 54.4819 40.8071 36.9024 33.9231 30.8092 30.7087 30.2668 29.5863 29.3353 29.2151 28.8721 28.3522 27.5002 39.4044 33.3428 35.9526 27.0966 26.9708 36.9594 28.6789 26.734 26.6828 46.1917 60.7361 26.6128 26.4653 52.0623 25.7169 25.7133 25.6676 25.6429 25.6 52.2893 52.1971 52.3021 41.6587 31.7599 25.4928
threshold=-0.045163672417402261 -0.056125720962882035 -0.091404747217893587 0.071790568530559554 -0.25816884636878962 0.14849261939525607 0.042655548080801971 -0.22418217360973355 0.13059716671705249 -0.42944194376468653 -0.5655512511730193 -0.11758166924118994 -0.18757638335227964 0.015554804820567371 1.0000000180025095e-35 -0.018922017887234684 1.0000000180025095e-35 0.30465058982372289 0.38903142511844641 0.57889673113822948 0.24526958167552951 0.052428262308239944 0.25629496574401861 0.49254587292671209 0.30689947307109838 -0.11279642954468726 1.0000000180025095e-35 0.14698633551597598 0.08941234648227693 -0.37081009149551386 0.51380699872970592 0.24825175106525424 -0.40082852542400355 0.22033354640007022 0.5698031783103944 -1.4507327079772947 -0.01446441328153014 -0.090132698416709886 0.0031544824596494441 0.34609609842300421 0.3504475355148316 -0.098011363297700868 -0.22879149019718167 -0.11300634965300559 0.14277523010969165 -0.066761363297700868 0.21222904324531558 0.55206900835037243 0.12424656003713609 0.36717376112937933 0.028154657222330574 -0.16999658942222592 0.26993668079376226 0.25239235162734991 0.044477464631199844 0.37500000000000006 0.078957293182611479 0.085841175168752684 0.0072575255762785682 -0.31688533723354334 -0.24825175106525418 -0.55004206299781788 0.3576554954051972 -0.046874999999999993 0.33658257126808172 -0.10181167721748351 -0.37215125560760492 -0.14662612229585645 0.082520805299282088 0.44625808298587805 -0.0034331022761762138 -0.24005681276321408 0.04179778695106507 -0.24003130942583081 0.52297586202621471 0.0093008340336382406 -0.28919719159603113 0.30948847532272344 0.24920769780874255 0.20001410692930224 0.072821099311113371 -0.40743038058280939 0.60458651185035717 -0.1747915297746658 -0.085093885660171495 0.15419355779886249 -0.061097353696823113 0.45236791670322424 0.042655548080801971 0.17931048572063449 0.18306107819080356 0.052428262308239944 0.44001428782939916 0.21372038125991824 -0.081995412707328783 -0.15453615039587018 0.22954521328210833 0.10167464241385461 0.17833600938320163 0.29181136190891271 0.46417084336280828 0.050994226709008224 0.10261145979166032 1.0000000180025095e-35 0.082424633204936995 -0.63534316420555104 -0.064155463129281984 0.37500000000000006 -0.04606433026492595 0.17992302775382998 0.18587074428796771 0.036954397335648544 0.16171801835298541 0.11128928512334825 -0.045454544946551316 -0.045786732807755463 0.23747386783361438 -0.44502423703670496 0.010192337445914747 0.1273252069950104 -0.40590396523475641 -0.3581401258707046 -0.15811406075954434 0.04527618549764157 0.53850257396698009 0.037081338465213783
decision_type=2 2 2 2 2 2 2 2 2 2 2 2 2 2 2 2 2 2 2 2 2 2 2 2 2 2 2 2 2 2 2 2 2 2 2 2 2 2 2 2 2 2 2 2 2 2 2 2 2 2 2 2 2 2 2 2 2 2 2 2 2 2 2 2 2 2 2 2 2 2 2 2 2 2 2 2 2 2 2 2 2 2 2 2 2 2 2 2 2 2 2 2 2 2 2 2 2 2 2 2 2 2 2 2 2 2 2 2 2 2 2 2 2 2 2 2 2 2 2 2 2 2 2 2 2 2
left_child=2 23 4 6 9 27 14 49 30 10 35 60 13 -4 75 33 36 18 44 20 -19 26 87 66 25 -25 58 28 100 105 92 117 -29 50 -21 -1 37 38 40 -40 -14 -34 -43 -23 45 46 97 -46 54 56 -10 -20 53 -53 96 -56 95 98 59 118 93 62 -28 -63 65 -65 -2 68 69 -68 -69 -72 -42 -39 125 -3 -16 -78 79 -44 -81 108 -36 -62 85 -85 -87 88 91 90 115 -18 109 -9 -94 -6 -35 -17 99 116 101 -5 104 -104 -103 106 -12 -107 -51 -7 -111 -112 -80 -30 -115 -90 -22 -31 -11 123 121 -121 -123 -8 -125 -75
right_child=1 3 12 5 7 8 119 11 15 21 29 -13 16 -15 76 17 22 19 51 34 57 43 -24 24 -26 -27 61 32 113 31 -32 -33 41 48 82 -37 -38 73 39 -41 72 42 78 -45 47 -47 -48 -49 -50 81 -52 52 -54 -55 55 -57 -58 -59 -60 -61 83 63 -64 64 -66 -67 67 70 -70 -71 71 -73 -74 74 -76 -77 77 -79 112 80 -82 -83 -84 84 -86 86 -88 -89 89 -91 -92 -93 94 -95 -96 -97 -98 -99 -100 -101 -102 102 103 -105 -106 107 -108 -109 -110 110 111 -113 -114 114 -116 -117 -118 -119 -120 120 -122 122 -124 124 -126 -127
leaf_value=0.0059121798757165922 0.017832974321462691 -0.00074146294211289803 -0.010316944442450042 0.003134762693003263 0.017729292389963198 -0.0015803972243610821 -0.0062988946233341232 0.012166889234956612 0.0032203243876843964 -0.021694366210422745 0.0095190586253179835 0.0025051719227383892 -0.010898018136030488 -0.030506189131908362 0.013572480075090971 0.0011079293247226987 -0.0034646436772289789 0.013362864779674508 -0.0038709240022346786 -0.0062776807916505497 0.010400198047810574 -0.0062166665644312561 -0.0017204549595433826 0.0065878618796473892 0.00145454160143203 0.038776150086849238 -0.04013623843630474 -0.0037422024836097968 0.0081540053924166276 0.0013160078080669186 -3.5941584148641053e-05 -0.00065764851989342133 0.013174185133978276 -0.0086356685664038882 0.0076907792017891071 -0.007237080845454655 -0.0012915735648866122 -0.013665872450175122 -0.03067550406972017 -3.2738284041624982e-05 -0.0059114733272344197 -0.00081105176713966063 0.0073268689837506984 -0.025495171400031297 0.0053673975712653938 -0.0056379485407135783 -0.0078044635963274806 -0.0046067238452131764 -0.00045353422998148396 0.013760399552234555 0.011069443699400851 -0.041382008692037377 -0.007093976977141838 -0.0052614730377423162 0.014649373229886416 0.0024338255790642273 0.0028457692250038196 0.012761298492615826 -0.0016711571909008448 -0.0015319582266088566 -0.0017547476288576785 -0.016070295767984633 -0.0033938049728876396 -0.016570063833805007 0.0062005969197254781 -0.0023145381122415417 0.017822850351085873 0.0015749315188586049 0.005423957460076085 0.00053285555953304776 0.0037786677092957678 0.011545615741985839 0.0089749550741338568 -0.0021989547955592391 -0.0073700198302109957 -0.0067232361970244285 0.0012883500456444279 0.0076879085957097413 0.0013674690547222992 0.028491434371861534 0.0064821469319211863 -0.00067643817685178237 -0.0028410858490940509 -0.0077708991846096327 -0.0027919577383362869 -0.037160199416620521 -0.0091300613693578204 -0.0014758966665358757 -0.01563903024862965 -0.0062638380329188819 -0.0024554778814215878 -0.014230529219342522 -0.0011084037440411789 -0.0032196110826272347 -0.026964321477026723 0.0071048650960150389 0.0033512404360331901 0.01184229483273801 0.0064457037142260608 -0.0065987138383678517 0.0073818803192719044 -0.0034551000454889299 0.0048972297142139331 -0.0041775079893416594 -0.016297637517693035 0.0019895362757844162 -0.0030402691412029742 -0.0047662482314583463 0.0016086934955891752 -0.0054721119801542676 -0.00020682602028723884 -0.037331503974039809 0.01101681029300656 -0.0074080755314947207 0.0058842281481716651 -0.034781289249944086 -0.00047799831938627083 0.023541487717392461 -0.0083563835248438682 0.00065041682917464888 -0.0037241260202557206 -0.0053748148880784661 -0.027561609990727383 -0.0018590704581162741 0.010085181315072793 0.0056925129974292601
leaf_weight=84.366822704207152 83.419307420495898 1739.3243801568169 688.44984893326182 1097.0543908183463 144.26055199617986 334.07873679872137 1248.9615543805994 79.758948754402809 512.10537189280149 81.989068565657362 223.72563587257173 1428.8729223108385 435.22455018851906 73.031542710028589 91.053120136610232 678.33668032498099 312.71149454743136 330.6319816528121 231.06747596804053 450.8925872760592 88.010380545980297 96.60395650647115 288.26386580546387 51.51003309211228 102.87550725834444 56.023840680136345 29.470321110100485 130.77460877795238 1076.7394363046624 31.229322523926385 512.48348502046429 77.273290609475225 400.19133283034898 66.977307192399167 195.60771281528287 1176.175947147538 1151.7169152895221 79.45719995291438 71.348780142259784 30.397225636872463 106.75939163076691 318.00212779105641 979.98292169661727 97.741408810135908 694.2306967608165 676.5962844339665 169.65288632654119 184.87850276695099 1061.0078770997934 108.88927593838889 505.50663954985794 23.795832353527658 128.80041816388257 31.736338222515769 220.56374672602396 188.02566827228293 544.75145490851719 111.74359042255674 889.17303832480684 294.82593707239721 1123.901131035178 169.92579012026545 55.903755559353158 86.938066459493712 79.677645863150246 207.92545346601401 338.29830975912046 1068.1879187742015 618.53910612105392 127.82967526395805 753.63449984660838 391.34750783012714 89.496142518473789 387.17147600126918 255.65347006521188 453.35998858476523 1766.0148952213349 381.56740502244793 522.67848599213175 87.241887825657614 158.22314066742547 738.07011342176702 216.85437623993494 411.37220091733616 826.84968148102053 29.776865285122767 76.713934474275447 113.24787901190575 146.87206742353737 107.40717670228332 37.912222011131234 190.77353724685963 29.041062541888095 85.095442898338661 37.451189276063815 496.40354211488739 751.39866180927493 96.491444703075103 314.36965742893517 199.12138101109304 243.24402106890921 264.19473482272588 326.26222972618416 324.93820919026621 74.006252118037082 484.85228728246875 133.64978904754389 476.25663237646222 178.65077263489366 304.30998594430275 28.32947305648122 24.356873573036864 126.46216788899619 132.46296942303888 459.9980379116023 88.159318907768466 363.98945668176748 67.101819078205153 280.67635495646391 60.472118633799255 402.64015533367638 83.092409022850916 114.35869608772919 750.66091691073962 75.728709452203475 248.53702937590424
leaf_count=177 259 3333 1923 2132 478 711 2789 201 967 307 486 2765 1001 428 227 1094 658 879 493 864 239 182 540 107 185 357 269 275 2253 56 765 209 996 167 402 2754 2061 239 380 51 211 479 2084 427 1359 1289 481 417 1846 290 1162 247 242 85 571 315 1100 323 1743 629 2144 500 127 266 166 446 944 1753 1158 261 1456 1012 195 688 495 1120 3302 750 875 426 300 1265 434 871 1653 266 169 176 396 199 76 531 63 128 214 1018 1474 226 529 375 408 429 646 661 271 912 195 1009 262 575 54 236 354 265 787 533 582 324 600 105 886 203 562 1357 192 507
internal_value=-2.74148e-07 0.0020013 -0.00334401 0.00123816 -0.00171899 0.00249651 -0.00165331 0.000602173 0.000870545 -0.00455136 -0.00193552 -0.00150734 -0.00709375 -0.0131396 0.000555149 0.00170024 -0.00591054 0.000279417 -0.00160715 0.00269668 0.00571138 -0.00753734 -0.00958489 0.00698229 0.0161571 0.0273746 -0.00644584 0.00484488 0.00343389 0.00173928 -0.00459739 0.0106923 0.00686541 0.00390866 -0.00222702 -0.00624921 -0.00418702 -0.00609309 -0.0101344 -0.0230783 -0.0072636 0.00743609 0.0062527 -0.0176589 -0.000142183 -0.0019737 0.000714766 0.00318684 0.00233999 0.00445728 0.00729162 -0.00990852 -0.0161371 -0.0285513 0.00472576 0.00948786 0.00687597 0.00311393 -0.00438409 -0.00784927 -0.00369193 -0.0111458 -0.0221358 -0.00854396 -0.00433936 -0.00747823 0.0062985 0.00587539 0.00905055 0.0133463 0.00423434 0.00662337 0.00105291 -0.00286133 -0.00154756 -0.00204208 0.00309868 0.00250322 0.00745274 0.0093821 0.0161679 0.00156142 0.00227303 -0.00430139 -0.00635517 -0.0116524 -0.0223917 -0.0117596 -0.0129985 -0.0186912 -0.0226696 -0.00802785 -0.00757953 0.00474206 -0.0189399 0.0100648 0.00213485 0.00277699 0.00169947 -0.000727486 0.00133605 0.000548985 -0.00231481 0.000364617 -0.00718628 0.000368598 0.00488738 -0.00138145 0.00693809 -0.00587071 -0.00950748 -0.023645 0.00359424 0.00629513 0.00271941 -0.025401 0.00204048 0.0181319 -0.0125535 -0.00520808 -0.00864362 -0.0153244 -0.0198398 -0.00402425 -0.000494455 0.000964856
internal_weight=43545.2 27243.8 16301.4 23652.1 11398.8 16484.9 7167.23 6273.37 9762.44 5125.48 2754.63 4062.34 4902.59 761.481 4431.32 8492.39 4141.11 5186.81 2915.59 2271.22 1407.87 2370.85 1285.35 3591.67 210.409 107.534 2176.51 6722.46 3998.9 1494.09 1270.05 175.604 2723.56 3305.59 863.355 1260.54 2855.76 1704.05 733.226 101.746 631.48 2592.78 2192.59 194.345 2500.19 1621.08 944.481 879.109 2287.97 2211.03 1017.61 415.4 184.333 55.5322 1226.97 408.589 1185.42 1077.23 1546.66 657.491 2633.47 629.841 85.3741 544.467 374.541 294.864 3381.26 3297.84 1084.67 466.128 2213.17 1144.98 196.256 970.819 891.362 2192.68 2238.64 2147.58 1874.59 1225.45 245.465 1025.61 412.462 2468.61 1344.71 517.863 106.491 997.084 883.836 380.351 272.944 503.485 757.567 164.854 66.4923 640.664 818.376 774.828 965.491 651.121 2329.7 2086.46 989.401 651.2 338.201 1318.48 357.375 961.109 287.54 691.075 356.996 52.6863 649.141 1669.2 592.461 235.031 452 98.3311 362.665 2735.91 660.563 257.923 197.451 2075.35 826.39 635.709
internal_count=91321 55639 35682 48147 24394 33321 14826 12610 19680 11784 6122 8197 11288 2351 8732 17062 8937 10560 5933 4627 2927 5662 3109 7492 649 464 5053 13641 7852 3191 2618 589 5789 6502 1700 2931 5828 3767 1838 431 1407 5514 4518 609 4866 3090 1801 1776 4373 4413 2129 1067 574 332 2527 886 2596 2048 3279 1536 5432 1774 396 1378 878 712 6843 6584 2363 1205 4221 2468 406 1929 1690 4453 4279 4052 4039 2810 726 1817 836 5103 2959 1306 435 2569 2393 1204 1005 1189 1853 329 277 1496 1641 1320 1725 1196 4547 4139 2007 1307 700 2602 681 1921 552 1576 865 290 1229 3305 1052 929 821 380 907 6094 1756 870 765 4338 1549 1195
is_linear=0
shrinkage=0.0200396


Tree=24
num_leaves=127
num_cat=0
split_feature=18 21 21 18 21 18 21 21 18 21 18 12 18 21 18 0 42 18 34 18 21 21 15 29 9 17 21 18 21 33 21 18 14 30 30 38 12 9 18 18 29 29 20 21 22 18 44 20 33 38 32 18 23 29 37 1 0 28 25 21 25 44 22 21 24 41 44 19 3 18 24 15 12 43 28 37 39 21 39 34 38 18 18 18 14 11 11 18 28 12 56 12 22 25 24 21 18 33 14 44 0 18 21 11 22 12 18 28 24 41 14 28 20 0 21 14 16 15 18 21 41 20 80 39 18 32
split_gain=709.722 252.916 224.164 206.887 159.207 146.173 144.243 135.385 101.53 88.1564 112.67 68.9463 68.774 68.0341 59.1806 57.4889 63.7766 80.0887 56.469 56.1628 83.0234 76.7924 74.0398 62.0905 55.1009 54.908 51.1983 49.2899 48.0698 46.8163 44.6481 68.0499 49.2303 43.8838 43.7865 61.0697 42.8892 42.5838 39.7141 39.6791 67.7212 48.1684 52.3859 38.8432 40.1362 37.4926 36.9608 36.4287 36.3921 36.2456 36.1238 35.0219 35.5731 34.3405 38.6498 34.0338 33.3545 33.0722 43.3734 32.41 32.2439 36.2344 32.1783 31.6803 31.6205 30.8639 30.7927 40.1381 31.7115 30.7389 62.6041 30.6692 30.2448 52.2778 32.3936 57.1652 42.7326 98.5272 40.4957 29.4745 32.0184 34.0187 31.4346 29.4216 32.4322 40.9625 29.0458 28.1761 33.7274 28.1651 32.0513 29.9783 27.9192 27.8176 27.5188 33.7479 34.3304 27.8621 27.0933 26.7663 28.4108 26.5997 28.3096 27.2412 36.5914 34.41 26.4453 35.1554 26.3482 27.4171 26.1932 43.9015 26.0291 25.7667 28.5389 25.6723 25.6599 25.2133 25.1008 49.4414 47.7818 25.0106 27.577 24.822 33.4601 28.8905
threshold=-0.04432928375899791 -0.056125720962882035 -0.0465041697025299 0.071790568530559554 0.1273252069950104 -0.19699198007583615 -0.22931365668773648 0.026619628071784977 0.13059716671705249 -0.31526620686054224 -0.39823217689990992 -0.018922017887234684 1.0000000180025095e-35 -0.48845414817333216 -0.094419144093990312 0.22017045319080356 0.22179241478443149 -0.25816884636878962 0.1373107507824898 0.28434184193611151 0.57889673113822948 0.37171263992786413 0.091884799301624312 -0.180739089846611 0.30942457914352423 0.42945490777492529 0.22033354640007022 0.038615768775343902 0.23893521726131442 0.57917422056198131 -0.60776138305664051 -0.66585803031921376 1.3325825929641726 -0.11689102277159689 -0.43873678147792811 0.26196172833442694 -0.14162844419479367 -0.1496099308133125 0.43864586949348455 0.15369051694869998 0.08377257734537126 -0.24953524768352506 -0.035101389512419694 0.18313021212816241 0.15540628880262378 0.5698031783103944 0.14139758795499804 -0.21477843821048734 0.6123889982700349 0.20933014154434207 0.20186138898134234 -0.17632988095283506 0.018536146730184559 0.11818727478384973 0.044477464631199844 0.46164773404598242 -0.18607954680919644 -0.32614585757255549 -0.17597729712724683 0.079858884215354933 -0.31515765190124506 0.013144107535481455 -0.28919719159603113 0.34028223156929022 0.015972431749105457 0.26991344988346105 -0.49001143872737879 -0.14835732430219647 0.39443531632423406 -0.37081009149551386 0.23932125419378283 0.62620648741722118 -0.16571100801229474 -1.1152628303534582e-05 -0.3581401258707046 0.081327840685844435 -0.076627176254987703 0.13566388189792636 0.21243747323751452 0.29255029559135443 -0.0035885166143998499 -0.2005786597728729 -0.94762483239173878 -0.31688533723354334 0.19294294714927676 -0.35873292386531824 0.074718475341796889 0.060649557039141662 0.22424732148647311 0.46387615799903875 -0.31460855901241297 0.32167431712150579 0.30948847532272344 -0.071098752319812761 0.46417084336280828 0.046504169702529914 0.10261145979166032 -0.05132539011538028 0.14039039611816409 0.078957293182611479 -0.12926135957241056 -0.017600774765014645 -0.023412443697452542 -0.2001281529664993 0.029027074575424198 -0.2631880640983581 -0.022349069826304909 0.060613103210926063 0.27414903044700628 0.91819638013839733 -0.11486486345529555 -0.022242750041186806 0.19846732169389728 0.17471590638160708 -0.31526620686054224 -0.13588587939739225 0.36122232675552374 -0.19110493361949918 0.17358103394508365 0.22418217360973361 0.77273964881896984 0.75952196121215831 0.38751710951328283 0.051193863153457649 -0.024865939281880852 -0.72616946697235096
decision_type=2 2 2 2 2 2 2 2 2 2 2 2 2 2 2 2 2 2 2 2 2 2 2 2 2 2 2 2 2 2 2 2 2 2 2 2 2 2 2 2 2 2 2 2 2 2 2 2 2 2 2 2 2 2 2 2 2 2 2 2 2 2 2 2 2 2 2 2 2 2 2 2 2 2 2 2 2 2 2 2 2 2 2 2 2 2 2 2 2 2 2 2 2 2 2 2 2 2 2 2 2 2 2 2 2 2 2 2 2 2 2 2 2 2 2 2 2 2 2 2 2 2 2 2 2 2
left_child=2 27 5 7 39 9 48 12 25 10 30 26 66 69 18 16 17 60 33 21 22 118 121 -23 34 43 50 123 79 37 31 32 -1 36 -17 -36 -8 -18 63 40 94 56 -43 -6 -45 -22 -46 -16 113 -25 -10 52 -35 54 86 -30 -41 58 -49 87 -11 -62 -14 64 65 -24 -3 68 -68 -12 -71 116 73 -61 -74 76 -76 -78 -77 80 -4 82 -82 84 -15 -86 -28 -9 -89 91 -91 -29 -64 -75 95 -5 -97 -98 -31 -32 -101 102 -69 -103 105 -105 107 -104 109 -42 -44 -112 -83 114 -7 -94 -47 -33 119 -13 -121 122 -21 125 -125 -2
right_child=1 3 28 4 8 6 14 59 11 15 13 19 62 83 47 24 29 -19 -20 20 45 23 38 49 -26 -27 53 89 55 98 99 117 -34 51 35 -37 -38 -39 -40 41 108 42 110 44 46 71 -48 57 -50 -51 -52 -53 -54 -55 -56 -57 -58 -59 -60 72 61 -63 92 -65 -66 -67 67 101 -70 70 -72 -73 74 93 75 78 77 -79 -80 -81 81 112 -84 -85 85 -87 -88 88 -90 90 -92 -93 115 -95 -96 96 97 -99 -100 100 -102 103 106 104 -106 -107 -108 -109 -110 -111 111 -113 -114 -115 -116 -117 -118 -119 -120 120 -122 -123 -124 124 -126 -127
leaf_value=-0.010149697766981042 0.014418986485064445 0.0030373161603997239 -0.011981446904478761 0.0036780859891447949 -0.0032076814853222281 0.008564720807195985 -0.02108902828537082 -0.0036733766080533688 0.0059916673188606818 -1.4507271375309233e-05 0.0048296694677601214 -0.00028817036058587439 0.015957400043904637 0.0077923131469946564 0.012025276470960765 -0.0045902849402513577 -0.0068906545995188473 0.0015691635055752554 -3.1066038394524563e-06 0.036767143903635897 -0.0059123210917122896 -0.0016518748124045716 -0.0012003293814032685 -0.029857555047548657 0.0019155340556544032 0.00057316626976448425 0.0054169849635738428 0.0099643688950517353 -0.026270919041509341 -0.0078398230892617552 -0.010193586328301604 0.0070035297012563556 6.5778002796912813e-05 -0.0035499676425682879 -0.030734307851880562 -0.003947407170242047 -0.0063622133099066292 -0.019186895250922605 0.0085417964932881351 -7.5409450021902348e-05 0.0060846783664957891 0.022035270023888338 0.0039240240448977547 -0.0072350401992850302 -0.031848511867084657 0.011067836022749111 -0.0012125930478460137 0.0030442438440352313 -0.0068162185811717537 -0.0086756312604188805 0.017902064849681848 -0.0025376153502668546 -0.023115204895081783 -0.00039273489472118223 0.0094926349821503782 -0.0010757993592156326 0.0089202608473241841 0.0016523914021869467 -0.01344865070573395 0.0077353169821569529 -0.014078687633526212 -0.0053888080781493231 0.0021171332502500839 -0.00091121323534066028 0.014070851683179366 0.011926658868117264 -0.004400712770722159 0.0067711392805763371 -0.019665584879469913 0.030219854970532166 0.00056311176733017622 -0.003442046530611453 -0.00025825633286915824 0.0009448401262951826 -0.0049291048189546577 0.00066078060054349658 -0.01153153215639722 -0.045378499196220536 -0.010406850380391948 -0.0022636305294849043 -0.003346898421725471 -0.0048221593429480149 -0.021172590722760402 0.0029206061856595408 -0.0019685573518925508 -0.014687510595435866 -0.0019066176074713991 -0.00087173914340534365 0.013498662324849243 0.003468725944609894 0.026075464312197434 -0.0018512130546264292 0.0030459749967871002 -0.00922804606920497 0.0082148685822404487 -0.005800251849301578 0.0071411870439657063 -0.0010262588358300286 0.0064818595472314377 -0.0062090279377249097 0.0060454032463407182 0.0061346827743167381 0.00093736092412411429 1.7691722300940946e-05 -0.00035895766891676863 -0.014937072794241403 0.0086807104009648736 -0.012265777389910117 0.010950651275280734 -0.0058757126208218904 0.0069107068035564401 0.02107853463147635 -0.014210082735008376 0.011175341568032947 0.0017793000462538629 0.015963185712571003 -0.002418718813581423 -0.0010359439963956978 0.0013203691806864843 -0.02175790053296536 -0.0019263494316524034 0.004285760776734461 0.0042858609308926996 0.003215447841640203 0.012124738017611032 0.0031167612178661748
leaf_weight=477.47718616435304 74.610855694510974 442.4706099430332 723.92151775350794 1174.101987015456 600.31751492444891 407.37365788163152 101.60498955403455 1674.7767490193946 1173.3812754966784 219.88584390736651 253.796258848859 696.83242317452095 63.252238926943392 71.683299863710999 94.446092398138717 82.639159970916808 257.94397902523633 699.74413230991922 1382.3173665427603 26.7017427488463 492.19741509552114 195.4567784643732 256.57400119618978 49.32796814898029 58.391391505254433 771.80542659689672 424.13940542435739 927.11222560307942 74.949189681559801 88.307186219608411 713.70405476877932 256.20120396534912 299.65658968116622 101.32869857153855 118.51030999526847 55.694951044279151 321.81031671643723 265.95203144662082 502.31534181255847 412.09085737960413 988.71624177275226 126.2867592300754 361.52739434491377 288.66961483319756 40.699972794856876 149.56285641505383 23.603136332822032 99.883662462234497 69.418392632273026 116.08907648851164 98.41225251427386 1438.4563981429674 47.607988638104871 1076.438697203761 390.23462876025587 30.371360254124738 248.39744122733828 1511.9215153157711 118.75097931211349 123.58651562745217 304.56498277594801 615.67806214024313 1375.5844941782998 679.55682043067645 110.35488257289398 72.354846967034973 193.25840990745928 237.32480425923131 66.058524054125883 45.749252059147693 50.15500270400662 195.86324044200592 154.55263960757293 151.6251936716726 97.49595695734024 217.18860300106462 147.01435556809884 35.440998553531244 298.12006761040539 397.32643454417121 75.428573969285935 1537.7677877661772 98.957547621103004 564.51135296293069 489.75927313021384 107.65325956162997 400.01724451617338 251.42187289125286 61.660580072668381 45.538950363872573 73.960994511377066 84.633773794630542 152.63829697004985 300.96638078032993 236.2813942093635 384.75470718333963 210.55563957069535 560.15371099463664 74.870471312548034 258.83095915487502 80.610428054002114 69.645028298604302 198.52462173160166 84.627621777239256 278.19937165337615 184.38496846042108 54.599842130439356 106.51025280088652 534.35684479959309 62.419934467528947 340.72207301214803 120.32135534309782 115.05614662391599 321.00458847836126 636.72479558328632 101.47650490980595 70.030207056668587 336.77004756755196 1569.7818852014607 72.569421382155269 109.55929125740658 36.704893911723047 22.385150699410588 325.47427680145483 398.39066022634506 1611.420892568538
leaf_count=1159 221 759 1836 2212 1313 868 364 3314 2365 363 495 1106 184 185 284 129 527 1297 2554 225 934 374 569 283 128 1177 847 2093 372 190 1675 506 649 191 576 97 588 834 1067 754 1917 444 653 632 282 326 51 186 127 257 306 2898 219 1885 842 64 600 2726 327 279 845 1273 2613 1255 297 184 363 420 222 266 125 408 267 240 177 353 414 326 874 770 171 3340 400 1038 960 311 796 410 214 76 316 188 243 690 418 698 442 1031 181 599 173 174 398 127 482 508 161 255 1169 160 691 446 386 743 1263 286 116 635 3012 284 180 70 57 576 906 2975
internal_value=5.85932e-06 0.00200045 -0.00326108 0.00124691 0.00247992 -0.0021432 -2.42659e-05 -0.0016021 0.00102959 -0.00419271 -0.00225301 0.00188579 0.00111952 0.00188246 -0.00157624 -0.00688224 -0.00576426 -0.00372531 -0.00313452 0.000456365 0.00255939 -0.0015025 0.00514007 -0.00981449 -0.0147716 -0.0033893 0.00404184 0.0069763 -0.00814516 -0.0108988 -0.00495106 -0.00248836 -0.00630983 -0.0052576 -0.0184781 -0.0236935 -0.0108572 -0.0137121 0.00398971 0.0051597 0.00407755 0.00784488 0.0107075 -0.00654599 -0.0116362 -0.00228815 -0.0239457 0.00131783 0.00554689 -0.0180047 0.00723709 -0.00361841 -0.0121767 0.00220741 0.0044828 -0.0205233 0.00349079 0.000569185 -0.00629261 -0.00438899 -0.00694898 -0.00855919 0.00403603 0.00179991 0.00584248 0.00228643 -0.00147019 -0.00285958 -0.0096543 0.00936747 0.0179479 0.00206434 -0.00657947 -0.0027744 -0.00875459 -0.0103429 -0.0173764 -0.022667 -0.00590216 -0.00753703 -0.00832654 -0.00673692 -0.0148139 -0.000369594 -0.00316689 -0.00475876 0.00189828 -0.00264491 0.00269278 0.0104448 0.0194784 0.00894154 0.00333941 -0.00591479 0.00202858 0.00131805 -0.00109778 0.00134094 -0.001246 -0.00802033 -0.0030612 -0.00123999 0.00173148 -0.00408749 -0.00562117 -0.010559 -0.00178104 -0.00420064 0.00730721 0.00524442 0.00837991 0.0114874 -0.00567748 0.00629666 0.00456983 0.00915878 0.00688402 0.00255495 -0.000189392 -0.00285899 -0.0114608 0.0211128 0.0282276 0.00525816 0.00835961 0.0038216
internal_weight=43691.3 27136.2 16555.2 23595 16472.6 13501.4 6652.65 7122.41 10711.9 6848.74 4006.56 8986.84 3608.56 1583.31 5218.13 2842.18 2526.95 1839.87 3393.13 5424.22 2614.6 2809.62 1706.95 360.874 315.236 1725.1 3562.62 3541.14 3053.78 687.074 2423.25 1370.11 777.134 2010.81 256.844 174.205 423.415 523.896 1621.16 5760.69 4151.34 1609.35 948.858 953.29 352.973 907.654 64.3031 1825 1434.52 165.417 1271.79 1587.39 148.937 2290.83 1214.39 105.321 660.488 1730.56 218.635 3513.85 1140.13 920.243 1692.95 1118.84 439.284 328.929 1915.6 1473.13 259.317 349.701 95.9043 415.456 1525.99 576.178 949.813 795.26 279.951 182.455 515.309 2948.46 2551.13 1827.21 174.386 1233.61 669.096 597.413 824.157 1987.86 313.082 1131.25 119.5 1011.75 1629.7 452.592 2565.85 2329.57 1155.46 770.709 163.178 1053.15 339.441 1213.82 596.96 616.857 547.212 269.013 359.635 305.035 1585.49 1051.14 822.571 461.043 1652.82 1365.1 1044.1 254.115 219.593 592.971 2448.74 878.961 182.129 85.7918 49.0869 2409.9 723.865 1686.03
internal_count=91132 55239 35893 47888 33135 28554 13338 14753 21500 15216 8776 18045 7195 3380 10337 6440 5510 3778 6814 11004 5508 5496 3724 914 930 3455 7041 7351 7339 1732 5396 2949 1808 4260 802 673 952 1361 3372 11635 8047 3588 2234 2278 965 1784 333 3523 3001 540 2671 3308 410 4370 2485 436 1354 3239 513 7558 2481 2118 3326 2305 1050 753 3869 3110 585 886 391 850 3620 1209 2411 2144 917 740 1227 6903 6133 4297 571 2494 1456 1271 1643 3938 624 2673 392 2281 3142 930 4801 4383 2171 1473 371 2447 772 2525 1234 1291 1117 635 814 653 3246 2077 1790 1137 3726 2874 2131 529 442 1141 4582 1570 464 352 282 4678 1482 3196
is_linear=0
shrinkage=0.0200396


Tree=25
num_leaves=127
num_cat=0
split_feature=18 18 40 20 20 22 11 18 11 20 31 18 11 11 20 18 20 44 39 55 12 32 20 18 18 18 14 11 18 23 15 18 18 34 33 28 23 12 25 11 20 15 4 19 28 12 31 73 20 44 30 20 11 31 15 20 19 4 18 0 11 23 73 10 0 30 37 19 33 5 11 18 22 73 37 16 1 36 10 40 11 30 20 31 37 12 10 18 14 10 52 20 44 32 18 73 73 20 25 5 41 73 73 11 11 8 23 23 10 20 25 16 10 36 37 44 11 18 12 20 12 40 41 41 12 1
split_gain=669.468 107.262 157.359 112.882 97.9435 81.4624 80.4826 89.1899 77.4864 79.9699 114.49 74.8455 130.791 99.2745 73.4493 88.1371 70.3838 68.2741 60.5669 59.6265 105.078 57.9408 56.7694 53.901 52.658 45.3643 58.6056 48.6821 45.3015 56.6908 43.9224 45.2006 43.1827 43.1497 42.8866 51.4082 42.8448 41.9784 41.8526 41.8268 57.5945 49.2031 48.2829 69.9136 47.2147 43.9517 48.0718 43.3111 41.269 53.0539 41.0146 48.3518 56.7831 44.6623 40.7254 40.2655 40.1429 51.3518 39.5204 48.0354 42.2739 68.651 39.1224 38.6052 38.0711 73.2714 37.9986 37.4545 36.2764 35.9972 35.4607 35.4545 34.969 34.4606 36.3917 34.2529 33.7987 33.4611 32.9588 32.7265 32.7206 101.596 35.6047 48.1868 48.1739 32.3285 31.5049 56.4039 31.4788 36.1569 31.3901 30.8097 43.4108 37.3644 42.6437 46.1171 35.1642 33.3201 30.2679 29.7548 29.2272 35.0706 29.1991 28.84 28.8087 28.322 27.9435 28.6653 28.0677 36.399 27.9039 37.5147 27.8804 27.8608 27.4773 27.2243 39.2799 27.1068 46.4643 54.7776 37.2531 38.4625 30.9022 27.754 28.5985 40.7946
threshold=-0.0088650900870561582 -0.31688533723354334 0.18435251712799075 -0.04606433026492595 0.05776606127619744 0.18587074428796771 0.15703525394201281 0.060649557039141662 -0.40657964348793024 -0.30154511332511896 -0.17436068505048749 0.13059716671705249 -0.13504499942064283 0.11759234219789506 -0.073807220906019197 -0.078981548547744737 0.25244268774986273 0.042369695380330093 -0.11005975678563117 0.40793678164482122 -0.23910550773143766 -0.50349673628807057 -0.10356595739722251 -0.19163300096988675 -0.077365890145301805 -0.66585803031921376 1.3325825929641726 -0.54648160934448231 -0.12382006645202635 -0.043264649808406823 0.95205003023147594 0.30853129923343664 -0.026456313207745549 1.0000000180025095e-35 0.50672253966331493 -0.41550283133983607 0.044825183227658279 -0.036123853176832192 0.056277245283126838 -0.31922569870948786 -0.21477843821048734 0.14747896045446399 -0.32087123394012446 -0.18153864145278928 -0.044657342135906213 -0.1370412856340408 0.08906277641654016 -0.43283645808696741 -0.12569123506546018 0.10617864876985551 -0.2046527415513992 -0.062269033864140504 0.014997141901403667 -0.091898683458566652 -0.1026947721838951 0.34612624347209936 0.32117918133735662 -0.19485294818878171 0.23151253163814547 -0.25426135957241053 0.41594511270523077 0.047301443293690688 0.10297302156686784 -0.19656045734882352 -0.066761363297700868 -0.025152223184704777 0.30702671408653265 -0.19582352787256238 0.5702272653579713 1.0000000180025095e-35 0.1860049590468407 -0.56856420636177052 -0.13006281852722165 0.13763380795717242 0.024243298918008808 0.27500922977924352 0.11505682021379472 0.40909090638160711 0.066420949995517745 -0.0098920864984393102 -0.2001281529664993 -0.12427775934338568 -0.03199398145079612 0.024735550396144394 -0.006617185426875948 0.26318806409835821 0.0075805236119776973 0.2113834619522095 0.039789788424968726 -0.2075231000781059 0.10565308108925821 -0.079555746167898164 -0.039061227813363068 -0.44320866465568537 0.23151253163814547 0.22315240651369098 0.12811435759067538 0.043256416916847236 -0.095068741589784608 -1.0000000180025095e-35 0.47528035938739782 0.050764715299010284 0.070983849465847029 -0.078512772917747484 0.021644558757543567 -0.056878797709941857 -0.021517419256269928 0.096092164516448988 0.22785513103008273 0.25924007594585424 0.16815800219774249 0.21372038125991824 -0.081525299698114381 0.49300698935985571 -0.29650714993476862 0.15500420331954959 0.077320214360952391 0.079461183398962035 -0.13474770635366437 0.13367953896522525 0.054472478106617934 -0.10881294682621954 0.4321597963571549 0.14782557636499408 -0.06479357928037642 -0.021306818351149556
decision_type=2 2 2 2 2 2 2 2 2 2 2 2 2 2 2 2 2 2 2 2 2 2 2 2 2 2 2 2 2 2 2 2 2 2 2 2 2 2 2 2 2 2 2 2 2 2 2 2 2 2 2 2 2 2 2 2 2 2 2 2 2 2 2 2 2 2 2 2 2 2 2 2 2 2 2 2 2 2 2 2 2 2 2 2 2 2 2 2 2 2 2 2 2 2 2 2 2 2 2 2 2 2 2 2 2 2 2 2 2 2 2 2 2 2 2 2 2 2 2 2 2 2 2 2 2 2
left_child=1 8 3 24 6 28 7 50 22 71 113 12 64 66 15 114 70 56 -16 20 -12 -22 25 112 39 26 -1 34 80 67 31 37 63 73 35 -27 48 38 -15 -3 41 45 44 79 47 46 -41 -42 49 -9 -2 53 69 77 -24 78 105 -58 -19 -60 61 85 -55 -7 72 106 86 -30 -68 -53 117 -10 -6 -26 -75 -33 -72 -52 -39 -44 -5 -82 -83 84 103 -61 87 102 89 99 -23 92 -50 104 96 -96 97 -95 -69 -38 101 -54 -13 -84 -93 -8 108 -108 109 -66 -43 -112 -20 -11 -4 116 -100 122 119 -119 121 -120 123 124 125 -14
right_child=4 2 14 5 11 32 17 36 9 10 19 13 16 30 18 -17 -18 58 23 -21 21 90 54 -25 33 27 -28 -29 29 -31 -32 75 -34 -35 -36 -37 88 55 -40 40 42 110 43 -45 -46 -47 -48 -49 91 -51 51 52 100 62 -56 -57 57 -59 59 60 -62 -63 -64 -65 65 -67 68 98 -70 -71 76 -73 -74 74 -76 -77 -78 -79 -80 -81 81 82 83 -85 -86 -87 -88 -89 -90 -91 -92 93 -94 94 95 -97 -98 -99 115 -101 -102 -103 -104 -105 -106 -107 107 -109 -110 -111 111 -113 -114 -115 -116 -117 -118 118 120 -121 -122 -123 -124 -125 -126 -127
leaf_value=-0.0093753872506315613 0.012056616926064008 0.0073023300933576568 0.010242497006162976 -0.0034915045987700764 -0.004753889523404102 -0.03243701975192672 0.0087372721887806516 0.021754493974710964 -0.01035497064393714 -0.0052257883064210815 -0.0077434358836417595 0.0082379634806819101 -0.013341566763860993 0.010973360379894053 0.0020169443097073354 0.020639874620705354 -0.016608552714518252 -0.00096715587108172035 0.00099941188047347231 -0.00041275584954547873 -0.0070796408254155977 -0.049707909978934157 -0.0040169713078451073 -0.0016182433110711371 0.0015770292682531677 7.1745292835380861e-05 0.0031905526783259559 -0.0011111004519473032 -0.014158028632814854 -0.00080808977279952544 -0.0095307039574770384 0.0051530216282864088 -0.0048434051180676887 0.0065688987476432538 2.3634281197485386e-05 0.020982153056260108 0.0048200560890170581 -0.0042868268151503739 -0.00034646999080981171 0.0019537131759300693 -0.0047685255170177732 -0.012137531516648524 -0.029142934675591207 -0.00204772030421236 -0.0055613870554956065 0.0059569034623939169 -0.011420087073341301 -0.029268226911120489 -0.010339278590029142 0.0058891357830443639 0.0038865145673490724 0.0038404181164026531 -0.0051109928137970757 0.014154190756086515 -0.013991358010317784 -0.013861823637344648 0.028098439004848427 0.0029222008149987792 -0.0042032384583822607 -0.0061825301213554026 0.0027284259661918128 0.026345990551390169 0.0023363179902819746 -0.012316483682103191 0.037366272535328642 -0.0017010807814088515 0.0031217825780329813 -0.00015901107342343072 -0.008557578240998797 -0.0047715957018053127 -0.020497655188950518 -0.0031551275529860287 0.0039691984976502051 0.0065770552857356375 -0.0061263447977028115 -0.00069652427311854017 -0.0030265593073799807 -0.0073210146232605524 0.006340640994578671 -0.0061251661257564352 -0.030334905614850402 -0.0018831094565882069 -0.0075417946009233502 -0.02716639968728474 0.00045315765426123751 0.010581387759820499 0.0039816330161032386 0.014907107624188098 0.020880065280014477 0.0064722923114855458 -0.0079247521556652639 0.0053004066277238622 0.0031605587472515362 0.011002284752532348 0.034576796825005557 0.0030637936959509262 0.0016271451819119228 0.00058479375089340487 -0.0063926240336938511 0.025778299525148509 -0.0014665903649815819 -0.023181158718602029 -0.00015681598283032153 -0.025033454793558729 -0.0034520354613469689 0.0026634973849076903 0.0016162519159445552 0.012114938779688085 0.0019823597238263109 0.0063909106278149594 0.0068501394368321042 -0.0050258212118955616 -0.014341900239515594 -0.017754317159507711 0.0020489455544324743 -0.00047004153521713822 -0.020760468877098787 0.008859829067742294 -2.2309168924905747e-05 -0.0027117236879719833 0.00297908954841257 -0.013134812921522462 0.0042009939500661213 -0.015650218608833571 0.0015168770652536662 -0.0033744286922817177
leaf_weight=364.73458851373289 132.27382533438504 130.64842049626168 170.71692357142456 535.6692528425483 291.42001591122244 43.760950595838949 373.78989932127297 121.62159980519209 356.56173624901567 514.61229505238589 90.343958690296859 371.67293094121851 187.26241119438782 127.51983305776957 1766.5929563243408 104.76078478794079 130.38347769866232 2822.5958065824816 53.592736677383073 39.433388906065375 31.442392329219729 75.19784218003042 670.89449129323475 1364.4185591901187 1286.8232681187801 69.984129845979623 223.41277591313701 600.2586557691684 181.40029838471673 1853.751065041055 158.58883972850163 1027.1732699878048 208.0415055413032 433.83645119378343 152.27298717387021 116.39012692205142 59.43065132224001 702.91895219578873 912.25734634383116 311.80844141019043 56.582829035585746 138.58120833558496 36.00238032604102 920.86422405892517 202.60142467694823 512.86978148738854 134.8574589935597 77.150475328904577 89.83639957534615 271.89784620213322 312.9875754644163 752.90757968556136 142.19180705526378 252.40611726231873 211.21079900627956 132.26914129953366 42.069496236625127 76.799142186413519 211.91068821481895 59.101110562100075 490.48822713783011 72.355815605027601 210.93636876367964 268.2252999462653 27.365906661259942 268.36489047552459 304.17831716977526 413.8387748877285 132.83683546853717 235.79171659832355 61.271568893454969 1149.9950427241856 417.75883997930214 86.288504536030814 521.68805602111388 636.82022049790248 115.2538111662725 131.32856742944568 115.77373645268381 72.474742261343636 67.139958226121962 307.1264223663602 169.9181670693215 42.905361264478415 168.8317239623284 81.049296677578241 1860.3001713867998 340.09687061270233 107.92097151500639 592.76587405416649 18.947061120648868 341.14621672476642 539.9071044549346 664.14418008213397 26.35732342931442 38.049658574978821 380.75268711335957 154.91071117680985 599.37231455300935 65.516593260457739 213.97010685806163 53.756355864927173 279.98981686029583 44.881820561131462 233.26492164272349 1598.2706186822616 188.94993060012348 240.57109484565444 31.539297890849411 39.317473797360435 111.79998517513741 476.93554483831394 205.04944161360618 69.028865566011518 1211.3665287715849 219.21294108685106 74.213829749613069 353.87358626036439 151.57003103499301 271.63653961580712 183.71090155735146 192.460576439742 156.45014324248768 64.85860904562287 296.59621955140028 902.54994650126901
leaf_count=883 310 272 359 1035 522 300 786 414 963 1009 176 730 557 346 3212 373 433 5436 142 84 139 651 1315 2510 2379 112 487 1193 462 3395 384 2132 360 897 246 408 177 1226 1651 547 106 390 234 1838 415 1062 330 397 228 660 542 1329 280 654 598 372 253 113 412 118 786 324 344 668 215 444 491 838 295 438 251 2409 929 192 1173 1261 189 302 221 141 352 600 319 238 357 216 3698 990 360 1189 72 630 914 1408 208 103 584 236 1281 294 335 237 506 269 419 2682 358 562 69 95 303 920 533 248 2451 441 278 700 253 584 399 525 369 229 510 1742
internal_value=-2.75747e-05 -0.00269115 -0.0018813 -0.00323789 0.00226528 -0.00535044 0.00353904 0.005141 -0.00532127 -0.007904 -0.0128201 0.00095576 -0.00103887 0.00224062 0.00109727 0.00477237 -0.00340667 0.00183957 -0.000533847 -0.0235319 -0.0272992 -0.0378387 -0.00275021 -0.00330572 -0.00122932 -0.000379608 -0.00464161 0.00233062 -0.00446499 -0.00317391 3.35268e-05 0.000511579 -0.012748 0.00105161 0.00813019 0.0139903 0.00710122 -0.0015149 0.00125105 -0.00289624 -0.00339127 -0.000883003 -0.00641379 -0.00407411 -0.0128003 0.00207245 -0.00243865 -0.0212141 0.00584471 0.011778 0.00213316 0.00143888 -0.000896107 0.00497731 -0.00672276 -0.00450696 0.00471644 0.0150738 0.000207332 0.00377162 0.00625521 0.0132522 0.00916637 -0.0172853 0.00375678 0.00669803 0.00477794 -0.00605466 -0.000666196 0.00170845 -0.00268621 -0.00500256 0.00033409 -0.00027304 -0.00411568 0.00292908 -0.0108454 0.00034729 -0.00262992 -0.0176687 -0.00757255 -0.0101128 -0.00734105 -0.0109401 -0.0076003 0.00359077 0.00561549 0.00850448 0.0111577 0.0090543 -0.0445928 0.00478972 0.000904772 0.00608678 0.0079888 0.0218149 0.00682078 0.00911009 -0.00468672 0.0182028 -0.00694774 -0.0120944 0.00473954 -0.0133838 0.0017355 0.00391184 0.0108825 0.00784735 0.0199323 0.0256704 -0.0047352 -0.00256972 -0.0112758 -0.00737585 0.00322779 -0.00671639 -0.0086537 -0.00207086 0.000266494 0.00390021 -0.00400201 -0.00771897 -0.00373303 -0.00465245 -0.00387004 -0.00534776
internal_weight=43971.4 20341.3 15586.6 10710.1 23630.1 5198.29 11954.5 6126.07 4754.72 2345.56 839.006 11675.6 4573.17 7102.4 4876.5 1486.84 3067.88 5828.43 3389.65 255.365 215.931 125.587 2409.16 1623.06 5511.81 1527.05 588.147 938.906 4678.26 3341.79 3813.32 3654.73 520.028 2328.64 338.647 186.374 3687.52 1990.74 1039.78 3183.18 3052.53 1686.85 1365.68 1029.34 336.335 959.536 446.666 133.733 2861.89 393.519 2438.55 2306.28 1398.62 907.659 882.105 950.962 2090.93 118.869 3737.5 914.905 702.994 212.506 463.342 311.986 1505.29 796.109 3289.07 1488.04 437.015 988.699 2937.49 1506.56 709.179 1894.8 607.977 1663.99 176.525 444.316 818.693 108.477 1336.47 800.803 733.663 426.537 383.632 140.15 2852.06 991.76 825.634 717.713 94.1449 2468.37 629.744 1838.63 1264.21 64.407 1199.81 819.055 1306.64 124.947 409.918 195.948 651.663 214.8 574.411 1972.06 527.744 429.521 98.2227 66.6834 727.317 588.736 258.642 583.641 1382.08 892.799 673.586 2760.97 1153.25 625.51 527.742 344.031 1607.72 1451.27 1386.41 1089.81
internal_count=91321 43362 32369 22789 47959 11193 23721 12595 10993 5751 2379 24238 9935 14303 9580 3183 6741 11126 6397 1122 1038 862 5242 3185 11596 3329 1370 1959 9865 6695 7593 7209 1328 4641 766 520 7824 3816 1997 6955 6683 3552 3131 2213 918 1939 877 503 5804 1074 4771 4461 2619 1842 1913 1819 3834 366 7292 1856 1444 658 998 968 3194 1743 6710 3300 786 1767 6308 3372 1451 3744 1365 3393 440 844 1447 375 3170 2135 1783 1183 945 334 5924 2226 2020 1660 723 4730 1142 3588 2539 311 2228 1644 2838 471 852 517 1236 588 1049 3468 1299 920 379 310 1613 1223 675 1257 2810 2000 1559 5868 2461 1284 1177 778 3407 3038 2809 2299
is_linear=0
shrinkage=0.0200396


Tree=26
num_leaves=127
num_cat=0
split_feature=18 21 21 18 18 21 21 21 18 18 21 18 21 21 18 18 31 57 42 29 18 36 17 21 12 35 21 11 18 73 10 42 18 33 18 18 29 32 19 80 21 18 5 37 0 22 33 1 3 18 21 37 5 24 9 28 9 37 16 18 20 26 39 21 10 15 80 21 10 12 19 31 14 9 18 21 31 18 26 44 80 10 23 73 11 20 31 37 44 12 19 12 35 5 18 20 3 33 19 24 23 34 21 11 20 4 10 4 23 29 29 20 55 26 38 14 39 38 21 19 20 24 10 23 28 5
split_gain=645.244 245.176 227.273 221.085 158.912 138.383 134.054 110.183 99.1045 92.7777 89.5394 86.0034 76.2901 68.1018 73.7367 65.0345 91.4458 104.386 59.9016 57.5343 56.3844 54.4513 50.9828 50.1419 48.8716 83.7939 44.3474 45.8916 44.1395 43.6429 43.3185 41.5857 41.1768 40.0068 38.5131 37.5239 50.1261 45.2705 41.5928 37.1121 37.0719 50.357 36.3267 84.29 39.6834 36.4951 38.6892 50.4858 40.331 36.0358 35.8551 43.9612 71.6006 39.3009 34.9611 33.8968 33.5647 33.1778 55.2498 32.8116 31.8046 31.3309 32.6296 51.2547 31.6602 30.9102 30.762 31.8325 35.9936 33.9575 32.3184 30.0629 35.4683 35.5475 29.6004 28.8431 34.4461 28.4311 37.1332 28.4257 28.1199 28.0674 27.8882 46.207 50.299 60.3956 41.4329 32.8112 27.3348 27.314 30.2429 27.3035 27.3011 27.1221 26.9622 38.5975 40.6276 26.9345 26.896 26.8307 26.3581 25.8172 25.7879 25.6773 40.9614 34.6922 33.9517 41.9077 29.537 45.4498 26.5911 25.7234 28.4294 25.6435 25.6107 25.5772 28.3942 25.6308 25.5728 25.2234 25.1062 25.0076 35.7239 34.2388 24.8087 24.6014
threshold=-0.04432928375899791 -0.036882616579532616 -0.078576009720563875 0.071790568530559554 -0.25816884636878962 -0.21391917765140531 0.12989095598459247 0.054842848330736167 0.17358103394508365 -0.11247460171580313 -0.3871071189641952 -0.5655512511730193 0.23893521726131442 0.35118664801120764 0.31566222012043005 -0.20809268206357953 -0.17436068505048749 0.19510744512081149 -0.40533159673213953 0.047706913203001029 0.014503159094601871 -0.066433567553758607 -0.24302459508180616 0.48717127740383154 -0.0086009171791374666 -0.040729582309722893 0.013790891505777838 -0.25289149582386011 0.036714788526296623 -0.90102705359458912 -0.068054147064685808 0.36717376112937933 -0.33050926029682154 -0.30927447974681849 0.30465058982372289 0.15369051694869998 0.074718493968248381 -0.42099140584468836 -0.22879149019718167 -0.054247675463557236 0.57889673113822948 0.53065726161003124 0.37500000000000006 -0.060884736478328698 0.27982954680919653 0.087053406983613982 -0.16665875911712644 0.33948864042758947 -0.23148630559444425 0.43864586949348455 -0.52309173345565785 -0.11177759990096091 0.37500000000000006 0.48012833297252661 0.54365184903144848 -0.31501206755638117 -0.38814932107925409 0.034117799252271659 0.32349844276905065 -0.52575635910034169 -0.35758264362812037 0.077597562223672881 0.057072600349783904 0.23893521726131442 0.030434984713792804 0.34823565185070043 -0.15685087442398069 -0.0837075039744377 0.24362587928771975 0.25286698341369634 -0.14835732430219647 -0.27814668416976923 0.39414414763450628 -0.63805556297302235 -0.017600774765014645 0.024053880013525489 0.22610582411289218 -0.022349069826304909 0.34805467724800115 0.080540027469396605 0.03793009743094445 -0.13003973662853238 0.018536146730184559 0.052640372887253768 -0.27655239403247828 -0.084686670452356325 0.18558493256568911 -0.27037781476974482 1.0000000180025095e-35 -0.16915138065814969 0.086384829133749022 -0.049885321408510201 0.26939418911933904 -0.37499999999999994 -0.090132698416709886 1.0000000180025095e-35 0.33241093158721929 0.50672253966331493 0.32694143056869512 -0.043449783697724335 0.047301443293690688 0.15621676295995715 0.11449646949768068 0.069914728403091445 0.059085326269268997 -0.32718469202518458 0.012703002896159889 -0.30799929797649378 0.22759103029966357 -0.17811454087495801 0.17166053503751758 0.19587989896535876 0.28876094520092016 0.067792594432830824 -0.020334928296506401 -0.10885886102914809 0.49631257355213171 0.017942583188414577 -0.58402821421623219 -0.018455068580806252 -0.21477843821048734 0.006132180569693447 0.44757153093814855 0.026735966093838218 -0.016165135428309437 -1.0000000180025095e-35
decision_type=2 2 2 2 2 2 2 2 2 2 2 2 2 2 2 2 2 2 2 2 2 2 2 2 2 2 2 2 2 2 2 2 2 2 2 2 2 2 2 2 2 2 2 2 2 2 2 2 2 2 2 2 2 2 2 2 2 2 2 2 2 2 2 2 2 2 2 2 2 2 2 2 2 2 2 2 2 2 2 2 2 2 2 2 2 2 2 2 2 2 2 2 2 2 2 2 2 2 2 2 2 2 2 2 2 2 2 2 2 2 2 2 2 2 2 2 2 2 2 2 2 2 2 2 2 2
left_child=2 28 4 7 10 31 35 20 12 22 11 29 21 18 23 16 59 -18 34 32 103 114 -7 55 39 -26 30 -28 66 -1 94 79 42 -34 61 36 -5 -37 -39 -14 49 -42 44 60 45 46 47 56 -48 65 51 52 53 -13 -25 -15 -12 -43 -59 -4 -44 -10 64 -64 89 -16 93 68 69 -68 -69 120 124 -74 -72 76 -22 78 -70 121 102 -35 98 84 -84 87 -87 -86 -29 -63 -91 -21 -9 -2 95 96 -17 -50 -24 -27 -51 -23 -40 104 105 108 107 -105 109 -3 -107 112 -106 -36 -8 -96 117 -117 -54 -94 -30 122 123 -6 -73 -52
right_child=1 3 15 6 5 9 8 92 13 -11 19 50 24 14 40 26 17 -19 -20 91 75 101 82 54 25 99 27 88 71 -31 -32 -33 33 81 113 37 -38 38 80 -41 41 57 43 -45 -46 -47 48 -49 97 100 125 -53 118 -55 -56 -57 -58 58 -60 -61 -62 62 63 -65 -66 -67 67 70 77 -71 74 72 73 -75 -76 -77 -78 -79 -80 -81 -82 -83 83 -85 85 86 -88 -89 -90 90 -92 -93 119 -95 115 -97 -98 -99 -100 -101 -102 -103 -104 106 111 110 -108 -109 -110 -111 -112 -113 -114 -115 -116 116 -118 -119 -120 -121 -122 -123 -124 -125 -126 -127
leaf_value=0.0044295719730564733 0.0026269986863636219 0.00049317179973945352 -0.0030472740047418081 0.0017962952554786301 0.018639728712170404 0.0056404924195634894 -0.011053891697959685 -0.0048493692288604619 0.0087823285412412366 0.0018852112300194728 -0.005569748457648788 0.022202533630466061 -0.0096636086603166839 0.0044652636307040148 0.0040660592368729973 -0.011613141136993825 -0.051825305526508797 -0.0066463275780458044 0.0085569268373386267 -0.028401698601996237 0.0014880858539073989 0.001505169207135689 -0.0034420489038518597 -0.026823140273739134 -0.0061815503970170929 -0.0076367488943254597 0.0060775757164938729 -0.016790002191698784 0.0090935417908493722 -0.0070576192625227078 -0.0024738426513032253 0.0012327754242339195 0.0094588618234878064 0.0063724113249108488 -0.0026027486262539703 0.0029481337296590926 0.0063265563912525283 0.00053226841952284931 0.023170556579944681 0.003069265685107138 -0.0055172769386382346 -0.00086743496051696809 -0.0053442451137743971 -0.0058389457931556244 -0.021272894622972421 0.0030101814138742706 -0.015852741869867442 -0.0039574928758005067 0.0018102317808886268 0.0052219860105421336 0.0016197297591119949 -0.0039300474317229316 0.0050212881403160865 0.0023460971782714368 -0.0015288788361132179 -0.0045775940041593065 -0.033014865124632656 0.016740240938311793 -0.0012187530896840368 -0.015244164823196132 -0.046904254654712832 0.0024138037885454143 0.0077272673492163853 -0.00016943343822249291 0.0020833503409098944 -0.0043335828193897764 0.0068891849979877138 -0.0022227719506123268 0.012820649292767163 0.019894253986878278 0.0096109669026248675 0.0063585551388245032 0.0075774282192096068 0.026348128017390296 0.0013560444021528261 -0.00057702617607595635 0.0083631323325979116 -0.0012185123307389524 -0.0028572306704321422 0.0028353886504012384 0.0086708676562040343 -0.0054020047847229708 -0.0014210856014605091 0.00016474712168079744 -4.5865015403561539e-05 -0.012914501630357679 -0.034881093426433925 -0.01100636450121052 -0.0083265499845332526 -0.0045787575660239692 -0.018717696266175317 -0.0094003514368035581 -0.0038232261661623767 0.018308991623236327 -0.013471489613131578 -0.02153548041345513 0.00067195150674199402 -0.0066658487937750572 0.0076238438736687146 -0.036413093026778164 0.015683124992012142 -0.0093362587860667361 0.0078290914461494679 -0.025578689481892392 -0.0094995160349844038 0.0012293838703420492 -0.00019500715559674539 -0.0050869774146477791 0.0010405056220622107 0.023757216766998511 -0.0065084527730796616 0.0042583241832602403 0.0030041482349093839 0.0094946193336049294 -0.0020639669147227689 -0.0037571380599403306 -0.0075897547143479625 0.0060301401572235291 -0.0047388579048240559 -0.020698812187507395 -0.0021714791501328654 0.0046601679006261273 0.00055773485590756699 0.0024875605047721379 0.013869640050489764 -0.0045931545921231998
leaf_weight=130.64631418290082 85.217112452839501 63.16891751147341 212.38393376604654 2396.9013362197438 241.48427427862771 179.28887967404444 207.89402297546621 2201.0459564547054 195.04040264035575 1660.4759296561824 39.894515577587299 116.95644286368042 124.86535339476541 188.91112991399132 421.3362213835353 301.67924285470508 27.583953342982568 48.120027539203875 911.28882395371329 52.072132300469093 833.08578679617494 2149.4374766915571 1216.9115421380848 39.264260354684666 277.66062828106806 36.290859419852495 55.432272261357866 219.45396078040358 111.94697616144549 1204.1947217205307 1643.3861168000149 1161.8602325831307 72.868875873275101 69.206245706765912 70.461134464945644 622.47529537999071 1678.8744877467398 160.80527381540742 135.70075953623746 214.22143446758855 465.12268421822228 352.4222246579593 17.373900337028317 112.45712064742111 51.53850436094217 147.12237541296054 83.450493060518056 108.25519545795396 292.70040309627075 658.83763520349748 454.84472956426907 197.81812701979652 285.60415079339873 65.146521876449697 38.542929990682751 753.88762992317788 46.92284922930412 121.47265841194894 121.29002943378873 152.28776646684855 18.692964735091664 106.23695185640827 484.74157801573165 925.71412193682045 333.89207659289241 265.08563287882134 800.42219299590215 502.91026663978118 143.85111076710746 77.996151972911321 243.94403258885723 817.99428552633617 108.6054670464946 88.597333601792343 533.20940639311448 955.00059976545162 441.62612214009278 382.34726538415998 80.477742693736218 570.67059944395442 577.58017525891773 697.24138129269704 265.52036181511357 277.64113293844275 183.70838664541952 212.05976519116666 42.127055920078419 252.42501694418024 858.60671596461907 258.73498867626768 67.719439482665621 120.66106942121405 81.019920501043089 98.540504971286282 92.101987747941166 92.948102639988065 154.66715098940767 265.12607673404273 70.77149705553893 43.811612090212293 104.14942048897501 66.606717445654795 112.75526311225258 46.530106860795058 401.53435272804927 475.75154534506146 148.48324439965654 131.77838041947689 198.36793271591887 51.359370309743099 253.06854713149369 69.801140051684342 73.665189606952481 415.9383137965342 318.42580368358176 221.9271379224956 284.35180447262246 165.10682254540734 140.88976052729413 68.797839546459727 169.16880237613805 374.14138345222455 86.23092458024621 76.8216537903063 252.66136727004778 528.08563791261986
leaf_count=342 145 137 397 4386 717 359 506 4797 408 3174 74 421 264 378 660 728 383 116 2245 285 1650 3867 2315 237 522 85 138 797 223 2737 3045 2003 185 150 134 1251 3363 264 476 366 885 662 32 274 236 278 255 179 585 1271 959 406 584 100 58 1371 286 368 211 518 240 165 977 1591 571 471 1503 842 328 278 463 1649 219 393 914 1700 905 687 139 1166 1314 1296 509 564 275 515 282 623 1951 443 298 262 168 340 282 350 333 506 146 316 286 151 211 229 839 896 305 232 302 235 501 140 128 912 607 415 535 368 281 279 397 740 115 185 679 1044
internal_value=-1.07437e-05 0.00188077 -0.00311078 0.00103772 -0.00167922 0.000333717 0.00227476 -0.00208619 0.000952269 -0.00182029 -0.00427112 -0.00206191 -0.001842 0.0022718 0.00026413 -0.00693251 -0.0141694 -0.0316168 0.004136 -0.00735455 -0.000110998 -0.000311317 -0.00409966 -0.00421305 -0.00764082 -0.0125748 -0.00607279 -0.00945489 0.00614588 -0.00586317 -0.00470681 0.00406027 -0.00624779 -0.00272628 0.00266372 0.00475681 0.00369103 0.00735675 0.0099945 -0.00193228 0.00211148 -0.000721074 -0.00863354 -0.0175081 -0.00698224 -0.00572801 -0.00732155 -0.0147227 -0.00460487 0.00416947 0.000808929 0.0038856 0.006501 0.0162 -0.0175769 -0.00268717 -0.0243428 0.00307754 0.00841147 -0.008796 -0.0368904 0.00156619 0.000824845 0.00262124 -0.0024465 0.000772365 0.004635 0.00402729 0.00600604 0.00855669 0.00165589 0.00890283 0.0102085 0.0179709 0.00416926 0.00204206 0.00398763 0.00211568 0.0073963 0.00642538 0.0117641 -0.00415597 -0.00484508 -0.00698909 -0.00903431 -0.0118078 -0.0192822 -0.00665526 -0.0103864 -0.00589547 -0.00862378 -0.017915 -0.00552735 0.0121934 -0.00739984 -0.010779 -0.00760034 -0.00231154 -0.00269409 -0.0281036 0.00709848 0.00107506 0.0175255 -0.00261868 -0.00150173 0.000832872 -0.00753972 -0.012879 0.00616236 0.0132628 -0.0015654 -0.00582655 -0.00747697 0.00766715 -0.00595431 -0.00470412 -0.00305756 0.000498775 0.00169516 -0.0133821 0.00265552 0.00888347 0.0122923 0.0151996 0.00840651 -0.00173651
internal_weight=44138.3 27416.4 16721.9 22918.5 12191.9 6872.14 16424.4 6494.08 10739.3 4360.93 5319.77 3124.19 3439.21 7300.09 3530.32 4530.04 440.376 75.704 3769.77 2195.58 4143.22 2742.36 2700.45 1020.61 696.85 357.763 4089.66 1133.49 4497.89 1334.84 2956.17 2511.21 2022.85 839.317 2858.48 5685.09 4075.78 1609.32 986.841 339.087 2509.72 1060.31 1183.53 148.524 1035.01 983.472 836.35 195.073 641.277 1449.41 1789.35 806.415 608.597 182.103 77.8072 942.799 86.8174 595.185 242.763 364.672 36.0669 2372.08 2177.04 1410.46 766.583 686.422 2948.92 2765.16 1485.09 878.418 1280.06 1548.97 1267.86 197.203 777.153 2229.71 1274.71 606.676 224.329 1349.35 826.036 766.448 2521.16 1233.48 955.841 690.32 254.187 436.133 1078.06 432.691 326.454 172.733 2350.86 183.758 1312.78 549.294 456.346 557.826 1287.68 80.1025 762.987 2216.04 248.456 1913.51 1586.72 1041.72 326.792 178.308 312.896 114.528 728.82 545.001 475.2 486.399 526.32 763.488 671.386 387.034 426.494 149.818 281.116 778.678 404.537 318.306 1070.66 982.93
internal_count=91234 55193 36041 45994 25685 13688 32551 13443 21286 8762 11997 6874 6684 14602 6858 10356 1414 499 7744 5123 8199 5131 5588 2044 1553 923 8942 2886 9199 3079 6056 4926 4576 1631 5499 11265 7749 3516 2265 630 4814 2126 2945 546 2399 2163 1885 539 1346 2688 3795 1792 1386 521 295 1749 360 1241 579 915 272 4453 4045 2568 1477 1131 5639 5154 2935 1781 2219 3560 2940 612 1377 4255 2555 1154 467 2923 2001 1446 5229 2768 2204 1695 797 898 2748 906 741 547 5244 485 3011 1411 1061 1091 2461 401 1557 4018 687 3944 3178 2071 766 461 674 372 1397 1107 967 1046 1113 1600 1318 783 865 447 620 1757 1017 902 2328 2003
is_linear=0
shrinkage=0.0200396


Tree=27
num_leaves=127
num_cat=0
split_feature=18 21 21 18 18 21 21 21 18 21 18 18 18 11 23 18 21 12 35 21 23 17 10 12 2 19 21 18 18 18 39 15 21 24 2 21 18 21 23 35 28 18 17 32 33 80 19 5 18 80 1 35 21 38 18 38 18 3 21 10 19 16 13 19 12 20 18 32 29 11 5 24 30 20 34 80 21 10 18 24 20 35 28 35 12 12 19 18 40 24 12 19 12 19 4 21 10 37 21 18 24 21 13 21 39 34 43 11 18 3 10 12 4 15 31 36 31 5 10 10 28 36 23 20 11 33
split_gain=636.915 221.225 218.365 194.779 153.019 131.911 107.305 101.088 84.9002 73.2883 102.198 65.6955 60.7495 58.7796 56.224 54.7559 53.8393 57.3538 77.8977 53.0974 52.904 46.5298 44.8184 44.5495 61.0914 43.9334 43.4087 43.2107 43.0411 41.2121 53.4495 47.7539 42.0936 40.7081 39.7605 39.2018 55.3346 45.066 37.9277 41.2766 36.7223 36.476 46.3126 42.2814 43.2169 37.9828 36.1151 35.6511 34.7238 34.4968 33.8565 51.8441 33.3081 32.9123 53.7139 67.5296 32.667 52.2708 32.3944 36.1357 42.707 35.5543 32.1335 31.4501 30.9538 30.7917 30.5624 30.5474 30.3042 30.1694 30.1185 31.82 29.8412 39.2399 29.8376 29.6933 29.4717 38.9879 30.1969 29.4232 29.2535 29.2386 28.8583 28.8087 28.6775 28.6286 28.1307 32.7898 28.0828 27.7874 27.2992 48.5211 73.7854 37.3472 37.7274 32.2361 29.6763 47.7773 29.6636 27.0602 26.8055 29.0793 26.8117 26.7369 26.6558 32.1811 29.9177 29.2721 26.6231 38.7375 32.5325 26.9351 30.2637 26.5758 26.5193 26.2916 29.728 26.1024 26.0606 25.8252 32.1044 31.2745 25.7591 25.4228 39.1203 30.7498
threshold=-0.04432928375899791 -0.038806926459074013 -0.078576009720563875 0.071790568530559554 -0.19699198007583615 0.1273252069950104 -0.24663245677947995 0.069595895707607283 0.15422734618186953 -0.323604866862297 -0.39823217689990992 -0.2005786597728729 -1.0000000180025095e-35 0.2203800976276398 0.0054167835041880616 -0.11247460171580313 0.25625400245189672 -0.0040137614123523227 -0.067642398178577409 -0.48845414817333216 -0.20348022878170011 -0.10578167438507079 -0.070274855941534028 -0.12557339668273923 -0.018465909175574776 0.077214043587446227 0.016356638632714752 0.032368302345275886 -0.37081009149551386 0.51945495605468761 0.078193608671426787 0.48722106218338018 0.23893521726131442 -0.27891993522644037 0.31960226595401769 -0.58402821421623219 -0.66585803031921376 -1.1103271245956419 -0.099194314330816255 0.13991205394268039 -0.050736164674162858 0.15369051694869998 0.41895584762096411 -0.42099140584468836 -0.094111900776624666 -0.12784452736377713 0.19647823274135592 -1.0000000180025095e-35 -0.52575635910034169 -0.15850088745355603 0.31107954680919653 -0.13023788481950757 0.05291853845119477 0.54425838589668285 -0.20809268206357953 -0.24521531164646146 -0.086319908499717699 0.34452423453330999 0.024053880013525489 -0.083319023251533494 -0.28344799578189844 0.11883091554045679 0.20847249776124957 0.016873924061656002 0.033830275759100921 1.0000000180025095e-35 -0.12095189839601515 -0.11610111966729163 0.78416392207145702 -0.24692385643720624 1.0000000180025095e-35 0.23932125419378283 0.31818690896034246 0.040732916444540031 0.034133693203330047 0.47975417971611029 -0.086273252964019762 0.2543345987796784 -0.01745615433901548 -0.22743725776672361 -0.26381413638591761 -0.057594552636146538 -0.076393708586692796 0.26939418911933904 0.040711009874939925 0.22878440469503405 -0.14835732430219647 -0.017600774765014645 0.64478418231010448 -0.043449783697724335 0.040711009874939925 0.27938097715377813 -0.16341742873191831 0.25220753252506262 -0.10926083102822302 0.48717127740383154 0.23302174359560016 0.21016269177198413 0.23123797774314883 -0.31688533723354334 0.015972431749105457 0.30307890474796301 0.31922008097171789 -0.15169981122016904 0.32357540726661688 -0.1960269287228584 -2.4687800532774413e-06 0.16791447997093203 -0.55004206299781788 0.16406177729368213 0.44757153093814855 0.38933485746383673 -0.10127499327063559 -0.0023164234589785333 -0.27814668416976923 -0.031468531116843217 -0.12654286623001096 -0.37499999999999994 0.71410706639289867 -0.01669580768793821 0.0090515422634780424 -0.2552447617053985 0.53672713041305553 -0.35758264362812037 -0.41620448231697077 -0.24447381496429441
decision_type=2 2 2 2 2 2 2 2 2 2 2 2 2 2 2 2 2 2 2 2 2 2 2 2 2 2 2 2 2 2 2 2 2 2 2 2 2 2 2 2 2 2 2 2 2 2 2 2 2 2 2 2 2 2 2 2 2 2 2 2 2 2 2 2 2 2 2 2 2 2 2 2 2 2 2 2 2 2 2 2 2 2 2 2 2 2 2 2 2 2 2 2 2 2 2 2 2 2 2 2 2 2 2 2 2 2 2 2 2 2 2 2 2 2 2 2 2 2 2 2 2 2 2 2 2 2
left_child=2 27 4 7 9 41 40 12 16 10 35 20 72 90 28 23 21 -18 -19 70 48 46 56 24 25 -8 -24 49 38 30 119 -31 68 -16 -23 36 37 88 39 -11 66 42 45 -43 64 -5 -7 81 -4 117 51 113 -47 54 55 -22 57 79 59 60 -14 63 82 -62 -45 -59 -6 75 -32 -28 71 -12 73 -3 -54 -39 77 78 -51 -13 -52 -34 -58 104 -49 -86 -78 -88 -1 -20 91 93 -93 96 -95 118 97 -10 -99 123 102 -102 -92 122 106 107 -9 -106 109 110 -37 -110 -113 -29 -82 116 -38 -2 -94 120 -15 -121 -17 -21 -125 -126
right_child=1 3 11 5 6 8 15 83 13 14 19 22 58 29 33 103 17 18 89 99 53 34 26 -25 -26 -27 69 50 -30 31 32 -33 47 -35 -36 108 115 67 -40 -41 -42 43 -44 44 -46 52 -48 84 -50 76 80 -53 74 -55 -56 -57 62 65 -60 -61 61 -63 -64 -65 -66 -67 -68 -69 -70 -71 -72 -73 -74 -75 -76 -77 86 -79 -80 -81 114 -83 -84 -85 85 -87 87 -89 -90 -91 100 92 95 94 -96 -97 -98 98 -100 -101 101 -103 -104 -105 105 -107 -108 -109 111 -111 -112 112 -114 -115 -116 -117 -118 -119 -120 121 -122 -123 -124 124 125 -127
leaf_value=-0.0077021012592570796 0.0023780690269446102 0.00060666856216406875 -0.0015761000466283873 0.0067816137534446553 0.0026802267669608637 -0.01488860262460324 -0.0088491961151279299 0.0013236045499236909 0.0071586010268849896 -0.019498412643992109 0.020233784387260784 -0.00022617922431287564 -0.0065581723768801999 -0.012631872940692611 0.0034069263078061814 0.0089432232730526657 0.0020872593457103776 -0.0056966455321744609 -0.0069655854523074257 0.0066674338723313716 -0.0064001169694746221 0.0012799560691240006 -0.0021905120151035555 -0.00097709902937021626 -0.0189684634249421 0.0027354707000875871 0.0044685476750751059 -0.0064298814652118275 -0.0021250781872090693 0.014797208833085908 0.0089985777104421901 0.0016991752322778767 2.387964030184599e-06 -0.011117765893025957 -0.0074249447275241678 -0.032260240086558832 0.00061346402652261503 -0.016794419793539236 -0.00045905191429146923 -0.0051934398475343407 0.013476339130260091 0.0030122642545992164 0.0081853195008300926 0.029887230238417863 0.0074243291894027352 0.0035703835255374091 -0.0024382766691926515 -0.010793613044675535 -0.013599265645967492 0.0038285072949194817 0.014206329839556537 0.015109889818223953 0.0011654334754421204 -0.0029543293120976089 -0.0066715526946777371 -0.048044770797805995 0.006575061687843037 0.0027687262184496499 -0.00076459041866143137 0.00072154596080189484 0.016000455672189214 0.0022453343859029549 -0.014519512389810215 0.0028942802821237045 0.0099386102604872781 -0.011106623475455038 0.012758959570110914 -3.8872427896436853e-05 -0.0024508284096815386 -0.008677470402354533 0.0031688140526305825 0.00031327900468173674 -0.0081043825543425443 -0.0061174858900157492 -0.0054202425261070698 -0.0048358154740169032 -0.0023202057614872353 0.0014288258185283173 0.011872390631686019 -0.018485917119116926 -0.0022960725940634414 0.0083248192133859103 -0.0053759146048830047 -0.015087654637024705 0.0018638664605655183 -0.008356109480734163 0.0092324703670525789 0.00064297182648313843 0.0041766889739309398 -0.038621962135940317 -1.3526131446259281e-06 -0.00041566437814951647 0.025899265754576736 0.0034369071661531124 -0.011618183868470307 0.0026391853640611554 -0.0010151287889429755 0.0076138779398179247 -0.00096093145671262827 0.0033401276227585193 0.013995724761765051 0.00068886980752007841 -0.011206412756999616 0.0007409650366672826 0.0091987991990235066 -0.013978927065669765 -0.0053046788751259216 -0.0080783589191368698 -0.0072604086632373985 -0.0065778308679549776 -0.007621664853677209 0.0076374486404830093 -0.0079971122108323071 0.0070869512248280218 0.0059591317691689866 -0.0027520662591801357 0.011392306184754014 0.018262159024635551 0.0056797535752769754 -0.010240798406361593 -0.0021312008094523985 -4.5802670329329438e-05 -0.0039660871756188581 -0.0004865996177229669 -0.0038066694322354652 -0.021197990308927037
leaf_weight=95.607661860529333 76.406377152889036 970.40131339977961 183.19924704707228 673.65231297281571 815.46219738235231 126.06501687550917 260.82982715324033 349.0981446960941 1480.9095993004739 154.07231942354701 101.37323918100446 40.183026170707308 66.134389462764375 217.23276717250701 71.666139969020151 309.74520710739307 119.19168200576678 180.8895962870447 29.90482253243681 76.402225287514739 31.976827292935923 1856.5029652250232 1660.2456440211972 1918.9470023950562 114.37900396436453 224.37445963115897 59.684563054237515 59.077179234707728 1415.2860061376123 125.07457926822826 374.79771648917813 477.7786672313232 558.68425258307252 903.07182076829486 212.13152275327593 38.266457722405903 267.81684368394781 209.99463763146196 155.60035007551778 196.57463152054697 207.67135188577231 620.12775197997689 721.95610179321375 50.336623732349835 790.88301164004952 1420.3262316491455 283.36691654787865 148.03489411051851 201.31003017409239 376.03377576207276 118.0269431413617 515.66803276294377 864.89036033267621 35.925656577339396 52.677414067555219 40.784020341467112 68.833474992774427 120.28949131176341 1329.3202191479504 883.2579549306538 251.68596777913626 247.02919009374455 127.95926947658882 118.74660681653768 128.52210641314741 94.474730534246191 123.02045527019072 107.90422629762907 106.67948294605594 832.75657073722687 210.30163225950673 44.764267285936512 359.39743153634481 513.46846201794688 375.71707660902757 174.10701969638467 483.72045181668364 549.42738076171372 439.52861438924447 334.52420670387801 187.06903904746287 218.94774983776733 713.01051838777494 106.56647819187492 348.94666822114959 131.01976380625274 255.8050645905314 506.95686874492094 212.03810235671699 34.336259083123878 585.8778590853326 139.13231278629974 123.4091356031131 118.67367333790753 104.39766285801306 54.996767085860483 367.14599094225559 188.43145562720019 645.50974220235366 522.3197830512654 81.833815111895092 183.06050265848171 75.078701284714043 1335.5094559534919 43.883236391353421 224.24402193154674 1073.9535911604762 67.029701869003475 380.80637907376513 267.4833995961817 65.095866347081028 110.37952366971876 54.013186791911721 176.60046499560121 637.82321563037112 288.20776543277316 146.47472597425804 98.30999379104469 51.469470427022316 117.84405500197317 253.19113819568884 793.23606493638363 59.182575964136049 378.07183547725435 111.12330854462925 56.778563771047629
leaf_count=185 130 1936 316 1528 1570 341 559 679 2986 533 371 123 140 564 155 699 236 315 67 184 87 3325 3043 3664 352 458 137 169 2573 365 859 927 1001 2163 446 267 467 606 377 469 527 1207 1350 288 1659 2441 516 332 590 677 305 1377 1595 61 96 456 205 279 2431 1676 679 428 372 225 265 256 315 140 129 1889 394 125 717 1079 747 375 790 1059 961 1030 371 473 1458 345 594 303 480 886 527 287 1144 318 491 257 239 88 635 332 944 960 265 382 208 2498 173 658 2259 132 717 600 166 235 145 353 1172 544 348 334 104 378 431 1358 94 746 160 260
internal_value=-1.78645e-05 0.00185091 -0.00309499 0.00105906 -0.00168339 0.0022189 0.000843676 -0.00184521 0.000927331 -0.00367153 -0.00186372 -0.00680579 -0.000279653 0.00197555 -0.00607947 -0.000638234 -0.0020373 -0.00897373 -0.0141224 0.00221638 -0.0132852 -0.000936922 -0.00585751 -0.00250754 -0.00716348 -0.00359736 -0.00416902 0.00591515 -0.00400019 0.000188311 -0.000706854 0.00489518 0.00147609 -0.00997497 0.000305653 -0.00439748 -0.00233496 -0.00586544 -0.00888682 -0.0123447 0.00621322 0.00469916 0.0036483 0.00728083 0.00986458 0.00261108 -0.00690142 -0.000294298 -0.00832502 0.00431047 0.00845252 0.0116551 0.00149977 -0.0224605 -0.0266802 -0.0358811 -0.00861474 -0.0123198 0.0015245 0.0034559 0.00683209 0.00848747 -0.00595071 0.0122421 0.0184508 -0.00380959 0.00430093 -0.00948487 0.0064329 -0.00768406 0.00869656 0.0150463 -0.00310229 -0.00177463 -0.000885858 -0.0119931 0.00365211 0.0056651 0.00838752 -0.01666 0.00566655 0.00253124 -0.00414109 -0.00576519 -0.00377385 -0.00117813 0.00137466 0.00372934 0.000150313 -0.0297376 0.00361041 0.00446481 0.011128 0.00353026 -0.00399282 0.0175593 0.00419075 0.0050239 0.00112938 5.32619e-05 0.000544258 0.00565039 -0.00161773 0.00211391 -0.00499841 -0.00996185 -0.00367591 -0.00076331 -0.0076244 -0.011693 -0.0211309 -0.0044667 0.00204721 0.00337672 0.00406095 0.00173161 0.00485993 0.0124514 0.0213625 -0.00367029 -0.00737256 -0.00160916 0.00671023 -0.00271322 -0.00427906 -0.011636
internal_weight=44427.4 27644.9 16782.6 23164.4 12184.7 16560.2 5369.12 6604.22 10913.8 6815.6 3919.33 4597.83 4739.44 8071.39 2896.27 4222.97 2842.39 364.322 245.131 1501.13 545.873 2478.07 4051.96 2518.53 599.583 485.204 2552.69 4480.45 1921.53 3871.47 3268.61 602.853 1887.11 974.738 2068.63 2418.2 1502.15 799.652 506.247 350.647 1146.15 5646.41 4056.54 1589.87 969.742 3334.59 409.432 1405.63 384.509 2786.19 1694.26 751.346 2660.93 161.364 125.438 72.7608 1499.27 589.471 2896.17 1566.85 683.596 617.462 909.803 370.433 178.859 214.764 938.483 492.006 481.477 892.441 356.439 146.138 1843.27 1483.87 1240.61 384.102 2611.47 1364.99 815.562 374.707 942.919 777.632 781.844 1864.78 628.001 479.966 1246.48 762.762 307.646 64.2411 4199.93 3274.08 369.008 2905.07 223.071 229.875 2682 2314.85 833.941 1144.7 925.851 264.894 660.957 1704.44 1758.21 335.157 1423.05 110.913 916.045 370.846 103.362 545.199 164.393 235.678 824.892 702.499 414.292 174.716 174.879 1381.5 470.424 911.08 368.928 622.376 545.974 167.902
internal_count=91267 55341 35926 46277 25528 32720 10736 13557 21640 14792 8522 10398 9311 16107 6270 8324 5533 905 669 3200 1606 4628 8792 5033 1369 1017 5069 9064 3952 7714 6422 1292 3691 2318 3771 5322 3192 1833 1379 1002 2412 11080 7661 3419 2212 6311 857 2703 906 5317 3747 1899 4783 700 639 543 3723 1688 5579 3148 1472 1332 2035 904 553 535 1885 1121 988 2026 890 496 3732 3015 2342 981 4853 2697 1638 1153 1848 1474 1663 4246 1229 897 2156 1366 712 354 8393 6394 1001 5393 496 683 4897 4262 1276 2310 1999 647 1352 3291 3901 963 2938 305 2130 1033 433 1097 380 522 1543 1359 815 464 595 2731 995 1736 793 1350 1166 420
is_linear=0
shrinkage=0.0200396


Tree=28
num_leaves=127
num_cat=0
split_feature=18 21 18 21 18 21 21 21 18 18 21 18 18 18 11 17 28 18 11 32 24 28 44 18 37 21 11 30 10 21 73 12 31 44 31 21 17 18 41 0 18 21 44 21 4 1 12 18 21 34 11 0 33 21 18 39 17 18 44 80 42 23 36 17 32 33 24 0 32 12 32 10 24 41 80 21 73 33 18 38 12 14 34 11 30 0 35 30 73 1 0 28 9 12 19 34 10 16 21 10 21 22 21 18 21 24 44 44 21 11 15 10 19 21 12 31 4 37 39 17 14 80 18 23 41 40
split_gain=610.138 216.291 203.742 197.386 160.094 130.105 110.932 107.019 92.4287 87.2064 83.3859 78.4071 73.6781 54.7856 54.5109 49.669 49.4119 43.8274 40.996 40.667 38.8291 52.0862 38.8812 38.6525 49.0895 44.8912 44.3976 52.3976 40.4063 38.4198 37.9221 39.7819 37.7917 36.8447 36.6262 36.1374 35.7876 35.4918 43.3503 68.9408 35.3604 61.4995 59.7387 45.0001 43.3956 38.4269 37.7343 35.1451 44.675 35.1253 34.348 36.5358 34.1722 41.4241 37.9114 35.3439 33.9999 49.4983 37.6202 33.4166 33.3196 33.1266 32.0097 41.2729 31.7965 31.5086 31.4863 30.6147 30.2284 30.196 35.0216 30.1676 74.5249 29.3311 28.3273 27.7621 27.7227 27.6816 27.6039 27.1193 27.0787 26.4241 38.0135 26.0798 38.4174 26.0706 25.9558 25.8791 28.4782 26.2697 25.8752 27.7506 25.6841 33.1666 25.5702 25.5569 25.5043 25.5023 25.4517 27.1616 24.6937 24.6675 24.3757 27.4291 24.0718 24.0488 27.667 23.494 49.7274 32.2041 25.1573 24.7489 23.5524 23.3531 33.9342 42.5831 49.8867 47.1232 63.1364 30.0595 45.1249 23.3107 23.2314 23.1793 22.4329 22.0695
threshold=-0.04432928375899791 -0.0465041697025299 0.071790568530559554 -0.091404747217893587 -0.25816884636878962 0.1273252069950104 -0.20878767967224118 0.046504169702529914 0.13059716671705249 -0.11758166924118994 -0.3871071189641952 -0.49258488416671747 -0.094419144093990312 1.0000000180025095e-35 0.22414528578519824 0.42945490777492529 0.055247748270630843 0.037880927324295051 -1.1949683427810667 -0.29597111046314234 0.44761660695075994 0.12481626123189928 0.17031094431877139 0.51945495605468761 0.078848108649253859 0.19018601626157763 0.40104041993618017 0.065179865807294859 -0.038470255210995667 -0.50513148307800282 0.29845981299877172 -0.036123853176832192 0.028114247135818008 0.12265775352716447 0.73351094126701366 -0.023412443697452542 -0.24302459508180616 -0.33050926029682154 0.059349237009882934 0.17187500000000003 0.28915858268737799 0.23123797774314883 0.045545585453510291 0.56286081671714794 -0.28810407221317286 0.21164772659540179 -0.23910550773143766 0.22168816626071933 0.43329057097435003 0.18749058991670611 0.41594511270523077 0.2485795468091965 -0.49124407768249506 -0.63534316420555104 -0.66585803031921376 -0.1665149852633476 0.42945490777492529 0.14698633551597598 0.099279731512069716 -0.1261378079652786 0.36717376112937933 -0.026682475581765171 -0.10139860212802886 -0.061196606606245034 1.0000000180025095e-35 -0.30927447974681849 0.2374362647533417 0.30823864042758947 -0.72616946697235096 -0.028096330352127549 -0.19360812008380887 0.2543345987796784 -0.11409382894635199 0.18892589211463931 0.27487900853157049 0.31141756474971777 -0.35982349514961237 -0.028878457844257351 0.2245319485664368 -0.46531100571155543 0.13360092043876651 -0.11186186224222182 -0.0058622020296752444 -0.030013026669621464 -0.023674977011978623 0.21164772659540179 -0.37745085358619684 0.70172697305679332 0.22666522860527041 0.42755682766437536 -0.049715908244252198 -0.35395050048828119 0.37226419150829321 0.033830275759100921 0.25220753252506262 0.4009575098752976 -0.13190061599016187 0.21372038125991824 -0.27485568821430201 0.34627233445644384 0.048428479582071311 0.065275765955448165 -0.34284798800945276 -0.16091182827949521 -1.1103271245956419 -0.28175139427185053 0.19124463945627215 -0.065616983920335756 -0.16324567049741742 -0.078512772917747484 0.48722106218338018 -0.018810428678989407 -0.17056878656148908 0.088197562843561186 -0.17144495248794553 0.25834138691425329 -0.46457822620868677 0.081327840685844435 -0.078214272856712327 0.47037249803543096 -0.057807806879281991 0.061899196356534965 0.087717358022928252 0.2339054271578789 0.40362711250782018 0.43974819779396063
decision_type=2 2 2 2 2 2 2 2 2 2 2 2 2 2 2 2 2 2 2 2 2 2 2 2 2 2 2 2 2 2 2 2 2 2 2 2 2 2 2 2 2 2 2 2 2 2 2 2 2 2 2 2 2 2 2 2 2 2 2 2 2 2 2 2 2 2 2 2 2 2 2 2 2 2 2 2 2 2 2 2 2 2 2 2 2 2 2 2 2 2 2 2 2 2 2 2 2 2 2 2 2 2 2 2 2 2 2 2 2 2 2 2 2 2 2 2 2 2 2 2 2 2 2 2 2 2
left_child=3 17 7 4 10 56 60 13 15 36 11 18 20 -3 40 30 37 61 -1 29 32 22 -22 24 28 -26 -25 -28 -16 33 67 -32 83 -13 -23 -14 97 38 39 62 41 42 -10 46 -45 49 -42 75 50 101 51 -49 104 54 55 -54 57 59 121 -4 74 68 -12 -64 -21 -39 -34 -7 -2 -15 -71 72 86 -50 98 80 -19 -40 -47 -9 -27 -74 -83 84 -5 102 -59 89 -89 113 -55 -92 93 -88 -80 -37 -67 -8 99 -6 -61 -43 -62 -104 -20 106 -30 108 -38 111 112 -110 -109 -81 119 117 -117 118 -116 120 -115 124 -102 -17 -58 -106
right_child=1 2 5 12 6 8 9 79 14 -11 16 19 35 69 23 123 -18 76 52 64 21 34 -24 26 25 47 27 -29 105 -31 31 -33 66 -35 -36 95 107 65 77 -41 43 45 -44 44 -46 78 -48 48 73 -51 -52 -53 53 90 -56 -57 58 71 -60 100 85 -63 63 -65 -66 96 -68 -69 -70 70 -72 -73 81 -75 -76 -77 -78 -79 94 87 -82 82 -84 -85 -86 -87 92 88 -90 -91 91 -93 -94 -95 -96 -97 -98 -99 -100 -101 122 -103 103 -105 125 -107 -108 110 109 -111 -112 -113 -114 114 115 116 -118 -119 -120 -121 -122 -123 -124 -125 -126 -127
leaf_value=0.0024534457531184672 0.013286515952568769 -0.0023438200783401034 0.0063560930061117684 -0.0056511007678126494 0.015653972557553748 -0.003399819439855443 0.011104378003680757 0.005273019494002224 0.0077742685013539323 0.0022840762065765427 -0.014125041587377221 0.015038235407356364 -0.001520672949386593 0.00096004528614292324 -0.010771403240272107 0.0064399317286683785 -0.016275203041383943 0.019183922923251311 -0.0023205543532005385 -0.0033402952928161468 -0.030329710870398013 0.0025561192068540429 -0.0025995721356272821 0.014664964182285644 0.0093951907993552099 -0.0038662141537816768 0.0057579966335266413 -0.0078896518667799301 -0.019466962155051767 0.0010301444616460742 -0.00013016610415043586 -0.026370588661005712 -0.016002372629041282 -0.00099639193160197754 -0.015813387265691359 -0.0073073438774048554 -0.0032439459184741564 0.0081811239135130345 0.0034197692202323957 -0.029526656075837841 -0.00068617163682800077 -0.010053588809716591 -5.5073773864752504e-05 0.0067250435459613438 -0.0040101461104211913 0.0087978879924367741 0.0096006347843582869 0.004442205809252516 0.0035602236584309898 0.0070541578241225316 -0.0014568767177379355 0.016485766443925663 0.00053621740116393797 -0.0053150156117544849 0.0037081322982935069 -0.010234676061779637 0.024484408758304998 0.0049806362731412111 0.00092898387786878936 0.0030846753280872343 0.0046947654038361659 0.0069347966328391084 0.0060023272290327641 -0.0076501257784836723 0.0078977289003881995 0.006261896544938631 -0.0056165635254393081 -0.016539115526210433 0.0017149798845350586 -0.0040882604570697733 0.0087122228765840106 0.0029299600871061189 0.0028660909903531471 -0.0070131036888530325 0.0015302969432305336 -0.010132341539335624 0.0079551193479601851 -0.0086246404394130227 0.0043305475471733853 -0.0045397860760562668 0.0034752853586697881 0.014785959719608107 0.0040767511873008198 -0.0086525751049260011 0.0036819479284941055 0.0056344133947307121 0.043580402957089766 0.0090950549536221587 -0.0039745362097886195 -0.00029651262277828079 -0.0023265717725734739 -0.019867747842552231 0.0038099477970592365 0.01246527189672331 -0.0081559631930998126 0.0050580954536153851 -0.0051532945854402537 -0.0030152102723373991 0.004517003156244967 0.004606606156373514 -0.0070069379197154518 -0.0021530208465517634 -0.0075996473234562342 0.00055379637698899629 -0.0024028054980326343 -0.00078128024061657297 0.0011460543411057097 0.0048611415161919011 -0.022844445975794322 -0.00438747150571919 -0.012037612050524055 -0.0081856894763187513 -0.0028511999969963995 -0.018217823414794033 -0.0036862490010151406 -0.0047624593885355632 -0.033478791399181154 -0.0012477114088528106 -0.021542873168527224 0.0064297739333571292 -0.00085725076486618357 0.0069185611047913598 0.0003534216666259403 -0.0013383553858423653 0.0095701960057062042 -0.023032778513046026
leaf_weight=250.64462278760038 73.017321500112303 1892.7084558481583 614.12128136272077 868.3214638705831 231.99785999115556 855.55262815090828 81.824200510862283 80.096797509933822 993.27123503095936 1392.7341356432298 257.77313171199057 183.01780027791392 1421.0267861408647 1798.9181398602668 252.0155138381524 180.79591033328325 198.04900145856664 89.24770295387134 61.396163477213122 655.8566908147186 86.05167489987798 83.749988355557434 30.976177201140672 115.34395764069632 203.19712083856575 524.43501670449041 352.69282168627251 136.50056083744857 38.136394446482882 417.68367029749788 34.364787947037257 46.277430052403361 335.97399465180933 73.054590564337559 53.095473135006614 937.13249765906949 721.5392704232363 71.617903761332855 178.27305766800418 49.305805707233958 162.91035511589143 171.49179690971505 630.00712238787673 255.14142188325059 303.59996832010802 227.46268464031164 893.74715487426147 488.61895519681275 148.28023020736873 117.09462496114429 237.5728050818434 115.94058646820486 225.00579960132018 390.38605502212886 301.969216604135 231.81632173852995 69.751918551628478 51.678901798441075 216.01193800859619 1204.344953019172 225.67690127866808 1251.1289684907533 87.345865222392604 479.95271551015321 93.975248376955278 65.668303965590894 234.31991794123314 56.340922146337107 1448.0939489922021 88.490207658731379 425.88816839561332 707.34003971680067 571.29216551536229 252.99149127781857 474.84227869124152 146.17030089371838 1256.4956305039814 97.990995255066082 136.8471891542431 1066.3852406010265 294.03465065534692 243.70819976390339 321.53838044905569 883.82106817350723 200.83530162100215 348.0708494244609 25.803943964536302 80.507154161809012 157.25481382850558 291.9017240885878 59.392782240523957 114.3667742741527 28.126342092873529 60.624597759102471 85.725571278017014 53.553584396024235 695.82050290179905 80.461355654406361 573.62176269758493 183.08522424066905 187.68720362207387 980.53859440085944 244.09561578859575 416.51290353725199 33.85858461947646 833.30400624417234 38.166525913169608 173.08585442975163 114.38845076703001 174.49370923952665 74.148064513457939 137.1269803076284 787.13685535569675 65.694132223376073 164.47915310761891 50.335242482833564 50.509913814603351 218.75233284698334 157.06304738146719 72.5925973696867 187.57925825659186 400.01135931606404 881.23161677329335 580.6878844316816 186.2188424236374 83.342284634709358
leaf_count=550 204 3843 1435 1854 688 1802 202 188 1955 2687 669 535 2541 3315 637 308 574 316 129 1280 464 207 63 344 469 864 657 302 245 848 55 262 955 113 188 2109 1339 177 341 293 351 458 1214 466 585 490 2038 891 266 222 339 339 406 788 561 485 296 86 356 2084 385 2333 200 1071 227 147 453 194 2733 216 811 1309 979 514 893 351 2719 201 229 2070 475 638 566 2126 419 618 255 218 221 683 105 413 71 164 189 126 1287 117 1196 294 333 1630 474 622 75 1474 49 344 452 351 179 295 1487 220 271 141 333 452 562 158 284 736 1682 867 381 378
internal_value=-9.37806e-06 0.00182738 0.00108173 -0.00299643 -0.00155632 0.00227731 0.000573346 -0.00182248 0.000982963 -0.00165678 -0.0041071 -0.00200624 -0.00624537 0.000165095 0.00179332 -0.00319866 -0.00710606 0.00605063 -0.00481741 0.00146972 -0.00847051 -0.0159124 -0.0246746 0.000102232 -0.00069719 0.000932186 0.00468521 0.00173628 -0.00403805 0.00496222 -0.00609927 -0.0177026 -0.0075749 0.0107079 -0.00582729 -0.00362174 -0.0040026 -0.00600165 -0.00826323 -0.010402 0.00320898 0.00200394 0.00477132 0.00563078 0.000954246 -0.000633309 0.00802086 5.50348e-05 0.00226679 -0.00241944 0.00484928 0.00731053 -0.00605991 -0.00476628 -0.00160152 -0.00514092 0.00470439 0.0040153 0.00835288 0.00229891 0.00365369 0.00453583 -0.00843766 -0.0053668 -0.00170989 -0.00272317 -0.0121436 -0.00463222 0.00247888 0.00222564 0.00639313 0.00641958 0.00822148 -0.00309072 0.00567779 -0.00277175 0.00903134 -0.0011828 0.00424394 -0.00496252 -0.0011926 0.00611001 0.00912103 -0.00610425 -0.00384477 0.00118505 0.0200012 -0.00533492 0.000837499 -0.00597368 -0.00876629 -0.014893 0.0247552 0.0292642 -0.000758697 -0.00651729 -0.00398598 0.0045316 0.00757893 0.011313 0.00114274 -0.0035202 -0.000656601 -0.00260441 -0.0138871 -0.00193315 -0.0111602 -0.00468666 -0.00664885 -0.0119153 -0.00239989 -0.0162831 -0.00136419 -0.0067722 -0.00905554 -0.011686 -0.0228228 -0.00870668 -0.0133159 -0.00341376 -0.00659033 0.0106713 -0.00105607 0.000636429 0.0154114 -0.0185076
internal_weight=44607.2 27625.9 23507.9 16981.3 11792.4 16658.7 6434.84 6849.16 10889.3 3736.94 5357.56 3175.77 5188.86 4206 9135.24 1754.02 2181.8 4117.98 1752.18 1423.59 2777.15 253.873 117.028 4177.4 3572.86 2411.24 604.537 489.193 1161.62 673.756 992.536 80.6422 2523.27 256.072 136.845 2411.71 2344.2 1983.75 1150.64 874.378 4957.84 3342.44 1623.28 1615.4 558.741 1719.16 1056.66 2208.04 1243.4 1269.13 842.132 604.56 1501.53 1322.94 758.791 456.822 5769.49 4897.5 871.994 2887.39 2697.9 2772.24 825.072 567.299 749.832 833.107 570.294 911.894 1521.11 2313.3 514.378 2010.11 1302.77 401.272 1463.55 964.64 1345.74 276.264 450.035 2643.15 818.47 1136.54 565.247 1952.98 1069.16 1234.36 166.234 2563.05 237.762 2325.29 564.146 173.76 114.555 86.4285 222.573 990.686 761.489 162.286 988.705 415.083 2273.26 1152.03 886.285 660.609 178.597 909.607 76.3029 2181.92 1147.55 426.009 1034.37 251.515 960.223 2033.39 967.006 641.14 100.845 540.295 321.542 325.866 253.273 655.982 1068.92 761.484 255.971 117.201
internal_count=91174 55193 46888 35981 24476 32902 12623 13986 21531 7453 11853 6893 11505 8185 18043 3488 4960 8305 3890 3003 6729 922 527 8216 6913 4508 1303 959 2405 1496 2313 317 5807 648 395 4776 4766 4386 2775 2233 9827 6387 3169 3440 1051 3218 2389 4039 2349 2310 1569 1230 3340 2758 1452 891 11371 9602 1769 5534 5170 5270 1940 1271 1507 1611 1408 1996 2937 4342 1027 4068 2759 780 3071 1690 3035 542 908 5801 1339 2183 1204 4399 2273 2099 576 5613 439 5174 1306 518 490 419 418 2235 1434 319 2178 982 4099 2088 1481 1096 582 1768 294 4447 2437 1098 2010 747 1831 4491 2421 1759 474 1285 833 662 504 1413 2015 1175 677 453
is_linear=0
shrinkage=0.0200396


Tree=29
num_leaves=127
num_cat=0
split_feature=18 21 21 18 18 21 21 18 21 21 18 18 18 18 21 18 42 12 18 21 73 4 21 12 41 24 29 21 17 21 11 12 25 23 36 14 17 21 18 39 10 20 10 18 4 33 10 56 10 21 18 80 18 11 28 32 4 73 44 39 12 1 37 20 18 1 11 33 18 18 33 1 29 10 16 35 11 10 12 73 11 33 21 18 23 23 4 29 9 28 28 69 10 16 26 4 39 21 19 15 21 23 34 18 2 40 20 11 20 10 4 4 20 37 9 24 29 19 39 38 30 2 4 28 20 9
split_gain=574.175 207.395 195.698 190.67 165.044 133.291 104.067 97.7898 92.8137 84.6147 93.3549 79.4664 73.4047 54.4066 52.0257 77.9864 55.9478 49.3444 47.2863 45.2757 45.6157 47.7454 43.968 49.3838 53.8501 59.9755 43.9096 42.8015 39.6552 39.6041 46.4032 39.4411 61.7338 39.2234 39.2059 39.0682 38.9811 37.8274 47.4419 37.1621 36.7807 35.3419 35.3188 34.7108 42.3289 34.0871 33.4103 32.992 36.1174 32.9809 40.4293 35.9378 32.5056 31.8625 51.5876 31.8583 31.5526 43.0559 31.2141 31.1373 30.8861 30.3717 30.2159 39.0014 34.7591 40.489 31.139 50.7653 29.965 29.7657 29.5937 33.4442 29.4196 29.2291 29.1407 28.9413 28.3513 35.5182 28.2681 29.8968 28.2448 44.5905 29.2888 34.5472 28.2115 43.9127 28.0306 29.6793 27.2974 27.0729 26.9305 26.5673 31.8777 26.8808 26.5155 28.3877 53.1146 37.8101 29.6865 26.4931 25.9995 31.3707 25.7244 25.6456 34.9248 59.3588 38.6027 25.5628 38.5087 34.5514 39.7271 33.7158 30.8566 25.4138 24.94 25.8633 24.6369 24.5604 24.2341 23.9941 26.7208 26.28 24.5105 23.9457 23.9099 23.9026
threshold=-0.04432928375899791 -0.038806926459074013 -0.091404747217893587 0.071790568530559554 -0.25816884636878962 0.16452854871749881 -0.26715843379497523 0.1745371297001839 0.054842848330736167 -0.42944194376468653 -0.49258488416671747 -0.11758166924118994 -0.2005786597728729 0.014503159094601871 0.36144964396953588 0.31566222012043005 -0.40533159673213953 0.27465596795082098 0.14187081903219226 -0.20365619659423825 -0.1788036450743675 -0.25349488109350199 0.2902501672506333 -0.0086009171791374666 0.74404051899909984 -0.21362926065921781 0.050510389730334289 0.48717127740383154 -0.14989932626485822 -1.0000000180025095e-35 -0.27054446935653681 0.49254587292671209 0.30689947307109838 -0.01612245291471481 0.45804196596145635 -0.10885886102914809 0.42945490777492529 0.57889673113822948 0.53065726161003124 -0.052168155089020722 0.16872551292181018 0.013067109044641258 -0.068054147064685808 -0.086319908499717699 0.01222305651754141 0.42843575775623327 -0.13190061599016187 -0.31460855901241297 0.76969867944717418 0.082424633204936995 0.089486967772245421 -0.12784452736377713 -0.16091182827949521 -0.28317241370677942 0.11089301481842996 -0.51099917292594899 -0.34561544656753534 0.0022300939308479433 0.0113366786390543 -0.01726590376347303 -0.049885321408510201 -0.14630681276321408 -0.37215125560760492 -0.14662612229585645 -0.0014405213150894267 0.23721590638160708 0.082520805299282088 0.44625808298587805 0.30465058982372289 0.43864586949348455 -0.05132539011538028 -0.021306818351149556 0.14259439706802371 0.2812820971012116 0.20556420832872394 -0.13023788481950757 -0.051994072273373597 0.098375748842954649 -0.19552752375602719 0.18316840380430224 -1.1949683427810667 -0.49124407768249506 -0.63534316420555104 -0.66585803031921376 -0.24003130942583081 1.0000000180025095e-35 0.093124173581600203 0.036870472133159644 0.48436890542507177 -0.2009765803813934 0.12765096127986911 0.13667786121368411 0.55550405383110057 0.56456178426742565 0.077597562223672881 -0.32718469202518458 0.015733681619167331 0.23893521726131442 0.21711231768131259 0.33279283344745642 0.018280949443578724 0.38630199432373052 0.3676865845918656 -0.33050926029682154 0.20312500000000003 -0.020683453418314453 0.12233592942357065 0.065157212316989913 0.059085326269268997 0.012703002896159889 -0.33955840766429896 -0.29481184482574457 0.027030366472899917 0.21957575529813769 0.016166860237717632 0.0041678647976368674 -0.40082852542400355 -1.0000000180025095e-35 -0.1665149852633476 -0.36961722373962397 0.70172697305679332 -0.45028407871723169 -0.49001491069793696 -0.054432252421975129 -0.35758264362812037 -0.016797000542283055
decision_type=2 2 2 2 2 2 2 2 2 2 2 2 2 2 2 2 2 2 2 2 2 2 2 2 2 2 2 2 2 2 2 2 2 2 2 2 2 2 2 2 2 2 2 2 2 2 2 2 2 2 2 2 2 2 2 2 2 2 2 2 2 2 2 2 2 2 2 2 2 2 2 2 2 2 2 2 2 2 2 2 2 2 2 2 2 2 2 2 2 2 2 2 2 2 2 2 2 2 2 2 2 2 2 2 2 2 2 2 2 2 2 2 2 2 2 2 2 2 2 2 2 2 2 2 2 2
left_child=2 31 4 8 9 18 52 22 13 10 39 19 59 107 16 27 68 -12 36 -8 21 53 34 -24 25 -25 46 40 74 42 -31 62 47 116 56 41 49 69 -39 80 -16 -35 43 44 -14 -19 -11 -33 -49 51 -51 78 70 -21 61 -52 57 -7 -40 -4 -28 -55 -2 66 -65 75 67 -64 94 99 -6 -72 -36 -54 -22 -66 77 89 90 -80 -1 -82 83 118 -45 -86 87 -58 -29 -48 -5 92 93 -32 -9 96 -96 -98 -97 -17 101 -15 -37 104 106 -106 124 108 111 110 -109 112 -3 -59 115 -18 -20 -113 -83 -10 121 -121 123 -123 -79 -38
right_child=1 3 12 5 6 7 11 14 119 26 17 -13 29 100 15 37 114 45 33 20 28 -23 23 24 -26 -27 60 88 -30 30 91 32 -34 35 72 102 125 38 58 -41 -42 -43 -44 84 -46 -47 76 48 -50 50 55 -53 73 54 -56 -57 86 113 -60 -61 -62 -63 63 64 65 -67 -68 -69 -70 -71 71 -73 -74 -75 -76 -77 -78 103 79 -81 81 82 -84 -85 85 -87 -88 -89 -90 -91 -92 -93 -94 -95 95 98 97 -99 -100 -101 -102 -103 -104 -105 105 -107 -108 109 -110 -111 -112 117 -114 -115 -116 -117 -118 -119 -120 120 -122 122 -124 -125 -126 -127
leaf_value=0.0021859558012090542 0.014208176337872896 0.010081393307975011 -0.0098770546080760076 -0.010085683983541141 0.0091796703550097187 -0.00080125794250724813 0.00067728142621885606 0.008210850317173524 0.0039373669477835351 0.0065872517252543337 -0.00098236736073513495 0.0031011443123443254 -0.0069768446022415546 0.0027840912157040126 -0.0057452557069287511 0.0040644545633297113 0.001945771551747875 0.011543323773841305 -0.0036046123917767002 -0.0062635498222684185 0.01319992079799847 -0.0042700607401299799 -0.0015764577422121004 -0.0055587601915227415 -0.0032003647016859583 -0.043951389570862073 -0.027723118543805686 -0.024640870276406962 -0.0032901847296789625 0.0064951944053162234 -0.013287052744056196 0.0050710526884788125 0.0014822327235047559 0.010447780602550489 0.0057252089375878848 0.013580958363329123 0.012892196904337211 -0.0056173918556437436 0.013969206998184099 -0.0155041324310045 0.0032321963477387359 -0.00038792633597290724 -0.0018611140456725797 -0.014368058292860621 -0.021732335779934241 0.0010934509525608231 -0.025030904708846925 0.034090685228252683 0.0039992778982902493 -0.0091921093949066755 -0.010616062898143571 0.0018048830028901551 0.015379219554588545 -0.0051668075293088145 -0.0035233635452415067 0.0016858676532196157 -0.00528747514929492 -0.0086754032470300058 0.00089298911656089978 -0.023140664290326639 -0.0082618749826448186 -0.041477945654911481 0.015002872700317924 0.0012050937323278684 -2.9251295741350434e-05 0.0030727198504553205 0.0048992805332336072 0.00014930497113572572 0.0062347960100153253 0.0066591026740091906 0.0049854725031898235 -0.0029482040291383799 -0.0013997082117729702 0.0046362016347695333 -0.0021418011162247412 0.012363975167818302 -0.0032748279794856902 0.0024005931532812938 0.015570136017391951 0.0022342848886741044 -0.013821926932999029 0.00045857249694392901 -0.0072535576585587517 0.004208173551962539 0.0099013747882532397 -0.0038249301549795512 -0.0064320705319753247 0.0046003192417045586 -0.0025746876363672102 -0.0096655381127673731 0.0077503407466716027 -0.0043448037683135477 -0.0022852093058480234 0.00060373172668359658 -0.015111364744739507 0.0038046615935404407 0.0062304821327551288 -0.0040541020292614426 -0.003205173444453389 -0.0039395683410321522 -0.0001038851012476966 0.01287533932581646 0.00066320474711357178 -0.00048270724722559961 -0.00022617703430950165 -0.033516065959689839 0.0010583236655159205 -0.024677966250454819 -0.0054664792270478118 -5.2430021663369325e-05 -0.0054820570438385875 0.0004197980936067379 -0.0012888431740314839 -0.027454930847486334 0.013915720949510399 0.010839511959234436 0.0048153566973207721 -0.007952009968840143 -0.0084717057383907005 0.00023545537673882343 0.00086042906925527026 -0.0097335415969676282 -0.0077945155913482387 0.0034101150830431579 -0.010390339975702772 0.0045055497200136964
leaf_weight=251.56677453208249 124.59446128492709 216.20647863345221 567.50573243072722 43.167087546084076 228.16561858321074 133.30873069912195 1248.6390248807147 158.18197671789676 95.955172690330073 62.79366653598845 659.19144167716149 1500.7726924724411 503.02576438267715 1000.2972278763773 613.0492099893745 374.92824410251342 351.51638035429642 281.68281535583083 130.34418049349915 105.33763423748314 85.501157196122222 416.55817083874717 145.24559281743132 37.070997850270942 64.931347443605773 24.186960266437382 44.859999857493676 44.056928346166387 1481.7964777984889 66.911136963986792 725.8201988004148 52.958869875175878 115.64179556118324 184.44370874587912 319.39350515173282 564.69901280617341 161.27788463036995 465.42590375989676 59.974744405248202 96.322947275126353 236.42681449616794 277.08656452293508 1704.0033138575964 59.828844432602637 82.445707358419895 224.2144952659728 55.094178549246863 60.076848990051076 28.576614180230536 178.96429649146739 67.554833665140904 1741.0436078767525 186.95887851633597 20.273514068219811 42.155168875702657 916.48948775511235 170.14977635408286 132.07773279445246 568.92817011172883 84.90493414492812 129.78233545436524 32.657070918590762 378.05595848232042 1450.2969132498838 88.915960640530102 960.09584546380211 766.67805451899767 121.29177290166263 520.13073892099783 752.54851765406784 426.36649451719131 380.15525496867485 692.05030322016682 261.60172975063324 76.801776200416498 401.11901419598144 844.50436614395585 55.273799084476195 190.0002304710215 113.50283198605757 172.40094470407348 222.93322024773806 454.47106991545297 298.54363307449967 83.190312162274495 675.73692102741916 340.72812783159316 299.57103218650445 43.496200855472125 305.01069687958807 43.228423197637312 453.91427411150653 169.09727023018058 55.759398772381246 95.683335172245279 922.25169095664751 195.45041334757116 385.76579409744591 303.17484218731988 258.62902932183351 1163.6116432984127 121.7812498959247 72.655062734615058 266.05891324707773 36.841835966217332 28.735991305671632 211.90899651544169 48.108023549197242 568.77260516118258 166.94340074819047 160.55919424933381 556.07795635098591 147.52994112297893 37.91548332280945 209.39133027382195 201.89972594729625 2009.3731927055633 161.37676180223934 231.92741425707936 223.55805429932661 232.41048920911271 54.11096060287673 1612.344721061294 161.70685333525762 446.92133511742577 772.82441222283524
leaf_count=541 315 514 1448 130 504 186 2350 320 220 145 1330 2890 1091 1932 1186 590 765 733 273 254 224 725 259 75 98 246 248 236 2897 160 2101 103 204 469 551 1347 400 883 185 274 423 505 3126 204 364 393 266 331 47 418 233 3009 512 40 84 1693 282 334 1087 381 269 271 940 2398 244 1830 1476 242 1031 1492 743 628 1082 472 106 991 1733 147 516 209 545 407 985 554 252 1211 721 583 71 641 141 929 240 80 297 1647 390 668 579 447 2038 328 94 526 61 233 400 225 1133 344 294 1008 258 222 634 491 3976 341 445 519 413 132 3607 348 999 1231
internal_value=-3.03724e-05 0.00174316 -0.00291807 0.000976303 -0.00148864 0.00212548 0.000660885 0.000501246 -0.00187458 -0.00407579 -0.00171894 -0.000722605 -0.00613897 -0.000112745 0.00173447 -4.116e-06 0.00350212 0.00262639 0.0041083 -0.00237092 -0.00404879 -0.00860121 -0.0029562 -0.0102147 -0.0182861 -0.0288414 -0.00677082 -0.00485784 -0.00223537 -0.00518855 -0.00790365 0.00564625 0.0130707 0.00593153 -0.00192044 0.00901392 0.0026841 0.00185459 -0.00091381 -0.00464981 -0.00321336 0.00422932 -0.00384916 -0.00618257 -0.00984649 0.00718287 -0.00590903 0.0209294 0.0272963 0.00163127 -0.00106194 0.00310132 0.00527801 -0.0161483 -0.0235986 0.00059176 -0.00447436 -0.00975552 0.00262861 -0.0123757 -0.016036 -0.0334819 0.00512854 0.00477391 0.00343855 0.00560931 0.00770433 0.0115737 0.00204912 0.00402673 0.00318512 0.00125758 0.000920822 0.0096818 0.00650821 0.0101862 -0.00633078 -0.00807472 0.00842425 0.0111292 -0.00378602 -0.00490176 -0.00337434 -0.00086855 -0.00334685 -0.00204311 -0.00226302 0.00090906 -0.0165811 -0.0134587 -0.00127963 -0.00870016 -0.0106135 -0.0122865 0.000927254 0.000219732 -0.00300331 -0.000468442 0.0020318 0.000758754 0.00199419 0.00413643 0.0121891 -0.00595162 -0.00773668 -0.0198791 -0.0059933 -0.00249018 -0.00136022 -0.00704924 -0.0120385 0.000863728 0.00563811 -0.0157837 0.00819264 0.0055255 0.00426198 -0.00164706 -0.00426467 -0.00502929 -0.00545005 -0.00617283 -0.00695651 -0.000514565 -0.00890365 0.00625089
internal_weight=44970.8 27863.8 17106.9 23315.5 11874.8 16624.2 6493.74 9157.54 6691.35 5381.04 2893.25 5010.49 5232.14 4311.26 6760.91 3417.46 3343.45 1165.09 7466.65 3509.72 2261.08 616.982 2396.63 271.435 126.189 61.258 2487.79 937.029 1644.1 4579.73 1471.5 4548.3 257.254 3238.6 2125.19 1098.88 4228.05 2480.43 1094.33 1728.17 849.476 461.53 3108.23 1404.23 585.471 505.897 2313.14 141.612 88.6535 3293.95 1163.01 2130.94 1483.25 200.423 95.0858 984.044 1113.75 303.302 628.903 652.411 174.642 52.9306 4291.05 4166.45 2900.43 1450.13 1266.03 499.348 2580.64 1386.11 1034.69 806.522 1011.44 448.561 162.303 490.035 2250.35 1405.85 389.899 303.503 1631.84 1380.28 1207.88 753.404 818.756 758.927 810.449 469.721 87.5531 360.105 86.3955 1404.59 950.677 781.58 2060.51 1902.33 676.9 581.216 1225.43 633.557 2285.69 1122.08 637.354 1045.74 779.682 65.5778 714.104 2025.57 1649.96 375.611 208.667 1081.19 363.736 169.993 762.807 553.416 2139.72 717.455 454.861 2380.09 2284.13 2051.72 1828.16 215.818 502.195 934.102
internal_count=91642 55480 36162 46359 24575 32705 12700 18061 13654 11875 6207 9841 11587 8415 13422 6600 6822 2456 14644 6951 4601 1374 4639 678 419 321 5668 1916 3227 9758 3510 9121 685 6664 3961 2415 7980 4684 2155 3751 1609 974 6248 3122 1455 1126 5151 481 378 6349 2344 4005 2859 649 395 1926 2328 742 1272 1829 517 311 8436 8121 5463 3065 2658 1182 4932 2529 1875 1371 1633 984 330 1235 5006 3273 996 725 3477 2936 2391 1406 1667 1463 1586 865 307 907 271 3350 2421 2181 3901 3581 1355 1058 2226 1037 4298 2260 1441 2366 1840 294 1546 4117 3254 863 519 2121 772 556 1890 1256 4249 1349 852 5239 5019 4606 4087 480 1146 1631
is_linear=0
shrinkage=0.0200396


Tree=30
num_leaves=127
num_cat=0
split_feature=18 18 20 11 11 14 18 20 18 18 35 11 13 20 18 73 30 11 20 20 44 20 18 23 41 12 4 73 23 20 33 19 20 40 3 33 14 10 35 10 18 33 3 12 73 34 18 11 20 31 24 12 18 15 18 40 12 29 12 20 44 26 0 20 19 17 26 41 15 44 40 44 11 14 12 33 19 10 29 18 11 32 20 12 20 29 36 23 10 40 3 73 12 41 12 20 13 11 12 18 73 18 80 18 11 40 4 23 19 20 12 20 18 12 32 33 3 69 18 32 38 15 10 14 33 44
split_gain=567.165 85.151 121.183 117.592 101.865 74.135 113.426 89.6905 76.1349 73.5618 71.5127 70.0935 61.254 53.1169 52.0093 64.089 49.3963 47.8606 55.1467 45.7044 59.0645 72.6996 57.6877 74.9352 52.4832 44.9171 51.0169 44.639 43.7885 47.8022 41.7327 42.5289 40.6698 50.8317 40.0577 39.3123 38.3703 36.8913 35.8323 37.7279 41.4858 44.8278 37.3386 33.87 33.7115 33.6157 43.2909 33.3582 50.4112 43.7618 48.0158 61.7567 43.0322 40.6326 33.1186 52.1514 31.6789 30.7873 30.8733 38.7052 54.8425 36.9841 32.8237 30.0594 29.6444 29.5944 34.3218 29.393 29.1624 35.0772 28.7638 32.6363 28.3705 28.232 34.0757 27.979 27.9776 39.109 64.0385 27.9642 29.7828 31.0188 26.8339 26.5108 31.8196 28.6502 32.5748 27.8141 37.3537 29.2962 26.4723 26.4007 26.221 26.1101 25.7849 25.5557 41.5782 38.3292 70.4965 48.6636 31.0859 25.4977 25.489 25.3666 25.6459 25.1992 25.0291 24.5901 24.5449 24.4416 23.9732 31.7168 37.535 28.6407 24.6936 32.9346 23.7697 33.5782 36.5724 28.0469 23.6641 23.6344 33.9121 41.534 23.5617 35.6553
threshold=-0.04432928375899791 0.086003046482801451 -0.019928809255361554 0.13962993025779727 -0.15547610819339749 0.34009009599685674 -0.31688533723354334 -0.2346449792385101 -0.12095189839601515 -0.25816884636878962 -0.12428930774331091 -0.10120047628879546 -0.049269398674368851 0.13537497818470004 0.18726097792387011 -0.12884023785591123 -0.36284665763378138 0.023754678666591648 0.05776606127619744 0.05776606127619744 0.052890788763761527 -0.11875356361269949 0.17754884809255603 0.036954397335648544 0.40362711250782018 0.16685779392719272 0.028504603542387489 0.0022300939308479433 0.2048507556319237 0.14452427625656131 0.036592198535799987 0.32694143056869512 0.090958140790462508 0.22571942210197452 0.44795000553131109 0.57135316729545604 0.18393392860889438 -0.1627509072422981 -0.22127009928226468 0.44757153093814855 0.18026874959468844 0.036592198535799987 0.31359797716140753 0.42603211104869848 0.70736190676689159 1.0000000180025095e-35 -0.065530549734830842 -0.42751495540142054 -0.10356595739722251 -0.13822655379772184 0.48012833297252661 0.20011468231678012 -0.3777655810117721 -0.1026947721838951 -0.20809268206357953 0.1897482052445412 -0.070527523756027208 -0.22895459085702893 0.048738533630967147 -0.41021156311035151 -0.29855094850063318 0.35745644569396978 -0.28835226595401758 0.33094103634357458 0.018749561160802845 -0.44574284553527826 -0.95054167509078968 0.0078326766379177588 1.0169098973274233 0.18792673200368884 0.23471222817897799 0.042369695380330093 0.26736263930797582 -0.071321323513984666 0.74713301658630382 -0.28498773276805872 -0.11553838476538657 0.24362587928771975 -0.03756484575569629 0.28915858268737799 0.2808839231729508 0.023631318472325805 -0.31632475554943079 0.32740825414657598 -0.33067473769187922 -0.27161374688148493 -0.10839160904288291 0.66436845064163219 -0.22879031300544736 0.04586330987513066 0.39948755502700811 0.078349322080612196 -0.23222476989030835 0.14501715451478961 -0.036123853176832192 -0.018970227800309655 -0.3538632839918136 0.21304647624492648 0.45584863424301153 -0.15569043159484861 -0.23596774786710736 0.45114478468894964 -0.13307126611471173 -0.02066246327012777 -0.043398523703217499 1.0000000180025095e-35 0.37189191579818731 -0.22679051011800763 0.76060661673545849 0.0031544824596494441 -0.012041284237056969 -0.35758264362812037 -0.42741435766220087 0.43635320663452154 -0.13792355358600614 0.57917422056198131 -0.11710854247212409 0.12744165211915973 -0.24344995617866513 -0.23999994248151776 0.065789472311735167 0.037834916263818748 0.11804284155368806 -0.08483483642339705 0.13493543863296512 0.080540027469396605
decision_type=2 2 2 2 2 2 2 2 2 2 2 2 2 2 2 2 2 2 2 2 2 2 2 2 2 2 2 2 2 2 2 2 2 2 2 2 2 2 2 2 2 2 2 2 2 2 2 2 2 2 2 2 2 2 2 2 2 2 2 2 2 2 2 2 2 2 2 2 2 2 2 2 2 2 2 2 2 2 2 2 2 2 2 2 2 2 2 2 2 2 2 2 2 2 2 2 2 2 2 2 2 2 2 2 2 2 2 2 2 2 2 2 2 2 2 2 2 2 2 2 2 2 2 2 2 2
left_child=5 2 10 13 16 7 47 9 30 110 70 -11 32 25 15 -15 -4 18 103 20 21 24 23 56 -5 38 108 -25 37 102 54 34 33 -10 -32 76 -34 -20 -3 40 121 42 -42 67 79 46 -14 48 49 65 51 -51 -49 -50 116 -56 -21 -13 82 61 -61 -60 -62 90 124 66 -7 -22 69 73 71 -2 -23 -45 -75 -70 -18 78 -78 94 81 -81 -59 84 -12 86 -86 88 -87 -90 -16 -69 -33 -85 -24 97 -97 98 99 100 -8 -83 -30 104 -6 -82 -66 -106 -27 -74 111 112 -1 114 115 -112 117 118 -9 -118 -73 122 123 -40 125 -17
right_child=1 3 4 19 17 6 95 8 12 11 83 57 45 14 63 64 35 -19 28 22 43 72 44 27 -26 26 -28 -29 29 -31 31 92 36 -35 -36 -37 -38 -39 39 -41 41 -43 -44 68 -46 -47 -48 52 53 50 -52 -53 -54 -55 55 -57 -58 58 59 60 62 -63 -64 -65 106 -67 -68 91 75 -71 -72 120 109 74 -76 -77 77 -79 -80 80 105 101 -84 93 85 87 -88 -89 89 -91 -92 -93 -94 -95 -96 96 -98 -99 -100 -101 -102 -103 -104 -105 107 -107 -108 -109 -110 -111 113 -113 -114 -115 -116 -117 119 -119 -120 -121 -122 -123 -124 -125 -126 -127
leaf_value=-0.0014982513441410875 0.0016640816648763016 0.00087318219979500152 0.017193381123454862 0.025436273411503393 0.0021811576904671439 -0.0023159648712141813 -0.0011934414068533177 -0.035210812259177458 -0.0012519030355166107 0.019542013515188278 0.014985285497221468 0.0062428970295256292 -0.012737838408421071 0.0072518727058947397 0.0051245888486154429 0.011512073556529119 -0.00048801050824872125 -0.0061262051323423151 -0.017733422894061747 0.0071406020287591125 -0.008400291815293769 0.0057451924907049416 0.0012248374164366953 -0.0045107293782406929 0.0006119486688462816 0.020300187217703568 0.00066194800777418243 -0.027378576785819547 0.012840286284136087 -0.0069695244793661747 -0.013684889939929692 0.0075155704935471832 -0.016210801823427021 0.0076627974148118713 -0.0047792323297780031 -0.0039261489086958867 -0.002909828632890684 -0.0047793602823634502 0.0061010887654757333 -0.00049460361801849102 0.03354731401296028 0.006820231615018278 0.0084407759831299084 0.0037970787065973455 -0.0083043472399090892 -0.0010752475807064247 -0.0039198785995506642 -0.0054113069566221316 -0.0034810408954320383 -0.0076509332632132103 -0.0047354187134676312 0.011409324153495029 -0.020496517041614041 -0.013221614637391058 -0.0055558725311133372 0.0027636225377642527 -0.0059799072745845751 0.0058755231249246311 0.010265074877808707 -0.00084278890017591744 -0.0029305618132599242 -0.0045844522459671782 -0.035281962654687977 0.0030374380281078888 -0.0052005560895800051 -0.00076137127382720326 -0.018745421050126752 -0.0091575878521137268 0.0051213704003529479 -0.0035802746868525406 0.0097393270197600728 -0.0056569950276444611 0.0033858343350023543 0.027655190998134713 0.0018723286579788699 -0.0038166714953308317 0.014819574288112879 -0.0012802209927602363 0.0019580612055442011 0.0021824225645583127 -0.0012685443963232311 0.0047685925265571602 -0.00087920567287379811 0.0045174862239908036 0.0034145905940044879 0.016264228200801194 -0.011930062480315189 -0.0016419405059601791 0.0036719632608652173 0.0092330015892778741 0.013631151463603223 0.00049836026033987281 -0.0061509604356391016 -0.010351858120072352 -0.0040069632919954162 0.0013917607376576773 -0.007209322842332111 -0.0044162366852404534 0.022566642804530447 0.011749099484633528 0.007350571547211031 0.018076124827332753 0.0015032993348406258 0.0028212335591195595 0.0017411085663025779 0.0075610615079832735 0.0042346301578983113 -0.010853747078143986 0.0062590308821156189 -0.0044090142545090217 -0.011145973472111442 -0.01147876124302514 0.012628527344422755 0.0018873959706732868 -0.00011060342545873443 0.00056795758276354761 -0.013678312920156057 -0.00069231703059212239 -0.0042015917022120612 -0.0045950832169208457 0.0014208578395312485 0.0019142233412854093 0.0018545277785060536 0.014472474738294883 -0.001296932142724313 -0.0039437816776718504
leaf_weight=312.37559314502869 1051.1471242994303 644.08421321352944 66.027136376011185 89.805902617750689 218.75182638585102 137.80364139936864 579.80214327597059 27.581321923993528 1824.3060358064249 58.091678288532421 111.3072855140781 304.00313086027745 464.40879260550719 389.44365917751566 514.52453935449012 152.20266119658481 444.1613772273995 1302.8605844734702 75.509105845820159 98.250506850657985 159.51879985549022 1055.5622312385822 738.66469186451286 72.484558562515303 50.788542408146895 195.7232913475018 117.36592241725884 70.080720619414933 80.362120504258201 208.37720941647422 830.0466625506524 66.846666011726484 98.510022751870565 273.26598836574703 316.49766845162958 335.71463859127834 354.31489211728331 1315.544369671843 950.5941496634623 300.19988999376073 47.04824284859933 224.39352908649016 70.494756307569332 87.397962839226238 152.52708849357441 342.47365920804441 475.45741871721111 768.77930772292893 689.33134750078898 65.373957087052986 150.8052326963516 321.50326818099711 66.059880359563977 220.14404782326892 1371.47307752911 367.63690222578589 158.73593869723845 325.32398569874931 65.86553065571934 72.709268115460873 23.376972272992134 233.25930352974683 24.993466951767914 1466.0288121178746 778.66602821962442 723.60320314671844 65.91823847044725 95.367894145427272 306.37480721471366 49.096492882119492 87.350606982130557 599.04334614693653 391.06361619662493 54.678387196967378 33.05283287470229 219.88288483442739 282.37178564653732 229.42902297130786 334.95593647821806 547.07020066329278 882.75003456801642 172.72565242880955 703.15954030351713 73.166351658641361 126.20178312878124 115.64154452190269 63.492950413376093 195.05834837665316 1469.0814726819517 530.22156919713598 223.03205191181041 1962.316618307028 120.0670841258252 69.291943552554585 727.161117800395 1438.445321541396 241.69035077781882 172.38286388886627 63.015348009532318 206.75630267942324 213.59112565615214 89.770110440789722 367.0172521288041 1097.1205955572659 81.025596934487112 126.38658278016374 110.5443180880975 163.39377500722185 104.17248790233862 238.61188135272823 558.36071260401513 63.78774660883937 72.728026584838517 135.51438283512834 145.74985228909645 109.79322226357181 176.97901679365896 35.678527985117398 32.564504204434343 592.14837723155506 256.82502788049169 516.47503660526127 422.88823042507283 338.54271903610788 384.61714055435732 73.534893863834441
leaf_count=755 1914 1166 199 366 364 252 978 236 3444 235 326 627 1196 833 1043 355 674 2919 316 174 372 1988 1380 114 88 623 220 339 217 459 2298 119 309 528 677 546 590 2607 1852 528 300 420 171 174 310 656 913 1479 1286 132 254 765 313 590 3039 818 287 597 190 89 31 408 210 2875 1492 1453 249 249 498 74 195 1232 666 279 55 483 702 437 570 1164 1709 295 1389 161 217 393 170 235 2739 1065 527 3554 234 184 1229 2429 482 307 269 480 420 278 583 1979 116 274 239 378 194 369 1360 182 237 301 267 168 514 62 81 1092 476 850 691 924 641 165
internal_value=-6.64949e-05 0.00168891 0.000348275 0.00260023 -0.00140485 -0.00293954 -0.00116486 -0.00392415 -0.00508587 -0.00109172 0.00278299 0.00156489 -0.00304174 0.00434333 0.00271612 0.000261564 0.00280307 -0.00286453 -0.00165105 0.000970812 0.00227106 0.00508202 -0.000655317 -0.00762675 0.0178438 0.00600809 0.0121532 -0.0180838 -0.00379691 0.000450021 -0.0070429 -0.00996092 -0.00121691 -1.11596e-05 -0.0113807 0.00196764 -0.00649412 -0.00578146 0.00519807 0.00615026 0.006929 0.013347 0.0224947 0.000511588 0.000199946 -0.00657341 -0.00849396 -0.00375188 -0.00249008 -0.000161905 0.00426654 0.00788403 -0.00716031 -0.00612821 -0.00546805 -0.00377701 -0.000751464 0.000703002 -0.000536984 -0.0049606 -0.0134412 -0.00075623 -0.0257548 0.00479013 -0.00163513 -0.00278256 -0.00907987 -0.000737402 0.00412062 0.00979293 -0.000104896 -0.000679933 0.00377374 0.0136175 0.0204314 0.00136595 0.0035531 0.00564194 0.00818776 0.000656585 0.00230493 0.00510719 0.0013331 0.00486184 0.00532464 0.00475065 -0.00242887 0.00536485 0.00602878 0.00524415 0.0080566 -4.72665e-05 -0.000924411 -0.00307374 -0.00138571 0.00168687 6.31933e-05 0.00384469 0.00526569 0.00365502 0.00124655 0.0104778 0.00411455 0.00117255 -0.00265334 1.05848e-06 -0.00393037 -0.0068363 0.0162608 0.000364638 -0.00450636 -0.000620394 0.0017348 -0.00627571 -0.00766722 -0.00924607 -0.0086625 -0.017507 -0.0244433 -0.00705069 -0.00353721 0.00580764 0.00693448 0.0085311 0.00171257 0.00651671
internal_weight=45109.5 28005.2 11350.5 16654.7 6602.62 17104.4 6125.01 10979.3 7770.26 3209.09 4747.83 1810.78 3832.74 8024.58 4092.59 1889.01 1692.66 4909.96 3607.1 8630.13 4793.52 1825.83 3836.61 399.552 140.594 3931.98 417.262 142.565 2046.81 655.757 3937.52 1333.46 2550.4 2097.57 1146.54 1626.63 452.825 1391.05 3514.72 2870.64 2570.44 341.937 117.543 2967.69 3437.06 1282.34 939.866 3209.32 2374.48 1465.01 537.682 386.877 834.839 909.475 2604.06 1739.11 256.986 1752.69 1448.69 420.205 121.08 299.125 48.3704 2203.59 1499.57 927.325 203.722 2217.2 750.483 224.226 1994.37 1907.02 1685.24 175.129 87.7312 526.258 1290.92 846.757 617.328 3284.53 1818.7 809.566 1028.48 2753.46 2611 2499.7 189.695 2310 2114.94 1999.3 737.557 2057.68 186.914 142.458 1465.83 2915.68 1680.14 1235.55 1063.16 1000.15 793.393 262.496 447.379 1560.29 463.171 1009.14 889.21 244.419 299.896 629.675 1398.31 448.891 385.104 949.418 813.904 668.154 864.952 95.8244 60.1458 769.127 855.868 2228.5 1712.03 1289.14 610.355 225.738
internal_count=91240 55250 22373 32877 13066 35990 12138 23852 16806 7046 9307 3776 7636 16109 8170 3725 3128 9938 7019 16768 9215 3477 7553 914 454 7939 1037 453 4182 1259 9170 3328 4871 3972 2975 2929 899 2923 6902 5736 5208 891 471 5738 6639 2765 2109 6773 4981 3105 1151 897 1792 1876 5842 3857 461 3541 2914 928 330 598 241 4445 2892 1954 501 4175 1563 582 3817 3622 3023 508 334 981 2383 1709 1272 6329 3720 1737 1986 5490 5145 4819 387 4432 4197 3804 1570 3803 353 345 2609 5365 2911 2454 2147 1878 1398 573 800 2837 858 1983 1731 494 817 1035 3270 1174 992 2096 1795 1528 1985 379 317 1606 1708 4317 3467 2776 1161 520
is_linear=0
shrinkage=0.0200396


Tree=31
num_leaves=127
num_cat=0
split_feature=18 21 21 18 18 21 21 21 18 21 18 18 18 18 18 16 18 21 29 29 21 24 11 29 11 21 21 36 5 19 38 24 20 1 3 19 0 80 23 41 18 11 20 18 21 18 39 39 29 39 18 18 21 28 0 10 16 29 20 10 80 5 41 39 36 21 18 12 0 15 23 12 44 19 1 42 1 28 1 23 23 4 11 43 21 4 43 33 23 37 35 21 18 70 31 28 31 74 23 24 12 18 39 16 36 35 18 73 3 4 12 28 21 40 44 42 0 23 18 5 28 12 80 21 42 14
split_gain=524.654 186.403 185.116 161.852 138.291 119.07 108.847 98.9123 97.6256 76.0306 76.6543 68.5815 67.1893 54.1457 49.8997 44.4386 55.4185 42.7177 41.7659 40.7196 49.6524 49.0143 39.6654 39.1442 37.059 40.602 36.0271 36.1026 34.5655 38.9281 74.6244 34.4403 85.137 96.9124 34.4174 34.5958 32.1932 32.1511 33.8767 31.9087 31.8206 31.3772 44.6266 31.1435 30.6661 39.4226 45.5893 37.0403 72.9619 33.6238 46.2829 30.1201 29.9154 32.3032 29.522 29.3364 29.333 30.1399 49.3782 29.3265 29.1875 28.1783 27.8052 27.4087 31.1828 28.0785 27.1408 34.1626 35.5566 27.0509 26.7831 26.783 26.7297 33.4834 33.8439 26.3882 30.5587 26.2882 25.9689 25.9348 25.7869 25.4803 31.3106 25.3285 25.1602 25.3843 25.1566 24.8939 34.1284 27.636 54.0739 53.5082 53.5271 40.8607 24.8868 38.5226 24.743 30.7152 24.4483 24.3845 48.9148 24.3017 25.4711 24.1673 24.1503 24.0829 24.0681 30.2667 35.0121 23.9619 23.9499 23.8857 40.3819 23.7148 23.6298 29.1309 38.2328 27.8121 37.0172 29.3477 25.3183 40.526 30.2743 27.4123 33.0806 23.484
threshold=-0.04432928375899791 -0.091404747217893587 -0.056125720962882035 0.071790568530559554 -0.25816884636878962 0.16132135689258578 0.022129570133984092 -0.27485568821430201 0.15422734618186953 -0.3871071189641952 -0.49258488416671747 -0.094419144093990312 -0.11247460171580313 1.0000000180025095e-35 0.15422734618186953 0.27500922977924352 0.5698031783103944 0.37171263992786413 0.050510389730334289 0.074718493968248381 0.084990378469228758 -0.10511375218629836 -1.1949683427810667 -0.40082852542400355 -0.64883694052696217 -0.50513148307800282 -0.20365619659423825 -0.24825175106525418 0.37500000000000006 -0.073122270405292497 0.30023923516273504 0.44761660695075994 -0.024020769633352753 0.46732954680919653 -0.10916468873620032 -0.22879149019718167 0.31107954680919653 -0.13307126611471173 -0.20348022878170011 0.067451324313879027 0.038615768775343902 0.13141939789056781 -0.079555746167898164 0.29533354938030248 0.12219371646642686 0.04527618549764157 0.53850257396698009 -0.078214272856712327 -0.045821318402886384 0.32357540726661688 0.052405836060643203 -0.16091182827949521 -0.023412443697452542 -0.035381685942411416 0.31392045319080358 0.078623406589031233 -0.13301367312669751 0.29015530645847326 0.109047569334507 -0.13190061599016187 -0.092617444694042192 1.0000000180025095e-35 0.090395826846361174 -0.052168155089020722 -0.52447551488876332 -0.60776138305664051 0.31566222012043005 0.16800458729267123 -0.1889204531908035 0.18917458504438403 0.22231548279523852 0.020068807527422908 -0.50407490134239186 -0.14835732430219647 -0.13494318723678586 0.40075266361236578 -0.31107954680919642 0.21648346632719043 1.0000000180025095e-35 -0.27022777497768397 0.38630199432373052 -0.36894176900386805 -0.30685003101825709 -0.55529236793518055 0.57889673113822948 -0.19485294818878171 -4.594540587277151e-05 0.24928276240825656 0.55535158514976513 0.068562075495719924 -0.067642398178577409 0.27998717129230505 0.2113834619522095 0.070610281080007567 0.73351094126701366 0.06887936964631082 -0.28274117410182947 0.059442840516567237 -0.054074384272098534 -0.14688208699226377 0.033830275759100921 -0.66585803031921376 -0.1665149852633476 0.19816642999649051 -0.02447552420198917 0.55388379096984874 0.45114478468894964 0.70736190676689159 0.2599740624427796 -0.33341428637504572 -0.049885321408510201 -0.084572535008192049 0.66228350996971141 -0.12679856270551679 -0.093780752271413789 0.071045119315385832 0.26846592128276831 -0.22411398589611051 -0.02981634251773357 -0.37499999999999994 0.39912177622318273 -0.070527523756027208 0.045752068981528289 0.031109686009585861 0.40943357348442083 1.0623123049736025
decision_type=2 2 2 2 2 2 2 2 2 2 2 2 2 2 2 2 2 2 2 2 2 2 2 2 2 2 2 2 2 2 2 2 2 2 2 2 2 2 2 2 2 2 2 2 2 2 2 2 2 2 2 2 2 2 2 2 2 2 2 2 2 2 2 2 2 2 2 2 2 2 2 2 2 2 2 2 2 2 2 2 2 2 2 2 2 2 2 2 2 2 2 2 2 2 2 2 2 2 2 2 2 2 2 2 2 2 2 2 2 2 2 2 2 2 2 2 2 2 2 2 2 2 2 2 2 2
left_child=1 4 40 6 9 14 13 51 54 10 22 31 26 72 19 16 17 66 28 96 60 77 -1 -16 25 -12 -9 103 36 104 -31 37 94 -34 69 -36 39 38 -3 59 -2 55 -43 -19 45 114 -47 -46 -49 50 -50 -6 -13 109 56 62 -7 -58 -59 -11 -21 70 -37 64 -24 101 87 68 -68 -25 -55 -44 -4 74 -74 76 -29 -22 98 -61 83 82 -77 -15 -45 -86 -17 89 -89 90 93 92 -91 113 95 -33 97 -5 -67 -63 -101 102 -66 -28 -30 -39 107 -88 -109 -54 -20 112 -18 -10 120 116 -116 -117 -119 -120 121 122 123 -8 -125 -53
right_child=2 11 3 5 7 8 44 12 15 18 24 52 -14 80 23 86 111 43 110 20 21 -23 63 34 -26 -27 27 75 29 30 -32 32 33 -35 35 41 -38 105 -40 -41 -42 42 71 84 47 46 -48 48 49 -51 -52 125 53 61 -56 -57 57 58 -60 79 -62 99 -64 -65 65 78 67 -69 -70 -71 -72 -73 73 -75 -76 81 -78 -79 -80 -81 -82 -83 -84 -85 85 -87 106 88 -90 91 -92 -93 -94 -95 -96 -97 -98 -99 -100 100 -102 -103 -104 -105 -106 -107 -108 108 -110 -111 -112 -113 -114 -115 115 117 -118 118 119 -121 -122 -123 -124 124 -126 -127
leaf_value=0.0025437373370020742 0.0044802211324832765 0.00013922584111370205 0.0031183442240753194 -0.01590278817271415 0.0033330747365178204 -0.011923508952584498 -0.0063693967151194578 0.00055864363788125134 -0.0023605385442940492 0.0060219971457086156 0.021933314777669188 -0.0014535501782228781 0.0030360749603033999 0.012383081229627552 -0.0034527144678632308 0.0083185103806912783 0.01327480293845994 -0.0047641161145710129 -0.025136885503289449 0.01241360570817202 -0.00023037849726932161 0.0039499162346496282 -0.012993224603483556 0.018637120884116825 0.00060883994877050879 0.00065587091967473287 0.011794559915866422 -0.01084104503300205 -2.0068903352953515e-05 -0.038487573485257241 -0.0030735184928979168 -0.0095823835616204115 -0.052639658309226997 -0.0083668781094891342 -0.0023423592261328135 0.017386906828580542 -0.016080763716871845 -0.0067113837220109098 -0.016575635193260666 0.0014554347277526789 0.0085447244761229571 0.013355773177570892 0.0042857200411108879 0.0030144072623700677 -0.0011113837754719628 -0.00106440538064113 0.012319135004293066 -0.027243962439208291 0.0055797077250212546 -0.014195789607645693 -0.0089187992195384012 0.013002025780786854 0.0029892507522466427 4.6273504543516567e-06 -0.010131893797013486 0.005888062889893771 6.7676948686203427e-05 -0.0025461079135273772 -0.018738948600478866 -0.00038922298790572738 0.0051065345607214166 -0.0032257227521297789 0.0043909319842174027 -0.014743040166248843 0.00044284073716384256 -0.025720663690948324 0.0063968339568931665 -0.0037677219450728936 0.021506699241117047 0.0074846757040703685 -0.010969367793932107 -0.0056645490017722564 0.00057320059997517019 -0.00093329249469817745 -0.013579756314249278 -0.0022355501289602403 -0.0022719511654837486 -0.013564761985738888 -0.0044383141992917407 -0.00733337388003771 0.010148797079316717 -0.0054397341910650508 -0.02746381645862344 0.0019439243454507482 0.0013253911965472457 -0.0091565311486440197 -0.0016475384798889613 0.0076384858977349476 -0.0010391906366623335 0.0028007676412542377 0.0026080454091598048 -0.0036625741094785049 0.014462533923475851 0.0012755038404262985 -0.015136073038870147 0.0083685122274345051 0.0016394871332709694 0.003295974548311033 -0.0043085919301430776 -0.031108661560718402 -0.0053245071038799992 0.0023359110098374941 -0.0084596973918393062 -0.0021891226005839237 -0.013899926328909937 0.0018072615760843724 0.0020344264545107912 -0.020206876863803607 -0.00093890806889235451 -0.0056088091346741349 -0.0078737963340737675 0.020538116666021702 -0.0015723802195823655 -0.016707851221885509 0.001254475738000476 -0.0018129542309814584 -0.0096076674297886824 -0.00046871324516441302 -0.0025470586227628405 -0.024244966174154631 -0.0010160961084690067 -0.0040223109448883684 -0.0049723487303838547 -0.037982872820168281 -0.0073770314404460746 0.0018588880003199137
leaf_weight=257.67090492357966 2498.975142097217 57.332480836892501 428.57730479352176 49.066532116266899 972.89612601755653 96.818642434314825 54.563510327017866 1342.7595777406823 79.267701272736304 68.088714988552965 48.002517253160477 1439.3713143242057 1409.6648248116253 77.66131484892685 134.36133614124265 90.205532189458609 137.41657095693517 469.50904993945733 52.566889352048747 388.75786583486479 141.04183462227229 1124.3333897471894 144.46427240688354 153.73858204798307 1326.1435860333731 75.141565518337302 76.321245187777095 164.69365144264884 125.17997965053655 30.482983328984119 50.741815267479979 73.536217023502104 20.569420585874468 56.512051237397827 179.47244050668087 217.51435469218995 68.732566155958921 2144.6746263381792 229.15226288663689 356.28908951801714 1211.4245404495159 86.269068061606959 181.66499898431357 854.69490542111453 270.79129446763545 988.31217134022154 88.378829153603874 64.456060683703981 137.37939323694445 132.566175880027 171.4688024999341 271.4189206501469 199.05720547493547 183.59897153009661 205.02209676476195 730.81524627143517 1179.5949481611606 404.08297912846319 71.519621903309599 279.5526878121309 617.69030417781323 61.116496823146008 121.49792380270083 106.28313179290853 234.0144049184164 33.682909386930987 360.03550799610093 74.365842901635915 64.565662009990774 302.62084647989832 144.55209246708546 204.31772360426839 99.687195038888603 1190.3010413505835 164.29184835974593 36.942327214987017 1726.3594558673212 79.70875993790105 315.41941229405347 1007.0277174968505 203.99856489617378 284.37710056442302 35.055153075838462 1295.956895900541 198.64352644013707 138.31008543644566 1282.6725341794081 651.81162742979359 237.92535756935831 598.45931884169113 552.86287260439713 292.42199927580077 199.80663910286967 136.1702917033108 55.025856133550406 68.413167270249687 2748.0109412865713 46.346947145881131 53.916096508735791 53.39536350837443 68.038543227827176 366.50823482300621 249.84948445705231 81.612961945938878 60.347655382356606 129.40926302724984 589.55235793977045 56.793451087549329 76.31235307850875 290.40311195130926 120.99487692525145 57.098667500540614 123.07357362296898 134.8095140454825 736.16827841987833 226.98785953433253 131.86692946020048 74.153070321772248 42.323684039409272 74.572530562640168 191.23199708515313 277.22688427963294 91.550523884827271 36.966565011302009 37.629222585237585 116.1202330699889
leaf_count=542 4659 156 708 165 1748 245 113 2533 130 144 204 2547 2738 189 291 207 348 867 254 1044 205 1910 430 490 2656 130 196 360 254 255 101 169 309 140 278 691 243 4769 672 598 2651 242 400 1564 466 1720 233 314 347 436 346 687 356 347 466 1349 2222 645 259 460 1097 151 201 289 429 214 596 159 251 598 296 430 187 2395 384 71 3369 214 655 2234 470 470 205 2396 325 339 2304 1239 368 1023 1028 551 565 303 187 138 4973 109 109 322 110 683 476 115 167 232 1098 230 124 621 247 207 200 449 1441 409 298 169 92 324 287 478 151 297 75 188
internal_value=5.42015e-06 -0.00274269 0.00170194 0.00105974 -0.00135143 0.00213446 -0.00143253 0.000615276 0.000629055 -0.00370585 -0.00170942 -0.0058727 -0.000656406 0.00113738 0.00401291 0.00167583 0.00264014 0.00209766 -0.0065405 0.00289697 0.00483687 0.00224464 -0.00449211 0.00646069 0.00168492 0.0112011 -0.00205872 -0.00351563 -0.00560007 -0.0121272 -0.022145 -0.00799186 -0.0147426 -0.0299094 0.0071105 0.00566141 -0.00446682 -0.00713525 -0.0134182 -0.00377519 0.00585571 0.00662287 0.0021533 -0.000524068 -0.00375096 -0.00280143 0.000274012 -0.00727467 -0.010362 -0.00659219 -0.00250426 0.00537135 -0.00335336 -0.00597849 -0.00332608 0.00849824 -0.00239775 -0.00166911 -0.00579058 -0.00516079 0.00815988 -0.00940298 0.013339 -0.00572766 -0.00479619 -0.00361493 0.00338291 0.00762056 0.00975117 0.0119999 -0.00522362 -0.000975747 -0.00114856 -0.00244478 -0.00857621 -0.00417873 -0.00315167 -0.00592574 -0.00781805 -0.00586489 0.00384898 -0.0090576 -0.0183135 0.0027476 0.00119909 -0.00326559 -0.000787875 0.00258921 0.0053361 0.00130921 -0.00125838 0.00342524 0.00606915 -0.00716578 -0.0061705 -0.000922553 0.00126199 -0.00763743 -0.0163337 -0.0153973 -0.0199612 -0.00145047 -0.00431215 0.00514495 -0.00567476 -0.00620691 -0.001299 -0.00270572 -0.0110128 -0.00211778 -0.0155457 0.0104666 0.00668428 -0.0121864 -0.00446624 -0.0027653 -0.000603519 -0.0069521 -0.0121409 -0.0181752 -0.00742774 -0.0097191 -0.0157464 -0.0213857 -0.0281185 0.00997605
internal_weight=45144 17223.5 27920.5 24210.1 11949.3 16921.1 7289.07 6518.22 9413.82 5431.1 3211.1 5274.16 5157.79 3460.47 7507.23 7456.78 5361.25 5043.66 2220 5194.96 2351.53 1345.08 1761.81 2312.27 1449.29 123.144 3748.12 2405.36 2046.44 266.752 81.2248 2834.63 274.057 77.0815 2177.91 1721.55 1779.69 2560.57 286.485 1710.96 3710.4 1542.08 472.252 1661.16 3828.59 3051.93 1076.69 776.662 505.87 441.414 308.848 1360.44 2439.53 1000.16 1957.04 1069.83 1752.02 1655.2 475.603 1354.67 1006.45 510.701 339.012 1504.14 1397.85 1253.39 3382.5 498.967 424.601 456.359 328.151 385.983 1882.86 1454.28 263.979 2247.43 1891.05 220.751 403.018 1286.58 1577.62 356.375 71.9975 1373.62 1191.65 336.954 2095.54 2883.54 889.737 1993.8 903.11 1090.69 798.266 350.248 196.975 141.949 2843.42 95.4135 87.599 182.55 121.434 850.372 483.864 157.934 185.528 2274.08 2005.33 1415.78 133.106 489.46 173.562 317.589 260.49 214.077 1975.24 1286.07 868.035 418.037 191.049 116.896 689.169 497.937 220.71 129.159 74.5958 387.539
internal_count=91010 35976 55034 47724 24454 32999 14725 12680 18312 11774 6817 11522 10057 6729 14687 14475 10512 9757 4957 9717 4470 2329 3827 4970 2990 334 7319 4786 4456 777 356 6772 943 449 4679 3591 3679 5829 828 3436 7310 3313 1072 3095 7996 6087 1953 1909 1443 1129 693 2623 4750 2203 3837 2241 3371 3126 904 2838 2141 1226 892 3285 2996 2566 6662 1006 847 1088 643 830 3674 2966 571 4475 3729 419 978 2694 3055 746 276 2585 2228 664 3963 5656 1607 4049 1910 2139 1588 882 494 307 5247 274 323 583 432 1588 905 311 421 5001 3756 2658 354 977 501 755 548 579 4134 2733 1739 994 585 416 1401 1114 636 485 372 875
is_linear=0
shrinkage=0.0200396


Tree=32
num_leaves=127
num_cat=0
split_feature=18 21 21 18 18 21 21 18 21 18 18 21 18 12 20 28 40 21 29 44 37 19 44 21 42 33 42 20 3 80 15 34 28 73 0 80 4 21 38 44 26 14 33 21 18 43 18 24 18 10 73 41 18 41 18 31 10 34 28 34 32 0 39 12 44 19 21 39 33 36 24 15 80 9 18 31 18 35 31 16 20 36 18 15 21 20 41 44 22 21 37 28 19 15 19 24 21 21 25 18 17 44 19 34 3 15 15 38 36 19 24 73 31 31 12 0 12 12 24 73 34 21 80 0 12 33
split_gain=512.037 207.143 197.299 162.947 140.784 141.496 88.9658 96.1498 86.1343 98.1545 65.5974 60.9869 66.675 57.8829 66.0617 75.2131 56.0432 50.5785 45.8452 62.1838 45.0819 44.6654 44.6457 41.1938 41.1635 40.2926 40.0947 40.0408 41.6058 40.0131 39.242 37.7446 37.6645 37.6235 51.2844 37.4019 37.1449 36.9427 47.9075 43.4982 35.178 35.0056 34.5602 34.1404 39.6778 33.2561 33.2201 57.2831 32.6927 52.7174 32.5814 35.0709 32.4102 31.2051 33.3992 31.1735 60.1433 30.8789 29.3461 29.0788 34.1496 28.6535 33.7506 28.6365 28.6127 28.293 28.0761 33.4892 27.9597 46.4418 38.7724 30.8243 32.1977 29.8788 27.9259 27.8199 30.4543 47.1328 27.5639 42.63 27.2906 29.2445 27.1995 27.379 27.0739 40.4458 33.6275 43.947 25.8938 25.6341 30.6824 25.5468 26.6872 25.3619 24.8033 33.4461 26.3076 26.1462 26.5834 24.6754 29.3162 29.0527 28.9952 26.9883 24.3653 24.5428 36.3544 24.2445 24.122 48.3718 23.7931 29.9648 23.7475 23.7328 27.7825 23.6992 23.4833 26.762 30.817 30.1956 28.1743 23.3971 23.1455 34.5088 26.828 24.4412
threshold=-0.02066246327012777 -0.017639513127505776 0.022129570133984092 0.086003046482801451 -0.19699198007583615 -0.25946117937564844 0.1703014746308327 0.18726097792387011 -0.33258499205112452 -0.39823217689990992 -0.055688397958874696 0.35118664801120764 0.31566222012043005 0.10607798025012018 0.045095199719071395 -0.028439719229936596 0.25089928507804876 -0.48845414817333216 0.1032015159726143 -0.46124021708965296 0.076208729296922698 -0.14835732430219647 -0.46124021708965296 0.44804362952709204 -0.40533159673213953 0.6123889982700349 0.0047220319975167522 -0.010130824521183966 0.23870303481817248 0.59691771864891063 0.644737869501114 -0.04772705398499965 -0.23521649837493894 0.043534483760595329 0.080965910106897368 -0.15155322104692456 -0.41575048863887781 -0.27485568821430201 0.1471291854977608 -0.4095297902822494 0.33180579543113714 -0.12537537515163419 0.23351351171731952 0.57889673113822948 0.53065726161003124 -0.61726936697959889 -0.37081009149551386 0.23932125419378283 0.12703388184309009 0.22302796691656115 0.31613045930862432 0.18600255995988849 0.13059716671705249 0.052037520334124572 -0.12095189839601515 -0.089686561375856386 -0.030913070775568482 0.17576927691698077 -0.10933648049831389 0.98194396495819103 0.044959139078855521 0.25426135957241064 -0.021740127354860302 -0.13360092043876645 0.16877178847789767 -0.097381692379713045 0.26202695071697241 0.0064278377685695895 0.021553245373070243 -0.10139860212802886 0.53768256306648265 -0.1073276177048683 0.035480925813317306 -0.1496099308133125 -0.022349069826304909 0.70023125410079967 0.073837231844663634 -0.22127009928226468 -0.12005710229277609 0.27500922977924352 -0.10356595739722251 -0.52447551488876332 0.43864586949348455 0.34823565185070043 0.21648492664098742 0.21952645480632785 0.038646940141916282 0.17570438981056216 0.046929083764553077 0.19403463602066043 0.061776550486683852 -0.31501206755638117 0.17591178417205813 -0.013126399368047712 0.20001410692930224 -0.089763581752777086 0.14207825064659121 0.082424633204936995 -0.15783836692571637 0.032368302345275886 -0.034553429111838334 0.091906763613224043 -0.066221330314874635 0.061749970540404327 -0.04476844705641269 0.51347386837005626 0.016214964445680383 0.084928233176469817 0.17132867127656939 0.1283216401934624 0.41029384732246404 0.25862568616867071 0.63382291793823253 -0.14824702590703961 1.5464449524879458 0.029829545877873901 0.14277523010969165 -0.018922017887234684 -0.015359966084361075 0.11373318731784822 -0.1456576809287071 -0.0837075039744377 -0.038137732073664658 0.2173295468091965 0.13704128563404086 1.0000000180025095e-35
decision_type=2 2 2 2 2 2 2 2 2 2 2 2 2 2 2 2 2 2 2 2 2 2 2 2 2 2 2 2 2 2 2 2 2 2 2 2 2 2 2 2 2 2 2 2 2 2 2 2 2 2 2 2 2 2 2 2 2 2 2 2 2 2 2 2 2 2 2 2 2 2 2 2 2 2 2 2 2 2 2 2 2 2 2 2 2 2 2 2 2 2 2 2 2 2 2 2 2 2 2 2 2 2 2 2 2 2 2 2 2 2 2 2 2 2 2 2 2 2 2 2 2 2 2 2 2 2
left_child=1 4 13 27 8 25 32 52 9 59 16 24 23 14 15 31 35 46 20 112 55 22 42 91 -9 53 -16 30 -29 -25 61 65 48 34 68 -7 -21 -36 39 -39 -35 110 -12 82 -45 -15 -11 -48 57 -50 51 -37 -8 54 58 84 -57 -5 -6 60 80 62 -4 -28 89 -2 67 -26 69 -10 73 -71 -73 -70 -23 76 77 -64 -46 -80 81 -1 83 -14 85 88 87 -86 -3 90 -54 -13 -93 -87 97 -96 -97 98 -34 100 -33 103 -102 -101 -51 106 -106 -82 109 -18 -17 -112 -20 114 -61 -55 117 119 -119 120 -91 -24 123 124 -47 -126
right_child=2 18 3 6 5 10 7 11 33 17 21 12 43 45 26 41 108 -19 19 36 -22 74 121 29 66 -27 63 28 -30 -31 -32 99 94 40 37 50 -38 38 -40 -41 -42 -43 -44 44 78 122 47 -49 49 104 -52 -53 64 115 -56 56 -58 -59 -60 113 -62 -63 75 -65 -66 -67 -68 -69 70 71 -72 72 -74 -75 -76 -77 -78 -79 79 -81 107 -83 -84 -85 86 93 -88 -89 -90 116 -92 92 -94 -95 95 96 -98 -99 -100 101 102 -103 -104 -105 105 -107 -108 -109 -110 -111 111 -113 -114 -115 -116 -117 -118 118 -120 -121 -122 -123 -124 -125 125 -127
leaf_value=-0.016289247755948963 -0.013706824006729401 -0.006712991400362832 -0.0042550181561194405 -0.012991735730726175 0.0039982489832125542 -0.006874065437808362 -0.0062000766326585494 0.0027008886556593491 -0.0085144294664277181 0.0041951442671528125 0.013295508422046111 0.0048041790337130935 0.0039860067974356386 0.020620309239795822 -0.0064929054210126997 0.0019510008040014796 0.0099182903159096315 0.00031011652803391313 0.0047398964000130569 -0.028829578748797772 6.6620216635103271e-05 0.0059728285465823925 0.00091146910623942951 -0.019658339329981539 0.0070883505693153711 -0.006479243044305351 -0.0015536502156723322 -0.0020680066457007271 -0.0070047740227912872 0.00034914647177589981 -0.0094745615489799269 0.0021009468992132106 -0.0026635601394882241 0.0021326632737021342 -0.005697064781554898 -0.0017886697490509759 -0.011870048488665104 -0.01059496790789664 -0.0020613744539627909 -0.029077193278175588 -0.0074997395049622786 0.010900650288357131 0.00085675142656770086 -0.0052350098072057464 -0.0015025553278397901 0.0035640915769533377 0.028185817508694859 0.00063712232932383226 0.012188316501090932 0.0060602795490137373 0.0078698917368285725 -0.0085164684632762465 -0.0048307887604732208 -0.0064115938670936479 0.016352438024148777 -0.029371114258266596 -0.0077062085232620101 -0.00027251344898968728 0.013476030249564834 -0.0039234255786921683 0.0074042230917160659 -0.0032887139964533963 0.0023542331887718448 0.0041988757040978585 -0.011769869148446979 0.00034400493817235704 0.0045859415513249402 0.023248117480433719 -0.0053470441948750991 0.0025893038638165711 -0.00059882676817759478 -0.01134501427337656 -0.00030603838074334257 -0.015103383946351469 -0.0050473562241604049 -0.0030588366433845215 0.0016844744786081957 0.019111124960745702 0.016940335707078383 0.0011659631787911138 -0.016113403388645219 -0.0039625201025469212 0.0062660778843405792 -0.0039456604843866212 -0.032639381231339526 0.005431291034156154 -0.0019539840707401865 -0.0060853399966873164 0.0050412266978539693 -0.0027072974236820348 0.006887696394352368 -0.0013271933013329689 -0.010123757677602095 -0.0063440653993369206 0.0031568010985496284 0.025810536400102526 0.0067976610242808681 0.0030499927798815795 0.0074463303704642193 0.0039698236367111559 0.0020070253700074699 0.0028591760665482783 -0.018422549372105686 0.014913508367420525 0.0025917502031594813 0.0074616629158360589 -0.0083609008130435414 -0.00015842063290005194 -0.001228590891509647 -0.00022784593441477598 0.02016571427521539 0.0019338489786226668 -0.007190916528655996 0.0094876937787801759 0.0069214874403446562 0.0066498528198363702 0.002672061916982623 -0.015302421387223509 -0.0036088293383428863 -0.0064997775990621965 0.0069171410004473651 -0.006078533823671039 0.0062524223092940969 0.0011280853666198023 0.036161423058504796 0.0067051618935269636
leaf_weight=60.200256791780703 66.223330385633744 1221.8846280832076 135.69271388172638 93.468532273778692 530.4982080796035 766.81248630059417 714.43184875848237 2114.0462085260078 455.88871427765116 266.59537132503465 104.15688880626112 142.69524797704071 405.41318489448167 66.644166747224517 254.2376710876124 453.7747366380645 303.54803865228314 1061.8367851888761 96.254926437162794 56.928529163473286 463.9771519935457 990.00722468318418 300.19527001027018 95.909417322021909 183.39375257748179 67.617568418383598 574.27870955097023 1868.286541099078 1095.5030537921702 56.539958159555681 112.8386527915718 439.91480376198888 100.14718759991229 402.08188581967261 281.89992197661195 3624.5571351908147 480.94571622193325 159.75241025234573 84.084821482771076 110.35621335706674 212.08141141349915 976.1447939547943 309.54030989704188 451.71588593255728 330.67537892248947 36.920255448669195 53.017556315753609 52.070138087146915 157.83201146579813 176.29270925431047 103.89261300372891 319.99389060854446 103.10687288676854 90.464954244671389 190.5924134044908 45.923476782045327 324.5711478292942 223.48586561647244 169.6186161673395 402.37341609213036 62.840253904578276 277.73427141853608 125.18739352189004 809.19904877943918 73.480007200385444 147.98728110839147 390.63372221356258 75.459817817783915 275.75413901777938 487.55755504884291 201.40986543952022 149.60970731300768 277.68991541792639 302.63436185033061 81.224055006168783 92.130405864096247 191.64528075605631 146.43313371250406 82.603397405240685 204.69773776328657 143.63079791946802 1621.9708090947242 793.44462958769873 268.9108515966218 32.131156730814837 217.47579266515095 84.51039744191803 71.700825394480489 61.103408199734986 208.59177682304289 292.95367390161846 486.21510040771682 175.59248088405002 80.896581437904388 168.09061235049739 51.235681998776272 89.767937364988029 2848.0319694646169 1143.5341636382509 212.29673471872229 40.311610303353518 813.15324768726714 37.767101903446019 177.43756979634054 191.42295050586108 67.400379391969182 264.60193664662074 50.617762666544877 593.15451610239688 435.45082768390421 52.521572375902906 80.02620593260508 126.11844871868379 66.45582313335035 97.157423092518002 82.649480788968503 328.41922756540589 101.90497550100554 413.43047665338963 197.92648904805537 234.80116470146459 470.34084806579631 1274.3270221254788 57.430800168775022 28.614190489170142 32.051928263856098
leaf_count=200 234 2816 207 271 997 1637 1537 3966 961 516 256 273 636 233 525 821 652 2106 206 328 842 1800 437 378 484 120 1025 3688 2347 82 269 701 172 797 521 6849 1199 403 178 519 472 2255 470 859 639 50 275 131 434 313 266 764 189 184 523 324 689 377 405 805 124 435 184 1388 246 249 802 308 507 911 394 384 456 787 178 134 246 471 249 359 407 3258 1539 468 239 395 144 157 139 323 524 766 408 183 327 227 145 5203 2296 393 92 1483 163 455 347 190 528 94 972 803 200 118 218 210 187 168 545 309 642 387 398 815 2446 157 260 69
internal_value=-3.90534e-05 -0.00241102 0.00186757 0.00080376 -0.00149997 0.00010617 0.00179607 0.000551223 -0.00358125 -0.00154613 -0.000794575 0.00190869 0.000141598 0.00482798 0.0037829 0.00532943 -0.00186647 0.00260316 -0.00693436 -0.0112788 -0.00557165 0.00211087 -0.000566341 -0.00429712 0.00411935 0.00668065 0.000445191 -0.00274053 -0.00393753 -0.0130894 0.000541813 0.00263133 0.00377666 -0.00590842 -0.0068928 -0.00287087 -0.0148401 -0.0118683 -0.0160919 -0.0199245 -0.00133995 0.00857508 0.00456741 0.00184416 -0.000861174 0.00829321 0.0087146 0.0172093 0.000566072 0.00259844 -0.00207402 -0.00238568 -0.00261642 0.00766071 0.00913725 -0.00678655 -0.0120465 -0.00470009 0.00668209 -0.00392647 -0.00508048 0.00192603 0.00407943 0.00181707 -0.00124269 -0.00489006 0.00846143 0.0133993 -0.00530183 -0.0034666 -0.00831484 -0.000785576 -0.0045882 -0.0108619 0.00502874 0.00623391 0.00817515 0.0122234 0.0023948 0.00668848 -0.00559615 -0.00463609 0.0038056 0.000782838 -0.00553332 -0.00453242 -0.012418 -0.0189401 -0.00605817 -0.000679676 0.00369603 -0.00228762 -0.00394912 0.00195369 0.00462408 0.0100048 0.0164873 0.00415891 0.00658439 0.00362881 -1.46515e-05 0.00517706 -0.00969738 0.0095439 8.64566e-05 -0.00209034 -0.0038378 -0.0124331 0.00174185 0.00410597 0.004416 0.0111742 -0.00203815 5.18492e-05 -0.00156615 -5.24873e-05 -0.00189439 -0.00322957 -0.00651927 -0.000432636 0.00245612 -0.00339352 0.00737836 0.0144866 0.0205582 0.0269394
internal_weight=45417.3 20238.3 25179 18547.8 16873.9 9534.32 14502.3 8926.99 7339.57 3938.77 8402.87 6257.95 3494.41 6631.26 5135.27 3497.56 6147.41 1433.52 3364.42 760.248 2604.17 2255.46 1184.23 956.952 2763.53 1131.44 1637.72 4045.45 2963.79 152.449 1081.66 1935.09 5575.31 3400.8 2786.64 4815.26 537.874 636.093 354.193 270.109 614.163 1562.47 413.697 2537.46 1069.69 1495.99 371.683 105.088 1174.5 857.55 4048.44 3944.55 2669.05 1063.82 890.709 2140.2 370.495 316.954 700.117 2505.25 1939.26 968.823 691.089 1383.48 1954.61 214.211 649.487 258.854 2150.54 1370.75 779.798 914.857 427.3 578.389 1071.23 555.396 463.266 271.621 617.977 287.301 1876.42 1682.17 1467.77 674.324 1769.7 1581.36 188.342 103.832 1282.99 1881.13 396.061 804.503 661.808 298.372 4400.81 309.094 141.004 4091.71 1243.68 1720.88 517.994 1202.89 78.0787 389.734 699.718 523.425 456.025 194.249 1332.15 738.999 586.323 132.548 222.373 565.987 499.531 173.114 1485.07 1156.65 515.335 641.319 443.393 770.536 1429.34 155.017 97.5864 60.6661
internal_count=91222 41778 49444 36127 33899 18296 28146 17316 15603 8313 15899 12216 6656 13317 10102 7164 11943 3028 7879 1951 5928 3956 1978 1907 5560 2397 2938 7981 6035 460 1946 3770 10830 7290 6021 9516 1527 1621 1100 922 1269 3394 726 4749 2106 3215 922 406 2460 1812 7879 7613 5100 2277 1925 5086 1013 648 1402 5285 4083 1677 1242 2413 3563 483 1594 792 4400 2712 1688 1751 840 1294 1978 1035 901 655 1247 608 3959 3458 2643 1104 4073 3533 540 396 2955 3317 713 1447 1174 578 8370 699 372 7671 2468 3287 956 2331 255 848 1378 1065 875 501 2427 1455 1139 318 424 1202 992 352 2604 2059 951 1108 721 1252 2982 536 379 329
is_linear=0
shrinkage=0.0200396


Tree=33
num_leaves=127
num_cat=0
split_feature=18 21 21 18 21 21 18 21 18 21 18 18 21 18 18 18 23 44 21 31 23 5 29 1 18 19 4 29 80 18 18 24 21 19 0 22 18 21 21 3 26 18 32 37 73 21 18 23 24 41 21 18 19 10 0 43 12 33 10 44 31 12 11 33 35 11 4 21 29 19 35 15 12 19 80 14 18 44 39 24 80 24 24 0 1 37 39 12 21 10 80 29 36 11 23 18 44 40 12 19 37 12 34 12 10 37 12 9 23 21 30 44 73 3 30 11 0 10 15 80 21 24 40 37 34 30
split_gain=488.769 196.81 183.517 141.955 148.72 141.068 114.942 120.107 78.8461 75.2771 67.2954 59.3986 57.8831 67.2889 56.8874 53.2761 100.933 52.9223 40.793 40.1073 39.6133 39.0773 38.5258 42.7843 38.4378 37.8293 43.0155 40.6066 36.8578 40.9947 36.4044 36.7134 35.8623 37.5818 70.111 34.6306 36.2838 34.1389 33.9504 48.9536 33.2583 32.7917 47.868 46.6018 47.8818 32.369 39.7925 32.3398 30.8161 30.597 30.509 36.6273 30.4186 30.0321 29.8273 29.4419 28.2872 39.1801 38.5963 27.9995 27.9486 37.0031 27.6632 26.8497 42.7778 26.2631 39.7673 26.1056 34.5006 28.6293 28.3858 28.3868 35.7531 27.9826 26.216 26.0394 26.0282 33.1464 31.9719 26.0222 29.7185 25.6176 36.394 29.565 25.5437 25.9027 72.5527 81.0088 25.1833 31.6568 26.219 25.0456 24.6558 27.5362 46.8513 24.5417 24.5022 24.2936 23.8598 65.7681 27.1497 28.7696 27.4811 23.6012 23.425 23.2581 34.1434 27.918 23.0429 23.0267 25.9157 40.1419 22.9192 27.2519 27.7526 34.495 37.6614 23.4329 22.8586 22.5009 22.4876 22.4105 22.3097 22.0615 21.9766 35.8737
threshold=-0.055688397958874696 -0.086273252964019762 -0.099101990461349473 0.086003046482801451 0.038806926459074027 0.16452854871749881 -0.31688533723354334 -0.27485568821430201 0.210770919919014 -0.41468890011310572 1.0000000180025095e-35 -0.5655512511730193 0.37171263992786413 0.31566222012043005 -0.18757638335227964 -0.16801216453313825 0.0054167835041880616 0.030556644313037399 0.013790891505777838 0.059059230610728271 0.0029685362242162232 -0.37499999999999994 -0.40082852542400355 0.32812500000000006 -0.39823217689990992 0.14716280251741412 -0.35158383846282953 -0.064015403389930711 0.095077309757471098 -0.018661018460988995 0.15422734618186953 0.40294981002807623 -0.00096215525991283346 -0.14835732430219647 0.13210227340459826 0.30948847532272344 0.036714788526296623 0.14849261939525607 -0.54361769556999195 0.39443531632423406 -1.4507327079772947 0.04527618549764157 0.17073988914489749 0.42344468832015997 0.21923523396253589 0.57889673113822948 0.53065726161003124 0.22231548279523852 0.46417084336280828 0.23501843959093097 -0.1991661339998245 -0.11758166924118994 0.55588057637214672 -0.21769582480192182 0.29971592128276831 -0.857824146747589 0.18291284143924716 0.033271552994847305 0.35409809648990637 -0.5913884937763213 -0.12005710229277609 0.026662844233214859 -0.52888023853301991 0.45032088458538061 -0.34712398052215571 0.11470966413617135 -0.20237678289413449 0.06446439772844316 -0.11684126406908034 0.19647823274135592 -0.14775565266609189 0.08879623189568521 -0.21846330165863034 0.19647823274135592 -0.116146232932806 0.69144144654273998 0.13059716671705249 0.17031094431877139 -0.046477627009153359 -0.029934264719486233 0.006541699869558216 -0.070528894662857042 0.4773672372102738 -0.015625000465661284 -0.20028409361839292 0.081327840685844435 -0.07054294645786284 -0.17144495248794553 0.30307890474796301 -0.11919406801462172 0.17226447165012362 0.54629117250442516 -0.13636363297700879 -0.0041871711146086446 0.15419355779886249 0.43864586949348455 0.075710799545049681 0.25089928507804876 -0.27236238121986384 -0.13648257404565808 -0.097140531986951814 -0.1496559679508209 -0.1148230880498886 0.18291284143924716 -0.083319023251533494 -0.071092445403337465 0.059059632942080505 0.30942457914352423 0.1327244117856026 0.18313021212816241 0.20972739905118945 0.14139758795499804 0.030442043207585815 -0.077126663178205476 -0.51497521996498097 -0.1870821267366409 0.27414773404598242 -0.06189578399062156 0.34051424264907842 -0.12784452736377713 0.48717127740383154 0.2490750849246979 -0.13579136878252027 0.45459759235382086 0.19199589639902118 0.0014411625452339651
decision_type=2 2 2 2 2 2 2 2 2 2 2 2 2 2 2 2 2 2 2 2 2 2 2 2 2 2 2 2 2 2 2 2 2 2 2 2 2 2 2 2 2 2 2 2 2 2 2 2 2 2 2 2 2 2 2 2 2 2 2 2 2 2 2 2 2 2 2 2 2 2 2 2 2 2 2 2 2 2 2 2 2 2 2 2 2 2 2 2 2 2 2 2 2 2 2 2 2 2 2 2 2 2 2 2 2 2 2 2 2 2 2 2 2 2 2 2 2 2 2 2 2 2 2 2 2 2
left_child=2 28 6 4 10 22 9 38 48 11 32 40 25 120 20 16 -9 19 49 24 81 -19 23 -5 -11 26 27 -10 29 119 31 67 33 34 59 55 -37 41 39 -8 -1 42 52 -43 -45 95 -47 53 76 54 -17 92 -6 -32 98 -12 57 -40 -58 -3 -48 -62 -13 64 -33 66 79 70 69 -69 71 72 -24 -70 -72 -26 78 -78 -7 80 -34 83 -83 -4 -39 86 -86 -88 89 -50 -90 -44 -52 94 -94 118 -73 -53 99 -16 -100 102 -102 -99 -51 -23 -107 -108 -59 -80 -111 -112 113 114 -18 -116 -117 -115 -15 -2 -14 -76 -22 -35 125 -20
right_child=1 3 14 5 37 8 7 15 12 17 35 62 13 45 18 50 112 21 124 -21 122 105 30 -25 75 -27 -28 -29 -30 -31 47 63 65 123 -36 36 -38 84 56 -41 -42 43 91 44 -46 46 60 -49 88 104 51 97 -54 -55 -56 -57 58 108 -60 -61 61 -63 -64 -65 -66 -67 -68 68 73 -71 74 96 -74 -75 121 -77 77 -79 109 -81 -82 82 -84 -85 85 -87 87 -89 90 -91 -92 -93 93 -95 -96 -97 -98 103 100 -101 101 -103 -104 -105 -106 106 107 -109 -110 110 111 -113 -114 117 115 116 -118 -119 -120 -121 -122 -123 -124 -125 -126 -127
leaf_value=0.0059106503940525258 0.012728289561538942 0.0034393768582895654 -0.021994107567824765 0.0065243647309140493 -0.0040850904118818294 0.00061657799260022498 0.027289245924291359 -0.00035523403742457788 -0.0099615380365088383 -0.018483903091556963 0.0099807415542219561 0.0040423349936127718 -0.0037394254238147227 0.0036249761025932011 -0.0222007337742075 0.0029418968872209224 -7.6790084288894239e-05 0.003377195712310569 -0.018312553610602574 -0.026529300943613842 -0.0031203654433232739 -0.0097266034828362904 0.00061014915606249511 -0.011580662760303078 -0.0096194931817825489 0.0080888052067818496 0.0045601370170113955 0.0012942609014250192 0.0049409412976563457 0.014890732482687876 -0.0044683984320065644 -0.0006291178104973679 0.0179633555549077 0.0027216326847240685 0.0032855606520322662 0.0049431801074481252 0.019499044413825741 -0.017851924442646345 0.0066165731459955556 -0.00073861666399758206 -0.0057527268799805803 -0.0024860713731226056 -0.015697863633486717 0.014649849222533025 -0.00068743104289152699 -0.0051797935456196383 -0.0013121941777767578 0.019211642350863655 -0.00064252398193009191 -0.018428012086986197 0.0061934374147598701 -0.00021372398696146739 0.0051316637932593634 0.0064580662165006075 -0.009891703570685308 0.0017181950932641265 0.011909466471207403 -0.0040526325469943071 0.002370377850475796 -0.0094867025562936427 0.018432828480195965 0.0023284069819577988 -0.0013878484888993885 0.0048257062928834674 0.018743502872674695 -0.013904151095266879 -0.0061368071389950657 -0.010848873356639904 0.0010633921006633256 0.0010362022763800226 0.012681522870160325 0.012246014046480163 -0.015463650347512617 0.011028637077553765 0.0056500953321162659 -0.00037947332299137374 -0.0011971586589226413 -0.01376147183932999 -0.0032032535716889935 -0.0028594038433847114 0.00021588000710780889 -0.0035071795515199768 -0.017597170657440792 -0.0044868339824049377 -0.0038788672251348849 -0.0013105082478069698 -0.0001283331152635515 -0.035934722831536453 -0.0098836308799732566 0.0062133797053241452 0.0022394191745370687 -0.0042830013496248402 -0.0047431411580504497 -0.00027837071449816143 -0.021217503453751094 0.0059249609662858664 -0.00058890123286134996 0.010810804808450101 -0.0046878035022258381 -0.0026835811451583745 -0.0028115787835153263 -0.0026423679602743085 0.0058611324380237724 -0.0017088045191136433 -0.001430871312867305 0.0022232172502244128 -0.014756265265940278 0.0012309187291073816 0.0045961600585443406 -0.0085335404067109159 -0.036629553604590095 -0.0018956820534967295 -0.0016288457747795069 -1.8697661428037779e-05 -0.010140363295739417 -0.034195771381203603 -0.0049941409469898635 -0.01073455961361046 -0.0040483796381756022 0.0026190080705156492 -0.014643397455042898 -0.0014104678301111232 -0.024242005685688375 -0.0055445985274344377 -0.002842714576180857 -0.0071556802266937083
leaf_weight=85.08722629584372 105.53551256877836 63.529863712261431 86.065724892076105 65.850045556901023 1148.2995756220771 152.7395270220004 37.702115812455304 1308.4770749493036 150.66251714981627 130.70084179320838 164.71908625715878 597.21768590994179 631.19162517716177 361.40554695879109 67.426499352674 1110.8182137829717 43.027751912479289 203.48862962028943 172.5307058962062 48.110013561788946 33.592083835043013 355.35379075782839 142.197392441798 105.16096765419934 331.50459916854743 685.76021284447052 1384.3512513143942 459.6039415638661 1835.0602599551203 382.65391320071649 87.262267432641238 59.711193998926319 49.991100737010129 1584.2192274262197 391.68957193207461 328.84319591254462 73.990045309765264 69.962364916224033 352.19312113162596 37.703159235301428 1296.4752096714219 1389.4966385320295 196.63032345438842 117.72783600434195 182.32212467177305 470.15335351822432 369.52183833590243 58.599142561899498 804.8509876326425 77.162867974140681 70.433262025355361 758.10366584756412 141.22217173525132 2275.5052669493016 240.88746134610847 2351.9042444465449 315.86679863173049 415.51417184912134 376.05509606015403 439.76263468607794 56.573498535901308 226.81538296490908 929.87597284035292 695.34595303353854 134.71113198925741 79.775343005545437 506.06101618625689 148.87423711945303 1310.6376231824979 142.14492550119758 164.38666744134389 72.423601145972498 62.824446378042921 99.975868069333956 909.59474506927654 192.05243261577561 1396.0815727672307 65.2587518094806 158.79882022063248 129.80471877625678 79.105430283816531 494.60694039799273 67.067804390564561 84.973660103860311 309.24977891123854 295.16426765744109 38.942533415625803 47.382406981079839 149.60410190024413 377.42670568148606 105.81368156871758 158.91753920610063 538.54932765476406 377.12300484254956 60.266155886813067 792.77636298967991 143.14779994077981 159.06941570399795 862.67378191230819 316.4557320275344 200.63916199677624 819.94061489228625 411.26158819813281 78.23020492377691 55.121649687411264 237.77272074343637 95.808560336590745 60.760390883428045 147.68450042512268 200.95256960438564 20.023589562042616 23.243851965875365 139.40676144370809 150.07153954682872 203.18496327928733 57.21308378316462 35.00134107156191 153.85919387009926 235.81383723975159 342.23959159688093 68.790304797701538 209.47533140680753 103.38129184464924 116.80563630303368 206.03367153089494 447.48399356356822
leaf_count=179 306 112 358 162 2446 269 213 2415 348 500 349 1155 1150 553 280 1886 64 320 571 243 82 782 193 228 720 1743 2549 804 3463 1063 162 93 182 2769 637 566 261 273 786 66 2823 2508 535 321 233 884 680 204 1327 270 160 1438 316 4697 492 4256 692 757 675 853 195 412 1841 1057 453 266 1008 349 2391 261 472 167 255 222 1596 305 2553 237 368 297 150 1133 275 147 602 607 77 318 356 613 149 246 1009 657 254 1545 200 343 1601 540 316 1548 927 140 93 483 281 134 278 418 210 49 250 251 495 338 64 374 402 627 220 331 452 207 372 940
internal_value=-6.30904e-05 0.00147946 -0.00285071 0.000957508 -0.000861718 0.0021292 -0.00147429 0.000153452 0.000521691 -0.00393406 0.00105449 -0.00196038 0.00192865 0.000106743 -0.00615596 -0.00134243 -0.00380369 -0.00731883 -0.00505594 -0.0114392 -0.0107831 -0.00406828 0.00430018 -0.0045701 -0.00941039 0.00408889 0.00262922 -0.0017409 0.00664687 0.0101634 0.00454381 0.00339854 -0.000840456 0.000331827 -0.00293822 0.00328017 0.00858666 -0.00382906 0.00477312 0.0162672 -0.00493377 -0.00291235 -0.00490692 -0.000922858 0.00592814 0.00164607 -0.000868357 0.00651826 -0.00187236 -0.00392581 0.000302508 -0.0011459 -0.00299085 0.0060071 -0.0034254 0.00235358 0.00399474 0.0015998 0.00698913 -0.00773561 0.00229359 0.0067683 0.000758413 0.00698607 0.0132904 -0.00436437 -0.0029624 0.00241563 0.000637446 -0.00536106 0.00415186 -0.000329481 -0.00537168 0.00195183 0.00560929 -0.00641208 -0.00345601 -0.00198317 -0.00706978 0.00319799 0.00887157 -0.00840645 -0.0058666 -0.0149414 -0.00762397 -0.00600794 -0.00921512 -0.0232283 0.000361712 0.00161816 -0.00504533 -0.0112011 -0.00372668 -0.0045909 -0.00717821 0.00366584 0.00447206 0.0015801 -0.00275655 -0.0072473 -0.00193298 -0.000215992 0.00299745 0.00684245 -0.0126575 -0.00614592 -0.00252664 -0.00911997 -0.00166564 -0.00988817 -0.0135351 -0.025275 -0.00938174 -0.0109396 -0.0148141 -0.0168528 -0.0264228 -0.00583367 0.000540966 0.00555662 -0.0052762 0.00431591 -0.0202931 0.00207589 -0.00898921 -0.0108414
internal_weight=45594.1 29357.1 16237.1 26691.6 10455.5 16236 11489.8 6925.55 9348.21 4564.21 6360.2 2908.66 5893.42 3213.04 4747.31 5242.83 2090.24 1655.55 3877.62 702.368 869.688 953.184 6887.83 171.011 654.258 2680.38 1994.62 610.266 2665.49 830.429 6716.82 4295.45 3440.74 2596.01 894.982 2919.46 402.833 4095.32 1682.72 75.4053 1381.56 3334.62 1645.07 1689.55 300.05 2513.06 1123.06 2421.37 3454.79 3051.57 3152.59 2041.78 1289.52 2362.77 2919.28 2516.62 1607.31 915.392 691.922 503.292 652.911 283.389 1527.09 889.768 194.422 844.738 764.962 3405.68 1701.63 291.019 1704.05 420.593 205.022 1410.61 1283.46 523.557 2017.1 1461.34 555.758 258.901 129.097 732.714 561.675 171.039 760.701 690.739 395.575 86.3249 1437.7 1182.28 255.418 355.548 1046.37 975.938 598.815 1390 215.571 995.403 2678.4 383.882 2294.52 1431.84 611.901 237.3 132.285 749.695 394.342 156.569 563.199 403.019 244.22 43.2674 781.765 642.358 338.427 295.399 92.2144 303.931 597.219 447.775 699.982 1119.07 136.973 1701.02 826.048 620.015
internal_count=91149 57381 33768 51922 20395 31527 23371 13605 18034 9766 11913 5998 11485 6041 10397 10138 4251 3768 7950 1768 2447 2000 13493 390 1525 5444 3701 1152 5459 1996 13103 8040 6481 4578 1602 5432 827 8482 3467 279 3002 6605 3543 3062 554 4671 2171 5063 6549 6067 5887 4001 2762 4859 5704 4605 3188 1821 1367 965 1287 607 2996 1603 546 1903 1637 6437 3223 610 3214 815 448 2613 2399 1025 4104 2790 1314 629 332 1913 1408 505 1877 1604 997 395 2445 1940 505 781 2080 1920 1263 2500 367 1921 5212 820 4392 2791 1243 483 363 1680 898 415 1035 1045 677 259 1836 1586 961 897 402 625 955 933 1370 1927 534 2976 1883 1511
is_linear=0
shrinkage=0.0200396


Tree=34
num_leaves=127
num_cat=0
split_feature=18 20 18 11 11 44 11 18 40 20 18 11 20 11 23 18 38 20 69 12 3 35 18 12 22 15 11 20 33 23 29 16 18 3 30 12 31 15 23 11 33 22 4 20 28 24 17 11 10 24 23 20 18 30 3 17 33 23 38 30 19 32 12 20 29 20 39 18 31 30 20 41 28 20 33 73 11 20 12 24 42 23 44 19 32 19 33 33 17 33 12 11 10 20 18 35 24 74 10 38 39 23 18 11 14 44 28 10 32 33 39 10 24 18 10 3 36 12 73 44 4 42 24 23 10 31
split_gain=483.993 72.5866 130.045 101.363 86.1117 64.5646 66.1925 63.4746 119.864 77.5972 60.126 55.4095 53.9198 69.2498 91.5234 52.4849 52.4053 54.7427 51.3417 58.4601 79.5131 49.532 49.3731 47.643 44.9727 44.2607 39.8445 51.6848 37.4732 37.4239 36.5889 35.0133 59.9305 34.9041 36.9689 34.3063 34.159 33.7916 32.5941 57.1535 46.9289 70.0649 35.4998 37.8591 32.1158 46.2497 54.1201 34.0403 30.8664 38.8918 29.7636 46.4693 32.4238 30.3623 29.711 37.3487 29.3746 29.3078 29.2604 34.626 29.1476 28.8522 29.1147 34.8791 31.3698 28.7422 45.4605 41.5154 28.2231 48.6592 33.0577 28.0038 27.6944 27.3273 27.3201 26.7364 26.5091 56.046 31.1049 40.8551 26.2567 26.0964 26.0055 25.704 25.6632 24.991 31.3039 24.9751 25.074 44.5217 24.9255 24.9032 24.822 24.7047 51.2178 24.5296 24.4019 24.1444 23.9353 23.8968 23.7192 30.0462 29.045 52.3536 34.3168 23.6053 28.8359 23.572 24.1014 23.4191 24.5121 39.7701 23.4036 23.3911 34.5125 23.1733 33.9507 26.7946 39.2352 26.4454 24.2158 22.9116 24.824 22.8766 34.4255 22.7586
threshold=-0.04432928375899791 -0.0113530489616096 0.093077111989259734 0.13962993025779727 0.014997141901403667 0.043733684346079833 0.13701941072940829 -0.31688533723354334 0.22571942210197452 -0.2346449792385101 -0.022036567330360409 -0.17881456762552259 -0.30154511332511896 -0.4535845667123794 -0.16979135572910306 0.10994796454906465 0.056220095604658134 0.19846732169389728 0.054398322477936752 -0.23910550773143766 0.44410437345504766 -0.12707065045833585 -0.38485574722290034 -0.19323394447565076 0.18587074428796771 0.13821326941251758 -0.15547610819339749 0.05776606127619744 0.57135316729545604 0.32585756480693823 -0.40082852542400355 0.36122232675552374 0.5698031783103944 0.33241093158721929 0.047161985188722617 -0.13474770635366437 0.23653549700975421 -0.14130183309316632 -0.23203778266906736 0.79749175906181347 0.42592518031597143 0.61696556210517894 -0.31447555124759669 -0.44292727112770075 -0.0060305267106741658 -0.045682754367589944 -0.037286063656210892 0.26273217797279363 -0.052321594208478921 -0.12327211350202559 0.2048507556319237 0.14452427625656131 -1.0000000180025095e-35 -0.0088912318460643274 0.3504475355148316 0.0083057670854032057 0.38267691433429724 -0.13467267900705335 -0.35047847032546992 -0.34912557899951929 -0.06378344818949698 0.23742485046386722 0.072821099311113371 0.069357905536890044 -0.30801960825920099 -0.073807220906019197 -0.13035829365253446 -0.19163300096988675 0.2173462510108948 0.49272619187831884 0.036069549620151527 0.020435141399502758 0.26663376390933996 -0.13923981785774228 0.13768241554498675 -0.14824147522449491 0.14800114184617999 -0.31632475554943079 0.17832568287849429 0.029833257198333744 0.22656214982271197 -0.099194314330816255 -0.046192593872547143 -0.060228798538446419 0.047595443204045303 -1.0000000180025095e-35 0.55719247460365307 -0.11011836677789687 -0.10578167438507079 -0.080571833997964845 -0.10149082541465758 0.043021580204367645 0.19967543333768847 0.33094103634357458 0.18726097792387011 -0.22127009928226468 0.015972431749105457 -0.093654677271842943 -0.0071833229158073655 0.017942583188414577 -0.0021120251622050996 -0.024112061597406861 -0.71984270215034474 -0.52888023853301991 1.5923423171043398 -0.13217838108539579 -0.025522422976791855 -0.12463154271245001 0.20186138898134234 -0.56823816895484913 -0.16810777038335797 0.92820423841476452 0.011157591361552479 -0.20809268206357953 0.041077444329857833 0.41401703655719763 0.15034965425729754 0.12213302776217462 0.70736190676689159 0.021872271783649925 -0.4771131426095962 0.63764128088951122 -0.21184862405061719 0.48937988281250006 0.31851662695407873 0.0085453102365136164
decision_type=2 2 2 2 2 2 2 2 2 2 2 2 2 2 2 2 2 2 2 2 2 2 2 2 2 2 2 2 2 2 2 2 2 2 2 2 2 2 2 2 2 2 2 2 2 2 2 2 2 2 2 2 2 2 2 2 2 2 2 2 2 2 2 2 2 2 2 2 2 2 2 2 2 2 2 2 2 2 2 2 2 2 2 2 2 2 2 2 2 2 2 2 2 2 2 2 2 2 2 2 2 2 2 2 2 2 2 2 2 2 2 2 2 2 2 2 2 2 2 2 2 2 2 2 2 2
left_child=7 5 4 29 26 10 48 12 9 25 33 -11 100 22 80 90 113 24 19 -16 -21 23 37 57 54 35 28 85 58 30 -4 32 44 34 -2 36 -9 -14 42 40 87 -42 -8 -44 96 47 84 125 -7 -50 52 107 60 -54 75 -56 -36 -12 -3 -60 82 62 63 68 -64 76 -67 81 -6 70 -70 -27 99 -23 -37 -18 77 97 79 -79 -15 -68 -29 -31 -47 86 -28 -40 -89 -90 -5 -58 112 94 95 -32 -17 -10 -57 -73 102 -102 104 -104 109 106 -25 108 -52 -1 111 -111 -69 114 -13 117 -117 119 -119 -48 -121 122 -65 124 -33 -46
right_child=1 2 3 15 61 6 38 8 65 11 21 16 13 14 18 31 17 -19 -20 20 -22 73 -24 105 -26 71 27 50 -30 83 93 123 -34 -35 56 74 -38 -39 39 -41 41 -43 43 -45 45 46 115 -49 49 -51 51 -53 53 -55 55 98 91 -59 59 -61 -62 -63 64 121 -66 66 67 92 69 -71 -72 72 -74 -75 -76 -77 -78 78 -80 -81 -82 -83 -84 -85 -86 -87 -88 88 89 -91 -92 -93 -94 -95 -96 -97 -98 -99 -100 -101 101 -103 103 -105 -106 -107 -108 -109 -110 110 -112 -113 -114 -115 -116 116 -118 118 -120 120 -122 -123 -124 -125 -126 -127
leaf_value=-0.01755839518579471 0.0089195153484323674 0.012647163391337649 -0.0071734842530470312 -0.0013328545850832148 0.00082167960743311885 0.010797818218902465 0.014542024393608419 0.0021582794312839161 0.0018291545559648804 -0.0013890043131838366 0.0021269182062986186 -0.026394437917788907 -0.0032309751223684961 -0.0039229745946782702 -0.0061072417590200658 -0.0041248975481992193 0.0027762055882688788 -0.017649037436211119 -0.0068209078087054838 -0.040790956487596598 -0.0094536627488659621 0.014497248434474917 0.0024006967769509449 -0.00037555273794168695 -0.010683209813500918 -0.013634070390297799 0.004973814552313798 -0.015024915818454655 -0.0035839017461114266 0.0034355956687947514 -0.001518975755676747 -0.0068778492527943498 0.0097544320689097359 -0.0036007693804027013 0.0031667245218575803 0.014690451738619926 -0.010491114945644366 -0.010908718481235698 -0.00027647455494620983 -0.015169779923187889 0.0095023100668526015 -0.0029356521755171867 0.0099661258241821541 -0.0019956780157358699 0.0060136206633407312 -0.0004737822616838815 0.0012052429146877509 0.0028429456773795591 0.0072117498264391419 0.0008739991124815759 0.016834322390944009 -0.0070514157686271551 -0.00094078060234401148 -0.0081163553770940665 -0.0025430114002175657 0.01051657413354502 0.00055412284210745299 -0.015032324996027266 0.013579487943163352 0.0017617632786994968 -0.021495392340619122 -0.015571516512910341 -0.0041730601914896203 -0.0036406339134647035 -0.02195702762701621 0.0030710710398762654 -0.00031555121635062244 0.008691079801910204 -0.0043578499810234313 0.0085702648431369172 -0.019901043759779843 0.0041013347994665935 -0.011049133159511811 0.0072938874018546257 0.003790645651159481 -0.0045542422651856209 -0.0022637377944759321 0.0050676615391554124 0.0081519276308537735 -0.0048302874408573679 -0.015662270250473054 -0.011647570006791588 -0.0020878976473310113 -0.0041120132394807576 -0.015626917273571826 -0.0031776497531177069 -0.0033423792525516896 -0.015120468436818621 0.0086206072881761832 -0.0053740657736501152 -0.014749756076726689 -0.013937145790550231 -0.0045327561082678996 0.0024164127626380215 0.0087862247939850899 0.0045093051002363382 0.0026274890179001681 0.02545213756881981 0.00038954285940537731 -0.0027801203612308136 0.0046462915507446828 -0.0095915991876072033 0.010304147699273979 -0.0014334258687917494 0.0042845060584426366 0.0034662348009800626 0.016752148877744136 0.00020910905023109063 0.001583738708827837 0.0073437277525098231 -0.0097842751890647953 -0.0069448740241198886 -7.5190187127077495e-05 -0.0068453267272968969 -0.0036382886717943991 0.016530196615790065 0.0022570389248215989 0.008725425511465882 -0.0065102391368695766 -0.012193672998065491 -0.0017966641765037965 0.001731496202934188 -0.015120122617374882 0.0048926381102900761 0.0015852507348397275 0.021374508001215788
leaf_weight=56.253036509500816 287.49208300851751 107.26961162046064 84.911847950541414 105.90264768549241 713.30545095051639 245.55830670485739 82.115880574798211 415.7369122140808 28.388817999046296 2089.6410977372434 61.687044025049545 42.722541706287302 714.82547633140348 578.03923247777857 73.065452432958409 774.36497752275318 220.90577268030029 76.763949707848951 136.54382366349455 90.043921414297074 72.030203522299416 282.2554032150656 371.26122527220286 53.010104434099048 221.14692604320589 60.10882631491404 804.2130745673785 72.654385533882305 341.89027820923366 319.59481574350502 290.94148250808939 547.54092529986519 289.78961356310174 402.1598359439522 401.32091301190667 117.89150700939354 81.185066707665101 343.80243279156275 1163.4247538279742 87.171215069130994 370.82600938342512 317.36952275747899 126.04167146619875 334.43437194346916 119.83358708512969 76.635416533565149 1447.8706206757342 353.4669078970328 615.58164743846282 1019.3075711540878 68.7137872914318 200.65343830210622 799.45834446267691 318.41635474434588 411.20653681783006 188.85694193036761 92.430902169668116 61.735844643088058 83.640671208151616 1368.6593513132539 54.298682479420677 82.421922862762585 113.75946055643726 156.85285885422491 53.524481738568284 992.98656946618576 121.69744432135485 131.99077406560536 193.84628379705828 52.196281122392975 65.985383380553685 294.74590358685236 83.356329606147483 1311.3880567887099 348.11604191258084 1155.2198621800635 236.47020261886064 347.0597898758715 321.62265143974219 279.16537427902222 70.838380210800096 239.09894300764427 205.11059849243611 356.7336506183492 91.516025730175897 301.12794419412967 211.81077822064981 63.65823923482094 82.37491798598785 625.35357735084835 109.2971216160804 65.59518684761133 347.24055923894048 1525.3261695906986 1272.0364403178683 2326.9127859837608 272.34929676575121 48.379538997891359 172.96179711900186 527.86565389833413 55.359298917464912 300.22930976096541 145.40443025110289 1433.5149760310305 109.44090067932848 1085.5000731154578 102.20802159991581 257.05401287111454 86.574202132644132 111.1567443072563 221.77425536059309 159.18257432454266 539.27623512491118 2309.1278567292029 60.370448352885433 68.195274248369969 278.66353265824728 281.55493957793806 66.07379865727853 86.257902686134912 546.53814479452558 66.372916411608458 175.19346799550112 109.60804136202205 275.98457145073917 66.252982371486723
leaf_count=220 531 298 183 199 1399 645 241 778 90 3887 97 225 1338 1087 124 1575 402 307 373 621 225 714 727 94 526 181 1365 249 544 524 540 1169 646 693 689 330 202 805 2122 279 753 512 281 552 207 126 2299 671 1366 1852 228 444 1401 740 764 495 119 194 206 2321 231 259 190 282 236 1777 215 357 329 133 269 565 249 2681 647 2478 417 601 694 448 219 579 344 713 254 631 409 196 181 1119 323 186 558 2979 2698 4554 484 237 257 1018 121 638 327 2857 252 1901 302 386 133 297 445 336 928 4812 107 207 473 556 110 224 853 91 465 167 455 251
internal_value=-6.54337e-05 0.001549 0.000838476 0.00208863 -0.00134264 0.00299508 0.00147346 -0.00268006 -0.00190751 -0.00316007 0.00483077 -0.00414435 -0.00457692 -0.00670267 -0.0106533 0.000221815 -0.00531485 -0.00319356 -0.0183408 -0.0237664 -0.029897 0.00637861 -0.00374777 0.00347366 -0.00254588 0.000386839 -7.8727e-05 -0.00138303 0.00222309 0.00388304 0.00442824 0.00060319 0.00129442 0.00110816 0.00339279 0.00338965 -0.000282327 -0.00591944 -0.000258801 -0.0011664 -0.000561349 0.00384184 0.00411002 0.00159739 0.000701722 0.00162743 0.0006119 0.00688519 0.00444009 0.00333663 -0.00334947 0.0003302 -0.00489354 -0.00312265 -0.00159381 0.00150976 0.000285746 -0.00737886 0.00353981 0.00266346 -0.0102144 -0.00526837 -0.00450377 -0.00343831 -0.0119373 0.0011508 -0.000150432 -0.00249043 -0.00139499 -0.0061833 -0.00968966 -0.00260386 -0.00152446 0.00877169 0.0071515 -0.00334056 0.00356444 0.00494364 0.0033296 0.000625779 -0.00574114 -0.00809385 -0.00644204 -0.000531932 -0.00964516 0.00169319 0.00318978 -0.00216102 -0.00489759 -0.00349403 -0.00895512 -0.00642637 -0.00035527 0.00464412 0.00549523 0.00382721 -0.00233592 0.019178 0.00601738 -0.000255973 -0.00252118 -0.00717272 -0.00170803 -0.000205981 -0.00516316 0.00468385 0.0115289 0.00414389 0.00971026 -0.0071762 -0.00520369 -0.000919205 0.00187612 -0.00741052 -0.0162923 0.00131603 0.00597995 0.000593145 0.0055436 -0.000284172 -0.00362619 -0.0082922 -0.0103279 -0.0028977 -0.00406242 0.013327
internal_weight=45993.2 28439.2 19099.2 12144.2 6955 9340 5133.22 17554.1 12511.3 8877.93 4206.78 6948.92 5042.77 2450.45 1020.56 5967.7 4859.28 2447.06 371.683 235.14 162.074 2957.78 1429.89 1364.14 2370.3 1929.01 5281.55 3380.09 1901.46 6176.46 5500.13 5752.5 4819.36 1249 846.839 962.93 496.922 1058.63 3252.77 2710.18 2623.01 688.196 542.592 460.476 4529.57 3482.86 2943.31 539.553 1880.45 1634.89 2062.93 612.995 1449.94 1117.87 2149.15 773.025 559.347 123.423 1559.57 1452.3 332.064 1673.46 1591.04 1423.75 167.284 3633.38 2372.29 1379.3 1025.33 312.028 259.832 966.077 905.968 1593.64 466.008 1376.13 1261.09 1024.62 947.848 626.225 648.878 360.796 277.765 676.328 168.151 1317.15 1016.02 1934.81 771.387 707.728 215.2 158.026 1018.51 5415.22 3889.89 2617.85 1046.71 76.7684 361.819 822.612 2592.32 355.589 2236.73 1578.92 657.808 1240.72 155.218 412.342 155.288 548.367 492.114 270.339 671.267 2412.22 103.093 2775.15 346.859 2428.3 347.629 2080.67 632.796 398.419 332.046 933.134 823.525 186.087
internal_count=91466 55323 37023 23440 13583 18300 10099 36143 25131 18230 8201 14260 11012 5519 2649 11249 10373 5229 1343 970 846 5983 2870 2588 4922 3970 9930 6561 3369 12191 10954 10727 8936 2218 1525 1957 980 2143 6236 5162 4883 1265 1074 833 8290 6231 5102 1129 3863 3218 4156 1191 2965 2141 4396 1516 994 291 2825 2527 824 3653 3394 2968 426 6901 4414 2637 2130 731 598 2013 1832 3395 977 2880 2487 2070 1743 1049 1306 794 593 1237 380 2405 1774 3618 1496 1300 522 305 1843 10771 7792 5094 2059 327 752 1583 5493 759 4734 3184 1550 2297 396 747 361 1298 1078 633 1285 5144 332 4722 680 4042 666 3376 1077 838 747 1791 1624 458
is_linear=0
shrinkage=0.0200396


Tree=35
num_leaves=127
num_cat=0
split_feature=18 21 21 18 21 21 18 18 21 18 21 18 21 18 18 32 29 1 0 42 18 9 21 42 18 3 15 23 24 21 0 24 21 18 21 18 37 73 31 15 32 19 19 1 11 39 21 16 18 21 22 11 12 12 15 10 16 25 24 38 21 18 0 29 18 33 14 10 13 3 13 0 26 42 21 35 43 32 28 32 73 15 10 22 4 18 73 21 19 24 33 35 3 36 73 28 40 40 21 19 4 10 10 41 18 29 21 80 3 19 44 28 28 32 28 20 12 5 23 23 8 12 21 18 3 0
split_gain=453.848 171.541 162.431 147.27 121.651 96.7777 88.2756 84.1905 103.193 71.6222 59.1299 60.4293 57.9342 87.0666 55.7338 44.4527 39.8734 40.8638 39.6372 45.304 61.941 40.8352 37.4399 35.5087 34.0699 41.4526 32.9131 32.6678 32.6271 32.3194 32.8395 31.3927 31.1993 37.2254 31.18 44.9008 53.1284 47.4333 30.8636 29.9535 31.3007 46.3632 29.9012 29.8783 33.5535 32.6635 29.8318 34.6578 30.1627 35.1416 30.8223 29.6915 43.2269 42.2173 29.5618 29.9474 35.1728 29.2421 29.1398 29.6227 28.9834 28.2381 33.858 27.6654 44.8636 30.8336 27.5047 26.953 26.9126 26.7461 26.4328 34.4878 25.6207 25.1809 24.6093 35.2584 27.09 24.3644 24.2371 26.2899 24.1003 38.436 24.0385 23.9383 23.8895 36.1456 42.4702 30.1121 27.1432 23.7187 30.1225 36.6692 30.5213 28.0149 29.054 24.1474 28.9867 39.2825 26.8555 30.226 27.4554 23.63 23.3386 23.3154 23.2357 33.9026 23.5986 26.0623 23.1989 22.825 48.1135 22.7073 22.6545 22.5061 38.1094 28.7522 41.0091 27.7025 30.4142 50.1705 23.0283 21.7999 21.7209 21.647 24.4095 21.6407
threshold=-0.04432928375899791 -0.048428479582071297 -0.0465041697025299 0.086003046482801451 0.1703014746308327 0.026619628071784977 0.2052363604307175 -0.19699198007583615 -0.20878767967224118 0.017950735054910186 0.36144964396953588 0.31566222012043005 -0.323604866862297 -0.39823217689990992 -0.094419144093990312 0.10657956078648569 -0.40082852542400355 0.32812500000000006 0.21164772659540179 0.22179241478443149 -0.25816884636878962 0.31714642047882086 -0.52309173345565785 -0.40533159673213953 0.15422734618186953 -0.14074952155351636 0.18917458504438403 0.37609958648681646 0.53768256306648265 0.23508659005165103 -0.46164773404598231 0.01970689278095961 0.56286081671714794 0.5698031783103944 0.12475946173071863 0.04527618549764157 0.42344468832015997 0.21923523396253589 -0.15263283252716062 0.17527603358030322 -0.33305577933788294 0.17591178417205813 -0.22879149019718167 -0.15482954680919644 -0.058884857222437852 0.057072600349783904 -0.50513148307800282 0.1747941076755524 -0.66585803031921376 -1.1103271245956419 -0.041010674089193337 0.13141939789056781 0.26318806409835821 0.020068807527422908 0.60458651185035717 0.24920769780874255 0.35086232423782354 -0.31515765190124506 0.46417084336280828 0.02272727340459824 -0.1228351518511772 0.038615768775343902 -0.13778409361839292 -0.16436000168323514 -0.16091182827949521 0.0010811491520144048 -0.11786786466836928 0.28703477978706365 -0.38340532779693598 0.42757956683635717 0.041916763409972198 -0.15198864042758939 -0.37081038951873774 0.58605664968490612 0.29666452109813696 -0.39565728604793543 -0.22518391162157056 0.23538632690906527 0.11741564050316812 0.1771187707781792 0.17895434796810153 0.050189174711704261 -0.066005960106849657 0.062842320650815978 -0.33955840766429896 0.17754884809255603 -0.066174298524856554 0.20814624428749087 0.27094492316246038 0.40294981002807623 0.45032088458538061 -0.35434961318969721 0.43606831133365637 0.23426573723554614 -0.039336156100034707 -0.15650665014982221 -0.020683453418314453 0.15737409889698031 0.050994226709008224 0.19647823274135592 -0.30144415795803065 0.02535299584269524 0.078623406589031233 0.086261663585901274 -0.03951717168092727 -0.27418446540832514 -0.13694676011800763 -0.15334323793649671 0.17175004631280902 0.23285557329654696 0.10071661323308946 0.21648346632719043 -0.028439719229936596 0.16861063987016681 0.38083894550800329 0.040732916444540031 -0.13474770635366437 1.0000000180025095e-35 -0.22679051011800763 0.22231548279523852 0.18769998103380206 -0.29071101546287531 -0.63534316420555104 -1.363029897212982 0.30716200172901159 0.31960226595401769
decision_type=2 2 2 2 2 2 2 2 2 2 2 2 2 2 2 2 2 2 2 2 2 2 2 2 2 2 2 2 2 2 2 2 2 2 2 2 2 2 2 2 2 2 2 2 2 2 2 2 2 2 2 2 2 2 2 2 2 2 2 2 2 2 2 2 2 2 2 2 2 2 2 2 2 2 2 2 2 2 2 2 2 2 2 2 2 2 2 2 2 2 2 2 2 2 2 2 2 2 2 2 2 2 2 2 2 2 2 2 2 2 2 2 2 2 2 2 2 2 2 2 2 2 2 2 2 2
left_child=2 61 7 5 16 9 58 12 43 -3 23 39 13 46 15 -10 17 -5 19 20 57 31 -15 109 89 26 -26 -11 69 -4 -31 -20 66 -34 35 113 -37 111 60 -12 -41 -42 -27 44 68 63 48 -48 49 123 122 102 53 -53 55 56 -35 -14 84 -60 -16 62 -2 64 -45 -65 -13 -43 -9 72 -40 -72 -21 80 75 -25 -76 -29 82 -80 121 -82 -17 -56 85 86 -6 -88 125 93 91 -91 -93 95 -95 98 -97 -98 100 -100 -18 -59 103 -44 -64 -106 -107 -108 -55 -8 -111 -38 -47 115 -115 116 -7 118 -117 120 -120 -36 -50 124 -1 -86
right_child=1 3 29 4 6 34 10 8 14 27 11 32 18 22 38 78 24 -19 21 28 -22 -23 -24 74 25 42 -28 77 -30 30 -32 -33 33 54 73 36 37 -39 70 40 41 67 51 45 -46 112 47 -49 50 -51 -52 52 -54 108 83 -57 -58 101 59 -61 -62 -63 104 65 -66 -67 -68 -69 -70 -71 71 -73 -74 -75 76 -77 -78 -79 79 -81 81 -83 -84 -85 88 -87 87 -89 -90 90 -92 92 -94 94 -96 96 97 -99 99 -101 -102 -103 -104 -105 105 106 107 -109 -110 110 -112 -113 -114 114 -116 117 -118 -119 119 -121 -122 -123 -124 -125 -126 -127
leaf_value=-0.007457802774106877 0.0018287533082720388 -0.0013598524953977874 -0.006069988006347486 0.0069539862091487015 0.00029077143502843027 0.0082154066295504306 0.0016616908655105002 0.0055161122851815989 -0.0014673061595545944 0.0029833859928315117 -0.00081569861361243333 0.00073863725867975079 0.0011094780144610963 0.0087817905414444598 0.0046164131093888111 -0.019212638894501262 0.012754886924362684 -0.012031610905522546 -0.018690751716135844 -0.0055883223611247939 0.0021927855380881127 0.0025517952305229245 0.00071762329424895801 -0.0024561429864053339 0.01840881144675488 -0.0028384115895958863 0.006918145688882763 0.01544991221009779 -0.0010500636964090261 0.00012187333937147607 -0.020809860374796509 -0.0059214971414012904 -0.0038736606542195914 0.01352717236645281 -0.00078628520777417055 -0.0014570146008797355 0.0038187072882826592 3.1073885052337312e-05 0.0015928141601998583 -0.0012677815769638081 -0.004381136677376306 -0.029165249753848523 0.014456710782931021 -0.0075769372783408978 -0.0046816101991687242 -0.013805186584031414 -0.0097075202022999223 0.0032056293089220236 0.0042547900865289338 -0.0077942379828501726 -0.0090708395102632906 0.0055380828137969913 0.014754100958021868 0.0017306830703889982 0.0026622017448577609 -0.001548530120891969 -0.001753838214213899 -0.011555763888055664 -0.0026601182848925643 0.0035132108381832651 -0.0065963798229645744 0.0076189891751304159 0.00088612108010986896 0.012966661495343923 0.0035809840596983185 0.0031406946132331412 0.0066383714609640808 -0.0037081283328244535 0.016088599295970084 -0.0042413611588711063 3.6269002318781947e-05 0.019119619009255451 -0.017499639244024413 0.0015437965682557322 -0.0044483389366990131 0.013463878212203888 0.0072437080969496434 0.0012010710065720935 -0.00034227650048587738 -0.0076228316679597926 0.0095469372896667039 -0.0061823286155591722 -0.0053138887396387471 -0.0090834887856235062 0.00083229498813460357 -0.00089915904876968237 -0.0046031893577482561 -0.020566568794749822 -0.0074362527260532739 -0.0005857538218686099 0.0039249385125506246 0.02338452050907678 0.0019401677860823347 0.0040917912719873016 -0.0051539447919478083 0.0030256742792931484 0.014787519011129057 0.00066157684451471064 -0.0094074876685133618 0.0021042951574190569 0.0001048452215720678 -0.0044843034646813822 0.0049304829347652807 0.0037334422704680317 -0.0016206429037510289 0.015666290501909194 0.01603098674106063 0.0053228907812333673 -0.0094232602587904328 0.020566450261013215 0.00256144273676818 0.023560430372718304 0.00030129713804092359 -0.013415024406627295 -0.0023335067577200334 -0.0026665066392609921 -0.002852169885228328 -0.0015860645202686256 -0.030306296243278779 -0.0034581102627162632 -0.0046903552698347789 -0.013202476762036277 -0.0017251743926948962 0.007756277628473641 0.0045664592579516836 -0.0071166792242533198
leaf_weight=146.72418357653078 1437.2028352866182 2076.7989854434272 3140.7207166524604 50.093408568762243 89.165852501988411 157.37671880971175 1658.087140288786 319.83543030405417 2008.5536236243788 1445.9909252364887 445.31615244026762 618.96884194074664 236.41386337764561 258.43924020964187 107.18043570057489 90.943074622424319 71.451986208208837 100.83160784607753 186.18096809915733 147.09804759931285 711.05686572415289 68.46455753245391 1303.7975641943049 55.919040070846677 157.69834075402468 176.13581950683147 354.36427529505454 140.19108621939085 208.0800367713673 37.402816866058856 97.137348710908554 176.68309749267064 649.34835791785736 198.46077999623958 72.521361558698118 1520.3765749756712 48.89883990585804 139.01052126241848 1291.2088094810024 163.11187598120887 143.67965357739013 54.723934529232793 265.26168646954466 177.6477175639011 59.805747675825842 55.229070130735636 493.5945683545433 85.011124243843369 433.014598085545 623.74306517757941 112.14925593649969 227.47819410183001 60.922408324666321 103.92828427557833 136.61426184233278 133.75043647363782 73.358767906203866 265.56016025412828 693.10278932622168 526.92452582041733 302.7586245550774 1385.3286707282532 271.37100499041844 171.69951796811074 480.34950200410094 446.74488967214711 649.23848925554194 31.485644584405236 151.9209329020232 227.15701694530435 66.674448851728812 59.273958162521012 234.72103698761202 130.24327566218562 101.82815142371692 335.97655351168942 197.41485713073052 75.301300885155797 340.92638777231332 470.11842913751025 49.258464738610201 416.24932935414836 138.91178656648844 99.660716415382922 766.81685611372814 219.90578549599741 90.919058902887627 147.08557935268618 286.24721310241148 56.084724464453757 832.69305750203785 86.509763594483957 41.613993887556717 190.83473371062428 349.59489143581595 1823.2531282780692 189.2146000447683 130.47304162546061 173.56273527082521 153.28356776200235 245.04234759777319 764.06000766332727 788.23805369716138 145.77414624125231 132.41361957520712 162.18322660797276 93.616596992127597 714.43086603225674 181.6422831073869 60.288501999340951 231.62257194670383 57.29192502272781 99.696823948295787 241.69597417570185 260.72649373079184 164.66261463821866 486.20627027458977 352.10167126252782 54.354864337248728 99.227925984072499 29.956608847132884 324.34011047636159 497.67089224024676 84.559915165300481 89.3338730011601 141.23600053868722
leaf_count=318 2602 3920 6853 136 116 356 3021 509 3918 2641 729 965 388 615 198 353 198 228 609 254 1290 136 2569 127 506 280 685 390 413 71 388 305 1231 468 104 2614 69 159 2319 317 250 321 749 383 148 159 1094 170 788 1293 262 498 197 179 211 191 122 661 1161 857 573 2950 433 423 871 705 1295 45 425 408 119 235 695 315 181 909 438 125 564 904 176 950 268 256 1412 395 223 488 583 86 1205 347 75 313 690 3357 548 200 376 251 388 1485 1404 231 224 465 264 1193 386 247 455 233 207 599 391 314 929 616 335 208 68 817 987 216 174 280
internal_value=-3.18742e-05 0.00152659 -0.00257332 0.000877469 0.00200473 -0.00127684 0.000462523 -0.00163824 -3.51026e-05 0.00111268 0.00185108 9.50468e-05 -0.00312296 -0.00153345 -0.00159804 -0.00324779 0.00399037 -0.00552908 -0.00512812 -0.00418184 -0.00248092 -0.0106922 0.00217073 0.00408548 0.00422249 0.00611355 0.0111365 0.00418523 -0.00809652 -0.00658111 -0.0157199 -0.0132436 0.00162988 -0.000555555 -0.00321503 -0.00231859 -2.11558e-05 0.00817243 0.00115564 -0.00449369 -0.00835752 -0.0127694 0.00466984 0.00381503 0.00778445 0.00223099 -0.00379187 -0.00772938 -0.00256212 -0.00510797 -0.000183899 0.00545074 0.00159516 -0.00055287 0.00280299 0.00596566 0.00953788 -0.00510583 -0.00235783 1.37118e-05 -0.00353459 0.00525637 0.00403467 0.0033081 0.000391983 0.00626604 0.00383247 -0.0226849 0.00955357 -0.0103651 0.00255773 0.010528 -0.013526 -0.00633587 0.00793278 0.0111387 0.00319865 0.0110986 -0.00656417 -0.00467189 -0.00755239 -0.00410125 -0.0121321 -0.00262444 -0.00400381 -0.00740419 -0.0113982 -0.0154657 -0.00232335 0.00312094 0.00578304 0.0127104 0.0178343 0.00226832 -0.00182944 0.00307596 0.00408853 0.0094839 -0.000304889 -0.00419613 0.00369104 -0.00653909 0.00722185 0.0110811 0.00626375 0.00753476 0.00880894 0.00700759 -0.00549552 0.0026373 0.00759297 0.0168463 -0.00582481 -0.00448169 -0.0080465 -0.00302448 3.88843e-05 -0.00576125 -0.00958761 -0.0147397 -0.0242562 -0.0111153 0.00108295 0.000259111 -0.00285411 -0.000548592
internal_weight=45963.8 28495.6 17468.3 24299 15956.2 8342.78 9000.26 14193 6839.48 3738.28 6038.85 3397.72 7353.51 4128.04 4876.55 3049.45 6955.98 150.925 3225.48 2794.15 1977.09 431.329 1562.24 2641.14 6805.06 2461.44 512.063 1661.48 817.056 3275.26 134.54 362.864 2559.4 1291.19 4604.5 3611.89 1765.58 245.201 1827.1 838.317 393.001 229.889 1949.38 1962.93 531.562 1431.37 2565.8 578.606 1987.2 944.361 1042.83 1773.25 573.971 513.049 641.845 405.57 271.82 1266.03 2961.4 1220.03 409.939 4196.55 2811.22 1276.44 657.997 618.444 1268.21 86.2096 471.756 608.976 1417.16 125.948 381.819 992.613 691.139 391.896 299.243 215.492 1040.9 811.045 862.369 465.508 229.855 236.275 1741.38 547.076 327.17 238.005 1194.3 4343.61 1016.9 184.208 128.124 3326.71 540.43 2786.28 2142.94 319.688 643.341 326.846 316.494 1029.62 1199.27 411.036 1374.02 1102.64 970.231 808.047 285.571 1950 291.911 106.191 154.926 1846.31 502.422 1343.89 643.583 700.304 348.202 183.539 84.3115 396.861 930.685 320.618 236.058 908.053
internal_count=90990 55267 35723 47136 30807 16329 17294 28411 13281 7076 11779 6401 15130 8486 9451 6007 13513 364 6644 5594 3824 1050 3184 5378 13149 5115 1191 3156 1770 7312 459 914 4739 2479 9253 6891 3075 461 3444 1662 933 616 3924 3830 1082 2748 5302 1264 4038 2001 2037 3644 1260 1063 1248 781 590 2534 5515 2018 771 8131 5181 2382 1254 1128 2260 366 934 1357 2673 354 949 2362 1655 1036 619 515 2089 1468 2047 1126 621 467 3497 1222 827 711 2275 8034 1713 508 422 6321 1003 5318 4105 748 1213 627 586 2146 2384 980 2579 2146 1922 1457 565 3723 702 302 366 3816 990 2826 1285 1541 925 611 403 921 1775 708 492 1692
is_linear=0
shrinkage=0.0200396


Tree=36
num_leaves=127
num_cat=0
split_feature=18 21 21 18 21 21 18 21 18 18 21 18 18 21 18 36 21 12 35 39 23 42 41 10 37 28 5 18 38 12 32 18 26 12 80 21 18 24 10 15 18 19 1 21 43 18 23 44 11 21 42 42 26 19 18 36 1 44 37 24 11 28 22 23 44 10 39 3 36 20 22 12 10 20 21 10 21 70 14 21 18 37 16 42 10 10 4 18 31 11 21 28 9 33 1 12 4 20 12 19 24 56 21 53 19 10 37 33 19 0 18 11 39 31 4 16 32 33 28 18 21 22 43 20 31 11
split_gain=456.63 178.646 158.326 135.562 138.687 126.614 105.672 97.9675 76.2504 65.2871 59.9834 82.9607 51.7684 46.7998 66.2915 45.4294 40.3469 53.2974 39.5167 40.6722 38.8204 38.4131 37.2112 39.6862 35.3473 33.9955 41.8904 32.7695 67.566 32.0519 31.9515 31.3732 31.3484 51.2535 31.1167 38.7294 30.4473 29.9729 29.4102 36.9588 29.2647 29.1376 68.3386 31.7859 33.0847 28.9128 30.8086 37.3797 28.7964 28.6529 45.1103 37.0377 32.6916 30.5228 30.3622 36.8508 36.509 30.8773 30.4653 30.2663 29.5599 46.2031 28.392 28.0744 27.9798 35.9005 27.6075 27.5596 29.8818 45.6702 57.8198 41.2635 34.4697 27.5481 27.5321 27.4796 27.4751 27.4395 41.4595 27.2847 33.8406 27.9495 45.1668 26.8165 26.7933 26.7319 32.4721 27.3154 33.2589 38.6325 29.4642 29.5655 39.2712 26.7592 26.7072 28.6979 26.6661 26.4739 26.4184 33.2186 25.6946 25.4424 25.1845 24.9554 34.8028 24.0618 23.9097 23.8805 23.7283 23.1501 23.2014 27.1811 30.063 26.8017 23.0306 34.6635 42.3071 22.788 39.6717 27.5897 22.7195 26.7637 22.3675 22.1935 45.8709 32.2063
threshold=-0.055688397958874696 -0.086273252964019762 -0.091404747217893587 0.086003046482801451 0.026619628071784977 0.16452854871749881 -0.25816884636878962 -0.20878767967224118 0.1756282448768616 1.0000000180025095e-35 -0.44355355203151697 -0.5655512511730193 -0.2005786597728729 0.37171263992786413 0.31566222012043005 -0.15734265744686124 0.24278382956981662 -0.0040137614123523227 -0.067642398178577409 0.023467077873647216 -0.089614201337099061 0.21869208663702014 0.2920487672090531 -0.052321594208478921 -0.34200373291969294 0.055247748270630843 1.0000000180025095e-35 -0.55004206299781788 0.30023923516273504 2.0481652021408085 0.050277233123779304 -0.37081009149551386 0.37507528066635137 0.45584863424301153 0.59691771864891063 0.46792815625667578 -0.10188202932476996 0.23932125419378283 0.069578181952238097 -0.0023164234589785333 0.28136509656906133 -0.14647845178842542 -0.13494318723678586 -0.02148813288658857 -0.15302310138940808 -0.11758166924118994 -0.040699712932109826 -0.50407490134239186 0.10366091877222063 0.14849261939525607 0.17700465768575671 0.58605664968490612 0.17131607234478 -0.19408743083477017 0.04527618549764157 0.13636363297700885 -0.28835226595401758 -0.093780752271413789 -0.097140531986951814 -0.17224785685539243 0.15703525394201281 0.24861641973257068 -0.26170344650745386 0.38630199432373052 0.0072575255762785682 -0.11919406801462172 -0.0021120251622050996 0.3620197474956513 -0.19230768829584119 -0.017430625855922696 -0.019659280776977536 -0.13933485746383664 1.0000000180025095e-35 0.15922895073890689 0.042655548080801971 0.15771592408418658 -0.34284798800945276 -1.0000000180025095e-35 0.36561560630798345 0.57889673113822948 0.53065726161003124 0.034117799252271659 0.27500922977924352 -0.40619015693664545 0.26470464468002325 0.87824270129203807 -0.020373876206576821 0.1756282448768616 -0.026642258279025551 0.14237817376852038 0.082424633204936995 0.06582567468285562 0.04707495495676995 0.017452928237617019 -0.049715908244252198 0.33658257126808172 -0.20237678289413449 0.045095199719071395 -0.23910550773143766 -0.13648257404565808 0.2837179452180863 -0.30647981166839594 -0.058050032705068581 0.13100099563598636 -0.19408743083477017 -0.066005960106849657 -0.10181167721748351 0.42242872714996343 -0.13648257404565808 0.29119317233562475 -0.077365890145301805 0.034569084644317634 -0.13415716588497159 0.016405828297138218 -0.29481184482574457 -0.68544685840606678 -0.47532983124256128 0.23351351171731952 -0.29309192299842829 -0.16091182827949521 -0.63534316420555104 -0.064155463129281984 -0.71499690413475026 -0.12206416949629782 0.2111831679940224 -0.19619145244359967
decision_type=2 2 2 2 2 2 2 2 2 2 2 2 2 2 2 2 2 2 2 2 2 2 2 2 2 2 2 2 2 2 2 2 2 2 2 2 2 2 2 2 2 2 2 2 2 2 2 2 2 2 2 2 2 2 2 2 2 2 2 2 2 2 2 2 2 2 2 2 2 2 2 2 2 2 2 2 2 2 2 2 2 2 2 2 2 2 2 2 2 2 2 2 2 2 2 2 2 2 2 2 2 2 2 2 2 2 2 2 2 2 2 2 2 2 2 2 2 2 2 2 2 2 2 2 2 2
left_child=2 32 6 4 9 85 10 36 16 24 11 29 66 21 34 20 107 30 -19 -20 75 40 67 -24 -3 26 64 28 -28 114 -18 120 33 38 35 -15 76 -33 39 -2 -10 42 -26 44 -43 123 -47 -48 96 50 54 52 83 -52 56 -56 -6 74 -59 -60 61 -57 -22 122 65 -12 -4 73 84 70 72 -71 -70 98 -58 -9 -8 78 -75 -16 -81 -82 -83 103 102 87 -87 90 89 -89 91 -5 93 -93 -29 106 97 -45 99 -14 -72 -35 -69 104 -51 108 -96 -7 -92 110 111 113 -113 -100 115 -1 -117 118 -78 -119 121 -13 -11 -17 125 -125
right_child=1 3 12 5 49 8 7 15 13 63 25 31 22 14 79 45 17 18 19 -21 62 -23 23 -25 41 -27 27 94 -30 -31 -32 37 -34 101 -36 -37 -38 -39 -40 -41 -42 43 -44 48 -46 46 47 -49 -50 51 53 -53 -54 -55 55 60 57 58 59 -61 -62 -63 -64 -65 -66 -67 -68 68 69 71 100 -73 -74 77 -76 -77 117 -79 -80 80 81 82 -84 -85 -86 86 -88 88 -90 -91 105 92 -94 -95 95 -97 -98 -99 109 -101 -102 -103 -104 -105 -106 -107 -108 -109 -110 -111 -112 112 -114 -115 -116 116 -118 119 -120 -121 -122 -123 -124 124 -126 -127
leaf_value=-0.003081726283630151 0.007492523297547707 0.0065297095722032517 -0.0088541485020127882 0.0035126832083302167 -0.01082213079122773 -0.0033463088742353591 0.0061232321910863257 0.017344304371700585 0.001268887785473515 0.011067726318199857 0.0053813398464031366 0.0083352471945262741 -0.01661258934615965 -0.0043503008855217502 0.0033262351860355618 -0.0015625857831752282 0.0069094287733858723 -0.0062770087663016061 -0.0034818135971992929 -0.031504565865634007 0.0085127889826964852 0.010200842005420945 -0.019254617530375794 -0.0015669206291043082 0.0021384593819697645 -0.012510253511763537 -0.033671722649473018 -0.011755334584477388 -0.0037192111813129222 0.0070168836480003771 -0.0054321608268644425 0.014487835774717135 -0.0015355751014385368 0.0030223104869244494 0.0036795706303594062 -0.017363015239612731 0.011803205939145594 -0.001251854437185032 0.00443234576214917 0.022724588795256812 0.005311760835645953 -0.0050590778687120601 -0.0084401759202722658 0.0069388488072121357 0.0040628701685894849 -0.0048003782242002063 -0.0028548495643648266 0.0078450994940882507 -0.0094846744608096702 -0.0078182430077263828 -0.016555701455168093 0.002864893651247809 -0.003060415485980174 -0.0046580548321743711 -0.0019688306084770838 0.0024487995746553474 -0.00071577914770265538 0.0092217725332045582 -0.01080261121207581 -1.4964895764652524e-05 7.9194617132781805e-06 0.018025729844701587 -0.0033790963830844746 0.0096597691503744355 -0.00074887850447566743 -0.0073167739317351963 -0.021470652988246085 -0.0013666141358839826 0.025076552343381086 -0.011143301398467672 -0.0041853941711075199 0.00041242531918265021 0.00023061754501764231 -0.033994604722197119 -0.014761951623125385 0.0031148576835658475 -0.0017628811566736107 -0.005949934294558667 -0.0036206598429441052 -0.004780793795433321 -0.0014430359331528214 0.01768442548684571 0.00096076213673040823 -0.007037920583725093 -0.00035021171604407311 0.0066069097732882444 -0.0061011168539600808 0.0071978941609693939 0.012432723684461827 -0.00079475007279866856 0.00096891820020817549 0.019616317331336633 0.00364764969775596 0.0079342024096990989 -0.011831336614387591 0.0059794183536501727 -0.0035447838020279993 -0.004571242011519476 0.0023827457098796428 -0.0049535990519046832 0.0080295497500133227 0.022694407717008321 -0.016975015858785952 -0.0055717247590452755 -0.036571083127673328 -0.00043908777036927885 -0.001315231505139951 0.0011843584145576219 0.0060699674565094551 -0.0085826915668931105 0.0011088700449175442 0.00014996601515566637 -0.013834497701732862 -0.0051216184018114145 -0.0033035670956371123 -0.0075712001829838539 -0.025932402906183535 -0.0045611362344031474 0.0068138978130278033 0.0018660139591252394 -0.0010011706249962869 -0.0025996005208140703 0.0023637176958880256 -0.0019818643617252039 -0.020203190489562834 -0.0085114624260363026
leaf_weight=256.85508041118737 675.16290059720632 233.27095171750989 599.88975230895448 1832.7666819149163 192.19862370507326 873.93241992918774 628.64977641066071 74.85977562807966 2351.0174583178014 104.08298502233811 82.472247726866044 242.29246956971474 138.79576544475276 606.34508903836831 1408.4419136905344 879.42635831912048 104.48812304646708 182.90164825075772 38.286092325579375 50.614316329942085 77.544127185479738 265.31633920804597 122.11996703431942 85.975125229917467 406.5768429209711 246.39498012303375 37.2867141693132 228.40064225276001 73.456186671042815 63.801067425054498 215.55547752568964 114.08713827852625 180.35540534788743 44.688832501647994 122.90091357147321 91.721832331386395 129.65490715682972 66.690847654244862 1659.5634998899186 57.063375938800164 1031.7911026026122 169.38750465970952 557.27148230571765 235.60221388237551 903.14583557413425 267.373390110326 208.99558744661044 281.63521237473469 162.59679128974676 49.080291319871321 74.70431620744057 121.41634085134137 288.38399104808923 1246.7706028337125 779.13938944879919 212.58603749040049 107.89291176758707 96.194712507654913 95.982026411802508 772.69007381796837 315.51787945651449 104.48478617379442 347.67346213397104 262.6378508793423 987.38373117044102 693.10877047397662 78.388857468147762 69.061469009961002 53.473317349329591 161.58432937285397 162.84447368653491 360.02465427003335 32.326877232408151 25.11886484362185 100.60970520728733 153.72532302537002 326.86420807347167 155.64943989750464 39.112666241708212 472.21506181894802 364.17021566710901 75.719348859973252 193.04655844473746 244.06777813727967 150.7160485163331 101.24196294904687 199.54256577033084 860.02243675291538 315.27523705223575 324.59106070164125 732.694903461379 128.24715765705332 465.19351856189314 311.84683548205066 129.48230975877959 84.842012316337787 518.0390004402725 94.333805377944373 300.36613746907096 339.76349398726597 84.251731363357976 97.860330727649853 103.35356881259941 59.278110650135204 32.74415575619787 969.24486816616263 218.87704518716782 948.41927397507243 739.76786867855117 293.5123270683689 469.09290529473219 85.826115212752484 173.02311542304233 444.21751743659843 798.86769416253082 208.47120709076989 61.84964830451645 409.25846344023012 561.64165308489464 675.26606615621131 921.17289270251058 118.38749048649333 2110.3349661736283 774.34774408955127 59.970954339602031 501.72377561079338
leaf_count=418 1403 378 1474 3368 438 1744 1165 231 4407 227 177 488 411 1130 2476 1635 202 333 61 290 148 603 420 116 655 605 251 546 164 132 381 376 298 76 189 334 300 161 3068 249 2123 295 1042 536 1541 597 325 543 411 129 240 274 568 2367 1268 325 185 231 241 1485 448 344 598 579 1874 1418 339 94 266 404 292 657 62 243 375 253 569 371 73 884 668 239 339 546 200 184 363 1711 746 680 1256 415 879 679 307 173 1011 204 552 698 211 350 302 137 260 1711 446 1445 1503 565 780 151 432 716 1722 426 268 678 1303 1074 1757 176 3762 1461 255 1009
internal_value=-7.33184e-05 0.00140999 -0.00274245 0.00091455 -0.00084344 0.00205804 -0.00153009 0.000240142 0.000535333 0.00126154 -0.00352217 -0.00145725 -0.00592614 0.00159696 -0.000117627 -0.00191136 -0.00251662 -0.0069543 -0.0130904 -0.0227342 0.00278635 0.00315766 -0.00496553 -0.012874 -0.00059082 -0.00560598 -0.00481977 -0.00866445 -0.0180405 -0.00492373 -0.00117353 0.00185687 0.00628754 0.00685993 -0.00497877 -0.00659798 0.00309301 0.00913127 0.00602967 0.0093806 0.00253387 -0.00118736 -0.00402115 0.000150025 0.00252937 -0.00296263 0.000393911 0.00334148 -0.00236484 -0.00331615 -0.00260876 -0.00676856 -0.00856633 -0.00562382 -0.00113445 0.000915605 -0.00323975 -0.00179658 -0.000201724 -0.00148013 0.00442698 0.0085137 -0.00083471 0.00370106 -0.00303577 -0.00582392 -0.0110098 -0.00442883 -0.00184453 0.000153626 0.00572867 -0.00348108 0.0177917 -0.00563032 -0.00834039 0.0090073 0.00255032 -0.0122045 -0.021548 0.00149839 -0.000842252 0.00214673 0.00676917 -0.0122489 -0.00679627 0.00409767 -0.00160328 0.00436129 0.0067606 0.0050262 0.00363663 0.00506229 0.00801782 0.0121937 -0.00650392 -0.00323947 -0.00076376 0.00351883 -0.00485905 -0.00898319 0.000300492 0.017833 -0.0116701 -0.0188838 -0.0250497 0.00200022 -0.00575849 -0.000998637 0.00359371 -0.00362985 -0.00251272 -0.00420248 -0.00951891 -0.00210156 -0.00562632 -0.00883213 -0.0135755 0.00134647 0.00368135 -0.000596265 0.000673645 0.00476854 0.00289356 -0.00410824 -0.00572045 -0.00466696
internal_weight=46264.3 29743 16521.3 27028.3 10651 16377.3 11992.8 6358.61 9396.88 5757.28 5634.18 2852.48 4528.49 6982.69 3334.56 3627.28 2414.2 591.846 271.802 88.9004 653.803 3648.12 3850.21 208.095 3280.22 2781.7 2535.31 772.345 110.743 1389.84 320.044 1462.63 2714.69 2534.34 820.968 698.067 2731.34 180.778 2391.79 732.226 3382.81 3046.95 963.848 2083.11 1072.53 2973.47 758.004 490.631 1010.57 4893.74 4098.77 794.971 673.554 1321.47 2777.3 1411.73 1365.57 1173.37 964.867 868.672 632.589 317.071 425.218 2477.06 1762.96 775.581 678.279 3642.11 1177.64 854.505 332.896 521.609 85.8002 2464.48 208.503 228.585 2601.68 219.881 64.2315 2513.59 1105.15 632.936 268.766 385.17 323.131 6980.44 300.785 6679.65 1499.89 1184.61 5179.76 2738.05 905.288 440.094 661.602 433.201 847.975 329.936 2244.6 478.559 247.096 142.549 172.415 141.103 81.8244 2441.71 348.359 1822.35 1472.46 1766.04 1472.53 1003.43 258.849 744.584 1326.04 527.176 270.321 1973.03 888.506 1084.52 1281.85 360.68 2214.42 2215.47 1336.04 1276.07
internal_count=91147 57289 33858 51845 20502 31343 24029 12144 17848 10641 11885 5924 9829 13392 6259 7055 4456 1267 684 351 1230 7133 8016 536 6073 5961 5356 1887 415 2966 583 2958 5444 5146 1653 1464 5089 537 4720 1652 6530 5695 1697 3998 1836 5825 1465 868 2162 9861 7947 1914 1640 2607 5340 2385 2955 2517 1957 1726 1117 669 746 4568 3469 1595 1813 7480 2488 1892 831 1061 328 4992 560 484 4789 687 316 4606 2130 1246 578 1072 596 13495 547 12948 3137 2391 9811 5341 1973 1094 1472 926 1751 740 4305 1109 503 426 396 526 389 4470 753 3189 2759 3196 2631 1851 583 1268 2834 1112 694 3624 1872 1752 2421 664 3989 4360 2725 2470
is_linear=0
shrinkage=0.0200396


Tree=37
num_leaves=127
num_cat=0
split_feature=79 61 59 0 73 13 23 37 19 17 19 22 12 19 17 33 7 35 10 12 15 28 31 30 73 37 73 35 20 23 84 40 33 25 24 69 19 24 10 3 9 29 16 73 23 22 42 26 13 9 68 84 80 23 32 19 3 29 32 21 20 3 10 37 32 28 32 0 28 36 19 22 42 39 73 12 37 80 31 73 0 73 12 21 19 21 10 21 37 20 20 0 12 13 11 20 31 0 22 15 22 39 39 32 24 30 32 69 19 20 28 70 39 40 20 10 23 9 35 74 29 24 56 22 74 22
split_gain=104.315 36.6363 25.1891 22.8913 23.9396 31.8478 24.962 27.0221 42.342 23.3429 23.2217 22.4588 21.5532 21.3804 22.2925 30.8351 20.7017 20.585 20.467 29.271 20.27 19.825 20.7838 19.4317 19.2161 23.3493 23.9655 17.6149 17.5796 44.8065 17.3683 16.8069 16.0299 15.6105 15.8017 15.4817 15.3396 15.3209 21.1286 17.6406 14.9991 14.8768 18.9326 17.3503 14.5099 14.8783 13.8181 13.7173 17.465 13.5853 13.5723 13.3648 13.3537 13.3351 13.1031 14.8164 17.2242 12.8614 17.2139 14.4012 19.5567 12.8164 12.5489 12.3547 14.0724 12.3341 12.3137 14.522 12.0524 13.0481 11.8491 15.6773 22.1032 17.0673 15.4456 20.0344 14.9251 12.4965 12.3309 11.7594 11.6672 21.1319 17.0979 16.6338 15.7571 11.4895 14.0818 16.6929 11.4616 17.5254 16.0047 14.1259 13.4909 11.4356 11.2569 14.5351 14.3196 11.2293 11.1761 14.4401 11.1507 11.0655 10.9332 10.8491 16.715 10.9354 10.8363 10.7833 10.7129 10.6723 10.5717 15.4656 13.146 10.7902 14.5746 10.4992 15.5863 14.9346 10.4717 10.2571 10.0931 10.1887 10.0795 16.0265 9.94174 9.89137
threshold=-0.3266893178224563 0.64719104766845714 -0.83024331927299488 0.29687500000000006 0.043534483760595329 0.3496242761611939 -0.066035304218530641 0.22459689527750018 -0.15811406075954434 -0.29738961160182947 0.10866808518767358 0.062842320650815978 -0.18979357928037641 0.037816265597939498 -0.44574284553527826 -0.39756815135478968 -0.036400128155946725 -0.083905603736639009 -0.1281536668539047 -0.23910550773143766 0.30190718173980718 -0.24816893041133878 -0.10482765734195708 0.46528869867324835 -0.12884023785591123 0.0033300245413556699 -0.25803424417972559 -0.26643911004066462 -0.35758264362812037 0.055206734687089927 0.014288586564362051 -0.015287769492715595 0.28472533822059637 0.35755309462547308 0.62469154596328746 0.27593420445919042 -0.15055533498525617 -0.1456087455153465 -0.12630690634250638 -0.46216037869453425 -0.096365761011838899 -0.12397262081503867 -0.37592454254627222 0.0043349086772650489 -0.36118914186954493 -0.007434513419866561 -0.4085750132799148 -0.02214937191456556 0.28020249307155615 0.12827928364276889 0.0023833879968151454 0.18202646821737292 -0.082094114273786531 0.083547316491603865 -0.89062622189521778 0.49232944846153265 0.33851151168346411 -0.099286932498216615 0.14470484852790835 -0.30692751705646509 -1.0000000180025095e-35 0.23870303481817248 0.033098373562097556 0.076208729296922698 0.093949243426322951 -0.34181265532970423 0.064353924244642272 0.20028409361839297 -0.31909559667110438 -0.10839160904288291 -0.20212287455797193 0.15994451940059665 0.20719704777002337 0.67856070399284374 -0.17083302885293958 -0.12327981740236281 -0.3985713124275207 -0.14126227051019666 -0.25671005249023432 0.1007521227002144 -0.10085227340459822 0.16985310614109042 0.0028669724706560378 -0.048428479582071297 0.24502247571945193 0.03688261657953263 0.48924252390861517 0.36144964396953588 -0.15029670298099515 0.1040443927049637 0.15066938847303393 0.06960227340459825 0.57855504751205455 0.20140368491411212 0.46555666625499731 0.036069549620151527 0.70023125410079967 -0.20028409361839292 -0.12378042936325072 0.050189174711704261 -0.029538889415562149 0.70851731300354015 -0.073470111936330781 0.19687643647193911 -0.015359966084361075 -0.016707851551473137 0.21703127771615985 0.1106952764093876 -0.0208973865956068 0.53064054250717174 0.11407493054866792 -0.15852773189544675 -0.025625856593251225 0.049460431560873992 0.15680170804262164 -0.022873247973620888 0.068656191229820265 0.026715801097452644 0.43177284300327307 0.0064124644268304118 0.036870472133159644 0.029833257198333744 0.024552537128329281 0.046929083764553077 -0.15028995275497434 -0.26170344650745386
decision_type=2 2 2 2 2 2 2 2 2 2 2 2 2 2 2 2 2 2 2 2 2 2 2 2 2 2 2 2 2 2 2 2 2 2 2 2 2 2 2 2 2 2 2 2 2 2 2 2 2 2 2 2 2 2 2 2 2 2 2 2 2 2 2 2 2 2 2 2 2 2 2 2 2 2 2 2 2 2 2 2 2 2 2 2 2 2 2 2 2 2 2 2 2 2 2 2 2 2 2 2 2 2 2 2 2 2 2 2 2 2 2 2 2 2 2 2 2 2 2 2 2 2 2 2 2 2
left_child=2 3 -1 4 13 6 9 18 46 11 36 44 -12 20 -15 27 41 23 19 -8 21 22 30 35 25 54 -27 -16 29 -23 40 32 100 34 57 63 52 38 39 -30 -2 50 125 62 -6 -46 -9 -21 -49 61 -4 -29 -11 85 -17 88 119 59 -59 -5 -61 -14 110 108 -65 -24 67 80 69 97 71 72 -39 -73 75 -72 -76 -77 -78 -63 84 82 -82 -84 -20 -52 87 102 89 91 98 -56 -93 101 95 96 122 -33 -90 -100 -26 -10 -87 105 -105 -19 -66 -74 -7 -97 112 -112 -44 114 -114 117 -117 -79 -70 -57 121 -115 123 -45 -125 -43
right_child=1 -3 16 33 5 17 7 8 93 10 12 -13 49 14 15 24 -18 103 66 47 -22 28 65 -25 31 26 -28 51 37 -31 -32 68 -34 -35 -36 -37 -38 70 -40 -41 -42 42 43 94 45 -47 -48 48 -50 -51 53 -53 -54 -55 55 56 -58 58 -60 60 -62 79 -64 64 106 -67 -68 -69 118 -71 74 73 107 -75 76 77 78 115 -80 -81 81 -83 83 -85 -86 86 -88 -89 90 -91 -92 92 -94 -95 -96 109 -98 -99 99 -101 -102 -103 -104 104 -106 -107 -108 -109 -110 -111 111 -113 113 120 -116 116 -118 -119 -120 -121 -122 -123 -124 124 -126 -127
leaf_value=-0.0038041153183740973 0.00051762623830062596 0.0031951584595328111 5.7131231197834714e-05 -0.0089697369385789739 -0.0020919568025932847 -0.001518455239186923 -0.0041439883562665956 0.00075198185809742318 -0.00037151950738939223 -0.0088281908139496157 0.0051539295203627059 -0.004866691031434338 -0.0012892977768371907 -0.0034686335302118506 -0.00068600616492546366 -0.0039627144451863921 -0.0018734048096892982 0.005863383089259014 0.0045880484061453248 0.0020095935483152613 -0.0082719017432591694 0.017032470726290189 -0.00091634690871290946 0.002240428696738123 0.0012381698697586292 0.0010285200847437025 0.013016573210530548 0.015126190813084169 -5.6376818498744703e-05 -0.0052362352707617087 0.0015976109088318416 -0.0011771829798226589 0.0025643375341931366 -0.0049635828081760133 -0.0084058936365149755 0.00038619728476951864 0.0026334218241657833 0.0062517716349600842 -0.00094035017978262017 -0.012985397414619036 -0.006823647144806262 0.0054690232592275725 -0.0063381923369834475 0.00050242535582736305 0.01183766662020087 0.0035258309107247415 0.012645021337850613 0.016338887739013729 0.0062844822368462649 -9.6455887198580434e-06 -0.00098428984171348749 0.0022286984792506174 8.0812554394844968e-06 -0.0078982097589637215 0.0023953059720445593 -0.0031946141589625919 0.013361830625409084 0.0028628314560562775 -0.001092555127822021 0.006247800977460677 -0.0041518237090454073 -6.757332215317287e-05 0.00076808478685498041 0.00053580419880243607 -0.0060630316598881216 -0.011217850483280759 0.00056536706061033207 -0.0003096667119920222 0.0017669058275161693 -0.0035747753096437864 -0.0073343802778872199 -0.010754643754318723 -0.00035542609874136984 0.00039249566446613893 -0.0046970887242785532 0.0063153649423375912 -0.0034568800469120704 -5.2124706779258571e-05 0.0024331560823007683 -0.010255626355735152 0.0032889107613428893 0.0043318422350541487 0.0039043398211938813 0.020714410211572078 -0.0039107559955288123 -0.0050399755418931158 9.8023060455393085e-05 -1.6154413486932304e-05 -0.0074372594719670304 -0.00066728615056706566 0.0054758112333581181 0.016061564700661026 0.0021248986355049504 0.0015335664780383859 -0.0038886756398265666 -0.00084420062139501924 -0.0046383439752098543 0.0059206361460718516 0.0015067120522649737 -0.0073800584046930353 -0.0056918838883035826 -0.0065460295086470187 -0.013411054862344793 0.012611812747903958 0.00064467470137868107 0.00036071575055246431 0.0013803489493103866 -0.0055656489403126744 -0.008706956817116104 0.0050158482369728613 0.0016115644265968993 -0.0027210634037341808 -0.0052443462286972092 -0.0019072710118644815 0.0028238278069660423 -0.0013771716330395224 0.0047278677467776009 -0.0075603254588872517 0.00831240878817858 0.0066246188492926125 -0.0026860453991465784 0.0069103788976213098 0.00072593466084835924 0.0012489521265878947 0.0071135001971411775 0.00011698333250270301
leaf_weight=1310.3168085297802 172.17643557547126 2284.6893548771041 1657.9562523899367 104.44469943037257 60.507017954718322 144.4218403234845 52.042320359498262 57.564905085833743 434.18774630199187 65.455902908812277 93.596115460968576 67.370319894747809 166.55620374321006 344.26202011341229 56.361314823734574 124.24849919555709 6294.4349716810975 148.66287930461112 333.60915606550407 86.348184391739778 107.43481099489145 54.78605383890681 73.404440623824485 534.57856525876559 104.56542697630357 121.8782743322663 141.03317252045963 107.33200127247255 62.036632369388826 48.778219079482369 402.56199613085482 187.85633416823111 162.85743969248142 357.94349463540129 73.636617334908806 693.32783171511255 1028.7904712788295 149.1392808574019 823.31884002930019 96.585014188778587 263.30139142856933 354.93915543355979 371.00184178876225 372.27656128001399 162.86448823183309 224.27422036789358 134.44954216654878 163.27282039856073 196.02541990333702 216.01984997279942 1868.0559951366158 56.539757981430739 271.40971326723229 135.49764376727398 193.49624131887686 65.503726887400262 74.35245590924751 719.87088109110482 1059.6246406645514 83.171502137789503 195.41731330414768 55.550251155742444 902.60429126361851 454.38198996009305 323.67686716793105 139.27828756382223 415.19825101643801 200.09594691207167 692.86195153032895 321.32955687178764 143.18816479376983 107.71197325270623 734.40728096605744 87.425319208065048 112.40123585995752 90.638889423455112 128.53483474452514 278.43753973685671 2408.146613404504 232.9593306457391 79.474006805103272 481.46183827787172 48.42083542002365 83.109038381720893 93.220046526519582 275.55365667736623 237.9572011847049 151.5641098577762 100.1257298438577 239.62875559367239 112.56454107025638 64.754368446301669 53.983503536670469 833.49810607195832 172.28399531589821 1476.14927934343 90.63929586566519 132.29831800644752 305.91497626563068 68.928270371397957 414.71916024049278 137.49625887663569 92.995976673671976 68.532998291193508 102.45603183493949 930.26176809368189 87.317885006312281 181.76506409421563 235.04944707883988 110.8952213046141 605.52720207034145 670.62350916292053 397.70264648040757 65.852105768979527 94.851018214016221 414.88845933205448 246.59619735798333 149.62623475003056 95.881246000528336 56.647194961900823 147.35078078974038 119.69265647430439 674.16495760856196 169.13391168566886 494.44088948389981 224.94493842974771
leaf_count=2762 275 4575 3438 234 108 291 99 120 650 176 217 152 283 744 126 237 12288 371 610 166 226 211 111 813 177 233 352 308 92 94 825 381 285 668 147 1373 1876 315 1480 283 522 659 822 716 432 411 341 521 438 412 4049 86 462 306 310 142 213 1433 1830 201 388 99 1543 787 617 333 765 363 1196 675 290 260 1361 130 200 163 286 426 4491 542 173 905 75 327 208 575 468 337 201 442 260 202 74 1428 336 2994 187 283 541 168 756 263 286 188 272 1654 131 298 555 204 1216 1275 854 134 205 696 407 327 208 129 289 288 1260 333 1066 398
internal_value=-2.75867e-05 0.000780127 -0.00114185 0.000553144 0.000762878 0.00147396 0.00232055 0.00335118 0.00132502 0.000808463 -0.000128159 0.00453108 -0.0028761 0.000149749 0.00125488 0.00167696 -0.000945171 -1.04969e-06 0.00476748 0.00832774 -0.00050128 -0.000359655 -0.00287492 -0.00106132 0.00122621 0.00278075 0.0080286 0.00858388 6.64822e-05 0.00739686 -0.00133996 -5.42188e-05 -0.00259317 -0.00121812 -0.000567679 -0.00199427 0.00142641 -8.26429e-05 -0.00234838 -0.0085129 -0.00401771 -0.000451985 8.9972e-05 -0.00020423 0.00615661 0.00753033 0.00956304 0.00996005 0.0116107 -0.00415725 -0.00137122 0.0115507 -0.00215606 -0.00222573 0.00171412 0.00231166 0.00708483 -0.000204742 0.000518725 -0.00341968 -0.000762029 -0.00603781 -0.0012303 -0.00331116 -0.00188201 -0.00813159 0.00364076 0.0045743 0.00117258 -0.000839281 0.000349526 -0.00132316 -0.000303614 -0.0061969 0.000887721 -0.000864001 0.00176675 4.49284e-05 0.00209998 -0.00844667 0.00544679 0.00704582 0.0121238 0.0161052 0.00259696 -0.0018598 -0.00390757 -0.00568635 0.0013497 0.00336136 -0.000581797 0.00631606 0.0111714 4.74358e-05 0.000767467 0.00103364 0.00225438 0.00193148 -0.00223862 -0.000458883 -0.00427763 -0.00207764 -0.007867 0.00206821 0.00643938 0.00124107 -0.00445879 -0.00151614 -0.0062407 -0.000357927 -0.00196465 -0.000666106 -0.00330165 -0.0017851 -0.00360509 -0.000595295 0.000969574 -0.0029588 0.00279881 0.00164833 0.000941407 0.0038562 0.00268713 0.00390956 0.00572476 0.00349176
internal_weight=46492.2 26952.8 19539.4 24668.1 22074 10197.5 6474.83 3829.47 1597.2 2645.35 2130.34 515.016 764.682 11876.5 4399.92 4055.66 18229.1 3722.67 2232.28 497.689 7476.57 7369.13 1050.72 2472.75 3835.43 1723.06 262.911 220.233 6318.41 103.564 838.04 2112.37 682.142 2594.11 2236.17 1938.18 1365.66 6214.85 981.94 158.622 435.478 11934.7 7515.07 6935.19 447.646 387.139 192.014 445.646 359.298 671.086 4419.58 163.872 336.866 2761.62 1460.15 1335.9 196.503 2162.53 1779.5 383.034 278.589 455.066 3375.21 1244.85 865.377 212.683 1734.59 1319.39 1430.23 641.484 5232.91 1260.45 1065.31 195.137 3972.46 1323.38 2649.08 1180.19 2536.68 288.51 1119.29 692.466 211.004 131.53 426.829 2626.13 758.071 520.114 1139.4 551.863 587.534 312.234 118.738 1405.18 3559.98 3387.7 1800.66 320.155 474.969 374.843 519.285 571.684 368.55 1249.91 170.989 1078.92 410.995 916.172 379.471 1587.04 2472.6 1276.15 1196.45 825.449 492.554 1089.55 661.485 428.064 788.743 122.151 332.896 185.545 1710.02 1035.85 663.575 579.884
internal_count=91269 51981 39288 47406 42505 19674 12622 7452 2802 5170 4067 1103 1553 22831 8729 7985 36526 7052 4650 1224 14102 13876 2066 4567 7465 3504 585 520 11810 305 1622 3961 1218 4901 4233 3754 2514 11505 1855 375 797 24238 14779 13722 951 843 461 1125 959 1336 9459 394 638 6021 2919 2682 484 4086 3263 823 589 924 6626 2381 1535 444 3426 2661 2743 1339 9650 2364 1974 390 7286 2309 4977 2019 4777 641 2298 1480 575 402 818 5715 1666 1198 2198 1028 1170 586 276 2341 7096 6760 3562 664 910 709 933 913 861 2485 460 2025 748 1659 846 3198 5083 2491 2592 1770 1059 1856 1103 753 1404 271 711 422 3375 2115 1399 1057
is_linear=0
shrinkage=0.0200396


Tree=38
num_leaves=127
num_cat=0
split_feature=18 21 18 21 18 21 18 21 18 23 18 21 0 21 18 18 23 18 18 31 53 21 3 21 36 21 18 21 23 19 11 21 20 33 39 12 41 24 42 12 29 80 9 10 19 11 21 29 18 35 11 10 19 19 36 55 12 44 19 23 19 20 12 1 12 24 36 43 21 18 18 20 14 28 30 20 3 19 21 40 10 40 11 16 3 28 73 39 43 30 10 23 18 12 29 36 23 12 0 23 16 1 11 36 37 80 12 31 17 10 17 31 21 12 38 73 29 10 24 18 23 11 19 28 10 17
split_gain=400.516 161.942 173.403 149.824 96.577 84.5577 89.5386 78.358 60.2627 51.0926 53.7821 77.827 96.2959 50.4748 50.1396 48.3436 44.4542 44.3931 42.5625 84.3314 50.2227 41.6483 73.3291 41.071 44.8734 41.0476 56.0717 41.4159 40.565 39.0474 38.4725 38.0512 38.0229 42.8311 37.7793 36.6751 39.3455 41.002 36.4679 35.963 34.7703 34.3664 33.8296 33.3189 32.5611 31.3768 30.0693 38.8988 36.1241 29.9968 29.5099 31.3824 29.4859 48.1758 39.4842 31.3466 35.5875 34.3863 29.1085 28.584 54.5392 33.9284 28.1747 34.025 27.8696 27.8547 27.8143 27.8113 27.787 35.8033 29.7272 27.7142 43.9975 27.6199 27.5303 27.9761 27.1332 26.878 30.6794 37.1578 28.0086 26.746 26.5118 26.2347 29.114 25.8628 32.6674 25.6908 27.4358 25.1268 25.0854 25.0336 25.024 27.5618 37.627 24.7937 24.4981 24.1182 24.1023 24.0881 23.907 23.8004 32.5514 28.3621 26.545 23.7499 23.5496 23.5159 25.3203 23.4266 23.2896 40.9358 37.2565 23.2397 23.2248 23.0831 23.0139 22.982 23.0449 22.8579 28.5088 31.9441 26.8191 28.6389 27.4733 25.8111
threshold=-0.04432928375899791 -0.011225144378840922 0.071790568530559554 -0.061898652464151376 -0.19699198007583615 0.17350865900516513 0.1745371297001839 -0.20878767967224118 -0.094419144093990312 0.0054167835041880616 -0.55004206299781788 -0.48845414817333216 -0.049715908244252198 0.072161644697189345 -0.0014405213150894267 0.14187081903219226 0.37609958648681646 0.014503159094601871 -0.20809268206357953 -0.17436068505048749 0.44610650837421423 -0.58402821421623219 0.3262240737676621 -0.27485568821430201 0.52797201275825512 0.35118664801120764 0.31566222012043005 0.48717127740383154 -0.01612245291471481 0.097916658967733397 -0.46808972954750055 0.2902501672506333 -0.35758264362812037 -0.026405807584524151 -0.14018202573060987 -0.036123853176832192 0.74404051899909984 -0.21362926065921781 -0.40533159673213953 -0.13245412707328794 -0.11684126406908034 0.88968372344970714 0.54365184903144848 0.16872551292181018 0.32694143056869512 -0.18296238780021665 -0.086273252964019762 -0.26614776253700251 -0.022036567330360409 0.28564232587814337 0.12322544679045679 0.41910129785537725 -1.0000000180025095e-35 0.35374227166175848 0.59790208935737621 0.31617230176925665 -0.11983944848179816 -0.11908531934022902 -0.073122270405292497 0.023914464749395851 -0.14647845178842542 0.027030366472899917 0.043004587292671211 0.29687500000000006 -0.228784404695034 -0.27891993522644037 0.44405594468116766 -0.61726936697959889 0.59813982248306286 0.43864586949348455 0.5698031783103944 0.008063483517616989 -0.089339338243007646 0.478980302810669 0.39194822311401373 0.064282633364200606 0.45167937874794012 -0.13648257404565808 0.03688261657953263 0.22931654751300815 0.18365310132503512 -0.085431654006242738 -1.4830586910247801 0.4062561988830567 0.30064630508422857 -0.31909559667110438 -0.21589743345975873 0.32357540726661688 -2.4687800532774413e-06 -0.2282193452119827 -0.17256380617618558 -0.10171875730156897 -0.33676804602146143 0.18291284143924716 -0.26876065135002131 0.40909090638160711 -0.09436220675706862 -0.22075688093900678 0.058238636702299125 -0.1769357621669769 0.56456178426742565 -0.17187499999999997 -0.04782185144722461 0.57692307233810436 0.068562075495719924 0.86018878221511852 -0.16571100801229474 0.50788730382919323 0.5741046965122224 0.27518141269683843 0.57827556133270275 0.25834138691425329 0.088197562843561186 0.26318806409835821 0.45574162900447851 -0.35294996201992029 -0.30460734665393824 0.58940860629081737 0.19058908522129062 -0.055688397958874696 -0.13025902211666104 -0.030013026669621464 -0.0092155686579644663 -0.53748843073844899 0.48924252390861517 0.24039983004331592
decision_type=2 2 2 2 2 2 2 2 2 2 2 2 2 2 2 2 2 2 2 2 2 2 2 2 2 2 2 2 2 2 2 2 2 2 2 2 2 2 2 2 2 2 2 2 2 2 2 2 2 2 2 2 2 2 2 2 2 2 2 2 2 2 2 2 2 2 2 2 2 2 2 2 2 2 2 2 2 2 2 2 2 2 2 2 2 2 2 2 2 2 2 2 2 2 2 2 2 2 2 2 2 2 2 2 2 2 2 2 2 2 2 2 2 2 2 2 2 2 2 2 2 2 2 2 2 2
left_child=3 14 13 4 9 15 31 101 34 10 21 12 29 17 46 40 30 45 19 -5 114 58 41 24 -11 38 27 43 -17 76 -16 66 33 50 64 -33 37 -37 -8 44 99 97 -29 91 -36 -3 47 48 -2 87 51 -13 54 55 74 56 -54 -58 -1 60 -48 -62 63 -28 -9 -25 -7 -32 69 -64 -70 -30 -73 95 75 -47 -12 80 107 100 81 -20 -60 84 -49 86 -10 88 106 -84 -68 -27 93 94 -34 -42 -95 -23 -67 115 -80 102 -6 104 -103 -31 -15 108 119 -88 111 -89 -113 -24 -21 -4 -117 118 -66 120 122 -122 -79 -124 -125 -123
right_child=1 2 5 18 7 6 25 8 85 23 11 32 -14 49 16 28 -18 -19 77 20 -22 22 113 65 -26 26 62 42 71 105 67 35 92 -35 39 36 -38 -39 -40 -41 73 -43 -44 -45 -46 52 59 83 -50 -51 -52 -53 53 -55 -56 -57 57 -59 82 -61 61 -63 68 -65 117 98 90 -69 70 -71 -72 72 -74 -75 -76 -77 -78 78 79 -81 -82 -83 89 -85 -86 -87 109 110 -90 -91 -92 -93 -94 96 -96 -97 -98 -99 -100 -101 -102 103 -104 -105 -106 -107 -108 -109 -110 -111 -112 112 -114 -115 -116 116 -118 -119 -120 -121 121 125 123 124 -126 -127
leaf_value=0.0068472047362855403 0.007172956590405964 0.0053288213514400256 0.0045324918896172753 -0.0068435604191692308 0.0089949939142845627 -0.0042850678194550846 0.0018822458902808576 -0.0021718282595670746 0.0043952383491542516 -0.0018794967048675127 0.00040898137628686581 0.021323261915078714 0.019043263249091284 0.0074003883738970998 0.017071144605387539 0.0032014313172691673 0.019125429104615822 0.00071121410718349575 -0.0036388958925962153 -0.047095035644712339 -0.0022384122099435451 -0.0039671665843971134 0.0002445689214991995 0.00302067767780821 -0.014071123864408891 -0.011649793555237452 0.0069500294262860307 -0.023481801558788134 0.011444312989231225 0.012321640306295852 0.014040288836751435 -0.0010867454235344567 -0.002562394343470005 -0.0096612589672254012 -0.009725375112244165 -0.0045084812870193718 -0.002660584431141299 -0.03220078343989765 0.0069394863638894636 -0.002124394021129232 0.0020187151750022795 -0.0020104579970736378 -0.0010753992386254424 0.0034407335851140844 0.001014494300688417 0.0032589052698235206 -0.009412258866142463 0.011533485696495078 -0.0056212022112789679 -0.014940054654521652 0.0015705526309655108 0.0026344261488858958 -0.0059788588746837725 0.0020112360393863115 -0.010853010038796839 -0.00078730063524817427 -0.0044760634261832273 -0.028242361980861861 0.0058927630207758885 0.0026541928746414679 0.005558909813285464 -0.0047081170914351489 -0.0028187543026992083 -0.00040295010109059971 0.022783002273072513 -0.0057393302737891129 -0.0024405924010925837 0.0045260534707573068 -0.0071658254055209942 0.0052666187610057851 0.00080988950729944393 -0.00012202406932377358 0.0093997369085836932 -0.0038699982571690299 -0.010254265014829941 -0.005625911758960064 -0.012381103882164624 0.0030460229550485231 -0.011575029595757682 -0.00045251496690476572 0.0026053322365576534 -0.01280009578435411 0.0020630757952367061 -0.0032684026369415513 0.0032455668387519118 0.0032415159899501058 -0.015221023220766463 -0.0012441404722001001 -0.0046583017850369652 -0.0059638773859151352 0.0041422574640716759 -0.0025005743907446434 -0.0011769283715915776 -0.005578351006548272 -0.014603587087902794 0.0060476970361004268 0.002573451387439286 -0.024886104232829238 -0.01356508394027999 0.0010899771770084934 -4.8973868490669823e-05 0.0039463169442860236 -0.0050995482593967625 -0.0052272435580891655 -0.0071966576679267152 -0.0016659298143410881 -0.00239602882850002 -0.0083806626468265963 0.0036080618679039033 0.0010451298164919672 -0.0028403047779832417 -0.0076552612946183983 -0.031969334683039217 -0.009991977204935755 -0.0060405351316551448 -0.0158605407444402 -0.0037488290401582027 -0.00035479099232635646 0.0020346044333469831 0.0045092625525283807 -0.0034225958609393832 -0.016622711238427262 0.0044426355474842085 -0.013084777186209956 0.0017899148865917962 -0.0020103497245957643
leaf_weight=99.1161649140995 115.67531516170129 118.75831566320267 59.238355501671322 345.92107740498614 467.17746453534346 1026.5080143886153 2447.1979388779728 138.68128640973009 92.498376262374222 1140.2277712807991 218.84538728522602 51.394355922820978 140.94799483253155 140.5892328947084 89.153066477854736 2101.0796171302209 77.355050771846436 2221.8765184839722 220.65975820634048 23.437192572164349 23.231061261729337 38.286116492468864 266.78039624285884 57.822058642515913 112.73060894478112 136.57964445964899 627.57237285899464 49.212648976128548 503.68745167471934 121.95659423957113 111.34197410440538 127.06012973014731 209.54894164775033 75.566152093233541 523.99771369784139 43.950807348708622 72.125069679692388 47.489910655189306 739.61694695835467 1882.6094591363799 2250.5816276561236 52.966368149849586 47.043803733191453 264.98472519987263 134.32952630612999 522.02503617852926 252.62509851413779 427.93948505644221 214.46930874732789 97.153920143726282 409.09472202789038 85.119414803455584 124.82217477133963 116.55992103193421 155.56381953845266 77.954003657912835 45.132278069853783 87.154106603935361 88.298083749134094 1182.9872051688144 307.25532768643461 187.07202355982736 331.4381483431207 403.16047741170041 40.069940657820553 360.35951558186207 493.8782515214989 3189.0008286332013 330.96501372917555 556.76573977293447 382.54201122152153 351.14098455291241 404.00553359405603 219.09697660640813 74.833215064136311 167.35790805937722 68.432878403225914 372.02055482030846 501.96315213257913 229.5531323394971 68.945607988862321 410.0497435053112 178.47382215608377 73.587303843116388 318.36494318407495 1263.9717546940083 78.776702865958214 78.028977059526369 1050.4442419285187 778.8123654568335 395.5635466753738 568.25804702728055 1349.5659684945131 338.21299985097721 214.43665300752036 849.77429793868214 228.0229330471484 134.00009840063285 391.11653105122969 504.88118856493384 83.73443418846 1270.0281125656329 57.922963883611374 155.6880825542612 68.311484311008826 62.200212994008325 219.89680957782548 245.24608171824366 256.43886170967016 46.854927874403074 167.07959362573456 78.993261080700904 38.94082205358427 106.19865439343266 15.431511265342122 74.176605013664812 244.87041538232006 54.636835796176456 40.626475365250371 130.58010516362265 654.62757360516116 143.69454157212749 76.136370340012945 135.77703447837848 62.013280374114402 79.754874815582298
leaf_count=215 232 258 114 814 904 2012 4542 234 169 2036 343 206 461 294 277 4041 270 3986 431 322 43 88 516 134 281 333 1142 242 1146 292 290 232 341 162 1148 77 103 275 1721 3508 4213 138 67 458 211 999 491 901 446 302 708 157 232 244 361 114 64 403 187 1902 580 289 573 714 202 749 830 6077 624 1022 739 633 822 347 196 317 185 677 1300 411 117 1039 360 111 505 2341 250 130 2139 1568 610 992 2426 623 575 1439 352 620 1006 912 115 2341 142 249 198 102 388 458 436 70 409 157 265 226 37 258 428 80 68 283 1116 419 159 376 102 134
internal_value=-4.38279e-05 0.00141612 0.000598222 -0.00240743 -0.00139733 0.00162289 0.000317491 0.00041993 -0.00110866 -0.00295059 -0.00189433 -0.000473844 0.00588415 -0.00245035 0.00418042 0.00318508 0.00583173 -0.001081 -0.00576824 -0.0118341 -0.0298522 -0.00475447 -0.00894954 -0.00561584 -0.00323277 0.0014445 2.91853e-06 -0.00382004 0.00497261 0.00119874 0.00539154 -0.00317227 -0.00182938 0.00249629 -0.00282396 -0.00965248 -0.0152949 -0.0226073 0.00310212 -0.00359206 0.00173376 -0.0174005 -0.0149239 -0.00237147 -0.00755175 -0.00372818 0.0022884 0.00481878 -0.00091345 -0.00511429 0.00454874 0.0118383 -0.00460176 -0.00868236 -0.00241795 -0.0123329 -0.0154564 -0.0220707 -0.0024159 0.000734158 -0.00228199 0.00160877 0.0015755 0.00411817 0.00396768 -0.00909583 -0.00207676 0.00495027 -9.08284e-05 0.00224092 -0.00298647 0.00780669 0.00509234 0.00267135 -0.000405301 0.000967019 -0.00332823 -0.00501899 -0.0041202 -0.00740153 -0.00855815 -0.00985653 -0.00344039 0.00710343 0.00821913 0.0021346 -0.00390598 -0.00437712 -0.00304689 -0.00443983 0.000506696 -0.00461347 -0.00299667 -0.0053811 -0.00912272 0.00316423 -0.0023083 -0.0213024 -0.0101164 -0.00175604 -0.00999067 0.00365288 0.00725056 0.00228796 0.00324835 0.0078635 0.00161765 -0.00280685 -0.00199002 -0.00984367 -0.00900872 -0.0133569 -0.0197755 -0.00308263 -0.0393007 -0.00542224 -0.00750847 0.00972807 0.0152318 -0.00290394 -0.00360829 -0.0059098 -0.000366884 -0.00490031 -0.00865982 -0.0121177
internal_weight=46558.4 28784.4 22237.6 17773.9 13694.7 16654.4 9091.91 6316.18 4297.05 7378.53 5316.28 3573.35 612.383 5583.16 6546.83 7562.53 3466.85 3712.04 4079.22 408.021 62.0998 1742.93 598.232 2062.26 1252.96 6885.34 3698.52 1066.08 3359.91 471.435 3389.5 2206.58 2960.96 621.175 2814.95 290.626 163.566 91.4407 3186.81 2540.94 4202.62 225.253 96.2565 969.822 658.327 1490.16 3079.98 1150.04 330.145 1871.13 545.608 136.514 1371.4 451.622 919.78 335.063 257.109 132.286 1144.7 1929.94 746.952 494.327 2632.44 1030.73 274.015 809.298 1915.95 3300.34 1601.71 888.204 713.507 1258.83 755.147 3319.45 764.216 689.383 287.278 3671.2 2971.54 815.251 699.655 630.71 1045.58 819.892 746.304 1482.1 218.13 1773.97 1410.93 957.286 889.442 704.838 2339.79 990.222 423.986 3100.36 566.236 172.286 751.476 883.167 585.698 2019.13 525.1 1494.03 1338.34 184.157 360.486 2156.29 1911.04 125.632 363.043 195.963 117.934 372.979 38.8687 378.285 319.047 135.333 80.6964 1654.6 1524.02 878.077 645.947 273.927 197.79 223.449
internal_count=91251 55290 42919 35961 27172 31661 17308 12115 8281 15057 10851 6933 1383 11258 12371 14353 6914 7174 8789 1216 402 3918 1588 4206 2317 13169 6906 2092 6642 922 6644 4139 5550 1233 5451 687 455 352 6263 4867 7711 846 309 1783 1359 3188 5457 2195 678 4084 1071 363 2930 1057 1873 813 699 467 2330 3262 1360 869 4814 1856 584 1889 3452 6367 2958 1595 1363 2601 1455 5999 1512 1316 528 7573 5986 1826 1587 1470 2115 1517 1406 2830 489 3782 2821 1928 1440 1325 4317 1891 916 5652 975 708 1755 1712 1415 3834 1046 2788 2539 394 682 4160 3702 320 961 552 422 742 359 800 686 350 270 3266 2983 1669 1314 637 478 553
is_linear=0
shrinkage=0.0200396


Tree=39
num_leaves=127
num_cat=0
split_feature=18 21 21 18 21 18 1 18 21 21 21 18 21 18 30 24 11 18 23 21 18 16 33 21 12 0 12 44 44 21 11 44 18 12 31 18 32 29 39 37 37 11 28 55 35 39 28 12 18 10 38 25 11 20 19 44 3 13 30 32 3 12 10 4 33 28 28 18 24 38 73 40 37 10 34 35 31 18 24 40 19 17 40 21 21 23 18 32 37 14 12 18 33 36 26 43 40 38 19 17 23 15 18 40 30 39 15 18 11 18 39 12 5 19 23 12 36 21 29 28 18 24 11 21 5 73
split_gain=399.461 195.591 178.26 151.979 99.4764 114.34 92.0569 91.4338 87.1865 69.3813 66.6378 67.2018 60.0724 51.8964 45.2547 44.3687 43.8668 39.6304 51.9143 37.173 53.1395 43.2356 37.6591 36.9914 46.0646 36.6708 73.5422 49.3752 35.8015 33.6809 38.315 37.2471 33.2823 32.6956 32.4785 42.8151 32.3983 31.9493 32.2075 31.3997 32.7659 31.158 30.3702 30.3238 30.1324 34.937 30.0764 31.7616 34.5038 60.78 29.6741 28.8496 28.819 31.5481 28.0606 45.9016 35.5829 33.1106 27.9096 37.523 34.025 28.9797 32.0047 27.7659 27.764 51.6943 27.6899 27.6131 30.6369 32.8581 30.3296 27.2145 25.7648 33.039 25.5905 28.981 25.3548 27.4361 25.1414 25.6078 25.1406 25.0157 24.7441 24.6038 24.2219 24.6504 23.6401 54.9566 39.739 29.7447 23.498 30.9653 23.4201 41.7048 23.2909 24.5281 24.1403 23.2406 23.2037 23.0742 36.9943 23.0536 22.6572 22.5346 22.4864 22.4554 22.2434 22.2196 22.1571 26.9978 34.81 38.513 22.6971 30.7542 26.7051 22.1164 22.0284 36.4006 39.7532 28.5113 21.8688 21.6272 21.2046 26.559 28.0572 21.6755
threshold=0.014503159094601871 -0.00096215525991283346 0.026619628071784977 -0.094419144093990312 -0.15939705073833463 -0.31688533723354334 -0.28835226595401758 0.086003046482801451 -0.088839001953601823 -0.30692751705646509 0.16452854871749881 0.1745371297001839 -0.41468890011310572 -0.5655512511730193 0.40169054269790655 0.29089911282062536 -0.049840286374092095 -0.16091182827949521 0.021374003030359748 0.35118664801120764 0.5698031783103944 0.35086232423782354 0.24928276240825656 0.23893521726131442 -0.0040137614123523227 -0.16335227340459821 -0.20126146823167798 -0.4095297902822494 0.030556644313037399 0.24663245677948001 -0.26441545784473414 0.15902072191238406 0.31566222012043005 0.033830275759100921 0.059059230610728271 -0.39823217689990992 0.050277233123779304 -0.09460290893912314 -0.03506879694759845 -0.17665472626686093 -0.094946924597024904 -1.4830586910247801 0.33679409325122839 0.08115346729755403 -0.067642398178577409 0.023467077873647216 -0.23521649837493894 0.31364679336547857 0.12703388184309009 0.19162558019161227 0.33612440526485449 0.092603757977485671 -0.56625214219093312 -0.13354007899761197 -0.14835732430219647 -0.47553677856922144 -0.36201974749565119 -0.016275822184979912 0.089769836515188231 0.24201000481843951 0.38928070664405828 -0.18405963480472562 0.033098373562097556 0.028504603542387489 -0.25848248600959772 -0.49950285255908961 -0.41550283133983607 0.071790568530559554 -0.18357663601636884 -0.17583732306957242 -0.11839427053928374 -0.0044964029220864168 0.076208729296922698 0.19555540382862094 0.17931048572063449 0.0072855064645409593 -0.12005710229277609 -0.25816884636878962 0.52473756670951854 -0.058453237637877457 0.32117918133735662 -0.14738242328166959 0.00629496411420405 -0.20878767967224118 0.23893521726131442 0.044825183227658279 0.10261145979166032 -0.11175785586237906 -0.10944735258817671 0.41666665673255926 0.08658256754279138 -0.25816884636878962 -0.086859975010156618 0.017482517287135128 0.23535061627626422 -0.1996023207902908 -0.027877697721123692 0.037081338465213783 0.20001410692930224 -0.22026463598012921 -0.10171875730156897 0.644737869501114 0.060649557039141662 0.17715827375650409 -0.12427775934338568 0.61030375957489025 0.013126399368047716 0.04527618549764157 -0.38097117841243738 -0.14023774117231366 -0.12177714332938193 -0.29071101546287531 -0.37499999999999994 -0.17056878656148908 -0.20626372098922727 0.16685779392719272 0.13636363297700885 0.099101990461349501 0.26019284129142767 0.44670435786247259 -0.077365890145301805 -0.089763581752777086 -0.20486640930175778 -0.1337395757436752 -1.0000000180025095e-35 -0.10697320848703383
decision_type=2 2 2 2 2 2 2 2 2 2 2 2 2 2 2 2 2 2 2 2 2 2 2 2 2 2 2 2 2 2 2 2 2 2 2 2 2 2 2 2 2 2 2 2 2 2 2 2 2 2 2 2 2 2 2 2 2 2 2 2 2 2 2 2 2 2 2 2 2 2 2 2 2 2 2 2 2 2 2 2 2 2 2 2 2 2 2 2 2 2 2 2 2 2 2 2 2 2 2 2 2 2 2 2 2 2 2 2 2 2 2 2 2 2 2 2 2 2 2 2 2 2 2 2 2 2
left_child=1 3 25 4 5 12 -6 58 -5 64 46 23 13 41 29 108 103 18 76 22 33 63 32 97 36 86 27 -27 34 30 -3 -31 51 92 35 -14 -25 38 -24 -32 -41 -1 78 -42 -26 -46 47 48 50 82 -9 71 53 66 55 -10 -57 -58 59 60 102 -62 -63 -22 65 -7 -15 68 -28 -70 -71 -13 73 106 75 -73 104 -78 79 -35 -51 -30 -50 -79 -74 -86 -2 88 89 -88 91 -66 -21 -94 95 -69 -97 -12 -48 -89 -101 107 -4 -17 -11 120 -53 -60 -8 112 111 -111 -110 114 -114 -34 -109 118 -118 -119 -56 -100 125 -124 -125 -115
right_child=2 14 7 8 6 9 15 10 54 17 11 19 28 52 -16 16 -18 -19 -20 20 21 -23 37 24 44 26 67 -29 81 31 39 -33 115 42 -36 -37 -38 -39 -40 40 43 -43 -44 -45 45 -47 98 -49 49 80 -52 72 -54 -55 105 56 57 -59 101 -61 61 62 -64 -65 90 -67 -68 94 69 70 -72 74 84 -75 -76 -77 77 83 -80 -81 -82 -83 -84 -85 85 -87 87 99 -90 -91 -92 -93 93 -95 -96 96 -98 -99 121 100 -102 -103 -104 -105 -106 -107 -108 116 109 110 -112 -113 113 122 -116 -117 117 119 -120 -121 -122 -123 123 124 -126 -127
leaf_value=0.0056291800237226481 0.0021350472784034962 0.0040887358667232284 0.0015854130544728461 0.0047152966208639114 -0.015972887085614156 0.0034564626224483888 0.0064453596689020322 -0.0154917156291197 0.0023619650014406988 0.0041873660933703025 -0.0026811602805761419 0.0077048465858051141 -0.017470856627178986 -0.00034318339624979036 -0.01539480943825576 -0.017427751571058938 -0.0025157462119622079 0.001545868699832978 -0.0068113960571664651 0.0052391799989506332 0.012656538872956317 -0.00090327385673597427 0.027850827988694208 0.006942898274527474 -0.0056474633390288216 0.0045142924463857682 0.001078433825206445 -0.012765363244961511 -0.0088172513144783513 -0.026248632258775842 -0.015173429367384706 -0.0055519892544989603 0.009301138484365418 -0.0067749467075139272 -0.022893566622148254 -0.0050346491854354721 -0.0050541568376372085 0.0051464214087899142 0.0022225119713971081 0.0008831103800983767 -0.0072248143350667595 -0.0053113470457842732 0.0043269477619620189 -0.0027553005751964578 -0.0030171898204668034 -0.026295866043572678 0.0036749105417595183 0.0059274637811707427 0.0035663679843824991 0.0033993204633782411 -0.0015712498010942047 0.00099956709991490624 -0.0011426740613632237 0.00093788690933786312 -0.0027043416343493372 0.0013670053246253565 -0.004724287959322432 -0.015523608383083207 -0.0024205873697999186 -0.01676333681102719 -0.0025039142393783204 -0.023956077718935206 -0.006344469170658406 0.0027787538366657312 -0.0081174083016113327 0.027208336530122865 0.016281600205903517 0.007349077692028215 -0.0014606093691019967 0.018848313624571435 0.0073615645364399169 -0.014455841516204991 0.0052501740249404974 0.0056823967740198406 0.0065242088288065695 0.00068482148056342484 -0.0036447041366021505 0.011682958752991085 -0.013755466564528621 -0.00099382880025282948 -0.005879603132044599 -0.0011430439556236909 0.020602932104963018 0.0012740782236734477 0.0070971106078826967 -0.0027942293470349512 0.0042217440737660986 0.0023502519342594283 0.0012985485792005739 0.020831034846645141 0.005500340885643034 0.0035508527733832717 -0.0060944352436229478 0.0024986588015833817 0.0045253031984800003 0.010055827824100971 0.023159237696390125 0.0019626630590728524 0.0031843574006065597 0.021862671202627481 0.0034239091618236523 -0.0081956854108330701 -0.0042097378868992648 -0.0061279483582873358 -0.0053017166967263274 -0.0049701052303229905 -0.0090204080483339173 -0.0019498642593655724 -0.0011475037257415207 -0.0023067171651339783 -0.0025336075254533642 0.013750523650209092 0.0091089989094645107 -0.0069983223936888753 -0.0041543589713175493 -0.0016019233567250884 0.0032033382563763767 0.0045841208291665537 0.019328122879667332 -0.0052573435088863049 0.0022551848852827437 0.014412296663840838 -0.0045261513577190583 -0.026222576620031992 -0.0099826640966566519 0.0032457800280410059
leaf_weight=92.075164808542468 1895.5606715447502 158.88315402297303 553.13536877068691 2173.8466067379341 260.78094975743443 111.25882023805752 73.623880009748973 86.902308081160299 463.60566698375624 112.95725207077339 1012.5460974946618 366.23756071762182 131.367345444276 53.811099387705326 181.32629267242737 204.52513747208286 287.55522595683578 1828.8265691945562 687.7068969917018 370.66005235759076 248.92122301377822 335.90602060745005 31.703605349175632 109.62452240358107 196.44845381972846 124.12407963094302 357.21902869723272 97.23216341144871 227.62099094828591 43.476159273763187 110.39458373584785 110.82489574432839 312.72719975886866 491.82465090905316 53.39746526372619 528.13964236085303 249.46046271757223 734.02744972507935 37.762369191623293 329.45024531160016 1829.5080590437865 1322.7724382947199 172.12500134645961 984.97995946521405 46.105687349801883 67.890218159882352 3865.3697387867142 284.67326828581281 91.569644351606257 163.02180627570488 153.1156169337919 110.30237155966461 1049.3315019112779 351.29015559807885 403.13096109277103 224.55728756240569 483.97092425648589 144.24439646746032 726.01997171784751 64.429115221835673 240.6881474374095 51.430539925233461 155.04793594463263 229.77574551932048 117.21417502255645 38.147426409879699 106.04678639990743 251.48843276186381 111.69348204508424 110.96892522869166 569.36544867884368 52.052843324490823 348.18366481072735 89.309520316892304 111.55769118759781 138.23518229275942 139.52774291124661 153.68598554097116 79.136014717398211 796.70290475303773 294.5914991851896 563.89513650815934 47.422599800629541 203.51818412658758 97.226161245023832 558.18762086972129 130.21963726030663 72.336889684200287 825.48536972771399 56.811140672420152 808.65324136870913 229.45396979840007 326.3812702720752 613.78616204671562 199.36058147926815 193.46985332597978 144.75556713528931 717.20857637189329 148.19321331207175 134.31034906290006 75.322978481417522 116.02344326442108 485.78804733371362 162.74840969906654 362.67476707929745 213.85742314870004 320.82315332291182 342.49127056123689 447.3410776744131 103.57213483308442 1190.1900960946223 97.199523162445985 62.552623026072979 234.82693381246645 174.64594865753315 84.593144396436401 171.26800572883803 254.54241080384236 84.084434757591225 179.37641646491829 2153.6255743785296 146.02673436375335 220.18875069636852 51.336931563098915 275.03637131687719 102.02808195236139
leaf_count=193 3225 339 1083 4324 705 249 202 275 743 180 1732 805 441 83 555 624 552 3188 1453 625 589 581 196 206 359 260 585 287 523 246 326 234 603 1007 230 992 428 1265 74 683 4201 2827 252 1934 71 315 7102 550 168 301 226 153 2039 559 629 352 868 422 1237 218 466 233 265 420 237 251 309 504 224 363 1037 198 641 181 230 249 274 336 247 1514 580 1117 208 321 192 968 192 95 1469 209 1428 401 563 1031 344 484 525 1310 296 467 108 257 911 309 759 356 717 519 792 173 2110 289 154 464 347 174 247 427 283 298 3743 347 404 255 593 169
internal_value=-1.80631e-05 -0.00188097 0.00182218 -0.00107021 -0.0022871 -0.00114581 -0.00494218 0.000871698 0.00149688 0.00100205 0.00155734 0.000546274 -0.00343937 -0.00175988 -0.00605811 -0.00406051 -0.0087241 -0.000475839 -0.00269975 0.00153138 0.000126168 0.00456356 0.00303508 -0.00233389 -0.00624577 0.00502901 0.00705588 -0.00351965 -0.00667526 -0.00548093 -0.00498838 -0.0141663 0.00182109 -0.00116664 -0.00989556 -0.00805691 -0.00115953 0.00676919 0.0180544 -0.00546246 -0.00500492 -0.00450591 -0.00312713 -0.00570014 -0.011602 -0.0190492 0.00335554 0.000423018 -0.00155486 0.00105639 -0.00758849 0.000815115 0.000754523 0.00454557 -0.000229862 -0.0026136 -0.00532374 -0.00769952 -0.00206656 -0.00403427 -0.00321479 -0.00768613 -0.012808 0.00828715 0.00489889 0.0124887 0.0112667 0.00829986 0.00607644 0.0082215 0.0098296 0.00420961 -0.000709393 -0.00422656 -0.0002475 -0.00456616 0.000291097 0.00338641 -0.00413411 -0.00329203 -0.00254144 -0.00355955 0.0115821 0.00622706 0.00116074 -0.00110531 0.00361189 0.00568822 0.00333578 0.0110918 0.00367432 -0.000635668 0.00114286 -0.000551771 0.0112525 0.0132519 0.0168446 -0.000749707 0.00413724 0.0131772 0.0162856 -0.000403522 -0.00114978 -0.0131174 -0.00292563 0.000911692 -0.00650723 0.000211488 -0.00298916 -0.00327893 -0.00120667 0.00603707 -0.00506549 -0.00656613 -0.000102863 0.00697984 0.00208673 0.00410802 0.00974414 0.000434044 0.0014506 0.00944028 -0.00824572 -0.0106618 -0.014189 -0.00385656
internal_weight=46743.6 23231.2 23512.4 19482.4 13221.5 9273.37 3948.15 18162.6 6260.84 4793.63 14738.3 9457.43 4479.75 2975.33 3748.84 3687.37 654.829 3488.9 1660.07 7058.15 3665.22 814.603 3392.93 2399.28 669.529 5349.72 2159.68 221.356 1504.42 3567.52 3413.22 154.301 2589.44 2850.62 712.904 659.507 359.085 803.493 69.466 3254.33 3143.94 1414.85 1539.79 2814.49 310.444 113.996 5280.89 1121.3 836.623 596.606 240.018 2192.12 1560.48 511.148 4086.99 1316.38 852.773 628.215 3424.33 1550.52 1486.09 447.167 206.478 478.697 1304.73 149.406 159.858 1938.32 1149.25 792.028 680.334 668.083 1524.03 520.435 301.846 190.288 972.364 496.732 1367.66 1288.53 457.613 791.516 138.992 357.204 1003.6 655.414 3190.05 1294.49 1012.52 187.031 1155.32 346.668 1310.83 940.167 789.074 589.714 338.225 1729.75 4159.59 281.97 209.633 1873.81 1038.92 367.274 475.632 2770.61 431.126 1757.78 3032.54 2958.92 1390.96 200.772 1567.96 1120.62 237.199 397.32 1031.76 689.271 255.352 433.919 2556.76 294.22 883.417 546.562 326.373 336.855
internal_count=91258 46487 44771 37969 26532 18390 8142 34393 11437 9077 27949 17896 9313 6010 8518 7437 1485 6511 3323 13475 6829 1590 6646 4421 1379 10378 4613 547 3303 7963 7483 480 5111 5239 1663 1433 634 1535 270 7144 6818 3020 3020 6135 745 386 10053 2308 1758 1257 501 4334 2990 951 7113 2385 1642 1290 6444 3176 2958 964 498 1009 2566 500 392 4066 2209 1624 1400 1482 2852 1051 677 447 1870 931 2768 2521 881 1640 376 657 1801 1160 5765 2540 1870 401 2066 638 2219 1594 1857 1513 1009 3042 7745 670 575 3268 1994 933 939 4728 870 3011 5952 5750 2572 462 3178 2386 501 777 1774 1255 530 725 4372 643 1885 1252 848 633
is_linear=0
shrinkage=0.0200396


Tree=40
num_leaves=127
num_cat=0
split_feature=18 21 21 18 21 18 18 21 1 21 18 21 21 30 42 18 21 18 18 23 21 11 44 37 19 1 73 73 9 12 18 28 18 10 32 42 11 21 11 19 37 21 80 31 44 1 14 17 21 18 22 19 44 1 28 55 24 11 4 39 10 44 26 33 23 9 37 12 12 21 38 30 32 3 42 21 22 19 80 10 24 12 73 36 21 10 18 10 24 19 4 73 22 20 0 73 38 20 18 33 21 28 22 35 23 32 21 42 24 44 28 36 18 32 37 11 39 12 18 18 39 23 73 1 17 17
split_gain=387.897 190.344 167.004 143.851 99.1513 102.621 91.1756 81.3308 73.4337 72.0092 84.0762 65.1429 58.6638 47.4027 45.9531 43.4922 38.117 61.2708 35.5588 48.5223 35.1088 40.3611 40.0449 38.3771 34.3264 41.06 42.4112 50.6128 53.5878 35.1676 34.3557 33.6418 37.8493 40.4498 33.2128 33.1951 32.5622 46.5356 31.5713 31.3639 31.2056 30.7659 30.7398 29.177 29.1132 28.6813 46.6102 28.8102 28.3916 33.1306 28.3815 28.2403 46.8198 34.6564 28.2348 27.5545 27.4174 26.8775 38.3272 31.8977 30.357 26.7219 26.4866 26.3731 26.2584 26.0956 25.4108 25.307 25.1321 32.4969 28.4785 25.1223 24.577 28.8763 30.0027 33.4745 34.1888 24.5075 26.9158 26.3872 24.4227 24.3264 28.9885 24.2166 23.2846 23.2028 24.0776 26.6292 23.1617 24.9374 23.329 22.9636 22.6945 24.4718 48.9945 33.6152 22.5359 23.804 22.5191 30.3891 46.3284 44.333 23.086 22.3102 22.6032 32.078 22.28 22.0558 38.425 36.6663 37.0197 29.0923 21.8313 54.5163 40.2389 25.573 22.5084 21.7067 21.4543 21.4437 21.2586 21.2083 28.3308 21.0854 40.1809 20.9541
threshold=0.014503159094601871 -0.00096215525991283346 0.033033996820449836 -0.094419144093990312 -0.15939705073833463 -0.31688533723354334 0.086003046482801451 -0.091404747217893587 -0.29971592128276819 0.17992302775382998 0.1745371297001839 -0.30692751705646509 -0.3871071189641952 0.40169054269790655 0.40399608016014105 -0.55004206299781788 0.37171263992786413 0.31566222012043005 -0.16091182827949521 0.052877759560942657 0.23508659005165103 -0.25853691995143885 0.15902072191238406 -0.17665472626686093 -0.28344799578189844 0.16051135957241061 -0.11839427053928374 0.041116187348961837 0.041161684319376952 -0.13360092043876645 0.032368302345275886 -0.23521649837493894 0.12703388184309009 0.22302796691656115 0.093949243426322951 -0.40533159673213953 -0.58853837847709645 -0.50513148307800282 -0.15547610819339749 0.20001410692930224 -0.094946924597024904 0.48717127740383154 0.03793009743094445 -0.12654286623001096 0.030556644313037399 -0.044034091755747788 0.72297295928001415 0.52944773435592662 0.57889673113822948 0.53065726161003124 0.092287715524435057 -0.14835732430219647 -0.47553677856922144 -0.13778409361839292 -0.26488921046257013 0.017379205673933033 -0.089763581752777086 -1.1949683427810667 -0.33341428637504572 -0.11556999757885932 0.28703477978706365 0.0092507069930434244 -0.36013582348823542 -0.24447381496429441 0.023914464749395851 0.56846782565116893 0.12230426073074342 0.31364679336547857 -0.15997706353664395 0.23508659005165103 -0.022727273404598233 -0.24504426866769788 0.23951865732669833 0.2314863055944443 0.093915969133377089 0.079858884215354933 0.057921927422285087 -0.040374644100666039 0.03793009743094445 0.37023508548736578 0.62469154596328746 0.42603211104869848 0.16319894790649417 -0.52447551488876332 0.096536241471767439 -0.16839507222175595 -0.21398915350437162 0.0075805236119776973 -0.050788043066859238 0.0003242144593968988 -0.093263927847146974 -0.026437767781317231 0.29325781762599951 -0.048021500930190079 0.26278407871723181 -0.039336156100034707 0.16148325055837634 0.092690926045179381 0.04527618549764157 0.11955255270004274 0.099101990461349501 0.24861641973257068 0.1444283798336983 -0.081271208822727189 0.20034278929233554 0.20186138898134234 -0.48845414817333216 0.30478571355342871 -0.089763581752777086 0.040661180391907699 -0.028439719229936596 -0.11538461595773696 0.10261145979166032 -0.11175785586237906 -0.11177759990096091 -0.088737882673740373 0.059953665360808379 0.069380734115839018 -0.082451522350311265 0.43864586949348455 0.16981013119220736 -0.19589583575725553 -0.10697320848703383 0.25710226595401769 0.457320585846901 -0.26373507082462305
decision_type=2 2 2 2 2 2 2 2 2 2 2 2 2 2 2 2 2 2 2 2 2 2 2 2 2 2 2 2 2 2 2 2 2 2 2 2 2 2 2 2 2 2 2 2 2 2 2 2 2 2 2 2 2 2 2 2 2 2 2 2 2 2 2 2 2 2 2 2 2 2 2 2 2 2 2 2 2 2 2 2 2 2 2 2 2 2 2 2 2 2 2 2 2 2 2 2 2 2 2 2 2 2 2 2 2 2 2 2 2 2 2 2 2 2 2 2 2 2 2 2 2 2 2 2 2 2
left_child=1 3 24 4 5 12 50 107 63 31 68 77 15 20 85 57 35 41 19 121 21 -3 -22 71 -2 26 30 29 43 34 -26 32 38 125 -28 -12 37 -17 -8 84 -25 54 -32 -29 45 47 -47 -14 119 -50 72 52 -9 -54 -18 -42 -41 -1 59 -59 -61 -51 -38 -6 67 -43 -20 -64 -11 70 -70 -23 73 120 75 -75 -77 78 -7 -79 -16 82 -35 -60 88 91 87 -87 -33 -90 -91 -10 93 94 95 -21 -53 -98 102 -100 101 -101 -52 -55 105 -105 -81 108 109 110 -5 -111 116 114 115 -114 -27 -24 -112 -19 -4 122 -13 124 -71 -34
right_child=2 13 6 7 8 11 9 51 14 10 16 18 44 -15 80 36 17 48 66 92 22 23 117 40 25 112 27 28 -30 -31 42 39 33 81 -36 -37 62 -39 -40 56 55 65 -44 -45 -46 46 -48 -49 49 61 98 96 53 103 -56 -57 -58 58 83 60 -62 -63 64 -65 -66 -67 -68 -69 69 123 -72 -73 -74 74 -76 76 -78 79 -80 106 -82 -83 -84 -85 -86 86 -88 -89 89 90 -92 -93 -94 -95 -96 -97 97 -99 99 100 -102 -103 -104 104 -106 -107 -108 -109 -110 111 118 -113 113 -115 -116 -117 -118 -119 -120 -121 -122 -123 -124 -125 -126 -127
leaf_value=0.0024088878031543765 -0.0040116212653265593 0.0041293686482021738 0.001379996640974995 0.013721308756072857 -0.0038226341572241331 0.0051376684532393564 -0.0011427117717308138 0.0025761367183103302 -0.018732649481883946 0.0025344757779470397 0.0017033161110197089 -0.012269738467221394 -0.020031427992468112 -0.015512267675988721 -0.011245646088767528 0.013251048900327226 0.0029781705470964411 0.00041954409609942225 0.00061507641001576363 -0.025278276554545058 -0.023992928807303391 -0.0045842535295153595 0.0021014307722440431 0.00086463455551455284 0.0029192909039065565 0.00085547988911257938 -0.0092139493992411635 0.0010078187650396338 0.0035025606855379051 0.0052604150254176689 0.022026172599544074 0.010564337764842927 0.017197731892544491 0.00072737977283652677 0.0020262913986377864 0.0063478581943293274 -0.0055782012641909422 -0.00077530917751047004 -0.014672781395337354 0.0030289589800186847 -0.007614135401612686 -0.021118822358186941 0.009112757884190914 0.015906085838017815 -0.0038944918186698714 -0.0096147534774959076 0.0058708240286626696 -0.0044030782397411908 -0.0048174804710201498 0.01227328728678124 0.0043648931326925235 -0.00038372731749438814 0.0013024073385583511 -0.013302671501306144 -0.0054059296865197164 -0.0035535300119599851 0.013933027066508065 -0.0063445240840923622 -0.0097240913895592865 -0.029872560389229742 -0.0049870632742612803 0.00040547777154736507 0.00042275376484094654 -0.019164779466472909 -0.0037132108245900687 -0.0011348602977870497 0.0085108230298898222 0.00949043819974121 -0.006563735488868132 -0.016011539353962878 0.00019663576717703218 -0.02476997135583291 -0.01430921586266853 -0.0060511465268141022 -0.0030731329217801614 -0.031797483627679472 -0.0019849078111608773 0.01410902282544212 -0.0025416986739939876 0.012987897768040959 0.00098800863509216209 0.0053786251638160039 -0.0094990712347707354 -0.0011546057245636733 0.0022744474701560991 -0.014856952011459866 -0.0016937840185316029 -0.003972533406732752 0.0061461112333241492 -0.0042699703406554219 0.004567985773430077 -0.0043714010930718432 0.0028332596063211073 -0.003198118862704628 -0.0010906615566073283 -0.0059258009242800303 0.0042855220425307662 -0.0061269205193589466 -0.0034499698365962157 0.0039878778266959052 -2.3419549442330588e-06 0.022455601974399081 -0.0051469837450327455 -0.0061351706314143415 -0.013880772710750243 0.0050218590639813723 0.0021013616142950254 0.0020297101186487624 0.011880226148942881 0.002543378820815964 -0.0043125515720682898 -0.0092091655959147516 0.019889461614753631 0.012218123968157784 0.0012224759118555704 0.0036097908910943666 0.0060226154018175387 -0.012134301978055843 0.0089341746690615263 0.0054182390980890569 -0.0059258117247201671 0.0013062522703313738 0.00080884494972173081 8.2282320047930618e-05 -0.004343166022576719 0.0032063851195560243
leaf_weight=213.22468055819627 158.22555437090341 171.50213164521847 545.31015720556024 206.5634463763563 78.515441990108229 420.90510909480508 207.0212202448165 459.50277019012719 50.304653915693052 237.26696878252551 2616.5607001582393 96.619142672629096 152.83961045648903 181.49015321093611 445.49202377768233 154.05332106247079 203.89770414121449 611.1883425056003 1654.2440518678632 95.032947938889265 64.507387777324766 60.624089952441864 72.198052828316577 331.25418228039052 147.76679010130465 1522.5919986937661 145.61563435802236 65.868579114787281 422.53292868402787 564.00821081106551 143.93977173324674 270.76227665750775 68.86896586290095 326.66563458845485 256.06073494860902 801.33832308754791 323.4736553550465 193.15991707996 83.750837305444293 186.80658422049601 1355.9008336960105 54.256932183518074 255.30957018525805 355.83380742371082 737.79785910691135 275.53929845639504 85.270746663911268 88.859614181448705 479.67515693942551 62.928185581578873 104.66604056465439 1763.3789852258051 237.84333128179424 172.90692319336813 547.92302489839494 1487.9435585904866 205.04040822025854 393.260655045975 135.01952352642547 33.47807782352902 48.37922659504693 586.18303723947611 360.39077875844669 168.27765757427551 282.18368579586968 44.222027960349806 157.64408544474281 166.82551401201636 346.48393126216251 199.00562778406311 752.55716713750735 45.358825125731528 69.386108929757029 187.55043005687185 477.94227677909657 31.520082936040126 26.210282360319979 160.54692213132512 288.82526368764229 75.698896008427255 68.978740238351747 195.14305701258127 140.04040062881541 844.83300232957117 2854.8347376361489 93.696944080409594 2336.5833768898156 548.97046637604944 776.57557258859742 214.94303063699044 214.43071373959538 171.43134543194901 66.109060960821807 230.06076744396705 106.48021965054795 79.969959195004776 912.75787443504669 74.171417529229075 336.92829198052641 171.70358355040662 480.23329553753138 60.932624146458693 513.8625290527707 299.51095011632424 67.608131382730789 128.51587348966859 365.65120718686376 820.63112438702956 343.61027141381055 441.45709513616748 101.29042839049362 77.960350899258628 59.688068104325794 329.03442190797068 902.87386646331288 98.588305367273279 416.70849486382212 59.349870398757048 55.358416566741653 790.38492005970329 197.15002845833078 887.49685431655962 136.67430501419585 109.82806181511842 313.27277491556015 108.2936883198563
leaf_count=467 266 366 1037 589 138 754 334 754 231 436 4782 256 523 570 1021 377 385 960 2776 373 313 88 111 673 314 2510 316 146 721 994 476 560 280 606 485 1833 569 303 271 347 3108 241 503 960 1497 595 161 158 878 170 219 2965 369 439 1004 3038 476 746 358 219 78 1092 708 509 506 66 371 389 637 540 1204 240 205 327 864 217 54 448 555 220 147 386 320 1624 5143 325 4407 997 1516 371 386 309 107 448 182 154 1579 180 589 260 770 241 880 468 184 247 612 1391 780 759 214 193 219 745 1579 139 798 158 175 1492 385 1633 238 193 577 167
internal_value=-6.47624e-05 -0.00190124 0.00174095 -0.00109245 -0.00226619 -0.00112928 0.000773301 0.00143265 -0.00491238 0.00144513 0.000291525 0.000897597 -0.003302 -0.00597047 -0.00414321 -0.00177818 0.00134722 -0.000159926 -0.000529133 -0.00259594 -0.00539467 -0.00485217 -0.0133203 -0.0053524 0.0046733 0.00493363 0.00696435 0.00535199 0.00887406 0.00212196 0.0118336 0.00316116 4.49091e-05 0.00221933 -0.00231129 0.00283179 0.000713759 0.00586705 -0.00588868 0.00390091 -0.0048667 -0.00473814 0.0147714 0.0137622 -0.00678034 -0.0100175 -0.00578338 -0.0152162 0.00140487 -0.000943317 -0.00227549 -0.000193136 -0.00252504 -0.00512474 -0.00309557 -0.00554024 0.00922203 -0.00397357 -0.00494223 -0.00948972 -0.0196382 0.0019729 -0.000946137 -0.0150545 0.00100064 -0.0141249 0.001411 0.00359752 -0.00333991 -0.00418197 -0.00202238 -0.0162139 -0.00422059 -0.00351094 -0.00629326 -0.0117021 -0.0227839 0.0046645 0.00201852 0.00757542 -0.00960019 -0.000148742 -0.00263567 -0.00255329 0.00336878 -0.00319759 -0.00267873 -0.00605343 0.00540732 0.00405778 0.000134616 -0.00917549 -0.00718426 -0.00858112 -0.0123587 -0.0182335 0.000973038 0.00335897 -0.00044646 0.0013288 0.00364309 0.0105043 -0.00340987 -0.00739756 -0.00479998 -0.00267037 0.00457396 0.00467162 0.00636093 0.00394411 0.00860777 0.000426376 0.0034537 0.00536142 0.00300266 0.0115801 0.00203194 -0.00515586 0.00090524 0.00328796 -0.000675562 -0.000121835 -0.00519686 -0.00776535 -0.00940602 0.0100726
internal_weight=46924.2 23266 23658.2 19435.9 13272.8 9310.55 17813.5 6163.07 3962.25 14610.2 8756.97 4821.96 4488.59 3830.13 3715.46 3148.28 6798.56 3380.66 3510.33 1698.44 3648.64 3452.58 196.055 3281.08 5844.65 5686.42 2356.94 1809.92 844.235 965.685 547.016 5853.18 1129.78 839.012 401.676 3417.9 1480.09 347.213 290.772 4723.39 3175.1 850.3 399.249 421.702 1340.31 602.509 360.81 241.699 2530.36 1128.79 3203.4 4116.2 1365.89 906.385 751.821 2843.84 391.847 1668.2 1454.97 475.118 81.8573 649.111 1132.87 246.793 809.4 98.479 1811.89 527.216 1958.41 1721.15 1099.04 105.983 1535.07 1465.68 723.223 245.281 57.7304 1311.63 709.73 601.897 514.471 661.849 466.706 979.853 4331.55 3200.99 2979.25 642.667 1476.71 1205.95 429.374 221.736 577.653 511.544 281.483 175.003 2750.31 986.929 1668.33 1049.8 712.87 232.636 618.529 668.542 495.635 428.027 441.35 2046.87 1226.24 882.63 363.212 519.417 3329.49 1390.18 1061.15 158.276 1939.3 131.548 156.649 1401.57 742.46 1120.79 233.293 622.106 512.278 177.163
internal_count=91312 46440 44872 37775 26489 18405 33701 11286 8084 27653 16490 9127 9278 8665 7437 6344 12903 6288 6538 3391 8095 7513 582 7147 11171 10905 4915 3622 1827 1795 1293 11163 2364 1759 801 6615 2852 680 605 8799 6819 1696 979 1106 2934 1437 756 681 4592 2140 6048 7185 2461 1707 1389 6146 823 3492 3025 1043 297 1262 2172 647 1603 307 3147 1097 3587 3151 1841 328 3089 2884 1462 598 271 2589 1309 1280 1168 1312 926 1982 7976 6269 5729 1322 2833 2273 757 540 1264 1157 709 527 4724 1759 2959 1860 1271 501 1099 1338 899 715 832 4101 2710 1930 978 952 5990 2682 1937 358 3308 269 389 2452 1422 2127 494 1310 1117 447
is_linear=0
shrinkage=0.0200396


Tree=41
num_leaves=127
num_cat=0
split_feature=18 21 21 18 18 21 21 18 21 21 18 18 18 18 31 57 11 21 32 43 17 21 3 35 73 18 37 21 11 30 5 9 44 80 24 1 18 17 32 17 12 30 32 40 11 80 19 32 21 25 18 39 29 30 36 4 18 29 18 39 23 18 73 33 5 44 39 18 23 37 44 21 12 19 12 21 18 19 37 0 73 3 0 11 20 28 18 3 0 21 24 40 12 31 20 12 44 0 4 32 17 19 23 4 16 29 11 24 23 34 29 21 25 18 21 21 43 12 13 19 14 53 73 31 35 5
split_gain=370.038 139.245 137.946 127.022 97.0412 103.186 92.6693 66.9372 65.7561 65.2083 59.7542 46.9642 44.408 42.451 49.0549 61.1651 41.727 37.7947 43.893 37.5375 36.6777 32.8284 37.1903 29.6535 29.237 28.9283 51.1241 44.2619 34.116 40.7542 31.7118 33.171 30.4937 28.2544 33.4879 27.7844 27.0484 38.1154 29.0742 32.7597 39.257 26.5864 26.5723 31.1784 26.2904 26.0592 26.0031 29.1011 26.1905 32.9591 25.4879 29.3039 25.3295 24.9944 25.691 32.1952 36.8802 37.9878 35.346 40.3959 34.7487 30.858 25.7404 25.6128 24.9352 30.9618 24.786 24.6668 58.9633 26.3469 24.6157 24.2731 24.1518 32.2642 55.4338 29.2669 38.3729 31.2827 29.6011 26.652 26.0204 31.5736 24.1511 24.1246 35.0047 26.0116 24.006 24.335 23.5847 23.4289 23.1729 28.8319 23.0009 29.216 22.8849 25.4218 23.6802 25.8283 22.9795 22.7703 22.7595 30.5266 23.1439 22.8916 22.2961 22.2783 30.6702 22.2256 22.116 22.3021 21.7632 32.9113 29.6418 21.7076 22.6219 21.5733 21.4481 22.9291 23.2418 21.3116 22.2855 21.3002 29.7743 21.2876 30.4199 27.003
threshold=-0.04432928375899791 -0.04073123820126056 -0.078576009720563875 0.071790568530559554 -0.31688533723354334 -0.27485568821430201 0.12989095598459247 0.13059716671705249 0.072161644697189345 -0.41468890011310572 -0.094419144093990312 -0.5655512511730193 1.0000000180025095e-35 -0.20809268206357953 -0.17668053507804868 0.19510744512081149 0.2203800976276398 -0.15939705073833463 0.12497277185320856 -0.52725374698638905 0.42945490777492529 -0.48845414817333216 0.33241093158721929 0.26939418911933904 0.35829077661037451 0.51945495605468761 0.076208729296922698 0.19403463602066043 0.40104041993618017 0.067784134298563017 -1.0000000180025095e-35 -0.12439865618944167 0.14250610023736957 0.091836098581552519 -0.28175139427185053 -0.30539773404598231 0.15369051694869998 0.42945490777492529 -0.37038320302963251 -0.096325330436229692 0.033830275759100921 0.04275918751955033 -0.15411259979009626 0.21672661602497104 -1.4830586910247801 -0.116146232932806 -0.13648257404565808 0.27380734682083135 0.011225144378840925 -0.24396988749504087 0.037880927324295051 0.051193863153457649 -0.052086703479290002 0.32312029600143438 0.59790208935737621 -0.16428215801715848 -0.0088650900870561582 -0.17811454087495801 -0.0063244830816984168 -0.15508589148521421 0.055206734687089927 -0.03951717168092727 -0.070269413292407976 -0.028878457844257351 -0.37499999999999994 0.014971879776567222 0.32357540726661688 -0.16801216453313825 0.0054167835041880616 0.12230426073074342 0.19124463945627215 0.05291853845119477 0.040711009874939925 0.27938097715377813 -0.22419724613428113 0.21648492664098742 0.29533354938030248 -0.057156635448336594 0.20494996756315234 -0.38778407871723169 0.25430205464363104 0.036644585430622108 -0.14630681276321408 -0.56625214219093312 -0.13354007899761197 -0.41550283133983607 -0.024865939281880852 0.3262240737676621 -0.018465909175574776 0.018280949443578724 -0.070528894662857042 1.6151079535484316 0.13360092043876651 0.15060637891292575 1.0000000180025095e-35 -0.021215596236288544 0.074235953390598311 0.23437500000000003 0.17150787264108661 -0.72616946697235096 -0.14989932626485822 -0.15126530826091764 0.021374003030359748 -0.14873931556940076 0.16025990247726443 0.08941234648227693 0.18264014273881915 -0.12327211350202559 0.083547316491603865 -0.12498508766293524 -0.27418446540832514 -0.11257216334342955 0.23353248089551928 0.04527618549764157 0.19660038501024249 0.096536241471767439 -1.0000000180025095e-35 -0.16571100801229474 -0.15150968730449674 0.29448135197162634 0.37162160873413091 0.13895457983016971 0.012616437859833242 -0.27123515307903284 -0.014526744838804005 -1.0000000180025095e-35
decision_type=2 2 2 2 2 2 2 2 2 2 2 2 2 2 2 2 2 2 2 2 2 2 2 2 2 2 2 2 2 2 2 2 2 2 2 2 2 2 2 2 2 2 2 2 2 2 2 2 2 2 2 2 2 2 2 2 2 2 2 2 2 2 2 2 2 2 2 2 2 2 2 2 2 2 2 2 2 2 2 2 2 2 2 2 2 2 2 2 2 2 2 2 2 2 2 2 2 2 2 2 2 2 2 2 2 2 2 2 2 2 2 2 2 2 2 2 2 2 2 2 2 2 2 2 2 2
left_child=2 50 4 8 9 21 36 20 12 11 17 44 53 14 90 -16 72 67 100 -11 24 22 -6 66 35 26 33 -28 -27 -30 31 -29 -32 -18 70 -8 37 45 -38 40 -40 42 43 -12 -1 92 47 52 82 -50 51 99 -15 54 55 56 60 -58 63 -60 61 -3 -63 -57 65 -21 116 68 -7 -69 -35 -47 73 75 -75 79 77 78 -77 -9 -74 -82 -48 84 85 -13 87 -53 -39 -14 91 -4 105 -94 96 98 97 104 -96 -2 -19 103 -103 -102 -91 -5 -107 -87 109 -41 119 112 -112 114 -68 -115 117 -10 -119 120 -101 122 -54 -52 125 -125
right_child=1 3 13 6 5 10 7 16 23 19 41 83 89 46 15 -17 25 18 -20 64 -22 -23 -24 -25 -26 28 27 30 29 -31 32 -33 -34 34 -36 -37 38 88 39 108 -42 -43 -44 -45 -46 71 48 -49 49 -51 123 86 121 -55 -56 58 57 -59 59 -61 -62 62 -64 -65 -66 -67 113 69 -70 -71 -72 -73 80 74 -76 76 -78 -79 -80 -81 81 -83 -84 -85 -86 107 -88 -89 -90 94 -92 -93 93 -95 95 -97 -98 -99 -100 110 101 102 -104 -105 -106 106 -108 -109 -110 -111 111 -113 -114 115 -116 -117 -118 118 -120 -121 -122 -123 -124 124 -126 -127
leaf_value=0.0052633307918716118 0.01063611242235995 0.0050278276518381107 -0.022946540531847311 -0.00069382117675424195 0.01913044544083484 0.00088222253607161353 -0.015539650751589543 1.4051524471597896e-05 0.0072830116972947322 -0.016128969668697386 -0.0082620261082440149 -0.00026792792430555771 0.0031957886855598387 -0.0027475317702172061 -0.034023903553369352 -0.0043101775957187713 -0.0080047875276340642 0.00199487551370743 -0.0084553352976839743 -0.0093870759058888847 0.00022911802199633541 0.0033908517886774682 0.00042165669884289638 -0.013753563324238303 -0.017311750652342427 0.011717448804926677 0.0079663097052264896 0.012976770471730688 0.004275366213082582 -0.0079142861787153077 -0.0015248320528712625 0.001060889186723148 -0.013442863128510689 -0.019839413852103423 -3.0344339619275901e-05 -0.0031810544713490128 0.0025174657183471769 0.0050348406249509023 0.026065355859303359 -0.001404092773016554 0.0067012548928412387 0.011450858589052966 0.003847106139699354 0.0031857105146886177 -0.0049451593822787748 0.0026741301975851646 -3.9807210388675069e-05 0.0004011446334835269 0.0045755786512575941 -0.0070026818284819889 0.0019333277571192456 0.0049353599239975411 -0.010053745651744987 -0.0070045266501981051 -0.0075321789145924795 0.0026844554082455087 0.0010287278055322966 0.021481230388658686 4.290969529806199e-05 -0.022884877741958021 0.0049270029172751757 -0.0018418143646453382 -0.017211541816429046 -0.0043622741633887654 -0.0066608257298012268 0.0033925869623288359 -0.016590285257920317 0.00013923053154124416 -0.0072703708718232828 0.0077881012103055199 0.00012803206445011686 -0.0010716716624870649 -0.0014636751055918083 -0.008487418810901249 0.010483737744017955 0.0073877570394604523 0.004658529282785942 -0.0036665134619372512 -0.00075507313188468263 0.0067843210934176376 0.016656450830214851 -9.4965540835438184e-05 -0.0041502480026375556 -0.00098957514935259271 0.0005901575460604125 0.023124653055837066 0.0084839094171169915 -0.0045988682421224678 0.015094271711869377 0.015238850058866585 -0.0028286874910307884 -0.0024349743664948726 0.022221534828410251 0.0001643435935522056 -0.00572563664848833 0.0030987125255577852 -0.0030172247136120971 -0.0018160789118250422 0.0018640044086847289 -0.012575516355706563 0.005288038434248887 -0.0036856612946909706 -0.012162150584492203 -0.0037597844221270715 0.0031104170731979389 0.0084678744226577823 -0.0034057180085424288 0.0036110751809002146 0.0125385480644349 0.0062406639138608243 0.0076113026981445573 -4.6685255503074736e-05 -0.0037649392317236378 0.006250898751429008 -0.0033922625879495979 -0.0074969989416362667 -0.0040058984929876177 -0.0092954735656998119 0.0025934215059025736 0.0030904980665647638 -3.0183003721221853e-05 -0.0029432494713633696 -0.026041465479553987 0.00010627610943759296 0.010237806366565488 0.010232788645639111
leaf_weight=88.132343722158112 88.490917101735249 66.420922782970592 41.334273422136903 298.85352111060638 95.886932179913856 850.48851606622338 58.54121270950418 317.8225069224136 138.46800852485467 131.26064534275793 169.27816475846339 50.033021524548531 1345.9588860485237 227.55193620780483 48.737869777949527 58.565655892831273 457.41913230821956 381.36835411773063 614.95071713917423 82.510153797455132 798.70897873712238 1582.565572710475 68.495399433304556 113.2562676082598 56.006343885441311 136.72753966692835 277.12381394742988 78.198029351071455 390.74808109598234 124.73786872730125 1083.8934784324374 1096.6351005424513 69.716495034634136 40.537375955143943 665.27436831372324 866.04844790929928 726.6958556084428 617.84941310167778 61.117469241959043 199.73076705669519 133.53141210123431 106.90095305698924 774.92577382212039 166.31931135163177 1338.1322517014341 1447.9250732506625 1032.9440314011881 156.76088864239864 89.860399025143124 1094.4574986948865 334.50167073414195 380.56290529679973 418.87561443028972 381.54216732049827 215.42669560119975 344.44435597141273 74.723412281950004 52.612056330428459 52.106367609812878 45.774757184437476 274.78309152286965 99.343063230859116 65.778124733129516 447.61575671704486 1340.6909414837137 233.49919423472602 135.38974039827008 1489.2410885985009 579.90137019881513 181.2540117300814 36.905788064002991 1290.2261504188646 926.5280032530427 51.724373909411952 419.62540228792932 248.4140416146256 785.79964199475944 725.04642797040287 501.72386182041373 879.00225525524002 51.463486557244323 105.57359630009159 1280.7932393194642 1036.0554374518106 364.18434062902816 54.322718016570434 637.86184253171086 122.86064341117162 101.46806827478576 103.67603029788006 268.72859558544587 59.340637583867647 40.270803657360375 39.380105865886435 600.27191503124777 264.52781998948194 165.63611133687664 116.68313462194055 198.63367141701747 100.07354520796798 203.3224781799363 562.77586470893584 162.71908194222488 195.74630082445219 149.37467799789738 394.12507024698425 93.672074635745957 49.069004794466309 144.25738698197529 513.03124759893399 529.23840788984671 939.02058317197952 92.53171070443932 57.95641526277177 102.04994281602558 78.067226138431579 1090.6512168825138 86.515182583127171 139.43907505238894 119.05003755155485 106.19509765389375 127.11782311776187 47.87133262003772 323.79381499928422 769.58118084294256 133.60476339247543
leaf_count=186 201 134 220 550 336 1571 193 607 283 391 353 77 2542 425 371 123 1028 690 1323 198 1170 2959 129 334 196 349 564 209 677 266 1804 1870 244 221 1089 1801 1381 999 287 301 224 344 1360 302 2808 2383 1938 263 215 2349 705 614 924 711 442 555 131 214 82 210 485 180 225 811 2908 369 426 2509 1227 397 42 2356 1890 166 923 445 1391 1434 662 1626 182 175 2346 2020 564 231 1205 234 263 283 559 97 181 85 1081 433 259 207 336 241 403 998 424 311 193 823 173 72 337 1028 1019 1536 159 141 181 201 2173 197 211 187 194 248 273 629 1601 303
internal_value=-3.83728e-05 0.00135827 -0.00230238 0.000747604 -0.00120943 0.000114803 0.00166684 0.00058457 -0.0015252 -0.00347416 -0.00105837 -0.00163204 -0.000314576 -0.00513944 -0.0107608 -0.0215751 0.00125631 -0.00199173 -0.00403792 -0.00647717 -0.00295406 0.00440014 0.0123914 -0.00463604 -0.00550284 -0.000152671 -0.000828765 0.000748187 0.00366381 0.00108253 -0.000180044 0.00211043 -0.00251708 -0.0042079 -0.00168144 -0.00435313 0.00365044 0.00276403 0.00573507 0.00784545 0.0150026 0.00289642 0.00183801 -0.00271782 -0.00422655 0.00189327 -0.00448439 -0.00738156 -0.00362646 -0.00603703 0.0045163 0.0034171 -0.00885386 -0.0025115 -0.00143813 -0.000464849 0.00291448 0.0115727 -0.00289528 -0.0129179 0.000291766 -0.0051194 -0.00940967 -0.00129704 -0.00548619 -0.00036009 -0.00389416 -0.0005689 -0.00248099 0.00107488 -0.0123366 0.000911613 0.0025062 0.00323289 0.00804885 0.00252227 0.0011527 -0.000753716 0.00207359 0.00502737 -0.000131187 0.00680539 -0.00233879 0.000771921 0.00420493 0.0114903 0.00594933 0.00248393 0.00690968 0.00127189 -0.00647437 -0.0136879 0.00487528 0.0138858 -0.000364356 -0.00205876 0.00292422 0.00564352 -0.00382287 0.00189433 -0.00212352 -0.00354182 -0.00592864 0.000858836 0.00899578 0.00356428 0.00610391 0.0163143 0.00584386 0.00410726 0.00134753 0.00233442 0.00581454 -0.00837289 -0.0117718 -0.00153022 -0.00261988 0.0014914 -0.00237092 -0.00318907 -0.00682136 -0.0109851 -0.0129133 0.00661961 0.00783024 0.00345509
internal_weight=46943.5 29036.6 17907 24359.2 12954 8186.14 17352.1 11249.9 7007.13 4767.89 6439.19 2979.93 5065.33 4952.94 476.707 107.304 9470.64 5221.77 2120.88 1787.96 1779.3 1746.95 164.382 1941.79 980.596 4457.92 3805.7 2605.57 652.213 515.486 2328.44 1174.83 1153.61 1200.14 742.718 924.59 6102.13 4323.77 1778.36 1051.67 194.649 1217.42 1110.52 335.597 1426.26 3604.45 4476.23 978.178 3498.06 1184.32 4677.37 3115.89 821.417 2120.57 1739.03 1523.6 633.661 127.335 889.941 97.8811 506.325 231.542 165.121 792.06 1656.7 316.009 1828.54 3100.88 1430.39 1670.5 77.4432 2738.15 5012.72 3929.16 471.35 3457.81 2260.98 1475.18 750.138 1196.82 1083.57 157.037 2313.74 1553.66 517.609 153.425 1141.29 503.424 719.317 2944.76 369.404 100.675 866.302 79.6509 1598.8 1063.43 535.37 369.734 798.906 1974.6 1505.93 1124.56 725.495 399.069 253.051 786.651 487.797 103.392 857.019 712.762 1886.11 1560.79 621.77 373.463 237.44 136.024 1455.07 364.422 225.954 325.319 206.269 593.865 466.747 1561.48 1226.98 457.399
internal_count=90895 55084 35811 46256 25460 15636 32595 21224 13661 9824 12212 5958 9514 10351 1370 494 17864 9853 4149 3866 3360 3424 465 4147 2190 8363 7071 4691 1292 943 4127 2079 2048 2380 1352 1994 11371 7813 3558 2177 511 2359 2015 655 2994 6551 8981 2133 6848 2564 8828 5590 1870 4180 3469 3027 1369 345 1658 292 1024 539 405 1366 3475 567 3813 5704 2798 2906 263 4739 9501 7254 1089 6165 3932 2541 1107 2233 2247 357 4284 2964 944 380 2053 848 1262 5334 876 317 1812 266 2792 1850 942 683 1417 3537 2826 2136 1422 714 476 1546 996 303 1666 1329 3336 2714 1178 949 607 342 2864 691 408 622 435 1445 1197 3238 2533 932
is_linear=0
shrinkage=0.0200396


Tree=42
num_leaves=127
num_cat=0
split_feature=18 21 21 18 21 18 18 1 21 21 21 18 21 21 18 18 33 30 44 18 18 44 10 74 20 35 29 3 11 21 11 37 37 19 44 35 11 18 23 12 11 18 23 28 44 18 37 32 19 12 10 33 21 19 35 31 37 0 23 55 44 36 12 4 32 3 18 34 18 37 11 34 12 1 21 18 18 41 1 12 19 3 12 12 28 13 73 73 17 20 18 4 23 20 17 33 21 31 17 30 33 23 44 36 32 20 37 14 73 3 21 34 18 14 34 41 3 20 25 13 20 20 73 41 33 23
split_gain=355.778 168.604 167.481 130.566 94.2376 100.953 90.5788 70.6014 65.6393 62.5285 58.0597 83.8998 53.5791 45.5915 46.3263 43.7439 43.4043 39.6245 39.5251 36.122 35.0785 60.1408 37.236 42.3239 35.0354 33.7898 32.7898 32.209 31.5561 31.2323 30.9643 37.0857 32.0046 30.6831 42.0368 56.3294 30.4848 30.4289 42.7899 30.2313 29.0141 28.6409 47.7024 36.9327 27.9036 26.963 40.959 26.8608 54.8585 26.9648 42.0075 26.6703 30.2324 26.6128 28.803 26.4796 26.3205 25.7711 25.627 25.6255 25.5647 25.4185 48.7105 32.1093 30.2995 28.4792 25.0588 24.9894 26.0437 38.1282 25.5485 25.031 24.6873 33.301 26.0688 33.9707 27.3273 24.6257 33.4771 41.4344 34.6232 29.076 24.4789 26.1555 33.4557 24.3338 23.8735 39.9903 23.8238 23.586 23.3777 32.6612 28.5676 23.325 22.893 22.8886 22.6694 22.6662 23.6969 22.6505 22.5847 22.5658 22.2215 21.9761 21.9667 23.4528 26.0491 21.9171 32.826 39.7988 21.8289 21.8284 21.4403 21.3451 27.4596 21.1715 20.9938 41.4424 39.4072 24.2051 21.6623 29.3737 40.0002 20.6984 20.4912 45.7282
threshold=0.014503159094601871 -0.00096215525991283346 0.03688261657953263 -0.094419144093990312 -0.16324567049741742 -0.31688533723354334 0.086003046482801451 -0.29971592128276819 -0.078576009720563875 -0.33258499205112452 0.17992302775382998 0.18726097792387011 -0.41468890011310572 0.35118664801120764 0.31566222012043005 -0.49258488416671747 0.29069519042968756 0.40169054269790655 0.030556644313037399 -0.46007244288921351 0.11385279521346094 0.10071661323308946 -0.063897203654050813 0.19575867801904681 0.008063483517616989 -0.34712398052215571 -0.40082852542400355 0.38928070664405828 -0.58853837847709645 0.23508659005165103 -0.25853691995143885 -0.17665472626686093 -0.094946924597024904 -0.14835732430219647 -0.0018597072921693323 0.11937191709876062 -1.1949683427810667 -0.16091182827949521 0.0054167835041880616 -0.20011468231678006 0.12322544679045679 0.15422734618186953 0.22231548279523852 -0.26085181534290308 0.15902072191238406 0.12322133406996728 0.22459689527750018 -0.33905304968357081 0.17591178417205813 0.10263761505484582 0.2812820971012116 -0.49124407768249506 -0.63534316420555104 -0.17582733184099195 0.0072855064645409593 0.053018683567643173 0.12230426073074342 -0.16335227340459821 -0.16265179216861722 0.017379205673933033 0.16877178847789767 0.46503496170043951 -0.2092889919877052 0.085113108158111586 -0.14248616248369214 0.3262240737676621 -0.66585803031921376 -0.017923490144312378 -0.14627001434564588 -0.1427127346396446 -0.38097117841243738 0.13393289595842364 0.043004587292671211 0.31107954680919653 0.59813982248306286 0.43864586949348455 0.5698031783103944 0.55167785286903392 -0.083806820213794694 0.020068807527422908 -0.12559868395328519 0.47445212304592138 0.23107798397541049 -0.29759174585342402 -0.25231567025184626 0.23349604755640033 0.40358503162860876 0.25430205464363104 -0.14738242328166959 -0.11193961650133132 0.30465058982372289 -0.34561544656753534 -0.056043222546577447 0.078328099101781859 -0.23540198802947995 -0.10883928090333937 0.24278382956981662 0.70023125410079967 0.21375665813684466 -0.24504426866769788 0.61025726795196544 -0.24307096004486081 0.13229617476463321 0.4790209829807282 -0.065650206059217439 -0.3206187486648559 -0.10944735258817671 0.0067567569203674802 -0.35294996201992029 0.39948755502700811 -0.50513148307800282 -0.14375169575214383 -0.055688397958874696 0.66291293501853954 0.25476309657096868 0.038646940141916282 0.27382043004035955 -0.19077220559120175 0.32759426534175878 -0.071042075753211961 -0.33067473769187922 -0.20459371805191037 -0.066174298524856554 0.00013764574396191168 0.41829055547714239 0.086225539445877089
decision_type=2 2 2 2 2 2 2 2 2 2 2 2 2 2 2 2 2 2 2 2 2 2 2 2 2 2 2 2 2 2 2 2 2 2 2 2 2 2 2 2 2 2 2 2 2 2 2 2 2 2 2 2 2 2 2 2 2 2 2 2 2 2 2 2 2 2 2 2 2 2 2 2 2 2 2 2 2 2 2 2 2 2 2 2 2 2 2 2 2 2 2 2 2 2 2 2 2 2 2 2 2 2 2 2 2 2 2 2 2 2 2 2 2 2 2 2 2 2 2 2 2 2 2 2 2 2
left_child=1 3 20 4 5 12 61 94 116 100 26 45 15 40 47 36 67 29 19 -14 25 22 23 -22 27 -2 -8 -18 110 30 -3 99 -33 34 -10 -36 -1 38 58 53 -13 43 77 -28 -31 46 -12 -15 -49 -50 -51 -38 66 54 -27 113 -39 -41 -11 -34 111 65 -63 93 -65 -4 101 -9 70 71 -69 -70 73 -16 75 -74 -76 78 -43 80 115 -82 83 -71 -85 89 87 -81 -20 -24 91 92 -42 102 -6 -75 -94 98 112 -32 107 -53 -64 -29 105 -23 -107 -7 -109 -110 -17 -47 123 114 -21 -80 117 118 -5 -119 -118 -122 -123 -35 -59 -126
right_child=2 17 6 8 7 9 10 16 33 37 11 13 18 14 72 28 24 -19 88 55 21 104 85 -25 -26 39 41 103 -30 44 31 32 59 97 35 -37 51 56 -40 57 90 42 -44 -45 -46 60 -48 48 49 50 -52 52 -54 -55 -56 -57 -58 124 -60 -61 -62 62 63 64 -66 -67 -68 68 69 82 -72 -73 74 95 76 -77 -78 -79 79 86 81 -83 -84 84 -86 -87 -88 -89 -90 -91 -92 -93 96 -95 -96 -97 -98 -99 -100 -101 -102 -103 -104 -105 -106 106 -108 108 109 -111 -112 -113 -114 -115 -116 -117 120 119 -120 -121 121 122 -124 -125 125 -127
leaf_value=0.00257861426392117 -0.0034613861128403307 0.0032367986262742065 -0.0021062917226930783 0.013586625910709329 -0.0034640408016538902 -0.0016635896217546487 -0.007218019243160444 -0.0052759094224879054 -0.0010914661949863471 -0.0029644901270212561 -0.0040857140862377451 0.0070057102897688626 -0.023152391621647242 0.0017102062251982014 0.0066037139598499744 0.011838513399195037 -0.0091047974239951077 -0.014382874128073363 -0.0082056653869387736 -0.0044978905400551057 0.036549632066466824 0.010827556557892767 0.020832556048979534 0.0038744317652374422 -0.016623365274882222 -0.0082833694675791443 -0.003484336435980681 -0.0054084127074313848 -0.00047372895274801495 -0.020786942013267643 -0.0042120341036651233 0.0011414318964724328 -0.0072654524648256688 -0.0014334892529790915 -0.022724432662762719 -0.0025092986720596879 -0.011039665525381237 0.00085642003661646885 -0.005188804954731667 0.0024886124507689754 -0.011300420245674337 0.010225683048559054 0.017423841385650233 0.0027030845906330916 -0.004923787896759531 -0.0030830677490547931 -0.02040305565804482 -0.0014535499441688884 -0.0058224993941468489 -0.029821772956043172 -0.0031432429151685894 0.0034892834547963188 -0.0067957263082043286 0.0039938451376591898 0.0010380988936318524 -0.017517992701929712 0.0091908946674801525 0.0053285562771872115 0.0032083704521288681 -0.0033334650355294048 -0.011754412948476695 0.012165136678247056 0.0069575949781038619 0.0023745222444663786 -0.012704950993683642 -0.0073363749815906001 0.0034175878103204563 0.0058338881637738016 -0.0077502325533807008 -0.0014868974751272883 -0.0047261156138384648 0.00089406846017930995 -0.002855836477825514 0.003280521683160021 -0.0069078572335609396 0.0050329512525409655 0.00079140158690868957 -0.0048527888522435321 0.0060857262045377961 0.00050684227482582602 0.0065931592121240643 0.019387166987796339 -0.0048488565333954107 0.020289355615328984 0.0049527754172905471 0.0022739972009549153 0.0084534139878481972 -0.012160844092605856 -0.00079233842897488075 0.0086241121900813636 0.0063202931052780279 0.003207636124556934 0.005342166928209692 -0.003069413493638656 -0.017907904973027085 -0.0058691216024635805 -0.0034806118477610291 -0.005666861150002131 0.0040622466532491052 -0.023288819721882664 -0.0031572345955479344 -0.0060688104333289491 -0.002297311084059801 0.0062069430021134435 0.011521122946006539 0.010802118923517312 -0.00011204468050093223 0.004138002925736347 0.017082687627288592 0.00045482403108720025 0.0007718424873654605 0.0010495454393179655 0.0015183401774885755 -0.00089852830375220915 -0.017453812773798354 -0.0021437405426813637 0.0080361897928139438 0.0040803809210126444 -0.0028040875752733231 -0.0059903641771570258 -0.0065919643165946087 -0.00080168463908959189 0.0084845462611161607 -0.011875958200418521 3.9228405055636789e-05 0.015306774715679041
leaf_weight=261.76032944128383 242.33855551120359 173.94720786786638 1356.1084426908055 313.74629651056603 74.232276848633774 110.46466980699915 102.63108399196062 1106.4564040198456 933.63736410159618 427.59685473376885 361.58341609383933 690.64895639079623 54.588999014813453 270.48574877425563 637.87349319190253 142.89957918960135 359.55265580001287 181.30448793317191 229.90323368809186 239.65626430488192 25.81228187715169 91.26751979556866 77.147493564756587 33.020607824670151 143.91806979675312 159.88383915356826 419.62012531852815 102.60612904955633 896.14063151541632 74.442705074790865 58.608702901517972 340.69977473258041 1341.2225302745355 403.71034536103252 69.248071527923457 153.15842446114402 202.85262256953865 1684.9239495977527 870.14167800499126 1008.3314182866598 98.398292322293855 335.53922940103803 92.984271355089732 3064.1655922839418 121.18749073334038 1149.4505214262754 55.620071449782699 492.42678168101702 144.58012775878888 49.049144336953759 44.704113563406281 113.79304565954953 584.24139682797249 714.31398903217632 453.61423567100428 77.308426111587323 143.44899686134886 1395.5237989542075 644.50043722614646 1473.9937219884014 73.803769317804836 93.716383170103654 264.66994756297208 67.136354241287336 138.36957984010223 606.40895807731431 313.17092561454047 79.446399509441108 224.31253049697261 119.38420265249442 931.06705291511025 277.30805312632583 325.12628620082978 229.55845952546224 330.88130338641349 568.56050863757264 371.34949931199662 95.666741484659724 198.09386707725935 478.41911520599388 527.86100210098084 73.10325897205621 75.851753631024621 59.737567378208041 264.54091210791375 177.03841033345088 75.670679776812904 100.28817100194283 578.73939042375423 458.53869477822445 415.69638675288297 1000.6370478511089 154.23251290793996 358.02124307106715 184.45957480149809 167.75318441307172 310.33501386630815 173.00046777678654 824.22925201070029 49.568313890718855 96.5713224504143 355.08688287145924 144.23218795086723 108.3613120947266 99.462914760923013 73.856367063475773 746.14656131365336 530.25025474932045 200.43357247812673 80.32985545671545 133.33881267975084 889.07420966867357 1006.6377689767396 234.71910126251169 83.845656680758111 263.30249026231468 155.74830978352111 1022.5211082346505 60.120552197680809 82.367759488988668 167.94199711806141 591.1797184800962 243.20897842338309 72.097240994335152 109.83868298307061 248.46655765699688
leaf_count=545 433 358 2539 775 128 209 261 2089 1572 843 686 1487 280 513 1137 334 797 548 504 424 233 208 289 62 424 363 790 162 1679 317 83 688 3061 625 279 223 578 2857 1735 1629 256 727 282 5454 243 1905 228 775 269 288 59 226 1234 1365 757 248 330 2485 1192 2993 237 239 453 133 337 1194 559 215 426 187 1886 433 564 388 615 1027 710 195 379 834 983 265 135 242 500 286 160 260 1115 891 803 1879 282 643 531 324 532 281 1399 240 144 644 193 190 232 176 1309 916 608 173 214 1539 1756 370 265 399 323 1863 104 182 353 930 499 180 218 678
internal_value=-4.99483e-05 -0.00179888 0.00167564 -0.00104732 -0.00216316 -0.00103875 0.000684256 -0.00468103 0.00133432 0.00098339 0.00133681 0.000309045 -0.00318554 0.00154665 7.85823e-05 -0.00161393 -0.00393963 -0.00564139 -0.00625375 -0.00972058 0.00452797 0.0069041 0.0110565 0.0246106 -0.00834034 0.00351583 0.00288515 -0.00564878 0.00138475 -0.00511083 -0.004597 -0.00503911 -0.00455766 -0.000410534 -0.00307325 -0.0104322 -0.00353246 -0.000213101 -0.0019502 0.00395019 0.00352193 0.00309852 0.00486227 0.0019357 -0.0125956 -0.00275597 -0.00728063 -0.0035357 -0.00548863 -0.0128921 -0.020347 -0.00458389 -0.00344332 0.00142181 -0.0015964 -0.00774617 0.00162775 0.00513978 0.000724376 -0.00525552 -0.00178603 -0.00245639 2.79399e-05 -0.00140138 -0.00796742 -0.00379633 -0.00079811 -0.00287849 -0.0015213 0.000724455 -0.00376401 -0.00312566 0.00147735 0.00384875 -8.8541e-05 0.00214961 -0.00292845 0.00412526 0.00460211 0.00337075 0.00577045 0.00885306 0.00443668 0.00622733 0.00901434 0.00915487 -0.000575982 -0.00207402 -0.00309072 0.0112204 0.00223223 0.0010589 -0.00271789 0.000535554 -0.0144083 -0.000668429 -0.000411803 0.000844257 0.00139198 -0.0156046 0.00532719 -0.00366218 0.00371351 0.000524161 0.00354346 0.00238341 0.00114525 0.0062918 0.00740947 0.0127445 0.00700303 -0.00128452 -0.000127128 -0.005702 -0.00885694 0.00150071 0.00372635 0.00529821 0.0108905 0.00320575 0.00164563 0.000474561 0.00205585 -0.0035342 0.00660523 0.0109055
internal_weight=47291.9 23489.5 23802.4 19674.5 13401.9 9290.71 17687.8 4111.23 6272.55 4788.66 14659.2 8831.83 4502.05 6302.3 3632.35 3003.28 3852.54 3814.97 1498.76 690.118 6114.6 1782.29 771.557 58.8329 714.438 4332.31 5827.35 570.52 1172.38 3633.67 3438.04 3264.09 3155.92 3635.72 1156.04 222.406 1830.91 3770.61 1942.24 4089.97 2669.95 5724.71 2240.93 3483.79 195.63 2529.53 417.203 1001.25 730.76 238.333 93.7533 1569.14 1366.29 1327.81 613.498 635.529 1828.37 2762.16 1072.1 2815.22 2112.33 3028.66 1066.15 972.429 205.506 1962.52 782.051 3138.1 2031.65 1021.14 1010.51 501.621 2631.1 1035.19 1595.92 893.687 702.231 2147.94 2052.28 1716.74 1062.36 600.964 519.514 443.663 324.278 712.725 654.378 578.707 808.643 535.686 1979.3 1563.6 562.966 766.923 258.692 397.312 464.568 2479.68 2306.67 108.177 1018.05 468.88 408.902 210.967 1010.73 911.27 820.003 921.478 811.014 280.763 276.238 2038.52 1482.45 558.221 323.502 461.396 2636.83 1478.76 373.867 1104.89 1158.08 1002.33 834.389 475.808 1753.83 358.305
internal_count=91283 46446 44837 37915 26571 18226 33223 8345 11344 9007 27492 16503 9219 11908 6669 6013 7686 8531 3206 1587 11614 3686 1761 295 1573 7928 10989 1149 2227 7983 7423 7065 6742 6315 2074 502 3786 6957 3770 7495 5239 10728 4484 6244 560 4595 914 1904 1391 616 347 3241 2663 2485 1120 1307 3187 5010 2035 6054 3681 5731 1998 1759 470 3733 1429 6113 4024 1923 2101 859 4765 1849 2916 1591 1325 4202 4007 3280 2026 1248 1064 929 742 1466 1254 1094 1619 1180 3752 2949 1070 1289 659 712 814 4241 3960 323 2050 870 646 352 1925 1693 1485 1906 1697 781 548 3444 2561 1059 689 778 5029 2924 879 2045 2105 1782 1429 805 3381 896
is_linear=0
shrinkage=0.0200396


Tree=43
num_leaves=127
num_cat=0
split_feature=18 14 18 18 11 44 40 24 11 23 39 4 17 19 73 5 11 4 18 41 18 18 29 40 10 3 24 19 19 22 29 12 18 73 14 18 13 12 44 69 18 12 22 23 29 35 37 37 19 19 12 37 10 19 29 19 37 0 19 19 32 18 19 42 19 10 33 12 4 19 19 44 19 24 3 35 18 12 23 12 0 18 33 32 18 41 12 18 29 73 80 18 39 40 33 34 18 17 10 17 14 17 17 32 5 3 34 80 29 5 18 11 4 12 11 28 44 42 12 22 28 5 11 32 29 12
split_gain=343.462 65.9355 68.6612 65.0862 76.7296 46.9938 46.8745 56.2918 44.1494 40.0984 48.4782 38.5352 41.0925 38.0498 37.9696 32.7601 30.8162 28.1534 40.7505 29.0504 27.6774 33.1575 44.5838 32.4416 29.3388 27.3632 27.2573 26.4351 39.9986 25.8408 25.8239 59.063 28.9456 25.57 25.5539 25.5135 33.3685 25.0659 24.6552 24.0618 24.0443 38.4195 31.4182 23.9357 25.1677 23.9069 25.1792 23.3543 29.7045 23.2118 47.3387 23.015 23.0013 22.9407 35.8318 22.9029 26.5798 22.6803 22.6698 29.9154 26.0853 24.5311 28.7958 22.5927 22.5023 22.423 36.0365 28.1025 26.6998 26.8686 24.4618 23.9456 25.8417 22.3779 22.1918 24.1979 22.0425 22.0308 24.1922 21.6934 21.6133 32.0246 28.6162 26.1556 29.3045 31.0073 26.2058 38.8387 21.241 21.0437 20.8932 30.3723 38.0821 29.4844 20.7887 31.3202 34.6862 51.8995 29.6366 34.8104 26.2352 25.7325 23.6125 23.0827 25.0296 36.2466 23.0006 33.2722 22.5379 21.6101 22.7861 27.1863 20.7387 22.2825 26.4806 23.3498 22.1709 20.6556 20.5757 20.5723 25.4757 32.1038 21.3226 20.5476 20.2559 19.9711
threshold=-0.078981548547744737 0.15240240097045901 -0.31688533723354334 0.071790568530559554 0.2203800976276398 -0.15528191626071927 0.36960431933403021 -0.37327286601066584 -0.40657964348793024 -0.018849961459636685 0.28820006549358373 -0.40606333315372461 0.41895584762096411 -0.1073331944644451 0.38466809689998632 0.37500000000000006 -0.38097117841243738 0.077078893780708327 -0.0081464317627251131 0.12077403441071512 -0.3777655810117721 -0.58976265788078297 -0.3013112992048263 0.32823741436004644 0.51146608591079723 0.37321612238883978 -0.27335406839847559 -0.062465740367770188 0.059256333857774741 0.10743073001503946 -0.40082852542400355 0.43635320663452154 0.28552299737930303 -0.026437767781317231 0.11636636406183244 -0.38485574722290034 -0.56452748179435719 0.30676606297492987 -0.073538508266210542 -0.1904693320393562 0.5698031783103944 0.32740825414657598 0.060436427593231208 -0.10402576997876166 -0.12167610600590704 -0.37745085358619684 0.28186522424221044 -0.32362003624439234 0.076905556023120894 -0.14835732430219647 -0.2092889919877052 0.02062887325882912 0.022823496721684936 0.037816265597939498 -0.043251998722553246 -0.14835732430219647 0.23510207235813144 -0.22301135957241056 0.28665152192115789 0.046941414475440986 0.047595443204045303 -0.040688879787921899 -0.085429694503545747 0.51713407039642345 -0.23167346417903897 -0.12297330796718596 -0.14716694504022595 0.043004587292671211 -0.471088096499443 -0.058711254969239228 -0.15316089242696759 -0.15528191626071927 -0.053809218108654015 0.13252588361501697 -0.16406177729368207 -0.055168604478240006 0.027097618207335476 0.43635320663452154 -0.011013529263436793 -0.26662844419479365 -0.11789772659540175 0.27545258402824407 -0.37944750487804407 0.052820974960923202 0.099738571792840972 0.12264844775199892 0.25860092043876654 0.21502416580915454 -0.20052935183048246 0.016563804820179943 0.238768145442009 0.30853129923343664 -0.1747944429516792 -0.10161870345473288 0.143771767616272 -0.026066659018397328 -0.25816884636878962 0.0066518050152808436 -0.0094804246909916384 0.0033079246059060101 -0.056681681424379342 -0.25118653476238245 0.23482669144868853 -0.45472048223018641 -0.37499999999999994 0.38928070664405828 -0.049898482859134667 0.053709289059042938 -0.36617827415466303 1.0000000180025095e-35 -0.30135419964790339 0.089974891394376769 -0.4010626077651977 -0.22075688093900678 0.14800114184617999 0.14578717201948169 -0.062871653586626039 0.0095156100578606146 1.0923165082931521 0.33534319698810583 -0.0027630029944702979 1.0000000180025095e-35 -0.13149327039718625 -0.051262594759464257 -0.35675837099552149 -0.06479357928037642
decision_type=2 2 2 2 2 2 2 2 2 2 2 2 2 2 2 2 2 2 2 2 2 2 2 2 2 2 2 2 2 2 2 2 2 2 2 2 2 2 2 2 2 2 2 2 2 2 2 2 2 2 2 2 2 2 2 2 2 2 2 2 2 2 2 2 2 2 2 2 2 2 2 2 2 2 2 2 2 2 2 2 2 2 2 2 2 2 2 2 2 2 2 2 2 2 2 2 2 2 2 2 2 2 2 2 2 2 2 2 2 2 2 2 2 2 2 2 2 2 2 2 2 2 2 2 2 2
left_child=1 5 8 6 30 13 9 -8 35 14 11 76 47 -1 17 38 -4 18 39 27 21 22 -10 -22 -25 -9 -19 51 -29 77 31 -5 45 -23 -15 36 -3 -24 -6 -2 43 -42 57 52 -45 -32 63 -13 -49 50 -48 -20 53 -40 -55 -31 -57 -43 59 61 -61 62 -28 65 -52 66 68 73 -47 -70 74 -72 -73 112 -67 -76 119 78 -17 -12 81 82 -74 84 -82 86 87 -86 -16 -14 93 92 -92 -34 95 98 109 108 99 101 -101 -7 -96 -104 105 -105 107 123 -98 110 111 117 113 -68 115 -115 -114 -97 -79 120 125 122 -122 -103 -111 -11
right_child=3 2 16 4 15 94 7 25 20 10 79 12 89 34 88 29 -18 26 19 -21 23 33 37 24 -26 -27 58 28 -30 55 32 -33 90 -35 -36 -37 -38 -39 40 -41 41 42 -44 44 -46 46 49 48 -50 -51 64 -53 -54 54 -56 56 -58 -59 -60 60 -62 -63 -64 -65 -66 70 67 -69 69 -71 71 72 80 -75 75 -77 -78 118 -80 -81 83 -83 -84 -85 85 -87 -88 -89 -90 -91 91 -93 -94 -95 102 96 97 -99 -100 100 -102 106 103 104 -106 -107 -108 -109 -110 124 -112 -113 116 114 -116 -117 -118 -119 -120 -121 121 -123 -124 -125 -126 -127
leaf_value=-0.0043389696084340634 0.00061556915331840057 0.0001388828473893276 0.0029453299444179549 -0.014463946732624003 0.0059542251022835458 0.0014191859367729764 0.01923839812713031 0.0048741689174851676 -0.0045021188335090277 -0.0035953174511654997 0.007907908589032335 0.0026654469002110647 0.0084986220220954461 -0.013593047416112372 0.015912323021657317 -0.0039500043039265229 -0.00070386468164563936 -0.00984696738540429 2.5323723969646007e-05 -0.008184558762993354 -0.0051986718755901561 -0.0041515547155628477 -0.029991245474923989 -0.032195129900321889 -0.0056332840594534661 -0.0023948141407364103 -0.0064902278312384352 -0.013207512291414553 0.0019370978954062006 0.0037558927279228264 -0.0023791884002792329 0.0060317835521242228 0.0025630709405768458 0.0054298432428092147 -0.0036971845153221509 0.0018929625244394077 -0.0049849847361164044 -0.0034941457494628288 0.00054684678681210042 -0.0076562520244795431 0.013041516120564048 -0.0035782586945397243 -0.0087069870170873934 0.0073531556690315768 0.00027025333684204875 0.0019411145002109556 -0.0074978919768744429 -0.0045709358291785027 0.0020862871332306223 -0.00097128226770101182 0.0019264786779597269 0.011267240233631091 -0.00064391721496061792 -0.022754269539563221 -0.0041459969233220081 -0.003754526941204261 -0.013050383339768927 0.0076887024615461324 0.0064618222337250869 -0.0026028985543990004 -0.013381856978811935 0.0017097299582389139 0.0019664726173499185 0.0068145392240916616 0.01111702456357349 0.0076784432303115798 -0.0099116410895111352 -0.0061147745913073754 0.0034534553450177611 0.03187419901575065 -0.0015645331641832799 0.0062057645763827799 -0.0062125820348616799 0.0080841710761142011 -0.0067719588137347582 0.00039610177179773027 0.0013841791524047858 0.011794682239128974 0.0056352141919554085 -0.0012668022750404709 -4.9503112212854443e-05 -0.01025087707798856 0.0022886392021423787 -0.00098593629932990827 0.021723764750610008 0.0023218019021383294 0.0046804338212516955 0.0060809883499395251 0.00099276013685998588 0.001874688615421204 -0.0036680089323622603 0.00091836552287275722 0.015982821806350737 0.0094110346763552032 -0.015021858759664034 0.010587474520827317 0.0087827499346158147 0.01313532460273065 -0.0019215043562876232 -0.0055040831486941793 0.0065346400330587862 -0.0069071313895100002 0.0021672705684601286 -0.004724110682169708 -0.0071504242082814241 0.0086293183456987183 -0.0041673418193351359 -0.0014938757387103169 -0.00078496911385036289 -0.001292862116152474 -0.011887538932327404 -0.0075152607727542635 0.0007660241505737616 0.00015736854407194531 -0.0035138161824170974 0.013800225628044652 0.0085041240015743397 -0.0004370449155744956 -0.00055194311727811858 -0.0026084535791853643 0.0047281911271743124 0.0048561109910616046 0.02161813805092648 -0.027158298821302433 -0.017489304666072819 0.0067203688773853007
leaf_weight=894.93122731347103 158.857513929368 874.41859214822762 1187.5896829403937 86.612953206989914 332.91762335796375 43.083183949813247 66.648042550543323 638.58081533887889 176.89083910849877 89.732063520117663 81.431230037473142 484.45385324035306 299.58760677091777 425.62646754272282 48.369695644825697 429.15992198395543 3949.6464515383122 103.10840155242477 131.03666020289529 122.6812491894234 134.37072389223613 814.44489656761289 38.581038155825809 30.003729916526936 42.913381740450859 282.28871027217247 358.14499991538469 70.219633474946022 243.03755677968729 89.959629390155897 374.77064908784814 92.667125685256906 431.36769608582836 105.92616864515003 169.03908585337922 568.95652822055854 1182.7209621709771 28.042235814849846 91.133411100832745 906.76493854389992 126.63116950576659 87.362808449193835 77.768432111595757 192.73681948869489 2761.8872867345344 44.514358884422109 95.023518658825196 810.13347538432572 376.64830384764355 1282.6261513760546 223.88929211802315 134.07605622976553 598.52318506839219 48.229392086272128 132.42077100079041 560.97490389377344 150.13923767756205 191.08885273092892 156.53153268026654 523.25835773767903 90.001264575170353 1472.7071008610073 260.76350410655141 601.20314098463859 209.12656550609972 86.260032535879873 58.75786682125181 82.636471273726784 27.715326884295791 25.091773566207848 452.68969211413059 899.53614509664476 146.60619487531949 485.10861900763121 247.21279501542449 601.85959075088613 399.0447872467339 85.748551813536324 113.19744687399361 3476.634085612488 259.07299913000315 68.38356802763883 2207.033338731504 275.43943852779921 132.1329828313319 311.5173643429298 228.05235372588504 154.82350431371015 89.602952130837366 531.49367912078742 44.164970221580006 755.3102662175661 103.32596478518099 694.19471015280578 70.381823641713709 78.017726360703819 83.156284406315535 110.45120563765522 996.47311561682727 269.09276774141472 72.797461349167861 50.757993649109267 174.14888586301822 236.50633747386746 833.36489008041099 93.425705044530332 90.367169986129738 44.357188864611089 1109.5780869864393 56.110001808963716 54.592765404260717 110.72422921517864 272.36765612463932 109.26869780372363 190.60503991413862 70.935058361967094 323.77170307666529 191.16814852668904 97.793966134893708 62.652643558452837 59.223392293904908 183.79677910672035 123.87883150076959 90.720170480082743 61.918382405187003 211.41987571015488
leaf_count=1841 313 1718 2049 255 622 117 224 1238 326 162 159 782 659 1028 185 711 7279 310 173 292 308 1526 238 235 69 498 667 221 464 177 666 179 678 208 278 1064 2433 52 162 2144 326 125 186 400 4956 81 209 1466 667 2043 349 320 1071 236 213 1075 364 358 302 884 250 2672 436 1089 439 185 136 235 102 183 956 1590 298 976 478 907 676 212 195 6348 467 173 3934 414 458 533 363 348 154 829 113 1376 312 1663 236 261 224 327 1779 603 168 102 327 430 1599 189 173 65 2187 140 148 259 456 206 349 194 658 348 134 101 111 341 427 424 265 383
internal_value=-4.43268e-05 -0.00248558 -0.00138493 0.00114339 0.00189344 -0.0040415 5.3337e-05 0.00419586 -0.00334595 -0.000292897 0.000656461 0.00227875 0.000868457 -0.00715219 -0.00169318 5.60682e-05 0.00014757 -0.00201237 -0.00399871 -0.00021089 -0.00623534 -0.00483395 -0.0110951 -0.0127431 -0.021853 0.0026302 -0.00080271 0.0017301 -0.00213094 -0.00246488 0.00277937 -0.00433578 0.00288999 -0.00292479 -0.0110403 -0.00179107 -0.00282513 -0.0226848 0.000896066 -0.00642372 0.000471665 0.00456935 0.000899452 -6.87368e-05 0.000792027 0.00245633 0.00264084 -0.000942091 -0.00244845 0.000484832 0.00392451 0.00612834 -0.00294435 -0.00751633 -0.0112472 -0.00489154 -0.00609397 0.00410088 -0.000392407 -0.000847217 -0.00464693 0.000302601 -0.00296655 0.00310387 0.00673205 0.00279493 0.00483593 0.00395737 0.0154841 0.0227284 0.00220796 0.00274923 0.00317474 0.00460511 -0.00074673 -0.00180909 0.00531112 0.000268154 -0.00176935 -0.00100078 0.00241671 0.00125442 0.00169574 0.0044199 0.00579534 0.00759267 0.0105222 0.0144244 0.00783451 0.00444352 0.00508501 0.00269166 0.0102936 0.00690145 -0.00306786 -0.00221253 -0.000406369 0.00137588 -0.00419378 -0.00741806 -0.00264843 -0.0119615 -0.00512218 -0.00433567 -0.00534402 -0.000584674 -0.0140575 -0.0178152 3.78746e-05 -0.00450679 -0.00213421 -7.2743e-05 0.00280309 -0.000528841 0.00145099 0.0065528 0.00514751 0.00332853 0.00584336 0.00733439 0.0083495 0.0117877 0.0173457 -0.0219653 -0.0113395 0.00357535
internal_weight=47515.5 15545.3 9134.51 31970.2 18923.3 6410.79 13046.8 987.518 3997.27 12059.3 7190.13 3632.07 2502.32 1489.6 4869.16 6167.67 5137.24 4731.19 1766.67 701.051 1371.17 1163.89 243.514 207.288 72.9171 920.87 2964.52 578.37 313.257 1526.97 12755.7 179.28 12576.4 920.371 594.666 2626.1 2057.14 66.6233 4640.7 1065.62 4307.78 482.851 356.22 3824.93 2954.62 10548 10173.3 1671.24 1186.78 1810.67 528.039 265.113 870.307 271.784 180.65 801.074 711.114 278.452 2861.41 2704.88 613.26 2091.62 618.909 8362.6 433.016 7761.39 1690.77 1593.45 97.3215 52.8071 6070.62 5135.29 4682.6 1510.81 935.332 849.072 1129.75 725.9 542.357 3558.07 3783.06 2422.02 2353.64 1361.04 1085.6 826.526 515.009 286.956 137.973 831.081 2028.36 902.801 147.491 1125.56 4921.19 3513.37 1855.72 1303.19 1657.65 661.176 341.89 319.286 1407.83 1337.45 1163.3 329.932 276.203 185.835 1192.73 552.531 434.503 379.91 1025.71 429.567 370.809 180.204 596.139 269.186 183.543 730.704 668.051 366.899 183.102 141.478 118.028 301.152
internal_count=91455 31023 17505 60432 35574 13518 24858 1960 8177 22898 13111 6604 4403 3147 9787 11523 9328 9448 3927 1470 2962 2350 616 612 304 1736 5521 1178 685 2868 24051 434 23617 1734 1306 5215 4151 290 8655 2457 8033 995 669 7038 5356 19475 18809 2915 2133 3040 997 493 1682 611 449 1616 1439 483 5211 4909 1134 3775 1103 15769 788 14680 3576 3210 366 285 11104 9534 8578 2975 1570 1385 2201 1252 906 6507 6988 4405 4232 2583 2169 1702 1169 806 339 1488 4142 1801 425 2341 10371 7590 4159 2738 3431 1652 771 881 2781 2545 2218 619 764 591 2411 1421 1016 868 1999 885 749 400 1114 609 346 1525 1424 879 538 526 405 545
is_linear=0
shrinkage=0.0200396


Tree=44
num_leaves=127
num_cat=0
split_feature=18 21 18 21 18 21 21 18 18 18 18 21 18 32 12 24 11 21 12 0 35 18 29 5 19 38 1 33 32 34 18 32 0 33 21 73 4 44 21 35 16 11 29 22 19 10 17 36 3 35 18 37 21 10 18 11 20 39 0 20 3 18 19 20 3 21 11 23 29 21 73 42 3 36 24 34 33 12 9 21 18 39 52 20 23 9 42 42 39 24 31 20 0 38 18 20 4 12 33 39 21 16 44 44 12 5 73 18 10 18 10 69 3 18 19 12 55 31 43 40 20 35 21 20 42 19
split_gain=331.968 138.644 133.298 129.785 93.1372 65.5783 65.1777 59.6615 54.2909 53.1706 53.1445 51.9982 62.5483 50.6655 60.1308 46.8962 39.6519 38.6239 35.1184 34.6908 34.4613 33.7944 32.7496 38.0345 37.0053 36.9818 32.1316 31.1518 31.0162 30.6469 43.4149 29.9154 53.8561 48.8278 29.7298 30.4537 35.9581 29.162 37.0596 29.1321 28.4266 28.2697 27.9652 27.3171 26.2977 26.2111 26.167 26.0185 25.8503 26.0416 25.6242 37.1083 49.46 30.6495 29.3747 46.6604 27.9972 25.7093 28.4782 25.4407 26.7281 25.3476 35.8126 39.6408 49.3825 35.6504 31.0274 29.7565 43.9798 26.5954 26.5627 24.9782 24.7495 24.7035 24.5469 24.5466 33.5463 27.3648 44.9686 26.6809 33.0775 29.6964 24.2446 24.0695 36.8388 23.9482 23.9307 36.5815 23.4873 25.6841 35.0907 29.98 23.3337 23.2642 22.9912 24.2338 46.4654 33.755 22.9429 22.7292 22.6505 22.5588 22.5399 23.0808 22.2506 22.2125 26.4077 22.0967 29.9314 60.7057 41.8168 48.032 21.7792 21.9256 21.7466 36.7968 44.4292 28.8774 21.6944 21.6273 21.465 21.3756 21.2403 21.1629 21.0413 21.0111
threshold=-0.04432928375899791 -0.0060936498921364537 0.071790568530559554 -0.099101990461349473 -0.25816884636878962 -0.27485568821430201 0.11449646949768068 -0.2005786597728729 -0.0014405213150894267 -0.11758166924118994 0.13059716671705249 -0.44355355203151697 -0.49258488416671747 -0.23445297032594678 0.55561923980712902 -0.12109429761767386 0.2203800976276398 0.072161644697189345 -0.1496559679508209 -0.27414773404598231 0.33100204169750219 0.014503159094601871 0.050510389730334289 0.37500000000000006 -0.073122270405292497 0.30023923516273504 -0.32812499999999994 -0.049243405461311333 -0.13792355358600614 0.025258833542466167 0.1756282448768616 0.093949243426322951 -0.098011363297700868 0.41291850805282598 -0.20365619659423825 -0.1788036450743675 -0.25349488109350199 0.10486187040805818 -0.50513148307800282 0.26939418911933904 0.33185173571109777 -0.17046921700239179 -0.40082852542400355 -0.097508151084184633 -0.15484688431024549 -0.044198980554938309 -0.14989932626485822 -0.052447551861405366 0.45878548920154577 0.19361347705125811 0.61352190375328075 0.076208729296922698 0.19403463602066043 -0.01669580768793821 0.22168816626071933 0.41594511270523077 0.078328099101781859 0.16981013119220736 -0.1576704531908035 -0.024020769633352753 -0.40927968919277186 -0.090132698416709886 0.070202723145484938 0.0031544824596494441 0.36766564846038824 0.042655548080801971 -0.33896830677986139 -0.24307096004486081 -0.0070782164111733428 -0.06767158210277556 -0.084232386201620088 0.21091743558645251 -0.060979206115007394 0.40209791064262396 -0.029934264719486233 1.3137705922126772 -0.49124407768249506 0.90883028507232677 -0.5594959259033202 -0.63534316420555104 -0.66585803031921376 -0.1665149852633476 0.060958478599786765 0.027030366472899917 -0.13467267900705335 0.035053351894021041 0.21616413444280627 0.55925077199935924 0.32357540726661688 0.57883858680725109 0.25834138691425329 0.0041743286419659862 -0.055397728458046906 -0.4174641072750091 0.28915858268737799 0.59764358401298534 -0.27446910738945002 -0.23910550773143766 0.6123889982700349 0.068852357566356673 0.15490698814392093 0.18096147477626803 -0.068038932979106889 0.082497797906398787 -0.13360092043876645 -0.37499999999999994 0.11373318731784822 -0.94762483239173878 0.39311756193637853 -0.24344995617866513 0.21293281018733981 0.34287452697753912 0.2599740624427796 0.11385279521346094 0.55588057637214672 -0.12327981740236281 0.31617230176925665 0.1276255398988724 -0.11819250881671904 0.02068345341831446 0.11359186097979547 -0.44442681968212122 -0.2402180880308151 0.11359186097979547 0.040304211899638183 -0.005122921895235776
decision_type=2 2 2 2 2 2 2 2 2 2 2 2 2 2 2 2 2 2 2 2 2 2 2 2 2 2 2 2 2 2 2 2 2 2 2 2 2 2 2 2 2 2 2 2 2 2 2 2 2 2 2 2 2 2 2 2 2 2 2 2 2 2 2 2 2 2 2 2 2 2 2 2 2 2 2 2 2 2 2 2 2 2 2 2 2 2 2 2 2 2 2 2 2 2 2 2 2 2 2 2 2 2 2 2 2 2 2 2 2 2 2 2 2 2 2 2 2 2 2 2 2 2 2 2 2 2
left_child=3 8 17 4 11 98 29 107 83 34 13 12 75 14 20 37 86 21 31 42 82 41 23 43 72 -26 -15 28 -28 30 85 32 73 -33 -7 36 44 38 -14 88 -21 -3 -20 59 -36 61 101 114 49 -17 51 53 -53 -18 120 56 57 -56 -59 -13 -61 62 63 64 -9 67 -65 -63 -69 70 -70 -66 -25 -10 -49 76 77 78 -1 80 81 -78 -8 119 -85 125 94 -88 -19 90 -90 -92 -81 -62 105 97 -97 -96 -6 -47 -29 -37 -58 -104 -86 106 118 -5 109 110 111 -109 113 -31 115 -43 117 -117 -12 -2 -54 -52 -74 -102 -98 -4
right_child=1 2 6 7 5 9 10 45 18 -11 16 22 15 26 -16 48 50 39 19 40 -22 -23 -24 24 25 -27 27 100 -30 112 -32 33 -34 -35 35 46 -38 -39 -40 -41 -42 47 -44 -45 -46 99 -48 74 -50 -51 121 52 54 -55 55 -57 102 58 -60 60 93 65 -64 66 71 -67 -68 68 69 -71 -72 -73 122 -75 -76 -77 79 -79 -80 92 -82 -83 -84 84 104 -87 87 -89 89 -91 91 -93 -94 -95 95 96 124 -99 -100 -101 123 -103 103 -105 -106 -107 -108 108 -110 -111 -112 -113 -114 -115 -116 116 -118 -119 -120 -121 -122 -123 -124 -125 -126 -127
leaf_value=-0.0048225126278155887 0.0011485985312898693 0.0050124748984451978 0.0083267098328644994 -0.00024394548409316686 0.0049343534311154236 0.00062101824560448497 -0.040546603522546514 -0.009810732522137381 0.00458629688553127 0.002894982467077623 -0.0076772966485350808 -0.0093088190106609871 0.020157326646214946 -0.010016949176228597 -0.00070200027867695709 -0.0017433877337711225 -0.0078604255046434649 -0.0025276384187381635 -0.0067592185751253614 0.0097637805793059571 -0.0047613473468815868 0.00057942632061223844 -0.011881966655647945 -0.011675618521947999 -0.023485474271410404 -0.0027491291436712961 0.0044481027201926579 0.0036049591142989054 -0.0081038385627934268 -0.00046040648343839463 0.012808739250797495 0.0036844887289240917 -0.013670293048859991 0.020648494285058286 0.00046404218601851744 0.012429698243848384 -0.0029413525078281432 -0.0023541178097942991 0.0046789038392290828 -0.01357735002078006 0.0015190451643375222 0.0008425597825312439 0.0046157949389117187 -0.0012028891864750606 -0.015604988437900513 -0.0033588585712055318 -0.0023774386081363303 0.0052229936819950858 -0.0080657934704267565 0.0058483306388595812 0.00014214362733641007 0.0083849634415993531 -0.00097912822348267562 -0.0013785986315802718 0.0014092426019063512 -0.0037964156928651091 0.0099072201674981642 0.0019257621483550441 0.023500943726018859 -0.012320999708689464 -0.0085150863103672161 -0.012484195890604646 -0.00031450973921524705 -0.00080059822186895021 -0.0039495133832518356 -0.014900029621953772 -0.021585402944141786 0.011171720286283434 -0.001439498394569808 -0.0042180935158798163 0.011904476750638403 0.010478645514510769 0.0069606990431110814 -0.0021224250246630479 -0.003904136441615923 0.002388181329076641 0.0015784382319748494 -0.0021691439817951301 -0.030819486503649816 -0.0030617900857505421 0.0040500719853113053 -0.0078610591260722968 -0.0047161637173056496 -0.012085789052494501 -0.0072341712656140023 0.0021684140891635138 0.010942063516494144 0.0021119497771861112 -0.0010380283364011189 -0.0017658456599833736 -0.0042084164503112991 -0.025028387024894527 -0.011830244596687814 0.0023730586473986507 -0.0034593297395405813 0.0065273231927149254 -0.0089692942168081036 0.0075127557134903461 -0.0056068927722800711 0.0010873258105527973 2.8147206529217695e-05 -0.0015467401323718748 -0.0019417231909208516 0.0051141058944092644 0.0016539932931751652 0.0016501554595100868 -0.0080793361608210799 -0.052390512555618565 -0.0055038258900244243 -0.0083286492902058685 -0.012491924963356106 -0.00071914885947064913 -0.0007198027534483744 0.0060375231742220061 0.00073584227608079777 -0.030237753918298242 -0.00082572698409323826 -0.0039167099252115601 0.0024440881201376798 0.0050955024153876184 -0.0076518433152963821 0.010144891051440877 -0.0062594144747237981 -0.0087031392904081684 0.0003799943377108643 0.0024381144607342206
leaf_weight=70.489676811150275 1290.0276702424744 121.99658652523067 659.23392090632115 89.470190148917027 1386.462165629142 1364.3789493071381 20.833089612307958 478.47393075190485 579.23230937833432 1364.629163942649 82.659472992294468 402.7437833242584 96.012485059327446 129.53048395784572 103.57350467995275 406.81967111246195 375.00469854369294 1456.9905052455142 73.861003947211429 1290.1164653023006 40.521207649144344 2167.4586219858611 222.11238491209224 72.649867568281479 91.753241124330088 59.909288121270947 83.99787316552829 647.67833297862671 311.9633851404069 323.60770337143913 222.40744492679369 416.84962314902805 69.770588937448338 61.218198641436175 46.401307601830922 71.036494743311778 448.61063930788077 66.230011410545558 173.15800338448025 111.64547203364782 205.99397293908987 55.176008768961765 783.66672267799731 1370.6115678896895 187.11966380325612 2276.1726016907487 1453.0090429441771 113.42716454085894 109.94884810887743 288.97674441779964 177.41659218631685 282.40571234317031 753.12394770758692 1169.0334697191138 81.02504405064974 417.56961956527084 106.76828611316159 42.283160001039505 56.660907618119381 62.711265680380166 76.650720684672706 82.561395961674862 209.86643243953586 37.669629427604377 81.700750339543447 76.202285020961426 137.28096543764696 77.466454383335076 155.28299323224928 817.15514388482552 66.717105484101921 64.949571561999619 83.676656057592481 325.64482263766695 859.74658690695651 248.01513370289467 220.34272121917456 86.651928747654893 34.039097237051465 376.54220686352346 334.38313671213109 283.83457086933777 17.770731054828502 79.050193532020785 105.319102776004 1500.7536510479404 287.90684425609652 519.95921740389895 76.438573662657291 163.91138780908659 55.879735519294627 72.548879949026741 178.87783173588105 320.11622244375758 115.12266140594147 285.61897495109588 152.62195730209351 741.76542592281476 66.382031925604679 560.20780759013724 693.04898058739491 77.003234585747123 447.50191033631563 282.04746753722429 808.428839673521 2545.607310066116 198.25333729025442 16.260875975363891 301.01841836958192 277.8946339689428 82.036923278705217 9.543955512926912 969.42563958151732 529.83565749030095 56.038319788873196 62.22303709492553 48.524478921666741 30.924769836710766 374.5177730784053 993.70860234904103 241.83786870562471 145.34776949032675 63.277543979231268 107.00760249840096 202.2555786666926 426.76752473192755
leaf_count=154 2303 255 1375 206 2538 2483 222 1013 1116 2547 142 941 321 300 167 705 849 2850 153 2730 97 3766 530 169 354 112 156 1002 639 605 548 793 213 249 106 185 725 98 342 328 302 89 1363 2614 523 4262 2736 272 254 536 287 579 1218 2072 143 695 257 54 239 191 154 255 406 73 153 266 504 195 257 1477 174 190 172 537 1679 470 388 162 236 689 609 528 37 191 187 2537 632 893 124 394 91 334 447 518 236 494 326 1538 110 905 1135 108 698 543 1180 4595 407 298 606 562 255 30 1554 1121 116 332 68 46 664 1825 493 414 113 276 298 814
internal_value=-5.75253e-05 0.00125755 0.000480513 -0.00218612 -0.0010067 0.000645659 0.00136103 -0.00462332 0.00369549 -0.000443764 0.000591192 -0.00284504 -0.00097889 -0.00224619 -0.0116763 0.00266436 0.00120274 -0.00223607 0.00531959 0.00683245 -0.0225047 -0.000968406 -0.00478115 -0.00406827 -0.00984355 -0.0167999 -0.00123709 -0.000491568 -0.00529756 0.00337968 0.00468749 0.00279183 0.000714953 0.00676597 -0.00170676 -0.00309468 -0.006572 0.00867802 0.0114267 -0.00449188 0.00867401 -0.00343031 0.00346204 -0.0030083 -0.0125895 -0.00380192 -0.00153201 -0.00436259 -4.53293e-06 0.00148498 -0.000173631 -0.000599458 0.000810047 -0.00305526 -0.000140983 0.00167981 0.00397779 0.0106699 0.0164718 -0.00575601 -0.00231795 -0.00540143 -0.00777267 -0.00965573 -0.00680537 -0.00340815 -0.0177409 -0.00238673 -0.00138021 -0.0025626 0.00329494 0.00292726 -0.00383181 0.00216662 -0.00272723 -0.00325718 -0.00417136 -0.011594 -0.0175172 -0.00296606 -0.000649303 -0.00382664 -0.0321555 0.00178134 -0.00080153 0.00387323 0.00234478 0.00549404 -0.00376078 -0.00815219 -0.0125143 -0.0180781 -0.0062736 -8.54653e-05 0.00177595 0.00380694 0.000794073 0.00596681 0.00435687 -0.00247515 0.000882453 0.00586653 0.00226779 0.000850807 0.000454181 0.000801348 -0.00242145 -0.00975419 -0.0109389 -0.0145908 -0.0262093 -0.0426977 0.00132509 0.00361422 -0.00983573 -0.0126784 -0.0174048 -0.0240873 0.000290622 0.00290512 -0.00275273 0.00505589 0.00110675 -0.00134937 -0.0039203 0.00612208
internal_weight=47571.6 29408.1 22325.2 18163.5 12265.6 6465.03 16872.3 5897.93 7082.89 5012.19 12240.2 5800.53 2974.32 2155.93 182.699 1141.15 10084.3 5452.93 3806.35 2353.64 79.125 3515.52 2826.21 2604.1 371.267 151.663 1973.23 1843.7 395.961 4632.03 2809.16 1452.72 974.648 478.068 3647.56 2283.18 682.132 335.4 269.17 1937.41 1496.11 1348.06 857.528 2232.83 233.521 5121.71 1601.05 1226.06 805.745 695.796 4578.03 4255.26 2711.22 1544.04 2428.82 1433.86 1016.29 179.969 98.9441 862.222 459.478 2285.33 1009.94 800.075 625.124 1275.39 174.951 1199.18 1116.62 1039.16 222 146.65 219.604 904.877 973.174 1833.18 1585.16 191.181 104.529 1393.98 838.56 504.177 38.6038 3276.53 992.798 2586.76 5506.29 807.866 1825.77 368.779 204.867 128.429 555.42 396.767 4698.42 1497.38 640.497 856.888 1452.84 2836.38 1447.73 148.04 836.318 729.549 913.748 3201.04 655.431 776.225 686.755 385.736 107.842 25.8048 1822.87 853.443 252.887 196.848 141.672 93.1478 457.177 2283.74 994.962 322.764 146.954 800.057 354.878 1086
internal_count=91192 55237 42095 35955 23868 12061 31351 12087 13142 9413 22797 11807 5939 4031 523 2256 18766 10744 7456 4548 356 6623 5868 5338 920 466 3508 3208 795 8554 5274 2908 1866 1042 6866 4383 1354 761 663 4121 3032 2857 1516 4418 629 10130 3029 2602 1495 1241 8541 7840 4919 2921 4340 2629 1934 436 293 1804 863 4963 2339 1933 1356 2624 577 2358 2103 1908 431 343 454 1653 1951 3683 3213 552 390 2661 1525 916 259 5686 1558 4726 10225 1525 3793 943 549 425 1136 672 8700 2892 1118 1774 2648 5167 2413 293 1498 1241 1367 5808 1213 1957 1751 1145 583 328 3280 1726 651 535 446 378 806 4128 1711 701 285 1411 624 2189
is_linear=0
shrinkage=0.0200396


Tree=45
num_leaves=127
num_cat=0
split_feature=18 21 21 18 18 21 21 18 21 21 31 21 12 18 21 18 18 12 18 28 34 21 30 18 34 21 44 5 11 29 28 23 0 18 12 44 31 21 69 73 0 35 28 41 24 10 21 21 3 18 0 18 33 19 18 20 31 0 42 18 43 12 39 34 10 41 22 26 35 21 44 23 15 10 16 69 36 36 5 14 25 31 19 10 36 18 31 29 20 35 37 4 14 38 38 17 12 29 20 3 18 44 20 0 40 19 69 20 23 30 11 16 18 23 37 24 18 10 56 19 23 33 19 12 10 39
split_gain=313.781 143.698 137.63 121.815 72.7934 87.1817 65.2421 81.8503 67.483 55.7398 81.1612 55.0155 49.4664 44.2468 52.9868 43.7888 43.4266 42.5349 41.6917 41.8008 40.9399 39.8 50.2079 39.156 38.4017 38.2548 36.1408 38.5796 32.962 32.8412 46.9083 32.5572 30.6378 52.7012 35.0417 39.6077 30.2292 56.181 54.3959 29.8283 29.4311 28.1024 27.5829 49.7521 27.5795 43.7637 27.5705 27.3821 30.99 27.2839 27.2068 36.3609 27.1287 44.567 26.7459 26.4761 49.9751 26.2376 25.9669 25.3002 37.2354 25.176 31.7414 39.4979 24.9382 31.5792 24.5171 24.4059 26.8941 24.3513 39.3018 27.9062 23.947 29.0349 34.0778 23.6093 23.4903 23.9908 27.2468 23.4577 30.5965 27.3276 23.371 22.9005 22.78 22.6461 25.6637 25.3572 22.4212 29.0185 30.0113 22.1522 32.7776 22.0183 21.8719 24.2283 21.7275 23.8005 21.3973 50.7008 44.4838 44.4497 21.2528 23.0849 21.2096 21.0613 33.9735 21.021 33.5192 20.9103 20.8631 20.7638 20.6917 51.2535 31.1417 20.6249 21.6412 27.7638 22.673 20.9823 27.3965 23.7642 20.5632 29.0326 30.2616 32.1605
threshold=-0.055688397958874696 -0.048428479582071297 -0.10679922997951506 0.014503159094601871 -0.31688533723354334 -0.27485568821430201 0.042655548080801971 0.15422734618186953 0.18697883188724521 0.22803078591823581 -0.024168825708329674 -0.42944194376468653 0.020068807527422908 0.29533354938030248 0.48717127740383154 -0.5655512511730193 -0.20809268206357953 0.43635320663452154 0.086003046482801451 -0.26085181534290308 -0.12498508766293524 -0.00096215525991283346 0.40169054269790655 -0.11758166924118994 0.14491047710180285 0.54490056633949291 0.030556644313037399 -0.37499999999999994 -0.28317241370677942 0.26603311300277716 0.026232714764773849 0.22231548279523852 -0.1576704531908035 0.11385279521346094 -0.20126146823167798 -0.39936611056327814 -0.17436068505048749 -0.058050032705068581 0.19719889014959338 -0.90102705359458912 -0.08096591010689734 -0.00682015880011022 0.093988731503486647 0.87769338488578807 -0.070528894662857042 1.727647662162781 0.013790891505777838 -0.48845414817333216 0.33241093158721929 0.5698031783103944 -0.066761363297700868 0.038615768775343902 0.143771767616272 -0.15811406075954434 0.31124331057071691 0.020969439297914508 -0.16836573928594586 0.29971592128276831 0.60089051723480236 0.22775258123874667 -2.1463376469910141e-05 0.31364679336547857 -0.025625856593251225 0.65959796309471141 -0.095541957765817628 0.24404790997505191 0.12194308266043664 0.34805467724800115 0.069336120039224639 -0.16324567049741742 -0.096844732761383043 0.19573260098695758 0.60458651185035717 0.2543345987796784 0.36122232675552374 0.082246690988540663 0.59790208935737621 -0.052447551861405366 1.0000000180025095e-35 -0.088213212788104997 -0.17597729712724683 -0.19573087990283963 0.24502247571945193 0.26470464468002325 0.52797201275825512 -0.46007244288921351 0.059059230610728271 -0.25260661542415613 -0.31632475554943079 -0.28270292282104487 -0.057001074776053422 -0.36894176900386805 -0.13588587939739225 -0.032296650111675256 -0.17105263471603391 -0.19236300885677335 0.55561923980712902 -0.30460734665393824 -0.0089584561064839346 0.35627987980842596 -0.12723946571350095 -0.4095297902822494 0.059085326269268997 -0.42755682766437525 0.25089928507804876 0.10385593399405481 0.38101698458194738 0.064282633364200606 0.036954397335648544 0.065179865807294859 0.10632477700710298 0.23747386783361438 -0.16801216453313825 0.0054167835041880616 0.12873286008834842 0.60071504116058361 -0.21398915350437162 0.40987379848957067 0.10093288123607637 0.0078557825181633251 -0.1236995719373226 0.42102512717247015 0.046941414475440986 -0.0040137614123523227 0.033098373562097556 0.39566625654697424
decision_type=2 2 2 2 2 2 2 2 2 2 2 2 2 2 2 2 2 2 2 2 2 2 2 2 2 2 2 2 2 2 2 2 2 2 2 2 2 2 2 2 2 2 2 2 2 2 2 2 2 2 2 2 2 2 2 2 2 2 2 2 2 2 2 2 2 2 2 2 2 2 2 2 2 2 2 2 2 2 2 2 2 2 2 2 2 2 2 2 2 2 2 2 2 2 2 2 2 2 2 2 2 2 2 2 2 2 2 2 2 2 2 2 2 2 2 2 2 2 2 2 2 2 2 2 2 2
left_child=2 50 4 21 11 47 32 8 18 10 12 15 54 14 24 39 36 40 52 96 31 -3 28 69 91 41 85 -28 -23 30 75 -12 -5 34 35 -34 44 -38 -39 -1 55 -15 -24 -44 45 -4 57 48 -6 -27 51 66 122 -54 59 56 -14 58 64 60 -9 -17 63 -63 65 98 -2 68 -52 112 71 -71 73 74 -51 -10 77 78 -30 -35 -81 -82 94 -22 -43 87 -87 -13 89 -29 -91 92 -11 -33 -36 -96 97 -20 99 -18 -101 -100 103 -79 -25 -93 -107 -31 -109 -74 -92 -19 113 -7 -114 116 119 118 -118 -49 -121 -122 123 124 125 -8
right_child=1 3 16 6 5 23 7 9 29 13 20 26 17 25 -16 61 46 111 19 -21 83 22 42 104 -26 49 27 88 76 107 -32 93 33 79 82 -37 37 38 -40 -41 -42 84 43 -45 -46 -47 -48 115 -50 72 67 -53 53 -55 -56 -57 -58 -59 -60 -61 -62 62 -64 -65 -66 -67 -68 -69 -70 70 -72 -73 109 -75 -76 -77 -78 102 -80 80 81 -83 -84 -85 -86 86 -88 -89 -90 90 110 105 -94 -95 95 -97 -98 -99 101 100 -102 -103 -104 -105 -106 106 -108 108 -110 -111 -112 -113 114 -115 -116 -117 117 -119 -120 120 121 -123 -124 -125 -126 -127
leaf_value=0.0044603423443206032 0.00094268511151385237 -0.00023262002827658751 -0.023842394011328611 0.001609470820858046 0.017822590253985582 0.00062680070637855813 -0.018712155891793713 0.017705461432072092 -0.011993167685058061 -0.01136430237173507 0.0022700701247554021 -0.0025617146382327831 -0.0043329531087278163 0.0024621938569738726 -0.013728525320123842 -0.0010540270924542002 -0.0054125159703003276 0.00041030540019766686 -0.015375276295663119 0.0022274510274058025 0.014092993278316736 0.0068791574769970117 -0.00064287767980598638 0.00048021633275572179 0.006906781041867825 -0.002828147558104233 0.0046131266521898147 -0.0055276344152519379 -0.011729861999399835 -0.0057451713620941119 0.00037989002916990577 0.017413737956895922 0.003154678849551007 0.0032305439504603504 -7.9261483853633997e-05 -0.010065605255957993 -0.0061893942901528965 -0.044841451571095321 -0.006873983441973582 -0.0045783930396349429 -5.3756591789368518e-05 0.0091859142140442041 -0.034068947439442901 -0.0053382612766466912 -0.0030030418492122961 -0.0012409840046526282 -0.00711528707025013 -0.0018598753455177672 0.00026984925678074544 0.012125900638118265 0.010276837507144932 0.0059516610174618198 0.0095665872445345069 -0.0013721730870896393 0.01372392181471792 -0.0011131869461083448 -0.023798263774119675 -0.0087100566138895684 0.0026745460021060786 -0.00098568302835786359 0.0034665933519830295 0.011502923667065734 -0.0072700964795110309 0.0011974692214892346 -0.0019807827343662197 -0.017612084596841784 0.010081384421644496 -0.0012742516939997363 0.004613339708960832 -0.0058633544482411719 -0.0014844251212059959 -0.019047148569635776 0.0039486526874252803 -0.0014993496578772903 -0.0030515871876045375 -0.0028608168150676466 -0.011094510020655157 0.0075423049299006457 -0.0033247270926556245 0.0033903911593343239 0.0042361960560512273 0.024942131592522714 -0.0030258033591480569 0.00063558050825936424 -0.0031021321435071849 -0.0055040358250521334 -0.017046531891265117 -0.026038166606238724 -0.0073491586523436823 -0.0057299372675035437 0.017992538681954537 0.0019064942691207449 -0.00173119655306014 0.004803695697607563 0.0008221693206734949 0.0078673915100258163 0.0027365527393001443 -0.0030828927800374897 0.00066333915287082796 -0.00094585149695248821 0.019375176997483274 -0.013027207793054198 -0.0080526166945317224 -0.0014658254975512704 0.0066397353150701608 -0.0042248892878744065 0.0081626979428838665 -0.0020118373325650569 -0.024347094774688917 -0.0069619292394543083 0.00080674925962341386 0.012990202976812793 -0.00028469729842749413 -0.0071282274799222617 0.0083193539278956959 -0.0057774548028992458 0.010416307875072145 0.00013760588592843511 0.0011736148869820949 0.00054384083661951062 0.019625707230597114 0.0010829193987072106 -0.00072885116516858799 -0.0011950028239047232 -0.0018792620117901501 -0.0027395260835028517
leaf_weight=143.56047621695325 1893.7154313009232 1620.6622144922148 55.017658714321442 2237.1378402969567 91.708608470624313 811.87657977896743 156.88635165500455 63.423239486292005 224.90560087398626 165.33905095292721 630.83213626069482 35.016115229809657 163.93162597483024 1516.7532313150587 104.11786977294832 840.47371155791916 448.80944098148029 120.42730143957306 73.840058617992327 3126.1250560964691 400.11013463267591 94.263147184508853 40.872618305264041 696.73933693789877 224.85979006625712 775.99855561496224 199.5524529783288 188.17101693898439 218.72697165131103 280.09528418246191 729.20882480312139 95.029479547054507 204.84946579078678 106.19954413257074 234.98498590616509 126.78285445983056 121.88228882034309 21.290911350166425 38.961004378623329 1295.4693613342242 412.11374925181735 477.96628538775258 32.511308367131278 61.884152015438303 342.36023716989439 66.164567711181007 991.60220747406129 400.77531774924137 63.791423099348322 226.46274307428394 648.21774116030429 1199.9721696646884 143.18236214015633 1318.0499117019353 85.631327975890599 163.33086992811877 66.024203267414123 311.53977303148713 301.03269324731082 371.73039161262568 599.02139853755943 237.94888041971717 65.354758097790182 365.07697615749203 2060.7199097117409 62.615163359907456 101.47830948769115 139.23234888666775 843.43684381607454 360.68192108196672 817.46193353564013 69.352987655322067 100.93386612343602 158.89161918871105 64.351177009055391 250.77821834129281 154.45788384461775 104.66418018366676 524.62528903561179 74.832395189092495 46.562621237942949 106.43531508778688 124.08198308513965 60.868296365719289 54.564368734136224 710.96338197577279 73.601113152806647 38.521061463630758 499.08183138968889 45.585576241719536 47.761628965847194 955.3304687772179 616.15825437859166 158.47407551296055 252.08683936484158 1008.960184516618 109.88348503317684 230.96736590832006 141.40081706049386 99.557164189172909 47.206062199082226 242.12945547723211 145.27045253163669 926.29232564754784 311.81162452662829 624.80075575027149 78.723342846613377 47.652463886421174 58.242897389922291 138.5186970597133 51.53199509868864 72.658661580178887 1363.7130807761569 559.26436174614355 167.08081340021454 73.72413713671267 436.25498306530062 241.61503184912726 149.47824723878875 227.03723443811759 49.32563713111449 49.855870984261855 403.50614888593554 261.89743587223347 137.27417869807687 84.275139677571133
leaf_count=353 3219 2758 256 3790 304 1503 484 217 581 406 1076 125 277 2628 316 1524 826 185 234 5497 981 210 69 1303 473 1409 319 388 546 479 1298 288 384 186 444 328 297 288 94 2615 674 976 243 112 682 107 2234 618 128 501 1456 2309 346 2422 234 298 273 595 511 596 1109 536 130 623 3684 233 222 223 1527 698 1485 276 169 219 107 435 361 219 1118 146 85 423 241 88 179 1306 235 213 952 111 183 1466 1051 249 396 1880 173 407 245 178 205 579 307 1777 581 1200 185 106 276 294 113 232 2230 1189 365 122 1043 372 255 366 195 73 651 434 183 109
internal_value=-3.07944e-05 0.00118262 -0.00220141 0.000587361 -0.000985593 0.000329026 0.00117051 0.000609919 -0.000941019 0.00182537 0.00385794 -0.00286616 0.00137802 0.000693101 -0.00119301 -0.00113437 -0.0048591 -0.00183591 2.90499e-05 0.00142658 0.0076636 -0.00265266 -0.00433202 -0.000992182 -0.000579409 0.00218007 -0.00551474 -0.00287149 -0.00348501 -0.00457933 -0.00283405 0.00490377 0.00330835 0.00493343 0.00357735 -0.00220286 -0.00969839 -0.0163729 -0.0292653 -0.00360806 -0.00387325 0.00393199 -0.0152568 -0.0201887 -0.00638356 -0.0137738 -0.00414735 0.00411771 0.011632 -0.000286511 0.00434791 0.00322558 -0.00193683 -0.000154052 0.00423005 -0.00762196 -0.0116797 -0.0033117 -0.00275646 0.00313848 0.00542187 0.00123836 0.00407371 0.00556345 -0.00330385 -0.00580836 0.00152948 0.00646308 0.00720415 -0.00185412 -0.00416986 -0.00890629 0.00255806 0.00519577 0.00873307 -0.00756015 -0.00403641 -0.0033323 -0.00609918 0.0120554 0.015459 0.0200795 0.00478265 0.0124369 0.00781416 -0.00851886 -0.00707891 -0.0182401 -0.00475894 -0.000622419 0.00557785 -0.0013351 -0.00406016 0.0106498 0.00547776 0.00650575 -0.0043718 -0.00699706 -0.00463669 -0.0020952 0.00731491 -0.00820191 -0.00148809 -0.000388242 0.00250313 -5.7094e-06 -0.00259184 -0.00952102 -0.0165411 -0.00236817 0.0110106 0.00608327 -0.000829206 -0.00259683 0.000763603 0.00323498 0.00375334 0.00592785 0.00820616 0.00115619 0.00475912 0.0123473 -0.00436451 -0.00653525 -0.00992187 -0.0138967
internal_weight=47788.9 30657.3 17131.5 25831.3 11779.2 6941.55 21907.1 17384.1 7636.77 9747.38 3463.61 4837.67 2118.29 6283.77 2769.33 2947.88 5352.29 998.486 6045.89 3540.82 1345.31 3924.23 2303.57 5157.98 2665.21 3514.44 1889.79 1031.68 2168.3 1590.88 1204.89 884.336 4522.91 2285.78 1951.75 331.632 645.677 182.134 60.2519 1439.03 805.4 2049.28 135.268 94.3955 463.542 121.182 4706.61 1783.57 155.5 1465.16 4826.05 3195.17 2505.07 1461.23 1119.81 393.287 229.956 3715.01 3403.47 1034.18 662.445 1508.85 668.381 603.026 3102.44 1041.72 1995.19 1630.89 1491.65 4149.43 1247.5 430.035 689.158 449.706 290.814 475.684 2074.04 1919.58 743.352 334.03 227.83 152.998 1620.11 460.978 532.531 858.102 784.564 73.5372 832.132 333.05 144.879 2440.35 781.497 253.504 1496.03 1261.05 414.691 304.807 979.103 595.573 146.763 383.53 1176.23 1030.96 1008.55 1658.85 703.524 385.991 105.895 239.453 99.2936 193.086 2901.93 1371.14 1530.79 1628.07 1554.34 827.348 585.733 726.994 326.219 99.1815 1043.84 640.333 378.436 241.161
internal_count=91296 57450 33846 48494 22832 13106 40774 32471 14115 18356 6777 9726 4095 11579 5097 5781 11014 1939 10940 6311 2682 7720 4962 9630 4781 6482 3945 2066 4538 3175 2314 1613 8303 4513 3673 712 1724 679 382 2968 1522 3783 424 355 1045 363 9290 3476 432 2699 8956 5750 4629 2768 2156 848 550 7056 6461 1922 1326 2813 1289 1159 5950 2266 3441 3206 2983 7746 2459 974 1290 827 608 1016 4328 3967 1664 840 654 508 2961 1069 1155 1879 1541 338 1747 795 407 4308 1457 537 2720 2276 814 641 2033 1209 383 824 2303 1996 1884 2851 1385 861 382 463 296 417 5287 2692 2595 3044 2922 1670 1298 1252 634 268 1861 1210 776 593
is_linear=0
shrinkage=0.0200396


Tree=46
num_leaves=127
num_cat=0
split_feature=18 21 21 18 18 21 18 1 21 21 21 18 21 18 42 18 44 35 21 18 18 23 21 43 42 30 9 21 11 37 37 10 74 10 30 44 24 32 21 4 37 26 28 12 18 10 21 18 14 17 13 44 32 42 42 12 30 37 5 32 11 20 12 4 23 10 1 0 44 23 37 43 21 1 38 29 17 28 35 73 54 42 26 15 38 18 29 44 18 13 20 37 16 1 39 5 39 12 18 33 12 18 23 0 44 20 73 73 18 20 24 37 44 14 12 23 24 0 39 23 40 32 20 20 5 44
split_gain=310.992 147.613 143.179 115.878 83.4112 76.9151 88.7108 66.7525 64.0512 52.8698 50.8594 73.1419 49.5854 46.9768 38.8392 33.5541 58.3766 33.3374 33.1801 45.1195 32.461 46.1395 32.0135 29.8165 29.5497 28.6377 28.2134 28.0678 30.7986 28.9172 32.3058 27.3042 42.7316 27.0852 26.7715 26.106 26.0347 29.6067 28.898 59.8982 29.2025 25.5242 25.4516 29.6073 34.1961 43.6609 25.3759 28.1282 27.8322 25.0821 24.8389 23.3559 23.5594 29.4527 29.0709 31.0879 31.7736 23.0271 22.9251 24.2504 22.7144 23.0803 22.4987 22.4969 22.2392 22.1984 22.6165 22.1966 24.1898 22.12 25.3982 22.0659 22.0229 45.2472 24.6553 24.0383 22.3767 21.527 21.4907 21.3188 20.8894 20.8153 28.8111 41.2523 20.7788 20.7763 48.1123 34.1053 39.8243 22.3767 20.6533 24.2953 43.0214 20.9904 20.4392 20.3455 22.0388 29.9883 55.8714 20.2197 35.2841 20.7326 20.2473 20.1492 24.3561 32.1989 30.1306 28.4574 28.1598 22.017 28.3538 20.8652 20.0065 21.8071 36.9002 21.6649 29.9949 21.4012 19.8705 24.1385 19.7912 19.4511 21.4792 30.4878 18.9504 18.9437
threshold=0.014503159094601871 -0.00096215525991283346 0.038806926459074027 -0.094419144093990312 0.086003046482801451 -0.15939705073833463 -0.31688533723354334 -0.31676135957241053 -0.088839001953601823 -0.29025016725063318 0.17350865900516513 0.1745371297001839 -0.42944194376468653 -0.5655512511730193 0.40399608016014105 0.11385279521346094 0.10071661323308946 -0.34712398052215571 0.35118664801120764 0.31566222012043005 -0.16091182827949521 0.0054167835041880616 0.48717127740383154 -0.52725374698638905 -0.40533159673213953 0.40169054269790655 0.54365184903144848 0.24663245677948001 -0.25853691995143885 -0.17202954739332196 -0.094946924597024904 -0.063897203654050813 0.19575867801904681 0.16872551292181018 -0.3777391761541366 0.15902072191238406 -0.17224785685539243 0.19453427940607074 0.12475946173071863 -0.26055346429347986 0.42344468832015997 -1.4507327079772947 -0.23521649837493894 0.42603211104869848 0.12703388184309009 0.20378873497247699 0.56286081671714794 0.6829550862312318 -0.11786786466836928 0.63303610682487499 0.23349604755640033 -0.43660053610801691 0.16861063987016681 0.34859567880630499 -0.40475922822952265 -0.17144495248794553 1.0000000180025095e-35 0.12873286008834842 -0.37499999999999994 0.20186138898134234 -0.56625214219093312 -0.13354007899761197 0.42603211104869848 -0.30799929797649378 -0.092057146131992326 0.24920769780874255 -0.03267045505344867 -0.061079544946551316 0.10744436830282213 -0.011013529263436793 -0.036767320707440369 -0.23194908350706098 0.25625400245189672 0.25994317233562475 -0.020334928296506401 0.26603311300277716 0.457320585846901 -0.41550283133983607 0.55388379096984874 0.16642691940069201 -0.30982130765914911 0.32000114023685461 0.40679001808166509 0.32661570608615881 0.094497609883546843 0.22356889396905902 0.19549827277660373 0.13773671537637713 0.32345446944236761 0.27197168767452246 -0.091482266783714281 0.026341325603425506 0.11639889702200891 0.11505682021379472 -0.11005975678563117 -1.0000000180025095e-35 -0.14366985112428662 -0.21502293646335599 -0.19163300096988675 0.033271552994847305 0.13360092043876651 -0.23352443426847455 -0.16004759818315503 0.22869318723678592 -0.53725498914718617 -0.064475566148757921 -0.041589295491576188 -0.028989967890083786 0.056914225220680244 -0.015189293771982191 -0.16789521276950833 0.35643622279167181 0.040661180391907699 0.18393392860889438 -0.090022936463356004 -0.026682475581765171 0.16992391645908358 -0.044034091755747788 0.20302796363830569 -0.051923478022217744 0.00629496411420405 -0.065650206059217439 -0.21477843821048734 -0.11193961650133132 -0.37499999999999994 -0.18345095962285993
decision_type=2 2 2 2 2 2 2 2 2 2 2 2 2 2 2 2 2 2 2 2 2 2 2 2 2 2 2 2 2 2 2 2 2 2 2 2 2 2 2 2 2 2 2 2 2 2 2 2 2 2 2 2 2 2 2 2 2 2 2 2 2 2 2 2 2 2 2 2 2 2 2 2 2 2 2 2 2 2 2 2 2 2 2 2 2 2 2 2 2 2 2 2 2 2 2 2 2 2 2 2 2 2 2 2 2 2 2 2 2 2 2 2 2 2 2 2 2 2 2 2 2 2 2 2 2 2
left_child=1 3 15 5 36 6 12 -7 81 99 42 72 13 41 58 17 31 -2 24 22 21 -11 33 -14 85 27 -24 28 -3 -30 -31 32 -17 64 -19 -29 125 80 40 -40 -39 -1 43 44 -6 120 48 63 -21 -16 71 -32 54 -54 55 56 -53 -22 59 -9 61 77 121 -48 -20 66 -49 -56 69 70 -69 -33 74 75 -12 76 -74 -15 95 -47 -38 82 83 112 -58 89 87 -87 -89 -13 91 94 -93 -94 -36 118 97 -97 -99 102 101 -101 -8 104 107 106 -106 -92 124 110 -110 -105 113 114 115 -5 -117 -115 119 -60 -46 122 -18 -124 -107 -4
right_child=2 25 4 8 10 7 9 14 -10 20 11 18 23 60 49 16 62 34 19 46 57 -23 26 -25 -26 -27 -28 35 29 30 51 50 -34 -35 90 -37 37 38 39 -41 -42 -43 -44 -45 45 79 47 65 -50 -51 -52 52 53 -55 67 -57 84 -59 78 -61 -62 -63 -64 -65 -66 -67 -68 68 -70 -71 -72 -73 73 -75 -76 -77 -78 -79 -80 -81 -82 -83 -84 -85 -86 86 -88 88 -90 -91 103 92 93 -95 -96 96 -98 98 -100 100 -102 -103 -104 111 105 108 -108 -109 109 -111 -112 -113 -114 117 -116 116 -118 -119 -120 -121 -122 -123 123 -125 -126 -127
leaf_value=0.0051634003963638543 -0.0037217630281562741 0.0033857442013626457 0.001310845530528611 0.0010358690551948763 -0.0080957210322617455 -0.015066246996889424 0.003223101233621367 0.0015331028926330328 -0.00025463647556193649 0.00032044664601430233 -0.0051015035972877439 0.0030782466857464984 -0.013536868394301143 -0.00020720386501310058 -0.010213708231630751 0.033190348022339063 0.0066189892862941729 0.012923100034470331 -0.010378564551244382 0.00034702371848055734 0.00048326479161858141 -0.0064343691372886159 -0.020370814206907364 -0.0047395014385281497 0.0061375018263693055 -0.012425126123750435 -0.00038913363873176486 -0.021131968486271784 -0.013355104117276794 0.0015910636568898524 0.0017070511299738752 0.0040778922227967451 0.0032620952139810963 0.0030578661906584459 0.0062858617719965711 -0.0047062323645305562 -0.0095914503915359751 -0.0067065419158757519 -0.0024860616442684076 -0.02698972749007772 0.0019707003891049194 -0.0047030051120808001 0.0033801506329623706 0.0056105770303742685 0.0023997977169579188 0.00024400252863537563 0.00091806141012310124 0.00158013155067465 0.005985077536681524 0.0016580136831798483 0.0020338710583532385 -0.006136432486350046 -0.016487809978735227 -0.0027866316167541351 -0.0055367670875054549 -0.0043485794855843904 0.0018811368473978492 0.0079400185817986111 -0.0090444806892323835 -0.008175619832927656 -0.00072040964562639814 0.0010462281890599382 0.00850784121693492 -0.0053026900587273655 -0.0020855695306302995 -0.0013325699124729978 0.013982482863462976 -0.0038691235316167137 -0.0041820802238712526 -0.0038452155747059368 -0.031870642629070828 0.013553766924905813 -0.012270586746769088 0.0022679178764718239 -4.3273223605042269e-05 -0.020758873338920156 -0.00079472766496773361 0.014080276701433662 0.0030802113374048599 -0.008734682202042798 -5.6018481647725106e-05 0.0013980673447662089 -0.0044567867747205576 0.016303183248771315 0.014651026365338342 0.0036182738222742218 0.012059999684900551 -0.011445569678640551 0.0037439155549465319 -0.0022180331430809966 0.015984017600213302 0.014627193922930042 0.0070065340232640114 -0.0010879865539456571 -0.00086346757414958555 -0.0029200379994989488 -0.0040010156967642029 -0.0025242261169823323 0.021511514856560478 -0.0096074152409933878 0.0051645322138268723 0.00019446231815303322 0.010805948741405095 0.0032464052752163913 0.0035670036171223936 0.0026739434001834999 -0.0091414515971192066 0.0002035597733630294 -0.00096815953045937208 0.0025969253569626868 0.014636030726343207 0.014239247809585482 0.0018492502145276923 0.0018036774357102138 -0.005676287852045294 0.020960688603615111 0.00054860182219987536 0.014000795388943688 -0.014559233954109895 -0.0015666014130320245 0.016102550126121065 0.009500985750523612 -0.011769323287115977 0.00047121250179493019 -0.0029541991409059629 -0.010823313025583738
leaf_weight=92.379426119034179 247.94356576702558 176.9038956714794 57.344321314711124 114.47549574321602 225.62110827327706 198.52204099204391 363.81454193813261 692.42894746910315 4066.8132991116727 919.45050650590565 570.29297933878843 505.01664113264997 161.51828487997409 56.450458038598299 470.48819940525573 30.040351613424718 148.43001220398583 97.01593802915886 151.927643590956 691.70154765143525 1637.3054869053885 695.02683835267089 53.904764801845886 1513.7418868666282 766.12147853290662 199.35820323752705 46.460989310289733 59.360749573563226 132.96531389676966 318.10119200008921 181.20722541364376 172.46799557004124 38.955740011297166 271.96338045224547 252.99414486822207 110.06360871694051 71.709683762281202 322.7665601716144 109.39987285027746 44.621555416961201 262.74907986132894 1364.0846086503007 4489.8498659644974 259.46738012344576 108.55524639924988 326.29462651978247 402.33233088802081 136.1499742345186 703.98109427536838 73.534242701716721 187.3934218987124 90.00649241078645 145.4524314844748 120.47082029341254 794.78801864082925 1123.694749416085 149.75597414618824 160.95209466770757 326.973508246243 95.351085997070186 1005.2693395267706 327.97968693438452 221.66686874325387 502.67077301361132 574.74725345184561 194.79590965586249 92.3488462473033 26.089652111637406 95.633384933462366 40.36334609950427 39.255155870690942 363.24619465251453 122.53591387986671 144.06841722910758 1117.2550700815627 58.00557978823781 135.87129483127501 115.49660911154933 153.80865720869042 129.77656662114896 1911.1777148575056 837.82489781721961 90.669545644312166 125.64449383190367 61.774392953142524 796.71686641394626 193.81978175300173 127.40714648726862 108.19300089892931 784.11265677341726 73.58668663399294 224.17321950313635 331.80277064978145 187.79337221174501 362.46124819316901 200.16358279180713 1287.8027642089874 72.891488578054123 46.698413221165538 94.190235587302595 535.05958166590426 303.97836706403177 250.46616005944088 268.69530829123687 94.909627042012289 384.2334127612412 195.63835465000011 88.428299735649489 60.671130985021591 899.45832250546664 126.06478226103354 81.943315408891067 537.79544182051904 87.595094483694993 104.95984071365092 54.653515973128378 47.964799902867526 217.64436348213349 99.561232123523951 372.17480830952991 59.43427507719025 82.684148506261408 70.548960824380629 534.82239122106694 555.71615797351114 205.02941819059197
leaf_count=182 448 359 97 218 457 523 718 1186 7041 1693 1056 766 421 86 1035 229 253 224 332 1065 2701 1428 235 3085 1708 551 63 255 355 652 327 302 70 454 484 219 186 609 215 261 403 2794 8114 508 182 594 665 230 1338 161 294 226 428 183 1691 2159 266 366 668 192 1909 507 418 959 968 306 283 41 176 129 315 855 284 263 1874 224 195 303 299 283 3335 1388 152 361 198 1390 438 321 208 1464 226 525 589 273 611 366 2495 126 209 213 970 486 594 475 178 565 387 162 83 1436 313 243 952 140 229 210 63 551 267 633 210 182 199 939 963 474
internal_value=-8.05181e-05 -0.0017047 0.0015178 -0.0010073 0.000593289 -0.00204081 -0.00105376 -0.00433466 0.00124068 0.000806316 0.00120847 0.000293059 -0.00303949 -0.0014561 -0.00369504 0.00408746 0.00636722 0.00312649 0.00127416 5.2181e-07 -0.000587406 -0.00263235 -0.00337994 -0.00577332 0.00274439 -0.00527746 -0.0129808 -0.00480772 -0.00435437 -0.00479219 -0.00433374 0.0104194 0.0214886 -0.00212097 0.00354426 -0.0123977 -0.00244935 -0.00182252 -0.00517569 -0.0123088 -0.00287242 -0.00399277 0.00271175 1.32604e-06 -0.00183233 0.000633414 0.00138572 -0.000587861 0.00324995 -0.00857512 0.00869123 -0.0050028 -0.00547135 -0.0110414 -0.00475276 -0.00283047 0.00269599 0.00125313 -0.00284321 0.000131399 0.00101646 0.0044024 0.00316238 -0.00257218 -0.00410999 0.00353767 0.00747405 -0.00736199 -0.0131684 -0.018983 -0.0247529 0.0108193 -0.00292522 -0.00671267 -0.00180675 -0.0107185 -0.00685515 0.00984719 -0.00375544 -0.00259862 -0.000519477 0.00395913 0.00545664 0.00623386 0.00676285 0.00165877 0.00349889 0.00164288 -0.00471039 -0.000116065 0.00325113 0.00527715 0.0076743 0.00414381 0.00218856 -0.00422423 -0.00284442 0.00173557 0.008794 0.00384854 0.00189701 -0.00251468 0.00661762 0.00223803 0.00156067 0.000984931 -0.00498087 0.00853016 0.00189479 0.00405728 0.00994397 0.00658733 0.00483006 0.00720816 0.00317393 0.00763602 0.0133545 0.0108992 -0.00682551 -0.00526209 0.00868331 0.00153288 0.000373816 -0.00134029 -0.000631564 -0.00821906
internal_weight=48058.8 23838.8 24220 19973.6 17836.2 13687.6 9597.16 4090.4 6286.04 4960.24 14851.4 9252.4 4636.92 2961.66 3891.88 6383.79 1850.26 4533.53 7104.37 3822.98 3412.73 1614.48 1099 1675.26 3281.39 3865.24 100.366 3665.89 3496.46 3319.56 3186.59 792.104 68.9961 998.638 4285.59 169.424 2984.8 2722.42 739.537 154.021 585.516 1456.46 5599 1109.15 849.682 624.061 2723.98 1328.3 1395.68 544.022 723.108 2868.49 2687.28 265.923 2421.36 1425.23 301.537 1798.26 3347.85 787.78 1505.2 499.927 1058.15 905.003 726.675 423.295 228.499 996.13 201.342 105.708 65.3448 535.714 2148.03 460.481 1687.55 316.413 258.407 171.947 2560.07 456.071 1982.89 2219.23 1381.4 1290.73 211.53 2515.27 1226.14 1032.32 235.6 1289.13 4188.57 1359.22 743.769 519.596 615.455 2406.27 1607.56 319.753 119.59 1547.51 933.228 398.169 614.281 2829.35 2478.71 2316.69 290.548 162.015 2026.14 1086.19 186.736 350.639 1165.09 627.293 322.054 217.094 102.618 305.239 798.71 699.148 167.99 836.486 753.801 605.371 939.95 262.374
internal_count=91394 46451 44943 37921 33017 26616 18456 8160 11305 9169 27437 17089 9287 5781 7637 11926 3741 8185 13193 6898 6188 3121 2052 3506 6295 8530 298 7979 7505 7146 6791 1750 299 1754 7737 474 5580 5009 1488 476 1012 2976 10348 2234 1726 1269 4846 2443 2403 1196 1451 6139 5812 611 5201 2849 690 3067 6441 1378 2805 896 1991 1624 1300 819 513 2352 661 485 356 1157 3896 966 2930 703 479 389 5063 877 3521 4264 2876 2724 464 4587 2357 1919 529 2230 7513 2482 1387 862 1095 4764 3196 701 335 2981 1669 699 1312 5031 4313 3925 565 388 3360 1832 396 718 2363 1411 720 491 273 691 1568 1301 392 1573 1391 1138 1528 571
is_linear=0
shrinkage=0.0200396


Tree=47
num_leaves=127
num_cat=0
split_feature=18 21 21 18 21 18 18 21 21 21 18 0 21 18 21 12 21 18 42 44 44 35 18 23 30 43 23 17 21 19 44 3 40 73 21 37 11 37 37 32 4 37 41 21 21 21 32 32 34 18 80 28 80 44 31 18 34 18 4 18 73 18 12 18 12 16 80 15 33 73 28 23 29 39 4 33 11 18 25 39 21 80 1 31 17 18 12 0 44 0 5 19 44 37 16 18 29 26 35 5 37 12 0 0 39 43 21 18 33 3 12 44 32 18 37 37 42 35 80 42 33 1 22 44 16 12
split_gain=292.608 157.628 135.066 114.904 75.8057 86.4782 73.6835 66.7705 64.6512 56.8129 50.4593 47.4905 42.2804 43.6861 40.2445 42.819 38.3353 48.7155 38.2004 34.4917 34.1285 33.5687 33.3794 45.1728 32.1655 32.0678 31.3189 61.8806 30.9039 29.9751 49.73 35.0341 29.6183 30.0775 29.5662 31.2794 29.4255 32.131 35.2355 29.2576 60.5356 31.0679 44.3339 29.2208 29.0552 27.4701 27.3734 25.9081 25.8046 25.3459 40.8292 27.7952 33.0309 25.3019 25.1151 35.1125 24.5836 27.4475 24.4388 24.1543 35.4966 23.9428 23.7221 23.5059 24.5492 22.9477 22.8444 22.7527 22.6516 24.3131 22.5226 22.1894 22.0196 21.9144 21.9065 21.8735 21.7582 21.3284 25.2443 24.4132 39.165 22.4408 21.3008 21.2484 23.0236 22.6881 20.9994 35.9277 28.7716 37.0196 34.3293 35.5215 40.0961 26.7121 44.7686 23.3089 22.6762 20.9128 20.8884 20.7373 21.7378 26.0222 20.6234 20.5528 27.1935 20.3941 24.6235 20.2973 20.0732 19.847 19.6122 19.5002 22.952 27.1858 35.3065 52.3843 24.111 19.2804 22.5629 19.8795 19.0583 23.1318 22.5472 21.4773 34.2616 21.6217
threshold=0.014503159094601871 -0.00096215525991283346 0.020205260254442695 -0.084713649004697786 -0.14400257170200345 -0.31688533723354334 0.086003046482801451 0.13566388189792636 -0.088839001953601823 -0.34284798800945276 0.1745371297001839 0.33948864042758947 -0.41468890011310572 -0.5655512511730193 0.23123797774314883 -0.0040137614123523227 0.36144964396953588 0.33461624383926397 -0.40533159673213953 0.16309143602848056 0.020462531596422199 -0.070196412503719316 -0.16091182827949521 0.0054167835041880616 0.40169054269790655 -0.58133268356323231 -0.045602720230817788 0.17341435700654986 0.23508659005165103 -0.14835732430219647 -0.47553677856922144 -0.36201974749565119 0.36960431933403021 -0.16328600794076917 0.12475946173071863 0.42344468832015997 -0.27054446935653681 -0.16968384385108945 -0.094946924597024904 0.19030997902154925 -0.27446910738945002 0.081327840685844435 0.0088070705533027666 0.16709429025650027 0.56286081671714794 0.48717127740383154 0.050277233123779304 0.21703127771615985 0.98194396495819103 -0.21398915350437162 -0.023698789998888966 -0.53748843073844899 -0.148092545568943 0.15902072191238406 0.059059230610728271 -0.39823217689990992 0.054179864004254348 0.16469004750251773 -0.069100182503461824 0.04527618549764157 0.21923523396253589 0.5698031783103944 -0.23222476989030835 0.13059716671705249 -0.021215596236288544 -0.39764733612537378 0.49981500208377844 0.60458651185035717 -0.08384010940790175 0.010132438503205778 0.24861641973257068 -0.16722904890775678 -0.20977805554866788 0.023467077873647216 -0.26754547655582422 -0.49124407768249506 -0.52888023853301991 0.30465058982372289 0.085346285253763213 0.057072600349783904 0.22803078591823581 0.14253528416156772 -0.12926135957241056 0.70023125410079967 0.21375665813684466 -0.055688397958874696 -0.1496559679508209 -0.27698864042758936 -0.5913884937763213 -0.089488636702299104 -1.0000000180025095e-35 -0.062465740367770188 -0.49001143872737879 -0.13511211425065991 0.11883091554045679 0.032368302345275886 -0.40082852542400355 0.067792594432830824 0.021274263039231304 -0.37499999999999994 -0.071092445403337465 0.059059632942080505 0.035511363297700889 -0.22585227340459821 -0.11974592506885527 -0.23194908350706098 -0.50513148307800282 0.066624637693166747 -0.026405807584524151 -0.27382043004035944 0.74713301658630382 -0.41634923219680781 0.16861063987016681 -0.0072531416080892077 0.083499636501073851 0.18422225862741473 0.34859567880630499 0.072500739246606841 -0.11098548397421835 0.17927028238773349 0.23351351171731952 -0.20028409361839292 -0.28919719159603113 -0.11292354390025137 0.16593638062477115 -0.024655963294208046
decision_type=2 2 2 2 2 2 2 2 2 2 2 2 2 2 2 2 2 2 2 2 2 2 2 2 2 2 2 2 2 2 2 2 2 2 2 2 2 2 2 2 2 2 2 2 2 2 2 2 2 2 2 2 2 2 2 2 2 2 2 2 2 2 2 2 2 2 2 2 2 2 2 2 2 2 2 2 2 2 2 2 2 2 2 2 2 2 2 2 2 2 2 2 2 2 2 2 2 2 2 2 2 2 2 2 2 2 2 2 2 2 2 2 2 2 2 2 2 2 2 2 2 2 2 2 2 2
left_child=1 3 25 4 5 12 34 56 26 103 14 49 13 48 19 46 18 45 77 63 54 -17 23 71 28 -2 32 -28 36 30 -10 -32 33 -5 35 47 -3 82 -39 41 -41 42 107 -44 62 72 -16 70 75 50 -6 -51 -53 -30 55 -14 57 -8 -50 -37 -61 -46 -19 -9 -65 -34 -47 74 -35 -70 -4 -11 -18 -23 -63 -1 105 78 -12 81 -81 -80 -38 84 85 -31 88 96 -27 -90 91 92 -91 -89 -95 -96 -88 -79 -64 -22 -101 108 -103 104 -7 106 -15 -36 -102 -97 -69 -40 113 114 -113 -116 -114 -25 -119 -120 122 -122 -24 125 -125 -124
right_child=2 24 6 8 11 9 7 10 29 22 16 -13 20 76 15 21 17 44 -20 -21 99 73 120 117 -26 86 27 -29 53 83 31 -33 65 68 39 59 37 38 111 40 -42 -43 43 -45 61 66 -48 -49 58 51 -52 52 -54 -55 -56 -57 -58 -59 -60 60 -62 67 98 64 -66 -67 -68 110 69 -71 -72 -73 -74 -75 -76 -77 -78 97 79 80 -82 -83 -84 -85 -86 -87 87 93 89 90 -92 -93 -94 94 95 109 -98 -99 -100 100 101 102 -104 -105 -106 -107 -108 -109 -110 -111 -112 112 116 -115 115 -117 -118 118 119 -121 121 -123 123 124 -126 -127
leaf_value=-0.014270462577553631 0.010900361713375462 0.0037116135680347875 -0.0016447101329094905 -0.0051594365791939592 -0.021263961609918273 0.003949409366481459 0.0035446489780761275 -0.001666666828825212 0.0030285620581179395 -0.0026172040374432587 0.0068252763811945403 -0.01589832945651307 -0.015172173779796808 0.011277999742199462 0.006525385019327712 -0.0046985276219064405 0.0034186009390543264 -0.0057895061654292396 0.0060695064801392241 -0.010297185683162692 0.0035007678052944918 -0.0036134556237617608 0.011220882605242528 -0.0078417797256969003 -0.012845473435675459 0.013616523877343316 0.019316093816866397 0.0044306380978480324 -0.019381636529051924 -0.0034732254185789214 0.0014894078994749571 -0.0075821470019535164 0.0020417806374574839 -0.001209540718816576 0.001683070292886312 -0.00074129311513645426 -0.0057427753587884888 0.0019755813297398909 0.0011299276078122267 -0.0024216166528046455 -0.026753324133428884 0.001047380477116443 -0.0022997617742362393 -0.030359917177280919 -0.0032012554019593712 -0.018469390998523561 -0.003792657513138484 -0.0069273419655203798 -0.003404963091029591 0.0064926070093312693 -0.0052483160355659411 -0.0085538215830894635 -0.0025189730969619973 -0.0047433136311212463 -0.01932891681046384 -0.0042017422974207465 0.0010694946379603899 0.0087200520471546073 0.0058575788003112266 0.014676575385090105 0.00014340419346992557 0.0097454864040253976 0.0025886468694101259 0.0055153044526375676 -0.00017818424891664789 0.011043617244644453 -0.001026704334827483 -0.0082558847644225407 -9.704600633886878e-05 0.011258828858107764 0.0046705620929591565 0.0027519403055493059 -0.003570595325022647 -0.021743861126976686 0.00074514673360112529 -0.0045166799033356476 -0.0010772858429404094 -0.0033384512515033408 -0.005713985558110376 0.006957166925777968 -0.00032397578424291697 0.00095963547039270051 -0.022359350547873781 -0.0048631797263009278 0.0044096457915859316 0.0018222719757113367 -0.0067752464213603723 0.0024991050584887362 0.0029797414756409014 -0.00093068847078070418 0.0034835458415224205 -6.3825956532120092e-05 -0.026402289028437331 0.011931181177414697 -0.00066584720400967321 0.013848363591852856 0.0028859553208535741 0.0064226455386649029 0.0086819057528906441 -0.0073784794307209254 0.011536548848792124 -0.0095633241767782793 0.0032956899548930853 0.0076307420996158974 -0.0083664412639334589 0.00011257448927573186 -0.00012028650703811272 -0.010324211009290405 -0.00048562546142706344 0.0043407757408602254 0.0025610840906559345 -0.0052870132715834338 -0.015485456236384563 -0.010975254494552441 0.0056602547932827103 -0.0062291004909866901 -0.0029123263333874715 0.0043600969310780592 0.0015757994527644797 -0.0072137091626180618 0.0048248135502223745 -0.0017336566436300237 -0.0091410828449963386 0.0073795780434179562 -0.0030383901152696404 0.0013048366801224861
leaf_weight=88.459740607650019 272.80843996605836 157.51053099101409 2018.3887565381592 254.92543946346268 54.159530847100541 337.49465797701851 2530.8574827527627 1164.3490068570245 417.27700347232167 475.19647238275502 223.62902474298608 111.45035894936882 140.85888751852326 185.30619044054765 121.00391933775973 264.93928927334491 202.86181557876989 72.494499977678061 1019.3778180002701 103.7064188538352 154.01225620519836 49.817064038128592 109.96384896279778 465.25159343879204 197.86023577698506 62.266189823043533 129.47828625270631 504.6322811486898 83.18905089108739 430.80296793102752 218.68948880082462 626.81631205545273 251.06555426493287 274.29364661010914 142.54079817247111 250.38922533486038 102.889375406201 320.43400613567792 191.01215042197146 109.73798812949099 47.210137692745775 338.97450521972496 27.817841254058294 24.858015813631937 637.42716245015617 58.77937334519811 325.47923887358047 312.88506736175623 276.34057804464828 96.409213201957755 540.73463838815223 404.22645167354494 2838.9469254207797 126.34613439592067 63.366505640442483 528.54549165640492 1234.3420059588971 495.45069507404696 159.40782928001136 117.99299796449486 129.89580327703152 175.5815069474047 727.39697628316935 509.47492206969764 693.25309299153741 210.72476666944567 52.743952850578353 105.2501809730893 124.40209920087364 157.7816579840146 229.99495848221704 783.59905689128209 888.25935793726239 93.709590536658652 250.6872063918272 925.60404361749534 977.89637423667591 87.019332835217938 423.9332990568364 377.06741186929867 1113.5711323725991 352.33046047552489 45.064566351240501 185.5353605186101 833.11315824696794 1104.010767873493 84.026569394860417 496.01351499417797 1598.6685198630439 41.456851683091372 114.51300178142264 88.034110955893993 45.960528240073472 643.64881735655945 231.90796594100539 105.85934164072387 915.47240500897169 516.02361344767269 331.74330878024921 378.27594722283538 63.490690216422081 131.87882686860394 56.419239283772185 549.65870077267755 64.739568711607717 335.16993340430781 114.59608921047766 61.639966303948313 140.16768418124411 421.22655368386768 118.42383472702932 1642.9465864677913 153.34827365993988 225.78890630137175 318.11502082273364 237.84032630815636 116.04039459733758 133.98819484212436 138.22283819690347 293.81628395407461 256.49079127539881 898.96880958543625 81.409114325302653 440.45687393588014 156.17828999040648 289.4626406080788
leaf_count=298 595 331 3388 540 265 596 4538 2080 685 931 437 337 434 419 226 458 378 165 2258 303 254 81 263 937 562 183 424 785 331 704 346 1101 430 480 247 390 175 649 345 211 272 580 67 188 1160 237 515 589 560 215 1062 820 5393 253 231 941 2321 1040 365 298 147 353 1244 973 998 456 70 265 209 356 426 1414 1489 354 411 1778 1842 162 790 706 1855 621 221 299 1423 1927 171 842 2969 65 214 126 247 1453 330 261 1501 985 626 749 178 275 134 1147 142 546 184 156 232 668 168 3426 436 566 652 508 176 284 253 555 455 1431 197 857 276 443
internal_value=-2.83859e-05 -0.00160228 0.00152097 -0.000877481 -0.00184076 -0.000914119 0.000744241 0.0013648 0.00151512 0.000797228 0.000539766 -0.00415409 -0.00289526 -0.00147598 -0.00151556 -0.00519716 0.00142678 -7.5253e-05 0.00274476 -0.000199982 -0.0054547 -0.00969311 -0.00014569 -0.00183791 -0.00526473 0.0044036 0.00450223 0.0080806 -0.0047791 9.90263e-07 -0.00249355 -0.00524246 0.00259696 0.000235021 -0.00173986 -0.000842862 -0.00426801 -0.00467052 -0.00417512 -0.00523449 -0.0123598 -0.00293662 -0.00786629 -0.0208721 0.00155796 -0.00333476 -0.000783811 -0.00174286 -0.00397125 -0.00372354 -0.00749595 -0.00299958 -0.00333194 -0.0119715 -0.0086373 -0.0069735 0.00348915 0.00445731 8.8405e-05 0.00362903 0.00776815 -0.000495782 0.00386563 0.00033978 0.00228528 0.00650698 -0.011871 0.00216047 0.00283475 0.00659146 -0.000950779 0.000704649 -0.00221483 -0.0168747 0.00479302 -0.00568968 0.000786492 0.00160774 0.000763336 9.43454e-05 0.00159274 -0.00273161 -0.0132489 0.00125015 0.00177899 0.000298684 0.00398401 0.00506994 0.00232399 0.0017768 -0.00453708 -0.00963913 -0.017142 0.00667904 0.00808531 0.00454742 0.00192041 0.00491394 0.00465648 -0.00276798 -0.00410371 -0.000678793 -0.00569572 0.00518075 0.00157647 0.00360756 0.00719093 -0.00262179 0.00403522 0.00678914 -0.00278247 -0.0048732 -0.0053099 -0.00459962 -0.00382809 0.000504293 -0.0107662 -0.00489723 -0.002243 -0.004437 0.00158625 -0.00019818 0.00347255 0.0023293 0.00461729 -0.00138214
internal_weight=48137.7 23882.6 24255.2 19964.2 14240.6 10194.7 19133.3 15321 5723.55 5474.9 11060.3 4045.93 4719.8 3062.78 3325.73 854.949 7734.6 3621.65 4112.95 2470.78 1657.02 408.466 4523 2290.07 3918.39 5121.86 1907.3 634.111 3720.53 3816.25 1262.78 845.506 1273.19 811.403 3812.33 3059.55 3510.99 3353.48 3205.53 752.779 156.948 595.831 256.857 52.6759 2419 1202.64 446.483 2561.27 1449.81 3934.48 594.894 3339.58 3243.17 209.535 732.771 669.404 4260.65 3026.31 435.748 498.278 247.889 1287.37 1131.63 2367.08 1202.73 461.79 111.523 649.943 556.477 282.184 2248.38 1258.8 1091.12 143.527 426.269 1014.06 1612.97 3093.57 2490.53 2266.9 1490.64 776.264 147.954 2553.46 2367.93 1534.81 4849.05 2898.16 1950.9 1888.63 289.964 175.451 87.4174 1898.66 1402.64 758.994 999.499 603.043 1059.14 924.245 770.232 391.956 188.298 951.893 402.234 635.072 299.902 204.181 203.658 527.086 223.674 2885.09 2694.08 2424.69 2198.9 555.955 269.389 1031.28 566.027 432.039 2232.93 1155.46 1077.47 967.507 596.635 370.872
internal_count=91340 46489 44851 37858 27693 19601 35226 28267 10165 10181 20368 8092 9420 5992 5988 1634 14380 6566 7814 4354 3428 893 8296 4374 8631 9625 3680 1209 8069 6485 2132 1447 2471 1585 6959 5238 7485 7154 6758 1721 483 1238 658 255 4392 2174 741 4403 3001 7755 1327 6428 6213 584 1606 1375 7899 5578 925 835 445 2357 2035 4051 1971 886 307 1197 1045 565 3814 2345 1867 435 764 2076 2991 5556 4409 3972 2561 1411 396 4353 4054 2631 9030 5226 3804 3621 652 438 312 3554 2712 1259 1672 1147 1870 1822 1568 819 409 1885 738 1149 603 403 410 929 433 6109 5764 5152 4586 1160 612 2029 1092 808 3922 1886 2036 1773 1133 640
is_linear=0
shrinkage=0.0200396


Tree=48
num_leaves=127
num_cat=0
split_feature=18 21 21 18 18 21 18 21 21 18 0 21 21 18 21 18 18 30 1 12 44 44 22 11 11 19 32 3 18 73 33 31 12 13 19 0 32 28 12 18 10 38 4 21 19 18 13 5 18 11 31 21 0 11 12 17 10 69 19 19 80 21 20 32 11 36 19 18 31 9 19 4 21 21 25 4 10 19 31 0 38 37 18 10 21 33 4 16 28 22 18 10 21 18 18 16 15 40 28 10 26 20 21 18 31 16 12 44 0 17 28 21 30 22 31 36 73 10 34 5 44 40 10 18 18 10
split_gain=287.526 136.481 133.361 123.897 71.3352 66.464 69.0472 59.2441 56.064 67.8721 52.1956 44.2866 43.2398 34.6635 31.7308 51.3377 31.4156 37.5195 31.3823 52.2072 43.5703 29.6838 28.7575 27.3583 26.8425 33.7974 26.8382 29.7957 26.5529 30.1734 27.6935 32.1261 25.9697 25.8252 25.6239 45.4228 36.8075 25.2761 28.4181 30.4786 54.2594 25.081 24.9414 24.912 24.8646 24.3817 25.6783 24.3301 32.3312 40.3327 24.4144 23.9775 40.7159 26.5656 23.5942 35.3046 28.526 23.4626 23.1937 22.9036 22.8875 29.1755 22.2806 32.0811 35.754 28.8432 33.8863 38.7836 40.8883 22.2405 22.0157 26.7806 25.763 21.9522 23.6725 21.4069 28.5738 21.1809 32.565 21.1737 21.1566 21.0332 20.9702 27.5813 25.6434 20.7547 27.2704 38.7159 46.684 24.7569 20.6578 20.642 23.9002 20.5795 20.4424 20.3445 36.543 22.8211 33.5861 23.2651 21.8147 20.2662 20.0574 29.3659 23.7279 31.4104 19.6655 19.4762 19.195 18.8905 18.8861 18.8566 30.3111 21.1235 25.4241 19.503 18.7654 22.8105 18.6058 18.5348 18.4479 18.279 18.2366 18.7504 25.8103 75.7056
threshold=0.014503159094601871 0.026619628071784977 -0.02148813288658857 -0.094419144093990312 0.086003046482801451 -0.1337395757436752 -0.31688533723354334 -0.29025016725063318 0.17350865900516513 0.1745371297001839 0.28835226595401769 -0.3871071189641952 -0.104233480989933 -0.5655512511730193 0.37171263992786413 0.31566222012043005 -0.082451522350311265 0.40169054269790655 0.17187500000000003 -0.20126146823167798 -0.4095297902822494 0.013144107535481455 0.092287715524435057 -0.30685003101825709 -0.4535845667123794 -0.0208973865956068 0.24201000481843951 0.22420950233936313 -0.19163300096988675 -0.11243074759840964 0.5818956494331361 0.011093891691416504 2.0481652021408085 0.32789146900177008 -0.14835732430219647 -0.11789772659540175 0.21463911980390551 -0.23521649837493894 0.42603211104869848 0.12703388184309009 0.20378873497247699 -0.26674640178680414 -0.17965868860483167 0.09076330810785295 0.20001410692930224 0.28136509656906133 0.28294359147548681 -0.37499999999999994 -0.14023774117231366 -0.20486640930175778 -0.23965716361999509 0.25625400245189672 -0.25710226595401758 0.087643403559923186 -0.16341742873191831 0.47062419354915624 0.028003614395856861 -0.20114281028509137 0.24909850955009463 0.32117918133735662 0.52226886153221141 0.48717127740383154 0.059085326269268997 -0.61035838723182667 -0.09350965172052382 0.59090909361839306 -1.0000000180025095e-35 -0.03951717168092727 -0.21594881266355512 0.068561103194952025 0.21711231768131259 -0.22463172674179074 0.23123797774314883 0.084990378469228758 -0.15783836692571637 -0.39075338840484614 0.43765521049499517 -0.040374644100666039 0.10791084915399553 -0.089488636702299104 -0.022727273404598233 -0.032504558563232415 0.056914225220680244 -0.068054147064685808 -0.10679922997951506 0.29804892838001257 -0.26055346429347986 -0.23000745475292203 0.12082678079605104 -0.28093370795249933 0.25041757524013525 0.37023508548736578 -0.48845414817333216 -0.055688397958874696 -0.017600774765014645 0.52574488520622265 0.28028723597526556 0.25629496574401861 -0.32269424200057978 0.24920769780874255 0.33180579543113714 0.016638056375086311 0.57889673113822948 0.53065726161003124 -0.11620841547846793 0.31530472636222845 0.016628440469503406 0.16877178847789767 0.10937500000000001 0.61725154519081127 0.39035099744796758 -0.52309173345565785 -0.02835783455520868 -0.077992197126150117 -0.039248509332537644 -0.17132867127656934 -0.089032005518674837 -0.029033036902546879 0.0063914968632161626 -0.37499999999999994 0.18306107819080356 0.19334532320499423 -0.16081126034259793 -0.94762483239173878 -0.2005786597728729 0.33133631944656378
decision_type=2 2 2 2 2 2 2 2 2 2 2 2 2 2 2 2 2 2 2 2 2 2 2 2 2 2 2 2 2 2 2 2 2 2 2 2 2 2 2 2 2 2 2 2 2 2 2 2 2 2 2 2 2 2 2 2 2 2 2 2 2 2 2 2 2 2 2 2 2 2 2 2 2 2 2 2 2 2 2 2 2 2 2 2 2 2 2 2 2 2 2 2 2 2 2 2 2 2 2 2 2 2 2 2 2 2 2 2 2 2 2 2 2 2 2 2 2 2 2 2 2 2 2 2 2 2
left_child=2 18 3 5 22 6 11 77 37 51 47 13 95 32 45 60 122 23 19 20 -2 24 26 -18 42 57 27 -3 29 30 31 41 75 -21 35 36 -14 38 39 43 118 -9 -13 -6 73 46 90 -7 49 -49 120 80 -53 108 55 -29 -56 -26 -46 -42 61 -16 65 -64 -65 66 -25 -68 -69 -70 71 72 -48 74 -39 76 -1 78 81 -22 -10 -8 -20 -84 -85 89 87 -87 -89 -30 110 -79 -93 -36 109 96 97 98 121 -99 -98 -61 -17 -104 -105 -106 -31 -66 -54 -95 -11 112 -15 -113 115 -115 117 -51 -41 -23 -50 -5 -4 -124 125 -125
right_child=1 4 16 12 8 10 7 28 9 14 -12 21 34 111 15 102 17 -19 82 33 79 119 -24 62 25 -27 -28 54 85 106 -32 -33 -34 -35 93 -37 -38 44 -40 40 59 -43 -44 -45 58 -47 70 48 50 116 -52 52 53 -55 56 -57 -58 -59 -60 101 -62 -63 63 64 107 -67 67 68 69 -71 -72 -73 -74 -75 -76 -77 -78 91 -80 -81 -82 -83 83 84 -86 86 -88 88 -90 -91 -92 92 -94 94 -96 -97 100 99 -100 -101 -102 -103 103 104 105 -107 -108 -109 -110 -111 -112 113 -114 114 -116 -117 -118 -119 -120 -121 -122 -123 123 124 -126 -127
leaf_value=-0.013963844051752303 0.0051540604166328699 -0.00026742438886619672 -0.014345442888069392 -0.011708220725268366 -0.0026211998784303908 -0.00026284302495093695 0.00020434383020402042 -0.0093138757562648555 -0.0046903470039998812 0.0059345977787263618 -0.013138437417760333 5.4109899196427055e-05 -0.0088156051170986717 0.0036962954625185747 -0.0040363779378103206 0.0028403643032358168 0.0072503993629771729 -0.01026891751516046 0.00042769641694786282 0.0079557117774387235 -0.00012811629443387098 0.0023404920724914274 -0.00014619547031509327 0.00092919236793048167 -0.0066128057916031886 -0.0073582979638865259 -0.013764551827807581 -0.0049242004938949918 0.0085283649134934181 0.0040212336248692266 0.0051689888696625514 -0.01129310747455466 0.0067217519732084632 0.0018622578495439538 -0.00072304928945911306 0.0010719977149491399 0.003066051929626707 -0.0034714877136646696 0.0055891699622612886 7.4921795843057806e-05 0.0032825179203924268 -0.00013583081713627084 -0.012296159952538587 -0.016067392788981415 0.016805591614409282 0.0049802689577639909 0.0040979493683053324 -0.0012488801365291521 0.01232313973620012 -0.025356857953559894 -0.0033197618136691833 0.0016619932432773647 0.00074323865581728754 -0.016527111933072675 -0.019780186554404895 0.0087644938716174483 -0.0055852459892072829 -0.029576232607031915 0.004843965427414997 -0.00792722432377755 0.0027784877677012577 -0.016444686622034969 0.0028156937366614235 -0.0034953872965674806 -0.014205488818639457 -0.0087923744345050747 0.00029311505355386332 0.0034236652559788872 -0.019898988786005389 -0.0063561739856468694 -0.0053574137069721745 0.0039992837436032165 -0.0049721546371119625 0.0020070023870172515 0.0058569038289875931 -0.0027230723669860895 -0.0031071890494913075 0.010598604595148187 0.0070288153900599339 -0.016633416970361411 -8.6217468124722375e-07 -0.010254403739600673 0.010197547187651262 0.0071962420652677515 0.0018344212131143104 -0.00027261165302411235 0.00085683572388022954 -0.018640903016570266 0.00090123765394958908 0.00085519022778909588 -0.0017494931931152486 0.012212066425673384 0.001267216908606709 0.00675538986790865 0.00068171800944323872 -0.004885147718469666 0.018068150438784826 0.0098487352964096615 0.003154334868738091 0.0020807764191334522 0.0026416881956997326 0.0023736552372363505 -0.0043945465091374709 -0.0015009991699431538 0.011395566852632136 -0.00070214188218318012 -0.0031059718928010444 -0.0018612057663581322 -0.011360960937343864 -0.00092114215461656815 -0.0016208464850332308 -0.0037968532106300752 -0.0080783404736978186 3.1787109837226913e-06 -0.00449085993658805 0.011258910240467553 -0.0071759813014219184 -0.0087053331169734474 0.014022857331423184 -0.0046432117855284855 -0.0014600540699664475 0.0020356717983372481 0.0035522258221781962 -0.031186024725683912 -0.005058290634071704 -0.0055692480418501108
leaf_weight=170.78659574186895 119.41481936885975 795.03505821409635 110.08874626026955 84.469273047056049 187.57180567539763 651.02750041836407 461.324601098313 151.10277605138253 568.77013942669146 818.92312424012925 238.19412829645444 201.12612192414235 414.39730319019873 772.00712910061702 661.46571863593999 1428.9797757623019 83.404289982048795 269.44075871864334 974.83221286546905 1774.6268638863694 49.832879712223075 173.5636320556514 1850.1497276226291 1252.6679427801864 47.840895381523296 237.19718157628085 78.705989875481464 435.19858565961476 169.32660499587655 296.62347134028096 73.864300176501274 301.54526499728672 66.282198780681938 355.35247198038269 832.2300074059749 959.8481698759133 121.40594998234883 101.26951788796578 272.16277081461158 54.812520684208721 165.03050796198659 380.01068268076051 70.800295492284931 62.89364136243239 78.839398100739345 1111.1971857524477 158.44237589091063 313.47059082065243 52.457829693914391 50.463764694868587 921.2962276263861 149.84888606914319 114.56861330429092 139.92923880810849 66.963455758406781 66.105719999177381 243.39762269845232 49.506351846619509 277.05960837297607 262.41388314741198 136.31939843832515 67.488704741583206 149.10077689681202 583.20098594005685 260.17070464068092 187.21077996899839 311.23914305795915 65.000416210852563 95.150924463174306 145.47922295972239 269.26840128435288 516.7518156588776 383.07398767780978 3041.8300313582877 1251.6350809456781 994.73392496036831 234.92929505812936 248.95168668788392 242.43423206161242 62.880900664953515 1101.6579178079264 66.724070125026628 234.32333634060342 454.76545751513913 1560.2683038323885 263.7407727666432 655.627366614528 114.05929579772055 70.058947375393473 1379.5194842562778 225.10989975661505 76.221701725386083 427.23219539248385 649.74541973008309 732.57353798300028 71.078008612967096 102.14805564493872 339.05760333384387 693.50566523452289 302.99614767322782 66.357220572186634 88.885323155322112 473.656433444703 356.79152743984014 159.64983823092189 152.73796292138286 275.48591827915516 73.627354547497816 65.135893968516029 148.4286424232414 143.39457733731251 608.1644119968405 74.217978673637845 109.93012358178385 120.71729552187026 109.40830487699714 463.18852438149042 146.23581107554492 109.2751453804085 708.59260808594991 66.154001828283072 47.842763531487435 61.312286465312354 41.550419857143424 1165.6815957521321 208.1960801318055
leaf_count=494 253 1513 389 232 299 1167 769 330 1042 1481 562 351 791 1439 1202 2443 180 649 1634 3593 83 273 3159 2402 101 461 221 779 358 519 137 704 130 565 1375 1568 263 166 522 97 325 629 197 211 234 2241 291 665 179 265 1617 268 161 384 247 135 408 268 489 509 210 248 256 1055 705 391 578 132 324 288 538 929 698 5325 2357 2112 334 591 470 218 1849 205 511 959 2577 356 1035 335 105 2506 471 215 689 1138 1194 120 319 688 1182 535 112 153 864 655 360 244 494 140 166 219 163 1050 183 156 207 284 937 301 302 1455 117 112 104 293 2361 450
internal_value=-4.23255e-05 0.00149324 -0.00160032 -0.000822375 0.000669006 -0.00187194 -0.00111728 0.000377943 0.0012673 0.000283915 -0.00454218 -0.00289207 0.00168211 -0.00156015 0.00123252 -0.000145261 -0.00448085 -0.00336876 0.00423483 0.00599501 -0.00274402 -0.00573272 -0.00188417 -0.00271297 -0.00909673 -0.0127749 -0.00375824 -0.00306431 -0.000867846 -0.00299665 -0.00522495 -0.00628591 -0.00381844 0.00697439 0.000495726 -0.00153786 -0.00607742 0.00277853 0.000171587 -0.00150571 0.000727624 -0.00306052 -0.00388006 -0.00714078 0.00343286 0.00253377 0.00141219 -0.00365898 -0.0047367 -0.00732973 -0.00219065 -0.00282128 -0.00671893 -0.0105339 -0.00570564 -0.00277268 -0.00987862 -0.0218378 0.00841165 -0.00250448 -0.00430026 -0.0056913 -0.00303714 -0.00536694 -0.00675124 -0.00177676 -0.000964726 -0.00471544 -0.00950423 -0.0130575 -0.000497386 0.000821855 -0.00223224 0.00298359 0.00509848 -0.00443407 -0.00821945 0.00372472 0.00131054 -0.0106591 -0.00164072 -0.00149273 0.002908 0.00396278 0.00312059 0.000331275 -0.0017413 -0.00541781 -0.0118696 0.00181893 0.00352248 0.00607005 0.00343346 0.0017895 0.00315304 0.00431388 0.00478862 0.00363258 0.00134802 0.00640093 0.0130857 -0.00529521 0.00127582 -0.000689087 0.00197953 0.00581263 0.000581966 -0.0117979 -0.0044362 0.00532461 0.00478217 0.000306592 0.00244966 -0.00160798 0.00226561 0.00611902 -0.0100635 -0.0153051 0.0099646 -0.00323125 0.00557415 -0.00707049 -0.00682498 -0.00603654 -0.00651474 -0.0122342
internal_weight=48213.4 24278.7 23934.8 18872.2 18692.4 13306.1 10403.7 5653.85 15156.8 9203.16 2902.49 4749.8 5566.08 3261.18 7063.25 3437.09 5062.52 3475.69 5586.3 2362.11 232.129 1488.63 3535.56 3206.25 606.471 334.544 1685.41 1606.7 4130.96 1478.63 906.523 832.659 1466.73 2129.98 3858.63 1495.65 535.803 5953.68 1203.05 930.883 680.417 531.113 271.926 250.465 4750.63 3626.16 2514.96 2664.29 2013.27 973.359 1039.91 2139.91 469.483 319.634 811.665 501.304 310.361 97.3472 355.899 516.33 865.274 728.954 3122.85 1066.1 916.999 2056.75 1869.54 616.87 305.631 240.63 1327.54 1058.27 541.516 4394.73 1352.9 1400.45 405.716 1522.89 770.483 112.714 1670.43 528.049 3224.19 2249.36 2015.03 2652.33 1103.49 447.859 184.118 1548.85 1187.43 752.406 503.454 2362.98 1530.75 1707.45 1636.38 1467.87 825.818 642.054 168.505 351.299 2571.82 1142.84 669.179 312.388 572.109 333.798 179.705 798.174 962.318 1794.45 846.225 948.22 340.056 219.338 659.888 196.7 164.088 882.156 118.612 132.312 1586.83 1476.74 1415.43 249.746
internal_count=91049 44752 46297 35600 34359 25752 19942 10447 27897 16908 5810 9495 9848 6389 13038 6226 10697 7100 10393 4712 554 3106 6462 6451 1378 830 3303 3082 7508 2813 1800 1663 3070 4158 6548 2622 1054 10989 2418 1896 1386 959 548 510 8571 6812 4571 5248 4081 2168 1913 3870 979 711 1569 914 655 369 723 987 1660 1450 6271 2156 1900 4115 3724 1322 744 612 2456 1918 989 7848 2523 2940 828 2939 1444 301 2891 974 5681 4047 3536 4695 1831 796 440 2864 2115 1495 904 3926 2551 3300 3180 2749 1526 1223 431 662 4566 2123 1259 604 1013 845 327 1357 1644 3319 1622 1697 647 440 1503 566 399 1728 296 344 3597 3208 3104 743
is_linear=0
shrinkage=0.0200396


Tree=49
num_leaves=127
num_cat=0
split_feature=18 21 21 18 21 21 18 18 21 24 21 21 18 37 36 12 21 21 28 41 21 12 18 18 21 18 1 44 23 2 14 18 23 21 39 20 40 30 18 10 18 73 2 34 24 32 12 2 4 18 3 10 12 85 37 11 10 24 5 31 32 23 44 5 11 2 30 41 38 19 39 12 23 18 9 21 36 39 5 3 10 16 34 20 12 20 39 30 19 18 24 36 21 32 32 23 21 18 18 23 21 14 4 4 21 22 22 19 11 10 56 84 44 12 19 73 14 36 80 18 28 24 28 18 80 13
split_gain=260.149 144.693 128.988 90.9339 81.5698 78.8311 73.3154 66.0811 64.4598 44.4744 38.2654 36.9935 47.4609 43.1194 37.6772 38.7403 37.5037 36.0742 42.4207 35.2908 34.851 34.5297 34.0888 33.9907 48.3304 32.9211 31.989 29.7023 29.4 29.0189 30.1967 28.8458 55.3829 28.7859 28.3257 27.9685 27.6632 27.0657 26.676 26.417 26.2782 28.9978 25.9767 25.6446 25.6103 65.6331 25.225 37.4183 24.9793 24.7663 24.7232 37.3148 34.0401 34.4075 31.8385 26.3558 26.1628 29.8619 24.6851 24.174 23.9225 23.8521 33.6521 23.783 23.517 31.1982 27.7225 23.4822 23.2418 29.5459 23.2175 22.4517 22.4131 30.0003 28.9536 22.25 24.3226 31.6272 22.2122 27.764 22.1574 21.7947 23.3061 21.7333 21.4711 29.9681 45.5043 32.8163 23.6591 21.2413 21.2236 21.1099 21.9716 20.8473 31.3769 23.3582 20.671 38.0695 23.1217 21.3637 20.2683 20.0495 19.7953 19.7889 19.6223 30.1235 19.9504 19.5647 19.5325 19.53 19.4932 21.564 19.2325 23.4592 19.179 31.6222 23.0248 19.0764 18.9158 18.8296 18.7816 22.5143 18.7721 24.1106 26.6137 21.7988
threshold=-0.078981548547744737 -0.099101990461349473 -0.10936497896909712 0.032368302345275886 0.096536241471767439 0.020205260254442695 0.13059716671705249 -0.31688533723354334 -0.30692751705646509 0.47279474139213568 -0.3871071189641952 0.22033354640007022 0.28915858268737799 0.061776550486683852 -0.26923076808452601 0.1267201825976372 0.34028223156929022 0.43329057097435003 -0.21551687270402906 1.1942839026451113 0.1703014746308327 0.020068807527422908 -0.5655512511730193 0.086003046482801451 0.013790891505777838 0.089486967772245421 -0.32812499999999994 0.030556644313037399 -0.029399910010397431 -0.19744318723678586 -0.11636636406183241 -0.17632988095283506 0.0054167835041880616 0.27998717129230505 -0.0021120251622050996 -0.065614901483058916 0.25629496574401861 0.092894461005926146 -0.0088650900870561582 0.80150675773620617 0.04527618549764157 0.32328790426254278 -0.083806820213794694 -0.158657431602478 -0.25279204547405237 -0.63241338729858387 0.037270640954375274 -0.28551135957241053 -0.077174432575702653 0.1756282448768616 0.39443531632423406 -0.16081126034259793 -0.11181192472577094 -0.26562421023845667 -0.21139292418956754 -0.030013026669621464 -0.11176470667123793 0.026326502673327926 1.0000000180025095e-35 0.73351094126701366 -0.25032286345958704 0.036954397335648544 -0.06042825058102607 0.37500000000000006 -0.4535845667123794 0.18892045319080356 -0.15087850391864774 0.45428547263145452 0.2188995182514191 -0.066221330314874635 -0.071983393281698213 2.0481652021408085 0.22231548279523852 0.15422734618186953 0.10509767755866052 -0.22931365668773648 -0.15034965425729749 -0.025625856593251225 1.0000000180025095e-35 0.27382043004035955 -0.22879031300544736 -0.22506089508533475 -0.076638318598270402 -0.033732330426573746 -0.081995412707328783 0.064282633364200606 -0.055855128914117806 0.34466269612312322 -0.06378344818949698 0.2245319485664368 -0.093695327639579759 -0.10139860212802886 0.072161644697189345 0.16861063987016681 0.078013237565755858 0.17777276784181598 0.59813982248306286 0.43864586949348455 0.5698031783103944 -0.0385515559464693 0.05740859545767308 -0.074324324727058397 -0.044784568250179284 -0.35158383846282953 -0.50513148307800282 -0.035714063793420785 -0.077992197126150117 0.012384331785142423 0.16791447997093203 -0.16633363813161847 0.050267113372683532 0.23021703213453296 0.13773671537637713 0.044151375070214278 -0.12559868395328519 -0.077082496136426912 0.0097597599960863608 -0.24825175106525418 0.21482583135366443 -0.0083935521543025953 -0.12871905416250226 0.4773672372102738 -0.31501206755638117 -0.25816884636878962 0.27487900853157049 -0.39241667091846461
decision_type=2 2 2 2 2 2 2 2 2 2 2 2 2 2 2 2 2 2 2 2 2 2 2 2 2 2 2 2 2 2 2 2 2 2 2 2 2 2 2 2 2 2 2 2 2 2 2 2 2 2 2 2 2 2 2 2 2 2 2 2 2 2 2 2 2 2 2 2 2 2 2 2 2 2 2 2 2 2 2 2 2 2 2 2 2 2 2 2 2 2 2 2 2 2 2 2 2 2 2 2 2 2 2 2 2 2 2 2 2 2 2 2 2 2 2 2 2 2 2 2 2 2 2 2 2 2
left_child=2 28 7 5 19 34 9 10 44 20 22 13 17 14 15 -8 -14 29 -19 23 25 -16 71 24 81 -6 -7 64 36 89 103 32 122 101 -3 -30 40 38 68 -25 41 48 -23 72 45 -9 47 90 70 -35 51 52 -4 -54 -52 -53 57 -56 -29 67 -27 78 -63 -55 65 -12 -66 -11 80 -70 -2 -1 -15 -74 -75 120 77 108 79 -22 -36 -5 -83 -39 85 87 88 93 -87 -13 -18 -86 -93 94 -28 -96 97 99 -98 -48 -58 -32 -41 -31 105 -24 -106 -68 -77 -21 111 -57 113 -94 115 -84 -116 -34 -17 -50 -33 -122 125 -124 -125 -10
right_child=1 3 50 4 6 26 11 8 31 59 27 12 16 43 21 118 46 18 -20 109 61 42 104 39 -26 60 84 58 35 30 33 75 117 49 37 -37 -38 83 -40 102 -42 -43 -44 -45 -46 -47 96 -49 119 -51 54 55 53 63 56 110 100 -59 -60 -61 -62 62 -64 -65 66 -67 107 -69 69 -71 -72 -73 73 74 -76 76 -78 -79 -80 -81 -82 82 114 -85 91 86 -88 -89 -90 -91 -92 92 112 -95 95 -97 98 -99 -100 -101 -102 -103 -104 -105 106 -107 -108 -109 -110 -111 -112 -113 -114 -115 116 -117 -118 -119 -120 -121 121 -123 123 124 -126 -127
leaf_value=-0.0042825187995557392 -0.01162059119671033 -0.0019058003520692178 -0.0069747538082082193 0.011306429042467425 -0.005814423776155782 -0.013451184683473687 0.019879551200855019 0.0021573136945636237 0.0019315721397848817 0.0062400259309013011 -3.2562772302811225e-05 0.0062058745275027707 0.0063179922941425729 0.0005778532915401589 0.0017798623069589042 0.0083100580368423039 0.0019986617206334228 -0.0022381129258028441 -0.020031329030765325 0.020889041160414502 -0.0022260455889432972 -0.0084975222562504501 0.0036282612645355816 0.0043052284701351716 -0.00069419751168918421 -0.0086399166591562531 -0.0029871083998220206 0.00047804241057693636 0.013434536261520115 -0.0077176083500939303 0.00019633833846021895 -0.00017613980650427977 0.0033603853869910334 -0.010340340169840952 0.007969106038698083 0.0045541895566752503 0.0068242626280119768 0.00088249759060099887 0.0070053727972540294 0.0058066222506556343 0.006121843471186471 0.0094037581187815418 -0.00030387868568146668 0.0075185488296714469 0.0029462889564468371 0.026995385749534348 -0.011165862700158345 0.0060694337143610173 0.0041118293873458715 -0.00094210508751227016 -0.011312359812150858 -0.0035652196485891118 -0.0050446139795189172 -0.036603640801354149 -0.003416074297057912 -0.013193161701119649 -0.0008999992803089931 0.012961258309399686 -0.0060110115039080959 -0.0032241502580068688 0.0012708506409280153 -0.0064272516803662322 -0.026143317096349906 -0.0049857040147888573 -0.020750934875241076 -0.014100772351677384 -0.013259925129412761 -0.00042257501015990348 0.0002185115971281381 0.011462387230278454 0.0010084492609786252 0.006362548647947836 0.00083851259480145377 0.020979992627468087 0.0045350304225026368 0.0099847325929914108 -0.0014083973845035024 -0.0030102853976220604 -0.00092115040940643597 -0.018347068742025827 -0.00093612241612432245 0.0074277047822231112 0.002308000217262227 -0.0037578908392628856 0.002228820288464529 -0.00035544593427089174 -0.018977043776282013 -0.014690525212141141 -0.011520611619517389 -0.00094154297466860892 -0.0063313197441706532 7.4700642754525561e-05 -0.0031309126766372783 -0.0051163862748193692 0.011223708239555829 -0.0028495171737622027 -0.0064854544710472167 0.0046496599227569095 0.00033415000797089252 -0.00074148092910712336 -0.0072565245803312695 0.0073262382214293103 -0.0047484220570516546 -0.0018849392111159105 -0.0041220108169756006 -0.0064408267567508904 0.0021999176158677904 -0.003083882393810087 -0.0016252104328656476 0.0023160819607206608 -0.0047678420282608082 -0.0022689898848346711 -0.0021353631232331515 -0.017452378696040927 0.01055698131479603 -0.0092628791383887951 0.00072549807064859991 -0.0071794612987890073 -0.0045035592077298462 -0.0034625392609352735 0.010485584081214043 0.0011697934183800211 -0.002528792089899676 0.0065052271993986735 -0.0026234801825691456 -0.0072534850366317571
leaf_weight=1425.126038092887 126.67162671114784 1792.7204326973297 265.88114421837963 134.83716984977946 615.65543186827563 116.23866726807319 51.539134093909524 130.01914327929262 161.24402995174751 376.43821793107782 247.43673393235076 334.98937744146679 605.78068244841415 721.42032518878113 934.7207524778787 61.898252052953467 309.78434393322095 158.73099018831272 63.457779751159251 44.489373629563488 98.777252354426309 277.72242320969235 840.69313166104257 4061.0122805443825 2072.6627220779192 85.426820785272866 285.89230597368442 463.05473101686221 303.41066763713025 416.97902644425631 387.67944071535021 312.96690678794403 58.850579969468527 108.16449824580923 100.17507136892527 324.7916163719492 876.90232306020334 1232.6183294360526 436.76307277556043 75.873924024752341 398.72496203461196 87.613612044136971 327.41224228497595 806.43181394354906 1163.9188569170656 43.014084477094002 72.585106189711951 700.58390900876839 292.5335930401925 784.27674867212772 127.09789682191331 1716.0583336476702 51.089869299670681 33.200735095073469 63.568587201298214 342.56693836965133 761.43392483063508 75.597316837403923 440.85323402110953 380.4809902907582 814.99549117754214 123.62729063513689 42.768958914792165 22.052816598210484 84.298625354538672 60.386855825898238 124.3071331490064 438.23140610812698 194.15278252901044 160.70305946806911 85.989305120310746 61.466071686591022 203.04878813575488 61.416293418151326 124.60480721632484 224.80147281463724 1958.0564434562111 166.5673213917762 247.67280666332226 65.057022302527912 1032.3524864715291 331.77593966049608 227.04520219389815 572.57241607760079 390.03874586010352 202.8189593522111 119.21645896404516 63.196411741431803 100.04538140934892 295.99781736265868 168.98796303896233 402.99869025521912 104.7169124702923 374.01542996615171 127.26990637159906 54.161589905968867 364.44641636963934 583.01437237637583 398.54155981866643 441.86111956415698 255.4599123763619 247.31565179442987 219.3783101500012 551.91891239839606 533.81210396939423 114.25809919799212 290.26113065611571 200.73379970423412 64.764137501129881 44.635776478331536 519.26203287485987 106.48460913135204 237.77583608741406 83.282098010298796 119.73413060465828 128.04606810864061 299.27490362583194 800.67069994297344 74.339467757497914 200.21102717856411 208.00328943750355 204.4175849853782 330.92801365128253 434.97195463778917 159.5309890601784 222.17054156085942
leaf_count=2934 330 3273 545 291 1156 309 238 298 280 707 422 668 1228 1247 1613 162 488 290 256 180 186 622 1572 7603 3488 233 632 851 738 828 635 488 114 257 223 506 1862 2081 791 130 749 194 572 1457 2027 238 230 1250 478 1281 327 3164 93 286 97 907 1389 230 918 589 1464 259 243 47 320 194 321 637 321 353 140 125 311 230 182 445 3410 276 416 221 1647 692 351 908 785 371 400 197 230 467 338 693 157 696 302 97 662 1017 746 716 548 519 361 938 917 253 545 327 106 63 1130 207 342 258 271 273 496 1641 130 349 522 312 534 810 255 502
internal_value=-4.51141e-05 0.000979777 -0.00214711 0.000575967 0.00125505 -0.00122082 0.000335523 -0.00103324 0.000267143 -0.00226767 -0.00279608 0.00114453 0.000287244 0.00277464 0.000459736 0.00837066 0.00186453 -0.00142766 -0.00880626 0.00289844 -0.00401341 -0.000615035 -0.00152322 0.00272364 0.00117768 -0.00234094 -0.00403672 -0.00529499 0.00540392 -0.000836484 -0.00180961 -0.000725609 -0.00249043 -3.48678e-05 0.000146162 0.00919014 0.0041581 0.00114144 0.0027809 0.00388441 0.00209176 -4.46322e-05 -0.0042571 0.00482501 0.00415881 0.0109113 0.000931066 0.00319283 -0.00151067 -0.00233568 -0.00508275 -0.00606752 -0.0119424 -0.0207365 -0.00266297 -0.00515031 -0.00148914 0.00597715 -0.00275063 0.000799701 0.000113593 -0.00811682 -0.0141927 -0.0293045 -0.0082978 -0.00366169 -0.0113723 0.00273293 0.00144215 0.00573204 -0.00686336 -0.003737 0.00274373 0.00646463 0.0117753 0.000499631 -0.000428516 0.00361282 -0.00499458 -0.010187 7.4453e-07 0.00426547 0.00317556 -0.000613717 -0.00348048 -0.0052287 -0.00952632 -0.00301894 -0.00465923 0.00292175 -0.00108068 -0.00150554 -0.00328815 -0.00174012 0.00106092 0.00709548 -0.000520181 0.00122654 -0.00300682 -0.00266603 -0.00263741 0.00315173 -0.00174979 -0.0045292 0.000346562 0.00227955 -0.00188137 -0.0076525 0.00740759 0.0140385 -0.00779494 -0.0108595 -0.00633104 -0.0107593 0.00117044 -0.00215878 0.00397697 -0.00636577 0.00164839 0.000992409 0.00351647 0.00620332 0.000115244 0.00166457 0.00402582 -0.00347168
internal_weight=48439.5 32568.1 15871.3 29871.3 21687.5 8183.73 13928.8 11531.6 6644.9 3289.13 4886.69 10639.7 6995.1 3644.55 1727.63 187.777 3645.59 3349.51 222.189 7758.77 2093.98 1539.86 3265.62 7669.64 3313.38 1516.08 2661.67 1621.07 2696.85 3127.32 2496.33 5307.94 2168.37 1527.44 5522.06 628.202 2068.65 3729.34 1924.15 4356.26 1191.74 793.019 605.135 1916.92 1336.95 173.033 3039.8 1179.36 705.406 892.441 4339.75 3056.6 372.225 106.343 1283.16 2684.37 1156.06 139.166 903.908 1195.15 900.422 577.903 166.396 55.2536 717.163 307.824 409.34 814.67 1487.38 354.856 212.661 1486.59 1110.49 389.07 186.021 3139.58 2414.19 456.133 411.507 163.834 1132.53 1240.71 1105.88 1805.19 2545.43 1326.62 422.081 904.536 302.864 630.987 478.772 1218.81 828.774 841.339 467.324 181.431 1860.45 1097.46 762.988 514.446 1016.89 634.995 295.252 968.898 1779.02 954.951 824.073 325.041 289.566 89.1252 968.314 449.052 425.775 187.999 774.1 355.091 419.009 859.521 136.238 492.745 725.388 412.421 1308.85 925.431 594.503 383.415
internal_count=91227 60300 30927 54954 39888 15066 25689 21957 12258 6111 9699 19578 12814 6764 3337 530 6675 6139 546 14199 4178 2807 6346 13956 5862 2853 5469 3353 5346 5593 4458 9695 4136 2692 9597 1244 4102 6324 3335 8094 2240 1491 1194 3427 2563 536 5447 2076 1297 1538 8970 6379 971 426 2591 5408 2264 327 1769 1933 1697 1325 502 333 1584 616 968 1344 2544 674 470 3059 1970 723 412 5559 4237 827 823 407 1870 2374 2083 2989 5160 2925 1001 1924 601 1135 826 2235 1450 1727 1031 399 3371 1963 1408 946 1937 1154 491 1766 3287 1825 1462 648 551 243 2244 1114 757 415 1391 624 767 1755 292 827 1322 834 2381 1599 1065 782
is_linear=0
shrinkage=0.0200396


Tree=50
num_leaves=127
num_cat=0
split_feature=18 21 21 18 18 21 18 21 11 0 21 21 21 18 42 42 18 30 21 11 37 37 4 42 5 0 12 44 17 11 19 29 0 24 44 11 44 26 1 14 14 14 79 14 33 29 37 55 0 36 13 11 5 30 18 28 80 19 18 18 31 40 12 10 39 23 73 21 31 20 35 20 18 73 42 17 12 30 18 23 23 35 42 10 4 24 24 35 44 10 12 0 3 31 36 24 26 43 0 33 31 37 14 39 24 14 38 17 10 12 73 20 29 20 40 12 26 5 4 10 39 14 21 16 18 28
split_gain=260.802 134.862 127.445 109.028 72.9429 71.6246 79.4715 58.1201 57.5297 56.2809 50.8831 42.3338 38.0563 33.7618 33.0424 31.5249 29.7935 29.6952 30.6618 32.5897 32.2417 30.2022 26.5239 26.3147 45.7695 26.0757 50.9649 32.9742 25.3058 24.9436 24.5759 40.4256 28.2666 24.4878 24.4007 23.5363 23.4166 23.3933 23.117 41.6574 28.2774 26.8132 23.0117 22.088 27.1067 34.9889 25.422 21.9287 21.7744 21.681 25.935 21.5781 21.3588 21.9018 25.4554 27.299 23.3204 21.6876 30.5461 21.3289 21.1201 26.0109 20.7552 20.4826 20.0441 31.2392 26.8919 26.3843 33.9494 26.3724 26.0115 22.42 40.2954 23.074 21.6998 23.7648 20.0205 21.4248 19.4207 32.4635 24.5639 19.3186 20.0818 23.8757 19.3129 19.2179 27.1433 24.013 19.1391 20.4923 19.0979 38.9258 18.7968 22.0194 18.7812 18.4039 18.2138 20.0299 40.1785 25.5543 20.5927 21.8334 20.4544 18.1686 18.1467 20.0338 18.1954 17.9729 17.9191 17.8618 28.5499 17.7854 18.9774 40.3077 30.3884 21.7442 47.0887 17.7649 17.7485 17.7182 18.9632 18.5976 17.5346 17.5328 16.9685 36.463
threshold=0.014503159094601871 -0.00096215525991283346 0.028543938882648948 -0.094419144093990312 0.089486967772245421 -0.15939705073833463 -0.31688533723354334 -0.088839001953601823 0.2203800976276398 0.28551135957241064 -0.34284798800945276 -0.3871071189641952 0.12475946173071863 0.11385279521346094 0.40943357348442083 0.21349308639764789 -0.49258488416671747 0.40169054269790655 0.24663245677948001 -0.25853691995143885 -0.16968384385108945 -0.094946924597024904 -0.35158383846282953 0.58605664968490612 1.0000000180025095e-35 -0.17187499999999997 -0.20126146823167798 -0.4095297902822494 0.63303610682487499 -0.38097117841243738 -0.14835732430219647 0.13825603574514392 -0.11505682021379469 -0.17224785685539243 0.030556644313037399 -0.58853837847709645 0.15902072191238406 -0.36013582348823542 -0.11505682021379469 0.69144144654273998 0.21546547114849093 0.59684684872627269 -0.033584533259272568 -0.0037537538446485992 -0.062665279954671846 -0.32565385103225702 -0.057001074776053422 0.08115346729755403 -0.083806820213794694 0.31118881702423101 -0.14012989401817319 -1.1949683427810667 -0.37499999999999994 0.044973125681281097 -0.20809268206357953 -0.53748843073844899 -0.15685087442398069 -0.078892543911933885 -0.19699198007583615 0.071790568530559554 0.011093891691416504 0.18075539916753772 0.08658256754279138 0.0025057626189664011 0.16068149358034137 -0.23203778266906736 0.29845981299877172 0.12475946173071863 -0.089686561375856386 -0.19077220559120175 0.018504669889807705 0.080502033233642592 0.22356889396905902 0.43375444412231451 -0.40671482682228083 -0.069286637008190141 -0.11066513881087302 0.33362503349781042 -0.16091182827949521 0.0054167835041880616 -0.16265179216861722 0.072500739246606841 0.17927028238773349 -0.11176470667123793 -0.41575048863887781 -0.12109429761767386 -0.19913783669471738 0.18565309792757037 -0.21101503819227216 0.033098373562097556 0.36983945965766912 -0.041193181648850434 0.1945394575595856 0.17224486917257312 0.45804196596145635 0.60071504116058361 0.23535061627626422 -0.1996023207902908 0.080965910106897368 -0.16936997324228284 -0.096214398741722093 -0.27700860798358912 0.15690690279006961 0.61030375957489025 -0.19913783669471738 -0.13138137757778165 -0.10885167494416235 -0.14738242328166959 -0.23790613561868665 0.30676606297492987 -0.33653771877288813 0.20126027613878253 -0.27418446540832514 -0.33067473769187922 0.20773381739854815 0.23337155580520633 0.40679001808166509 -1.0000000180025095e-35 -0.4539192914962768 -0.11919406801462172 0.062965199351310744 0.018768768757581714 -0.50513148307800282 -0.39764733612537378 0.10261145979166032 -0.13953029364347455
decision_type=2 2 2 2 2 2 2 2 2 2 2 2 2 2 2 2 2 2 2 2 2 2 2 2 2 2 2 2 2 2 2 2 2 2 2 2 2 2 2 2 2 2 2 2 2 2 2 2 2 2 2 2 2 2 2 2 2 2 2 2 2 2 2 2 2 2 2 2 2 2 2 2 2 2 2 2 2 2 2 2 2 2 2 2 2 2 2 2 2 2 2 2 2 2 2 2 2 2 2 2 2 2 2 2 2 2 2 2 2 2 2 2 2 2 2 2 2 2 2 2 2 2 2 2 2 2
left_child=1 3 25 5 12 6 11 111 42 14 43 16 15 -10 29 33 51 18 19 -3 63 -22 -14 24 108 124 27 -27 60 -7 31 32 -9 88 38 122 -20 -37 94 40 -40 -42 -6 -8 45 -45 -47 -23 -29 -17 -51 -1 119 54 -54 -56 -57 -55 -59 104 -16 -62 -46 -21 65 66 -15 68 -67 -69 -71 73 -73 74 75 -66 77 92 79 80 -12 -81 -83 -84 90 86 -39 -87 -4 -90 91 -53 93 -35 -13 -64 97 100 99 -99 -61 -102 -100 -32 -28 -106 -107 -36 -24 110 -86 112 113 -5 -115 -114 118 -76 -117 -31 -121 -122 -18 -85 -2 -126
right_child=2 17 4 7 8 9 10 30 13 -11 78 34 22 64 28 49 35 -19 36 20 21 47 23 -25 -26 26 59 48 -30 52 103 -33 -34 76 107 37 -38 85 39 -41 41 -43 -44 44 62 46 -48 -49 -50 50 -52 84 53 57 55 56 -58 58 -60 96 61 -63 95 -65 71 67 -68 69 -70 70 -72 72 -74 -75 117 -77 -78 -79 -80 81 -82 82 83 123 109 87 -88 -89 89 -91 -92 -93 -94 -95 -96 -97 -98 98 102 -101 101 -103 -104 -105 105 106 -108 -109 -110 -111 -112 -113 115 114 -116 116 -118 -119 -120 120 121 -123 -124 -125 125 -127
leaf_value=0.0020959915765869533 0.0015320687544039316 0.0039369246607886751 0.0030798220976397308 0.010997474879680133 0.0010669938733284341 0.0074580411989490008 -0.0030314677610749903 -0.01224288917535509 -0.0075564385010706697 -0.011850104084366998 -0.0026167378164342488 -0.01823139712102308 0.00026635985724640453 -0.0036020885329104018 -0.0063469771875694532 -0.0095854208636347946 0.0097642814484324904 -0.011972985202421463 -0.019997437099731605 -0.021724519403626276 0.0018699539708974845 -0.0057619420890904095 -0.014916003443634536 0.0012845320599518385 -0.022139860388105882 0.0037565475451901693 0.00015818757044532892 0.00011395596759283005 0.0023463094871198401 -0.0050793907691083348 0.0014099447226816374 -2.9529851152459028e-05 -0.0017009231176644012 0.01302222598583533 -0.0081743451747766007 -0.0051541246138212746 -0.0048671582075747013 0.0010213910835621585 -0.0030917208255193075 0.0035795667342678806 -0.022295909085344717 -0.0040713984807179996 0.0030671965284180627 0.0028725854509672856 -0.0020055253992524126 0.029787122262183253 0.0040638936332874232 -0.0020557208608286194 -0.01549885124075299 -0.0039812299567148005 0.0074869201870867257 -0.00086068498442274288 -0.0076964224870791241 -0.003292306600753205 0.007642689338914572 -0.010051818253554461 -0.0015217626020994585 -0.0027642620596344445 -0.017897456450846241 -0.0015722805779611179 -0.02573340255876097 -0.0051464880858896065 0.0074039520987893067 -0.0055301572474337262 0.00080824616323304794 -0.0022591882663951946 0.0056276517525895532 -0.011670437305013347 0.011031821765907232 -0.0031210503314127169 0.0025989937372152645 -0.0086201740122109557 0.001337182405224297 -0.00048549138393547782 0.0082069511540716067 0.01128785653770692 -0.00015312956151279712 0.012810387137163766 0.0012944673411151532 -0.0072251254344044757 0.0032069446778487574 0.004015009306539568 0.0034354983355560091 -0.0018672001586301052 0.004998187618626403 -0.0034540595611450859 0.014154522266562079 0.0073673960489054847 -0.011251946342546814 -0.0008186450855937284 -0.0037692993286623281 -0.022102017941332094 -0.00074510261503935873 0.0010454021372812052 -0.0039585707520564135 -0.0026165250939721696 0.0034526596471929102 0.016343064759920315 0.031109051523007972 0.0043263841904236369 -0.00034477758005811823 0.013715291022744353 0.0061948688587481855 -0.0044005864113057687 0.00074681547372366659 0.0025986757307688026 0.0095453809254526789 -0.0012082324543720229 -0.0040816638443373198 -0.0045243200319150098 -0.004103032338766497 -0.0016038708399952798 0.0041892541834409897 -0.012541315317236564 0.0005728118257906558 0.0052254268405702211 -0.0044289028442973796 -0.00073281442941687904 0.01899099768188886 -0.00073526275053248261 0.011415119360890284 -0.00040724518890869341 0.00024743282732251026 -0.012012889846133384 0.0025715900865559138 0.010309635471460346
leaf_weight=258.32755913678557 1924.6700259338832 178.96763704577461 93.311722590820864 90.513972398359329 4281.0078894559992 72.48540599620901 104.96276135509834 205.77268053055741 228.13243719073944 323.82354874338489 472.24080329213757 125.92249189061113 225.47246824088506 155.87744910095353 319.07805453788023 205.92663887201343 151.96134948125109 209.62559116224293 66.378261422971264 46.663050791015849 311.46809998340905 1975.4915089593269 59.027051707729697 102.19035879301373 73.552815881208517 139.00680764578283 280.54037667321973 55.647534869145602 68.525935459299944 183.45530741801485 2559.8089231357444 961.25994806806557 202.55429988296237 90.393185216351412 182.34345875668805 301.12773960281629 117.62240646977443 207.94657444348559 178.13836127554532 129.41696968919132 71.440400851424783 69.987363228923641 5141.2860503580887 84.235796254361048 158.46128723479342 36.061965970089659 32.811686141067185 1012.5761517171049 65.561219834722579 401.91815031832084 72.464051393675618 60.241100928164087 322.10604860424064 284.55853514233604 93.427905891207047 119.18695042899344 1399.6916090472369 103.17350218456704 119.84214164933655 96.94356721395161 46.066938020754606 62.697672887239605 445.07632312329952 101.74683098914102 129.06526435469277 157.92192442237865 419.67822710878681 101.3779915709747 112.26173502835445 1866.7228017695015 362.0780991492793 190.2193128549261 649.34893076703884 460.13554265745915 95.585388779523782 278.13552593125496 1315.7217491995543 74.054868291481398 1917.3718860220397 424.59074658702593 675.60052369406912 160.94967427174561 107.15581766876858 153.96706278354395 239.32749640825205 373.53668128978461 69.200686194002628 78.753285530023277 146.60002188349608 144.96116043324582 223.71821535076015 65.348174705402926 314.5690507851541 145.05848094786052 72.388276246725582 71.697596146259457 225.6572053313721 102.54620643868111 50.308449342381209 226.82459961622953 60.630608084145933 111.72346347314306 34.279910765239038 210.67991811141837 238.95356779720169 245.78580529103056 523.63872673758306 581.32085794839077 385.57316071551759 808.05598482047208 265.44645978335757 206.50857727508992 1386.3346192750614 67.144766283687204 290.67625410365872 85.072104357532226 53.877793935942464 320.47424762952141 123.18209469155408 422.509435432381 102.55653933365829 85.069452870753594 143.59293588669971 119.37475413829088 1046.181275499519 307.77615638019051
leaf_count=527 3241 367 151 227 7937 201 194 476 429 730 898 416 399 330 576 443 320 560 263 220 631 4293 193 251 283 278 453 95 147 355 4273 1636 285 241 410 517 228 307 277 215 280 120 9365 187 278 213 49 1943 212 712 166 112 709 493 208 256 2496 197 377 138 249 110 825 163 189 273 803 257 238 3536 652 382 1042 733 213 598 2043 190 3301 835 1231 324 182 217 459 705 196 185 314 218 420 256 464 200 120 103 374 290 268 417 98 273 81 354 367 445 1023 1093 745 1527 546 316 2436 189 504 168 85 454 391 673 231 121 236 276 1834 648
internal_value=-7.45813e-05 -0.00154943 0.00138057 -0.000878756 0.000580133 -0.00188594 -0.000932758 0.00126804 0.00121402 -0.00408703 0.000828345 -0.00280662 -0.00187029 -0.000406559 -0.00335314 -0.000791691 -0.00152266 -0.00489028 -0.0044255 -0.00395979 -0.00439791 -0.00391779 -0.00556366 -0.00763579 -0.00940153 0.00398867 0.005556 -0.00258883 -0.00808036 -0.00258724 -0.000152705 -0.00232713 -0.0074114 0.000326197 -0.00567962 0.000774097 -0.0120283 -0.000673989 -0.00850818 -0.00546502 -0.00915676 -0.0151967 0.0021644 0.00498 0.00607113 0.0131841 0.0217527 -0.00453528 -0.00938468 -0.00450426 -0.00192625 -0.00310366 -0.00287031 -0.00379044 -0.00274856 -0.00165438 -0.00234567 -0.00743862 -0.0118656 0.0065445 -0.00982629 -0.0169668 0.00404511 -0.012967 -6.37286e-05 -0.00107007 0.00305934 -0.00200828 0.00366932 -0.00270281 -0.00216881 0.00143219 -0.00108553 0.00307768 0.00504094 0.00820744 0.00125582 0.00413732 -0.000154241 -0.00147303 0.000796381 -0.00413435 -0.00149219 -0.00394739 -0.00393788 0.00126792 0.00520235 -0.00126137 -0.00412707 -0.00654438 -0.00801565 -0.0137107 0.00246128 0.00645173 -0.0140256 0.00592876 0.00893582 0.0105595 0.0133478 0.00895834 0.00550768 0.0092476 0.0245899 0.000929277 0.00471886 0.00594606 0.00748078 -0.0030858 -0.00624118 -0.00272074 0.000221438 0.00380164 0.00435286 0.000634526 -0.0025025 0.00533575 0.0105017 0.00164485 0.0145082 -1.91227e-06 0.00165124 0.00654516 0.00552543 -0.00693467 0.00277929 0.004487
internal_weight=48751.1 24214.3 24536.8 20193.7 18800.1 13750.4 9622.1 6443.39 14949.3 4128.25 4964.56 4657.54 3850.79 5527.01 3804.43 3004.98 3246.58 4020.54 3810.91 3626.91 3447.95 3299.54 845.816 620.343 518.153 5736.68 2458.05 260.216 496.369 3308.06 4140.08 1369.59 408.327 2324.67 1410.96 1326.12 184.001 1030.56 647.294 448.983 319.566 141.428 9422.29 933.307 828.345 153.109 68.8737 2988.07 121.209 680.309 474.382 1920.46 3235.58 2441.99 1934.41 1612.31 1518.88 507.574 223.016 2197.83 427.843 108.765 675.235 148.41 5298.88 3175.92 575.556 2600.36 270.184 2330.18 2228.8 2122.96 839.568 1283.4 823.26 407.201 1939.8 624.076 4031.25 2113.88 1147.84 966.038 541.447 380.498 1662.14 729.437 277.147 452.29 384.873 291.561 349.307 125.589 550.021 235.452 198.311 516.774 908.914 683.257 413.959 329.371 269.298 172.354 84.5884 2770.49 1288.92 1008.38 769.425 763.664 444.6 1312.83 504.774 2303.31 2096.8 448.335 357.821 1648.47 262.132 416.06 208.254 793.591 610.135 187.626 295.554 273.342 3278.63 1353.96
internal_count=91473 46494 44979 37826 34444 26486 18357 11340 27431 8129 9113 9244 7013 10129 7399 5142 6313 8668 8108 7617 7250 6867 1871 1472 1221 10535 4812 585 1082 6317 7024 2397 761 3821 2931 2466 491 1910 1428 892 677 400 17302 1849 1655 449 262 6236 307 1321 878 3847 6116 4736 3669 2960 2752 1067 574 4227 935 359 1206 383 9700 6089 1133 4956 511 4445 4188 3611 1424 2187 1454 787 3138 1095 7264 3963 2129 1834 999 675 3320 1393 503 890 683 532 788 368 905 441 536 928 1939 1565 1056 707 509 371 349 4627 2288 1835 1468 1503 938 2532 1005 4316 4000 920 693 3080 644 667 559 1380 1025 352 556 493 5723 2482
is_linear=0
shrinkage=0.0200396


Tree=51
num_leaves=127
num_cat=0
split_feature=18 21 21 18 21 21 18 21 21 18 18 21 21 18 42 12 12 20 19 18 44 5 23 21 44 12 21 0 21 18 80 5 11 35 18 32 80 17 12 33 23 21 12 21 11 36 19 70 30 21 34 18 24 5 32 37 11 43 25 24 1 21 39 18 21 39 21 80 30 38 15 44 18 0 73 38 80 40 18 19 32 19 36 19 4 29 34 33 39 42 9 18 37 38 33 4 37 20 21 44 42 30 4 44 5 23 74 18 69 18 32 73 12 3 21 20 11 17 12 20 24 37 29 70 29 10
split_gain=253.804 120.541 108.373 80.228 82.9724 80.1382 50.7076 64.6096 43.2076 51.6172 39.3006 41.9865 40.9092 46.2994 41.7423 37.911 36.8443 38.1734 37.225 38.0188 36.5003 36.196 39.061 36.0829 35.5309 35.5267 32.6526 32.2827 32.192 34.81 30.7104 37.3068 30.4673 30.3121 29.3041 28.7561 28.6187 27.952 27.6395 27.625 27.4102 26.9307 26.7179 25.8979 25.7955 28.4119 30.802 25.9083 25.7131 31.6897 25.1995 34.4777 24.8584 24.4816 24.0554 24.012 27.7418 23.9051 23.7859 23.7448 23.173 38.0809 21.9821 26.5533 24.1635 29.6842 37.3307 34.2552 24.0464 21.9644 21.3055 21.1877 21.1461 21.1435 34.1478 21.0921 21.0776 23.6869 21.6099 35.8409 20.9377 26.7506 21.947 27.2246 20.8899 20.818 20.7847 20.5456 20.3994 20.3003 20.0676 19.9261 22.7765 26.9679 19.9041 22.4281 20.8288 19.8047 19.7911 26.1375 21.1523 19.5855 21.7956 19.4596 19.3739 19.2678 19.1953 19.0837 20.8985 19.0737 18.6737 18.5054 18.4867 18.4816 23.2092 27.3932 18.4066 18.2859 21.2837 21.462 18.182 18.0506 17.9972 17.8079 17.5206 21.3099
threshold=-0.055688397958874696 -0.0837075039744377 -0.0465041697025299 0.086003046482801451 0.072161644697189345 0.10808210447430612 -0.19163300096988675 -0.20365619659423825 -0.27485568821430201 -0.39823217689990992 0.17358103394508365 0.22803078591823581 0.36144964396953588 0.33461624383926397 0.21616413444280627 0.33658257126808172 -0.15194953978061673 0.045095199719071395 -0.17582733184099195 0.060649557039141662 0.16309143602848056 0.37500000000000006 -0.018849961459636685 -0.47177676856517786 -0.47553677856922144 -0.0086009171791374666 -0.0099422708153724653 -0.38778407871723169 -0.60776138305664051 -0.66585803031921376 -0.12446993961930274 -1.0000000180025095e-35 -0.043398523703217499 -0.070196412503719316 0.014503159094601871 0.050277233123779304 0.095077309757471098 -0.10578167438507079 0.65768349170684826 -0.14388403296470639 -0.083993550390005098 0.48717127740383154 -0.11181192472577094 0.54490056633949291 -0.18296238780021665 -0.059440560638904565 0.55588057637214672 0.22795066237449649 -0.2282193452119827 -1.4608723521232603 0.023519016802310947 0.1745371297001839 -0.16789521276950833 1.0000000180025095e-35 -0.35770565271377558 0.17593701183795932 0.087643403559923186 -0.78662651777267445 0.19414404034614566 0.23932125419378283 0.16619318723678592 0.044579859822988517 -0.17844834923744199 0.28136509656906133 0.29666452109813696 0.059953665360808379 0.23123797774314883 -0.1261378079652786 0.31220573186874395 0.28110048174858099 -0.19110493361949918 -0.16377950459718701 -0.018661018460988995 0.19744318723678592 0.14601363986730578 -0.0035885166143998499 -0.1497680991888046 0.1897482052445412 -0.12015222758054732 0.32694143056869512 0.10234196111559869 -0.14509712904691693 0.17132867127656939 0.21248348802328113 -0.17199221253395078 -0.20977805554866788 0.24836977571249011 -0.24676206707954404 0.023467077873647216 0.11218403279781343 0.54365184903144848 0.53065726161003124 0.034117799252271659 -0.041866028681397431 0.61394944787025463 -0.26055346429347986 0.053141593933105476 -0.19077220559120175 0.18697883188724521 0.074235953390598311 0.63311004638671886 0.065179865807294859 -0.40606333315372461 0.13773671537637713 -0.37499999999999994 -0.081563688814640031 -0.080450668931007371 -0.25816884636878962 0.11897274479269983 -0.058602133765816682 -0.21189396828413007 0.10297302156686784 -0.17488531768321988 0.38402506709098821 0.020205260254442695 -0.036269357427954667 0.1860049590468407 -0.26549690961837763 0.2253440320491791 0.15922895073890689 -0.22861832380294797 -0.21477559953927991 0.08377257734537126 -0.15224128961563108 -0.014415618963539599 0.091771431267261519
decision_type=2 2 2 2 2 2 2 2 2 2 2 2 2 2 2 2 2 2 2 2 2 2 2 2 2 2 2 2 2 2 2 2 2 2 2 2 2 2 2 2 2 2 2 2 2 2 2 2 2 2 2 2 2 2 2 2 2 2 2 2 2 2 2 2 2 2 2 2 2 2 2 2 2 2 2 2 2 2 2 2 2 2 2 2 2 2 2 2 2 2 2 2 2 2 2 2 2 2 2 2 2 2 2 2 2 2 2 2 2 2 2 2 2 2 2 2 2 2 2 2 2 2 2 2 2 2
left_child=2 36 6 4 16 50 8 94 9 28 11 20 14 41 38 58 17 18 24 32 37 22 -10 53 -3 35 42 -23 29 40 -19 112 71 -27 44 -13 72 39 62 -7 48 85 -18 -15 -28 46 47 89 -1 -50 51 52 120 59 69 -47 -57 -56 98 -11 61 106 -12 64 65 101 67 -67 84 123 -31 -20 -2 97 -75 -4 77 122 79 80 81 121 83 -83 -68 -14 124 -51 -35 -46 -43 -45 -93 -94 95 96 -8 -54 99 -6 103 102 -64 -100 111 -87 -52 108 -25 -80 -42 -104 -32 -77 115 -115 -99 -97 -119 -120 -5 -78 -9 -30 125 -65
right_child=1 3 75 5 15 10 7 76 21 23 12 25 13 43 -16 -17 26 30 19 -21 -22 27 -24 107 -26 33 34 -29 54 70 31 -33 -34 88 -36 -37 -38 -39 -40 -41 110 90 -44 91 45 55 -48 -49 49 87 60 -53 73 -55 57 56 -58 -59 -60 -61 -62 -63 63 86 -66 66 68 -69 -70 -71 -72 -73 -74 74 -76 113 78 -79 109 -81 -82 82 -84 -85 -86 105 -88 -89 -90 -91 -92 92 93 -95 -96 117 -98 116 100 -101 -102 -103 104 -105 -106 -107 -108 -109 -110 -111 -112 -113 -114 114 -116 -117 -118 118 119 -121 -122 -123 -124 -125 -126 -127
leaf_value=0.0072376360964200893 0.004449017087972797 0.0024250988059743841 -0.0083140271998413361 0.002499569594011626 -0.0049522762398387854 -0.00061826720479095105 0.0021546333762475578 -0.011425957892729764 -0.0013485506219802173 0.012946972887300727 -0.0076756753705676407 0.0067774434335511266 0.0034050537969772818 0.0039921944517423051 0.0096720944419713996 -0.013578266340214046 0.0073557640561464355 -0.014908581995673064 0.014771326313649925 0.012462399155108861 -0.0085702769048854929 -0.022279150099341855 -0.0064669555262061749 -0.0032985029133479398 -0.0064112593907680584 -0.0043139107632588387 0.0043828388007869394 -0.0065741616493410577 -0.010162412327177255 0.0063134684464252501 0.0034806531178024768 -0.0070261678501307937 -0.00037063861896404501 -0.0028636616195018378 0.0014128464183968598 -0.0036856873275366263 0.0033877267560231492 0.0015411768809971275 0.010664174868965917 -0.010089403867300478 -0.018146329030319611 -0.01763094387617312 0.0019857548651893344 -0.0025819595053533338 -0.022121273003651777 0.0038078042243945049 0.0025641312194787562 -0.00051522740828185986 0.0042328835416650858 -0.007500085346382206 0.018409422835247456 0.011936532364044256 0.011987165137601818 0.00097092768046791748 -3.4713131452742766e-05 -0.00097613284305696397 -0.013468846516348623 -0.010221733334339926 0.00014776503299341093 -0.0010427556353887026 0.00046981400050187549 0.00033889801554561711 -0.0068969252187651977 -0.0028377371874094641 -0.0036680830524378014 0.015479905046125847 0.0010808966233280494 0.0043121162357406366 -0.0017366356855406913 0.0039773190349793285 -0.00076723478560118219 0.0023826127759663668 0.010671811217076622 0.020845886911320079 0.003463268649612695 -0.005597358987842113 -0.003452692929181652 0.0050811127934598122 0.0012316421891551172 0.0042262710392146066 -0.006957098991915496 0.0031522037955255926 -0.0069396001587033896 -0.0066373726509240298 0.011350437234371449 -0.0089100348178480279 0.013930654076433192 0.0014158288312742053 -0.02014853332132089 -0.0052740188226026363 -0.0017688192789005869 -0.00086659361312083983 0.00044888031986642704 0.011664740640892273 -0.0061932202783980097 -0.0016447437057531913 -0.0067039444444784071 0.0040527487632246208 -0.015271472075065849 0.00044497838651844259 0.00011791387599763346 -0.0043608328552265981 0.0029085240949468538 -0.0011147742248562966 0.004539638703132157 -0.0018090872580572937 0.0062835106053126611 0.0022414833559838442 0.002854483138848151 -0.0078469662265335666 -0.0017024020940342821 -0.0099705667676499559 -0.0055297943308149893 0.011829946080893187 -0.0052200170488522673 -0.00089269796929284534 -0.0042584372220384852 0.0043030490737876424 0.01794934163702968 0.0048101419944109663 -0.0075143546754913105 0.0064571235176603507 -0.003502209085555116 -0.0021854433451322492 0.0064662561952653049 0.0048072358798533603
leaf_weight=80.70417550264392 515.0980249105487 255.84356784494594 798.31418115715496 159.50908853847068 1143.9005744729657 483.00109838298522 787.0252251616912 140.17865840159357 1568.6728760944679 187.54159180249553 70.418148276861757 122.16359576408286 198.93436333246063 955.98719548701774 299.93213737581391 126.37734330201056 464.09546232095454 82.028789460775442 70.279461337602697 98.619255185476504 158.47318902390543 50.885260621202178 967.07410537917167 915.35304630745668 521.28709854523186 296.45009940583259 141.37797199282795 324.1448738334002 137.29966111900285 283.83295238681603 311.45752312231343 468.27277182217222 1283.8862606865587 48.098384292796254 1794.8238880420104 345.06735043448862 2076.3660236855503 2576.6214123985264 124.82482805219479 143.81747650157195 56.329207685193978 62.244536827667616 1730.9181957247201 710.39960124529898 85.048407625406981 193.9335803524591 57.180965767707676 55.782457388471812 151.35721192520577 433.30686799343675 56.638329673791304 246.52834473131225 101.94138536218088 246.98380161053501 110.45955960999709 254.3705371809192 77.271072850679047 467.25840340740979 657.12196387595031 56.085312776151113 1372.0623104041442 399.9681705951225 88.939295074203983 257.07402085151989 356.4097010649275 131.68391384510323 227.16555523872375 501.51300579938106 554.45680710591841 135.85039327386767 365.18840744241606 165.17793964105658 469.21234992379323 62.902117613703012 121.25165228999685 1445.2978865707992 90.029948502313346 75.579076692927629 1890.9574666273547 271.5581209360389 445.06428085651714 283.63878012821078 390.56538126489613 155.62600388925057 103.94097049615812 178.86312521388754 69.231883626780473 121.85557696432807 94.970618412597105 66.565681315842085 61.370674670906737 468.20119671628345 184.0574088365538 142.48028756969143 66.95297809294425 119.06145496468525 97.408166310633533 1650.1207324002171 151.96672698715702 509.81135086377617 73.333845105371438 375.0313387560891 72.255356636364013 55.973261283128522 462.97595133353025 720.25308761175256 325.6509607010521 700.81433046481106 267.09254604752641 72.21897755889222 51.280205756425858 62.050178989768028 100.38694641960319 63.692659292370081 307.27811187540647 271.14881296805106 92.731540918815881 704.43447995022871 93.702251282869838 132.91831531154457 95.66109885496553 195.00940577650908 539.89432466239668 446.81955899042077 476.56547122786287 280.23832241655327
leaf_count=165 986 447 1801 264 2411 801 1246 336 2856 481 223 229 374 1705 688 336 874 243 194 234 400 226 2046 1740 1006 498 301 653 319 526 551 834 2335 74 2866 554 3624 4378 306 311 187 236 2813 1233 326 349 120 99 332 865 205 557 264 438 175 395 205 949 1211 145 2292 738 183 535 628 376 328 839 906 274 639 264 1078 228 200 2956 211 168 3203 475 988 488 747 281 227 358 196 190 342 119 87 814 321 321 122 237 245 2832 417 908 159 699 128 87 734 1133 652 1093 546 140 64 149 177 185 653 526 184 1289 290 189 210 373 904 929 811 569
internal_value=-4.94558e-05 0.00103461 -0.00197505 0.000621538 -0.000712942 0.00147758 -0.00127149 3.9399e-05 -0.00232663 -0.00122287 0.000634031 -0.000920263 0.00144493 -0.00012069 0.00271831 -0.00373383 0.000285767 -0.00132548 3.56672e-05 0.00176698 0.000118379 -0.0042749 -0.00334704 0.000950471 -0.00349941 -0.0046854 0.00138821 -0.00994367 -0.00303466 -0.00104418 -0.00464261 -0.00330094 0.000880499 -0.0086185 -7.61378e-05 -0.000730464 0.0047956 0.000613391 0.0021687 -0.00309854 -0.00356949 -0.00327458 0.00319297 0.00145726 -0.00291919 -0.00433448 -0.00939823 -0.0126986 -0.00207219 -0.0033576 0.00370537 0.00506124 0.0041978 0.00565067 -0.00533409 -0.00146852 -0.00463051 -0.00832673 -0.00312903 0.00985797 0.00207066 0.00476711 0.00184523 0.00206056 0.0010495 0.00173344 0.00351009 0.00713036 0.000791771 -0.00273039 0.00242654 0.00713376 0.00760623 0.00493419 0.0111501 -0.00551024 -0.00127834 -0.00428181 -0.00065442 -0.0022074 -0.00338299 -0.00183099 -0.00363229 -0.000465784 0.00487851 -0.00213343 0.00471007 -0.00554043 -0.015588 -0.0164807 -0.0113371 -0.000183202 0.00196057 0.00582734 0.0030198 0.00341965 0.00101339 0.00417218 -0.00423561 -0.00329939 -0.00901339 -0.000820395 0.00118124 -0.0119843 0.00262915 -0.00342857 0.00908705 -0.000324565 -0.00186906 0.000798669 -0.0120586 -0.0035592 0.00106539 -0.00435179 -0.00143349 0.00213399 0.00355045 0.0053698 0.00630123 0.0114646 -0.00153366 0.00325239 -0.00548461 -0.00440449 0.0037605 0.00116873
internal_weight=48772.6 31208.9 17563.7 28148.2 10997.1 17151.1 14678 6551.82 8126.19 5215.41 12466.2 4268.66 8197.5 3682.79 4514.71 2718.49 8278.61 3357.24 2395.09 1617.96 3361.91 2910.78 2535.75 2373.87 777.131 906.75 4921.37 375.03 2841.54 1543.85 962.146 880.117 1519.34 439.519 2726.35 467.231 3060.68 3203.44 4214.77 626.819 894.833 1221.67 2195.01 2461.13 931.531 790.153 264.578 207.397 787.224 706.52 4684.97 2530.65 2284.12 490.611 1297.69 525.575 331.642 577.718 2592.11 243.627 2154.32 782.257 4089.95 4019.53 2936.42 2580.01 1518.76 633.197 885.563 719.97 649.021 235.457 984.31 2028.95 184.154 2885.73 4550.32 755.652 3794.67 1831.49 1559.93 1114.87 829.83 439.265 331.107 1098.05 1083.11 555.162 143.069 151.614 123.615 1505.14 794.739 326.538 2001.5 1934.55 884.433 1844.79 1934.99 1653.71 281.274 1061.25 686.221 207.94 597.281 899.116 382.289 1883.26 1182.45 1963.18 107.609 134.306 411.844 2087.42 642.12 334.841 1742.85 1050.12 931.055 226.621 255.17 285.039 680.073 584.119 1013.88 537.312
internal_count=91180 57289 33891 51601 20281 31320 27770 11932 15838 10057 22694 7587 15107 6582 8525 5529 14752 6285 4480 3027 5890 5781 4902 4443 1453 1697 8467 879 5614 2968 1805 1562 2793 914 4780 783 5688 5490 7837 1112 1803 2188 3687 4394 1914 1613 664 544 1552 1387 8626 4739 4182 1064 2646 949 600 1124 5193 626 3887 1595 7531 7308 5197 4569 2676 1215 1461 1522 1165 458 2064 3708 428 6121 8314 1408 6906 3563 3088 2100 1516 769 555 1865 2111 1055 416 445 323 2689 1456 642 3618 3496 1491 3280 3982 3319 663 1893 1194 504 1011 1491 857 3379 2286 3343 251 277 728 4320 1364 711 3016 2005 1768 479 474 584 1240 1248 1915 1104
is_linear=0
shrinkage=0.0200396


Tree=52
num_leaves=127
num_cat=0
split_feature=18 21 21 18 21 21 18 21 18 18 21 35 18 21 18 29 21 29 18 18 31 8 33 18 0 21 25 18 39 44 18 10 12 33 32 21 24 23 22 18 21 42 42 4 21 10 4 19 0 21 22 23 23 30 26 18 10 24 44 17 19 32 4 44 10 18 44 11 26 28 14 31 23 26 3 3 16 43 42 5 14 20 12 26 33 28 21 18 20 16 16 0 20 4 10 20 69 73 40 12 0 3 36 17 33 44 33 73 4 20 23 29 15 39 10 3 21 39 32 5 42 26 19 1 24 4
split_gain=229.658 119.193 118.452 77.7347 89.0681 81.6938 58.7578 56.8472 45.3012 40.9307 37.2916 36.7184 35.4314 41.3891 35.9311 37.6434 33.0823 30.9829 29.2549 28.5247 32.0242 65.627 44.9246 39.4184 27.9163 27.4623 27.2533 45.1371 39.4613 27.1162 26.9131 26.4567 38.3548 25.6489 49.8753 25.5414 35.4448 25.5149 25.4139 31.9047 25.3874 29.2958 27.4991 25.2784 24.6888 24.2844 23.9935 23.5297 54.4319 22.9271 24.7534 25.5256 23.8338 22.76 22.6353 22.5853 29.9536 24.9227 24.5318 24.2735 22.5146 22.3228 22.1768 24.1307 22.1438 22.1184 51.919 29.3974 23.911 31.5099 26.4377 21.8389 21.6216 21.5656 21.5034 21.3142 32.2194 21.0772 20.4527 20.4466 22.2042 25.9966 38.6154 24.2581 20.2566 20.157 19.8903 19.8788 27.1109 42.628 21.1593 22.0158 26.0644 19.7935 23.219 19.6143 23.3927 19.4959 20.5023 19.4337 19.366 28.5794 19.2682 18.9873 22.0067 18.7206 18.6859 19.3726 18.6604 32.2957 33.1959 24.2194 20.6223 20.5887 18.6122 18.5361 18.373 20.0698 19.8768 20.3562 22.2373 18.3697 18.3109 18.1994 18.1724 23.5531
threshold=-0.078981548547744737 -0.10166773572564124 -0.10936497896909712 0.086003046482801451 0.038806926459074027 0.12989095598459247 -0.31688533723354334 -0.29025016725063318 0.13059716671705249 1.0000000180025095e-35 -0.3871071189641952 -0.37745085358619684 0.5698031783103944 0.30307890474796301 0.28915858268737799 0.22830680012702945 0.57889673113822948 -0.40082852542400355 -0.5655512511730193 -0.25816884636878962 -0.17436068505048749 0.20304530113935473 -0.094111900776624666 -0.52575635910034169 -0.32528407871723169 -0.00096215525991283346 0.094936661422252669 0.18210076540708545 0.059953665360808379 -0.14651209861040113 -0.11758166924118994 -0.095541957765817628 0.0086009171791374701 -0.25848248600959772 -0.63241338729858387 0.44804362952709204 -0.044714730232954018 -0.070805899798870073 0.30948847532272344 0.036714788526296623 0.14849261939525607 0.17700465768575671 0.58605664968490612 0.19422595947980884 0.66228350996971141 1.727647662162781 -0.31447555124759669 -0.14835732430219647 -0.11789772659540175 0.17671584337949756 0.15994451940059665 0.50549289584159862 0.04205643571913243 -0.36284665763378138 0.17131607234478 0.1756282448768616 0.24362587928771975 0.40294981002807623 0.099279731512069716 -0.12803825736045835 -0.12559868395328519 0.066496532410383238 -0.27446910738945002 -0.13611903041601178 0.3623610138893128 0.04527618549764157 -0.093780752271413789 -0.13149327039718625 0.26657655835151678 0.24861641973257068 -0.10585585609078406 -0.044421583414077752 0.53672713041305553 -1.4507327079772947 0.3504475355148316 0.1945394575595856 0.10709344968199731 -0.36251869797706598 -0.40619015693664545 -0.37499999999999994 0.63288286328315746 -0.31632475554943079 0.048738533630967147 -0.22197803854942319 1.0000000180025095e-35 -0.27377566695213312 0.25625400245189672 0.038615768775343902 -0.50347591936588276 0.45046828687191015 0.32349844276905065 -0.35937499999999994 -0.25807870924472803 -0.39075338840484614 0.43765521049499517 -0.13354007899761197 -0.55286398530006398 0.46243442595005041 -0.05305755324661731 -0.21846330165863034 0.29687500000000006 0.21687450259923938 0.46503496170043951 0.21375665813684466 0.57291713356971752 0.11988601461052896 0.25854550302028662 -0.026437767781317231 -0.17199221253395078 -0.068572379648685441 0.21655070036649707 -0.10414473712444304 -0.16601034253835675 -0.14738317579030988 0.21293281018733981 0.069061897695064559 -0.66420781612396229 -0.097688075155019746 0.020949240773916248 0.37500000000000006 -0.039994182065129273 0.38507279753685003 -0.19408743083477017 -0.22585227340459821 0.16992391645908358 -0.4294768869876861
decision_type=2 2 2 2 2 2 2 2 2 2 2 2 2 2 2 2 2 2 2 2 2 2 2 2 2 2 2 2 2 2 2 2 2 2 2 2 2 2 2 2 2 2 2 2 2 2 2 2 2 2 2 2 2 2 2 2 2 2 2 2 2 2 2 2 2 2 2 2 2 2 2 2 2 2 2 2 2 2 2 2 2 2 2 2 2 2 2 2 2 2 2 2 2 2 2 2 2 2 2 2 2 2 2 2 2 2 2 2 2 2 2 2 2 2 2 2 2 2 2 2 2 2 2 2 2 2
left_child=2 37 6 4 9 17 10 33 49 25 18 85 13 26 15 35 62 24 73 20 23 22 -22 -4 -5 47 27 -13 -28 -29 -9 32 43 34 -8 36 -15 87 53 -40 41 65 54 71 -14 95 -46 48 99 -7 -51 52 -52 -11 78 57 60 106 74 -58 -57 -32 97 -64 -39 66 -6 -68 69 -67 -71 -21 77 -1 -59 76 -12 -49 122 -77 81 82 -81 -83 -73 105 -87 88 89 -2 91 92 -89 94 -75 -25 -97 98 -16 -3 101 -69 -65 124 -105 -10 -19 -108 109 -27 112 113 -111 -110 -31 -104 117 -20 119 120 -118 -56 -42 -90 125 -79
right_child=1 3 19 5 40 8 7 30 11 38 75 12 44 14 16 -17 -18 55 116 31 21 -23 -24 45 -26 108 28 29 -30 114 61 -33 -34 -35 -36 -37 -38 64 39 -41 42 -43 -44 -45 46 -47 -48 72 -50 50 51 -53 -54 -55 121 56 59 58 -60 -61 -62 -63 63 102 -66 68 67 100 -70 70 -72 84 -74 93 -76 79 -78 103 -80 80 -82 83 -84 -85 -86 86 -88 90 123 -91 -92 -93 -94 -95 -96 96 -98 -99 -100 -101 -102 -103 115 104 -106 -107 107 -109 111 110 -112 -113 -114 -115 -116 -117 118 -119 -120 -121 -122 -123 -124 -125 -126 -127
leaf_value=0.0052006644320313046 0.016971643710369216 -0.0027960322025988435 -0.00086295603162415187 -0.0097307251833047177 -0.011224615501402599 -0.00058881153751249281 0.0018347298028039366 -0.0013479472909566292 0.008985096688650827 0.010036885543741991 -0.0098730159801545501 0.00095424713202741469 0.010584064630878907 0.003885029240926873 0.003993008600944984 -0.010904860562897373 -0.0035986134322071109 0.0027586226233053636 0.0098169070791084539 0.0044704590929012236 -0.0010877352626906703 -0.0010957095270973764 -0.042322274340565916 -0.0038210707984479369 0.0047242365491253794 -0.010953587682805101 -0.0024624546172684753 0.017465655615839813 0.0026517270073300918 0.0076864676509583426 0.0049052068795876055 -0.0030863313776406148 -0.016026431354856166 0.002528851131838478 0.021989739415050277 -0.010446801716439271 -0.0038340508764614849 0.0091258941249229251 0.003352955210788865 0.015785342663430221 -0.0046165851923862869 -0.0047354841491251314 0.0022774166724935847 -0.014588543259961621 0.009387491588871557 -0.0014947671069027711 -0.0018197640628429864 -0.0020397043440381012 0.001366256598470919 -0.001987373352136822 -0.0028456779322572827 -0.0012542711240291777 -0.019187606087347389 0.0012301019375688075 0.00047202599024303709 0.0035866662484195528 0.00043281411076850109 0.012046671813952636 -6.1130390452931359e-05 0.0082082000318306394 0.013054420817912775 -0.0019934283562324695 0.0079277615641471615 0.00049538466908419698 -0.0013121641556313845 8.7170815420393372e-06 0.0073086970188703144 0.0020928010185104016 -0.0046643245822956762 0.013574146459796111 0.0017166294566865064 -0.010668295959163793 -0.0031484447867414309 -0.012615659181541897 0.0037966573586331481 0.0045135869229619976 -0.00039405028494631075 0.0087770748434388979 -0.0057820291163684793 0.007996236924491416 0.0023558292119686781 -0.0044014411734215877 -0.0067880266554698372 -0.015417000141219722 -0.0027955546003519032 -0.00054144942905639116 -0.0062698607898580344 0.012800123889045648 0.0090970175913441358 -0.0015883226537944087 -0.0018620241227112098 0.013020426970770726 0.0011521697278339771 -0.0024325106427943743 -0.0026229500232635905 -0.0072289564196912001 -0.031533582384971059 -0.0009388651136569932 0.013315200724173913 -0.01031591004466305 -0.0090276214575070717 -0.0054070156312372537 0.0018697672379916826 0.0088862773977714336 0.0011379376898537753 -0.00053264938419815024 0.0021257611337784183 -0.0060176675201653162 -0.001060668603105842 -0.0021302497175381308 -0.0043399201500164842 -0.0030777645318977105 0.010201232361502317 -0.017242539123955125 0.00044541899233111924 -0.012427954526860015 0.0087130891854740739 -0.00046875815402940962 0.0084657693584156684 -0.0036615046008530647 -0.00032643796620966995 -0.0097853162448874997 -0.019808386351344187 -7.3634885099337958e-05 -0.0068483394595036176 0.00086814826106419924
leaf_weight=87.226836442248896 87.399559371988289 332.25095649750438 259.17987411795184 113.38935550372116 212.25778925640043 947.92307876097038 129.04603851935826 4405.6386417999165 77.687572203110904 99.149811217794195 557.54100304585882 827.18958565674257 255.33424930064939 395.87041095248424 333.98945193935651 192.17452521214727 462.21686635445803 3350.5388086733874 134.16978649026714 93.544008186669089 15.361765125417149 49.131174815585837 23.505697189946659 47.690046366071329 66.654243905912153 67.076546268537641 836.9388575454941 80.738277407479472 2018.0397048853338 586.62509766395669 531.04041062004399 2846.4601250280393 138.58562138176057 1378.9209770743037 61.254952678224072 92.219026663107798 526.7116397076752 703.08875063038431 346.09022720239591 94.257472189259715 67.606544615002349 1141.7789105485426 126.53898558206856 78.106754343607463 90.562519557657652 63.968381641199812 205.77002684352919 365.76913370518014 906.06806579534896 394.53984772018157 63.998568549752235 99.609198699938133 104.86629686539527 2751.6294514471665 218.09512672445271 183.92238095297944 460.00443228310905 280.75889656355139 182.32470488722902 227.66430201288313 303.02250771073159 264.82478584849741 125.08181462332141 773.39174126647413 82.447565797017887 767.71362814272288 129.41417255136184 490.7718428914668 223.66703952662647 127.97336318402085 168.03880106657743 164.05214521999005 327.58805630984716 180.51341740996577 278.49679202621337 110.52979043440428 195.94778173940722 159.04851479106583 271.46437663037796 100.20713636057917 159.24292574252468 245.61353621864691 138.45910615345929 124.20391526515596 543.02148309350014 468.63831747579388 501.00595605815761 84.011146350181662 69.851987391710281 79.678691463777795 94.953300463268533 193.47006906813476 288.17792949045543 1007.9418405832257 205.13719483849127 49.568397390539758 32.549357894691639 145.25295890390407 133.22386103926692 253.35386189958081 114.67874016391579 312.70739717409015 45.927078037988394 365.43859655596316 252.87615135568194 409.24677557381801 235.33100350177847 189.76802299567498 49.622684277477674 63.642752719228156 162.52494360483252 477.38948900694959 164.03932470735162 86.055033125332557 192.64674780145288 74.151474714162759 103.52827631274704 137.34029964671936 68.230429646093398 640.17755651904736 701.62159244448412 75.361407470307313 108.56031311058905 977.9267730792053 71.401866449275985 905.49695963470731
leaf_count=178 261 510 462 222 556 1601 303 7991 202 199 1262 1337 579 638 535 450 845 5890 273 242 22 102 312 77 135 198 1641 270 3490 1207 900 5262 459 2416 267 250 892 1403 557 269 143 2149 268 276 190 104 355 543 1480 684 136 133 367 4765 388 310 721 594 340 447 835 451 224 1135 112 1161 217 952 409 327 222 357 501 497 489 200 354 399 556 224 243 425 269 347 1044 719 916 214 144 133 134 531 453 2086 283 102 226 259 322 495 264 630 92 723 361 792 380 386 90 170 264 836 396 286 329 206 269 224 148 1143 1231 175 396 1760 168 1483
internal_value=-3.22621e-05 0.000927785 -0.00199356 0.000567122 -0.000612326 0.00144221 -0.000931422 0.000277432 0.000454228 0.000622772 -0.00259771 0.00096558 0.00147616 0.00111868 -0.00058463 -0.00330485 0.000998581 0.00335935 -0.0013403 -0.00478481 -0.00907723 -0.0190469 -0.0326197 -0.00625931 -0.00436643 -0.000516203 0.00235505 0.00435935 0.00114084 0.00751034 -0.000732114 -0.0041291 -0.0068983 0.00359048 0.0100902 -0.00163633 -0.000496784 0.00497402 0.00235084 0.00671404 -0.00285602 -0.00210134 -0.00591132 -0.00505907 0.0062794 -0.0125368 0.00203477 0.000259811 -0.00170389 -0.00263436 -0.0054241 -0.00986884 -0.014139 0.00162279 -0.00735706 0.0036237 0.00610403 0.00294763 0.00626975 0.00321444 0.00982593 0.00260208 0.00234232 0.00048739 0.00800254 -0.000883234 -0.00274788 -0.000806734 0.000951176 0.00222129 0.00749521 -0.00371445 0.00146588 -0.00339869 0.00827664 -0.00505287 -0.00750379 0.00221217 -0.0101109 -0.00279735 -0.00397051 -0.00567386 -0.000384848 -0.00883662 -0.00492688 -0.0019453 -0.00358972 0.00361629 0.00201641 0.00894745 0.00636889 0.00779685 0.00443421 -0.00402687 -0.00778265 -0.0168816 -0.0218607 0.00527753 0.0071917 -0.00633831 -0.002121 -0.000887592 -0.000728879 0.00312124 0.00588883 0.00131932 0.00225669 -0.00160978 -0.00332424 -0.00020676 0.00215836 -0.00554218 0.00681707 -0.0123814 0.00597348 -0.00743358 0.000384494 0.0049524 -0.000493455 -0.00105844 0.00104501 -0.00268531 -0.0152492 0.000723122 0.00151579 0.00222839
internal_weight=48924.9 32851.9 16073.1 30190.8 12857.4 17333.4 11668.4 6770.73 11461.6 8300.77 4897.63 9850.63 8394.06 7842.39 3300.21 1206.98 2093.24 5871.88 3265.89 4404.72 540.955 87.9986 38.8675 452.956 180.044 5009.64 4542.18 1687.2 2854.98 860.01 5201.5 3863.77 1017.31 1569.22 190.301 1014.8 922.582 2661.01 3291.13 440.348 4556.63 3689 867.627 878.724 551.667 193.776 296.333 3939.29 1491.67 1610.94 663.014 268.474 168.865 2850.78 741.088 5691.83 1174.61 4517.22 741.58 687.669 486.945 795.865 1631.02 1018.55 785.536 2547.22 1259.83 1047.57 1287.39 1063.73 296.012 800.618 2447.62 1480.82 559.256 1631.75 753.489 2120.03 447.631 878.256 767.727 608.484 238.666 369.817 707.074 1456.58 969.644 1875.47 1214.86 167.078 660.612 565.659 372.189 1393.59 385.651 129.808 82.1178 612.466 467.213 585.605 918.158 803.479 893.47 1754.26 618.315 486.934 3775.64 425.099 1070.35 457.284 390.207 613.067 227.682 135.678 779.272 120.079 1785.07 271.51 1513.56 1445.33 805.15 293.457 176.167 1047.78 1135.95 1064.55
internal_count=91227 60196 31031 55051 23506 31545 21984 12328 20796 14693 9656 17875 15246 14122 5848 2230 3618 10749 6332 9047 1407 436 334 971 357 8903 8274 3143 5131 1806 9342 7640 2378 2986 570 1780 1530 5145 5790 826 8813 6887 1926 1919 1124 509 545 6663 2485 2921 1320 636 503 4964 1658 10392 2313 8079 1423 1168 1145 1351 2773 1657 1515 4738 2619 2063 2119 1710 549 1643 4178 3044 1083 3324 1616 3677 1095 1708 1508 1265 493 772 1401 2629 1635 3630 2298 394 1332 1198 667 2866 780 405 328 1116 857 1005 1846 1582 1433 3134 1084 994 6656 766 2240 1028 830 1212 566 376 1536 298 3288 497 2791 2643 1500 563 539 1904 2050 1882
is_linear=0
shrinkage=0.0200396


Tree=53
num_leaves=127
num_cat=0
split_feature=18 21 21 18 21 21 18 18 21 21 18 21 21 35 18 21 18 18 10 12 3 37 18 40 10 4 32 4 35 36 19 44 3 37 37 42 36 18 10 28 19 23 18 12 38 12 12 0 0 12 44 44 23 17 42 32 19 21 18 31 18 12 31 31 18 21 3 33 19 3 18 18 31 20 21 4 3 21 19 39 21 32 18 69 69 18 37 32 21 13 20 31 11 20 23 20 31 32 15 38 31 17 24 12 28 33 19 31 21 44 23 11 20 28 24 15 9 0 18 12 44 26 38 12 16 21
split_gain=233.625 129.01 115.045 79.6564 73.5691 66.2505 61.5904 59.9049 59.2476 53.0013 58.467 36.5715 34.1685 31.0642 41.2608 29.0901 34.3847 28.8114 28.5072 30.2963 28.3925 38.1784 37.2421 36.7171 35.8796 35.1529 28.1718 69.6535 30.3253 30.0269 27.9949 45.6969 29.7009 27.6853 51.9965 27.4913 29.1038 27.4042 27.1798 27.1572 26.4435 26.263 50.2022 29.6096 27.6983 26.2133 26.1966 29.6119 26.0709 45.7873 40.8611 25.102 25.0597 46.7854 28.0711 28.1819 26.5678 34.5894 23.96 23.9053 25.6983 23.8636 29.5271 29.757 23.7028 25.3617 61.8827 42.4737 37.3085 36.8383 29.468 25.7464 24.0843 23.551 23.3637 28.9066 22.717 21.4909 21.0587 24.192 28.2552 20.5976 25.0341 20.3593 31.2868 20.2619 20.2412 20.2095 20.0697 19.4395 19.2612 19.2399 45.3016 33.4134 27.445 34.5926 26.3302 23.2332 19.1847 19.0895 18.9949 35.2764 40.6201 34.5329 22.2932 32.0234 29.0482 26.6014 22.1507 18.7706 43.6705 18.6837 31.8001 20.3336 20.6712 18.6013 18.5146 18.4815 31.2691 18.4618 18.4158 18.2553 18.1145 18.0522 17.9402 17.9132
threshold=0.014503159094601871 0.013790891505777838 0.026619628071784977 -0.084713649004697786 -0.10936497896909712 -0.088839001953601823 -0.31688533723354334 0.089486967772245421 -0.27485568821430201 0.1703014746308327 0.13059716671705249 -0.3871071189641952 0.1196279674768448 -0.37745085358619684 0.5698031783103944 0.41853751242160803 0.39357267320156103 -0.5655512511730193 0.33133631944656378 0.42603211104869848 0.39443531632423406 -0.21139292418956754 -0.25816884636878962 0.26169064640998846 -0.10639197379350661 -0.028517822735011574 0.19030997902154925 -0.26055346429347986 -0.18939508497714994 0.44405594468116766 -0.14835732430219647 -0.47553677856922144 -0.36201974749565119 -0.17202954739332196 -0.10444118082523345 0.17700465768575671 -0.16433566063642499 0.066624637693166747 0.24920769780874255 -0.26085181534290308 0.19647823274135592 0.052877759560942657 -0.16801216453313825 -0.10722476989030837 -0.2045454531908035 1.5464449524879458 -0.11066513881087302 -0.072443179786205278 -0.16335227340459821 -0.20126146823167798 -0.4095297902822494 0.013144107535481455 -0.040699712932109826 0.17341435700654986 0.12880654633045199 -0.43478402495384211 0.0003242144593968988 -0.11577934771776198 -0.10247534886002539 0.059059230610728271 -0.39823217689990992 0.13360092043876651 -0.079643499106168733 0.046409562230110175 0.2052363604307175 0.27998717129230505 -0.35044753551483149 -0.046425940468907349 0.27938097715377813 0.28738254308700567 0.24641002714633944 0.29533354938030248 0.16768030077219012 0.1630121320486069 0.66228350996971141 -0.30799929797649378 0.43606831133365637 0.59813982248306286 -0.0092155686579644663 -0.13415716588497159 -0.45702372491359705 -0.21189396828413007 -0.20300517976284024 0.074014510959386839 -0.50440618395805348 -0.050545189529657357 0.31355805695056921 -0.09088339656591414 0.25625400245189672 0.32789146900177008 0.016638056375086311 0.26461352407932287 0.087643403559923186 0.040732916444540031 0.055206734687089927 -0.068572379648685441 0.028114247135818008 -0.0470051672309637 0.08879623189568521 -0.11842105165123938 0.70023125410079967 0.21375665813684466 0.46135161817073828 -0.27236238121986384 -0.26963223516941065 -0.026405807584524151 0.55588057637214672 0.03416752256453038 -0.048428479582071297 -0.21101503819227216 0.036954397335648544 -0.56625214219093312 -0.13354007899761197 -0.41550283133983607 -0.15315593034029004 -0.11659331619739531 -0.8781030774116515 0.22017045319080356 0.12322133406996728 0.10149082541465761 0.074235953390598311 -0.36013582348823542 -0.46531100571155543 -0.081995412707328783 0.45046828687191015 -0.069595895707607255
decision_type=2 2 2 2 2 2 2 2 2 2 2 2 2 2 2 2 2 2 2 2 2 2 2 2 2 2 2 2 2 2 2 2 2 2 2 2 2 2 2 2 2 2 2 2 2 2 2 2 2 2 2 2 2 2 2 2 2 2 2 2 2 2 2 2 2 2 2 2 2 2 2 2 2 2 2 2 2 2 2 2 2 2 2 2 2 2 2 2 2 2 2 2 2 2 2 2 2 2 2 2 2 2 2 2 2 2 2 2 2 2 2 2 2 2 2 2 2 2 2 2 2 2 2 2 2 2
left_child=1 3 48 4 6 52 11 12 78 18 109 17 35 39 15 64 -17 45 40 -20 22 -22 23 83 25 -24 29 -28 -29 37 31 -7 -33 -3 85 36 -4 120 -39 -12 117 -10 -43 -44 -45 -1 47 -38 125 50 -50 59 54 -54 55 124 57 -56 -23 60 -13 62 90 -64 76 66 70 69 71 -68 72 -67 -66 -69 -16 -76 -15 -18 81 80 116 -8 -83 84 -6 -35 -27 -60 -41 99 -42 93 -93 94 -36 -96 -95 -98 -37 -51 101 104 103 -103 106 107 -32 -106 -107 -11 -111 112 113 -19 -115 -34 -80 -9 -119 -90 -14 -113 -58 -46 -5 -2
right_child=2 33 7 5 20 30 8 9 41 10 13 51 26 14 74 16 77 111 19 -21 21 58 24 -25 -26 86 27 28 -30 -31 100 32 115 34 91 98 46 38 -40 88 61 42 43 44 123 -47 -48 -49 49 89 -52 -53 53 -55 56 -57 122 -59 87 -61 -62 -63 63 -65 65 68 67 73 -70 -71 -72 -73 -74 -75 75 -77 -78 -79 79 -81 -82 82 -84 -85 -86 -87 -88 -89 119 -91 -92 92 -94 96 95 -97 97 -99 -100 -101 -102 102 -104 -105 105 108 -108 -109 -110 110 -112 121 -114 114 -116 -117 -118 118 -120 -121 -122 -123 -124 -125 -126 -127
leaf_value=-0.0040933076914721834 0.0045029171645482903 -0.014517769422845281 -0.0038977713060364271 0.010845146041126059 -0.0025259476964478943 0.0028334286835064444 -0.0032030030943915287 0.0021037446787057872 0.00034468993197113402 -7.6160995269154054e-05 0.001634581078631987 -0.014591119661144002 -0.0059483822865094927 -0.0010966368199999089 0.01060259501042519 -0.007288224552017524 0.0016245887932793508 -0.00024193765492074709 -0.0032229887666186418 0.005273646237979282 -0.010131353784020093 -0.0010762475036848599 -0.0055557670148020108 -0.0026210949076754461 -0.0029663046738579485 -0.022044418655896913 -0.0020429836849053082 -0.0037617935447301592 -0.031044515282076524 0.0014905783910688134 -0.0087370317015821805 0.00076501152152535221 -0.0051951812630509136 -0.0036486934441574527 -0.0042073994577193248 -0.0043535235805217338 0.0020309641485945647 -0.022465797308173885 -0.0038477182727354054 -0.00067842341827234823 0.0011596642490736598 -0.0069936216968694816 -0.0092368968431549292 -0.0034624907072856557 0.008288524857107616 0.0065107029189443114 0.00027999168839366558 0.012502353993011776 0.004590346467388662 0.0039821780856311006 -0.010379121910970615 -0.0029073390832213266 0.016501588338810297 0.0038917063400677205 0.010156482624648147 0.0009203070502417451 0.0018406529332743303 -0.0025530041452085177 4.7321979081396601e-05 -0.018397159796379296 -0.0040170541204864003 0.0018621480006572515 0.023908840434729198 0.0034571987585993729 0.014611205341671105 -0.0025815792296048838 -0.0089219912435257245 0.0023896225913394398 0.0062206927167692844 0.0021845274930734982 0.024294551259986079 0.002531495912664398 0.0019391308815442632 0.010651966953162567 0.01035819842348535 -0.0021158857155486118 0.0048135692089814764 -0.0040641852723507588 0.00048963644654894322 0.0093815476905826419 -7.5376863122855229e-05 -2.0722207089871421e-05 0.0077030778140660785 -0.00618784796816593 -0.037649086328391805 0.00644853375941341 -0.0047700455899361976 0.014546061648954892 -0.0020825280459537757 0.001787337488249773 0.012593826727320873 -0.0053055842895309673 -0.021624634280515392 -0.0062689432374663729 -0.0054857238712420651 0.0072969062483885802 -0.0030932672288901831 -0.025570776504062875 0.0044828734381543705 0.0086608666272025257 -0.0044915171369602292 0.0040619727394092401 0.0017729946933306511 0.020054881175416792 0.0067234781683332421 0.0016912065557310371 0.004679027064703121 -2.441740273078373e-05 -0.0057246801758260735 -0.0028413269887558753 -0.015152922485979891 -0.0051238912165497376 -3.7534414366639589e-05 0.021461251994112505 0.0044041714314796794 -0.013690069344985475 0.015555982306686691 0.0015658688159524991 0.011077084722956111 -0.010277128667622924 0.0042657562137317527 0.00031791936215429945 -0.0075672324154568305 0.0011232144765655585 -0.00089353109380657864 0.0014505861931891771
leaf_weight=1436.0903176018037 1245.358180400217 104.77915957884397 417.54629233898595 287.95861221477389 17.500918929115869 393.38420517439954 278.0214720669901 3516.3410919657908 2917.527102870401 218.37879115354735 479.25972108449787 100.8071548192529 157.35912700241897 1757.385423919186 252.66872550279368 314.26280584360939 867.22963184362743 56.44407869130373 566.6935958735412 210.50623475876637 130.73821594100446 547.44777607405558 475.81239284516778 74.736882762052119 1474.6601437077625 87.737591110868379 163.69725200219546 31.288574595353566 46.35419968306087 349.60649898729753 220.32561922795139 247.41607885621488 575.31463259528391 102.57868884969503 1012.9174061196391 836.69507254427299 331.86973489332013 46.623154168017209 80.21660841058474 376.8599203361664 180.33827733329963 669.37274687062018 110.67875800176989 417.26693501358386 159.58926715620328 77.019997491966933 1243.4150521230185 147.27982454025187 133.24006420862861 598.41209213982802 112.88972130429465 964.87503409467172 142.97572970122565 489.20004034484737 135.46356959012337 349.03359168453608 108.6140797722619 165.95173397415783 73.344785187393427 62.600639028474689 500.6673695234349 239.78629722131882 75.157956437207758 53.808913734392263 95.124466289416887 899.99645916046575 175.15603264886886 386.54703398549464 411.06484103237744 277.99430125125218 49.933056146022864 665.12252403364982 141.30407888547052 213.0843486826634 87.358484907774255 199.71258336200844 280.7188054030994 355.2093831829261 53.853022176539525 358.20660463161767 412.42868079815526 416.15441567986272 254.49575602088589 41.395737384096719 25.655631795874797 197.92062264785636 58.840376792126335 58.533673752215691 210.18583814229351 343.18532104161568 68.445812185178511 288.35210934036877 77.715350741404109 1034.450996374595 115.36005723522976 193.7036339675542 37.801091663073748 37.145837542484514 89.410401545464993 1191.0338775420096 237.51382202177774 147.82032062264625 779.27653253881726 80.747998576262034 378.29982677206863 244.19166091713123 68.565200985991396 552.02601204125676 396.10072396544274 365.12088949722238 157.20870021369774 312.58096357109025 413.87569669657387 48.128810693160631 75.218141016783193 127.62592643266544 68.600432917126454 312.82144637522288 242.49455582466908 258.11742093623616 91.945156864705496 906.99630372179672 218.28390885982662 661.38377966999542 55.479238383006305 2100.0578563715098
leaf_count=2941 2290 303 716 675 26 650 526 6221 5110 323 946 356 287 2916 556 679 1518 84 984 412 306 997 961 160 2622 339 293 61 285 649 490 385 869 251 2048 1488 558 205 132 580 269 1403 240 708 309 159 1921 337 266 1068 287 1868 413 756 292 573 157 285 94 219 863 493 294 82 259 1458 382 678 787 477 232 1055 243 447 191 357 538 659 73 728 715 643 541 128 264 377 88 197 325 551 176 526 321 2241 211 384 56 243 154 2447 378 253 1181 284 798 403 112 797 701 672 489 529 635 195 117 328 221 496 578 554 133 1745 460 1105 84 3515
internal_value=-6.58477e-05 -0.0014562 0.00130644 -0.000886428 -0.00169369 0.000977584 -0.000965884 0.000553425 0.000274995 0.00113801 0.000230073 -0.00265815 -0.00160642 0.000693366 0.0011989 0.00076804 -0.00164091 -0.00143139 0.00270539 -0.000815101 -0.00444606 -0.00117086 -0.00559407 -0.0144172 -0.00476248 -0.0087334 -0.00484194 -0.0104792 -0.0235058 -0.00267984 -0.000374558 -0.00276515 -0.00510917 -0.00518999 -0.00476168 -0.000553144 0.000695067 -0.00643663 -0.0132103 -0.00210503 0.00329272 -0.000869298 -0.00261275 -0.000347548 0.000604223 -0.00344964 0.00185387 0.00570949 0.00379075 0.00539957 -0.00253437 -0.00510046 0.00403 0.00725898 0.00237623 0.00508828 -0.000675326 0.00344877 0.00083347 -0.00806215 -0.00630228 0.00711128 0.010118 0.0172631 0.00146575 0.0025054 0.00461245 0.00222868 0.00103467 -0.0023167 0.012492 -0.000396143 0.00795839 0.00563608 0.0064113 0.00216886 -0.000229635 -6.84098e-05 0.00331867 0.00549131 0.00257965 0.00118015 0.00305985 -0.021939 -0.029391 0.00293787 -0.016763 0.0077608 -0.00422672 0.00634006 0.00519008 -0.00561133 -0.00991377 -0.0048688 -0.00263202 0.00242985 -0.0074133 -0.0177343 -0.00339147 0.00717407 0.000670073 0.0011359 0.00410774 0.011102 -0.000501433 0.00045809 -0.00538215 0.00280782 -0.00291734 -0.00508011 -0.00706779 0.000270719 0.00311901 0.00958374 0.013514 -0.00715323 0.0101104 0.00267267 0.00601925 -0.00689393 -0.00210177 -0.00114094 -0.0044877 0.00272458 0.00896606 0.00261399
internal_weight=49122.5 24403.6 24718.9 21200.9 14799.3 6401.57 11732.9 18994.7 6777.58 14961.4 9495 4955.3 4033.31 8754.3 7429.87 6890.13 1536.7 3326.35 5466.39 777.2 3066.4 810.064 2256.34 159.289 2097.05 622.39 967.091 241.34 77.6428 725.751 4448.61 1343.74 950.357 3202.72 3097.95 3066.22 2140.11 376.144 126.84 1324.42 4689.19 4935.82 2018.29 1348.92 1238.24 1513.11 1722.56 479.15 5724.18 2378.76 246.13 1628.95 1952.96 632.176 1320.78 692.471 628.313 301.415 679.326 664.075 601.475 617.537 377.751 128.967 5353.43 3315.33 1339.14 1052.78 1976.18 453.15 286.362 1565.12 236.429 599.631 539.74 287.071 2038.1 1222.44 1841.76 893.089 534.882 948.672 670.65 84.5523 43.1566 300.499 146.578 131.878 845.163 2132.63 248.784 2797.45 366.067 2431.38 1321.98 309.064 1109.4 74.9469 926.105 1789.45 3104.87 2867.35 1007.84 228.568 1859.51 1570.62 288.891 930.326 640.292 740.708 522.33 1813.24 593.667 179.791 123.347 702.941 122.453 4071.66 555.316 468.303 249.304 1219.58 326.898 820.973 343.438 3345.42
internal_count=91469 46500 44969 39539 28215 11324 22033 34545 12322 27326 17321 9711 7219 15837 13432 12328 2856 6405 10005 1396 6182 1594 4588 578 4010 1388 2045 639 346 1406 7629 2232 1582 6961 6658 5174 3532 757 337 2405 8609 8875 3765 2362 2122 3100 2816 895 10424 4619 553 3306 3695 1169 2526 1332 1194 577 1288 1438 1219 1314 821 376 9472 6018 2718 1984 3300 859 734 2513 502 1125 1104 548 3454 2177 3447 1737 1009 1710 1184 418 290 628 427 291 1459 4066 445 6030 847 5183 2643 595 2540 299 1642 3515 5397 5019 1718 537 3301 2699 602 1595 1104 1484 1161 3305 1031 396 312 1197 294 7295 1074 879 420 2274 617 1414 759 5805
is_linear=0
shrinkage=0.0200396


Tree=54
num_leaves=127
num_cat=0
split_feature=18 21 21 18 21 18 18 21 21 18 21 18 31 17 5 23 21 21 35 18 21 18 29 21 18 32 28 69 42 18 37 4 0 11 18 1 73 24 80 18 21 22 39 24 32 21 4 28 10 24 73 16 44 32 32 11 12 36 22 38 20 4 80 5 28 21 37 18 31 35 10 3 10 5 0 17 15 20 4 73 34 40 12 73 12 44 35 21 24 42 80 29 14 44 30 36 4 19 18 23 37 4 29 15 20 10 35 12 29 12 18 73 39 20 24 42 73 73 12 44 19 19 18 19 73 30
split_gain=237.673 105.686 96.6658 87.0865 60.6402 60.2435 53.0059 51.1789 38.6492 54.9304 36.1516 34.2159 71.2254 34.0288 33.6827 34.7212 33.4182 32.7379 31.6363 34.4128 39.7391 32.2725 34.8221 32.0428 29.0698 37.34 31.7318 28.653 28.5001 41.444 36.0934 32.9491 28.284 27.8268 27.4568 25.5896 25.4611 23.8845 23.7182 23.546 24.7643 23.5504 23.3876 33.698 23.3339 23.2731 23.0819 22.6564 22.5414 22.4684 22.1514 22.8853 28.0296 40.7208 21.8444 21.7282 21.5933 23.5783 24.8912 23.2463 38.9695 47.115 21.4157 21.1851 21.1391 26.4184 21.069 22.7135 21.4746 26.004 21.603 21.0551 20.871 20.6581 23.6869 28.5408 25.8896 20.656 20.6474 22.1236 20.5082 20.486 20.2153 19.9097 28.4327 19.8216 19.7765 19.6652 28.1343 19.2677 19.564 19.2108 19.1328 19.1264 19.1062 21.7567 27.8595 38.4995 28.174 20.5239 34.7149 19.7855 18.9721 18.8764 20.9369 18.8654 18.7767 18.7656 25.7425 18.6821 18.6692 24.5921 28.3344 36.5411 18.5568 21.8419 22.7357 19.8516 31.1169 18.4803 18.4496 21.9359 19.3796 30.7238 23.9458 18.4258
threshold=-0.04432928375899791 -0.061898652464151376 -0.038806926459074013 0.071790568530559554 0.12219371646642686 -0.19163300096988675 0.13059716671705249 -0.2402180880308151 -0.27485568821430201 -0.39823217689990992 0.072161644697189345 -0.20809268206357953 -0.17668053507804868 0.42945490777492529 0.37500000000000006 -0.018849961459636685 -0.52309173345565785 -0.56414368748664845 -0.37745085358619684 0.5698031783103944 0.30307890474796301 0.28915858268737799 0.23256482183933261 0.59813982248306286 -0.094419144093990312 0.10657956078648569 0.11741564050316812 0.098508395254611983 -0.10572105273604392 0.18726097792387011 0.071097072213888182 0.20911728590726855 -0.38778407871723169 0.24092773348093036 1.0000000180025095e-35 -0.31107954680919642 0.070983849465847029 -0.0014964158763177691 0.040617331862449653 -0.66585803031921376 -1.1103271245956419 -0.035714063793420785 -0.13299624621868131 -0.020706900395452973 0.1771187707781792 0.66228350996971141 -0.32718469202518458 0.017339216545224193 -0.054227530956268304 0.60071504116058361 0.016563804820179943 0.17785991728305819 -0.15107810497283933 -0.12027356401085852 0.12302662432193757 -0.17881456762552259 -0.16571100801229474 0.46503496170043951 -0.0029806509846821423 -0.36004784703254694 0.078328099101781859 -0.43807771801948542 0.26407955586910253 1.0000000180025095e-35 -0.26085181534290308 0.25625400245189672 -0.37215125560760492 0.037880927324295051 -0.27123515307903284 -0.12201286107301711 0.15047413855791095 0.30064630508422857 -0.063897203654050813 0.37500000000000006 -0.22301135957241056 0.353120967745781 -0.036290634423494332 -0.21477843821048734 -0.27446910738945002 0.46243442595005041 -0.036817967891693108 -0.05305755324661731 -0.13245412707328794 0.24068877100944522 -0.053325688466429703 0.10879456251859666 -0.16449699550867078 0.44804362952709204 -0.044714730232954018 0.053802547976374633 0.98112085461616527 0.32002504169940954 0.44069069623947149 0.18306107819080356 0.31818690896034246 0.59790208935737621 -0.06100905314087867 -0.14259233325719831 -0.0088650900870561582 -0.26704411208629603 0.040224010124802596 0.13275974243879321 -0.11903204396367072 0.37912130355834966 0.21222904324531558 -0.0048005653079599133 -0.23336310684680936 0.098050460219383254 -0.084726400673389421 0.07740825787186624 0.12703388184309009 -0.13268849253654477 0.10028595477342607 0.069357905536890044 0.55972418189048778 0.33476346731185919 -0.24691987782716748 -0.033304814249277108 -0.13933485746383664 -0.017977316863834854 -0.0092155686579644663 -0.13161969184875486 -0.050545189529657357 0.060892263427376754 -0.013180887326598166 0.45282606780529028
decision_type=2 2 2 2 2 2 2 2 2 2 2 2 2 2 2 2 2 2 2 2 2 2 2 2 2 2 2 2 2 2 2 2 2 2 2 2 2 2 2 2 2 2 2 2 2 2 2 2 2 2 2 2 2 2 2 2 2 2 2 2 2 2 2 2 2 2 2 2 2 2 2 2 2 2 2 2 2 2 2 2 2 2 2 2 2 2 2 2 2 2 2 2 2 2 2 2 2 2 2 2 2 2 2 2 2 2 2 2 2 2 2 2 2 2 2 2 2 2 2 2 2 2 2 2 2 2
left_child=1 5 66 10 71 8 13 49 9 17 34 12 37 33 15 -10 -11 39 64 20 28 22 87 78 25 42 72 -14 30 -30 -20 -31 -16 35 94 -6 114 55 -34 40 -1 -41 43 93 -28 -21 -47 -44 86 -7 -36 52 -52 -54 -32 -3 57 58 -12 -58 109 -62 -19 -59 85 -66 -2 -68 77 119 -71 89 -27 74 75 -37 -76 -69 79 81 -63 -23 -75 125 91 -8 -13 88 -22 90 -5 -85 -72 -9 95 96 97 -4 105 -100 -101 -97 103 104 -73 -98 -99 -67 -109 -61 111 -91 -113 -114 115 117 -117 -26 -119 -70 121 -50 123 -122 -124 -56
right_child=2 11 3 4 6 7 18 24 14 16 56 48 27 -15 32 -17 -18 62 19 45 21 23 -24 -25 36 26 44 -29 29 31 54 -33 38 -35 50 73 -38 -39 -40 41 -42 -43 47 -45 -46 46 -48 -49 120 -51 51 -53 53 -55 83 -57 59 63 -60 60 61 80 -64 -65 65 107 67 68 69 70 92 102 -74 82 76 -77 -78 -79 -80 -81 -82 -83 -84 84 -86 -87 -88 -89 -90 110 -92 -93 -94 -95 -96 101 98 106 99 100 -102 -103 -104 -105 -106 -107 -108 108 -110 -111 -112 112 113 -115 -116 116 -118 118 -120 -121 122 -123 124 -125 -126 -127
leaf_value=0.0010615069703648352 0.01046942854717349 -0.0040833061904724096 -0.0076087650502770846 0.005543896866077383 -0.013293767357727833 0.0048662030844379327 0.0096844933848243379 0.016725138461591276 -0.0011367342253485082 0.0073089951108899773 -0.00023284482955140785 -0.011510369069850783 -0.035797082024358315 0.00051423564439400315 -0.020775741070414157 -0.0060113772939842458 0.00021170836263522397 -0.0088765794300638291 -0.0016067358016143554 0.010322699610606202 0.0035449770979759281 0.0036091041905645777 -0.010423617015031753 -0.0041962665136512948 0.0040969880762545367 -0.016263123822182816 0.0012243203474869378 -0.0087082600667969766 0.0013104027729990389 0.012911823420530969 0.0045113437426669142 0.0028520943274093543 -0.012082279405719038 -0.010806034865607023 -0.00059249108062743106 -0.015064523720597316 0.011369091234957803 0.00012625450441209441 -0.0015865257180335108 0.0024103072031249322 -0.0057261897538487981 -0.007301485572087262 -0.0022099534171837196 -0.00050333562902545991 -0.0051961629590034824 0.0095132274891776922 -0.00160658558954495 0.0024294496645510025 -0.0042382315281222997 -0.0043405412993446774 0.00034530419777104281 -0.0018830884361387956 -0.0012574502765352873 0.010726061169440363 0.00031493983816790263 -0.018420016267206456 0.0052810281661386845 -0.0036769147981302961 -0.0099801099595675808 -0.0015324342652477858 3.8177370610768214e-05 -0.023083945192373407 -0.0029826417024876222 0.0089745478136573787 -2.9796790007924002e-05 -0.0012978916029438895 0.0022680845811323567 0.0061592080002365879 -0.0057783002338563658 0.012344525880422499 0.0029757917719014982 -0.0034708191817768306 -0.0044415231681501051 0.010549944187474946 -0.0087643292120930406 -0.0014864552805013125 0.0025147888317796296 -0.0029045301776822485 0.00039116139914351393 -0.0013669066165482549 -0.0094612511311800152 0.012381807237843401 -0.00073475768359633454 0.0011543034040088084 0.0010583097628915602 -0.00019618514516601547 -0.0047189827686874011 -0.0088654652371655731 -0.0033017542301699656 0.0084886998723988083 -0.0042120775067825428 0.018136122023735362 0.01039762251561807 0.0019825895201697656 -0.0058191811006037195 -0.012556817067350927 -0.0036984495363174556 -0.004285170821033862 -0.0017306725355953705 -0.024864242711075304 -0.0016021514585556323 -0.00070832610484128323 0.0028096091152815237 0.006026404487717605 0.0038633335918520791 0.0031646657141692256 0.0052595712809621661 -0.016489859756307165 -0.0040399077472190017 -0.0089010851748684387 0.0046205374773772706 0.00083936681973507043 0.0030675275788276004 -0.01498572886924405 0.0091208402392849511 0.0015106960601403911 -0.0071586435586075007 0.0018806986465256471 -0.011173551607617797 0.0039784123395027703 -0.015507156041954316 0.0014724244065557922 0.0067428630028102789 -0.0040810769376564103 -0.0050047751668692089 -0.0072132932612506409
leaf_weight=312.68493665894493 152.47476285893936 141.46908210450783 109.86406782793347 2003.4698933616746 64.445995257003233 1146.2462570561329 74.308874361915514 78.383698854944669 1515.7930720634758 280.04414910078049 382.38087067741435 195.15974988753442 29.61472335329745 865.50537616340443 52.470676424563862 954.24336576682981 2141.6068376048934 469.38049571414012 1077.2014251330402 262.99059802445117 385.65991016640328 337.08189037255943 189.5540028649848 363.75887452461757 660.69782341725659 107.11537597200368 390.35333865345456 53.396815986488946 611.53990665543824 316.86905340850353 1309.3102817432955 243.14565985859372 136.24887696385849 218.66069305792917 1829.5937848223839 109.22713629947975 79.881061820546165 181.68132285203319 209.26098418212496 735.53156655060593 609.64700418501161 90.391746760811657 1424.4768785292981 223.86592881579418 486.85089469212107 85.617859413498081 210.55938667221926 571.72089737153146 405.51615156198386 96.270792655996047 404.52367293392308 291.51232202851679 150.11276143789291 371.53990132606123 584.81103971775156 52.750300111365505 62.183462121873163 61.79530969040934 121.54421104083303 697.32201001350768 116.90677441935986 79.276489960961044 585.25350488291588 130.87750086467713 489.49082655936945 184.61016326607205 3218.4962426626589 144.71735294349492 79.099261946510524 313.00043865677435 452.28286298119929 648.77529639482964 162.53557195723988 63.086309239035472 87.19178433297202 129.05344858055469 274.00451517826878 224.09569263737649 1052.4744000223 160.12691361294128 207.56671041622758 160.54191722825635 213.43036635068711 46.283797206124291 397.17237446294166 435.70367122080643 1431.0936059837695 102.9984571657842 557.45718685095198 83.069855416193604 66.834950647316873 54.857686380506493 203.17144755832851 66.227155291242525 426.22155008290429 95.632901056436822 345.30231639242265 74.390743760741316 90.742782371817157 39.948522644117475 49.251279845368117 114.62846395152155 1758.3140571078984 119.34748574683908 179.55046961421613 258.92417986469809 612.46264143730514 107.75084882765077 182.98833232291508 153.78045444213785 535.98251519585028 430.46965901402291 58.310397051740438 96.210116838105023 83.14375229133293 215.04137080162764 229.1383442330407 237.60744454129599 76.973998847533949 287.86605842714198 89.110427969135344 698.95735315908678 112.30120131873991 835.77337524865288 115.88378581823781 141.25098268140573
leaf_count=676 318 265 220 3905 185 2146 189 245 2733 622 588 552 286 1260 217 1991 3891 989 2064 588 632 534 430 656 1169 331 609 128 991 835 2291 409 358 486 3122 305 217 360 322 1349 1159 186 2535 348 861 183 373 1012 697 152 680 467 243 803 923 208 151 141 298 1299 199 332 1124 282 740 272 5466 248 195 771 648 1093 262 153 190 227 503 481 1737 293 460 367 401 82 620 831 2844 251 928 185 110 183 447 116 766 254 535 170 139 199 71 165 2762 230 299 460 1219 308 310 323 960 716 98 311 177 315 414 402 200 484 308 1175 211 1566 182 272
internal_value=-5.19765e-05 -0.00182473 0.00103991 0.000533608 0.00127677 -0.000995394 0.000460718 0.000465893 -0.0021388 -0.0011015 -0.00131439 -0.00455745 -0.00966409 -0.00247877 -0.00400031 -0.0030639 0.00110071 -0.0030008 0.00105396 0.00151704 0.00117292 -0.000510818 -0.00304452 0.00101127 -0.00042649 -0.00144189 -0.00436758 -0.0242357 0.00233699 0.00502697 0.00143407 0.00885125 -0.00928258 -0.00468917 -0.000433168 -0.00302298 0.00180765 -0.00515943 -0.00627253 -0.00128035 -0.00344321 0.00115294 2.45472e-06 0.0044773 -0.00237191 0.0062241 0.00206336 -0.000862417 -0.00389589 0.00407082 0.000797252 0.0028649 0.00438297 0.00734626 0.00273392 -0.0096163 -0.00358149 -0.000680066 -0.00295154 -0.00507065 -0.00568616 -0.0106625 -0.00575241 0.00488235 -0.00163559 -0.00335477 0.00355828 0.00329211 0.00516179 0.00632779 0.008021 0.0029247 -0.0101022 -0.001916 -0.00396139 -0.00854385 -0.000570857 0.000793592 0.00216917 0.00488624 -0.0147431 0.00689659 0.00244492 0.000775914 0.00376893 0.00159799 -0.00569584 -0.00149324 -0.000473031 0.00400545 0.0051764 0.0120795 0.00557999 0.0112339 -0.00211873 -0.00116734 -0.000311515 0.00228587 -0.00295183 -0.00938457 -0.0151177 -0.0068569 0.00159007 -0.00067588 -0.00180151 -0.000734081 0.00409419 -0.00659546 -0.00958476 -0.00308637 0.00192328 -0.000313013 -0.00187335 -0.00857806 0.00111951 0.000496731 -0.00307173 0.00216735 -0.00185219 0.00162254 -0.00254858 -0.000662487 -0.00429604 -0.00556025 0.000817 -0.00132179
internal_weight=49256.3 18771.8 30484.5 25409.3 18131.1 14429.1 12150.7 6336.53 8092.56 5224.54 7278.29 4342.71 458.912 2024.61 2868.02 2470.04 2421.65 2802.89 10126.1 8651.26 8092.1 3309.65 1235.67 2073.98 5094.01 3511.53 1146.86 83.0115 4782.44 1171.55 3610.89 560.015 397.981 1159.1 5264.65 940.44 1582.48 375.901 345.51 1748.26 922.332 825.923 2364.67 368.477 877.204 559.168 296.177 1996.2 3883.8 1242.52 3047.28 1217.69 926.176 521.653 2533.69 194.219 2013.63 696.598 503.925 1317.04 1254.85 403.75 1054.63 192.673 1474.85 964.84 5075.2 4922.73 1704.23 1335.42 968.455 5980.33 269.651 875.994 599.477 238.281 361.196 368.813 1710.23 657.751 286.843 497.624 276.517 1224.38 498.314 510.013 1626.25 1046.12 943.117 3274.35 2070.3 101.141 655.454 144.611 2217.37 1791.15 1580.89 796.717 784.169 179.943 89.1998 210.261 2705.99 947.673 828.326 604.226 686.853 475.349 290.739 851.102 1204.04 668.06 584.99 154.521 1502.6 1419.46 444.18 975.279 314.581 366.965 2257.54 1104.47 1153.07 924.884 228.185 726.062
internal_count=91225 35910 55315 46257 32671 27128 22002 11511 15617 9996 13586 8782 1247 3710 5621 4724 4513 5483 18292 15642 14498 5828 2241 3587 9213 6319 2063 414 8670 2235 6435 1244 897 2450 9513 1964 2894 833 680 3370 1835 1535 4256 709 1470 1144 556 3547 7535 2298 5315 2193 1726 1046 4371 473 4073 1309 886 2764 2613 991 2113 423 2650 1630 9058 8740 3274 2545 1866 10669 593 1779 1225 532 693 729 2931 1194 792 901 554 2080 885 1020 3396 1811 1560 6285 4015 265 1095 361 4198 3432 3013 1609 1404 409 270 419 4384 1622 1392 995 1389 890 618 1622 2270 1310 1125 409 2677 2500 729 1771 602 679 4139 1872 2267 1874 393 1195
is_linear=0
shrinkage=0.0200396


Tree=55
num_leaves=127
num_cat=0
split_feature=18 21 21 18 21 21 18 21 18 44 21 25 21 12 18 32 17 21 18 73 12 80 31 29 18 18 33 33 31 44 39 73 18 31 8 24 18 34 24 80 35 80 18 18 12 26 12 35 14 33 21 1 39 31 39 84 39 21 12 19 18 18 39 12 24 29 11 10 22 23 16 19 18 23 21 28 36 36 44 19 18 28 14 3 30 40 39 12 23 20 29 28 42 38 19 3 44 39 18 38 80 19 19 20 17 28 26 29 32 18 18 38 24 24 36 24 28 18 31 18 32 12 20 44 31 73
split_gain=215.68 111.536 107.67 95.2468 66.7002 63.1254 54.029 54.3822 45.7307 50.2506 36.7971 44.1943 35.9663 35.4342 35.2428 41.3134 33.1318 33.0921 35.0209 31.2152 30.8483 30.7676 30.2507 30.11 29.7781 28.501 27.9602 27.5308 29.1465 27.0643 24.719 26.9429 24.3865 31.5342 51.1004 28.6254 28.3743 28.2376 25.1374 25.055 24.104 23.8873 37.6874 23.5961 23.3473 22.6605 22.3352 27.68 22.305 22.2343 27.7237 24.3777 24.3116 22.2193 21.4443 21.2121 21.0468 48.2055 44.6589 60.6951 31.4028 27.0471 26.1374 46.3896 25.777 38.7708 23.9764 22.8931 21.2281 20.9574 20.4569 24.89 20.3585 43.5889 23.1174 22.8196 22.5985 20.9336 20.7328 27.2057 23.9701 22.2253 20.3265 22.8707 22.1329 20.2215 20.2114 20.1153 28.271 42.089 29.791 20.025 19.9158 19.7551 19.7484 37.5023 31.4832 24.2081 21.6987 34.4796 25.7886 24.7159 21.3199 19.6254 46.2051 33.1555 25.3624 20.7079 30.6479 25.0184 23.6908 21.0632 19.5365 25.7583 21.6734 19.484 19.8343 19.2614 31.1741 19.2035 19.1679 18.9414 20.4335 23.0603 18.7105 18.654
threshold=-0.078981548547744737 -0.10936497896909712 -0.078576009720563875 0.071790568530559554 0.042655548080801971 0.11128928512334825 -0.31688533723354334 -0.33258499205112452 0.17358103394508365 0.17282666265964511 0.31141756474971777 0.094936661422252669 0.23508659005165103 -0.15997706353664395 0.29533354938030248 -0.33905304968357081 -0.10578167438507079 -0.41468890011310572 -0.5655512511730193 0.343940019607544 0.42603211104869848 -0.10414872318506239 0.0052652452141046533 0.092158280313014998 0.15087319910526278 1.0000000180025095e-35 0.01446095295250416 0.29509913921356207 -0.0191430514678359 0.030556644313037399 0.062965199351310744 -0.37535387277603144 -0.25816884636878962 -0.17668053507804868 0.29430137574672705 -0.098748192191123949 -0.52575635910034169 -0.19340638816356656 -0.27335406839847559 -0.13803969323635099 -0.077981650829315172 0.013484342955052854 0.18210076540708545 -0.46007244288921351 0.10263761505484582 -1.4507327079772947 -0.018922017887234684 -0.031524512916803353 0.29804804921150213 -0.086859975010156618 0.43329057097435003 0.28267045319080358 0.059953665360808379 0.069733563810586943 -0.18920321762561795 0.51923897862434398 -0.078214272856712327 0.1273252069950104 -0.17144495248794553 -0.15811406075954434 0.04527618549764157 0.038615768775343902 -0.065926067531108842 -0.15538990497589109 -0.1456087455153465 0.11206046119332315 0.2367171719670296 -0.23790613561868665 -0.058450181037187569 0.19573260098695758 -0.027314547449350354 -0.18153864145278928 -0.16091182827949521 0.0054167835041880616 -0.19018601626157758 -0.12871905416250226 -0.15034965425729749 -0.24825175106525418 0.096659705042839064 0.15688967704772952 -0.19699198007583615 -0.34995187819004053 0.66291293501853954 0.028511213138699535 -0.15479885786771772 -0.074640285223722444 -0.025625856593251225 0.32167431712150579 1.0000000180025095e-35 -0.12569123506546018 -0.31603850424289698 -0.31501206755638117 0.17700465768575671 -0.16148325055837628 -0.14835732430219647 -0.33241093158721918 -0.5913884937763213 0.61030375957489025 -0.017600774765014645 0.2188995182514191 0.082655504345893874 0.0003242144593968988 -0.089396033436059938 -0.33067473769187922 -0.12803825736045835 -0.19381097704172132 0.38507279753685003 -0.27418446540832514 -0.40894192457199091 -0.0034331022761762138 -0.022036567330360409 -0.39354068040847773 0.15346402674913409 0.28565642237663275 -0.15034965425729749 -0.0024050930514931674 -0.069523289799690233 -0.052538393065333359 -0.069477878510951982 -0.090132698416709886 0.10901990905404092 -0.11983944848179816 -0.021492265164852139 0.051314223557710655 -0.27123515307903284 0.13763380795717242
decision_type=2 2 2 2 2 2 2 2 2 2 2 2 2 2 2 2 2 2 2 2 2 2 2 2 2 2 2 2 2 2 2 2 2 2 2 2 2 2 2 2 2 2 2 2 2 2 2 2 2 2 2 2 2 2 2 2 2 2 2 2 2 2 2 2 2 2 2 2 2 2 2 2 2 2 2 2 2 2 2 2 2 2 2 2 2 2 2 2 2 2 2 2 2 2 2 2 2 2 2 2 2 2 2 2 2 2 2 2 2 2 2 2 2 2 2 2 2 2 2 2 2 2 2 2 2 2
left_child=1 6 30 4 25 23 17 -8 9 12 11 22 16 -11 15 -12 -7 18 45 -17 27 -14 26 24 -5 94 -10 28 40 43 31 -2 33 36 35 -35 -3 -34 -39 119 -13 42 -26 -19 49 -1 -23 -48 -18 52 -51 -52 -16 -30 -38 -43 68 60 61 67 64 -59 -61 -64 66 -66 -58 -60 -6 -27 -25 -72 73 78 75 -74 86 -75 79 -9 -80 -82 84 -84 -45 -71 -76 -20 89 90 -89 -65 -62 -91 95 -4 -97 98 99 101 -100 -96 -101 104 106 -106 -33 109 -109 110 -105 -112 114 -114 -32 116 -24 118 -110 -40 -78 -77 123 -123 -111 -46
right_child=2 32 3 5 56 8 7 72 10 13 14 20 21 -15 44 19 48 29 87 -21 -22 46 115 70 41 69 -28 -29 53 -31 112 103 37 34 -36 -37 54 38 39 -41 -42 55 -44 82 125 -47 47 -49 -50 50 51 -53 -54 -55 -56 -57 57 58 59 62 92 -63 63 91 65 -67 -68 -69 -70 85 71 -73 74 77 76 121 120 -79 80 -81 81 -83 83 -85 -86 -87 -88 88 -90 93 -92 -93 -94 -95 97 96 -98 -99 100 102 -102 -103 -104 107 105 -107 -108 108 117 124 111 -113 113 -115 -116 -117 -118 -119 -120 -121 -122 122 -124 -125 -126 -127
leaf_value=0.0049234992402099522 0.0092889355827351153 -0.0011358857743747201 0.00092952754526786025 0.0007607599292144844 0.0046651008269663757 -0.0036896464665027409 0.0043503313096966067 0.00094068597853594175 0.0018944652791719249 -0.0016623957971433842 0.0033916015964538895 -0.006054449484408469 -0.0098134211511024041 -0.021967365143113829 0.0036328073484687895 -0.0032384802587533067 0.0014773409536030311 -0.017167524466343374 -0.0011819978568125133 -0.013793652420219554 0.0096618227312055237 0.0022272206680357602 0.0031531370519839418 0.011377314161356436 0.0039111739502469857 0.00031969246373789569 0.010580855125127984 0.0055454640887844728 0.0070494973190165528 -0.0022689212736074606 0.00085261742170535169 0.0047236438992152349 -0.015215667249258127 -0.0035606380622063144 -0.00015882243280346823 -0.036265300961443904 -0.0031206454800942964 0.00064444252078936341 -0.010626736802682619 -0.0036087142156069557 0.00061785799183744852 0.0021356571435175451 0.018659544662535627 -0.014695021635534111 -0.0054478809247206078 -0.0041176197321692431 -0.0010403610815033425 -0.012749486722997803 -0.0074693763113924949 0.0036797757830080054 -0.00038084259061447529 -0.011945370352253617 0.013598427840870831 0.00036242614872302375 -0.016572772619221562 0.011037229557525207 -0.020643872766036603 0.005906514584607587 -0.0094623718416114687 -0.0041835383041867753 0.0021935431582085635 -0.0074248976750154782 -0.0059822349977828012 -0.0060000571027901033 -9.1367640710880965e-05 -0.0074193354533603007 -0.00021334431569393179 0.0044496209639809129 -0.0023033497894959843 0.0011666405677862237 0.001919961228872349 0.0074239678801041311 -0.00056354059570472975 0.0043113963313187757 0.0063754655677261138 -0.0028760582063817367 -0.00062160979521045181 -0.0053972770250335185 0.0001547921556910859 0.011050680910233422 -0.002192324869098219 -0.017152266773569617 -0.0059888817750803677 0.0046728061186473244 -0.0050327424182432644 0.006991511066851145 -0.0024139171734985127 0.0010918251724816423 -0.0036114868170905793 -0.0045931260449508203 0.015066266773883752 -0.033559949073382965 -0.0043640344600236894 0.0049704730181150906 0.0021521806832163958 0.0037460636401254405 -0.0078830779572234 -0.004672392590507903 0.0010281911471310141 -9.3565412641300689e-05 -0.0055408780297109654 -0.0033087144544427156 0.0097360822823888034 9.6096595462262489e-05 0.021597385409868095 0.0029926688736243352 -0.0062404795633064078 0.0093461743090196107 -0.0091034895948957154 -0.0033849117653602504 -0.0019529640955646521 -0.017321375578019299 0.0006454317904078065 0.0093527180907741585 0.016372894522968331 0.0062791191430796832 0.021859145409217497 0.0028655947512821259 0.0028664135838009676 -4.929627109232415e-05 -0.0059562097824037317 0.012787324931465692 0.0027944233397144851 -0.00045290270189933453 0.0058067655781858596 0.00043086665688835346
leaf_weight=98.682253541541286 244.26677477685735 258.30689243169036 509.28525162045844 2648.920236430713 204.12507172918413 685.92004274891224 1061.9219119379995 826.04696351662278 759.96810325596016 70.822167133213952 302.47379292501137 456.71514070755802 255.23643304675352 53.388092482113279 701.7404540500138 771.18740890384652 2813.7875066836132 68.898018890991807 937.76683682436123 114.03012877691071 139.64753656834364 292.08516875526402 41.906649782788008 186.25541962392163 238.30323170288466 1732.2203160873614 166.58360773650929 368.03303035325371 226.55709711962845 987.94561400159728 50.834985717665404 290.52387913619168 66.480180751997977 20.914476957404986 40.958599906414747 29.308241048711352 99.989163401885889 451.93734651315026 358.7326443012571 2999.411688812892 383.19394363171887 1337.0344111333834 86.725231890450232 132.80173463828396 229.95542794500943 1397.1497284416109 249.63907487574033 99.73078379011713 91.210909537156112 455.29567994026002 265.98367013852112 77.379701445461251 98.540869078366086 993.90329211927019 102.8916675162036 95.25786704570055 50.300669140298851 90.340069793630391 64.002040135790594 52.975315192248672 601.85280603042338 104.89148126076907 65.757431037724018 25.283296354464255 584.48790170764551 555.964972680551 34.536736684385687 78.228736079880036 723.32728401804343 516.12287431315053 781.63972641818691 585.80018566094805 589.20567379915155 76.989725034218282 240.79738506791182 103.19618750817608 827.02161339414306 1090.9131662526634 409.73699048638809 99.147611185791902 108.00434589572251 48.883939658640884 154.66924420255236 121.68004560365807 373.80812511371914 448.40985317097511 153.63675236410927 95.231156562338583 168.26414903078694 156.57533148210496 175.08864690794144 85.531982439570129 239.13172456307802 140.47905703086872 967.37589632498566 93.234807466971688 577.76716079388279 383.99969737173524 519.70329396484885 121.19217383232899 407.57977773644961 475.43381904205307 274.51446040160954 155.00015934742987 82.276232807547785 75.021096452954225 91.127882326720282 228.17858223163057 132.91223248327151 121.7529507559957 72.365825564367697 65.185630385763943 284.7273729427252 247.62016152660362 134.81643565243576 246.18655135063455 76.386921771802008 1245.7136707117315 173.60889126046095 83.342439394327812 385.18169537256472 206.51137354166713 454.76998895511497 63.371961497468874 206.69022081431467 1411.7914495425066
leaf_count=192 544 456 797 4555 367 1251 2036 1430 1445 169 573 866 529 265 1211 1313 4685 309 1665 331 377 433 60 416 382 3044 431 621 410 1920 81 500 232 45 84 310 173 714 773 5824 650 2288 288 348 435 2835 365 264 169 761 398 199 270 1650 321 220 234 168 163 91 979 213 168 54 992 1108 66 158 1265 763 1294 1190 914 157 450 157 1412 2143 649 252 218 177 266 193 657 848 243 143 284 247 463 479 482 233 1746 137 1025 637 981 252 764 831 561 270 293 105 159 464 270 283 118 202 418 508 377 450 282 1975 267 158 728 513 653 128 362 2409
internal_value=-7.1768e-05 -0.00196205 0.000850703 0.000434327 -0.00108465 0.00128791 -0.000928881 0.000241286 0.000496876 -0.00109766 0.00138601 0.00280999 -0.000712607 -0.0125385 0.000134514 -0.00278136 0.000189339 -0.00250017 -0.00123906 -0.00493975 0.00126232 -0.00424471 0.00580208 0.00298948 0.00212013 4.83788e-05 0.00369752 0.000683388 -0.000235205 -0.00462369 0.00396787 0.00316248 -0.0046322 -0.0085724 -0.0182729 -0.028205 -0.00582515 -0.00403189 -0.00374465 -0.00432495 -0.00306333 0.00412541 0.00888443 -0.00720801 0.00121887 -0.00344258 -0.00174133 -0.00501353 0.00113206 0.00292431 0.000513667 -0.00362558 0.0052346 0.00172446 -0.0109966 0.00290993 -0.00330889 -0.0042176 -0.00929138 -0.0131692 -0.0027296 -0.00125087 -0.0190674 -0.0224882 -0.00474433 -0.00375167 -0.0141986 -0.00223929 -0.000679421 0.00165839 0.00537925 0.00437263 -0.000539924 -0.00181173 0.000580817 0.00242804 -0.00105368 -0.00466932 0.000456854 0.00228986 -0.00248754 -0.00854942 -0.00583159 -0.00126893 -0.00813372 0.00398696 0.00297635 0.000745905 0.00317761 0.0052799 0.0106442 -0.0294456 0.000244403 4.27069e-06 -0.000955558 -0.00313781 -0.00616791 -0.00011715 0.000547267 0.00180335 -0.00191428 0.000321126 0.00685474 0.00257814 0.00596618 0.0143049 0.00186308 0.00176162 0.00285216 -0.00133814 -0.00539418 -0.0107558 0.00731023 0.00494373 0.0127116 0.0105706 0.0168845 0.00176216 -0.00257022 -0.00872544 -0.00240737 0.00452708 0.00566065 0.00983598 0.00236235 -0.000453844
internal_weight=49616.1 16266.7 33349.4 29446.8 10587.6 18859.2 11754.4 6745.34 12899.3 4611.82 8287.46 3859.08 4487.61 124.21 4428.38 1187.69 3590.92 5009.04 3169.24 885.218 2568.05 896.691 1291.03 5959.94 4406.24 7026.84 926.552 2428.4 2060.37 1839.8 3902.62 3184.62 4512.27 552.369 91.1813 50.2227 461.188 3959.9 3893.42 3441.49 839.909 1757.32 325.028 851.857 3240.69 1495.83 641.455 349.37 2905 1598.94 798.659 343.363 800.281 1220.46 202.881 1432.29 3560.74 2633.29 567.01 371.779 2066.27 195.232 229.548 176.573 1225.29 1140.45 84.8374 142.231 927.452 2696.75 1553.7 1367.44 5683.42 2659.72 3023.69 1417.06 1606.64 1167.9 1491.82 925.195 566.625 156.888 782.959 276.349 506.61 964.533 394.434 1673.41 735.638 567.374 270.32 110.815 840.985 297.054 4330.09 1180.29 671.002 3149.8 2765.8 1838.52 927.283 1442.81 395.707 2940.36 538.949 157.297 381.652 2401.41 1780.41 620.995 292.552 137.551 717.999 532.348 185.651 364.48 118.294 1552.23 306.521 442.075 1212.2 827.85 724.653 269.883 328.443 1641.75
internal_count=91579 31105 60474 53278 19373 33905 22015 12260 23272 8130 15142 7242 7696 434 7900 2217 6105 9755 6062 1644 4574 1591 2668 10633 7733 12386 1876 4197 3576 3693 7196 5812 9090 1389 439 355 950 7701 7469 6755 1516 3178 670 1773 5683 3027 1062 629 4854 2839 1358 597 1481 2060 494 2508 6987 5355 1494 1113 3861 381 792 701 2400 2100 300 321 1632 4655 2900 2484 10224 5026 5198 2365 2833 2300 2726 1682 1044 395 1464 459 1005 1611 693 3035 1370 1086 606 533 1461 480 7731 1959 1162 5772 5135 3390 1745 2577 813 5268 1057 398 659 4211 2976 1235 590 320 1384 926 458 792 342 2512 537 931 2140 1451 1294 641 645 2844
is_linear=0
shrinkage=0.0200396


Tree=56
num_leaves=127
num_cat=0
split_feature=18 21 21 18 18 21 21 21 21 18 18 18 40 21 30 18 80 35 31 21 17 0 5 0 39 21 10 18 29 29 18 21 18 29 31 5 4 11 20 29 10 19 1 35 12 38 10 37 11 80 73 44 33 21 18 41 18 5 12 38 24 37 19 3 30 23 5 33 17 18 10 24 69 21 39 29 41 18 24 22 19 19 9 33 37 37 32 20 29 69 29 31 5 10 14 31 11 24 24 44 12 0 32 43 3 42 24 25 21 18 37 32 73 44 38 24 41 37 32 11 23 17 18 32 37 20
split_gain=210.523 118.175 105.642 89.1631 58.9449 61.5675 51.9372 49.9135 49.1478 46.3641 45.3711 42.7388 36.0022 35.4319 35.2961 37.9467 34.2455 33.2414 48.1316 43.0558 33.0576 32.5527 32.293 47.44 31.9131 31.4778 30.8112 30.6799 30.431 36.2308 30.2334 30.1755 31.1504 30.0784 29.0169 28.3911 27.3218 39.7712 29.3275 28.1421 26.4567 25.9632 25.9205 36.5122 42.3715 25.6021 25.4229 24.4804 24.4043 24.1734 23.6267 22.8431 33.7909 22.8382 24.6319 23.2145 23.2515 22.6848 22.1635 22.2135 21.8103 21.7127 23.9277 36.5293 21.643 21.5803 21.4394 21.3816 24.7058 21.0954 21.1891 20.9163 27.702 20.8925 20.8233 22.5546 20.4797 20.4273 20.3908 19.9897 19.9246 34.4945 34.8092 29.1258 30.218 27.2037 26.1847 24.052 39.823 19.8599 19.7959 20.2815 19.7002 19.3665 26.702 19.306 18.9949 18.9521 29.1296 29.3577 23.3279 24.5913 18.8525 19.6545 18.4097 20.7027 22.5528 20.3224 18.3742 18.1581 26.2854 18.05 17.9873 17.7651 17.754 17.6358 17.5905 21.4384 19.9471 19.832 26.1913 20.686 17.4692 44.4096 26.8659 18.8431
threshold=0.014503159094601871 -0.017639513127505776 0.033033996820449836 -0.19163300096988675 0.15422734618186953 0.18697883188724521 -0.24663245677947995 0.29666452109813696 -0.27485568821430201 -0.39823217689990992 -0.055688397958874696 0.28915858268737799 0.24550359696149829 -0.44355355203151697 0.40169054269790655 -0.082451522350311265 0.49981500208377844 -0.038853816688060754 -0.024168825708329674 0.23123797774314883 0.42945490777492529 0.080965910106897368 0.37500000000000006 -0.38778407871723169 0.2236350551247597 0.46792815625667578 -0.15548929572105405 0.036714788526296623 0.26603311300277716 0.036870472133159644 0.089486967772245421 -0.60776138305664051 -0.66585803031921376 -0.040569264441728585 -0.27596673369407648 1.0000000180025095e-35 -0.26754547655582422 0.22874561697244647 0.29181136190891271 0.14259439706802371 1.2308723926544192 -0.28344799578189844 0.17187500000000003 -0.11579712852835654 -0.16915138065814969 0.065789472311735167 0.54071941971778881 0.88329708576202404 -0.30119255185127253 -0.16205824166536328 0.0064060094300657519 -0.017977316863834854 0.57917422056198131 0.56286081671714794 0.50609637796878826 0.60489603877067577 0.60577878355979931 1.0000000180025095e-35 2.0481652021408085 -0.027511961758136746 0.13505499809980395 -0.34200373291969294 -0.12456032261252402 0.31995254755020147 0.2879896759986878 0.055206734687089927 -1.0000000180025095e-35 -0.034240217879414551 0.48752337694168096 -0.16091182827949521 0.24920769780874255 0.014131569769233467 0.34287452697753912 -0.52309173345565785 -0.14872200787067411 -0.23171430081129071 0.56384244561195385 0.13059716671705249 0.19058908522129062 0.29325781762599951 -1.0000000180025095e-35 0.35374227166175848 -0.0053667379543185225 0.57291713356971752 -0.16687472909688947 -0.064662870019674287 -0.27836275100708002 0.064282633364200606 0.094909291714429869 0.14357619732618335 0.78416392207145702 -0.039248509332537644 1.0000000180025095e-35 0.38546226918697363 -0.045795794576406472 -0.21062390506267545 -0.012798325158655642 -0.045682754367589944 -0.096751268953084932 0.060997141525149352 -0.20126146823167798 0.18892045319080356 -0.35770565271377558 -0.78662651777267445 0.38402506709098821 0.21349308639764789 0.14092430472373965 0.12810100615024569 -0.069595895707607255 0.29533354938030248 -0.058920927345752709 -0.41491520404815668 0.3097513765096665 0.18792673200368884 0.080143537372350707 0.23932125419378283 0.13571841269731524 1.0000000180025095e-35 0.10234196111559869 0.072189893573522582 0.080588527023792281 0.15777362138032916 0.10261145979166032 -0.11175785586237906 -0.11177759990096091 -0.091482266783714281
decision_type=2 2 2 2 2 2 2 2 2 2 2 2 2 2 2 2 2 2 2 2 2 2 2 2 2 2 2 2 2 2 2 2 2 2 2 2 2 2 2 2 2 2 2 2 2 2 2 2 2 2 2 2 2 2 2 2 2 2 2 2 2 2 2 2 2 2 2 2 2 2 2 2 2 2 2 2 2 2 2 2 2 2 2 2 2 2 2 2 2 2 2 2 2 2 2 2 2 2 2 2 2 2 2 2 2 2 2 2 2 2 2 2 2 2 2 2 2 2 2 2 2 2 2 2 2 2
left_child=1 3 41 8 5 20 33 17 9 31 12 16 49 35 15 -3 25 18 46 21 30 -20 24 -24 51 67 -23 -22 29 89 104 32 58 69 -32 115 37 45 -39 111 90 -2 43 44 -43 -13 71 -29 -17 -8 60 52 57 54 -38 56 113 65 59 -1 -34 -12 63 -63 -21 -10 -56 79 -69 -5 -71 72 -6 -72 -14 -76 -28 -45 -77 -9 83 82 86 84 -50 -86 -82 95 -89 -7 91 109 -73 94 -79 -87 -67 98 99 -36 -100 -102 -33 -104 105 106 107 -4 -53 -19 -111 -40 116 -55 -84 -11 117 118 -51 120 -119 -122 125 124 -124 -44
right_child=2 14 4 6 7 28 10 11 22 13 61 36 74 -15 -16 48 -18 40 19 64 27 26 23 -25 -26 -27 76 47 -30 -31 34 102 50 -35 97 -37 53 38 39 -41 -42 42 122 77 -46 -47 -48 -49 80 112 -52 108 -54 55 66 -57 -58 -59 -60 -61 -62 62 -64 -65 -66 96 -68 68 -70 70 73 92 -74 -75 75 78 -78 93 -80 -81 81 -83 114 -85 85 87 -88 88 -90 -91 -92 -93 -94 -95 -96 -97 -98 -99 100 -101 101 -103 103 -105 -106 -107 -108 -109 -110 110 -112 -113 -114 -115 -116 -117 -118 119 -120 -121 121 -123 123 -125 -126 -127
leaf_value=-0.0058464311265085554 -0.0039293705249495948 -0.0063065789691692242 0.0002164450483964205 -0.0017299124178983419 -0.0053755935154358742 -0.0090432270789025503 -0.0053721776702004313 0.002993953763090698 -0.0055024195628315571 0.010659524934166007 0.0064119285464325805 0.0037584478700769422 0.0075702611336184514 -0.00057804873148997965 -0.010913561848852678 0.0067923543333759384 0.0046717176692861757 0.0027068578648151045 0.002792919041939772 0.0041445229884328116 -0.0034253164151414614 0.015451566033091141 -0.024097936307389912 -0.0058505780317582214 -0.014590057519947137 -0.014653242343958338 0.0082633143205658472 0.0043143507425821414 -0.0088984627160676906 0.00055796855574330787 -0.010656748549858928 -0.0026845924593658483 0.0063303586012391066 0.010396614112774389 0.006819838480290533 0.00016165574629048511 -0.00023064387258967334 0.003763221934344212 0.00022674327357330402 0.0033960522166856843 -0.0060305605997872866 -0.010561190992363254 0.0035176404880157205 0.0057509134686911734 0.0032491040920118205 0.012971297440399697 0.0067830018554935253 -0.002449416591711065 -0.00758846519463583 -0.00057082984721774249 -0.0040028545450613269 -0.00028116299679131296 0.0049221267877473445 -0.0099880933446895147 0.011838089163441886 0.0052040252693278995 -0.00041175864093986869 -0.0012941602570977007 0.0064250922079370342 0.001614105699384627 -0.0039920049310250474 0.0012770550947666028 0.0026314050893713492 -0.0059304512541739161 -0.0017716323585267569 -0.016850390262683018 0.0011872826433899704 -0.0090963675781604546 -0.0014373298297878482 0.0073975864980280956 0.009757407359211925 -0.0027373008749244252 0.0032119694156442224 -0.00016513535585958617 -0.0043521564200096202 0.0049095612914582861 -0.0020068204819576924 0.0064161089766470855 -0.00085981537205052417 -0.0057635094281051034 -0.025508924034584518 -0.00044405575515068 -0.0084450847243468206 -0.0058544249989912799 0.0099486346303122135 -0.0051468224115987556 -0.0080462352645008089 -0.00040584466441365478 -0.015327523404033906 -0.0013462276054128522 -0.0014980712145962979 0.0091190630520639349 0.0087878532100832546 0.0059255806272037245 0.02731764496530132 0.0027472787825840645 -0.0015861855507190267 -0.00013305977649087045 0.0021135841869766546 -0.0016365275464116824 0.02404695192927404 0.0022189051644057782 0.00021371358028222966 -0.0092253569882489398 -0.0053068583140054096 -0.0054300337616700984 0.0048100555305185472 -0.0055200622082423219 -0.0068016516372164408 0.015648082598111398 0.0036524733003502224 -0.011059796007214854 0.0060118513087606311 0.00085986595905561316 -0.00047511733263761721 0.00071902287322829093 -0.0052634479306304825 0.0050317665555455783 -0.0042151101970699292 -0.0069019847505903485 -0.0056727893760015911 0.0016007338509363839 0.0085287072663894972 0.010005586455284222 0.00053331031758154456 -0.00041731420573055906
leaf_weight=653.72670127393212 163.58873493026476 1498.7311082484666 860.52618146350142 321.53097490989603 755.69736448221374 346.23983560828492 667.12734357488807 317.24971695104614 557.87877075292636 278.56908997124992 336.87407524662558 349.6404956971528 185.61050907208119 1705.6461470440263 274.19650062941946 87.816233044606633 182.88661656912882 912.60628437437117 654.72040982684121 360.2753251689719 297.94336292904336 200.59294579608832 51.780643183039501 352.28352751617786 75.334770857123658 82.199064227286726 214.75590819003992 1427.3664514214033 396.26295446872246 682.60534231597558 61.273975061136298 737.25480115809478 417.08995851036161 218.58278876019176 234.61888269439805 313.43366403121036 926.69669664662797 473.30331626185216 78.464603260275908 130.14865889959037 64.973010591464117 74.319367502233945 816.98389760684222 1464.7846390092745 847.07679140218534 193.03888196649496 107.13646877091378 232.85039174417034 170.47465568047483 1414.3267745982157 151.48011049628258 1251.4591619402636 104.55449175392278 268.37241882027593 122.74755225144327 97.920549731585197 329.84464522334747 301.51621607143898 64.717014377354644 194.58250214718282 81.122132629039697 924.19802312215324 1889.6442458465463 376.78581053460948 671.72108237119392 141.58620450855233 171.78137087402865 321.74852748110425 356.91491193301044 409.96849339280743 76.377398119308054 99.042217168607749 167.3545658912044 508.91059912589844 251.06656366074458 483.73004417447373 100.47664745897055 71.245633481652476 458.38926011149306 125.42297021555714 44.959241266129538 424.95283677324187 189.64825401594862 453.85175534104928 94.830189836211503 121.11938127456233 151.58756876317784 275.88785003731027 73.065654186881147 230.40631124703214 146.07894776470494 542.52515492821112 93.957676831283607 160.69749088212848 43.670235109399073 832.20029579743277 48.082094044890255 1598.8030125090154 88.729815790196881 428.54063570988365 44.138192260405049 37.772435496328399 102.11941172915976 485.08196872530971 616.14315101073589 362.37112054380123 265.09083342691883 320.32137501309626 177.55938934371807 102.89622181653976 228.28878537018318 153.3720052606659 105.88086360879242 68.434696580981836 246.49161090760026 100.4190931126941 430.72817083098926 521.11905492283404 1047.600238271174 90.461941821384244 212.72758606122807 437.00331367808394 183.72556574142072 363.18116171157453 914.6443263257388 1143.717396264663
leaf_count=1300 273 3367 1270 539 1573 729 1269 557 985 663 541 529 413 3050 690 187 311 1535 1061 558 491 535 241 685 225 254 423 2350 847 1208 203 1528 796 481 456 540 1487 838 127 208 128 196 1346 2729 1485 462 227 287 328 2493 239 2232 198 571 269 207 539 586 127 370 143 1465 3270 633 1069 400 257 646 528 762 179 198 325 883 436 832 185 133 691 213 225 764 376 802 221 243 295 437 230 380 209 1060 205 285 229 1638 77 2948 133 710 197 56 161 946 1093 751 542 606 388 344 424 369 250 84 480 200 835 1011 1820 205 382 748 351 749 1545 1897
internal_value=-6.85492e-05 -0.00138134 0.00122828 -0.000684075 0.000472415 -0.000754033 0.000469967 0.00150131 -0.00225382 -0.00107254 -6.75821e-05 1.73601e-07 -0.00108549 0.000978885 -0.00414548 -0.00369165 -0.00293013 0.00281052 0.00159016 0.00334827 8.41901e-05 0.00593851 -0.00426558 -0.00943629 -0.0033983 -0.00416653 0.00961459 0.00227112 -0.00419293 -0.0025665 -0.000791301 -0.00277378 -0.000857285 0.00386679 0.000751878 0.0047193 0.00122015 0.00336219 0.000555532 -0.00358854 0.00485524 0.0034793 0.00369568 0.00518326 0.00187891 0.00745987 -0.00157095 0.00333606 -0.00241278 -0.00188611 0.0024342 -0.00293432 -0.00500664 -0.000283386 0.0014034 -0.00295158 -0.00431179 -0.00609941 -0.00321198 -0.00412306 0.00451318 0.00174406 0.00120364 -0.000872584 0.000334073 -0.00792745 0.00620436 -0.00309422 -0.00526662 0.00260856 0.00402877 -0.0025124 -0.00376241 0.00145567 0.00175046 0.0007049 0.00504824 0.00687882 0.00213914 0.000313506 -0.00273052 -0.00493683 -0.00781639 -0.00152691 -0.000197221 0.000813094 -0.0144176 -1.54017e-05 -0.00434682 -0.006155 0.00530005 0.00587627 0.00316224 0.0118989 0.0177433 0.0016284 -0.0135958 0.00114765 0.00354992 0.00147751 0.0103737 0.0167783 -0.00497294 -0.00761407 -0.00237481 -0.00131403 -0.000202552 -0.00141075 -0.00119939 0.00430829 0.00820788 -0.00751693 -0.00131063 -0.0078261 -0.00422546 0.00823733 -0.00153404 -0.00106865 -0.00215104 0.00103669 0.0017893 -0.000882526 0.00250784 0.00415349 0.0020367 0.00124042
internal_weight=49608.7 24655.7 24952.9 19715.9 18705.3 8532 11368.6 10173.3 8347.28 5285.24 9833.27 4750.19 6305.77 2398.07 4939.81 4665.62 1386.42 5423.1 3425.73 2202.54 6876.49 1170.55 3062.04 404.064 2657.97 1203.54 515.826 1958.16 1655.51 1259.25 4918.33 2887.17 1562.72 1535.37 2493.88 692.422 3363.77 1377.97 835.289 361.985 1997.37 6247.64 6084.05 2661.79 921.396 542.679 1223.19 1660.22 3166.89 4926.98 649.692 2582.64 1153.62 1985.8 1221.23 764.572 666.652 1049.06 913.026 848.309 498.212 3527.5 3190.63 1300.98 1032 747.547 294.529 1121.34 678.663 1316.79 995.256 1116.05 923.052 585.288 1378.8 1193.19 315.233 1740.4 942.119 442.673 3079.07 1057.64 632.687 2021.43 1567.58 1397.1 196.547 1302.27 348.954 576.646 1932.4 1786.32 193 275.613 114.916 953.32 189.668 2432.6 833.8 663.16 170.64 81.9106 1324.46 587.201 2424.45 1808.31 1445.94 1180.85 1429.02 1243.79 331.185 231.837 4259.85 336.807 436.14 378.988 4153.97 3723.24 2461.93 1261.31 1170.85 649.731 3422.25 1461.55 1098.37 1960.7
internal_count=91491 46501 44990 36218 33772 15257 20138 18515 16080 10063 17294 8456 11385 4453 10283 9593 2509 10059 6359 3831 12093 2204 6017 926 5091 2198 1143 3128 3164 2317 8965 5610 2975 2844 4703 1403 5947 2533 1542 704 3700 11218 10945 5057 1681 991 2528 2637 6226 9013 1178 4866 2246 3414 2013 1401 1194 2048 1797 1670 939 5909 5368 2098 1627 1462 526 1944 1174 2363 1824 2301 1898 1062 2372 1959 608 3376 1523 770 6039 2140 1376 3899 3097 2769 520 2548 667 1109 3572 3363 403 647 362 1881 477 4500 1552 1166 386 253 2635 1107 4262 3169 2418 1876 2620 2303 768 496 7744 655 856 863 7494 6659 4313 2346 2141 1130 5888 2645 1896 3243
is_linear=0
shrinkage=0.0200396


Tree=57
num_leaves=127
num_cat=0
split_feature=18 20 18 11 44 11 11 20 20 18 16 18 11 20 11 18 39 33 41 37 3 33 23 40 55 18 20 33 13 18 17 32 20 18 20 24 14 18 24 34 24 23 18 40 23 44 10 18 44 5 10 5 15 23 35 28 0 20 24 29 73 32 29 19 28 10 32 40 20 1 10 42 9 17 12 39 44 42 30 25 31 44 73 35 35 42 11 40 23 32 23 19 44 39 35 28 24 29 44 17 11 18 20 4 13 19 11 18 44 18 20 3 23 25 55 29 10 24 33 1 5 5 15 18 33 11
split_gain=200.554 45.2537 51.2314 67.0392 50.3288 49.6999 49.2562 39.3093 35.1365 56.6563 43.5019 34.1518 56.5189 50.8663 48.9396 45.5699 43.7982 45.3384 38.0305 46.0649 47.7879 36.2155 59.3509 72.5374 66.5367 36.0827 42.9967 32.1084 29.5106 29.1514 35.3331 34.2095 31.6552 28.828 30.0138 32.6315 28.211 28.1112 27.8277 27.0912 32.0433 39.3243 26.1308 39.4244 28.1807 26.0691 37.4183 25.9545 25.9425 28.0436 25.3818 25.3299 40.5517 28.6599 25.2375 24.8627 25.1324 24.6206 31.6679 30.5689 24.5898 23.5323 22.969 24.4689 39.4766 22.8637 37.0508 22.5307 22.265 28.3182 22.2239 22.0851 21.9196 21.8233 58.3174 25.2908 21.6647 21.4616 21.4496 21.3332 37.1474 21.927 20.8398 20.7929 20.3634 20.2949 20.1649 19.5732 25.8064 21.7114 19.5259 20.5914 24.7224 22.4786 19.5934 19.2616 19.1451 36.865 47.4178 31.1892 29.6192 27.1629 24.9794 23.422 22.7981 19.3523 19.0712 29.2774 28.243 20.4691 24.3004 27.028 22.4529 21.3645 20.1831 18.8653 23.5791 18.6254 18.4911 19.2885 19.5047 27.1247 28.8436 18.4293 35.9349 22.6644
threshold=-0.04432928375899791 0.05776606127619744 0.13059716671705249 -0.15547610819339749 0.042369695380330093 0.12866553664207461 0.2367171719670296 0.25244268774986273 -0.12569123506546018 0.11385279521346094 0.29363694787025457 -0.49258488416671747 -0.56625214219093312 -0.25807870924472803 -0.1870821267366409 -0.31688533723354334 -0.10330022871494292 -0.094111900776624666 0.096360478550195708 0.055297268554568298 0.093194048851728453 0.5372789502143861 -0.20348022878170011 0.277877688407898 0.26109988987445837 -0.15137828886508939 0.090958140790462508 0.57135316729545604 -0.12262440845370291 0.22010503709316256 0.42945490777492529 -0.27836275100708002 0.016638056375086311 0.060649557039141662 -0.083471678197383867 0.43202824890613561 0.042792793363332755 0.22168816626071933 0.57008981704711925 0.085841175168752684 0.23001078516244891 -0.1744008734822273 0.15422734618186953 -0.027877697721123692 -0.047743095085024827 0.18306107819080356 0.24920769780874255 -1.0000000180025095e-35 0.10879456251859666 -1.0000000180025095e-35 -0.2446525767445564 1.0000000180025095e-35 0.14284611493349078 0.018536146730184559 -0.57275351881980885 0.25279174745082861 -0.046874999999999993 0.069357905536890044 0.17497795075178149 0.29691085219383245 0.052640372887253768 0.11388198286294939 -0.40082852542400355 -0.18342501670122144 0.040403651073575027 -0.15548929572105405 0.18166755884885791 0.22212230414152148 -0.048021500930190079 -0.052556818351149552 2.1500921249389653 0.21616413444280627 0.083968259394168868 -1.0000000180025095e-35 -0.093463301658630357 0.14738472551107409 0.17732045054435733 0.61145547032356273 -0.055324368178844445 0.18078346550464633 -0.21405401825904843 0.11271755769848825 0.13068606704473498 -0.27090860903263086 -0.37745085358619684 0.52109292149543773 -0.48276719450950617 -0.098021585494279848 -0.1769357621669769 -0.09088339656591414 0.22231548279523852 -0.06378344818949698 -0.046192593872547143 -0.15743458271026609 0.24734319001436236 -0.29848809540271753 -0.044714730232954018 -0.014415618963539599 0.020462531596422199 -0.045448007062077515 0.13701941072940829 0.210770919919014 0.59764358401298534 -0.25349488109350199 0.12195955961942674 -0.042804200202226632 0.077320214360952391 -0.21398915350437162 0.19124463945627215 -0.31688533723354334 -0.3206187486648559 0.30716200172901159 -0.23720460385084149 0.014612970873713495 0.014356117229908706 0.17166053503751758 0.24362587928771975 0.48613642156124121 0.033271552994847305 -0.29403407871723169 -0.37499999999999994 -1.0000000180025095e-35 -0.090340517461299882 0.014503159094601871 -0.0091330651193857176 0.05373013764619828
decision_type=2 2 2 2 2 2 2 2 2 2 2 2 2 2 2 2 2 2 2 2 2 2 2 2 2 2 2 2 2 2 2 2 2 2 2 2 2 2 2 2 2 2 2 2 2 2 2 2 2 2 2 2 2 2 2 2 2 2 2 2 2 2 2 2 2 2 2 2 2 2 2 2 2 2 2 2 2 2 2 2 2 2 2 2 2 2 2 2 2 2 2 2 2 2 2 2 2 2 2 2 2 2 2 2 2 2 2 2 2 2 2 2 2 2 2 2 2 2 2 2 2 2 2 2 2 2
left_child=11 4 3 27 8 33 71 47 9 72 -11 16 68 51 15 86 54 -18 19 25 36 22 -19 24 -24 117 39 85 -22 30 32 -32 73 34 35 -6 -21 60 -37 -27 41 45 43 78 -44 46 -41 90 49 -9 -49 55 67 -54 70 106 -57 58 59 -52 -8 -60 -35 -64 -65 66 -45 -53 69 -13 -1 96 -2 74 -7 -75 -28 -73 -10 80 -31 -81 -66 -46 -39 -3 -15 -88 -89 -90 91 92 94 -93 -5 -43 97 100 -99 -98 102 104 105 -104 -101 -4 109 -108 114 113 111 -111 -112 -14 -109 116 -67 -16 119 -17 -121 -122 -123 124 125 -80
right_child=1 2 6 7 5 29 37 48 42 10 -12 12 13 14 18 118 17 21 -20 20 28 -23 23 -25 -26 26 76 -29 -30 79 31 -33 -34 62 -36 38 -38 84 -40 40 -42 95 44 65 83 -47 -48 50 -50 -51 57 52 53 -55 -56 56 -58 -59 61 -61 -62 -63 63 64 82 115 -68 -69 -70 -71 -72 77 -74 75 -76 -77 -78 -79 123 81 -82 -83 -84 -85 -86 -87 87 88 89 -91 -92 93 -94 -95 -96 -97 99 98 -100 101 -102 -103 103 -105 -106 -107 107 108 -110 110 112 -113 -114 -115 -116 -117 -118 -119 -120 120 121 122 -124 -125 -126 -127
leaf_value=-0.01461913988347458 0.0066822105414987166 0.0019003627153192865 -0.00036514762979030012 -0.020104580084660453 0.006168332842485455 0.011453711545930821 0.0023418299071291085 -0.0040989691171557877 -0.0086759872390838062 0.030838430650332985 0.0049942115471562493 0.015471007314747522 0.00016576758650191405 -0.00128311224782681 -0.0057815038397761569 -0.0032364262460009246 0.0013723475163560284 -0.00049875165634585556 -0.007374156830538282 -0.0058016784929574919 0.010245385330997605 -0.0050025486559890035 -0.05719472922430896 -0.0089783352663742513 -0.0049943349146110714 -0.0034857044853622678 -0.01352033941515121 -0.0041278684638716518 0.0012617837756699333 0.0022085639554923226 0.012031771436264086 0.00033820331988298574 -0.010666566929169714 -0.0044085103257532256 -0.0023792859533264604 -0.013490859588948615 0.0014627304489901066 -0.0048968049913399652 0.0041556854552350477 0.022198502879594836 -0.0048730695525189939 -0.008856920518571865 -0.0010625512796397485 0.020201639220143657 0.002351508545529974 -0.00021351654729928588 0.0046893794326574719 -0.0084239359221832018 -0.0016964891892058776 -0.025105980204098582 0.0024131242574518476 0.003182478858931438 -0.0027732036837602343 -0.012992572543977208 -0.0019456740407855604 0.0050853840856293145 -0.0084739289287951419 -0.0019674342630150634 -0.0011052450222012464 -0.010548229603856539 -0.011484600858665883 0.010723858265730777 -0.00058475155212553637 0.0040115478152594987 0.016783617029383562 0.0051034702870086822 0.0044340277224060405 -0.0029871713362518396 0.0010697674635340973 0.0027746849100312556 -0.00025011462657549625 0.0054027972199858732 0.00048515208999948007 -0.010029463691239717 -0.0020774696060609811 -0.00026910808496059357 0.00012962091904304484 -0.0047512140920147319 0.011395210823620669 0.012563721432376607 -0.012985902368668317 0.0023051739314978946 0.0019595142086310277 0.0089705583651871947 0.00037458524428507294 0.0088235437815779669 0.0017437506224511742 -0.0029836298675660314 -0.017662748315903046 -0.0018797788314224323 0.0010615249816502976 -0.0021383954896480126 -0.0016067775498901198 -0.022112974440092487 -0.001259112204734689 0.0008959175524897938 -0.0051309517577338912 0.021603300220678537 0.0043468436908523376 0.0035491671734633194 -0.0034626946799136272 0.0031514657209200728 0.004115492262396582 -0.0031462737252823201 -0.0027836057170659021 0.0069014902091916941 -0.0022975629280578974 0.012413930356008929 -0.0034715584370271736 0.022924152847459668 -0.0033776658949750218 0.0010368360064087888 0.0090566395653635338 0.010465613937436852 0.0031389685403317956 -0.00097671893259340475 -0.00093568407547607807 -0.014976406095851108 -0.0011190734578924557 0.0083636783666779287 -0.0026067239775016777 0.005715391248995577 -0.0013557473227165154 0.0014976890305781118 -0.0041795294288043223 -2.519580238653518e-05
leaf_weight=100.62984026165213 582.86984081647824 1587.296217631083 184.5505938292481 41.328275776584633 414.46455150167458 110.72473280446138 58.64927444094792 56.894300283514895 76.265367364743724 39.363144579227082 64.311716220923699 99.167878539650701 407.47589158685878 299.7438022303395 1207.6786316970829 273.90662888903171 107.79741609026678 50.685913659399375 836.41437084157951 524.52487711340655 187.7888492468046 155.65841520985123 18.764462405117229 72.526452908874489 19.352904380531982 1544.54765225749 177.12129551160615 304.38388856756501 509.94694461708423 172.39526298444252 88.186253807041794 900.87821520958096 164.2872800702462 107.08961185882799 788.49135547631886 50.819189001224004 334.96628681779839 340.51246026542503 49.392786556156352 62.322525472613052 283.04986482812092 76.300280738854781 230.13195145805366 60.563916445942596 324.22742023516912 108.39680524682626 156.33827219286468 182.01888678083196 81.041465345188044 50.018738784361631 190.40404367470182 632.9385421910556 429.74376501992811 134.78238995559514 2100.6626460622065 59.456196323037148 147.52247510466259 2611.7919773341855 89.03484296228271 86.024172008386813 163.25143504375592 189.46603740542196 329.17352465423755 1459.6782660061726 145.23615920636803 1199.1162973339669 279.81035508983769 347.24251453659963 518.62230339518283 199.54268334922381 68.381532683619298 1005.6239153438946 378.95382705691736 246.44222157762852 2149.0643464286113 180.0563889866462 57.134384681819938 70.360619366052561 85.167150465655141 71.149519664351828 72.134345079306513 844.13769510807469 58.902826370904222 547.89063994947355 1481.4671910555335 170.75535944534931 58.373031775001436 155.91283860732801 150.01550262840465 52.248938994132914 107.51837069157045 40.519871486234479 260.35493059747387 52.59913280501496 39.173035533982329 381.49904144764878 338.9148558039451 62.570485787698999 314.28341840056237 287.031576030422 348.30150402046274 1261.552664784831 290.28970021218993 385.14168198779225 826.69692787760869 604.14746454183478 564.90639875759371 129.40255483554211 136.88676416303497 56.337451891391538 80.542129583656788 35.154088076669723 113.97122864867561 76.274843057617545 315.93642450356856 398.664722632966 316.44209972722456 86.553499650908634 2745.600823189714 165.68907140637748 431.01321491226554 643.04366584564559 338.42359017569106 2683.9317108774558 670.91279409220442 183.82728078123182
leaf_count=327 1063 2718 289 199 729 265 104 87 192 234 94 288 642 500 2497 479 194 69 1731 941 439 264 363 162 40 2860 480 497 872 269 203 1403 474 250 1388 149 622 659 100 269 496 177 388 235 485 163 217 474 145 250 277 1106 722 333 4191 100 380 4906 136 206 380 383 522 2532 383 2210 516 641 791 312 107 1838 586 521 3738 254 99 132 213 182 200 1484 93 1079 2636 334 107 217 456 74 172 49 403 223 51 568 636 236 486 463 716 2072 441 644 1423 1205 1017 341 205 232 112 96 247 178 547 592 429 235 4508 338 841 1138 600 4498 1243 330
internal_value=-8.28911e-05 0.000918896 8.65747e-05 -0.00128742 0.00163057 0.000539327 0.00114007 -0.00277187 0.00275339 0.00612071 0.0187563 -0.00169817 -0.00134864 -0.00162122 -0.00225871 -0.000822749 -0.00378293 -0.00953347 -0.00341774 -0.00280669 0.000124761 -0.013127 -0.0192688 -0.0262326 -0.0428191 -0.00390603 -0.00260241 0.00164046 0.0039528 -0.000730212 -0.00157168 0.00165491 -0.00269973 0.00239905 4.53428e-05 0.00371548 -0.00299307 -0.00152929 -0.00552838 -0.00180846 0.000631386 0.00271855 0.00222449 0.00168409 0.00503592 0.00776673 0.01142 -0.0022952 -0.0112018 -0.0167587 -0.00160724 0.000436039 -0.00149861 -0.00565936 -0.00261374 0.00184946 -0.00438102 -0.00115088 0.00259511 -0.00210657 -0.00788311 0.00710007 0.0038387 0.00433674 0.00531246 0.00375806 0.0084153 0.0009653 0.00371043 0.00785123 -0.00957492 0.00205688 0.00432171 -0.00211764 -0.00129378 -0.00615555 -0.0104127 0.00463377 0.000401466 0.00202104 -0.0029968 0.00341841 0.0131606 0.00664682 -0.000657078 0.00268929 -0.00543387 -0.00817455 -0.00984439 -0.0142251 -0.00628078 -0.00809445 -0.00510955 -0.0156449 -0.013334 -0.00107255 0.00146955 0.0028533 0.0083638 0.00033442 0.00160729 0.00116268 0.0028574 2.40117e-06 -0.00109954 0.00522338 0.00257506 0.000892354 0.0039711 0.00496778 0.00902521 0.0164807 0.00405706 0.00223854 0.00635118 0.00283074 0.00383922 -0.00666657 -7.71611e-05 0.00145673 0.00231562 0.00147 0.00329051 0.000652486 -0.00172683 0.00418665
internal_weight=49718 30689.1 14164 6140.62 16525.2 8402.7 8023.35 4078.19 8122.45 1065.5 103.675 19028.9 16334.5 15517.1 11848.6 5313.97 2694.46 424.786 6534.58 5698.17 1557.23 316.988 161.33 110.644 38.1174 4140.94 2846.71 2062.44 697.736 4999.46 3839.64 989.064 2850.57 3403.25 1303.17 514.677 859.491 2043.88 100.212 2612.45 1067.91 784.857 7056.95 5954.7 1102.25 327.058 218.661 3890.23 187.955 106.913 3348.74 3668.57 1544.71 564.526 2269.67 2123.87 206.979 3166.72 554.929 276.428 221.901 278.501 2100.08 1992.99 1663.82 2254.6 340.374 980.181 817.333 298.711 169.011 5979.47 961.824 2686.29 2259.79 426.499 234.256 1075.98 3700.1 1159.82 244.53 915.287 204.139 872.118 1821.98 1758.05 716.294 416.55 358.177 202.264 541.494 433.975 340.856 93.119 80.5013 457.799 4903.48 2189.28 376.854 2714.2 1812.43 2375.28 1464.13 675.431 1113.73 788.698 1916.89 1147.13 582.226 769.756 286.005 91.4915 194.513 483.751 445.339 1914.22 1515.56 1294.23 4597.68 1852.08 1578.17 1412.48 981.467 3623.84 939.907 268.994
internal_count=91327 55396 25870 11510 29526 15139 14360 7961 14387 1977 328 35931 30214 28823 21924 9258 5717 1092 12666 10935 2874 898 634 565 403 8061 5329 3549 1311 8993 6858 1606 5252 6146 2366 978 1563 3779 249 4750 1890 1394 12410 10458 1952 649 486 7479 482 337 6382 6899 2802 1055 4625 4097 480 5908 1002 483 484 519 3780 3530 3008 3982 751 1747 1391 600 434 10581 1649 4778 4003 775 579 1970 6476 2135 469 1666 476 1564 3295 3052 1354 854 747 530 1097 925 653 272 250 745 8611 4017 722 4594 3295 3958 2579 1085 1886 1494 3617 2110 1093 1507 687 328 359 820 888 3231 2639 2732 7904 3396 2917 2579 1738 6284 1786 543
is_linear=0
shrinkage=0.0200396


Tree=58
num_leaves=127
num_cat=0
split_feature=18 21 21 18 21 21 18 21 18 18 21 21 18 12 21 18 21 44 33 24 21 22 29 29 36 13 18 18 3 69 18 31 21 24 9 35 17 22 36 18 44 10 29 1 18 18 80 20 29 10 10 11 15 21 18 29 14 73 24 18 80 29 24 21 22 33 39 73 9 22 31 33 35 31 39 18 24 80 13 3 35 80 21 18 19 37 73 80 10 36 39 19 20 12 10 14 35 19 1 44 39 17 24 33 15 80 24 3 10 12 39 57 15 12 21 20 22 12 44 73 22 12 3 73 32 18
split_gain=201.733 106.961 100.063 86.9163 68.1863 61.1733 45.7821 39.9019 36.1216 35.9033 36.7923 36.4728 32.8516 32.1679 31.3199 32.9573 29.338 28.5368 28.4061 28.082 27.7431 26.8562 26.4896 25.557 25.2428 31.1258 25.2042 25.1142 24.8639 24.154 28.883 24.8345 33.3532 24.1816 33.4551 23.651 23.4885 23.511 23.3676 23.295 22.9491 22.8844 22.7725 22.6694 36.3257 29.803 23.9406 21.9285 21.7899 29.6644 21.5096 27.5361 21.2324 20.9771 32.5094 22.9947 21.8281 20.9797 21.1147 20.1834 45.5381 23.1071 20.02 19.9614 24.5063 19.901 19.7924 24.1585 19.5672 19.5294 38.4738 45.5434 33.4365 20.2485 22.8617 19.3278 19.5763 19.2527 18.876 18.7685 21.497 20.0512 18.7255 25.5926 29.7937 29.4204 26.2487 23.3611 24.7352 20.4046 36.7981 26.1836 19.1615 18.6481 24.2916 18.554 18.4185 18.3598 36.9483 32.7 21.4453 29.7504 36.8811 31.4441 21.6409 26.6688 23.7265 31.9195 21.6479 20.3813 18.3426 17.9333 17.7246 18.2575 17.677 17.63 19.7835 17.3806 34.5829 39.1799 22.5556 17.3613 20.9115 17.3579 18.1395 17.8758
threshold=-0.078981548547744737 -0.078576009720563875 -0.10936497896909712 0.086003046482801451 0.11128928512334825 0.038806926459074027 -0.25816884636878962 -0.27485568821430201 1.0000000180025095e-35 0.17358103394508365 0.34028223156929022 0.23123797774314883 0.35416677594184881 -0.0040137614123523227 -0.3871071189641952 -0.46007244288921351 0.50962156057357799 0.16309143602848056 0.29509913921356207 -0.12109429761767386 0.48717127740383154 0.30948847532272344 0.050510389730334289 0.069191973656415953 -0.15734265744686124 -0.37850387394428248 0.28136509656906133 0.036714788526296623 -0.46541532874107355 0.046612495556473739 -0.20809268206357953 -0.17436068505048749 -0.061898652464151376 -0.070528894662857042 -1.2108532190322874 -0.070196412503719316 -0.10578167438507079 0.20815725624561313 -0.17132867127656934 -0.37081009149551386 0.11533868685364725 -0.1537332087755203 -0.40082852542400355 -0.03835227154195308 0.30853129923343664 0.31124331057071691 0.15333947539329532 -0.22483542561531064 -0.17249313741922376 -0.10981091484427451 -0.13190061599016187 -0.051994072273373597 0.17064318805933001 -0.63534316420555104 -0.66585803031921376 -0.22304630279541013 1.3325825929641726 0.0064060094300657519 0.13505499809980395 0.1756282448768616 0.013484342955052854 0.074718493968248381 -0.052494909614324563 -0.19018601626157758 0.13632562011480334 -0.27820606529712671 0.059953665360808379 -0.37535387277603144 0.48436890542507177 0.34845481812953955 -0.0029646228067576881 -0.14933151006698606 -0.081271208822727189 0.069733563810586943 0.16981013119220736 0.5698031783103944 0.42866063117980963 0.28626118600368505 0.36030066013336187 0.45529152452945715 0.20220889151096347 0.36333577334880834 0.1273252069950104 0.04527618549764157 0.55588057637214672 0.42344468832015997 0.21923523396253589 -0.1178251951932907 -0.13572439551353452 0.63286712765693676 -0.07994303852319716 -0.18614291399717328 -0.0113530489616096 0.024655963294208053 0.095136415213346495 0.37912914156913763 0.026155455969274048 -0.14835732430219647 -0.14062499999999997 -0.5913884937763213 0.61030375957489025 0.21375665813684466 0.46135161817073828 0.16839209198951724 0.20770596712827685 0.1016509383916855 -0.029934264719486233 -0.39443531632423395 0.10524264723062517 -0.25516054034233088 0.11685406789183618 0.23368240147829059 0.60458651185035717 0.74713301658630382 -0.025336754508316513 -0.31632475554943079 -0.043905559927225106 0.033830275759100921 0.069493956863880171 0.030442043207585815 -0.10035521537065505 0.10263761505484582 -0.45878548920154566 0.15752673149108889 -0.094469770789146409 -0.10247534886002539
decision_type=2 2 2 2 2 2 2 2 2 2 2 2 2 2 2 2 2 2 2 2 2 2 2 2 2 2 2 2 2 2 2 2 2 2 2 2 2 2 2 2 2 2 2 2 2 2 2 2 2 2 2 2 2 2 2 2 2 2 2 2 2 2 2 2 2 2 2 2 2 2 2 2 2 2 2 2 2 2 2 2 2 2 2 2 2 2 2 2 2 2 2 2 2 2 2 2 2 2 2 2 2 2 2 2 2 2 2 2 2 2 2 2 2 2 2 2 2 2 2 2 2 2 2 2 2 2
left_child=2 66 6 5 42 8 14 77 97 11 18 17 20 41 15 53 23 36 26 38 48 -10 50 40 25 -9 69 -23 -27 30 31 33 -33 34 -4 -15 37 -6 39 -17 -14 -13 65 45 52 -28 62 78 -12 -50 -16 -52 -45 54 56 -55 -1 58 -56 61 -61 117 -46 64 -26 -5 67 -2 -22 70 72 -72 111 -73 -75 76 93 -8 -44 80 -21 -81 83 84 -7 -85 -87 -84 -89 90 -90 -92 -93 94 -18 -38 -95 98 -3 -100 101 103 109 104 105 106 107 -99 -109 -103 -25 -11 -77 -114 -108 116 -79 120 119 -119 -49 -53 -123 124 -32 -126
right_child=1 3 29 4 9 82 7 24 21 10 12 13 16 35 22 19 75 -19 -20 79 68 27 -24 110 63 28 43 -29 -30 -31 123 32 -34 -35 -36 -37 95 -39 -40 -41 -42 -43 47 44 46 -47 -48 59 49 -51 51 121 -54 55 57 -57 -58 -59 -60 60 -62 -63 -64 -65 -66 -67 -68 -69 -70 -71 71 73 -74 74 -76 112 -78 115 -80 81 -82 -83 87 85 -86 86 -88 88 89 -91 91 92 -94 96 -96 -97 -98 100 99 -101 -102 102 -104 -105 -106 -107 114 108 -110 -111 -112 -113 113 -115 -116 -117 -118 118 -120 -121 -122 122 -124 -125 125 -127
leaf_value=-0.0054805125367670708 0.0090114337607714676 0.0012574104101028094 -9.653666887847214e-05 0.0021040358525919621 0.00017392372344938599 -0.0041735439851787537 0.0048004075383060616 0.0095146207965242629 0.0011224548593761268 -0.0068622443458037806 0.003416008944968909 -0.0051424627007801453 0.016484061304627099 -0.0039454394174458524 0.00640691784812163 -0.00033780621778387862 0.0055677158344080643 -0.0074801939777209749 0.0061161251362848506 -0.0023716234150534935 -0.016314500869664204 0.0032501428928810201 -0.010041536406004621 -0.0067112963102318674 -0.00023632569590724113 -0.0074201540816500808 0.015662884501938416 0.014100984299252961 0.0024958377179700036 -0.0023859842913043681 -0.0015119693550800914 -0.0072647664323192028 -0.029992382577195269 -0.0017444683420121561 -0.022764498415123048 -0.013732127401807664 0.0016721510860442468 -0.0075542465388557861 0.013555259927063438 0.0091551884758030895 0.0048476402961477143 0.003300799453961912 0.017087919164981716 0.0021122887322252482 0.017104674432396078 0.00061568873208183838 0.0014145525632457607 -0.0084782297477986549 0.00047897846847167602 -0.0057531436424407721 -0.0052770712318487177 0.0019448928232464536 -0.0092676728114434587 -0.0021792229727503479 0.0080102443897840294 -0.0092907814322727936 0.00087564703547748294 -0.0029247863717297273 -0.0027271518417731691 0.018230272308645372 0.0042369472409509211 0.0047266850288843806 0.0046561819504053773 -0.0025828408635528944 0.0097189314147523263 -0.010835567818773605 0.0069818296019897785 0.0026899452234486203 -0.0013295205449138446 -0.0028853287896534029 0.015913431407685742 0.007419811243403256 0.0019712086435811622 -0.0038775450537124074 0.0037509983603644984 0.004542154302482863 0.0046145358269823579 0.011420893432387698 0.0026598557164310356 -0.01376914828230359 0.0042460270951353548 0.0003178513170024794 -0.010356932975890114 -0.0012596800988208092 0.0050618156812400755 0.01147821539262542 -0.00025957114947744523 0.0029073373023972642 -0.0017131186813588301 0.0033806846292128044 0.0013985539848229813 -0.0016547675373302958 -0.015763666228610619 -0.00748011231826073 -0.0050690432697303167 -0.0071541901173623676 -0.00023779343919846241 1.7784588760681272e-05 0.0037912438314616995 -0.007467334747952986 -0.0043735682978103064 0.0040443163318562526 0.00072500720183440494 -0.012495372456448866 -0.0053106552651357121 -0.00304292645715797 0.0023805191060356891 0.016265385914248143 0.0022356274586315789 0.015108393937175588 0.0039977906113942687 0.0018524005903156017 -0.0069126406376093857 0.0030638918313754646 -0.0058371006806799868 -0.0034294797961679836 -0.00028116158476267908 0.0035348870459554604 3.5832539249918426e-05 0.018098807466919331 0.00076011273246039688 0.0044271566785657624 -0.0059189513694977063 -0.011467334313943794 -0.0067464926773547736 -0.0019385300268879584
leaf_weight=566.4511591186747 248.68729574722238 487.12232921097893 42.740697597735561 89.847410403424874 389.02220287756063 1705.2039764596848 984.76694949634839 177.71360752219334 2667.9373568738811 363.37046947772615 284.69426018453669 215.97179872007109 80.287959459470585 276.34419766161591 69.056602913420647 302.60734974744264 181.45305253833067 165.05764120700769 755.58422073745169 413.19311715406366 66.783855894929729 344.26502604957204 229.15905973990448 82.722353492630646 1568.5537998426007 106.07306464889552 121.41841480776202 101.73350968910381 422.96916747442447 1652.203590817051 772.14831898640841 89.060680700233206 33.822485039127059 197.86618114856537 41.738330724649131 165.0074585317634 2519.7935827550245 236.67533619957976 83.16761343635153 129.84050107502844 308.93546367285307 251.49467865854967 67.623445338918827 112.68759519630112 78.328337176470086 87.042953900527209 293.15497066429816 89.465891585336067 621.39717487560119 567.9390634468291 1295.3986414227402 462.72460893285461 107.88588700734545 502.12367991416249 280.58828818588518 286.78113074915018 328.48656686837785 147.53623769211117 80.594514532596804 85.576531804865226 843.14477189688478 1314.3928550755372 164.38041015667841 1994.318210814381 80.503000336932018 60.615704354364425 717.34401007718407 2945.1253498513252 65.467184852692299 450.91699026420247 99.970504281576723 239.93399662792217 680.28415841143578 236.90788092440926 370.98619328276254 521.91714184510056 147.13921476027463 64.330775286769494 79.436611154698767 58.297416326822713 332.97438687144313 72.977983236894943 224.2520829673158 1302.622083707829 130.5007688133046 128.98140241007786 145.02853516489267 189.41939369880129 404.75405903533101 90.176884728716686 51.621657378040254 54.561385849141516 206.91548813285772 357.9435187560739 122.76171107427217 74.130749759962782 229.10207886458375 174.1486291353358 105.30538687657099 624.27881958836224 382.31029120716266 199.04065312223975 828.9252156461589 68.144038815866224 278.31268286681734 467.1465994202299 283.71129938657396 116.28019466274418 78.589614691445604 104.35510192648508 132.756285135285 110.53192634182051 115.52959801827092 131.0453003521543 133.95929993898608 262.08176283852663 155.43514984590001 261.17802100267727 469.82184306741692 89.867190466960892 1387.8897996263113 80.702878813259304 311.70025922753848 123.03298663173337 1083.0156967380317 474.14437705429737
leaf_count=1110 555 755 60 155 672 3259 1725 360 4529 704 500 378 254 462 149 443 284 404 1449 749 229 550 498 167 2672 188 315 268 761 3198 1422 194 254 365 216 434 4211 422 215 354 523 385 207 209 271 160 553 233 908 1042 2569 811 212 1005 530 631 646 211 133 279 1501 2398 229 3649 170 142 1369 5254 98 734 306 416 1153 398 629 887 255 169 140 160 600 114 504 2188 273 277 166 429 738 141 81 137 567 646 201 142 378 242 152 1088 627 330 1336 185 516 853 429 372 147 332 200 201 272 184 288 431 231 390 698 273 2350 160 593 322 2156 840
internal_value=-2.11218e-05 0.000871278 -0.00184289 0.0004566 0.00136167 -0.000848163 -0.000871354 0.000395483 0.000276469 0.000580826 0.00135015 -0.000901778 -2.5558e-05 -0.00440868 -0.00209082 -0.000884157 0.00144532 6.1402e-05 0.00263901 0.00150531 -0.00222904 0.00191573 -0.00382821 0.00517177 -0.000568981 0.0028298 0.00185291 0.00633878 0.000251019 -0.00437577 -0.00549406 -0.0104071 -0.017446 -0.00619305 -0.0138047 -0.00814027 0.000504958 -0.00290256 0.00510444 0.00282792 0.00809122 -0.000644999 0.00337756 0.00457178 0.00276962 0.0101087 0.00552258 0.00362936 -0.00134798 -0.00254293 -0.00308123 -0.00346026 -0.00375828 -0.00240663 -0.000898286 -0.00497307 -0.00317202 0.00304542 0.00555239 0.00333944 0.00596744 0.00262599 0.00988059 -0.00124573 0.000378792 -0.00380114 0.00397478 0.00324961 -0.0102532 0.00078803 0.00160484 0.00454485 -0.000843974 0.00278796 0.000728277 0.000141227 -0.00162117 0.00322593 0.0107815 -0.000677217 0.000608178 -0.00700339 -0.0026495 -0.00186009 -0.00345195 1.11005e-05 0.00569638 -0.00476867 -0.00328872 -0.00479728 -0.00592087 -0.0108243 -0.013218 -0.00276017 0.00117616 0.00135042 -0.00478587 -0.000903629 -0.00296472 -0.00575033 -7.89204e-05 0.000551927 0.00300623 -0.00119719 -0.000499897 0.000641402 0.00286857 0.00640245 0.0114913 0.00869823 -0.000325165 -0.00480736 0.00251092 -0.00176223 -0.000405918 -4.1527e-05 0.00388819 0.00138361 0.00367469 0.00820757 6.48628e-05 -0.000628907 -0.00362124 -0.00458503 -0.0041027 -0.0053391
internal_weight=49775.3 33414.4 16360.9 29503.2 17423.6 12079.6 11851.1 5816.75 7445.57 12584.8 8291.26 4293.5 4017.88 908.818 6034.36 3585.62 2411.59 3384.68 4273.38 1393.06 1606.28 3113.94 2448.74 604.702 4350.13 706.756 3517.8 445.999 529.042 4509.77 2857.57 405.228 122.883 282.345 84.479 441.352 3219.62 625.698 515.615 432.448 389.223 467.466 4838.86 964.899 756.437 208.461 535.864 4688.4 1474.03 1189.34 2219.58 2150.53 220.573 2192.56 1403.66 788.905 894.938 508.719 361.183 4541.34 928.721 3612.62 242.709 3643.38 1649.06 150.463 3911.16 3193.81 132.251 2552.9 2101.99 947.799 1154.19 847.828 607.894 1806.89 1038.4 1466.61 147.06 877.443 746.168 131.275 4634.04 3412.34 1835.7 1576.63 274.01 1221.7 997.449 808.029 717.853 313.099 261.477 891.26 304.215 2593.92 587.046 4331.63 1216.71 729.584 3114.92 2732.61 1132.32 1600.29 1532.15 1253.84 786.689 369.018 194.87 303.396 215.479 473.902 768.492 246.575 417.671 481.848 219.766 2298.22 820.867 351.045 1477.36 855.128 392.403 2452.34 2329.31 1557.16
internal_count=91244 60180 31064 53002 31243 21759 22037 10356 12999 22477 14967 7510 7028 1659 11681 6901 4251 5851 7939 2635 2777 5347 4780 1144 7800 1309 6490 818 949 9027 5829 1089 448 641 276 896 5447 1094 1012 797 777 763 8766 1949 1474 475 1053 8469 2450 1950 4282 4133 421 4266 2630 1636 1756 874 663 8122 1780 6342 500 6491 2842 297 7178 5809 327 4541 3807 1749 2058 1443 1027 3107 1764 2556 347 1623 1349 274 8760 6163 3532 2631 443 2597 2093 1664 1523 785 704 1509 485 4353 1024 7652 1995 1240 5657 5030 1998 3032 2847 2331 1478 761 519 662 367 905 1343 456 717 831 400 3944 1361 663 2583 1564 753 4740 4418 2996
is_linear=0
shrinkage=0.0200396


Tree=59
num_leaves=127
num_cat=0
split_feature=18 21 21 18 21 18 21 18 21 21 18 5 21 21 23 1 12 33 36 21 18 29 1 44 37 40 18 20 12 28 18 23 38 9 29 12 20 80 5 19 1 12 32 28 26 80 33 15 10 21 29 33 31 20 12 0 33 18 23 42 36 10 12 34 12 32 24 19 33 24 4 12 21 19 18 19 31 12 21 12 33 19 21 3 21 14 1 18 24 12 10 69 38 80 12 43 22 12 40 15 19 36 73 19 80 21 34 10 11 37 23 18 3 38 37 12 12 16 12 12 18 38 33 9 18 12
split_gain=184.429 90.3751 82.1712 65.0312 54.924 53.5849 51.4432 43.8278 45.6069 36.9959 43.6406 34.7312 29.584 29.338 28.9332 28.0142 27.8604 26.8854 52.8079 26.5452 34.2191 26.3236 30.274 24.7477 25.2548 24.703 27.2909 31.5853 38.5788 29.7181 24.6152 74.949 37.9245 25.4656 23.744 23.731 37.6333 33.4814 30.0748 28.7275 27.465 23.5396 23.4663 33.3549 23.348 23.0844 22.3256 22.0725 21.5305 21.223 25.1306 21.0198 36.6165 24.4311 20.8703 20.1452 29.0475 20.1239 30.7867 23.6858 23.2788 45.0407 45.8858 31.2878 26.9282 22.8063 21.6938 21.0043 20.4975 20.0571 35.805 25.6068 21.4099 19.7895 19.6576 19.51 26.5174 33.4574 19.2696 19.4616 19.222 32.1504 32.7533 19.1522 19.1419 21.4962 22.649 19.2568 22.5081 19.5095 27.9659 19.1193 19.0747 18.9465 18.8867 28.2084 24.5214 42.3992 24.0459 19.441 18.6509 18.6091 26.3895 19.9962 30.2336 33.4154 33.7865 24.8594 24.0113 23.2862 23.2347 18.6073 19.6583 18.5496 18.4783 18.2901 18.1245 31.3516 25.6006 20.2236 18.0431 26.4641 35.104 37.2332 17.8674 17.8581
threshold=-0.04432928375899791 -0.048428479582071297 -0.054201411083340638 0.086003046482801451 0.17350865900516513 0.1745371297001839 0.072161644697189345 -0.19163300096988675 -0.2402180880308151 -0.27485568821430201 -0.39823217689990992 0.37500000000000006 -0.50513148307800282 -0.54361769556999195 -0.018849961459636685 0.38494317233562475 0.33658257126808172 -0.27537772059440607 -0.38811188936233515 0.36144964396953588 0.33461624383926397 -0.40082852542400355 0.32812500000000006 -0.17853665351867673 -0.27037781476974482 0.25089928507804876 -0.10247534886002539 -0.21477843821048734 -0.21502293646335599 -0.31909559667110438 -0.20809268206357953 -0.20348022878170011 0.45574162900447851 0.450581043958664 -0.040569264441728585 -0.15194953978061673 0.048427285626530654 -0.1178251951932907 -1.0000000180025095e-35 -0.15484688431024549 0.10937500000000001 0.65768349170684826 0.098148617893457427 0.022822985425591472 0.16480825096368792 0.048266682773828513 -0.057411020621657365 -0.2061616852879524 -0.032648084685206406 0.44804362952709204 -0.14075658470392224 -0.00080075359437614668 0.13484369963407519 -0.01219441508874297 1.5464449524879458 0.22301135957241061 -0.097093779593706117 0.15422734618186953 0.22231548279523852 0.19448571652173999 -0.26923076808452601 0.17557050287723544 0.15194953978061679 -0.20864362269639966 0.23910550773143771 -0.42099140584468836 0.40294981002807623 0.69510847330093395 0.45032088458538061 -0.058487614616751664 -0.35746204853057856 0.14277523010969165 -0.1228351518511772 -0.011620719917118548 -0.52575635910034169 -0.13648257404565808 -0.12442617118358611 -0.25516054034233088 -0.00096215525991283346 -0.11410550400614737 -0.24447381496429441 0.25615713000297552 -0.30692751705646509 0.20203755795955661 0.50962156057357799 -0.080330327153205858 0.29119317233562475 0.5698031783103944 0.42866063117980963 0.024655963294208053 0.095136415213346495 0.31972759962081915 -0.072966504842042909 -0.11098548397421835 -0.16571100801229474 -1.1152628303534582e-05 0.0363053996115923 -0.090022936463356004 0.09622302278876306 0.062157360836863525 -0.22178896516561505 0.23426573723554614 -0.039336156100034707 0.19647823274135592 -0.095968741923570619 0.067030146718025221 -0.0020086019067093726 -0.0023817084729671474 0.1860049590468407 0.093512956053018584 -0.0595579445362091 0.014503159094601871 0.43606831133365637 -0.070574160665273653 -0.37215125560760492 -0.26662844419479365 0.49254587292671209 0.4062561988830567 0.29988533258438116 0.098050460219383254 -0.56856420636177052 -0.44617225229740137 0.028825189918279651 -0.67188671231269825 -0.16091182827949521 -0.17488531768321988
decision_type=2 2 2 2 2 2 2 2 2 2 2 2 2 2 2 2 2 2 2 2 2 2 2 2 2 2 2 2 2 2 2 2 2 2 2 2 2 2 2 2 2 2 2 2 2 2 2 2 2 2 2 2 2 2 2 2 2 2 2 2 2 2 2 2 2 2 2 2 2 2 2 2 2 2 2 2 2 2 2 2 2 2 2 2 2 2 2 2 2 2 2 2 2 2 2 2 2 2 2 2 2 2 2 2 2 2 2 2 2 2 2 2 2 2 2 2 2 2 2 2 2 2 2 2 2 2
left_child=1 7 114 6 21 -6 17 9 34 10 12 14 47 -12 -11 45 44 18 -4 23 49 22 -5 24 -7 26 42 28 -28 -29 31 74 33 -33 124 36 39 -38 125 40 -19 -25 43 69 94 46 -13 55 75 -21 -51 52 -44 83 -49 -1 -57 66 59 60 61 62 -59 -62 65 -65 101 -63 92 -10 71 -71 -72 -41 -3 -32 77 -77 79 -37 81 82 -15 -53 85 -22 -87 88 89 90 -86 120 -68 -46 95 113 97 98 -96 -98 -67 103 -103 104 108 -106 109 -105 110 -107 -23 112 -80 -8 -2 -104 118 -118 119 -116 121 -14 123 -123 -9 -39
right_child=2 30 3 4 5 19 16 8 25 11 13 15 91 80 -16 -17 -18 35 -20 20 84 57 -24 41 -26 -27 27 29 -30 -31 48 32 -34 -35 -36 78 37 38 -40 73 -42 -43 51 -45 93 -47 -48 54 -50 50 -52 53 -54 -55 -56 56 -58 58 -60 -61 63 67 -64 64 -66 100 68 -69 -70 70 72 -73 -74 -75 -76 76 -78 -79 111 -81 -82 -83 -84 -85 87 86 -88 -89 -90 -91 -92 -93 -94 -95 96 -97 99 -99 -100 -101 -102 102 115 107 105 106 -108 -109 -110 -111 -112 -113 -114 -115 116 -117 117 -119 -120 -121 -122 122 -124 -125 -126 -127
leaf_value=-0.00033201231275174824 0.010813205362513668 0.00085272606549999903 0.0039749957386634605 0.0048774795682901663 -0.0025002516862113462 -0.0012927183959109438 -0.0024343725054354367 -0.0015155739546202256 0.0016175232219669384 -0.0010580423543238488 0.0074441254316544398 -0.0030048476596583754 -0.0011849656805724802 0.021567819741292116 -0.0054178467165773587 -0.01991419715152588 -0.011196418969922649 0.0010308585636106559 -0.013231231373115085 -0.001447795469883509 0.0011387937668136425 -0.0021640044577808768 -0.010399856768196266 0.0014678242384421844 0.012922396269007357 0.0018877731323734034 -5.4877887858308727e-05 -0.0072367571147446633 0.020473665838185474 0.00097743109825416973 -0.0097502374087151383 -0.038724040374502902 -0.0045232160519897728 -0.0045773586306600495 0.0089161153176934311 0.007944424303377105 -0.014532106229463833 0.0032040317978328397 -0.0065980349741579123 0.003241455377076393 -0.0081804612262869943 0.010824650696926593 -0.004462429614326642 0.0040835969043494149 -0.0041086995174595946 -0.0011133773949324852 -0.01868237932720564 -0.0034147680197052065 -0.0022862952157941979 -0.0032921205775186964 -0.017147826066654184 -0.0027034911155766387 -0.019695930391210405 -0.0078697920870939801 0.0061229550211102397 0.01574860387778123 -0.00017482854807951469 0.029743055829910259 0.013570066406316944 0.0078571525940954751 -0.0095981831797400489 0.0081146698811363945 -0.00036897781524512828 -0.0035441397737807495 0.010283281715689672 -0.0042267207643177651 0.0011759358575010963 -0.00096512687311537196 0.0026620055336241226 -0.01866601358345079 0.00053852670310931469 -0.0022266028651316432 -0.0069626517499017018 -0.0028204942384429063 -0.0084269721235537502 -0.0041027267873845552 -0.0054101901849841578 0.011711244398262226 -0.0043328477304288666 0.0019530946619088373 -0.00047885752300043047 1.0192844302957338e-05 0.00071099598350416013 0.004415575583861406 0.006135545129798998 0.01363423364360385 0.0014691082237417463 0.0024175923753300107 0.0050070592032702404 -0.004947221697589879 -0.0054402759737973098 0.0035144928413746988 0.013057072907119646 0.0025575980640314949 -0.024964704145729124 -0.0033826700308347652 0.00040498766759083287 -0.0041923027569026241 -0.0050204391632740287 -0.006640860713050094 0.003220433158077751 0.0033980958828483299 0.0033211741259355394 0.014338316164934268 0.001574339209156686 0.0029871272724065864 -0.01149091778189292 0.0029089850164976468 -0.0026668106768989517 -0.0054928543196809962 0.0066960539116406332 0.0012883724286751723 0.0038705464530057062 0.010657053998549208 0.0024022338952996193 -0.0073475091579109928 0.011811380372784411 -0.00090702143866884131 -0.002872626033502143 0.0061128473510569693 -0.0049269489339675765 -0.0031778400688680639 0.000438831460095784 -0.036640697823190085 0.0040590446578556826 -0.0058594026694463964
leaf_weight=596.28980568796396 112.69069021113683 178.37530982319731 107.52542259381153 64.19429071014747 2267.0232660284964 63.782074929680675 55.592749207979068 332.673003483098 324.61987178691197 1578.2719990247861 234.69737831049133 84.241065983078443 52.630991022801027 47.779601798974909 996.22729942272417 58.690884464769624 145.10130900563672 250.98749848722946 143.11934131057933 997.85457365645561 428.67362845665775 129.46330403268803 110.24013833713252 3292.0545803928981 137.76888818130828 1305.5140199882444 73.839778836583719 176.68035326979589 45.220271444297396 1402.8866040209541 335.86083076836076 32.033782658982091 42.425388612435199 19.055402196128853 252.60614038538188 251.55690399953164 91.873182507115416 318.58436297939625 401.48019280727021 1076.3311871984042 229.92143750237301 87.680838605039753 286.59349937119987 400.10833878582343 232.18973618000746 197.13006913068239 61.893101439345628 1327.1690509011969 1908.2369202327682 190.10904808004852 58.78698091302067 496.95905216573738 66.738544237683527 238.44113859534264 75.191572495736182 61.008406003355049 93.951210049795918 35.294511440442875 106.44256957643665 402.14889522152953 70.155473299324512 168.74751439760439 28.033303474890999 282.57575496600475 126.96495309390593 127.47930560575332 87.968134925700724 202.14057040004991 913.97349822183605 79.144547177944332 458.11989141243976 72.995303838863038 199.96362043661065 246.51278229022864 150.98260753415525 104.45193053153343 978.17091666755732 68.110941131366417 524.02428908785805 1200.390309737646 1867.2010141445789 214.59764765202999 55.455020164023153 188.57154449191876 170.35576995532028 126.50317298050504 116.45397952094208 787.02517365466338 146.57993561658077 591.66440123948269 121.55264317884576 61.432085087988526 149.45384453819133 486.03508899745066 67.710754853091203 608.01894662552513 314.58635356964078 251.74653399351519 54.26756474818103 278.57798342732713 1278.8028161082184 192.42226312390994 62.883074108394794 74.311311493627727 930.28413106012158 233.04877067543566 163.3818280834239 432.55685545119923 176.75998694240116 237.83184593950864 640.79130497016013 1701.1085692857159 126.66009734664112 87.725385708152317 2817.1317214097362 298.7403021294158 209.65573249966837 108.37002756190486 278.33548099838663 755.58326575101819 556.83498796343338 25.484335912042297 24.014450081624091 25.09938672662247 643.20526078436524 91.752950260182843
leaf_count=1126 244 276 222 146 3920 99 108 563 565 2833 505 163 81 203 2041 230 345 458 423 1612 737 201 226 5871 360 2185 104 372 214 2375 802 299 88 42 543 527 267 558 702 1896 441 229 468 712 456 301 210 2437 3414 366 196 797 257 472 148 203 149 216 264 837 174 345 58 499 276 219 158 288 1270 280 705 129 372 445 397 195 1896 194 1004 1872 3297 369 99 324 275 305 182 1369 253 1015 205 165 388 865 328 1113 549 479 112 560 2115 314 107 210 1498 379 397 669 294 484 1265 2634 218 206 4758 596 477 171 506 1352 882 72 41 268 1149 166
internal_value=-7.75971e-05 -0.00162175 0.000878851 0.000463057 0.00118991 0.000173997 -0.000882139 -0.000930988 0.000230032 -0.001916 -0.000905242 -0.00369732 -0.00255504 0.0010731 -0.00278362 -0.00903819 -0.00327418 3.79453e-05 -0.00609024 0.00100944 -0.000170624 0.00244427 -0.00477844 0.00223623 0.00868432 -0.000513232 -0.00121692 0.000777099 0.00975735 -3.14853e-05 -0.00437161 -0.00888013 -0.0226726 -0.031503 0.00369904 0.000297405 -0.00112848 -0.00440902 -0.00286395 0.000545779 -0.00352714 0.00178964 -0.00242155 -0.000723879 -0.00269301 -0.0059702 -0.0113748 -0.00132774 -0.00374881 -0.00285095 -0.00781774 -0.00440364 -0.00843854 -0.00267608 -0.00279763 0.00140476 0.0072902 0.00262761 0.0039658 0.00346996 0.00263198 0.00669944 0.0196947 0.00161704 0.00217877 0.00142592 0.0018082 0.00338665 0.00417481 -0.00247746 -0.00413246 -0.0121688 -0.0018947 0.00207199 -0.00366159 -0.00555335 -0.00414613 0.00274159 0.00131576 0.0031106 0.000310111 0.00467657 0.0126346 -0.000647077 0.00118246 0.00400798 0.00848045 9.41176e-05 -0.00168695 -0.00291643 0.00122412 -0.00593586 0.00918036 0.000322119 -0.00394661 -0.00147897 -0.00577316 -0.00967593 -0.0183869 -0.00301919 0.00247557 0.00101962 -0.00227858 0.00164181 0.000881181 -0.000825588 -0.00429072 0.00518025 0.0036611 -0.00133705 0.0051682 0.000183391 -0.0026333 0.0058541 0.00344779 -0.00535787 0.00318503 0.00767095 0.00276632 0.00322541 -0.00689966 -0.0133088 -0.0194654 -0.0262677 0.00215759 0.000930256
internal_weight=50094 19157.9 30936.1 26654.3 17311 9583.87 9343.38 15340.2 7044.88 8295.29 5318.84 2976.45 2899.11 2419.73 2574.5 401.955 2581.55 6761.83 250.645 7316.85 3735.56 7727.09 174.434 3581.29 201.551 5816.4 4510.88 1698.63 119.06 1579.57 3817.7 422.872 93.5146 51.0892 1228.48 6511.18 2707.44 903.691 811.818 1803.75 480.909 3379.74 2812.26 1534.95 2436.45 343.264 146.134 2153.61 3394.83 1246.75 248.896 1277.3 353.332 923.972 1402.36 751.249 154.96 7552.66 2828.79 2722.34 2320.19 434.216 63.3278 1885.98 1815.82 1688.86 4723.87 370.888 1151.4 1134.84 810.223 152.14 658.084 1322.84 329.358 1486.59 1150.73 172.563 3803.74 1451.95 2185.03 317.832 103.235 685.531 2488.81 671.631 242.957 1817.18 1030.15 883.573 291.908 745.496 237.422 718.225 1718.23 751.337 966.889 373.725 121.978 593.164 1406.28 3572.47 554.046 3018.43 2511.56 1564.55 634.262 506.868 947.015 470.881 770.255 2351.79 650.684 143.318 4281.77 361.623 4169.08 318.026 3851.05 3572.71 684.064 127.229 74.5982 50.5837 975.878 410.337
internal_count=91361 36012 55349 47841 30887 16994 16954 28409 12586 15823 10045 5778 5572 4473 4874 904 5121 11833 645 13074 6515 13893 372 6559 459 10331 8146 3065 318 2747 7603 1102 429 341 2255 11188 4933 1693 1426 3240 899 6100 5081 2763 4776 674 373 4063 6501 2174 562 2318 725 1593 2585 1478 352 13521 5291 5027 4190 907 274 3283 3109 2833 8230 633 1816 2051 1486 409 1077 2341 673 3087 2285 389 6255 2399 3968 671 302 1121 4341 1224 487 3117 1748 1495 480 1509 546 1321 3455 1427 2028 919 440 1109 2334 6414 1017 5397 4518 2758 1260 879 1760 863 1466 3856 1222 314 7508 703 7264 648 6616 6110 1344 462 381 340 1712 724
is_linear=0
shrinkage=0.0200396


Tree=60
num_leaves=127
num_cat=0
split_feature=18 21 21 18 21 18 0 18 21 21 31 21 21 12 29 21 22 18 21 21 18 24 23 21 34 23 9 42 29 28 12 36 43 18 37 21 30 28 80 43 18 44 15 35 73 19 29 14 21 11 37 37 18 44 0 25 39 55 23 32 18 80 22 33 22 18 12 32 80 42 38 20 14 33 29 23 38 19 23 3 21 41 10 0 22 26 3 21 14 32 33 17 19 4 19 32 15 10 16 17 0 10 28 12 73 10 56 35 16 16 23 29 4 39 19 18 21 16 24 29 33 4 17 20 20 32
split_gain=188.719 110.035 90.47 78.9859 53.6901 52.2359 51.2306 49.071 48.5788 40.4276 48.9076 38.1112 37.8171 33.9313 36.5042 31.113 30.7537 28.891 34.2174 29.8638 27.884 29.2067 27.6941 35.6348 27.6502 38.5958 27.781 27.5705 27.0281 39.6437 26.9445 31.7245 26.5271 25.4258 26.0074 33.6157 23.289 23.0765 22.9873 22.8391 27.4503 47.7426 35.2113 25.9579 22.4997 21.554 36.6876 25.8703 21.4502 21.5688 28.6712 26.1424 21.3796 21.3039 21.2132 30.9411 21.0631 21.0451 20.6803 31.7003 20.623 20.4045 22.9423 25.5161 20.7459 20.0293 23.8393 19.7273 20.3808 20.7875 19.6999 22.1608 19.5973 24.2853 33.5714 19.4777 19.3309 19.3155 19.1423 20.2013 20.5009 19.0085 52.5547 18.9482 18.4043 29.586 18.3756 18.2563 23.0246 21.8307 20.0396 23.1325 19.8643 27.8161 19.4546 18.2551 18.1275 18.0789 22.7862 18.0268 17.6756 19.7769 19.0637 17.6686 17.6449 17.5832 17.5956 17.5444 17.4982 17.4943 18.0624 21.9581 17.2528 25.283 17.1398 24.2798 22.7906 20.5323 31.0386 21.4099 20.3439 17.3691 16.9639 16.8445 29.892 21.0511
threshold=0.014503159094601871 -0.00096215525991283346 0.033033996820449836 -0.094419144093990312 -0.14785118401050565 0.15422734618186953 0.28835226595401769 -0.31688533723354334 0.18697883188724521 0.22418217360973361 -0.024168825708329674 -0.081141754984855638 -0.34284798800945276 0.020068807527422908 -0.2977908849716186 -0.41468890011310572 0.083951193839311614 0.28915858268737799 0.48717127740383154 0.50962156057357799 -0.49258488416671747 -0.12109429761767386 -0.24003130942583081 -0.50513148307800282 -0.12310753390192984 0.2339054271578789 0.090600878000259413 0.40943357348442083 0.26603311300277716 0.026232714764773849 -0.29071101546287531 0.017482517287135128 -1.7577797848389307e-06 0.43864586949348455 -0.049750730395317071 0.34028223156929022 0.40169054269790655 0.478980302810669 0.55783697962760936 -0.71499690413475026 0.11385279521346094 0.10071661323308946 0.18917458504438403 -0.34712398052215571 -0.091728165745735155 -0.14835732430219647 0.13825603574514392 0.01276276307180524 0.23508659005165103 -0.25853691995143885 -0.16968384385108945 -0.094946924597024904 0.2245319485664368 0.14250610023736957 -0.20312499999999997 0.46804811060428625 -0.053650857880711549 0.08115346729755403 0.38630199432373052 0.23033888638019565 0.5698031783103944 0.040617331862449653 0.018787348642945293 -0.028878457844257351 0.25735647976398474 0.27545258402824407 0.07740825787186624 0.24201000481843951 -0.17635887116193769 0.52555263042449962 0.28110048174858099 0.008063483517616989 0.018768768757581714 -0.062665279954671846 -0.31603850424289698 -0.047743095085024827 0.16148325055837634 -0.26972040534019465 0.35503070056438452 0.28738254308700567 0.074727389961481108 0.2920487672090531 0.1117490977048874 0.12073863670229913 0.11847950518131257 0.30902107059955602 0.2599740624427796 0.2902501672506333 -0.075825825333595262 0.18806497007608416 -0.034240217879414551 0.48752337694168096 0.21711231768131259 -0.18727959692478177 -0.11896479129791258 -0.062206085771322243 0.60458651185035717 0.23806148022413257 0.35086232423782354 -0.032072486355900758 -0.25426135957241053 0.069578181952238097 -0.21931118518114087 0.0028669724706560378 0.21923523396253589 1.2308723926544192 -0.10635016858577727 0.16638000309467318 -0.20261755585670468 0.13113180547952655 -0.0090422718785703165 -0.14611630141735074 -0.23193810880184171 0.066039625555276885 -0.0048350524157285682 0.13059716671705249 0.084990378469228758 0.10017420724034311 0.13066335022449496 0.023257300257682804 0.5544850528240205 -0.41095972061157221 0.48608514666557318 -0.091482266783714281 -0.064475566148757921 0.093949243426322951
decision_type=2 2 2 2 2 2 2 2 2 2 2 2 2 2 2 2 2 2 2 2 2 2 2 2 2 2 2 2 2 2 2 2 2 2 2 2 2 2 2 2 2 2 2 2 2 2 2 2 2 2 2 2 2 2 2 2 2 2 2 2 2 2 2 2 2 2 2 2 2 2 2 2 2 2 2 2 2 2 2 2 2 2 2 2 2 2 2 2 2 2 2 2 2 2 2 2 2 2 2 2 2 2 2 2 2 2 2 2 2 2 2 2 2 2 2 2 2 2 2 2 2 2 2 2 2 2
left_child=1 3 39 4 7 8 27 15 16 10 13 84 72 32 105 20 30 18 38 33 56 22 -22 -24 25 -12 -27 -6 29 -10 31 -4 44 34 -19 -36 48 77 87 103 43 42 81 -41 -7 46 47 -13 49 -3 83 -52 -40 104 -35 -56 -1 -53 123 -60 -21 -17 70 64 -64 -16 -67 68 -32 78 71 -63 -9 74 -74 -68 -47 -18 79 -70 -81 82 -42 -51 86 -86 -5 88 92 -90 -89 112 93 99 -95 -75 97 98 -62 -11 102 -102 -43 -2 -50 106 -15 -34 -71 -37 111 -111 113 -92 117 116 -116 120 119 -119 121 -79 -88 -45 125 -125
right_child=2 36 5 11 6 9 -8 12 28 17 24 45 -14 14 65 61 37 19 -20 60 21 -23 23 -25 -26 26 -28 -29 -30 -31 67 -33 107 54 35 109 -38 -39 52 40 41 100 -44 58 -46 76 -48 -49 53 50 51 57 -54 -55 55 -57 -58 -59 59 -61 96 62 63 -65 -66 66 75 -69 69 108 -72 -73 73 95 -76 -77 -78 114 -80 80 -82 -83 -84 -85 85 -87 122 90 89 -91 91 -93 -94 94 -96 -97 -98 -99 -100 -101 101 -103 -104 -105 -106 -107 -108 -109 -110 110 -112 -113 -114 -115 115 -117 -118 118 -120 -121 -122 -123 -124 124 -126 -127
leaf_value=-0.0018860632807811582 0.004251932934317317 0.0028668145930962185 -0.0027062387056205387 0.0039888609820291484 -0.0021539508648703038 -0.00092968384525511541 -0.011211075023868851 -0.0028557834985953037 -0.006264716418134769 -0.0089388730820409868 0.0011132113453962028 -0.015559873381011224 -0.00027581000716075883 -0.0009983915578891645 -0.0017587416724677168 -0.0078374657608116689 -0.0058638622832602799 -0.006970709178289596 -0.012598475633795611 -0.0019049301148595312 -0.0044874729392537756 -0.0011589677239276163 0.015817351934007441 0.0028914162106501808 0.0097101732236927075 0.01950806003620259 0.0044616676752189527 -0.0074415462891013378 -0.0081064795328181869 0.00073300963736680621 0.0052000895222208479 0.0094217840985638991 0.00066890121189291897 0.004037578770303093 0.0069972169218940365 0.0040993970027648234 -0.010466031634471998 -0.0026211233496103588 0.011810966247273994 -0.0039709755141925313 0.024814703721297949 -0.00089404927309985713 0.0030217282380096949 0.0037714993859570799 0.013563639573536658 -0.00049197311054699467 -0.00019130366516020408 -0.0035346628718686199 -0.02435195809947345 -0.019750967737561874 0.001814209234304854 -0.0051656285733388653 -0.00096645203364586921 -0.0041835154167369363 0.022685475151314236 0.0026916561655675806 -0.0094260322765250815 -0.00156850779242575 0.013414674176220302 0.00038405634079057813 0.0093778178970470357 -0.0080609185102835431 0.015778459705030234 -0.0044264514048169114 -0.00010087571235477419 -0.0013680038562659778 -0.02330535559073434 -0.0095573720410273167 -0.00019715110010896697 -0.0050689265101620355 0.001115071970865399 -0.0013345350288135802 0.0027875621350747217 0.0017413471507215189 0.021496163609561567 -0.0025404380866044041 0.0029754046608461188 0.014837433939662196 -0.010928725876452517 -0.001500916202929016 -0.007003193206384037 0.0011134933003334178 0.0080864962496351826 -0.0047317989311039454 0.018167914925091656 -0.00082601394729746758 -0.00034609232541727352 0.0002698058667055125 0.0083995068380187925 -0.0010147898670029379 -0.0027131050834449254 -0.0011429671934968253 -0.0072935276134798877 -0.0010302751564733616 0.0074842522782556653 0.010389916268565799 -0.0019585299235927232 -0.0004263299407939044 -0.0023377227690642341 -0.0004039212678062087 -0.0025049336241197641 0.0092618891135882522 0.0070102727777555897 0.014875316321032254 -0.0039884233186839296 -0.0034948738365720281 0.010655026645004086 0.0071045344588344939 0.0047886790700000237 0.00089575515759532951 0.00079048418696341907 -0.01224178176371943 -0.004003688211706124 -0.01934301602579579 0.00061109651550379546 0.0042465442256151495 -0.0062371963929429008 0.0058324563351746126 0.0039304421954159579 -0.0039094177198889888 0.00017348448734079473 0.0053721820737079118 0.006820317928159428 -0.011682952769830652 0.0017472553282613615 -0.00050919871792100637
leaf_weight=1805.8608584847534 205.32044553675223 184.95861112209968 141.8807640359737 1441.9683224767214 3093.6589410799788 51.257072249660268 303.27187942899764 123.15909468021709 534.98005727492273 126.10796144907363 658.18125070736278 94.227703895652667 4438.9428509068675 66.054377062479034 612.01049981755204 485.65850421355572 102.49809611565433 92.599919725209475 73.968184872879647 1106.0825052818982 81.252481937408447 756.83417115849443 109.02751824213192 283.8778009719681 505.52555652905721 66.582824708893895 154.81072651699651 440.45132124377415 405.15147877356503 758.44575929606799 137.20842318830546 163.08506390149705 799.98201407981105 268.76434599503409 481.78528322046623 325.7080184611259 218.0540772973327 522.44818142312579 86.734362590475939 250.36269806476776 103.75943804287817 657.93531836254988 298.20548366603907 1312.3953650677577 140.4510966851376 1678.7717776143691 913.28099407453556 239.19824279006571 35.282119591603987 51.25172140437644 333.12498231255449 1982.1985231136205 88.996291034389287 157.71406303276308 55.193256065947935 63.823419863008894 141.10985106171574 1022.1115898601711 140.71184047288261 141.58610030193813 273.81415433937218 496.11728555010632 50.538291948032565 81.098683818127029 54.836428405134939 87.201894934405573 36.985609955736436 112.56738309445791 937.92241652566008 73.162851535133086 219.70262363716029 339.05309109669179 90.64100909687113 578.40928451030049 56.823780757025816 35.652969183167443 1014.5053026314126 109.20141509198584 89.518919658032246 586.01171320606954 520.36586629773956 60.58988300175406 291.64020609518047 102.12715667474549 53.622197260032408 50.586283601471223 1011.4292992271949 515.4308748212643 216.28021451935638 155.29261090606451 71.516787171363831 388.81391071621329 147.18557635229081 176.11355909274425 223.9955439082114 97.874251878238283 259.62968767620623 203.74326200573705 72.107545415405184 303.16612101637293 62.635365027934313 196.96394065883942 124.00713123730384 93.835957782692276 40.703024590853602 63.97589341562707 145.80431891570333 194.581360390177 258.60148003499489 83.148892942233942 415.22085528157186 89.729124889476225 240.07283067493699 80.480050036683679 553.14094117283821 374.50155218527652 271.16580735857133 88.687375113018788 972.39963589771651 430.30105579970405 167.35476815700531 331.14263800589833 126.75487702561077 92.691709946258925 2094.5000526367221 167.88877939863596
leaf_count=3481 360 362 237 2567 5748 90 659 223 1039 290 1053 290 7866 127 978 951 178 213 223 1861 121 1313 297 495 1049 241 225 926 843 1313 260 337 1298 512 846 521 557 799 196 434 404 1130 469 2197 367 2713 1504 342 210 212 635 4198 130 302 228 86 296 1927 370 270 518 1025 184 133 85 150 190 248 1640 147 398 588 199 963 224 53 1723 288 228 873 1005 98 561 160 198 94 1712 883 424 178 114 568 327 236 401 214 469 289 113 462 112 390 248 250 66 106 364 429 438 161 613 240 375 266 875 659 508 168 1502 760 251 621 240 229 3404 250
internal_value=-8.72928e-05 -0.00132537 0.00113277 -0.000728131 -0.0015741 0.000439073 -0.00359041 -0.000814663 -0.000708097 0.00140148 0.0031005 0.00107375 0.00050396 0.00123658 -0.00136916 -0.00225993 3.75322e-05 0.000472518 -0.00102816 0.00161988 -0.00106503 0.00127449 0.00504906 0.0072071 0.00602795 0.00370075 0.0104783 -0.00286199 -0.00371966 -0.00221596 -0.00147416 0.00394954 0.0035271 0.00339996 0.00213161 0.00285354 -0.00430416 0.00120601 -0.000615241 0.00320944 0.00291277 0.00498076 0.00874922 0.00200289 0.00992692 -0.000180397 -0.00233512 -0.00777161 -0.00389611 -0.003471 -0.00382773 -0.0033774 0.00592329 -0.00959014 0.00783511 0.014239 -0.00254674 -0.00396686 0.00240643 0.00743942 -0.000138479 -0.00440865 -0.00293672 0.00319504 0.0089102 -0.00359464 -0.00941923 -0.00211746 -0.00170624 -0.00214242 -0.00407867 -0.00545301 0.00408567 0.00519338 0.0120263 -0.0162944 0.000825072 0.00181191 -0.00286878 -0.00238643 -0.00419009 0.0121442 0.013669 -0.011772 0.00290383 0.0103791 0.00250419 -0.00110404 0.000520728 0.00460612 -0.0027804 -0.00475654 -0.00109711 0.000166918 0.00385803 0.0033262 0.00224747 0.00425549 0.00689678 -0.00327204 0.00210828 0.00638999 0.000523135 0.00846389 -0.0170448 0.00460278 0.00722757 0.00207804 0.00237286 0.000534849 -0.00150977 -0.00650766 -0.00804805 -0.0129759 0.00209567 0.000168778 -0.00174243 0.00317745 0.0018501 -0.00202996 0.00622536 0.00838584 0.000571354 0.00196996 0.000933738 -0.00515754
internal_weight=50121.4 24880.1 25241.3 20752.5 14128.2 18946.3 3837.38 10290.8 8641.74 10304.6 3619.06 6624.35 5385.85 2233.96 1047.69 4904.97 6943.17 6685.51 2894.15 3791.35 3177.96 1230.99 474.158 392.905 1385.1 879.575 221.394 3534.11 1698.58 1293.43 3020.32 304.966 1186.27 1875.97 1488.19 1395.59 4127.53 3922.84 2820.19 6295.03 5995.87 1795.74 754.195 4200.14 191.708 3939.98 1246.71 333.426 3909.47 3675.77 3490.81 3337.44 175.731 233.699 387.781 119.017 1946.97 3004.31 3949.77 282.298 1915.38 1727 1241.35 186.473 105.375 771.851 159.84 2715.36 2602.79 2465.58 1054.87 835.17 946.907 823.748 147.465 72.6386 2693.28 3400.39 2133.82 2044.3 1106.38 455.99 395.4 153.379 2684.36 104.208 2580.15 2644.46 1348.14 371.573 1296.31 780.884 976.569 829.383 400.109 676.284 809.295 549.665 345.922 429.274 1041.54 259.599 781.942 299.156 75.9851 275.835 211.859 994.563 331.764 913.807 588.099 172.878 392.07 151.997 3297.9 1198.81 824.307 2099.09 1491.39 518.988 607.699 440.344 1138.18 3667.48 2355.08 260.58
internal_count=91257 46401 44856 37772 26389 33680 7333 19056 15217 18463 6720 11383 9689 4152 1968 9367 12022 11743 5073 6670 6003 2226 913 792 2568 1519 466 6674 3195 2352 5413 574 2184 3420 2594 2381 8629 6609 4850 11176 10566 3412 1532 7154 457 6572 2136 632 8072 7494 7132 6760 326 578 826 314 3777 6125 6720 640 3250 3364 2413 402 269 1371 393 4839 4591 4331 2011 1613 1823 1600 423 243 4436 5810 3746 3518 1878 1063 965 372 4811 292 4519 4524 2318 602 2206 1323 1716 1389 637 1177 1389 920 631 752 1880 502 1378 610 276 597 491 1727 585 1535 1014 401 755 380 5632 2042 1383 3590 2430 928 1160 909 1952 6080 3883 479
is_linear=0
shrinkage=0.0200396


Tree=61
num_leaves=127
num_cat=0
split_feature=79 7 7 0 61 65 56 41 35 14 19 12 13 25 20 35 66 23 65 65 20 74 70 28 19 12 44 19 5 10 37 11 33 51 1 20 10 32 33 28 19 15 22 24 22 84 8 24 32 17 17 80 39 29 28 4 0 23 19 30 17 4 23 36 39 21 44 19 10 11 33 37 29 23 29 19 37 19 11 35 9 35 19 4 32 34 5 4 34 0 11 65 34 55 57 74 20 11 66 12 28 44 4 40 25 6 62 56 10 31 24 11 19 17 16 6 53 79 33 19 21 15 25 31 4 30
split_gain=63.6053 23.4328 22.4365 18.4283 15.3321 14.8299 14.7411 12.3935 13.0059 19.2487 14.7604 11.7487 11.5177 10.793 10.7756 10.6305 10.4505 10.2095 10.1127 9.7797 9.59887 10.327 9.54824 9.45858 8.77165 16.656 10.3309 10.1979 18.0872 9.80935 9.68027 9.45358 9.87759 8.27571 8.26304 10.1691 8.16057 9.43775 8.05494 7.76494 7.66244 7.85069 7.40023 16.3673 10.7419 10.5522 10.4554 8.97471 14.6502 13.3769 11.6583 9.47974 11.4483 9.18914 10.6029 10.1499 10.1765 9.02479 9.49903 8.33991 9.68685 9.33889 8.50567 11.2782 8.06746 7.84193 7.56856 7.25632 10.9118 10.8935 17.3938 14.5088 9.704 15.6076 11.1839 16.0076 11.7839 8.99993 10.5842 10.8825 8.68665 9.96306 8.2983 10.1132 9.74567 10.2237 8.03376 7.9379 7.79867 7.20553 7.63754 7.15426 7.86543 7.14332 10.4555 8.89125 8.28926 7.18801 7.09124 7.079 8.82093 10.6578 9.05974 8.07988 6.90018 6.77776 7.49218 6.76929 6.76831 14.8303 8.55139 6.74168 6.73671 9.27735 6.71992 6.52691 6.51608 6.97421 6.84704 6.49052 6.36912 7.75638 6.32535 8.87628 10.7645 6.32234
threshold=-0.3266893178224563 -0.036400128155946725 -0.034539964050054543 0.29687500000000006 1.8027594089508059 -0.43647079169750208 -0.35584758222103113 1.2886537313461306 -0.08628837019205092 -0.050300300121307366 0.71610292792320263 -0.25745412707328791 0.36578853428363806 0.35755309462547308 -0.048021500930190079 0.58315062522888195 0.13033785670995715 0.55535158514976513 -0.039464827626943581 0.25799898803234106 -0.10507327318191527 0.11690383404493333 -0.3471910804510116 0.23165117204189303 -0.21148447692394254 -0.18979357928037641 0.082497797906398787 -0.11896479129791258 0.37500000000000006 -0.19872900098562238 0.21455540508031848 0.051456606015563018 0.044500440359115608 1.0000000180025095e-35 0.35653407871723181 0.5237930715084077 1.0506619811058047 -0.7115882635116576 0.017452928237617019 -0.4843094646930694 -0.12559868395328519 0.071809127926826491 -0.24988858401775357 -0.14993524551391599 -0.14785457402467725 0.25063274800777441 -0.1757387891411781 -0.19913783669471738 -0.61035838723182667 -0.14033510535955426 -0.097619734704494462 0.1924763694405556 0.068852357566356673 0.29691085219383245 0.34767501056194311 -0.41095972061157221 0.31676135957241064 -0.10830228030681609 0.29729163646698004 -0.11139101162552832 -0.22026463598012921 -0.35746204853057856 -0.076995018869638429 -0.24825175106525418 -0.13531280308961866 -0.04073123820126056 0.13083737343549731 0.037816265597939498 0.32502669095993048 -0.1038641147315502 -0.26743331551551813 0.078848108649253859 -0.17249313741922376 -0.036136241629719727 0.047706913203001029 -0.033888803794980042 -0.28274045884609217 -0.13648257404565808 -0.27054446935653681 0.0023713813861832027 -0.088199112564325319 0.069336120039224639 0.17990279942750934 -0.32718469202518458 -0.19360812008380887 0.17576927691698077 1.0000000180025095e-35 -0.46457822620868677 -0.010237486101686953 -0.29971592128276819 0.25384797155857092 0.39239837229251867 -0.18850754946470258 -0.56689241528511036 -0.065828274935483919 -0.22721645981073377 0.092690926045179381 0.019469083286821846 -0.36192080378532404 -0.15194953978061673 -0.19708815962076184 -0.04796325042843818 -0.32718469202518458 0.75089928507804882 0.13383363187313083 -0.1198282018303871 0.36879757046699529 -0.23624175786972043 0.16872551292181018 0.013596881646662952 0.3925596177577973 -0.068415414541959749 -0.12456032261252402 -0.32162375748157496 0.080708220601081862 -0.026756157167255875 0.027936824597418312 -0.12740588188171384 -0.31367634236812586 -0.11553838476538657 0.03688261657953263 -0.17373175173997876 0.20367165654897693 0.42666232585906988 -0.20237678289413449 0.46528869867324835
decision_type=2 2 2 2 2 2 2 2 2 2 2 2 2 2 2 2 2 2 2 2 2 2 2 2 2 2 2 2 2 2 2 2 2 2 2 2 2 2 2 2 2 2 2 2 2 2 2 2 2 2 2 2 2 2 2 2 2 2 2 2 2 2 2 2 2 2 2 2 2 2 2 2 2 2 2 2 2 2 2 2 2 2 2 2 2 2 2 2 2 2 2 2 2 2 2 2 2 2 2 2 2 2 2 2 2 2 2 2 2 2 2 2 2 2 2 2 2 2 2 2 2 2 2 2 2 2
left_child=1 5 16 4 7 6 22 8 11 24 67 -4 36 14 20 33 115 -9 105 125 21 -5 -1 -22 25 38 -27 29 -29 30 -26 32 -30 -8 35 111 37 -13 -10 -39 -31 -42 43 46 99 -45 -7 48 64 89 51 52 -51 57 122 -56 -57 58 -52 -50 61 62 65 -64 104 -61 -60 72 69 82 -71 -72 73 -11 76 87 119 80 -79 -80 -78 -82 84 86 85 -69 -84 -76 -73 -49 -91 92 -41 -59 95 -95 97 98 -97 -44 101 102 -101 -103 -46 -3 -107 -98 109 -81 -111 -12 -21 -114 -33 -2 117 -94 -118 -74 121 -16 123 124 -55 -14
right_child=2 18 3 13 -6 42 15 17 9 10 34 12 19 -15 120 -17 -18 -19 -20 112 23 -23 -24 -25 27 26 -28 28 31 40 -32 114 -34 -35 -36 -37 -38 39 -40 91 41 -43 44 45 47 -47 -48 49 59 50 53 -53 -54 54 55 56 -58 93 66 60 -62 -63 63 -65 -66 -67 -68 68 -70 70 71 88 74 -75 75 -77 77 78 79 108 81 -83 83 -85 -86 -87 -88 -89 -90 90 -92 -93 116 94 -96 96 107 -99 -100 100 -102 103 -104 -105 -106 106 -108 -109 -110 110 -112 -113 113 -115 -116 -117 118 -119 -120 -121 -122 -123 -124 -125 -126 -127
leaf_value=-0.0053156652782858681 0.0016870905381670455 -0.0011459579563622589 -0.0040219731313531704 0.0023235031442049017 0.0031224741592387538 0.010561741249632179 -0.002388660715376609 0.0089643571677857688 0.0024629130876595525 -0.0013816624549675511 0.010746088912479015 0.0052411006823617117 -0.0027993545237733177 -0.0047133445514251429 0.0010029486987749678 0.0040040604847440585 0.0025298458365765903 0.0016734371482437919 -0.0006383425116336292 -0.0039610653326519153 0.0095052580264209426 -0.0030558390696825474 -0.00094199471326850582 0.00036141087349543462 0.014057568384836292 0.0073274497703471478 -0.0013410584240415879 0.0021618377589001495 -0.0088106829790507331 0.0017457769678052265 0.0021364167332477151 0.0044169752775534187 -0.00027352368868874819 0.000339049821995858 -0.0022048605390839653 2.2134104860185878e-05 -0.0042424243313982776 -0.0050473749283926322 -0.0040494956361245161 0.0020765093065614445 0.0089258528146229695 0.00018535352299546673 -0.0052590439027932782 -0.00078917605101052506 0.002181674623106279 0.0036645447451889115 0.001194296005231091 -0.00041364084575184259 0.0017258930294711224 -0.0088706708814089569 -0.0010233589070628294 0.0012756100097108098 -7.0016171548040925e-05 -0.010644049235685933 -0.0041758380250934623 0.0033728011903422714 -0.0032737212761439747 -0.0021642925659390781 0.0082868504148396523 -0.0014859049978459932 -0.0094274692558760573 -0.0010887981914504789 0.0028925805337576055 -0.0060246550119781297 0.0074554666954779825 -0.013699911000636663 -0.00070122738212112122 0.00054286826274758861 -0.0010248156907410571 0.00775861942006694 -0.002988944728828396 -4.5599907591878498e-05 0.0089503063697815508 -0.0089699929933477352 0.0018304327485172656 -0.0082290560087525545 0.0010025180403122494 -0.0021179602580740165 -0.0022425988704821379 0.0078969363912417302 0.0017979309655949288 -0.0054699241169560847 -0.0058124225088208572 0.0038433973122225951 0.0023166505346038872 0.011670369190651729 0.0019878386953750275 -0.0016286608521337064 0.0056506357379733424 0.0056508700893624225 1.5954879313933874e-05 0.0040224886887937792 0.003119894840289236 -0.0023878821634005405 0.00058025918462193955 -0.002525924207706903 0.0046546047752206105 0.0069665430374190387 0.003887868795439581 -0.012012894342482905 0.00039786309750685923 0.0022356373647633835 -0.001926334726914155 -0.0037500458831216483 -0.0041149645679948174 -0.0022725866494003361 -0.0046131283863231351 -0.0013646395831513499 0.00018657684758568351 -0.0030086322229801506 0.0036397224407961107 0.002976773445610815 -0.0030913549294883484 0.0027293855951792418 -0.0010177276558557826 0.00014293349854809276 0.0053630289660738361 -0.002418282543097193 9.9005775554921247e-05 0.0017833317196704859 -0.00061393963430234717 -0.0045336329392348974 0.00063137994606775869 0.00061232914609322302 -0.0020598862469277815 0.00040717604385450508
leaf_weight=568.11411339126062 2208.0576376885874 1558.1611062680604 336.19218883442227 275.1556850814959 790.81942750839517 90.783398674684577 946.57924326125067 86.896409545559436 75.123462373041548 614.85431680851616 96.645935079664923 143.39924704120494 1335.1321614462649 323.95721259294078 113.19572816009168 152.17352708929684 2624.4412009355146 312.11120536492672 2148.9574537252774 84.012796742143109 69.866513132001273 248.47117070225067 329.31909925711807 94.294679385959171 47.118501678807661 112.92311632668134 76.798770754598081 2463.8472329126671 94.435736662475392 713.97482708096504 63.348295658826828 89.049918624339625 106.29669370839838 805.60131545411423 63.848986461060122 120.24650377163198 119.69566065608524 77.694457051809877 348.41654795012437 718.20270472310949 116.55336394824553 61.717475050478242 198.84933375613764 817.09147339453921 226.78050359885674 260.73821925732773 96.600475035142154 173.34521156409755 150.92681339243427 135.29673349310178 1575.7301752540516 103.34657261089887 97.385545331519097 118.939845016459 129.98269807966426 339.77335620054509 100.08872446767054 210.6280334177427 58.898725623846985 40.06706691312138 66.326566478121094 717.37686181569006 78.094043979770504 106.17998477455694 62.055124233360402 50.436227505793795 57.124616845627315 48.812118339003064 1054.9752690156456 81.073272052919492 501.22710029326845 251.954123131698 72.411002702428959 112.00093678559642 310.94707318837754 106.69774133618921 245.97190076496918 276.00245144520886 157.95475973829161 236.12898157397285 84.509047574014403 273.40921101265121 93.438732963055372 192.68555315525737 258.29024864535313 108.16468530753627 75.232732585980557 1263.1748027518624 127.0640625259839 350.1197022323031 126.43055944272783 196.08861522353254 80.765419778297655 89.771388750872575 1959.5198779186467 67.756210655672476 87.524054368492216 317.63032598828431 284.23203249857761 60.982681788736954 574.43336645083036 147.15955223026685 83.829439650871791 165.8467426171992 71.343435803195462 2921.8374730544165 716.35852858412545 198.92105985898525 215.16917342226952 103.07216632855125 172.35322822048329 118.56320131965913 118.0519405057421 460.30936313513666 425.7743421579944 2203.8126607884187 81.598653139779344 700.02467058144975 1460.8034694902599 147.30291016481351 724.18989430868533 470.33725132700056 88.22900769347325 75.924929550499655 127.94676399731543 287.16902695596218
leaf_count=1257 4087 2803 641 443 1465 210 1870 172 141 1107 255 346 2355 583 180 277 4663 442 3834 163 165 420 631 190 172 194 110 4369 231 1235 118 164 190 1554 120 186 222 149 616 1139 247 120 395 1426 467 441 170 302 268 304 2790 178 188 309 259 566 207 373 126 77 173 1273 141 204 130 195 119 123 1714 183 865 390 162 218 539 225 385 490 250 453 178 479 201 347 399 285 120 2135 280 767 216 339 161 177 3517 135 170 649 513 170 981 277 147 263 127 5274 1373 400 321 217 262 221 216 893 662 4011 206 1337 2569 236 1255 782 173 158 218 393
internal_value=-5.9933e-05 -0.000897734 0.000546579 0.000231457 0.000430555 -0.000407119 -0.00170125 0.000313998 0.000235893 0.000611068 -1.68043e-05 -0.000511155 -0.000292378 -0.00144797 -0.000863067 -0.000679118 0.00153024 0.00370351 -0.00181 -0.00139715 0.00113136 -0.000231581 -0.00378568 0.00500656 0.00160133 -0.000602576 0.00399089 0.00192887 0.00135017 0.0036795 0.00886301 -0.00140952 -0.00483317 -0.00114099 0.00361398 0.0048379 0.0004149 0.00060792 -0.00279227 0.000367649 0.00281055 0.00630526 -7.17309e-05 0.00135311 -0.000262012 0.000337048 0.00644272 -3.73717e-06 -0.00135992 0.000308189 1.62281e-05 -0.00347828 -0.00556583 0.000230869 -0.00151333 0.000255681 0.00174082 0.000587326 -0.000587699 -0.00241187 -0.00303875 -0.00238654 -0.00537862 -0.00230097 0.0020712 -0.00977538 0.0043954 -0.000231616 0.000561871 0.00153202 8.24484e-05 -0.000806132 -0.00073885 -0.00281521 -0.000308609 -0.00150206 0.000703348 0.000125914 0.00115682 0.00222061 -0.00180782 -0.00371202 0.00325832 0.000912227 0.00511928 0.00876289 -0.00245088 -0.000921332 0.00205937 0.00298829 0.00421209 0.000537777 0.000279618 0.00120847 0.00146408 0.00306053 0.00363227 0.00482083 0.00254021 -0.0019912 -0.00124691 -0.00324755 -0.00731631 -0.000950283 0.000446663 -0.00228765 -0.00276339 0.000668553 0.00324855 0.00445552 0.00107931 0.00722519 0.000625309 0.001445 6.12584e-05 0.000923009 -0.000287456 -0.00175255 0.000463266 0.00482573 -0.0019212 -0.00343996 -0.0038697 -0.00509742 -0.00680147 -0.0022269
internal_weight=50211.9 21087.5 29124.3 22088 19768.5 13742.2 2801.79 18977.7 18578.7 12379.6 7584.18 6199.14 5862.95 2319.47 1995.51 1904.35 7036.31 399.008 7345.31 2284.68 687.788 523.627 897.433 164.161 4795.38 613.262 189.722 4182.12 3179.4 1002.71 110.467 715.557 200.732 1752.18 399.305 335.456 3578.27 3458.58 423.54 3315.18 892.246 178.271 10940.4 1265.21 9675.23 1077.83 187.384 8444.13 1569.59 6874.55 6224.65 336.029 232.682 5888.62 980.885 569.845 439.862 4907.74 1691.75 1209.41 1058.48 992.154 274.777 184.274 360.179 90.5033 116.023 7184.88 2792.92 1737.94 961.319 880.245 4391.96 726.855 3665.1 1680.82 1984.28 1764.57 1160.68 884.678 603.89 357.918 776.624 361.357 415.267 156.977 168.671 1574.12 379.018 649.895 476.55 3237.48 3041.39 3215.98 3005.35 1045.84 956.064 669.619 351.988 1231.1 1032.25 457.818 144.812 313.006 298.124 5196.36 3638.2 286.445 726.724 511.554 275.425 215.209 662.374 578.361 514.824 4411.87 2323.19 780.79 1542.4 219.714 1307.72 583.533 411.041 322.812 246.887 1622.3
internal_count=91124 39222 51902 39141 35123 25938 5589 33658 33044 21915 13346 11129 10488 4018 3435 3701 12761 614 13284 4020 1218 863 1888 355 8569 1061 304 7508 5616 1892 290 1247 421 3424 782 662 6468 6246 757 5900 1602 367 20349 2247 18102 1867 380 15869 3055 12814 11529 670 492 10859 1890 1032 773 8969 3035 2331 2063 1890 617 345 724 272 245 12564 4907 3193 1718 1535 7657 1325 6332 2899 3433 3035 1993 1503 1042 657 1475 668 807 408 321 2674 670 1285 983 5751 5412 5934 5561 2044 1867 1297 648 2233 1838 857 317 540 594 9450 6647 570 1253 932 479 476 1272 1109 826 8098 4273 1498 2775 398 2217 962 858 685 527 2748
is_linear=0
shrinkage=0.0200396


end of trees

feature_importances:
hist_prior_ret=1097
dist_to_prior_close=925
session_range=359
hist_gap_pct=284
hist_prior_range_pct=282
ret_from_open=268
gex_abs_total=262
rv_1m=255
gex_neg_pocket_below=218
gex_zero_level=198
gex_hhi=196
gex_top3_concentration=180
gex_pos_centroid=179
gex_band_share=171
net_prem_cum_session=167
gex_wall_above=160
gex_max_node_value=158
minutes_since_open=157
gex_band_abs=142
session_cos=138
session_sin=131
hist_prior_close=120
gex_abs_centroid_dist=120
gex_max_node_strike=114
gex_wall_below_dist=110
gex_net_total=105
dist_to_session_high=97
gex_band_net=97
block_notional_15m=96
gex_max_node_dist=94
minutes_to_close=93
dow=91
dist_to_twap=86
gex_pos_centroid_dist=85
dist_to_session_low=77
gex_wall_above_dist=75
gex_wall_below=58
gex_dist_to_zero_pct=55
ret_30m=49
gex_dist_to_zero=43
gex_neg_pocket_above=39
pos_in_session_range=34
net_prem_15m=26
gex_band_decay_15m=18
gex_band_decay_pct_15m=14
block_vs_sweep_z=14
session_frac=11
call_put_prem_ratio_15m=9
gex_dist_zero_chg_15m=8
ret_15m=6
gex_band_decay_pct_5m=6
net_prem_z_15m=6
otm_skew_level=5
net_prem_5m=4
ret_5m=3
gex_band_decay_5m=3
ret_1m=2
otm_call_prem_1m=2
net_prem_z_5m=2
block_signed_bias=2
gex_snapshot_age_min=1
gex_dist_zero_chg_5m=1
call_prem_1m=1
otm_put_prem_1m=1
net_prem_vel_z_5m=1
net_prem_vel_z_15m=1

parameters:
[boosting: gbdt]
[objective: custom]
[metric: custom]
[tree_learner: serial]
[device_type: cpu]
[data_sample_strategy: bagging]
[data: ]
[valid: ]
[num_iterations: 62]
[learning_rate: 0.0200396]
[num_leaves: 127]
[num_threads: -1]
[seed: 7]
[deterministic: 0]
[force_col_wise: 0]
[force_row_wise: 0]
[histogram_pool_size: -1]
[max_depth: -1]
[min_data_in_leaf: 120]
[min_sum_hessian_in_leaf: 0.001]
[bagging_fraction: 0.8]
[pos_bagging_fraction: 1]
[neg_bagging_fraction: 1]
[bagging_freq: 1]
[bagging_seed: 17422]
[bagging_by_query: 0]
[feature_fraction: 0.913335]
[feature_fraction_bynode: 1]
[feature_fraction_seed: 7040]
[extra_trees: 0]
[extra_seed: 6516]
[early_stopping_round: 0]
[early_stopping_min_delta: 0]
[first_metric_only: 0]
[max_delta_step: 0]
[lambda_l1: 0.5]
[lambda_l2: 23.8779]
[linear_lambda: 0]
[min_gain_to_split: 0]
[drop_rate: 0.1]
[max_drop: 50]
[skip_drop: 0.5]
[xgboost_dart_mode: 0]
[uniform_drop: 0]
[drop_seed: 15215]
[top_rate: 0.2]
[other_rate: 0.1]
[min_data_per_group: 100]
[max_cat_threshold: 32]
[cat_l2: 10]
[cat_smooth: 10]
[max_cat_to_onehot: 4]
[top_k: 20]
[monotone_constraints: ]
[monotone_constraints_method: basic]
[monotone_penalty: 0]
[feature_contri: ]
[forcedsplits_filename: ]
[refit_decay_rate: 0.9]
[cegb_tradeoff: 1]
[cegb_penalty_split: 0]
[cegb_penalty_feature_lazy: ]
[cegb_penalty_feature_coupled: ]
[path_smooth: 1]
[interaction_constraints: ]
[verbosity: -1]
[saved_feature_importance_type: 0]
[use_quantized_grad: 0]
[num_grad_quant_bins: 4]
[quant_train_renew_leaf: 0]
[stochastic_rounding: 1]
[linear_tree: 0]
[max_bin: 255]
[max_bin_by_feature: ]
[min_data_in_bin: 3]
[bin_construct_sample_cnt: 200000]
[data_random_seed: 61]
[is_enable_sparse: 1]
[enable_bundle: 1]
[use_missing: 1]
[zero_as_missing: 0]
[feature_pre_filter: 1]
[pre_partition: 0]
[two_round: 0]
[header: 0]
[label_column: ]
[weight_column: ]
[group_column: ]
[ignore_column: ]
[categorical_feature: ]
[forcedbins_filename: ]
[precise_float_parser: 0]
[parser_config_file: ]
[objective_seed: 15521]
[num_class: 1]
[is_unbalance: 0]
[scale_pos_weight: 1]
[sigmoid: 1]
[boost_from_average: 0]
[reg_sqrt: 0]
[alpha: 0.9]
[fair_c: 1]
[poisson_max_delta_step: 0.7]
[tweedie_variance_power: 1.5]
[lambdarank_truncation_level: 30]
[lambdarank_norm: 1]
[label_gain: ]
[lambdarank_position_bias_regularization: 0]
[eval_at: ]
[multi_error_top_k: 1]
[auc_mu_weights: ]
[num_machines: 1]
[local_listen_port: 12400]
[time_out: 120]
[machine_list_filename: ]
[machines: ]
[gpu_platform_id: -1]
[gpu_device_id: -1]
[gpu_device_id_list: ]
[gpu_use_dp: 0]
[num_gpu: 1]

end of parameters

pandas_categorical:null
