tree
version=v4
num_class=1
num_tree_per_iteration=1
label_index=0
max_feature_idx=250
objective=huber
feature_names=minutes_since_open minutes_to_close session_frac session_sin session_cos dow ret_1m ret_5m ret_15m ret_30m rv_1m ret_from_open session_range pos_in_session_range dist_to_session_high dist_to_session_low dist_to_twap hist_prior_close hist_prior_ret hist_prior_range_pct hist_gap_pct dist_to_prior_close gex_net_total gex_abs_total gex_zero_level gex_dist_to_zero gex_dist_to_zero_pct gex_above_zero gex_top3_concentration gex_hhi gex_band_net gex_band_abs gex_band_share gex_pos_centroid gex_pos_centroid_dist gex_abs_centroid_dist gex_max_node_strike gex_max_node_value gex_max_node_dist gex_wall_above gex_wall_above_dist gex_wall_below gex_wall_below_dist gex_neg_pocket_above gex_neg_pocket_below vanna_net_total vanna_band_net charm_net_total charm_band_net max_pain max_pain_dist gex_snapshot_age_min gex_band_decay_5m gex_band_decay_pct_5m gex_dist_zero_chg_5m gex_band_decay_15m gex_band_decay_pct_15m gex_dist_zero_chg_15m charm_drift_to_close call_prem_1m put_prem_1m otm_call_prem_1m otm_put_prem_1m net_prem_1m flow_side_weighted net_prem_5m net_prem_z_5m net_prem_vel_5m net_prem_vel_z_5m net_prem_15m net_prem_z_15m net_prem_vel_15m net_prem_vel_z_15m net_prem_cum_session call_put_prem_ratio_15m otm_call_accel otm_put_accel otm_skew_momentum otm_skew_log_ratio otm_skew_level block_notional_15m sweep_notional_15m inst_block_weight dark_pool_share block_vs_sweep_z block_signed_bias has_gex_snapshot has_flow_prints bar_range_bp bar_body_frac upper_wick_frac lower_wick_frac vol_avg_30 vol_z_30 vol_ratio_session vol_cum_frac iv_call_atm iv_put_atm iv_skew_atm straddle_pct iv_atm_chg_5 ret_10m ret_20m ret_25m ret_40m ret_50m gex_net_total_d5m gex_net_total_d10m gex_net_total_d15m gex_net_total_d20m gex_net_total_d30m gex_net_total_d50m gex_abs_total_d5m gex_abs_total_d10m gex_abs_total_d15m gex_abs_total_d20m gex_abs_total_d30m gex_abs_total_d50m gex_band_net_d5m gex_band_net_d10m gex_band_net_d15m gex_band_net_d20m gex_band_net_d30m gex_band_net_d50m gex_dist_to_zero_d5m gex_dist_to_zero_d10m gex_dist_to_zero_d15m gex_dist_to_zero_d20m gex_dist_to_zero_d30m gex_dist_to_zero_d50m gex_wall_above_dist_d5m gex_wall_above_dist_d10m gex_wall_above_dist_d15m gex_wall_above_dist_d20m gex_wall_above_dist_d30m gex_wall_above_dist_d50m gex_wall_below_dist_d5m gex_wall_below_dist_d10m gex_wall_below_dist_d15m gex_wall_below_dist_d20m gex_wall_below_dist_d30m gex_wall_below_dist_d50m gex_pos_centroid_dist_d5m gex_pos_centroid_dist_d10m gex_pos_centroid_dist_d15m gex_pos_centroid_dist_d20m gex_pos_centroid_dist_d30m gex_pos_centroid_dist_d50m net_prem_cum_session_d5m net_prem_cum_session_d10m net_prem_cum_session_d15m net_prem_cum_session_d20m net_prem_cum_session_d30m net_prem_cum_session_d50m otm_skew_level_d5m otm_skew_level_d10m otm_skew_level_d15m otm_skew_level_d20m otm_skew_level_d30m otm_skew_level_d50m iv_call_atm_d5m iv_call_atm_d10m iv_call_atm_d15m iv_call_atm_d20m iv_call_atm_d30m iv_call_atm_d50m iv_put_atm_d5m iv_put_atm_d10m iv_put_atm_d15m iv_put_atm_d20m iv_put_atm_d30m iv_put_atm_d50m iv_skew_atm_d5m iv_skew_atm_d10m iv_skew_atm_d15m iv_skew_atm_d20m iv_skew_atm_d30m iv_skew_atm_d50m straddle_pct_d5m straddle_pct_d10m straddle_pct_d15m straddle_pct_d20m straddle_pct_d30m straddle_pct_d50m vanna_band_net_d5m vanna_band_net_d10m vanna_band_net_d15m vanna_band_net_d20m vanna_band_net_d30m vanna_band_net_d50m charm_band_net_d5m charm_band_net_d10m charm_band_net_d15m charm_band_net_d20m charm_band_net_d30m charm_band_net_d50m rv_1m_d5m rv_1m_d10m rv_1m_d15m rv_1m_d20m rv_1m_d30m rv_1m_d50m ret_1m__isna ret_5m__isna ret_15m__isna ret_30m__isna rv_1m__isna hist_prior_close__isna hist_prior_ret__isna hist_prior_range_pct__isna hist_gap_pct__isna dist_to_prior_close__isna gex_net_total__isna gex_abs_total__isna gex_zero_level__isna gex_dist_to_zero__isna gex_dist_to_zero_pct__isna gex_above_zero__isna gex_top3_concentration__isna gex_hhi__isna gex_band_net__isna gex_band_abs__isna gex_band_share__isna gex_pos_centroid__isna gex_pos_centroid_dist__isna gex_abs_centroid_dist__isna gex_max_node_strike__isna gex_max_node_value__isna gex_max_node_dist__isna gex_wall_above__isna gex_wall_above_dist__isna gex_wall_below__isna gex_wall_below_dist__isna gex_neg_pocket_above__isna gex_neg_pocket_below__isna vanna_net_total__isna vanna_band_net__isna charm_net_total__isna charm_band_net__isna max_pain__isna max_pain_dist__isna gex_snapshot_age_min__isna gex_band_decay_5m__isna gex_dist_zero_chg_5m__isna gex_band_decay_15m__isna gex_dist_zero_chg_15m__isna charm_drift_to_close__isna net_prem_vel_5m__isna net_prem_vel_15m__isna otm_call_accel__isna otm_put_accel__isna
feature_infos=[-0.53977274894714355:0.44034090638160706] [-0.44034090638160706:0.53977274894714355] [-0.53977274894714355:0.44034090638160706] [-0.50589752197265625:0.50589752197265625] [-0.51000577211380005:0.5002143383026123] [-0.5:0.5] [-8:8] [-8:8] [-8:8] [-8:8] [-0.24907131493091583:8] [-3.1700189113616943:5.1339964866638184] [-0.40240412950515747:4.8490667343139648] [-0.61279630661010742:0.39762035012245178] [-0.1636904776096344:4.2767858505249023] [-0.27230769395828247:6.8017845153808594] [-3.4390017986297607:6.8683295249938965] [-0.76921695470809937:0.65920042991638184] [-2.0903298854827881:3.0228533744812012] [-0.31124913692474365:4.7927846908569336] [-1.8290165662765503:1.6394596099853516] [-2.2493441104888916:2.7432301044464111] [-5.1250004768371582:5.6745553016662598] [-0.31058484315872192:5.9167928695678711] [-0.85110604763031006:0.68708550930023193] [-7.9734115600585938:6.7083573341369629] [-8:7.47564697265625] [0:1] [-1.0377258062362671:0.49708375334739685] [-0.46129027009010315:1.8548921346664429] [-5.1587715148925781:5.7411065101623535] [-0.2888396680355072:6.422858715057373] [-1.9760028123855591:0.168763667345047] [-0.77598315477371216:0.68963652849197388] [-3.9227659702301025:8] [-8:8] [-0.88732391595840454:0.69014084339141846] [-4.6214532852172852:7.1215896606445312] [-8:8] [-0.20981758832931519:8] [-0.30444777011871338:8] [-9.1972717200405896e-05:8] [-0.045434202998876572:1.0335057973861694] [-8:0] [-8:0.19419911503791809] [-3.7200117111206055:8] [-4.917475700378418:8] [-6.166081428527832:1.2556664943695068] [-6.438812255859375:1.5805395841598511] none none [0:8] [-4.7621250152587891:4.9383406639099121] [-8:8] [-5.7306647300720215:7.5088820457458496] [-4.5498270988464355:4.2656083106994629] [-8:8] [-5.231743335723877:5.8794069290161133] [-6.952878475189209:1.7117044925689697] [-0.39923557639122009:8] [-0.24589629471302032:8] [-0.16055625677108765:8] [-0.20294426381587982:8] [-6.3569927215576172:8] none [-6.6744389533996582:8] [-1.2883350849151611:1.4117825031280518] [-8:8] [-1.3511906862258911:1.7764140367507935] [-6.3429121971130371:8] [-1.1257627010345459:1.1499855518341064] [-8:8] [-1.3677380084991455:1.5847550630569458] [-3.6847288608551025:1.8445494174957275] [-0.41369777917861938:8] [-8:8] [-8:8] [-0.5:0.5] [-8:5.3074960708618164] [-1.1435250043869019:1.5095252990722656] [-0.25800374150276184:3.3461244106292725] [-0.20626406371593475:8] [-1.4003709554672241:0.50820267200469971] none [-1.7274341583251953:1.2108261585235596] [-1.2090942859649658:1.1536016464233398] [0:1] none [-0.32717186212539673:8] [-0.59226137399673462:0.59226137399673462] [-0.30389362573623657:1.1775878667831421] [-0.31400963664054871:1.1304347515106201] [-0.39866006374359131:6.1093111038208008] [-0.74956494569778442:1.6348862648010254] [-0.30025485157966614:8] [-0.4745403528213501:1.5541319847106934] [-0.44799011945724487:3.6311819553375244] [-0.47944268584251404:3.4791576862335205] [-8:8] [-0.44026213884353638:4.4868998527526855] [-5.290776252746582:8] [-8:8] [-8:8] [-8:8] [-5.1617417335510254:8] [-5.158024787902832:8] [-4.7120776176452637:4.8848848342895508] [-4.5331192016601562:5.2015819549560547] [-4.5027904510498047:4.1332707405090332] [-4.5067610740661621:3.8853681087493896] [-4.5248456001281738:4.5799226760864258] [-4.6600813865661621:4.5413026809692383] [-4.7373223304748535:4.9357686042785645] [-5.0404033660888672:4.579317569732666] [-4.2148046493530273:4.1560544967651367] [-4.3293905258178711:4.4828686714172363] [-4.2729473114013672:4.8758893013000488] [-4.4177336692810059:4.6681303977966309] [-4.7627215385437012:4.9377446174621582] [-4.5829200744628906:5.2445192337036133] [-4.5498270988464355:4.2656083106994629] [-4.5461254119873047:3.9030818939208984] [-4.5751171112060547:4.6278729438781738] [-4.7031450271606445:4.5831561088562012] [-5.7306647300720215:7.5088815689086914] [-5.7523951530456543:6.0147967338562012] [-5.231743335723877:5.8794069290161133] [-5.175621509552002:5.3496804237365723] [-4.999577522277832:6.1128683090209961] [-5.3674378395080566:5.4619412422180176] [-8:7.6560196876525879] [-7.9487738609313965:8] [-8:6.9503631591796875] [-8:6.1717052459716797] [-8:7.990349292755127] [-8:4.4387903213500977] [-0.60385459661483765:0.60423523187637329] [-0.60303634405136108:0.60284638404846191] [-0.60381859540939331:0.60396796464920044] [-0.60197323560714722:0.60250169038772583] [-0.60669362545013428:0.60691189765930176] [-0.61852353811264038:0.61995863914489746] [-8:8] [-8:8] [-8:8] [-8:8] [-8:7.3946776390075684] [-8:5.5981001853942871] [-6.7271604537963867:8] [-6.6564640998840332:8] [-6.472440242767334:8] [-6.1298484802246094:8] [-5.2752737998962402:8] [-3.4738554954528809:8] [-2.2647020816802979:2.30879807472229] [-1.8143130540847778:1.710415244102478] [-1.9123035669326782:1.7429115772247314] [-1.5093179941177368:1.9614458084106445] [-1.6503732204437256:1.6812632083892822] [-1.4596068859100342:1.6273494958877563] [-8:8] [-8:8] [-8:8] [-8:8] [-8:8] [-8:8] [-8:8] [-8:8] [-8:8] [-8:8] [-8:8] [-8:8] [-8:8] [-8:8] [-8:8] [-8:8] [-8:8] [-8:8] [-8:8] [-8:8] [-8:8] [-8:8] [-8:8] [-8:8] [-8:8] [-8:8] [-8:8] [-8:8] [-8:8] [-8:8] [-6.9763445854187012:6.8119807243347168] [-7.3693957328796387:7.0029439926147461] [-7.1595029830932617:6.0973949432373047] [-7.1422314643859863:3.9050295352935791] [-6.8043637275695801:3.8337640762329102] [-6.3068747520446777:3.7745871543884277] [-8:8] [-8:8] [-8:8] [-8:8] [-8:8] [-8:8] none none [0:1] [0:1] none [0:1] [0:1] [0:1] [0:1] [0:1] [0:1] [0:1] [0:1] [0:1] [0:1] [0:1] [0:1] [0:1] [0:1] [0:1] [0:1] [0:1] [0:1] [0:1] [0:1] [0:1] [0:1] [0:1] [0:1] [0:1] [0:1] [0:1] [0:1] [0:1] [0:1] [0:1] [0:1] none none [0:1] [0:1] [0:1] [0:1] [0:1] [0:1] none none none none
tree_sizes=11922 11924 11908 11950 11904 11971 11893 11955 11967 11884 11936 11897 11920 11945 11947 11919 11893 11934 11894 11954 11928 11943 11961 11940 11949 11933 11940 11943 11969 11946 11956 11907 11949 11998 11922 11943 11887 11956 11922 11937 11916 11917 11906 11934 11982 11928 11965 11936 11905 11929

Tree=0
num_leaves=127
num_cat=0
split_feature=153 13 18 18 73 15 207 33 73 73 19 19 96 92 12 17 16 0 12 21 73 18 18 73 19 36 99 5 153 33 92 18 14 15 92 97 19 18 18 73 12 4 73 21 19 18 14 18 21 73 17 10 19 96 33 96 0 18 74 5 99 99 12 103 97 33 97 9 21 17 165 73 33 92 73 200 105 92 5 12 96 153 19 99 13 152 0 33 36 92 153 3 15 73 18 15 73 92 18 21 17 19 0 153 19 61 153 5 19 19 19 21 33 36 200 99 5 17 21 96 62 21 12 17 4 19
split_gain=56.318 61.8679 82.7615 60.727 50.3427 53.6205 43.1262 36.8391 37.7928 36.6788 35.3899 37.2602 34.1148 39.2466 40.2155 33.9259 32.8967 31.8048 45.4936 31.8 34.5911 47.3299 35.8801 35.6317 62.61 32.1511 38.9903 38.5807 67.6603 33.5676 30.2746 28.1314 29.0196 28.6749 28.0948 31.4887 31.9487 34.5094 27.9057 27.8378 27.0285 26.9742 45.1731 27.8344 39.3381 33.9794 31.1459 49.8214 51.8072 47.9219 68.4885 44.8042 35.2132 31.6582 30.625 33.8309 36.9062 63.3677 41.3373 28.2655 31.3343 28.1724 27.9088 27.8445 26.9632 26.8541 36.883 32.7446 26.3682 25.5722 25.4535 25.3637 24.7045 23.884 28.2086 23.8245 23.346 23.3166 23.0345 22.9443 48.1375 31.573 23.9213 22.8006 22.6245 27.719 22.365 22.0618 28.746 24.2451 22.0534 32.3825 22.8771 21.5476 21.3925 21.214 21.1071 24.3578 20.5017 35.9671 29.5615 20.4642 22.0408 20.0627 20.0589 20.053 19.996 30.0129 55.3401 32.4097 27.3196 30.6776 19.7897 19.6601 22.0885 19.6509 40.3247 21.5717 19.624 19.6028 19.4353 19.3144 19.1076 19.0535 18.9529 18.9393
threshold=0.46577584743499761 0.14608231931924823 -0.28176027536392206 0.015367750544101002 -0.55675289034843434 0.21693076938390735 1.0000000180025095e-35 -0.47984249889850611 -0.69899320602416981 -0.10186073184013365 0.84746667742729198 0.54600965976715099 -0.0095595973543822748 0.40983386337757116 0.6236863136291505 0.551161289215088 0.060792917385697372 0.34232954680919653 0.38523754477500921 0.4045709520578385 -0.066633369773626314 0.17340224981307986 0.16934926807880404 -0.095768120139837251 0.25647677481174475 0.36971829831600195 -0.14371002465486524 1.0000000180025095e-35 -0.12373552098870276 -0.30745014548301691 0.28346666693687445 -0.1739988103508949 0.48810267448425299 0.21693076938390735 -0.20649258047342298 -0.24672458320856092 0.059237966313958175 0.066034600138664259 -0.22926829755306241 0.022240712307393554 0.115283340215683 0.12489546835422517 0.53496012091636669 -0.15464600920677182 0.059237966313958175 -0.13651735335588452 0.043162202462553985 0.12257515639066698 0.1399706304073334 0.022240712307393554 -0.04454591125249862 -0.2183503061532974 0.3933862447738648 -0.17596044391393659 0.35014554858207708 -0.089180003851652132 -0.069602273404598222 -0.035081364214420312 0.0046497841831296691 -1.0000000180025095e-35 -0.03953809663653373 -0.081141058355569826 0.086307954043149962 -0.016422670334577557 -0.13360267132520673 -0.15949301421642301 -0.19471216201782224 -0.051564039662480347 -0.18139967322349546 -0.0055367799941450349 -0.045652983710169785 0.045726671814918525 0.41999357938766485 0.31814607977867132 0.67140695452690136 0.11346757039427759 0.0092067411169409769 -0.065065436065196977 -1.0000000180025095e-35 0.01431597024202347 -0.10792117565870284 0.095904540270566954 0.2421180456876755 0.29474915564060217 -0.40079677104949946 -0.78852999210357655 -0.20596590638160703 -0.22592850774526593 -0.024647886864840981 0.18858070671558383 -0.48211270570754999 -0.39443531632423395 -0.077953845262527452 0.35900463163852697 0.048116011545062072 0.26589231193065649 0.121258731931448 -0.19736514240503308 -0.38347558677196497 -0.040453506633639329 0.24243187159299853 0.21738105267286303 -0.095170453190803514 -0.096311226487159715 0.37220668792724615 0.028445006348192695 0.095904540270566954 -1.0000000180025095e-35 -0.061682002618908875 -0.11290423199534415 -0.12596915662288663 0.041526915505528457 -0.10140598192811011 -0.17253521084785459 -0.13818138092756269 -0.24106036126613614 -0.37499999999999994 -0.30459481477737421 -1.0000000180025095e-35 -0.096884299069643007 0.30862249433994299 0.10734421014785768 -0.16656553745269773 -0.23117854446172711 -0.19485294818878171 -0.27704542875289911
decision_type=2 2 2 2 2 2 2 2 2 2 2 2 2 2 2 2 2 2 2 2 2 2 2 2 2 2 2 2 2 2 2 2 2 2 2 2 2 2 2 2 2 2 2 2 2 2 2 2 2 2 2 2 2 2 2 2 2 2 2 2 2 2 2 2 2 2 2 2 2 2 2 2 2 2 2 2 2 2 2 2 2 2 2 2 2 2 2 2 2 2 2 2 2 2 2 2 2 2 2 2 2 2 2 2 2 2 2 2 2 2 2 2 2 2 2 2 2 2 2 2 2 2 2 2 2 2
left_child=1 2 12 4 -3 15 7 8 -4 -5 11 19 39 14 68 115 -17 96 78 20 21 22 25 24 -23 27 -27 28 40 -29 -13 32 -31 -33 69 -36 37 64 103 101 -9 42 43 44 45 -40 47 49 51 50 119 -49 54 77 55 56 -48 -58 -59 62 -61 75 105 -62 -37 123 -67 -68 -14 -11 118 -12 86 74 -2 -56 83 -51 -19 81 -81 82 121 -57 -15 -86 -52 -70 112 -90 -28 -92 -93 106 -66 -76 97 -7 99 -99 120 -1 -103 -22 -43 -47 107 109 -109 -39 -108 -112 -89 -98 -115 116 -6 -117 -53 -45 -100 -38 -18 -30 -94 -119
right_child=73 3 6 9 5 17 -8 10 -10 34 71 30 13 84 -16 16 122 18 -20 -21 38 23 -24 -25 -26 26 90 29 65 31 -32 33 -34 -35 35 36 79 93 41 -41 -42 104 -44 46 -46 59 52 48 -50 53 72 70 -54 -55 61 76 57 58 -60 60 63 -63 -64 -65 94 66 67 -69 87 -71 -72 -73 -74 -75 95 -77 -78 -79 -80 80 -82 -83 -84 -85 85 -87 -88 88 89 -91 91 92 124 -95 -96 -97 113 98 100 -101 -102 102 -104 -105 -106 -107 110 108 -110 -111 111 -113 -114 114 -116 117 -118 125 -120 -121 -122 -123 -124 -125 -126 -127
leaf_value=0.013773844802724535 -0.00259648658349089 0.015604988355272504 0.0034331535420984646 0.01810948475626149 -0.026643841124741548 -0.017875059378115371 -0.028048322546141393 0.0038481355184504509 -0.024244446251146017 0.0033951705775050289 0.022563146947534835 -0.015778919681255468 0.019668844967755669 0.0082897008121690565 0.033644521617200128 0.010107854390245212 -0.0036518086031902411 0.0075977606109975679 -0.035959489597266199 0.014749569646943704 0.000713095161917938 0.031786209466292147 -0.023445370323427792 0.00071735618026719434 -0.0055236082285155808 0.013972469015904767 -0.022212974344522317 -0.013484396922718567 -0.0010680635571145556 -0.028195344909012758 0.0028465020295709901 0.0057230310543063961 0.0018785397023780258 -0.015064865916258769 0.018402367620364964 0.015552170871019556 0.00019489767002760244 -0.015510601976467061 -0.031027627675789201 -0.019923407613672221 0.020686060743539441 -0.0065106556025690239 -0.02831488983720833 -0.029899513845403319 0.0070417029369147597 -0.021856942942189695 -0.018135624825386047 0.026238735970160791 0.026048821240223501 -0.029814695306936125 0.0011853453611496436 0.020028223169869963 -0.017553456902320828 -0.007340051805393784 0.008273542097655507 0.010787244662457045 0.021729030646773079 0.0050348148522812528 -0.021182710545562162 0.01078281762154437 -8.4157876253532503e-06 0.018305617999884838 0.0030177143149678195 -0.020588203496625268 -0.0088681801544596376 -0.019593182502998126 0.019308970896539466 0.00037676428597180198 0.014377169770979775 -0.010624498523556302 -0.0093676425822752096 -0.00096281179919386337 -0.0033784189318980498 -0.018450224539681408 -0.03042124264874221 -0.013645750127705854 -0.0037135908926227766 -0.0079340820475941286 -0.014500483481246402 -0.01739852912372248 0.0088040388563636364 0.020979173602183637 -0.011808834672247607 -0.0059078441415593361 -0.02620939147830368 -0.00059640241133671632 0.023261944603958976 0.0028042881757397164 0.020846083273695866 -0.00025326954126177062 0.010349640778421173 -0.0050130621819931527 -0.03011937904552044 0.015254985973441198 0.0096676643043921862 -0.0069479058983494 -0.010062267985059343 0.022129807847888903 -3.4519495660948604e-05 -0.0029592170468826034 -0.019023616329962925 -0.020986896379115418 0.0051459207076809555 -0.020500717621623515 0.010655926760519132 -0.0033193525670305382 0.0037466893044523549 0.019614867817756249 -0.0078254868102348631 0.0058580284795848826 -1.676476599316092e-05 -0.018588543539611702 -0.013443512920593231 0.019049415814525354 0.0012768108614921072 -0.013048980260001139 0.0058702122596581202 -0.011000255971552759 -0.0041967617707744853 -0.0071624655831845768 -0.016331674469262283 0.025110874932642427 -0.026792340294246934 -0.020983450338257607 -0.0058450787889113764 0.0064345910263839236
leaf_weight=376 3103 838 327 933 273 628 282 614 644 1468 450 1480 815 560 312 266 269 310 329 519 274 636 294 776 287 425 392 948 471 278 520 2561 284 330 815 1280 290 649 272 363 1404 8281 272 258 900 1035 685 257 425 618 305 290 354 2029 1054 2357 440 521 541 651 846 1061 384 445 499 256 642 1108 1044 950 1122 364 415 740 310 275 982 340 626 363 2089 1281 273 425 276 583 628 872 545 427 484 2081 341 351 614 389 448 323 1697 1146 699 250 326 676 310 351 828 849 526 607 660 975 534 409 1290 280 435 285 296 494 401 265 395 393 251 6636
leaf_count=376 3103 838 327 933 273 628 282 614 644 1468 450 1480 815 560 312 266 269 310 329 519 274 636 294 776 287 425 392 948 471 278 520 2561 284 330 815 1280 290 649 272 363 1404 8281 272 258 900 1035 685 257 425 618 305 290 354 2029 1054 2357 440 521 541 651 846 1061 384 445 499 256 642 1108 1044 950 1122 364 415 740 310 275 982 340 626 363 2089 1281 273 425 276 583 628 872 545 427 484 2081 341 351 614 389 448 323 1697 1146 699 250 326 676 310 351 828 849 526 607 660 975 534 409 1290 280 435 285 296 494 401 265 395 393 251 6636
internal_value=-0.000236576 0.000119101 -0.00121192 0.00235434 -0.00032834 -0.00111113 -0.00216755 -0.00202101 -0.014874 0.00526861 -0.00176739 -0.00199895 0.0054358 0.00758152 0.0106035 0.00250259 -0.00951957 -0.00496064 -0.0146959 -0.00161562 -0.00180121 0.000795756 -0.000517514 0.0112837 0.0201319 -3.10541e-06 -0.00502552 0.00214272 0.00622321 -0.0023816 -0.0109119 0.000661568 -0.0129433 0.00332692 0.00449816 0.00570853 0.00486892 0.00227949 -0.00308578 -0.0042643 0.0155768 -0.00272667 -0.00145308 -0.00110159 -0.0055143 -0.00836392 0.000229519 -0.00292487 0.00500712 -0.00665982 0.00104414 0.000421792 0.00294611 -0.0120875 0.00382519 0.00125667 -0.00533086 0.000496672 -0.00828951 -0.00667992 -0.00110378 0.0102017 -0.012773 -0.00712817 0.00895293 -0.000345301 0.00387371 0.00735049 0.00888567 -0.00210022 -0.00347445 0.0119961 0.0100526 -0.00748735 -0.00533931 0.00369996 0.0050936 -0.0220862 -0.00714581 0.00930914 0.00489907 0.0144168 0.00421886 0.00821806 -0.0020774 -0.00889221 0.0160767 0.00629892 0.00272995 0.0115422 -0.00732002 -0.00544914 -0.00832978 -0.000649739 0.00133198 -0.0174261 -0.00320407 -0.00562434 -0.00380673 0.00255332 -0.00715908 0.00168901 -0.00615109 -0.0143327 -0.00588371 -0.0171834 -0.00175899 0.00227402 0.00908614 -0.00515482 -0.00607998 -0.0110815 -0.00334757 0.00229677 0.00558862 0.00392348 -0.00663932 0.00496909 0.00773268 -0.0150304 -0.00317953 0.0121674 -0.0174723 -0.0101724 -0.01989 0.00570763
internal_weight=97084 92542 57994 34548 17983 17145 50711 50429 971 16565 49458 48644 7283 5968 4549 8839 930 8306 1265 46644 46125 15256 13557 1699 923 13263 3974 9289 4888 4401 2000 3453 562 2891 15632 13214 12399 7838 30869 1315 2018 29919 21328 21056 4884 3984 16172 7477 2390 5087 2100 1965 8695 2987 8341 5951 2187 1502 1062 3712 1942 2390 1770 1291 2393 2870 2006 1750 4237 2418 1708 814 1348 4542 3802 1329 3764 958 936 4561 2452 2109 828 2782 1419 859 933 3422 2378 972 3549 3157 2673 5445 1113 699 7041 4894 4266 1469 2797 952 576 950 8591 1386 5094 2631 1375 1256 2463 1635 1406 2147 1699 7909 708 7201 586 752 2098 555 664 864 592 6921
internal_count=97084 92542 57994 34548 17983 17145 50711 50429 971 16565 49458 48644 7283 5968 4549 8839 930 8306 1265 46644 46125 15256 13557 1699 923 13263 3974 9289 4888 4401 2000 3453 562 2891 15632 13214 12399 7838 30869 1315 2018 29919 21328 21056 4884 3984 16172 7477 2390 5087 2100 1965 8695 2987 8341 5951 2187 1502 1062 3712 1942 2390 1770 1291 2393 2870 2006 1750 4237 2418 1708 814 1348 4542 3802 1329 3764 958 936 4561 2452 2109 828 2782 1419 859 933 3422 2378 972 3549 3157 2673 5445 1113 699 7041 4894 4266 1469 2797 952 576 950 8591 1386 5094 2631 1375 1256 2463 1635 1406 2147 1699 7909 708 7201 586 752 2098 555 664 864 592 6921
is_linear=0
shrinkage=0.0667171


Tree=1
num_leaves=127
num_cat=0
split_feature=11 153 18 73 18 11 73 17 18 104 18 17 24 95 0 183 105 95 18 18 95 24 19 200 19 18 73 14 18 18 18 18 20 95 0 11 17 96 19 153 21 14 97 10 0 20 18 74 5 14 10 18 18 73 15 21 73 10 171 4 19 20 20 20 18 33 15 5 18 5 16 15 153 11 5 15 153 21 13 18 73 11 5 18 18 24 10 33 19 18 18 21 20 20 16 105 20 3 152 5 15 62 11 19 19 61 73 19 21 33 15 20 4 33 20 96 73 95 5 19 24 153 15 73 97 153
split_gain=68.52 73.0204 61.2698 53.5645 61.8114 50.1311 47.5305 47.0537 65.5294 59.727 50.552 71.2996 53.3762 40.5983 40.4539 51.828 39.7783 38.4885 42.4045 67.1132 38.3302 36.866 35.9367 36.5579 34.9157 34.1278 36.9256 34.2156 43.7799 51.9395 42.5074 42.7216 42.1404 34.6406 45.2898 33.0646 42.7176 36.5648 33.8848 40.413 39.938 39.3507 37.2962 35.5819 32.9474 32.518 31.8783 31.1838 30.9377 30.7704 29.9461 29.5503 29.1506 65.7826 34.7186 28.6828 44.4925 28.6651 28.0299 27.1545 46.0748 37.8167 45.8162 37.5343 33.2689 32.4507 27.4336 27.0872 26.9906 43.2659 26.305 26.2157 26.0953 25.5164 25.8587 35.6466 33.113 25.3384 25.2641 24.9726 36.0244 26.1598 31.7541 24.6739 24.3862 28.7877 24.2849 24.1384 29.4847 29.2384 32.3869 24.8589 32.0824 42.7687 23.9788 23.8335 33.8513 23.6891 23.5977 23.5544 23.4299 23.3236 22.9963 26.7967 23.7626 22.8426 47.5527 41.1319 41.5378 35.4014 26.6707 22.8109 24.2427 22.7808 22.6664 22.5939 25.8128 42.6674 38.017 26.5922 22.7743 22.5743 21.9653 21.0108 20.9514 20.9289
threshold=-0.065999493002891527 0.48037910461425787 -0.28176027536392206 -0.55675289034843434 0.12685234844684604 0.47714054584503179 0.35900463163852697 0.57140287756919872 0.084646522998809828 0.15909838676452639 -0.0396803431212902 -0.15226145088672635 -0.35128000378608698 -0.46666467189788813 0.086647726595401778 0.010028769727796318 -0.020882269367575642 -0.029748969711363312 0.11253532022237779 -0.13651735335588452 -0.19140341132879254 0.58074295520782482 -0.19688779115676877 0.013434146530926229 -0.12042235583066939 0.25257980823516851 0.04192838445305825 0.32290922105312353 -0.1645485237240791 -0.11357893049716948 0.21241156756877902 -0.22926829755306241 0.32820434868335729 0.24581416696310046 0.16619318723678592 0.093616664409637465 0.0047817644663155088 -0.21666106581687924 0.11227971687912942 0.065651472657918944 0.015011419076472523 0.061808034777641303 0.088010683655738844 -0.24906937032938001 -0.30255682766437525 -0.466388389468193 -0.077967457473278032 -0.033161893486976617 -0.37499999999999994 -0.013400297611951826 0.094399098306894316 -0.012221254408359526 -0.99757909774780262 -0.52253320813179005 -0.010284615214914082 -0.6230407953262328 -0.10641179233789443 0.48445810377597814 0.34711064398288732 -0.41575048863887781 -0.16098526120185849 0.042616922408342368 0.1048441305756569 -0.0070601671468466512 0.10021138936281206 -0.0571795105934143 -0.22539231181144712 0.37500000000000006 -0.042091308161616318 -1.0000000180025095e-35 0.090041447430849089 -0.14306923002004621 -1.2260054945945738 0.41124984622001654 -1.0000000180025095e-35 0.21231538057327273 0.050830310210585601 0.35350733995437628 0.060817752033472068 -0.041037458926439278 0.14649725705385211 -0.34386751055717463 -0.37499999999999994 0.10021138936281206 -0.44258654117584223 0.53827974200248729 0.026066672988235954 -0.10762866586446761 0.66167718172073375 0.24711910635232928 0.36028486490249639 -0.013047308195382355 0.18632140010595324 0.028957781381905082 -0.093659825623035417 -0.12429923936724661 0.32820434868335729 -0.399487555027008 0.14931850135326388 1.0000000180025095e-35 0.33693076670169836 -0.066771816462278352 0.33669033646583563 0.14475676417350772 0.17205136269330981 0.056257899850606925 -0.067630328238010393 -0.1524577513337135 0.11550081521272661 0.0093229291960597056 0.043084613978862769 0.18632140010595324 -0.20984914898872373 0.39718790352344518 0.04417697153985501 0.15435694903135302 -0.071265298873186098 -0.18856262415647504 1.0000000180025095e-35 -0.16098526120185849 0.0050610641483217486 0.079451065510511412 -0.22999230772256848 0.059581391513347633 -0.0061677671037614337 -0.10083474963903426
decision_type=2 2 2 2 2 2 2 2 2 2 2 2 2 2 2 2 2 2 2 2 2 2 2 2 2 2 2 2 2 2 2 2 2 2 2 2 2 2 2 2 2 2 2 2 2 2 2 2 2 2 2 2 2 2 2 2 2 2 2 2 2 2 2 2 2 2 2 2 2 2 2 2 2 2 2 2 2 2 2 2 2 2 2 2 2 2 2 2 2 2 2 2 2 2 2 2 2 2 2 2 2 2 2 2 2 2 2 2 2 2 2 2 2 2 2 2 2 2 2 2 2 2 2 2 2 2
left_child=2 3 52 125 5 7 13 8 10 -10 35 12 -12 -4 15 87 -13 18 19 -3 -9 -22 -14 -24 105 27 55 30 33 -30 31 -15 58 44 -35 36 46 -38 40 94 101 67 43 48 -29 72 57 -17 -42 73 -7 -26 54 -54 -1 -27 -57 -5 59 60 63 65 -63 -33 68 -62 -66 114 69 -61 -20 -16 -31 74 -45 76 -76 -19 115 80 -47 -81 -83 -84 -55 -86 -44 88 89 121 -91 -89 93 -93 -40 -73 102 -28 -8 -11 -77 -37 103 -97 -104 106 -18 109 110 -108 -109 112 -58 -71 -41 116 119 124 -119 -70 -120 -6 -99 -64 -118 -2
right_child=1 17 6 4 14 50 98 20 9 99 11 16 22 25 71 47 24 77 70 -21 21 -23 23 -25 51 26 97 28 29 45 -32 32 -34 34 -36 38 37 -39 39 41 42 -43 86 49 -46 79 -48 -49 -50 -51 -52 -53 53 84 -56 56 111 -59 -60 64 61 62 123 -65 66 -67 -68 -69 78 113 -72 95 -74 -75 75 100 -78 -79 -80 81 -82 82 83 -85 85 -87 -88 91 -90 90 -92 92 -94 -95 -96 96 -98 122 -100 -101 -102 -103 104 -105 -106 -107 107 108 -110 -111 -112 -113 -114 -115 -116 -117 117 118 120 -121 -122 -123 -124 -125 -126 -127
leaf_value=0.0080735287491558415 0.020357406701944344 0.0075131547510636004 -0.028104200271662227 0.012747934261977106 0.025635442301719893 -0.029292873793648699 -0.010165336779670688 0.0045627171434622325 -0.013992502177175457 0.023167885935710907 0.02287603816781919 0.019483802688680146 0.0067735952054763411 -0.021686045912225792 -0.019508328218841523 0.012724617559555755 -0.023402281221938531 -0.025715052154488209 0.020103435666876984 -0.029645810508263298 -0.023001215899110524 -0.0058537924807780676 -0.02355158450200821 -0.0015645524544191701 -0.0019297137773055222 -0.0072028707023411133 0.0067035445416060201 -0.0051953062273834847 -0.012870132112927923 0.0045172827068130274 -0.022401999027480995 0.026848344780942678 0.014278534755768268 -0.025108962698533323 0.010035380030781383 0.0053026774383067689 -0.021187976639045432 0.0005671157152980584 -0.018588300636321341 -0.011683669573857757 -0.025891948551687846 0.0069971610310749959 -0.019299863879463062 0.015206954510019629 0.020975718521783756 0.014704057822597398 -0.0057286617358500436 6.3655304188000591e-07 0.0044881470098855685 0.028631132563529841 -0.0061832893322540166 0.016174087137975784 0.031229823323539543 -0.0030530569637778299 -0.023446882715268492 0.034310549988646848 0.017803728797232195 -0.0030929121013657771 0.012659481367080259 0.010538999768703252 -0.0031373159733593717 0.017313927866239129 0.003071373424984673 0.00035195337794301771 0.0089104852081263314 -0.028455721327876226 -0.0055020762118895162 -0.00056812837993078431 0.015325696960334163 -0.0046025386927995952 -0.00021090026177896391 0.013499368909161969 -0.019715063092614612 -0.011721371661557201 -0.0081965735823724128 -0.012476402342996592 0.019690616235829825 -0.0090999554786212987 -0.028797456610359411 0.0017696826425436919 -0.013200734965857283 0.0098222945005446913 -0.016745654178221627 0.0055933160040463475 0.015669041284840028 -0.0042449229855362749 0.005380490170543587 0.022769610242632347 0.026309881231314069 -0.021763788889163783 0.004668341087576717 0.012701168358465617 0.023502707807445705 -0.010604185026430525 0.0005286439409561398 0.0032679368241035141 0.023020196618021259 0.0040778382881782437 -0.031708050412617234 -0.0025236005131335803 0.0080203716963806425 -0.018025338529261622 -0.023710621111632541 -0.012383641102157622 -0.0016024566832258454 0.014874714547214963 -0.0082389318701256414 0.016358999128438051 -0.029381979214884734 0.014036170894356249 -0.011349620355717608 0.023681445979634449 -0.0018686462599916045 -0.019816141460360568 -0.028464690822255421 -0.024924206081794794 -0.030195647542100634 -0.013162455671047436 -0.010208286824589678 -0.0081216767565359966 0.011355437475331577 -0.00050378210790485761 -0.019253778669156747 -0.02279706952080689 -0.0073898523108486555 0.0013338057450769077
leaf_weight=306 944 391 280 3231 302 371 664 998 2121 292 270 1357 489 640 277 1078 332 603 412 474 774 2013 790 589 489 443 435 271 1802 280 637 434 531 264 415 261 370 4350 319 664 272 365 477 1355 952 1063 643 4138 320 297 766 2113 466 1176 308 317 380 597 394 708 466 516 265 526 943 438 1549 366 351 1916 884 638 641 313 251 686 729 1292 360 4861 251 358 1112 269 1072 456 276 1234 250 351 488 1271 668 479 3093 3072 261 250 347 337 383 669 381 575 502 566 405 282 284 1407 334 302 1013 569 803 439 666 1722 338 545 597 277 601 285 250 357
leaf_count=306 944 391 280 3231 302 371 664 998 2121 292 270 1357 489 640 277 1078 332 603 412 474 774 2013 790 589 489 443 435 271 1802 280 637 434 531 264 415 261 370 4350 319 664 272 365 477 1355 952 1063 643 4138 320 297 766 2113 466 1176 308 317 380 597 394 708 466 516 265 526 943 438 1549 366 351 1916 884 638 641 313 251 686 729 1292 360 4861 251 358 1112 269 1072 456 276 1234 250 351 488 1271 668 479 3093 3072 261 250 347 337 383 669 381 575 502 566 405 282 284 1407 334 302 1013 569 803 439 666 1722 338 545 597 277 601 285 250 357
internal_value=-0.00023605 0.00115982 -0.00247639 0.00178632 0.00146734 9.33335e-06 -0.00338205 0.000430665 0.00122717 -0.00863232 0.00210927 0.00609299 -0.00464782 -0.00293927 0.00491815 0.00736842 0.00913313 -0.00747942 -0.0013795 -0.0128061 -0.00661649 -0.010637 -0.00867436 -0.0141877 0.00686257 -0.00271871 0.00326704 -0.00350246 -0.000886854 -0.0025561 -0.00553924 -0.00483916 -0.00410597 0.00842403 -0.00359393 0.000273819 0.00328033 -0.00113907 -0.00204597 -0.00581561 0.00131154 -0.0128673 0.00353175 0.00578702 0.0151325 -0.000446466 0.00795298 0.00263469 -0.00941664 0.00804354 -0.0137708 0.0127531 0.00556601 0.00814941 -0.00767701 0.00806844 0.011458 0.0102651 -0.0047944 -0.00529446 0.000397638 -0.00542568 0.0030496 0.0123737 -0.00682048 -0.0154522 -3.45028e-05 -0.0168555 -0.00881566 -0.00395947 0.00623372 0.000388331 -0.0122924 0.00637642 0.00805818 0.00330801 0.0124896 -0.0144169 -0.0117519 0.000931134 0.00932172 -0.00073649 -0.00775591 -0.0123559 0.00414137 0.00969677 -0.0101884 0.0120022 0.00532119 0.00156142 -0.00636092 0.0150441 0.0110781 0.00629696 -0.00126065 0.00141635 -0.000190664 -0.00586398 -0.0176134 0.00934594 -0.0050877 -0.0114196 -0.00154623 0.000784299 -0.011191 0.00260373 0.000301514 0.00323142 -0.00838667 0.00902694 0.00127652 0.00713441 0.00349357 -0.00810892 -0.0209036 -0.0104855 -0.00905026 -0.0115884 -0.00728591 0.0010291 0.00350368 0.0130756 -0.0123455 -0.0102672 -0.0240004 0.0151519
internal_weight=97508 60068 37440 56012 54711 38469 33656 37332 33547 2750 30797 9707 2138 32645 16242 10536 7569 4056 2161 865 3785 2787 1868 1379 6212 32365 3741 28624 12539 10637 16085 15448 14808 1902 679 21090 9191 4720 11899 5610 6289 2198 5359 4606 1223 8835 4471 5216 592 4014 1137 2602 3784 3170 614 2455 2012 3828 14277 13883 2930 1970 1066 960 10953 904 2492 1833 8461 3193 1296 5706 921 3717 3404 2049 980 1895 5268 7914 1314 6600 1739 1381 2704 1528 753 5320 1668 1418 839 3652 2418 1750 3412 5429 4791 1286 1011 629 1069 930 4530 3647 883 3610 3044 2712 900 1812 616 1695 1393 2485 1467 4908 4469 3573 2657 896 935 579 851 550 916 1301
internal_count=97508 60068 37440 56012 54711 38469 33656 37332 33547 2750 30797 9707 2138 32645 16242 10536 7569 4056 2161 865 3785 2787 1868 1379 6212 32365 3741 28624 12539 10637 16085 15448 14808 1902 679 21090 9191 4720 11899 5610 6289 2198 5359 4606 1223 8835 4471 5216 592 4014 1137 2602 3784 3170 614 2455 2012 3828 14277 13883 2930 1970 1066 960 10953 904 2492 1833 8461 3193 1296 5706 921 3717 3404 2049 980 1895 5268 7914 1314 6600 1739 1381 2704 1528 753 5320 1668 1418 839 3652 2418 1750 3412 5429 4791 1286 1011 629 1069 930 4530 3647 883 3610 3044 2712 900 1812 616 1695 1393 2485 1467 4908 4469 3573 2657 896 935 579 851 550 916 1301
is_linear=0
shrinkage=0.0667171


Tree=2
num_leaves=127
num_cat=0
split_feature=11 153 18 73 18 11 17 18 105 18 17 36 73 105 15 19 62 12 95 17 18 18 73 12 99 73 15 18 10 84 20 0 19 18 20 95 11 18 151 18 73 4 18 20 19 12 81 0 20 95 73 92 182 92 13 18 73 12 95 24 12 5 11 10 73 99 20 152 10 199 95 12 3 1 17 18 19 19 97 181 16 10 12 12 74 11 95 20 12 95 18 24 11 20 16 95 92 152 171 10 92 95 11 5 153 13 97 17 19 36 12 17 17 12 24 13 12 10 16 20 20 73 81 20 18 18
split_gain=69.4677 64.4326 59.5472 58.747 48.0536 44.9911 44.2505 48.9775 55.8398 45.9407 62.4025 47.2281 41.9493 40.0491 37.2697 35.7522 41.9516 44.0035 35.4569 48.7476 54.0092 35.2277 37.2168 41.9 35.2002 32.6304 43.2552 50.8727 48.1416 32.7165 31.3801 32.785 30.8195 30.5203 40.4718 29.9814 31.6288 44.8888 43.8386 29.3146 30.1477 29.2203 40.0266 53.05 39.396 43.1326 28.8281 28.4452 27.3494 52.8737 38.8631 27.3112 27.011 33.0258 26.9762 39.8836 60.1925 27.9183 26.6131 26.3421 73.483 26.9819 26.2602 26.091 32.2166 25.4854 25.4097 34.2066 25.7575 24.4648 24.2482 31.2392 28.4455 26.374 23.8412 23.0714 28.5342 29.9813 37.3602 26.1453 24.8458 24.1673 27.0991 29.747 23.0045 38.9556 22.8004 28.3186 22.7969 22.6576 41.6266 33.964 30.9332 30.2513 40.4982 34.3651 26.5976 22.569 22.5462 22.1745 23.6712 23.6572 24.01 26.0802 21.9138 21.8368 21.7631 23.9998 21.671 21.5977 21.5057 21.2833 45.5979 38.4124 68.4589 33.6691 28.7906 34.6885 26.6772 24.8275 35.0836 21.7088 20.9854 20.9794 42.6452 39.6617
threshold=-0.063611030578613267 0.46577584743499761 -0.28176027536392206 -0.55675289034843434 0.12685234844684604 0.47714054584503179 0.57140287756919872 0.084646522998809828 0.19808669388294223 -0.0396803431212902 -0.15226145088672635 -0.34859155118465418 0.37173634767532354 -0.0140838879160583 0.20769999921321872 -0.2128910347819328 -0.041535226628184312 -0.24307384341955182 -0.029748969711363312 0.1209462881088257 0.13716869056224826 0.25257980823516851 -0.094320066273212419 0.35346306860446935 0.077329158782958998 0.022240712307393554 -0.039223076775670045 -0.20860014855861661 -0.24906937032938001 0.043769914656877525 -0.1018121726810932 -0.19176135957241056 -0.19688779115676877 -0.079553481191396699 0.068619847297668471 -0.46666467189788813 -0.33722001314163202 0.19778967648744586 -0.42887957394123072 0.16459974646568301 0.31525386869907385 -0.41575048863887781 0.10021138936281206 -0.11406283825635909 0.17577274888753894 -0.21086433529853818 0.19803134351968768 -0.42755682766437525 -0.11622849851846694 0.19380713999271396 -0.073655340820550905 -0.26164630055427546 -0.39895504713058466 0.35897664725780493 -0.38251364231109614 -0.99757909774780262 -0.52253320813179005 0.12019461765885354 0.19785572588443759 0.22720137983560565 0.01431597024202347 1.0000000180025095e-35 -0.021794468164443966 0.66056567430496227 -0.078073095530271516 -0.03523262403905391 0.38950285315513616 0.58228540420532238 0.40264669060707098 0.1172161027789116 -0.23335949331521985 0.043188322335481651 -0.37866973876953119 0.37357954680919653 -0.32512404024600977 0.16934926807880404 0.38601806759834295 0.10660557076334955 -0.0081228781491518003 -0.099564839154481874 -0.47799979150295252 0.026066672988235954 0.53428736329078685 0.37632513046264654 -0.23316016793251035 -0.19369930773973462 0.33680146932601934 0.085137289017438902 0.22152833640575412 -0.088524576276540742 -0.20737677067518231 0.34766271710395819 0.18427867442369464 0.023103144951164726 0.3059977144002915 0.17471098154783252 -0.052618740126490586 0.15586542338132861 0.019910513423383239 -0.1305970102548599 0.0022323740413412456 0.087686445564031615 0.054130602627992637 -0.37499999999999994 -0.10083474963903426 -0.34822909533977503 -0.19071065634489057 -0.17088516056537625 -0.13089796900749204 0.16549295932054522 -0.1013108193874359 0.28791400790214544 -0.0081613573711365444 0.27876931428909307 -0.27210654318332667 0.28851702809333807 0.095878649502992644 0.29941159486770635 0.17253575474023822 0.030231527052819732 0.23247433453798297 0.050961956381797797 0.39887252449989324 0.030231527052819732 -0.035081364214420312 -0.22926829755306241
decision_type=2 2 2 2 2 2 2 2 2 2 2 2 2 2 2 2 2 2 2 2 2 2 2 2 2 2 2 2 2 2 2 2 2 2 2 2 2 2 2 2 2 2 2 2 2 2 2 2 2 2 2 2 2 2 2 2 2 2 2 2 2 2 2 2 2 2 2 2 2 2 2 2 2 2 2 2 2 2 2 2 2 2 2 2 2 2 2 2 2 2 2 2 2 2 2 2 2 2 2 2 2 2 2 2 2 2 2 2 2 2 2 2 2 2 2 2 2 2 2 2 2 2 2 2 2 2
left_child=2 3 54 104 5 6 7 9 46 14 11 -11 21 -12 25 -6 39 -18 19 122 -21 35 23 -23 -7 33 62 29 -29 -28 -8 -32 -13 63 -35 -4 38 41 52 58 99 44 51 -44 45 -38 -9 -34 49 -15 -50 -43 -37 -54 57 -56 -57 -1 -17 61 108 -47 -27 64 -5 -30 68 -68 -20 -49 73 106 -73 -66 -40 76 77 78 79 -76 -77 -80 83 86 85 -53 87 -83 110 90 92 93 -16 -91 95 -95 -97 -14 -63 100 101 102 103 -41 -2 -45 -72 -108 -61 -36 -58 112 113 116 -115 -113 117 118 119 -19 -121 -117 -3 -86 125 -125
right_child=1 18 12 4 15 24 30 8 -10 10 13 32 97 48 89 16 17 111 66 20 -22 22 -24 -25 -26 26 27 28 65 -31 31 -33 47 34 109 36 37 -39 74 40 -42 42 43 105 -46 59 -48 69 50 -51 -52 84 53 -55 55 56 88 -59 -60 60 -62 98 -64 -65 70 -67 67 -69 -70 -71 71 72 -74 -75 75 80 -78 -79 81 -81 -82 82 -84 -85 123 -87 -88 -89 -90 91 -92 -93 -94 94 -96 96 -98 -99 -100 -101 -102 -103 -104 -105 -106 -107 107 -109 -110 -111 -112 115 -114 114 -116 121 -118 -119 -120 120 -122 -123 -124 124 -126 -127
leaf_value=0.0016705396374967459 0.02116204175156117 0.0096061411451569545 -0.02562219237012615 0.013651392988946711 0.016238171804349312 -0.025981132491695692 -0.018598241020065739 -0.015275469444577937 0.01261982718028065 0.021722065181710097 0.018831062975196693 0.0065836569629845699 -0.0096177628438273675 0.016144913977310951 0.011840493177145984 0.0086092182465290386 -0.0023273174538493693 0.026756467828032066 -0.022604261547318833 -0.033621201794635368 0.0038861198387682627 0.027654690365678011 -0.00048658811841139287 -0.0022391510972996601 -0.0019156057561114195 0.00022177366146491887 -0.017726657315563787 -0.010830831998466819 0.016985411835899671 0.003701000454002225 0.0059849764344796384 -0.0085193676786770919 0.0069558487365562992 -0.020756187353389115 -0.0054540241421967423 -0.018459749935178585 -0.019562154535213726 -0.021090994397334757 0.020234936099872085 -0.018703552279795668 0.0058584945468231897 -0.027654923608178377 0.029443681274317998 0.0044140275953127158 -0.020097686168580989 0.017248607354743744 0.0055613081703581278 -0.022701044602878633 -0.016387384362912736 -0.011967168301329727 0.0052386029035832518 -0.0076351342177920327 -0.0083534762150715199 0.0082253998626333896 -0.022319418334015059 0.031959923937765942 -0.0049809158160043039 0.018455057331813338 -0.0096316704076628949 0.023022572182374173 -0.016968223302665123 -0.010320334575737384 -0.019832852023835015 -0.009203512210674121 -0.010479019473306638 0.00026464802633801535 0.0096509592902671755 -0.020237305458363261 6.2009615059409432e-05 0.00062047550400687584 -0.0014314334719287922 0.010336654006017945 -0.013697246166281287 0.0048271569849534721 -0.0062047914470798066 0.0099985734135280575 -0.016765723930473746 0.016144431884768329 -0.015184956591993337 0.017725225495919657 -0.012116172642455294 -0.010969768679540526 0.018216401513035396 -0.017461307543643348 -0.010654338829860657 0.023628493617610186 0.017392438396475873 0.014840303569992688 -0.010428806603874274 -0.0045340282977772975 -0.022710753967068287 -0.011561120985687323 -0.0081667570448776209 0.025033593893804208 -0.0044495639488703193 0.016807940024615525 -0.012413307619527704 -0.031143471899724506 0.012553911674536466 -7.9191776948235438e-05 -0.026968532317060638 0.0045617938565287175 -0.025947233809152814 0.010457422603368014 0.0016613113014640626 -0.0081492627747491303 0.0024721979934324519 0.022276558796355931 0.00032693162529884811 0.019227627186631457 0.017302933219533329 0.024794179125268795 -0.010996399016243554 0.013165056225313519 -0.023386443544278001 0.014751628420501471 0.02801018042220399 -0.0048142186214484954 0.0019296608708823655 -0.0026050147075321328 0.027590176763272342 -0.0045048940005268986 -0.0085336993380436248 -0.017864577932105916 -0.010587504797070667 0.005126826836120868
leaf_weight=773 939 1240 274 2396 1082 508 741 1833 504 271 1428 480 637 2017 445 1986 1841 801 1117 357 320 502 2918 350 580 447 773 512 1380 530 1082 1912 256 453 357 684 347 750 329 279 1015 291 268 1270 369 1065 347 883 413 345 3290 459 1844 748 298 283 373 1036 429 416 711 391 804 446 826 578 415 284 273 253 344 425 445 1261 257 299 276 891 500 902 883 595 341 427 5569 284 345 273 677 1589 679 1004 1466 693 744 283 265 332 370 1115 375 444 418 260 356 1187 371 1051 342 276 389 885 557 523 399 660 472 545 590 422 282 423 363 393 2682 2116
leaf_count=773 939 1240 274 2396 1082 508 741 1833 504 271 1428 480 637 2017 445 1986 1841 801 1117 357 320 502 2918 350 580 447 773 512 1380 530 1082 1912 256 453 357 684 347 750 329 279 1015 291 268 1270 369 1065 347 883 413 345 3290 459 1844 748 298 283 373 1036 429 416 711 391 804 446 826 578 415 284 273 253 344 425 445 1261 257 299 276 891 500 902 883 595 341 427 5569 284 345 273 677 1589 679 1004 1466 693 744 283 265 332 370 1115 375 444 418 260 356 1187 371 1051 342 276 389 885 557 523 399 660 472 545 590 422 282 423 363 393 2682 2116
internal_value=-0.000251016 0.0011694 -0.00249089 0.00178849 0.00144957 0.000162438 0.00055773 0.00133399 -0.0072981 0.00209577 0.0059048 -0.00411717 -0.00338266 0.00877719 0.000332912 0.00454098 0.0036772 0.00676622 -0.00662483 -0.000859092 -0.0158425 -0.00297837 0.00308314 0.0153287 -0.0131879 0.00237662 -0.00189386 0.00166196 0.00729381 -0.00897868 -0.00632225 -0.0032659 -0.00790419 0.00486089 -0.00556723 -0.00376377 -0.00355342 -0.00511106 -0.000419619 -0.000423014 -0.00399977 -0.00446042 -0.00585291 0.00142123 0.000571285 0.00268695 -0.0119336 -0.0129348 0.0064005 0.0120099 0.00280957 -0.00753699 -0.00668204 -0.00355321 0.00538889 7.65572e-05 0.00399206 0.0113025 0.00534471 0.00505305 -0.00157259 0.0104011 -0.0126339 0.00636447 0.00734812 0.0120637 -0.0129012 -0.00248158 -0.0181187 -0.0174672 0.0041403 0.00839176 -0.00190781 -0.0012163 0.00282391 0.00185584 0.003913 0.0051888 0.0024916 0.0123693 -0.00647314 -0.00211624 0.00117519 -0.00236469 -0.00702078 0.00428356 0.00293921 -0.00278698 -0.00151986 -0.00356113 -0.00854635 -0.00073236 -0.00348298 0.00230611 0.0078001 0.0151764 0.00264145 -0.0170492 0.000773204 -0.00747687 -0.0121028 -0.00807605 -0.0139754 -0.00459884 0.0158157 -0.00164179 0.0134878 0.0171301 0.012821 0.00525898 0.00634966 0.00932513 0.00682154 0.00929575 -0.0026189 0.0151406 0.0128396 0.0100999 0.0140001 0.0187121 0.00949071 0.00720639 0.00546418 -0.00780579 -0.00474184 0.00149672
internal_weight=97169 59453 37716 55084 53789 37986 36898 33163 2684 30479 9636 2143 33887 7493 20843 15803 14721 8400 4369 2280 677 32918 3770 852 1088 13675 5024 3773 2470 1303 3735 2994 1872 8651 1086 29148 28874 19280 9594 6321 3906 18530 14519 2725 4011 3642 2180 1392 6065 2362 3703 11794 3276 2592 3829 2020 1722 1809 2415 3295 1469 1826 1251 7565 7119 1958 2089 699 1390 1136 4723 2636 870 2087 6318 5989 4807 4531 3640 1159 1182 2481 1981 1640 11503 743 1213 868 1439 7168 2590 4578 1911 3574 1985 1241 548 969 761 2891 1776 1401 957 539 1295 2457 1766 1422 758 633 762 6559 4591 4034 922 1968 3112 2640 2095 1505 704 1083 1603 10760 5191 2509
internal_count=97169 59453 37716 55084 53789 37986 36898 33163 2684 30479 9636 2143 33887 7493 20843 15803 14721 8400 4369 2280 677 32918 3770 852 1088 13675 5024 3773 2470 1303 3735 2994 1872 8651 1086 29148 28874 19280 9594 6321 3906 18530 14519 2725 4011 3642 2180 1392 6065 2362 3703 11794 3276 2592 3829 2020 1722 1809 2415 3295 1469 1826 1251 7565 7119 1958 2089 699 1390 1136 4723 2636 870 2087 6318 5989 4807 4531 3640 1159 1182 2481 1981 1640 11503 743 1213 868 1439 7168 2590 4578 1911 3574 1985 1241 548 969 761 2891 1776 1401 957 539 1295 2457 1766 1422 758 633 762 6559 4591 4034 922 1968 3112 2640 2095 1505 704 1083 1603 10760 5191 2509
is_linear=0
shrinkage=0.0667171


Tree=3
num_leaves=127
num_cat=0
split_feature=11 153 18 73 18 73 11 17 18 105 18 17 24 105 18 73 12 0 183 95 17 18 15 201 19 201 19 10 99 95 24 95 74 4 73 19 5 21 21 92 18 14 153 12 11 19 99 5 18 14 19 19 18 21 74 19 0 19 73 152 95 18 95 17 95 17 153 19 183 16 21 95 82 201 19 74 14 19 13 21 5 152 81 33 73 199 102 61 73 19 21 33 15 24 0 21 61 21 17 18 153 19 74 95 18 0 21 92 183 99 182 11 19 171 18 19 19 21 19 19 152 104 4 19 95 17
split_gain=60.8794 70.1697 59.2524 51.7946 49.4843 45.1617 40.2138 38.1359 50.82 55.2825 41.4286 62.2896 49.0104 37.1041 34.8119 35.6293 37.1124 34.2627 49.5741 34.0748 47.8986 44.2975 33.6029 33.7395 33.2805 39.7834 31.9677 38.4104 31.8327 31.7018 33.3743 29.8825 29.5476 28.0335 33.6349 45.9178 37.6726 36.1351 30.9815 39.3712 32.9266 36.6765 32.1826 42.756 34.7812 33.8091 58.1143 52.5412 34.4848 31.4458 28.2293 27.9936 27.4073 27.0347 26.7845 26.6502 28.0843 30.824 26.5603 28.7101 25.7146 56.6845 39.2132 25.3113 34.8049 29.2326 25.2715 30.8212 25.0983 25.0419 40.183 50.4378 24.726 24.5919 24.5665 24.5608 24.5469 24.3946 24.2367 24.2188 23.6099 23.4354 23.2452 23.1372 22.3176 22.2772 22.2185 21.8719 46.344 41.9815 40.5784 29.18 25.9445 21.8046 21.316 21.1065 21.009 20.8446 20.7018 29.9515 20.4484 20.4027 20.5081 24.5328 20.3919 20.4766 20.3562 34.4075 32.7031 25.2053 20.1213 19.8897 24.2007 19.8343 19.693 21.3665 25.6633 20.4133 19.8393 42.6875 20.576 19.6824 19.5984 19.3894 19.0972 18.8458
threshold=-0.063611030578613267 0.48037910461425787 -0.28176027536392206 -0.55675289034843434 0.12685234844684604 0.35900463163852697 0.47714054584503179 0.57140287756919872 0.084646522998809828 0.19808669388294223 -0.0396803431212902 -0.15226145088672635 -0.35128000378608698 -0.020882269367575642 0.25257980823516851 -0.094320066273212419 0.35346306860446935 0.07528408989310266 0.034819200634956367 -0.027144393883645531 0.1209462881088257 0.13716869056224826 0.20769999921321872 0.51910141110420238 -0.19688779115676877 -0.05460794270038604 -0.20517060905694959 -0.2183503061532974 0.077329158782958998 -0.18856262415647504 0.58074295520782482 -0.46666467189788813 -0.031041700392961499 0.10111001133918764 -0.069966666400432573 -0.069776840507984147 1.0000000180025095e-35 -0.04435236565768718 -0.68829688429832447 0.38759700953960424 0.16934926807880404 0.040186012163758285 0.060923913493752486 0.046651402488350875 -0.33084701001644129 0.011716746259480717 0.027233794331550602 1.0000000180025095e-35 -0.048838714137673371 0.80514881014823925 0.2421180456876755 -0.12042235583066939 -0.012221254408359526 0.11811093240976335 -0.3225747793912887 0.17205136269330981 -0.046874999999999993 -0.13089796900749204 0.03982991166412831 0.075100466609001174 -0.0026854731841012831 -0.99757909774780262 -0.15177103877067563 0.24243187159299853 -0.11308929324150084 0.49489465355873113 -0.10264887660741805 0.21089855581521991 -0.50912341475486744 0.36698551476001745 0.20750734210014346 0.20584442466497424 -0.026446864940226075 -0.030143987387418743 0.081120450049638762 -0.29857635498046869 -0.0089211310259997827 -0.17318242788314817 -0.33342470228672022 -0.0074975530151277772 -1.0000000180025095e-35 0.15586542338132861 0.19803134351968768 -0.27080275118350977 -0.42451184988021845 0.011240707244724037 -0.53540492057800282 0.063843239098787322 -0.067630328238010393 -0.1524577513337135 0.11811093240976335 0.007480249274522067 0.043084613978862769 -0.34223951399326319 -0.15482954680919644 0.35350733995437628 0.033501897007226951 0.23284175992012027 -0.24203638732433316 0.059295460581779487 -0.10083474963903426 0.048265563324093826 -0.1880187392234802 0.35961252450942999 -0.028389157727360722 -0.12357954680919646 -0.068185970187187181 -0.032033422961831086 0.015235226135700943 -0.18822983652353284 0.18702355772256854 -0.36405748128890986 0.10660557076334955 0.2842520028352738 0.13454841822385791 0.63831084966659557 0.3933862447738648 -0.011089722625911234 -0.12042235583066939 0.081120450049638762 0.10511642694473268 1.0000000180025095e-35 -0.32718469202518458 0.098707620054483428 0.41727948188781744 0.48400086164474493
decision_type=2 2 2 2 2 2 2 2 2 2 2 2 2 2 2 2 2 2 2 2 2 2 2 2 2 2 2 2 2 2 2 2 2 2 2 2 2 2 2 2 2 2 2 2 2 2 2 2 2 2 2 2 2 2 2 2 2 2 2 2 2 2 2 2 2 2 2 2 2 2 2 2 2 2 2 2 2 2 2 2 2 2 2 2 2 2 2 2 2 2 2 2 2 2 2 2 2 2 2 2 2 2 2 2 2 2 2 2 2 2 2 2 2 2 2 2 2 2 2 2 2 2 2 2 2 2
left_child=2 3 60 100 6 14 7 8 10 82 22 12 -12 -13 31 16 -16 18 114 20 72 -22 26 63 -14 -26 27 -5 -8 -9 -31 -4 -20 38 35 96 37 75 39 54 41 58 44 -44 45 46 -43 -47 -48 50 -42 87 -53 83 -33 56 57 -46 77 -60 62 -62 66 64 68 -65 -1 -68 -24 70 -66 -72 -3 -59 -70 -37 121 -40 -77 -79 -64 -7 -10 -19 -63 -34 -28 88 -15 91 92 -90 -91 -38 -49 -21 -35 -55 -36 -100 -2 102 -58 -104 105 -32 -85 108 -108 -109 -27 -95 -113 -17 -6 116 117 -116 -119 120 -120 -29 -57 -96 -101 -98
right_child=1 19 5 4 17 81 28 29 9 -11 11 13 24 51 15 113 -18 53 32 95 21 -23 23 -25 25 110 86 76 -30 30 104 33 85 34 98 36 93 -39 40 -41 49 42 43 -45 55 47 48 94 -50 -51 -52 52 -54 97 -56 122 101 73 59 -61 61 84 80 65 69 -67 67 -69 74 -71 71 -73 -74 -75 -76 78 -78 79 -80 -81 -82 -83 -84 106 -86 -87 -88 -89 89 90 -92 -93 -94 111 123 -97 125 -99 99 124 -102 -103 103 -105 -106 -107 107 109 -110 -111 -112 112 -114 -115 115 -117 -118 118 119 -121 -122 -123 -124 -125 -126 -127
leaf_value=0.01631186701464445 0.019973316563447755 -0.0047530579799826616 -0.025794517648856246 -0.025917168971739738 0.023868937421183248 -0.0098094384833810333 -0.023663630097849317 0.0040788364134535801 -0.015471143479977098 0.012299850336725694 0.02168795252509912 0.018401814424386296 0.0065311352376792491 -0.022561537681509942 0.02677493045944862 0.0013608727730359588 -0.0011143952641196816 0.010320314567040047 0.011763291151274599 -0.024343378536962924 -0.034230649291132904 0.001008641190806181 0.006140839320348322 0.019487885359080869 -0.026101602868791679 -0.013614131724289767 -0.01469753055604219 0.0021178148084809939 -0.0015208909184097907 -0.021693010849780099 0.017179148924528237 -0.005699012634186036 0.0047840030191486057 0.016426280065748134 0.0018703585199899521 0.021455116373023397 -0.031987278962825862 -0.023403217290813596 0.012950414175946981 0.0089237173012000019 -0.020945764144904136 0.010808435463566383 0.016699027633518458 -0.0079528890707902169 -0.014217599381643024 0.025140161130941092 -0.019745477205935818 -0.013326250458293786 -0.0003843053172832216 0.011099201313265316 -0.00054315661706608339 -0.002525930655279006 0.014848070068609637 0.011657617032114806 -0.030206618407517306 -0.026203878029012643 0.011479212112375934 -0.0073314721916980163 -0.027184740681429561 -0.0042144163615624583 -0.012552628509077764 0.031714477962878795 -0.02232569709512066 -0.017195172918240638 -0.0032414000380496565 0.0042958420853391249 0.017186783043745164 -0.010002452852543576 -3.9894258179179236e-05 -0.0085765273821905869 0.022485088588201148 -0.0047049945774986475 0.012440069022408348 0.010503812569300223 -0.019087001174631541 -0.0072049728499750856 0.016668077522714018 -0.016795040832222795 0.010873602554002102 0.0084230081920920151 0.00058628726506472311 -0.031320711334811895 0.0032533516548761171 -0.018595472230087201 0.012230060149149713 -0.0056677859362757876 0.0036913152522641012 0.014647050651967407 -0.0068358747538534402 0.01435713373011242 -0.030126389401603764 0.013569241030324671 -0.012187858103210504 -0.0014400236318734677 0.019754595310054905 -0.009146736042655871 0.0074986272047844506 0.00019051667720409697 -0.016430347890864259 -0.0083632879821535829 0.0012758380804220853 0.015739233016640475 0.00034753696636214543 -0.016885510742518893 -0.011829548974308693 -0.0042359611632323199 -0.0074730615849067823 -0.030133619093222579 0.012743832229180829 -0.0041573887412968665 0.0081153722036916946 -0.027834295263933377 -0.0019033515986168887 -0.017323934473604124 0.015816136911064926 0.024548269693962479 -0.0080480959911943852 0.016570902958975925 0.0055980836299935844 0.013857715467950459 -0.012879118715147856 -0.018034520235687235 -0.0042598617449694162 0.0015147743134369324 0.0093831301914172622 -0.013157486203591346
leaf_weight=726 935 670 267 362 483 663 560 1009 1801 491 272 1337 483 351 499 2671 362 421 1008 609 325 302 351 269 628 398 296 501 599 751 270 341 1604 638 555 269 263 262 350 273 927 1125 1129 428 1348 706 722 281 947 253 450 496 2065 1198 483 364 586 851 527 452 315 410 400 1162 1384 366 278 542 426 823 864 462 825 573 1045 879 264 499 524 251 390 345 347 496 745 2079 11909 542 396 312 269 1399 338 561 366 1256 577 1723 2558 1573 364 413 2506 427 1016 723 730 304 688 369 355 439 254 276 1631 399 380 634 435 897 682 371 365 887 321 294
leaf_count=726 935 670 267 362 483 663 560 1009 1801 491 272 1337 483 351 499 2671 362 421 1008 609 325 302 351 269 628 398 296 501 599 751 270 341 1604 638 555 269 263 262 350 273 927 1125 1129 428 1348 706 722 281 947 253 450 496 2065 1198 483 364 586 851 527 452 315 410 400 1162 1384 366 278 542 426 823 864 462 825 573 1045 879 264 499 524 251 390 345 347 496 745 2079 11909 542 396 312 269 1399 338 561 366 1256 577 1723 2558 1573 364 413 2506 427 1016 723 730 304 688 369 355 439 254 276 1631 399 380 634 435 897 682 371 365 887 321 294
internal_value=-0.000345306 0.000983017 -0.00244369 0.00159749 0.00128127 -0.00333103 -3.11477e-05 0.000352416 0.00107666 -0.0077975 0.00184625 0.00546239 -0.00457268 0.00832463 -0.00290294 0.00308814 0.0150061 0.00437402 0.00671237 -0.00756133 -0.00176394 -0.0172079 0.000172677 -0.00353172 -0.00845142 -0.0137266 0.00210869 -0.0070725 -0.0122518 -0.00600259 -0.00970503 -0.00368931 0.00165745 -0.0034814 -0.00634361 -0.00244092 -0.00668816 -0.000499411 -0.00196423 -0.012832 -0.00128857 -0.000371451 0.000852528 0.00988731 -0.00027452 0.00400313 -0.000879278 0.0101066 -0.00878471 -0.0103162 -0.0143006 0.00613091 0.0114643 0.000333267 -0.0201137 -0.00317656 -0.00185281 -0.00699465 -0.00863584 -0.0166214 0.00544261 0.0123514 0.00107898 -0.00444319 -0.00227366 -0.012014 0.00726381 -0.0007122 -0.00975839 0.00158047 0.00468379 0.0129783 0.00470935 -0.000130994 -0.01359 0.00309903 -0.00101406 -0.00149487 -0.000419912 -0.00829095 -0.0109732 -0.0172261 -0.0124226 -0.00409861 0.0191998 -0.00110564 0.00323969 0.00233135 0.000133236 0.0030957 -0.00846164 0.00903784 0.000493512 -0.0145513 0.00315043 -0.0141386 0.00724679 0.00490694 -0.0102021 -0.0117179 0.0147491 0.00176537 0.000108633 -0.00215919 -0.00519504 0.00157001 -0.00646803 -0.00356315 0.00231125 -0.0159581 -0.00334115 -0.0108363 -0.0183766 -0.000388007 0.0109851 0.00974144 0.0084571 0.0099357 0.00629537 0.00303095 -0.00564393 -0.00642817 -0.0152706 0.00688591 -0.00533116 0.000479755
internal_weight=97196 59510 37686 55523 54224 33880 38063 36904 33135 2639 30496 9641 2136 7505 32872 3808 861 16161 10232 3987 2122 627 20855 7152 1864 1381 13703 1498 1159 3769 2760 29064 4691 28797 9967 4960 3451 1934 18830 1097 17733 16103 14024 1557 12467 5034 2794 2240 1669 1630 1377 6168 2561 5929 824 7433 6704 2772 2079 979 3806 1470 2336 6883 5355 1528 1546 820 1822 3533 2710 1326 1495 1424 1471 1672 1136 1100 1403 750 790 1008 2148 3008 1155 3683 12205 3607 3065 2714 919 1795 650 1517 1534 1865 1509 2921 5007 4452 1299 3932 3519 2933 2009 993 2587 2091 1418 673 753 1254 693 2947 5541 5058 4659 4279 2648 2014 1117 872 729 1253 1894 871
internal_count=97196 59510 37686 55523 54224 33880 38063 36904 33135 2639 30496 9641 2136 7505 32872 3808 861 16161 10232 3987 2122 627 20855 7152 1864 1381 13703 1498 1159 3769 2760 29064 4691 28797 9967 4960 3451 1934 18830 1097 17733 16103 14024 1557 12467 5034 2794 2240 1669 1630 1377 6168 2561 5929 824 7433 6704 2772 2079 979 3806 1470 2336 6883 5355 1528 1546 820 1822 3533 2710 1326 1495 1424 1471 1672 1136 1100 1403 750 790 1008 2148 3008 1155 3683 12205 3607 3065 2714 919 1795 650 1517 1534 1865 1509 2921 5007 4452 1299 3932 3519 2933 2009 993 2587 2091 1418 673 753 1254 693 2947 5541 5058 4659 4279 2648 2014 1117 872 729 1253 1894 871
is_linear=0
shrinkage=0.0667171


Tree=4
num_leaves=127
num_cat=0
split_feature=11 153 18 80 73 80 92 20 73 18 11 19 61 12 20 24 18 104 19 21 21 153 11 12 1 95 18 18 20 153 99 99 4 20 73 171 92 99 18 99 20 5 20 20 13 73 104 19 24 99 12 80 12 12 73 171 12 19 36 95 5 153 165 20 97 19 19 9 12 12 12 15 92 18 20 20 13 14 19 201 18 80 12 24 182 12 5 19 151 19 20 73 18 12 5 99 2 16 36 14 15 73 11 95 20 152 10 84 18 153 105 201 20 15 79 18 19 20 12 69 73 92 201 12 1 18
split_gain=65.3822 55.4688 55.0812 46.3895 46.1448 45.2303 44.1712 52.4799 43.3231 43.181 33.0269 32.0831 38.6873 41.9682 31.6342 31.0785 44.1893 57.2548 44.8371 38.2297 30.7488 30.0734 30.0306 34.7281 57.7018 29.1098 39.732 64.7298 29.0713 32.4709 28.8787 28.0753 27.9527 45.8915 46.5962 38.3827 44.8664 37.5013 46.2318 41.6452 36.3753 35.1155 35.009 52.4968 52.3036 48.1523 32.0977 28.7384 28.6713 27.7488 34.8141 27.6501 26.713 37.9946 38.1378 33.9061 33.1691 27.603 26.8849 26.2062 25.9373 25.5851 25.3852 25.2278 25.0631 24.7521 34.4109 24.3018 23.8633 31.9285 43.127 42.9915 32.3647 32.3565 32.1715 23.6878 29.3993 23.2965 27.2756 33.3656 23.2897 23.1851 60.2558 45.6058 23.1506 22.327 43.0198 33.5797 33.8856 22.309 29.4433 21.9385 21.6215 31.9904 33.0417 33.4812 26.4553 21.6204 21.4392 40.03 21.2993 26.5068 30.475 21.2784 20.994 27.6278 26.3257 20.9646 20.3016 20.2982 20.2354 20.1098 19.8882 21.363 19.8178 19.5099 27.1907 23.8914 19.4791 19.2842 34.7804 30.7011 24.4999 22.2054 24.151 19.203
threshold=-0.065999493002891527 0.46577584743499761 -0.28176027536392206 -0.19244085997343061 -0.55675289034843434 -0.078159533441066728 0.40983386337757116 0.11106365174055101 0.37173634767532354 0.12685234844684604 0.44068360328674322 -0.2128910347819328 -0.039823008701205247 -0.24307384341955182 0.45837846398353582 0.4882850199937821 0.084646522998809828 0.15614077448844912 0.12705356627702716 -0.34190212190151209 0.65643718838691723 -0.12965261191129682 0.10761030018329622 -0.14710360765457151 0.40482954680919653 -0.027144393883645531 0.11253532022237779 -0.13651735335588452 -0.12771724909543988 0.24785691499710086 0.042408954352140434 0.70938816666603099 0.15613134205341342 0.028957781381905082 0.0328891258686781 0.0075121468398720035 -0.190446101129055 0.54189756512641918 0.25257980823516851 0.85479509830474865 -0.018381998874247071 0.37500000000000006 -0.059773227199912064 -0.15614944696426389 -0.24212139099836347 -0.098930831998586641 -0.23211869597434995 0.098707620054483428 -0.11432590335607527 -0.10485267266631125 0.090085860341787352 0.17141205817461017 -0.054104177281260483 -0.25128218531608576 0.097311880439519896 -0.042091945186257355 -0.082953635603189455 -0.20810990035533902 1.0000000180025095e-35 0.17862910032272342 1.0000000180025095e-35 -0.0032812530407682057 0.083313379436731352 -0.024626687169075009 0.15890226513147357 0.63831084966659557 0.54600965976715099 -0.04941094480454921 0.27876931428909307 -0.032518604770302766 0.012295363470911981 0.15230000019073489 -0.224453330039978 -0.32173828780651087 0.17088651657104495 -0.081014793366193757 -0.43376313149929041 -0.11308779940009116 -0.16491636633872983 0.15940083563327792 -0.14949298650026319 0.062335565686225898 0.19405266642570498 -0.12827798724174497 -0.058005278930068009 0.31998854875564581 1.0000000180025095e-35 0.073873169720172896 0.099746976047754302 -0.043469697237014764 -0.050393983721733086 0.10610095411539079 0.16459974646568301 -0.26041214168071741 -0.37499999999999994 -0.2444089278578758 0.31392045319080358 0.090041447430849089 0.44894365966320043 0.043162202462553985 -0.090553846210241304 -0.040829394012689584 -0.30601008236408228 -0.10216427966952323 0.38950285315513616 0.58228540420532238 0.42102070152759558 0.0065335049293935308 0.08779925107955934 -0.10083474963903426 -1.0000000180025095e-35 0.026200346648693088 -0.010314171202480791 -0.075807690620422349 -0.24299728870391843 -0.40806765854358668 -0.14660716056823728 -0.12521763890981671 0.18402976542711261 0.19640769809484485 0.090855360031127944 -0.17927946150302884 -0.45642800629138941 0.061242127791047103 0.16051135957241061 0.1432982608675957
decision_type=2 2 2 2 2 2 2 2 2 2 2 2 2 2 2 2 2 2 2 2 2 2 2 2 2 2 2 2 2 2 2 2 2 2 2 2 2 2 2 2 2 2 2 2 2 2 2 2 2 2 2 2 2 2 2 2 2 2 2 2 2 2 2 2 2 2 2 2 2 2 2 2 2 2 2 2 2 2 2 2 2 2 2 2 2 2 2 2 2 2 2 2 2 2 2 2 2 2 2 2 2 2 2 2 2 2 2 2 2 2 2 2 2 2 2 2 2 2 2 2 2 2 2 2 2 2
left_child=2 4 5 -4 109 -1 7 31 32 10 14 -11 92 125 15 16 18 -18 49 -20 103 -9 23 24 -21 26 27 -3 -17 115 -12 -7 33 34 37 36 118 38 42 84 -36 61 43 81 -45 46 -44 59 51 50 52 -38 53 55 -55 -6 57 -56 -59 -46 -19 -34 119 -64 -26 66 85 -54 69 72 -71 -72 -51 -74 77 76 -8 -75 -79 -80 -37 82 83 -5 -39 87 -87 88 -15 90 -47 -69 -13 -94 -95 -96 -97 -28 -50 -100 101 102 -92 -16 106 -106 -27 -25 111 -2 -23 -43 -48 -114 -60 -30 -117 -118 -35 120 121 -24 -123 124 -124 -14
right_child=1 25 3 8 9 6 75 21 -10 11 30 12 13 65 20 28 17 60 19 22 -22 110 62 107 64 104 97 -29 29 -31 -32 -33 41 35 40 80 48 39 -40 -41 -42 108 45 44 47 89 112 -49 98 68 -52 -53 67 54 56 -57 -58 58 114 -61 -62 -63 63 -65 -66 -67 -68 91 -70 70 71 -73 73 74 -76 -77 -78 78 79 -81 -82 -83 -84 -85 -86 86 -88 -89 -90 -91 100 -93 93 94 95 96 -98 -99 99 -101 -102 -103 -104 -105 105 -107 -108 -109 -110 -111 -112 -113 113 -115 -116 116 117 -119 -120 -121 -122 122 123 -125 -126 -127
leaf_value=-0.016742414870875282 0.018963851410852502 0.0078902819585730047 -0.017794386978866893 -0.025150848757439243 -0.024913392431603669 0.030507107952678594 0.0020566042304314344 0.01310172774597352 -0.016769331193907649 0.015312556299689584 -0.019215780241649421 0.004630077751954868 0.013574431495388785 0.011883750536660194 0.005725503747194138 -0.01664148570106249 -0.012628081488483454 0.023918020739093934 0.018302381443305482 -0.026083994198484242 -0.0077290053427128812 -0.021393121996617543 -0.0196107074849808 0.012728770681344115 0.020199306027457405 -0.021095485277026389 0.018803459304277428 -0.027226169549146636 0.013515953912914434 -0.017463226290533873 -0.00077173469221283148 0.0078378290518905033 -0.001479076415828878 -0.0083811004558758239 -0.026440981456005035 0.019002602183856757 0.016492822135193139 -0.032325906908398996 0.019647285566622187 0.0054480585252430396 -0.0052952938325131699 -0.022919180088684533 0.024983786544787803 0.01462025610449182 -0.0081740349611586407 -0.026080232014628418 0.012336049670470266 -0.021216787993494593 -0.0053622504686244464 -0.012580049210847552 0.019977996912898317 -0.0059655489923177325 0.011068395340754225 0.016687133599431758 0.012545139533737105 0.0045573737394610219 0.019544424857170062 0.0096934238548358354 -0.024444948847958677 0.018756342546849006 -0.0025303044350708536 -0.010638143852353191 -0.0055857605493403956 -0.02973387139150506 -0.008206815531318452 0.021938896418962687 -0.014214927602304268 -0.018769069170532254 0.019787123899040294 -0.015266580576616295 0.017750855211508244 -0.0037045232716856544 0.021772319788194047 0.0010857418877256689 -0.011057702560022111 0.0090403292605918187 -0.02669155872496853 -0.0007163295232361465 0.016555917594445205 -0.0072676488149143971 0.0049851434592558495 -0.010456672398329109 0.017714532276726671 0.010273700852104762 -0.010282054574621542 0.010633238441496702 -0.017959032803857067 0.016940786493873441 -0.004679842573758375 -0.026030416860273589 0.010664026589548752 -0.00044342821576288406 0.015791268459719395 -0.017266457147549027 -0.02233338693453266 -0.0028973295307283993 0.012997409326004817 0.00063661190220874861 -0.011230053614759301 0.018285478671468663 -0.019256322555442438 0.010883586251822171 -0.016718720980443996 0.02479430267214772 0.0087664509106955505 -0.018425528409665066 0.0018332815679866024 6.0213046946682443e-05 -0.001334621850374987 0.00046823751028554324 0.0028566034935053422 -0.0036764219819315261 0.0032722028261058722 -0.02189803024731083 -0.00055473575639560391 0.0054553715135679639 0.012349393976825395 -0.0086461987270420541 -0.029543252690781435 -0.015001874597539537 0.016091049581411963 -0.017659579797957552 0.026116821933552688 -0.0059504657746035881 0.0018302627419892366 -0.0052858105757806343
leaf_weight=372 975 420 948 421 263 751 316 675 962 1101 711 2531 281 1387 490 744 2031 311 378 467 311 258 517 1069 269 1113 427 516 400 563 809 365 6120 648 667 614 859 427 461 365 798 980 257 1805 371 378 297 311 2285 517 801 335 497 2107 407 494 423 261 409 278 341 1746 380 395 276 609 296 419 311 1071 519 2033 457 3395 613 374 308 877 1846 300 3761 1554 569 257 431 623 371 2175 903 426 253 945 358 773 315 2156 591 916 327 531 388 484 605 566 407 276 273 1280 427 365 363 325 309 283 250 1395 268 2114 278 647 393 338 265 799 578 1535
leaf_count=372 975 420 948 421 263 751 316 675 962 1101 711 2531 281 1387 490 744 2031 311 378 467 311 258 517 1069 269 1113 427 516 400 563 809 365 6120 648 667 614 859 427 461 365 798 980 257 1805 371 378 297 311 2285 517 801 335 497 2107 407 494 423 261 409 278 341 1746 380 395 276 609 296 419 311 1071 519 2033 457 3395 613 374 308 877 1846 300 3761 1554 569 257 431 623 371 2175 903 426 253 945 358 773 315 2156 591 916 327 531 388 484 605 566 407 276 273 1280 427 365 363 325 309 283 250 1395 268 2114 278 647 393 338 265 799 578 1535
internal_value=-0.000209465 0.00115376 -0.00240228 -0.0032636 0.00172116 0.00522382 0.0076429 0.0125276 -0.00283889 0.00141864 0.000202092 0.00432892 0.00351364 0.00659482 0.000601099 0.000215779 0.00106219 -0.00709994 0.00186715 -0.00230919 0.0105488 0.00336838 -0.00333472 0.0013829 -0.00891821 -0.00609931 -0.000884787 -0.0114281 -0.00439914 -0.00246562 -0.0094238 0.0231224 -0.00241311 -0.00110211 -0.00378766 0.00234829 -0.00148408 -0.00228599 -0.000894462 -0.0132827 -0.0149527 -0.00541841 -0.00192663 0.00140585 0.00792849 -0.0069747 0.00433792 -0.00460837 0.00135502 0.00361896 0.00686742 0.0101485 0.00523576 0.00795702 0.0106416 -0.00565453 0.00333963 -0.00182747 -0.00824427 0.00331743 0.0100307 -0.00351852 -0.00701946 -0.0179483 0.00574024 0.00914826 0.00778315 -0.00149269 0.001636 0.001144 -0.0040461 0.000655184 0.00349771 0.00461637 0.00349091 -0.00412067 -0.0120916 0.00488935 0.00914819 0.0131979 0.00696589 -0.00502053 0.00172452 -0.0116472 -0.0213116 0.00898846 -1.2031e-05 0.0110009 0.0053397 -0.0121081 -0.00926278 -0.00611042 -0.000230293 -0.00317392 -0.00496264 -0.00183774 0.000516781 0.00644844 -0.00197837 0.00697923 -0.00554432 -0.00153151 -0.00858068 0.0159875 -0.0118264 -0.00220779 -0.016544 0.0058418 -0.0140171 0.0139402 -0.00717597 -0.0181495 -0.00162237 -0.00871378 -0.0154299 -0.000428209 -0.00192034 -0.00625634 -0.0147947 -0.00460879 -0.00226166 -0.00517507 -0.00137551 0.00197678 0.009532 -0.00233005
internal_weight=97336 60013 37323 33541 55665 3782 3410 2412 32593 54325 38320 16005 14904 8180 36800 35433 29949 2683 27266 8051 1367 1296 7673 3361 1012 4348 2279 936 5484 4740 1520 1116 31631 22033 12395 9638 5263 10930 9707 1223 1465 9598 9246 5566 2765 3680 1146 960 4337 19215 7276 1194 6475 4614 3857 757 1750 1327 920 649 652 7866 4312 775 545 6364 5755 1861 11939 11628 3623 2552 8005 7488 7031 998 624 6418 3023 2146 4375 2801 1247 678 858 5459 994 4465 2290 2534 2108 1364 6724 4193 3835 3062 2747 1343 3143 858 1730 1342 858 1056 2069 683 1386 2349 1732 1340 621 1305 889 592 659 4177 3777 2382 926 3537 2890 2497 1980 1642 843 1816
internal_count=97336 60013 37323 33541 55665 3782 3410 2412 32593 54325 38320 16005 14904 8180 36800 35433 29949 2683 27266 8051 1367 1296 7673 3361 1012 4348 2279 936 5484 4740 1520 1116 31631 22033 12395 9638 5263 10930 9707 1223 1465 9598 9246 5566 2765 3680 1146 960 4337 19215 7276 1194 6475 4614 3857 757 1750 1327 920 649 652 7866 4312 775 545 6364 5755 1861 11939 11628 3623 2552 8005 7488 7031 998 624 6418 3023 2146 4375 2801 1247 678 858 5459 994 4465 2290 2534 2108 1364 6724 4193 3835 3062 2747 1343 3143 858 1730 1342 858 1056 2069 683 1386 2349 1732 1340 621 1305 889 592 659 4177 3777 2382 926 3537 2890 2497 1980 1642 843 1816
is_linear=0
shrinkage=0.0667171


Tree=5
num_leaves=127
num_cat=0
split_feature=11 152 153 18 80 73 18 12 18 1 183 17 18 104 18 11 97 92 17 73 80 13 80 80 73 73 153 61 5 18 92 12 95 10 73 14 80 73 92 33 73 18 97 19 74 12 10 12 24 153 104 92 12 92 183 10 92 95 95 92 19 9 79 19 182 80 16 18 12 74 12 5 80 14 18 97 11 92 16 80 182 3 5 11 0 92 33 17 24 11 159 97 19 10 13 11 17 33 12 12 61 4 19 97 18 73 18 5 3 0 80 165 18 5 17 80 95 10 18 16 12 18 33 150 4 153
split_gain=52.6802 58.6817 49.413 47.7714 56.9862 43.638 42.8645 39.2842 35.0241 34.1767 35.1349 32.2935 47.443 44.5239 35.159 40.8262 32.491 30.582 33.2668 32.6565 30.1269 28.9631 28.7715 28.5216 33.4971 27.881 30.1913 27.6033 26.7206 36.6964 41.4512 29.6283 33.3012 29.3957 26.6748 26.7255 26.9958 29.1963 28.9973 25.7203 30.1544 25.5043 33.1402 42.2965 25.3627 24.9731 30.8538 28.486 27.6588 24.2915 24.2775 33.9446 29.4075 24.6078 30.1347 24.2213 23.7402 23.621 25.0894 23.1286 25.4939 27.7336 22.4924 29.9665 22.3274 22.1913 21.9387 21.6379 21.619 21.2305 20.819 20.7035 20.6283 23.4804 20.5388 29.6088 34.7062 33.5409 31.3533 21.3406 20.4951 20.3748 19.9703 21.4731 24.8022 20.9356 19.8575 33.576 28.5086 23.3569 21.1568 20.3793 38.0088 29.9588 23.5716 19.614 19.6135 27.029 22.3342 21.66 21.5755 19.4604 41.4588 36.7782 29.2237 23.6917 23.4043 23.1185 26.6061 21.8498 21.4472 21.4388 22.0897 49.5433 19.3039 19.6433 19.1109 18.9267 18.6838 18.6236 28.1238 25.3732 29.5738 21.0204 23.1974 18.2902
threshold=-0.065999493002891527 0.46334625780582434 -0.11862209439277648 -0.20960088074207303 0.062335565686225898 -0.55675289034843434 -0.065505117177963243 0.29594162106513983 0.12685234844684604 -0.083806820213794694 0.0018239833880215885 0.48694901168346411 0.084646522998809828 0.15909838676452639 0.038896562531590469 0.10761030018329622 -0.066832352429628358 0.40983386337757116 0.49489465355873113 -0.10186073184013365 -0.091131325811147676 -0.20201968401670453 -0.19591419398784635 -0.10282354429364203 0.25715306401252752 -0.086131509393453584 0.25791583955287939 -0.12199747189879416 -1.0000000180025095e-35 -0.13916920125484464 -0.088862013071775423 0.18975386023521426 -0.11040719226002692 -0.12267692759633063 -0.097218062728643403 0.53274554014205944 -0.082951165735721574 -0.2319969832897186 0.35026027262210851 -0.23709077388048169 0.056127110496163375 -0.0019346683839103205 -0.2114400118589401 -0.084535241127014146 -0.031041700392961499 0.48140239715576177 0.17510447651147845 0.1016027480363846 -0.1937419846653938 -0.048651132732629769 -0.12573644518852231 -0.018269342370331284 0.292220950126648 -0.13025214523077008 -0.17749596387147901 -0.15842697024345395 0.0087782926857471483 0.21444133669137957 0.035373127087950713 -0.039480609819293015 -0.07020778581500052 0.074744675308465972 -0.05980748496949672 -0.077605698257684694 -0.26045873761177057 -0.15684679150581357 0.15018367767333987 0.13454841822385791 -0.028042358346283432 -0.28050586581230158 0.043188322335481651 0.37500000000000006 -0.18924483656883237 -0.11011160537600516 0.48772303760051733 0.45231805741786962 -0.66086679697036732 0.29737222194671636 -0.69431009888648976 0.15463446080684665 0.21806667745113376 -0.47445212304592127 -1.0000000180025095e-35 0.12405408918857576 -0.026988636702299115 -0.097763590514659868 -0.36207790672779078 -0.24469691514968869 -0.21036661416292188 -0.34992301464080805 0.18416812270879748 0.16287374496459964 0.010359979700297119 0.33238944411277777 0.046268213540315635 0.13792059570550921 0.23606816679239276 0.39205296337604528 -0.21086433529853818 0.029307384043931965 1.1042983531951907 -0.44622801244258875 -0.16098526120185849 -0.090561844408512102 0.010823292657732965 -0.090124383568763719 0.02152569126337767 1.0000000180025095e-35 0.40927968919277197 0.30823864042758947 -0.048257391899824136 0.14731032401323321 -0.048838714137673371 -1.0000000180025095e-35 -0.060329329222440713 0.18830087035894397 -0.027144393883645531 -0.11355911195278166 -0.1645485237240791 0.3209929764270783 0.37632513046264654 -0.40806765854358668 -0.015287754591554402 -0.021019521169364449 -0.41095972061157221 -0.018406396731734272
decision_type=2 2 2 2 2 2 2 2 2 2 2 2 2 2 2 2 2 2 2 2 2 2 2 2 2 2 2 2 2 2 2 2 2 2 2 2 2 2 2 2 2 2 2 2 2 2 2 2 2 2 2 2 2 2 2 2 2 2 2 2 2 2 2 2 2 2 2 2 2 2 2 2 2 2 2 2 2 2 2 2 2 2 2 2 2 2 2 2 2 2 2 2 2 2 2 2 2 2 2 2 2 2 2 2 2 2 2 2 2 2 2 2 2 2 2 2 2 2 2 2 2 2 2 2 2 2
left_child=2 5 3 34 45 49 64 22 11 21 67 12 14 -14 15 41 27 18 -13 -19 -3 -10 -4 -9 81 -20 59 65 119 30 -30 32 68 -34 35 36 -1 38 114 -32 -41 42 43 -7 -12 47 -47 48 -5 -2 -23 52 53 54 -52 -43 -15 58 -37 60 61 -27 63 -22 -6 -17 70 -11 -31 -24 118 82 -56 -74 75 76 -8 78 -77 -78 -21 -25 125 -84 -85 -86 -71 -88 90 -90 -89 92 94 -94 101 -53 100 98 -98 -100 -44 102 -91 -104 109 -106 -107 -108 -109 111 -105 112 113 -103 115 -38 -64 -50 -29 121 -121 -18 123 -123 -125 -16
right_child=1 20 7 4 6 8 74 23 9 10 44 17 13 56 71 16 28 19 25 80 62 50 69 24 -26 26 -28 66 29 31 39 -33 33 -35 -36 57 37 -39 -40 40 -42 55 96 -45 -46 46 -48 -49 117 -51 51 95 -54 -55 72 -57 -58 -59 -60 -61 -62 -63 116 -65 -66 -67 -68 -69 -70 86 -72 -73 73 -75 -76 77 79 -79 -80 -81 -82 -83 83 84 85 -87 87 88 89 91 -92 -93 93 -95 -96 -97 97 -99 99 -101 -102 104 103 110 105 106 107 108 -110 -111 -112 -113 -114 -115 -116 -117 -118 -119 -120 120 -122 122 -124 124 -126 -127
leaf_value=-0.02003865469207837 0.018040805683611487 -0.022949924387703966 -0.015842260588417506 0.02001735651756734 -0.024662538504517984 -0.025804929295934507 0.023677045255855993 -0.03209041483131081 -0.017321764823726982 0.024292584857859751 0.011110275945386536 -0.027788399634412757 -0.012310800272263453 -0.0078940870887296635 -0.0049850111053754307 -0.01168130969622895 0.015611197525291807 0.026941646977031317 -0.026382520152366192 0.012196668073469877 0.0029088382181196174 0.012807815557057348 0.015701094729647459 0.010853781802864308 -0.028373761432943758 0.0035301342319887085 -0.018492959229980774 0.030511383533408983 -0.024159075360798199 0.0041580464926465948 0.005355766362035704 -0.013097380216578315 -0.0067971450282326758 0.016846239776931195 0.022612024145588269 0.010182736829139852 -0.0073159768251707278 -0.016604897572623567 -0.01162871546871079 -0.0065055902538502103 -0.030477295743789361 0.0089917975332866207 0.0080157989846918274 0.0091024363502505718 -0.00017457361323807737 -0.014966575619923116 0.0081740275940416132 0.013282535120341998 0.0061582539063628101 -0.0048521551792412663 0.018463286345137341 -0.025616938376511075 -0.015044685751256334 0.010800022416101581 0.0071721347828242847 -0.010374346603321366 0.018349199032180508 -0.0010272812073802155 0.033501782261745938 0.003389843773653459 -0.020767197853159749 -0.01812808285326829 0.0074365609460130292 -0.014756717170935582 -0.0089177993522120101 0.0089392757799328856 0.00048432394094775427 0.0086962894332099343 -0.022072422845070425 -0.014064690438136386 -0.0024883676434937132 -0.0064239613723605336 -0.019991421571416552 -0.00070520975135272563 0.013570963749570314 -0.0026927274432691317 0.007831829573112039 0.0046899552674001645 -0.026576485291232139 -0.0062083903310545842 -0.010637836963954431 -0.0090160512079711184 0.025904198994164917 -0.0023009184543193993 0.0025503344654099632 0.025320755120086854 0.006730315378755492 -0.020487871685238201 0.0062616213045478325 0.014359852023429117 0.0016921176868912031 -0.010121237670408975 0.0056545567165890917 -0.012841955456045082 -0.018925185326421536 -0.005280190004396005 0.0036296365313809899 0.0085092214453681182 -0.021939164582039379 0.0018343029943983125 -0.010363194102660457 0.020909036176999265 -0.019878632198845683 -0.0090392622999932587 0.01647738552755729 0.014779584442743101 -0.0080765226061198132 -0.0042853409869434969 0.012764555152265131 -0.028728871211376048 0.017000656073305677 0.0093317054061887814 -0.017606619841372639 -0.011162408109998719 0.024285350785582468 0.016236806349256939 -0.007366671408017441 -0.012103161985982372 0.010917622958802433 0.00043077076707842272 -0.023122267684923044 -0.0085161918816590559 -0.015620595250910817 -0.0067059984824253526 0.014118058414708696 0.0094409686013085664
leaf_weight=250 1056 452 770 250 570 342 276 291 407 432 1126 307 2043 250 612 853 577 251 257 301 608 682 271 280 341 948 543 270 886 259 554 641 321 826 460 571 287 264 271 1124 294 399 7469 275 4097 549 474 1773 424 251 305 305 388 1458 485 995 382 380 324 1917 454 360 923 1400 1382 314 1797 4821 293 692 394 407 500 643 360 408 733 447 617 1388 408 1191 510 476 287 489 1581 708 1183 749 256 1800 3138 441 485 690 601 1027 482 257 291 263 473 251 280 295 2981 1200 612 266 310 260 1114 1091 395 339 664 610 1123 672 334 437 433 321 878 1062
leaf_count=250 1056 452 770 250 570 342 276 291 407 432 1126 307 2043 250 612 853 577 251 257 301 608 682 271 280 341 948 543 270 886 259 554 641 321 826 460 571 287 264 271 1124 294 399 7469 275 4097 549 474 1773 424 251 305 305 388 1458 485 995 382 380 324 1917 454 360 923 1400 1382 314 1797 4821 293 692 394 407 500 643 360 408 733 447 617 1388 408 1191 510 476 287 489 1581 708 1183 749 256 1800 3138 441 485 690 601 1027 482 257 291 263 473 251 280 295 2981 1200 612 266 310 260 1114 1091 395 339 664 610 1123 672 334 437 433 321 878 1062
internal_value=-0.000230211 0.000999178 -0.00219465 0.000973391 -0.00132931 0.00156382 -0.00537052 -0.00405106 0.00127326 0.00385621 0.00613876 0.000161735 0.000983402 -0.00751776 0.00175382 0.000863508 -0.00164474 -0.00444393 -0.0066275 0.00638828 -0.00675288 -0.000216236 -0.00319628 -0.0127522 -0.00960503 -0.00515872 -0.00384675 0.00280008 -0.00403522 -0.00710744 -0.0121779 -0.000899047 0.00369761 0.0101855 0.00765337 0.00539936 0.000160326 0.00344746 0.00759705 -0.00676589 -0.0115271 0.00367661 0.0047799 -0.0101748 0.00225583 0.00478346 -0.00420455 0.00780655 0.000217832 0.0135985 0.00105933 -0.000616659 0.00226227 0.00426233 -0.000655 -0.00479241 0.0078873 0.0127837 0.0186954 -0.00166695 -0.00718459 -0.00242753 -0.00469844 -0.00938683 -0.0135438 -0.00608528 0.00570655 0.00999221 -0.00969527 -0.00272275 0.0109372 0.0077049 -0.00428065 -0.0091808 -0.00158721 -0.00301258 0.00154717 -0.0104546 -0.0171049 -0.00133543 -0.000877532 -0.00520016 0.0093952 0.0143563 0.00960408 0.0169417 -0.00297055 -0.00257853 -0.00339181 -0.00276289 -0.0145461 -0.00343275 -0.00258196 0.00335706 -0.00458514 -0.0115675 0.00569691 0.000367864 -0.00585437 -0.0136166 0.0073184 -0.00389301 0.00241744 -0.00620475 -0.00524322 -0.00228946 -0.00333531 -0.00446437 0.00145924 -0.0105246 0.0052711 -0.00872147 -0.0106463 -0.00488515 0.0127582 0.00540079 0.0012158 -0.00457647 0.0147679 0.000328318 -0.00737424 0.00327485 -0.000159257 0.00392576 0.00850221 0.00414808
internal_weight=97071 59696 37375 13802 10261 55649 6181 23573 54342 16339 10476 38003 32257 2675 29582 25739 13601 5746 4786 960 4047 5863 21470 2103 1812 4479 4222 4751 8850 5198 2858 2340 1699 1147 3541 3081 1806 1556 1292 1972 1418 12138 10744 617 5223 4080 1023 3057 1284 1307 5456 4774 3779 3391 1933 1394 632 1275 895 3679 1762 1308 3595 2008 1952 1167 3584 5253 552 20700 1787 3843 1628 1143 4229 3869 2397 1472 1025 2121 709 1471 3436 1762 1252 776 20429 19737 18156 17192 964 16009 14209 3579 10630 995 10127 2367 1340 739 7760 10145 1783 1034 8362 5368 5088 4793 1812 2994 561 2728 2468 1354 1021 626 1587 1034 1393 3652 1006 2646 2069 1636 1199 1674
internal_count=97071 59696 37375 13802 10261 55649 6181 23573 54342 16339 10476 38003 32257 2675 29582 25739 13601 5746 4786 960 4047 5863 21470 2103 1812 4479 4222 4751 8850 5198 2858 2340 1699 1147 3541 3081 1806 1556 1292 1972 1418 12138 10744 617 5223 4080 1023 3057 1284 1307 5456 4774 3779 3391 1933 1394 632 1275 895 3679 1762 1308 3595 2008 1952 1167 3584 5253 552 20700 1787 3843 1628 1143 4229 3869 2397 1472 1025 2121 709 1471 3436 1762 1252 776 20429 19737 18156 17192 964 16009 14209 3579 10630 995 10127 2367 1340 739 7760 10145 1783 1034 8362 5368 5088 4793 1812 2994 561 2728 2468 1354 1021 626 1587 1034 1393 3652 1006 2646 2069 1636 1199 1674
is_linear=0
shrinkage=0.0667171


Tree=6
num_leaves=127
num_cat=0
split_feature=11 153 18 80 73 80 73 18 11 33 18 105 18 104 20 12 33 1 183 92 20 15 153 99 18 99 74 95 24 18 18 73 12 73 74 73 4 20 73 19 73 73 99 20 16 61 18 61 19 24 96 14 73 14 20 18 171 74 19 73 96 10 18 24 20 20 10 11 73 92 11 21 62 95 18 69 99 70 81 20 10 152 92 74 99 11 21 200 171 95 20 152 81 33 11 11 96 33 80 18 15 96 73 24 200 70 20 4 92 61 4 0 18 105 21 153 19 36 165 14 80 80 73 73 19 10
split_gain=50.4967 53.9709 48.4101 45.4505 44.6583 43.7695 37.4473 34.5892 32.7071 32.9863 47.1198 48.2059 41.4817 39.4186 38.045 34.5805 33.0822 31.9357 44.7803 31.0733 45.2289 30.0245 29.3638 28.7604 28.5387 27.2701 26.9337 26.8876 34.3785 38.5979 26.6326 29.6367 32.8334 38.5108 26.0161 25.4763 25.4562 39.6678 33.0783 43.6968 32.6031 38.1285 36.513 34.1527 42.3619 30.9176 29.9188 38.7561 55.4636 31.201 41.056 38.4357 33.3882 30.0707 33.7997 29.7773 29.0369 26.2363 25.097 24.3095 24.2614 24.4345 23.4929 32.2836 23.4746 37.0476 34.9134 33.11 23.4659 23.441 25.8488 27.2168 23.3879 23.322 23.8316 22.2825 22.1555 22.1429 22.0746 21.7445 26.5896 25.615 21.616 25.7166 25.0515 21.1982 22.4428 20.9323 20.9281 21.3102 20.8591 20.8457 20.602 20.4601 27.8757 22.7173 21.4681 26.1607 24.5053 20.2505 20.9696 20.0233 19.9998 24.0845 21.941 19.901 25.9018 19.8522 24.1147 19.6212 19.2378 40.4116 20.2322 19.2271 19.1258 19.0443 18.5839 18.3864 24.8862 18.2891 18.0474 20.4053 29.5441 17.8913 17.8637 17.6905
threshold=-0.061152836307883256 0.46577584743499761 -0.28176027536392206 -0.070161294192075715 -0.55675289034843434 -0.19591419398784635 0.35900463163852697 0.12685234844684604 0.47714054584503179 0.48372519016265875 0.084646522998809828 0.19808669388294223 0.048116011545062072 0.055102381855249412 -0.12771724909543988 0.12650829553604129 -0.13346833735704419 -0.078124999999999986 0.047315208241343505 0.40983386337757116 0.11106365174055101 -0.14306923002004621 -0.12965261191129682 0.042408954352140434 0.053196527063846595 0.70938816666603099 0.19505793601274493 -0.027144393883645531 0.21347458660602572 0.13716869056224826 0.25257980823516851 0.04192838445305825 0.17598168551921847 -0.10641179233789443 -0.045228609815239899 0.16881947219371798 0.10111001133918764 0.030231527052819732 -0.068716678768396364 -0.069776840507984147 0.036242952570319183 0.14337876439094546 0.54189756512641918 -0.023025206290185448 -0.25573538243770594 0.96144121885299694 0.038896562531590469 -0.056257899850606911 -0.12241732329130171 -0.11432590335607527 0.073446128517389311 0.26786458492279058 -0.30556355416774744 0.34226934611797338 -0.12521763890981671 0.097786504775285735 -0.020497205667197701 -0.3225747793912887 -0.15574982017278668 -0.44540622830390925 -0.0020455890335142608 -0.047542609274387353 0.17748695611953738 -0.1762093901634216 0.18632140010595324 0.028957781381905082 0.30637295544147497 0.086140174418687834 -0.14422725886106488 -0.045063540339469903 0.16408781707286837 -0.018920064903795716 1.2013669610023501 -0.14322984218597409 0.35167858004570013 0.015066644642502071 0.17362992465496066 0.075629539787769332 0.19803134351968768 0.38950285315513616 0.42102070152759558 0.58228540420532238 -0.22169133275747296 -0.061629742383956902 -0.079067301005125032 0.53267571330070507 0.10440783202648164 -0.090451586991548524 0.071264810860157027 -0.091365057975053773 -0.081014793366193757 0.15871604532003405 0.61362236738204967 -0.1146838180720806 -0.26345208287239069 -0.30007404088973993 -0.12249923497438429 0.005042675184085966 -0.13446640223264691 -0.14949298650026319 0.089976925402879729 0.1585139408707619 -0.33339588344097132 -0.10688722878694533 0.013434146530926229 0.23365000635385516 0.53294882178306591 -0.4010626077651977 -0.020187045447528359 0.043615676462650306 -0.24637155234813687 -0.061079544946551316 0.075347539037466063 -0.13401813805103299 0.039481239393353469 -0.10083474963903426 -0.1291033327579498 0.10915492847561838 0.075259767472744002 0.60225445032119762 -0.02891438081860542 -0.15510304272174832 0.090855360031127944 0.17156109958887103 -0.21684538573026654 -0.2183503061532974
decision_type=2 2 2 2 2 2 2 2 2 2 2 2 2 2 2 2 2 2 2 2 2 2 2 2 2 2 2 2 2 2 2 2 2 2 2 2 2 2 2 2 2 2 2 2 2 2 2 2 2 2 2 2 2 2 2 2 2 2 2 2 2 2 2 2 2 2 2 2 2 2 2 2 2 2 2 2 2 2 2 2 2 2 2 2 2 2 2 2 2 2 2 2 2 2 2 2 2 2 2 2 2 2 2 2 2 2 2 2 2 2 2 2 2 2 2 2 2 2 2 2 2 2 2 2 2 2
left_child=2 4 3 -1 115 -4 30 8 9 10 12 78 13 72 76 16 24 21 64 20 25 -9 -22 -10 -14 -5 69 28 92 -30 36 32 33 -32 -20 107 37 40 39 75 42 113 43 46 -45 -44 47 124 -49 50 -50 -51 -53 54 -48 -56 93 -41 -46 -52 -40 -62 63 -59 65 66 123 -67 -55 70 71 -16 82 74 -35 109 -11 -68 125 80 -29 -81 83 84 -6 86 120 -34 -84 101 119 -8 -3 95 -95 -39 98 -98 -96 -58 -101 -90 -65 -104 -105 106 -15 -33 -109 -38 111 -18 -112 -42 116 -2 -36 118 -107 -21 121 -23 -123 -19 -7 -12
right_child=1 27 5 19 7 6 91 17 23 14 11 -13 15 105 26 -17 110 18 34 90 22 85 -24 -25 -26 -27 -28 79 29 -31 31 35 87 73 114 -37 38 56 60 57 41 -43 45 44 58 -47 53 48 49 51 59 52 -54 68 55 -57 99 62 -60 -61 61 -63 -64 102 -66 67 77 -69 -70 -71 -72 -73 -74 -75 -76 -77 -78 -79 -80 81 -82 -83 88 -85 -86 -87 -88 -89 89 -91 -92 -93 -94 94 96 -97 97 -99 -100 100 -102 -103 103 104 -106 117 -108 108 -110 -111 112 -113 -114 -115 -116 -117 -118 -119 -120 -121 -122 122 -124 -125 -126 -127
leaf_value=-0.015898194907385491 0.018408051039833211 0.0071880817829107109 -0.017951249160180472 0.028522199038736536 -0.0010731471772089359 0.0032123385005427426 -0.0084489306040754792 -0.021606974298180433 -0.024938217088277512 -0.026170933338872871 0.0013936675991227483 0.011127901225247386 0.0057080407327563983 -0.0049572539373635592 0.00039527017009140627 0.031890486162423945 -0.018231587212228669 0.011698951462682442 0.011660896449065225 -0.02325949622728914 0.012351614512361966 0.0033919565147429412 -0.0075869733344127452 -0.0027624402147768639 -0.020451230518980953 0.006754693831715018 -0.0095665629361747408 -0.02148632913638512 -0.029737629838888904 0.002275747309545194 0.033787847268199056 -0.026639964486860304 -0.013756650160268861 0.019874766343598946 -0.018419474779310736 0.0085799329702698282 0.019182073149599584 0.019722766919032738 -0.014346361357865593 0.011020034658329609 -0.011933958018336454 0.0063898982231613138 -0.024125305410697004 0.0015658603621591157 -0.00097648218157318008 0.0013287088911237495 -0.01864243343554265 -0.01948782869081301 -0.029450807524091877 -0.013419594101207067 -0.0097567254152541773 0.024746601356784775 0.0024992049672316764 0.0088596774891805223 0.020279098145174153 -0.0037532767840765969 0.01626382488950693 -0.019922656069452063 -0.021545171155778482 0.014304194421513476 0.01342448330302097 -0.0074099749133844789 0.010166036069975367 -0.021144967177888774 0.020772057934654697 -0.017585263349705327 -0.017242288312005631 0.0095155712856434642 0.031282463826239552 0.0052631129421673601 0.0068582997389282649 -0.022900809795717458 -0.014557902925202511 0.023386251804045386 -0.0036910810631680968 -0.0094926984897656368 -0.0042973036788345742 0.0094755868158475174 0.0044005120004573708 0.0085007236146063953 0.0018931859504926895 -0.017595854334111174 0.0066403965782231124 0.002478196417150687 -0.029389424285653536 -0.013262653776153205 0.0062926307264349873 0.0063547131206854839 0.00028802052331147786 0.0033810555710943641 0.009407243573027281 -0.028728439254227287 -0.012925468832766086 -0.015365870514754054 0.0082872342660630424 -0.0013478023347108915 -0.01051416952142452 0.014468434345621669 -0.015677958720695988 0.0052366021709471279 -0.014461079349457999 -0.02191788060638377 0.016683577744780399 0.0057384909581832365 -0.011695857308580832 0.0067747749166921153 0.013371422542923077 0.006811703311285543 -0.019401595319804659 0.0026525565320712307 0.022543166852228621 0.014876454282206991 0.0040066795415220225 -0.031253315790320008 0.0027668097038463643 0.00053950204992601241 -0.0023506062053228771 -0.0050658548651886653 -0.010480822795117231 -6.3217345815910257e-06 0.010102301372780727 0.0036623011463191644 -0.017941558449129046 0.027857688489993752 0.026901438487929592 -0.017467429319183676
leaf_weight=417 960 1356 858 748 290 321 679 276 423 504 253 499 468 6598 398 275 253 3119 829 270 687 749 623 678 302 395 1487 1083 341 321 314 269 423 257 448 402 643 339 2481 351 501 294 614 1086 362 318 304 867 306 358 497 493 769 627 409 511 693 955 994 295 284 1921 281 285 772 425 293 373 313 2254 464 494 307 317 711 286 353 254 310 403 265 281 8710 1242 267 434 2639 496 388 2167 381 341 268 848 274 671 265 603 592 3230 256 329 254 492 903 2739 358 343 280 642 850 452 384 435 2090 370 1126 1265 426 327 407 424 814 340 255 1520
leaf_count=417 960 1356 858 748 290 321 679 276 423 504 253 499 468 6598 398 275 253 3119 829 270 687 749 623 678 302 395 1487 1083 341 321 314 269 423 257 448 402 643 339 2481 351 501 294 614 1086 362 318 304 867 306 358 497 493 769 627 409 511 693 955 994 295 284 1921 281 285 772 425 293 373 313 2254 464 494 307 317 711 286 353 254 310 403 265 281 8710 1242 267 434 2639 496 388 2167 381 341 268 848 274 671 265 603 592 3230 256 329 254 492 903 2739 358 343 280 642 850 452 384 435 2090 370 1126 1265 426 327 407 424 814 340 255 1520
internal_value=-0.000396426 0.000822172 -0.00229384 0.00479422 0.0013881 -0.00309346 -0.00270871 0.00108717 -1.02869e-05 0.00032973 0.00121327 -0.00740343 0.00200764 0.00112142 -0.00421189 0.00944143 0.00713253 0.00370609 0.00597038 0.00733088 0.0113401 -0.000257657 0.00285141 -0.0113246 -0.00451661 0.0210293 -0.00201704 -0.00635532 -0.00137754 -0.0141673 -0.00230959 0.00292099 0.0071423 0.0129165 0.00100637 -0.00525942 -0.00301116 -0.00156624 -0.00577049 -0.0020399 -0.00415786 -0.014384 -0.00285531 -0.00151544 -0.0082137 -0.0153919 0.00106732 -0.00223444 -0.00482323 -0.000123985 -0.00880365 0.0057451 0.0112311 0.00742896 0.000514302 0.00690288 0.00207439 -0.00617089 -0.0160714 -0.000747082 -0.00981617 -0.00470092 -0.00809443 -0.00989193 0.00996378 0.00821419 0.0108302 -0.00486231 0.0163899 0.00108742 -0.00582324 -0.0124721 0.00353289 0.00775619 0.00256468 0.00719424 -0.0171987 -0.00474965 -0.0118735 -0.0119381 -0.0168537 -0.0022046 0.00395283 -0.0028344 -0.0147206 0.000821519 0.00204826 -0.00286271 0.00500957 7.35307e-05 -0.00268375 -0.0152811 0.0038298 -0.00231577 -0.00547104 0.00570527 -0.000604524 0.0067793 -0.00803734 0.00585648 0.00377183 -0.00986308 -0.00491068 -0.00206028 -0.0055173 -0.0017773 -0.00400434 -0.0115545 -0.00494559 0.0109568 0.0117781 0.00293658 0.0168015 -0.0209707 -0.00140178 0.013452 -0.00695668 0.00171126 0.00443378 -0.0104832 -0.00261667 -0.00525061 -0.0105095 0.013309 0.013768 -0.0147489
internal_weight=97183 59167 38016 3848 54849 34168 33310 53519 37707 36606 30652 2582 28070 25086 5954 2984 2709 15812 10069 3431 2453 5743 1310 1101 770 1143 5097 4318 2286 662 32290 3812 2518 1599 4493 1294 28478 18700 9778 5092 10929 1230 9699 8767 2442 932 6325 4161 3585 2718 1098 1620 1262 2164 1224 920 7771 3521 1356 792 4686 2205 3170 2889 5576 4804 4006 798 940 3610 1356 892 13700 1285 968 1571 857 547 2083 2032 1348 684 13393 1799 557 5467 5033 919 11594 2884 978 1020 1624 3592 2582 1010 1734 868 866 4179 3486 717 1934 1649 1395 11386 6956 892 623 1285 1939 705 1234 936 3664 1330 1574 4430 3165 597 2394 1987 1238 3459 576 1773
internal_count=97183 59167 38016 3848 54849 34168 33310 53519 37707 36606 30652 2582 28070 25086 5954 2984 2709 15812 10069 3431 2453 5743 1310 1101 770 1143 5097 4318 2286 662 32290 3812 2518 1599 4493 1294 28478 18700 9778 5092 10929 1230 9699 8767 2442 932 6325 4161 3585 2718 1098 1620 1262 2164 1224 920 7771 3521 1356 792 4686 2205 3170 2889 5576 4804 4006 798 940 3610 1356 892 13700 1285 968 1571 857 547 2083 2032 1348 684 13393 1799 557 5467 5033 919 11594 2884 978 1020 1624 3592 2582 1010 1734 868 866 4179 3486 717 1934 1649 1395 11386 6956 892 623 1285 1939 705 1234 936 3664 1330 1574 4430 3165 597 2394 1987 1238 3459 576 1773
is_linear=0
shrinkage=0.0667171


Tree=7
num_leaves=127
num_cat=0
split_feature=11 152 18 80 73 80 73 18 1 183 92 95 15 80 152 201 105 12 97 92 11 99 16 33 18 105 105 62 36 21 80 21 69 24 73 18 73 152 18 73 21 12 150 170 13 201 62 74 99 24 80 79 18 21 18 36 18 18 12 11 99 171 12 21 95 152 21 99 10 12 97 13 73 16 61 12 98 79 95 33 18 92 11 21 99 199 33 97 18 12 201 62 95 95 18 24 73 15 12 18 21 73 82 0 97 12 201 12 95 21 21 18 10 97 95 5 81 152 18 36 70 70 170 18 11 33
split_gain=47.1437 47.5712 44.2896 40.2901 39.6089 39.1243 37.385 36.7896 31.5527 38.2415 30.776 40.0363 26.2434 25.3653 25.2402 26.54 25.0572 33.2299 29.2862 31.2634 24.8125 28.5131 28.0672 27.2465 34.9214 47.6906 32.4982 30.1237 27.3659 25.7614 24.3621 35.6609 28.674 33.1047 23.8497 43.4998 35.8574 30.2254 31.5383 27.3243 36.1138 27.3735 38.5667 26.3747 29.4347 26.1018 24.1894 22.1234 22.1072 21.083 27.7319 20.7751 26.6486 20.6366 24.1366 35.9331 26.6866 24.3237 28.239 27.931 24.5507 49.1205 23.9504 20.7823 20.2075 19.9539 19.9534 28.8853 24.6508 23.3182 21.7468 36.1186 29.6697 28.1166 19.5132 19.4417 19.3996 18.9352 22.7568 18.7879 29.056 21.5366 27.5795 28.9007 19.2135 18.279 27.1826 18.2089 18.1539 18.1053 19.4928 17.8003 17.6495 19.7194 17.1376 17.1109 20.1097 17.0595 20.285 16.9148 30.2474 47.7282 26.939 27.8501 25.2176 24.8776 23.7564 20.4599 20.3206 17.8112 16.8256 21.0514 19.4891 16.695 16.6663 16.6495 16.5661 17.0486 16.5344 20.56 23.0175 16.2875 18.8523 19.8017 16.234 16.2064
threshold=-0.063611030578613267 0.46334625780582434 -0.28176027536392206 -0.19244085997343061 -0.55675289034843434 -0.078159533441066728 0.35900463163852697 0.12685234844684604 -0.083806820213794694 0.010028769727796318 0.40983386337757116 0.057949909940361984 -0.13076154142618177 -0.092756621539592729 -0.56088408827781666 -0.23279105871915814 -0.064780972898006425 0.31998854875564581 0.043874470517039306 0.027425399981439117 0.44068360328674322 0.32653617858886724 0.22342643141746524 0.48372519016265875 0.084646522998809828 0.19479051977396014 0.01116726314648986 1.2749736905097964 0.43309859931468969 -0.10809787735342978 0.18830087035894397 0.2009820491075516 -1.4113613963127134 -0.52553340792655934 -0.066633369773626314 0.17340224981307986 -0.080649826675653444 -0.11401868984103201 0.15989314764738086 -0.4665387868881225 -0.59706035256385792 0.19405266642570498 -0.45960806310176844 -0.025599956512451168 -0.14038258045911786 -0.20780918002128598 0.092008411884307875 -0.045228609815239899 0.12347288057208063 0.27226006984710699 -0.11954404413700102 -0.39772588014602656 0.15370455384254458 0.46411092579364782 0.031402070075273521 0.28521126508712774 -0.0019346683839103205 -0.0096093527972698194 -0.25128218531608576 0.11558302491903306 -0.10039473325014113 -0.066380582749843584 0.034012593328952796 0.1693115830421448 0.15283076465129855 0.15871604532003405 -0.20162805914878842 0.047208644449710853 0.1711089685559273 0.094562109559774413 -0.072371099144220338 -0.38731557130813593 -0.037002675235271447 -0.14676202088594434 -0.11820480599999426 -0.057807670906186097 0.05558272264897824 -0.05980748496949672 -0.26246073842048639 0.49931751191616064 -0.13651735335588452 -0.02608520537614822 0.14905069768428805 -0.018920064903795716 -0.23759247362613675 -0.11891095340251921 0.51977452635765087 0.16706125438213351 0.13454841822385791 0.48140239715576177 -0.030143987387418743 -0.07518401741981505 0.28419825434684759 0.14943499118089679 0.096665639430284514 -0.063083522021770463 -0.10561290010809897 0.061546154320240028 0.13365769386291507 -0.0396803431212902 -0.14322675764560697 -0.075168464332818971 0.15723496675491336 0.080965910106897368 -0.12072691321372984 -0.010560961440205572 -0.093401841819286333 -0.01525472244247794 0.063689853996038451 0.1017977148294449 0.076349101960659041 0.30457496643066412 -0.22592293471097943 0.080449521541595473 0.3091795295476914 1.0000000180025095e-35 0.090564064681530013 -0.10830013081431387 0.17105530947446826 0.41373239457607275 -0.36414431035518641 0.2019213289022446 0.061484668403863914 -0.16318259388208387 -0.13332794606685636 -0.24780247360467908
decision_type=2 2 2 2 2 2 2 2 2 2 2 2 2 2 2 2 2 2 2 2 2 2 2 2 2 2 2 2 2 2 2 2 2 2 2 2 2 2 2 2 2 2 2 2 2 2 2 2 2 2 2 2 2 2 2 2 2 2 2 2 2 2 2 2 2 2 2 2 2 2 2 2 2 2 2 2 2 2 2 2 2 2 2 2 2 2 2 2 2 2 2 2 2 2 2 2 2 2 2 2 2 2 2 2 2 2 2 2 2 2 2 2 2 2 2 2 2 2 2 2 2 2 2 2 2 2
left_child=2 4 5 -4 -2 -1 30 20 12 88 11 14 -9 -3 -7 -16 -14 18 19 51 23 22 -22 24 26 116 27 99 53 48 31 34 -32 -34 35 36 37 38 39 40 -5 45 -43 46 66 -41 49 -11 -25 -36 -51 52 -18 54 55 56 57 58 -28 64 61 -61 -55 -57 76 -8 67 69 -69 94 72 -72 73 -68 -63 -76 125 113 -79 80 -31 82 83 -81 -84 86 -35 -73 -10 90 -87 -52 93 -74 -45 -47 -97 98 -12 102 -101 -102 103 105 109 -6 -106 108 -105 -103 111 -49 -112 -15 124 -46 117 -26 119 120 -92 -62 123 -123 -39 -60
right_child=1 13 3 6 7 10 65 8 9 47 97 -13 16 77 15 -17 17 -19 -20 -21 21 -23 -24 29 25 -27 28 -29 -30 79 32 -33 33 85 43 -37 -38 114 -40 41 -42 42 -44 44 115 95 -48 110 -50 50 91 -53 -54 62 -56 63 -58 -59 59 60 121 74 -64 -65 -66 -67 70 68 -70 -71 71 87 92 -75 75 -77 -78 78 -80 81 -82 -83 84 -85 -86 89 -88 -89 -90 -91 118 -93 -94 -95 -96 96 -98 -99 -100 100 101 104 -104 107 106 -107 -108 -109 -110 -111 112 -113 -114 -115 -116 -117 -118 -119 -120 -121 -122 122 -124 -125 -126 -127
leaf_value=-0.015337744938479272 0.01296462233045253 -0.021622355807562409 -0.016329762342138975 0.001312505100872718 0.0011741523843395471 0.01979803608573066 -0.0084212843429699747 -0.018273587513443539 0.022643478229770659 0.011307132569554791 -0.0087493109396622974 0.023804176612072306 0.0097468622431409364 -0.0041459375174890643 -0.01530957519509296 0.0063385125859849551 -0.0069799685458370678 -0.016000103710495307 0.021798430342367375 -0.021631947837162102 0.0072536823841483529 0.012239062459275927 -0.017048725979394795 -0.026135917097342826 -0.001966246101532771 0.012487980889419197 -0.018271794588551261 -0.018116242477920257 0.013217664400701264 0.003141481021845451 0.016917969262362793 0.022505395051652263 -0.023643258852747446 -0.01145825608391259 -0.011337387613081552 0.016892446678478171 0.013951517224894362 -0.024467307306989056 -0.020419184918136601 -0.020953331880693191 -0.024063342102865787 -0.013862042096890327 0.013325825509834782 0.0018887526668142597 -0.019424296909976782 -0.0091224083320933236 0.0070193862940871139 -0.0017150334971217096 -0.003467911745523574 0.016564212466823977 -0.016713208328006764 -0.0019681457508164664 0.018361397785352892 0.021707874981972467 0.0048732336732687431 -0.008739270204857005 -0.017878692888792205 0.012949124975673446 0.011099426292472049 0.021649116061975903 -0.010490382611769419 -0.014945666511407123 -0.0011240909515256128 -0.030241166083117412 0.017402165850857791 -0.02845698485423085 -0.025968316706984386 -0.030638419726161426 -0.0022175541715588306 0.010041733356119412 0.01372326214153146 0.0043988622173560202 0.0010549047217477368 0.0015843645055288367 0.013705394002081754 -0.0064632631799418456 0.007658422001700204 0.017047493915140474 -0.0028176925412589913 0.0013251991849188266 -0.025648985822284975 0.0035289915590599233 -0.0095631594405611378 -0.019368939425761917 0.012733946075546733 -0.011717090799502755 0.0051428942716840531 -0.012702546679598709 0.0087681675283729447 0.0061463902640547016 0.010965481100866932 -0.00068789333027832148 -0.013726897988845726 0.017032074187213215 -0.019533306349614619 0.018956714364403528 -0.0053198883770649331 -0.017811556912307614 0.013723296211333639 0.023725180259572216 -0.0073006348718072595 0.028397569137608155 0.008011398587238967 0.0088568276171257822 -0.011890068672573721 -0.01055517925765838 0.0094767478248672515 0.0098124673311291346 -0.01334700629601995 0.010085681971480963 -0.012558548574833144 -0.021298097673375437 0.0070742546201816702 -0.017032373005607535 0.0010838929240727618 -0.0026907337031483944 0.00077318680876287615 -0.017536909563721899 0.0056198535510037636 -0.011310738014535998 -0.004112966249265027 0.0089835123891418341 -0.01773206148977222 -0.0083411906884185115 -0.0041302136539043957 -0.0068325394788099391
leaf_weight=385 1294 417 957 775 1993 406 672 330 461 896 362 748 1152 1313 335 985 267 589 276 287 260 250 1047 394 423 489 432 258 637 275 263 286 415 2608 3001 776 747 478 291 268 363 262 1819 349 513 357 528 1908 376 292 456 2350 572 376 2188 705 426 532 273 450 2212 455 436 281 434 333 361 299 250 599 1605 797 1446 295 366 497 1367 318 1270 473 348 2537 267 800 466 1135 522 420 4866 925 582 953 254 450 308 371 250 255 346 501 864 482 3264 326 281 1341 1228 1718 409 478 257 278 1626 684 316 553 446 1244 999 1176 1953 731 257 485 280 1173
leaf_count=385 1294 417 957 775 1993 406 672 330 461 896 362 748 1152 1313 335 985 267 589 276 287 260 250 1047 394 423 489 432 258 637 275 263 286 415 2608 3001 776 747 478 291 268 363 262 1819 349 513 357 528 1908 376 292 456 2350 572 376 2188 705 426 532 273 450 2212 455 436 281 434 333 361 299 250 599 1605 797 1446 295 366 497 1367 318 1270 473 348 2537 267 800 466 1135 522 420 4866 925 582 953 254 450 308 371 250 255 346 501 864 482 3264 326 281 1341 1228 1718 409 478 257 278 1626 684 316 553 446 1244 999 1176 1953 731 257 485 280 1173
internal_value=-0.000238977 0.000932662 -0.0020832 -0.00285129 0.001441 0.00471917 -0.00245787 0.00116411 0.00383458 0.00605493 0.00698728 0.0109267 -8.37912e-05 -0.00608738 0.00531217 0.000805774 0.00100904 -0.00130535 0.000999618 -0.000654005 2.9143e-05 -0.00820905 -0.0121724 0.000382946 0.00118967 -0.00619434 0.00188111 0.00429201 -0.00027041 -0.00374959 -0.00205776 -0.000759552 -0.00467651 -0.00523452 -0.00107903 0.00198397 0.000215625 -0.00154349 0.000732801 0.00212884 -0.00676959 0.00518608 0.00986883 -0.0027221 -0.000424149 -0.00260504 -0.00644911 0.00183458 -0.0151169 -0.00797335 -0.00201737 0.00123634 0.0102371 -0.000885308 -0.00151984 -0.00278667 -0.00159443 -0.000869306 -0.0016809 -0.000849138 -0.00376844 0.00267553 0.0094131 -0.0149269 0.00404248 -0.015113 0.00105929 -0.00503191 -0.0177616 0.000518161 0.00302042 0.00715509 -0.00112651 -0.0135238 -0.00379556 0.00205565 0.00196069 -0.00426263 0.00115326 -0.00204466 -0.0128826 -0.000545641 -0.00571322 -0.0116507 0.00454221 -0.004455 -0.00867319 -0.00147959 0.0099814 -0.00249823 -0.00387387 -0.00590881 0.00264808 0.00487607 -0.00810937 0.00241392 0.00912016 -0.00309098 0.00218403 0.00474682 0.00846472 0.00615041 0.00316714 0.000427388 0.0108748 -0.0035352 0.00546429 0.00582414 -0.00343919 0.0193292 -0.000248641 -0.0042358 0.00436072 -0.00858377 -0.0116386 -0.0107783 -0.0105485 -0.0136036 -0.00197331 -0.0040285 -0.000632628 -0.00687076 -0.00141183 0.0020391 -0.0170029 -0.00340625
internal_weight=97092 59362 37730 33908 55360 3822 32951 54066 16115 10292 3437 2474 5823 4002 1726 1320 5493 4341 3752 3476 37951 1557 1307 36394 30458 2602 27856 13143 14713 5936 31946 21368 10578 10315 21082 7353 6577 5830 4756 4465 1138 3327 2081 13729 8499 1246 5230 4965 770 4702 1701 3189 839 14076 13264 11076 10090 9664 9132 8700 5453 1768 812 986 3247 1005 7433 1805 549 1256 5628 2822 2806 656 1318 863 2813 3585 1588 5166 623 4543 2006 1273 733 9900 3130 1217 5327 6770 5845 1409 2150 1896 657 978 621 963 708 12885 3834 3333 9051 5787 2469 3334 1509 2453 735 960 4069 2186 1883 1997 1074 1066 2113 1667 4710 3711 2535 3685 1473 1216 758 1446
internal_count=97092 59362 37730 33908 55360 3822 32951 54066 16115 10292 3437 2474 5823 4002 1726 1320 5493 4341 3752 3476 37951 1557 1307 36394 30458 2602 27856 13143 14713 5936 31946 21368 10578 10315 21082 7353 6577 5830 4756 4465 1138 3327 2081 13729 8499 1246 5230 4965 770 4702 1701 3189 839 14076 13264 11076 10090 9664 9132 8700 5453 1768 812 986 3247 1005 7433 1805 549 1256 5628 2822 2806 656 1318 863 2813 3585 1588 5166 623 4543 2006 1273 733 9900 3130 1217 5327 6770 5845 1409 2150 1896 657 978 621 963 708 12885 3834 3333 9051 5787 2469 3334 1509 2453 735 960 4069 2186 1883 1997 1074 1066 2113 1667 4710 3711 2535 3685 1473 1216 758 1446
is_linear=0
shrinkage=0.0667171


Tree=8
num_leaves=127
num_cat=0
split_feature=11 153 153 18 151 20 73 20 12 73 82 11 62 80 20 20 73 20 21 21 74 17 18 73 19 21 4 18 18 104 73 152 18 99 99 33 17 18 33 153 17 82 151 18 36 5 15 73 17 0 165 19 97 17 18 18 18 73 5 21 14 80 182 200 12 153 36 97 62 14 20 11 201 159 70 36 19 200 151 4 19 99 19 80 5 21 36 18 81 19 74 18 13 105 80 12 97 153 153 19 84 18 19 5 80 12 165 153 12 152 18 20 15 73 3 3 153 9 19 105 0 99 82 19 12 33
split_gain=47.0117 47.6534 41.0747 44.4828 44.8028 48.3675 40.6153 37.3454 36.3916 34.0391 34.0289 29.1519 72.5959 28.8315 26.0656 47.0187 71.7955 37.2588 33.7808 32.9424 31.6863 32.2455 26.3782 30.6859 28.5829 26.062 27.7666 25.962 37.6027 37.7184 36.2905 34.8217 29.8625 31.1471 29.2136 28.7812 50.0027 44.2112 35.0448 34.2904 29.4849 32.654 29.2495 28.2692 27.0714 32.7104 26.0317 25.9609 41.5599 35.2067 33.2656 40.607 25.8939 34.6841 25.7334 25.7162 24.7599 26.0625 24.4258 24.3673 24.3541 30.3955 30.1818 29.7235 23.7613 23.6591 25.0785 23.0637 25.8973 22.7237 22.6933 22.3056 22.21 21.7083 21.3897 24.6044 23.766 22.3296 21.3758 21.7657 22.5095 21.2924 34.7561 25.8622 24.4767 22.6357 20.9692 20.9052 21.6912 20.8885 20.492 20.3261 19.7493 19.7435 19.6632 19.5248 19.4632 19.2241 19.9985 18.9873 18.8869 18.7957 18.7929 18.5727 27.9215 18.3007 17.7987 17.4065 17.3836 19.2921 17.1659 17.1632 17.2662 17.938 17.0642 23.9161 17.0176 16.5234 16.3085 15.999 15.9988 15.8236 15.7215 15.6991 15.622 22.1345
threshold=-0.061152836307883256 0.4967589676380158 -0.11862209439277648 -0.20960088074207303 -0.46667388081550593 0.12924000620841983 -0.55675289034843434 0.45837846398353582 0.25527189671993261 0.25715306401252752 -0.01470385631546378 0.50153034925460827 0.49894846975803381 -0.11954404413700102 0.02531452011317015 -0.023025206290185448 0.036242952570319183 -0.042951103299856179 -0.18922022730112073 -0.063944533467292772 -0.065862659364938722 -0.014057669322937725 -0.0019346683839103205 -0.010585550684481857 0.10660557076334955 0.6323034167289735 -0.36324852705001826 0.038896562531590469 0.02152569126337767 0.019803110510110859 -0.098930831998586641 -0.040557665750384324 -0.61810606718063343 -0.2444089278578758 -0.13128526508808133 0.29692667722702032 -0.0081613573711365444 0.078328154981136336 0.60917437076568615 0.18716616928577426 -0.11095131933689116 0.20634265244007113 0.036683440208435066 -0.0396803431212902 -0.29049295186996454 1.0000000180025095e-35 0.095392305403947844 0.03982991166412831 -0.2133817449212074 -0.32528407871723169 0.020773897878825668 0.040493907406926162 0.31538541615009313 -0.22229813039302823 0.20200974494218829 -0.0040189226856455198 0.13716869056224826 0.14337876439094546 1.0000000180025095e-35 0.0065285481978207835 0.52035716176033031 -0.082951165735721574 -0.50697115063667286 -0.10532939434051512 0.0099198627285659331 -1.3470080494880674 -0.52464789152145375 -0.13360267132520673 0.18138801306486133 0.13826636970043185 -0.24021986126899716 -0.34386751055717463 -0.44407860934734339 0.080569785088300719 0.19816385954618457 0.20774647593498233 0.040493907406926162 -0.46743287146091456 0.35472275316715246 -0.093263927847146974 -0.070862270891666398 -0.03953809663653373 0.25266982614994055 0.059709019958972938 -0.37499999999999994 0.0045644373167306193 0.088028166443109526 -0.13294097036123273 0.24735402315855029 -0.10004562884569167 0.065641563385725035 -0.44855967164039606 -0.34353725612163538 -0.057004923000931733 -0.11203153803944586 -0.16313108056783673 0.0083705177530646342 0.37544001638889318 0.18338246643543246 -0.065760012716054903 0.11494919657707216 -0.16318259388208387 -0.023328744806349274 1.0000000180025095e-35 -0.14438474923372266 -0.067830566316843019 0.083313379436731352 -0.10083474963903426 0.38523754477500921 -0.060003802180290215 -0.079553481191396699 -0.059773227199912064 -0.073838461190462099 -0.056420257315039628 -0.44014346599578852 -0.20203755795955655 0.38576400279998785 0.010174486786127092 -0.020351585932075974 -0.032639205455780022 -0.16335227340459821 0.037413123995065696 -0.28961138427257532 0.13721898198127749 -0.028723525814712044 -0.15706425905227658
decision_type=2 2 2 2 2 2 2 2 2 2 2 2 2 2 2 2 2 2 2 2 2 2 2 2 2 2 2 2 2 2 2 2 2 2 2 2 2 2 2 2 2 2 2 2 2 2 2 2 2 2 2 2 2 2 2 2 2 2 2 2 2 2 2 2 2 2 2 2 2 2 2 2 2 2 2 2 2 2 2 2 2 2 2 2 2 2 2 2 2 2 2 2 2 2 2 2 2 2 2 2 2 2 2 2 2 2 2 2 2 2 2 2 2 2 2 2 2 2 2 2 2 2 2 2 2 2
left_child=2 6 3 60 65 10 107 11 14 13 -6 27 -13 -10 15 16 17 20 -17 64 21 124 23 110 105 -9 -27 28 29 32 96 -32 -8 -34 -30 36 40 46 72 58 41 44 -40 78 -33 -46 -38 49 -49 54 51 -50 53 -12 86 122 57 -20 -39 90 61 -1 -62 91 118 -5 -67 -57 -69 -58 -23 -65 -37 -44 76 106 77 -31 79 80 103 84 83 85 -42 -83 -24 88 -81 100 -52 -63 -66 -74 -3 -41 -29 98 -86 -68 -60 -77 -103 104 -35 -25 -76 -2 109 -15 -21 -55 113 -113 -110 -116 -95 -101 -16 -36 -93 -47 -45 -98 -4 -126
right_child=1 94 8 4 5 -7 7 25 9 -11 52 12 -14 108 19 18 -18 -19 56 22 -22 70 47 24 -26 26 -28 30 34 74 31 35 33 43 119 38 37 39 42 95 81 -43 73 55 45 121 -48 48 50 -51 59 -53 -54 111 -56 67 69 -59 89 -61 62 63 -64 71 92 66 99 68 -70 -71 -72 -73 93 -75 75 101 -78 -79 -80 87 -82 82 -84 -85 97 -87 -88 -89 -90 -91 -92 120 -94 116 -96 -97 123 -99 -100 117 -102 102 -104 -105 -106 -107 -108 -109 114 -111 -112 112 -114 -115 115 -117 -118 -119 -120 -121 -122 -123 -124 -125 125 -127
leaf_value=-0.019212903243842339 0.017728617395836095 -0.021722852550058729 -0.00983542391479123 0.0060428754097172216 0.0045231099549712305 0.016197077067634454 -0.015612918661295891 0.017371496898746137 -0.029021099802940875 -0.029512615005377409 0.01911732003472465 -0.013698471457303601 0.018377861933330762 -0.0038637270222621222 0.017096151014268403 0.0028932953381747184 -0.026863978149180966 0.022902906477427643 -0.019824905527234812 -0.0080000302324205602 -0.0095228348360109332 0.024301741120507512 -0.0034285988335403471 -0.0081697862352176076 0.022476131547379565 0.01900915187159544 -0.0080539085853596516 0.00024736981827057705 0.0056711504653292541 0.017382394884553891 -0.0039080062280514123 0.014867848562144011 -0.0086270109830961679 -0.0047931794788999881 -0.0061647919828683277 0.028807278819027352 0.020334973690871009 -0.0096917640919731134 0.012276027163945461 -0.0078654191646037683 -0.014283061943521809 -0.015436260825258296 -0.00099362605120898394 0.030103904655063778 0.0048425049872582362 -0.027078122953946231 -0.0045982264920115664 -0.035028626324544829 -0.019586715020674359 0.010144465835936261 0.017378506641838029 0.0048916288569611326 -0.015493701990877795 0.00083722808817189207 0.0062449900621702322 0.01537565937974217 0.011957946983651423 -0.0023291785899274969 0.017466963145550182 -0.0087939406503847236 -0.0075852285068588243 0.010629836568646094 0.017519073221370328 -0.0021281645212173975 0.0043714380045376342 -0.028573394386928921 -0.021482769993689001 -0.020532318309216053 0.0082045289867738042 -0.015162963586926363 0.0050328132155906856 0.019725130482132845 0.019684318843837596 -0.02175273721089524 0.005754520501786162 0.0036547399215577652 -0.0087516993264459535 -0.0025168392027611845 -0.016380046437291657 0.012174386459652081 -0.0034059616012190892 0.033778737339701256 0.034211691923757261 -0.00091058372570892716 0.0090500304525373172 0.010114956094447066 -0.023896803221963393 -0.00057840478936852619 -0.00088699372491161726 -0.0076005523909572822 -0.0059165894888709306 -0.024009561397997033 -0.014135526397683286 0.0079747957036210362 -0.0049731938724160733 -0.027328458114976133 0.028033411970203703 0.020302355034821432 -0.0087750973116702685 -0.00173910465835554 -0.0041773438809620143 -0.0050614891155638291 -0.023888003226925539 -0.0089678143842361405 0.018706832805137168 0.0074670385729284864 -0.0078638149286242454 0.00037479393121529899 0.016453204197655797 -0.021605990246799232 0.007833214441275993 0.00017457852023345662 -0.025843187329928529 -0.020859825573377361 -0.019027738908620976 0.0089548764703754596 -0.0088759023132357236 -0.016345096801719937 0.0012506350220361174 -0.026057922558923308 -0.00026885342200266111 -0.0038446620711267082 0.012198266799063977 0.0099056385975833487 -0.0062697878092206807 0.016759613473655104
leaf_weight=252 942 344 959 427 2995 856 379 1037 256 386 304 1563 389 744 902 619 461 308 2166 1474 1369 330 460 459 424 251 498 332 285 261 3550 640 901 327 283 251 456 1367 409 431 276 507 586 256 1220 251 308 258 1241 890 458 393 825 1174 435 306 282 463 510 664 250 260 1303 292 927 310 400 301 253 262 1533 684 610 363 3331 638 3301 4926 257 2466 3118 254 314 594 832 626 436 1392 726 489 259 252 351 3813 3251 503 446 374 417 1374 270 816 333 251 693 1180 485 357 255 433 379 598 256 253 257 280 282 460 430 514 254 275 1551 420 460 306
leaf_count=252 942 344 959 427 2995 856 379 1037 256 386 304 1563 389 744 902 619 461 308 2166 1474 1369 330 460 459 424 251 498 332 285 261 3550 640 901 327 283 251 456 1367 409 431 276 507 586 256 1220 251 308 258 1241 890 458 393 825 1174 435 306 282 463 510 664 250 260 1303 292 927 310 400 301 253 262 1533 684 610 363 3331 638 3301 4926 257 2466 3118 254 314 594 832 626 436 1392 726 489 259 252 351 3813 3251 503 446 374 417 1374 270 816 333 251 693 1180 485 357 255 433 379 598 256 253 257 280 282 460 430 514 254 275 1551 420 460 306
internal_value=-0.000333371 0.000844939 -0.00216585 0.000738428 -0.00149046 0.00132915 0.00132884 0.00104793 -0.00382444 -0.011263 -0.000656888 0.000723019 -0.00726787 -0.00806452 -0.00292034 -0.00552868 -0.00170601 0.000501133 -0.01129 -0.000851693 -0.000893026 0.00239355 -0.00269323 0.0014825 0.00708265 0.0105276 0.00101127 0.00103394 -0.000299118 0.000183872 0.00275507 0.00210185 0.00275065 0.00330008 -0.0124792 0.0033426 0.00126472 -0.00429367 0.00692805 -0.00741679 0.00493098 -9.74498e-05 -0.00253867 0.0042079 0.00315695 -0.00112621 0.0102231 -0.0056759 -0.00945223 -9.59377e-05 -0.00723307 -0.013668 -0.00521701 -0.00191776 -0.00696972 0.0102583 -0.0140729 -0.0167535 -0.00350776 0.000362525 0.00717547 0.0022782 0.0134386 0.00542502 0.00577212 -0.00838985 -0.0108346 0.000732368 -0.00734041 -0.00107321 0.00848061 0.0131414 0.00953087 -0.0089848 -0.00221406 0.000979595 -0.0043264 -0.00150245 0.00245457 0.00300169 -0.000348512 0.00888562 0.014114 0.00977876 0.00394146 0.0170224 -0.0134375 0.00621606 0.00919083 0.00313311 0.00890057 -0.00436169 -0.000695313 0.00848507 -0.00659357 -0.0183908 0.0140359 0.00707566 0.00306794 -0.00833847 0.0099199 -0.0054667 -0.0105682 0.00711583 0.0111314 0.00306315 0.00400957 0.0129747 -0.00529614 -0.0104339 -0.00473228 -0.00475089 -0.0107041 -0.00607565 0.00230168 -0.00437767 0.00680085 -0.00543447 0.0120026 -0.0190401 -0.0121711 -0.0150061 0.0147761 0.0192989 -0.00416029 0.00289514
internal_weight=96886 58958 37928 13779 10232 7261 55363 54064 24149 2611 6405 52278 1952 2225 21538 9518 5726 5265 3792 12020 4957 3588 9410 3916 2063 1786 749 50326 28350 27268 21976 20778 13177 12798 1082 17228 10914 4334 6314 3570 6580 2893 1358 11897 2386 1746 764 5494 3273 2221 3015 1634 3410 2585 1331 2667 3173 2629 2636 1381 3547 1994 1553 1742 2610 2971 2544 860 554 544 1863 976 4956 949 14091 5603 8488 5187 9230 8973 4389 3687 1788 1474 1899 880 896 4584 3192 1269 717 766 1278 4705 3595 934 1198 1623 1249 2234 780 1787 1149 1271 1020 1639 3816 1299 1969 1177 1853 2281 1107 851 792 537 4095 1834 1332 797 506 526 1807 866 1725 766
internal_count=96886 58958 37928 13779 10232 7261 55363 54064 24149 2611 6405 52278 1952 2225 21538 9518 5726 5265 3792 12020 4957 3588 9410 3916 2063 1786 749 50326 28350 27268 21976 20778 13177 12798 1082 17228 10914 4334 6314 3570 6580 2893 1358 11897 2386 1746 764 5494 3273 2221 3015 1634 3410 2585 1331 2667 3173 2629 2636 1381 3547 1994 1553 1742 2610 2971 2544 860 554 544 1863 976 4956 949 14091 5603 8488 5187 9230 8973 4389 3687 1788 1474 1899 880 896 4584 3192 1269 717 766 1278 4705 3595 934 1198 1623 1249 2234 780 1787 1149 1271 1020 1639 3816 1299 1969 1177 1853 2281 1107 851 792 537 4095 1834 1332 797 506 526 1807 866 1725 766
is_linear=0
shrinkage=0.0667171


Tree=9
num_leaves=127
num_cat=0
split_feature=11 153 20 18 80 80 153 97 99 18 81 17 4 33 21 4 33 149 0 21 95 19 17 33 104 153 80 11 97 19 97 19 19 99 1 18 17 18 10 5 17 151 97 0 18 10 20 99 95 19 20 182 24 11 13 105 97 21 20 97 20 105 99 19 17 82 18 21 20 82 105 19 19 18 99 11 74 97 18 1 18 4 99 200 17 21 95 99 97 95 18 69 18 21 19 16 20 11 18 95 0 5 19 102 0 18 4 153 200 5 14 17 21 24 19 19 17 19 5 16 99 18 24 17 11 4
split_gain=43.3405 46.9917 39.0364 38.8289 37.4636 34.8149 32.7485 80.0656 37.3881 35.732 37.2743 38.153 32.1255 34.0201 31.3415 33.5857 29.2752 28.4493 28.1509 27.1856 29.9341 27.7535 26.8649 41.3697 26.8256 26.1523 25.8808 25.4997 30.7429 43.186 29.7647 46.3938 38.3635 34.6528 30.6321 38.4673 29.5315 29.5146 28.5946 41.9059 28.4035 26.6716 26.415 25.0755 32.2075 25.0258 24.7382 23.9072 36.0473 23.844 23.7767 23.6418 23.4997 23.0225 24.0739 42.7868 24.8496 25.2419 22.3957 29.1901 32.2341 31.5257 22.2 25.5295 21.8534 33.6502 26.5204 21.5958 35.5337 23.6194 21.3877 21.3499 35.5124 27.798 21.3028 21.0907 21.3897 20.9698 20.7445 38.4925 33.712 23.9544 22.6936 20.431 20.1859 22.1599 20.0388 22.4527 20.6066 19.9258 22.1733 19.6256 22.9066 37.3348 22.5566 33.3731 19.4823 19.3181 19.0872 22.1786 19.0468 18.6218 30.7221 18.5754 18.2851 17.502 17.2102 16.9535 16.7905 16.599 20.9267 19.4705 16.578 16.2507 17.2644 37.4555 16.2288 16.6712 20.1097 16.1238 16.1158 16.0693 15.9352 25.8422 16.7094 15.8265
threshold=-0.061152836307883256 0.51663944125175487 0.45837846398353582 -0.28176027536392206 -0.084548834711313234 -0.19244085997343061 -0.13318231701850888 0.095585417002439513 0.049861965700984008 -0.14361403882503507 0.087484743446111693 -0.2006902992725372 0.21648090332746509 -0.27447338402271265 0.28388254344463354 -0.33341428637504572 -0.47984249889850611 -1.2031362056732176 0.38210226595401769 0.6323034167289735 -0.13491704314947126 0.14869761466979983 -0.30459481477737421 -0.20428802073001859 -1.2506989836692808 -1.3470080494880674 -0.081340983510017381 -0.33722001314163202 0.16287374496459964 0.021033186465501789 0.014801548793911936 -0.048940237611532204 -0.12042235583066939 0.13285353034734729 0.29971592128276831 0.036828249692916877 -0.39113396406173701 -0.11357893049716948 -0.061761943623423569 1.0000000180025095e-35 0.13288272172212603 -0.46667388081550593 0.11448131501674653 0.35937500000000006 -0.43540009856224055 0.23849597573280337 -0.0048891990445554248 1.0124221444129946 0.035373127087950713 0.2443867772817612 -0.050393983721733086 -0.39895504713058466 0.5411062240600587 0.47714054584503179 -0.0051595182158052913 -0.0030279032653197642 -0.24672458320856092 0.13214029371738437 0.023706069216132167 0.18255993723869327 0.00097655481658875953 0.19808669388294223 0.12347288057208063 0.081120450049638762 0.1209462881088257 0.18432910740375522 0.13716869056224826 -0.094952691346406923 -0.18270686268806455 0.063655890524387373 0.0069927680306136617 0.21089855581521991 0.2718187421560288 -0.89468982815742482 -0.1355883181095123 0.19665887206792834 0.10505789518356325 -0.19268425554037091 0.12257515639066698 -0.12926135957241056 0.02152569126337767 -0.077174432575702653 -0.072842482477426515 0.10505387559533121 -0.13795211166143415 0.035566069185733802 0.0550023801624775 0.10793498158454896 -0.18465829640626905 0.021556873805820945 0.015367750544101002 0.018259627744555477 -0.028389157727360722 0.050574224442243583 -0.16491636633872983 -0.23886470496654508 -0.086443707346916185 0.090913869440555586 -0.042091308161616318 0.16363686323165896 -0.34801135957241053 -1.0000000180025095e-35 0.29680888354778295 -0.030959259718656536 -0.10369317978620528 0.13716869056224826 -0.16428215801715848 -0.074701301753520952 -0.66748821735382069 1.0000000180025095e-35 0.065483633428812041 0.14967282861471179 0.09135726094245912 -0.17323227971792218 0.12272351235151292 0.021033186465501789 0.55838787555694591 -0.10198199376463889 -1.0000000180025095e-35 0.017570990137755874 0.45546452701091772 0.055483173578977592 -0.025411616079509255 -0.22229813039302823 -0.14642826467752454 0.11699771881103517
decision_type=2 2 2 2 2 2 2 2 2 2 2 2 2 2 2 2 2 2 2 2 2 2 2 2 2 2 2 2 2 2 2 2 2 2 2 2 2 2 2 2 2 2 2 2 2 2 2 2 2 2 2 2 2 2 2 2 2 2 2 2 2 2 2 2 2 2 2 2 2 2 2 2 2 2 2 2 2 2 2 2 2 2 2 2 2 2 2 2 2 2 2 2 2 2 2 2 2 2 2 2 2 2 2 2 2 2 2 2 2 2 2 2 2 2 2 2 2 2 2 2 2 2 2 2 2 2
left_child=3 2 6 4 -1 -5 7 8 -2 14 11 12 13 45 15 86 25 -18 53 20 -4 -21 -17 70 -19 -7 -3 36 29 30 31 37 33 -32 122 -36 -26 40 -33 46 -29 51 49 44 84 -11 -40 48 52 74 -14 -38 71 54 78 75 57 -57 59 60 61 77 63 -16 65 -28 -66 68 104 -70 -24 -6 -73 -74 -31 76 89 -46 80 -80 81 -13 -81 103 -25 -86 87 88 -8 90 -56 92 98 94 -94 -96 97 -79 99 -39 -75 -53 -103 -12 -30 -97 -44 -61 -43 111 -111 -93 -89 -90 115 -115 117 -20 -119 -98 -71 -105 123 124 -34 -76
right_child=1 26 19 5 47 16 9 -9 -10 10 83 18 50 -15 62 22 17 24 116 21 -22 -23 23 43 27 -27 64 28 67 42 32 38 34 -35 35 -37 41 91 39 -41 -42 108 106 -45 58 -47 -48 -49 -50 -51 -52 101 -54 -55 55 56 -58 -59 -60 107 -62 -63 -64 -65 66 -67 -68 -69 69 120 -72 72 73 100 125 -77 -78 96 79 82 -82 -83 -84 -85 85 -87 -88 112 113 -91 -92 109 93 -95 95 105 119 -99 -100 -101 -102 102 -104 121 -106 -107 -108 -109 -110 110 -112 -113 -114 114 -116 -117 -118 118 -120 -121 -122 -123 -124 -125 -126 -127
leaf_value=-0.016049160349268166 0.0019656661429072846 -0.022272096962195256 0.0033360950212914095 -0.015233281561532482 0.023051138953490743 0.0030437254398147356 -0.01196573555692316 0.012831470302447859 -0.02518950267323445 0.010484001854079873 0.012845408980517874 -0.009860418848696333 0.014057512268382585 -0.0162554116876353 -0.003289101187739119 -0.014170232266432974 0.019555710152851975 -0.022595724983479001 0.0048110566876020952 0.011859036682278072 0.025936680555489387 -0.013563988574008277 0.027136802258673036 -0.00054229633869862508 0.018482457763895368 -0.020628106280126429 -0.004925340697368219 -0.0034481135466194876 -0.0047426400600325616 0.020269818244878515 -0.024282096309159278 -0.025326575117836942 0.027913782819768602 0.0073167844589589479 -0.017269906204769921 0.013577453323150135 -0.021031394973439605 -0.0090594032465853187 -0.010227122605208644 -0.026087048502969123 0.025037258862260103 -0.014527928014713013 -0.020929490096418233 -0.0117226001263286 -0.0085847068114639578 -0.014678924003269509 0.014600733768450048 -0.0070714816747376374 0.019260378777158572 0.025662114691646771 -0.0061630170616255803 -0.017464488536897901 -0.014459439692353001 -0.011904945656966299 0.020900751694252647 0.0260541865770701 0.0008711466421183877 0.0038295416447911828 -0.008404115377323506 0.0035325990180567935 0.020852955263619757 -0.013465115667654081 -0.00057237069332899783 -0.02297557384428139 -0.023866713980976222 0.017336516950908827 0.0015754288761680446 -0.013340547572454833 0.0075749469430704238 0.00075167561409095012 0.0071142922981887674 -0.013012314396995612 -0.0076396115361245147 0.0031214035113019747 0.0064646945167985588 0.018621363766422025 0.01191830200925436 0.0099730999641280352 -0.017612102584240851 0.022379585734701841 -0.013210778965011079 0.0079925839290361945 0.0029127379031901692 0.00010368399706487553 0.035062536267764587 0.0093935014936013632 -0.018659944714167053 -0.0059655850909997761 -0.010749512921214083 -0.012890342694927216 -0.0022973204160491 -0.0035543786435735503 0.0076798297373043634 -0.023165264613263944 0.013905247573961891 -0.0098132012482368552 0.027102323594013818 -0.014331996010891778 -0.015634309433050577 0.013353308764731809 0.025010983449840429 -0.0047338285077076154 0.018576427061568951 0.00046644767996340946 -0.024240712086466738 0.0036417085870610617 0.0011128005162154243 -0.016374384882304131 0.0027983996618337185 -0.012108599760288198 0.0036893967887049561 -0.020288233431857351 -0.023867105730419957 0.014208415132583266 0.020074828984951755 -0.016658951754067248 -0.021482901945546223 0.0010344067772350373 -0.020655470777276176 0.0087827243446884085 -0.020277649282919977 0.0080972731980148982 0.022300527147008996 -0.0098027049660644773 0.0048069452711554522 -0.0062868439832305684
leaf_weight=360 504 422 422 963 286 289 468 2719 401 466 1837 524 491 1568 475 469 266 282 541 450 692 327 384 319 402 701 1745 305 409 365 382 713 255 253 413 313 393 595 376 373 309 255 251 690 359 278 334 494 970 288 538 326 273 522 280 354 13112 638 1196 295 487 465 685 778 477 362 288 2002 1067 359 632 424 288 291 1527 903 1557 339 291 394 1354 910 825 2563 254 371 525 650 254 365 512 491 1760 279 465 1446 326 250 870 289 460 1230 313 2077 457 605 406 514 6611 719 765 856 360 439 347 286 291 352 401 639 287 3034 513 264 311 599
leaf_count=360 504 422 422 963 286 289 468 2719 401 466 1837 524 491 1568 475 469 266 282 541 450 692 327 384 319 402 701 1745 305 409 365 382 713 255 253 413 313 393 595 376 373 309 255 251 690 359 278 334 494 970 288 538 326 273 522 280 354 13112 638 1196 295 487 465 685 778 477 362 288 2002 1067 359 632 424 288 291 1527 903 1557 339 291 394 1354 910 825 2563 254 371 525 650 254 365 512 491 1760 279 465 1446 326 250 870 289 460 1230 313 2077 457 605 406 514 6611 719 765 856 360 439 347 286 291 352 401 639 287 3034 513 264 311 599
internal_value=-0.000275068 0.000856971 0.00131505 -0.00202799 0.00432276 -0.00274136 0.000983455 0.00710654 -0.0100316 0.00054078 0.00160665 0.00035889 -0.00631808 -0.0106846 -0.00242975 -0.00108392 -0.00237866 -0.00203131 0.00128536 0.0107306 0.0174069 0.0011198 0.00125857 0.00222958 -0.0022127 -0.0136675 -0.00688079 -0.00202944 -0.00326547 -0.0020014 -0.00362099 -0.00509702 0.00266853 -0.0116173 0.0070811 -0.00390354 0.000855493 -0.00327757 -0.0149474 -0.00806909 0.0108307 7.17015e-05 0.00470546 0.000267946 0.0017003 0.00100445 0.00139933 0.00644796 0.00869767 0.00755625 0.00344964 -0.00620309 0.00360407 0.00189099 0.00222083 0.00330794 0.00164474 0.0118119 -0.000479692 0.00209362 0.00526069 0.00204076 -0.0102649 -0.0155413 -0.00459748 -0.00107187 -0.0142367 -0.00813722 -0.00408226 0.00146806 0.01473 0.00645638 0.00316624 0.00981389 0.00543299 0.00978043 0.00681995 0.00583774 -0.00225245 0.00402557 -0.00566753 0.00143462 0.00924905 0.00520595 0.0129603 0.0199217 -0.00671256 -0.00445532 5.63313e-06 -1.84637e-05 0.00588223 -0.0042315 -0.00215324 0.000334656 0.00188753 -0.00215287 0.00920461 -0.000285083 -0.00862551 -0.00168553 0.0165761 -0.00305296 -1.97731e-06 0.00708393 -0.0150756 -0.00582377 -0.00726999 -0.0090593 0.002145 -0.0088478 -0.00394951 -0.0142144 -0.012397 0.00427208 0.00788502 0.00197776 -0.00729591 -0.00406107 -0.0104761 0.0150318 -0.0085479 0.00500375 0.0130492 0.00727041 0.0153023 0.00285337
internal_weight=97191 59043 55749 38148 3846 34302 53858 3624 905 50234 36978 27467 3341 2312 13256 11318 33339 32349 24126 1891 1114 777 7989 7520 32083 990 3294 31801 22271 17690 14254 11550 2704 635 2069 726 9530 9754 1796 1083 614 9128 3436 6504 5814 744 710 3486 2992 2779 1029 2262 2022 22541 22019 17721 14104 992 4870 3674 2865 2378 1938 1253 2872 2107 765 4581 2579 1713 1016 1749 1463 1039 2491 3617 2714 1913 4298 1510 2788 1434 1219 9511 944 625 3329 2804 1794 1157 792 9140 6309 4555 4276 2516 1554 589 1754 884 751 1869 1543 6948 866 2051 657 809 6866 2831 1484 1347 1010 1326 1072 725 1585 1294 753 965 646 5111 1343 830 566 2126
internal_count=97191 59043 55749 38148 3846 34302 53858 3624 905 50234 36978 27467 3341 2312 13256 11318 33339 32349 24126 1891 1114 777 7989 7520 32083 990 3294 31801 22271 17690 14254 11550 2704 635 2069 726 9530 9754 1796 1083 614 9128 3436 6504 5814 744 710 3486 2992 2779 1029 2262 2022 22541 22019 17721 14104 992 4870 3674 2865 2378 1938 1253 2872 2107 765 4581 2579 1713 1016 1749 1463 1039 2491 3617 2714 1913 4298 1510 2788 1434 1219 9511 944 625 3329 2804 1794 1157 792 9140 6309 4555 4276 2516 1554 589 1754 884 751 1869 1543 6948 866 2051 657 809 6866 2831 1484 1347 1010 1326 1072 725 1585 1294 753 965 646 5111 1343 830 566 2126
is_linear=0
shrinkage=0.0667171


Tree=10
num_leaves=127
num_cat=0
split_feature=11 152 92 73 73 96 21 153 79 97 200 11 62 21 73 61 95 92 201 17 3 153 17 12 12 17 97 183 92 84 21 153 105 80 62 62 153 92 31 81 96 17 73 1 3 12 12 5 17 21 153 95 24 201 183 12 74 73 73 11 11 11 92 2 95 73 74 15 73 16 1 74 5 21 105 153 99 85 24 99 171 21 17 11 16 2 73 21 11 11 17 15 15 99 12 24 17 17 5 92 16 24 17 92 17 97 99 73 12 153 21 104 199 99 61 102 95 95 5 36 73 104 17 17 96 73
split_gain=41.2794 43.2334 38.0993 31.645 29.3248 27.1068 27.9236 36.1785 26.0502 24.7149 23.103 21.6631 62.1566 22.9895 21.9007 31.3101 21.4714 20.613 19.9862 19.5154 52.2361 21.0816 19.0376 19.4268 19.5207 28.5432 28.2452 18.7677 18.6968 18.5725 18.0243 21.1432 17.8104 17.4944 20.2696 17.4025 16.9915 18.4261 16.4619 16.9622 32.9962 18.0924 23.2382 26.2063 22.4575 32.5122 28.4606 33.2412 35.1553 26.2962 25.2388 23.1346 21.754 21.3668 19.5089 25.0875 24.44 19.3788 25.2499 18.9677 20.0765 18.973 18.7894 16.7961 16.6893 17.7315 16.4998 18.1385 16.9652 16.4036 18.8567 22.91 19.3852 22.4679 16.5033 16.3789 16.1424 15.9023 15.8345 15.7446 15.6547 15.3439 21.3939 19.1666 23.5762 15.2516 15.1953 30.7648 31.6317 22.3784 27.5714 28.064 22.1076 19.9001 32.9195 25.4802 31.6025 32.1622 22.5224 20.3979 18.4567 28.5026 18.2208 17.6393 16.3267 16.3444 16.1907 34.1301 20.3877 16.446 16.3265 16.0587 14.903 14.706 14.5838 14.5565 14.4718 32.2086 14.4682 14.4172 14.2089 14.9968 14.1621 31.2409 26.9567 35.0029
threshold=-0.063611030578613267 0.46334625780582434 -0.19510205090045926 0.56328272819519054 -0.55675289034843434 -0.11097718775272368 -0.8120717704296111 -1.3470080494880674 -0.033595558255910866 0.841972976922989 1.20230108499527 0.50153034925460827 0.44952681660652166 0.46411092579364782 0.59734442830085765 -0.012010113801807163 -0.024401298724114891 0.088360607624053969 -0.70569306612014759 -0.020924714393913742 -0.30716200172901148 0.081744063645601286 0.020762925036251548 0.012295363470911981 -0.15626215934753415 0.5527791976928712 -0.16144078224897382 0.013789623044431211 0.31814607977867132 -0.039378430694341653 0.24600651860237124 0.18338246643543246 0.019886758178472522 -0.074987951666116701 0.037329128012061126 0.26445846259593969 -0.048651132732629769 0.52278831601142894 -0.17835647612810132 -0.14000722765922544 -0.28851516544818873 0.57140287756919872 -0.097218062728643403 -0.1576704531908035 -0.43606831133365626 0.032913567498326309 0.051230682060122497 -1.0000000180025095e-35 0.4897174090147019 0.33018271625041967 -0.014982178341597317 -0.040324814617633813 -0.26797747611999506 -0.24293782562017438 0.071204941719770445 -0.038345735520124428 0.13422682136297229 -0.086131509393453584 0.057771645486354835 0.14905069768428805 0.05184354446828366 0.25387962162494665 0.037130132317543037 0.21164772659540179 -0.17115497589111325 0.2790226042270661 0.03762986138463021 0.24616153538227084 0.007253834744915367 0.2433024272322655 0.30823864042758947 -0.2940517365932464 0.37500000000000006 -0.002880913438275456 -0.14846791326999662 0.0021777834044769411 0.064401935786008849 -0.14654497057199475 -0.14975199103355405 0.46665278077125555 0.0629766881465912 -0.24110603332519528 0.48694901168346411 -0.21670207381248471 -0.39139971137046808 0.29687500000000006 -0.018021970987319943 -0.22577162086963651 -0.2820525169372558 -0.12020688503980635 -0.32512404024600977 -1.0000000180025095e-35 -0.17999231070280072 -0.062675245106220231 0.29594162106513983 0.43721607327461248 -0.045300927013158791 -0.075142014771699892 -1.0000000180025095e-35 0.049462545663118369 -0.73482072353363026 -0.31486010551452631 0.14967282861471179 0.068077340722084059 0.47335873544216162 -0.020039581693708893 0.11352132633328439 -0.55675289034843434 0.30926159024238592 -0.32928867638111109 -0.29950407147407526 -0.39303092658519739 0.3256587833166123 0.27644868195056921 0.097977247089147582 -0.012882608454674481 0.11566861718893053 -0.037602951750159257 -0.37499999999999994 -0.26408450305461878 -0.29097691178321833 -0.094864621758460985 0.34263321757316595 0.23606816679239276 -0.11833175644278525 0.0013769744546152653
decision_type=2 2 2 2 2 2 2 2 2 2 2 2 2 2 2 2 2 2 2 2 2 2 2 2 2 2 2 2 2 2 2 2 2 2 2 2 2 2 2 2 2 2 2 2 2 2 2 2 2 2 2 2 2 2 2 2 2 2 2 2 2 2 2 2 2 2 2 2 2 2 2 2 2 2 2 2 2 2 2 2 2 2 2 2 2 2 2 2 2 2 2 2 2 2 2 2 2 2 2 2 2 2 2 2 2 2 2 2 2 2 2 2 2 2 2 2 2 2 2 2 2 2 2 2 2 2
left_child=2 4 19 5 36 22 7 -7 33 10 18 13 -13 38 15 27 -10 -17 35 21 -21 75 -4 24 25 29 -26 -15 -11 -24 31 69 -22 -3 -35 -8 37 -2 -6 -40 -41 42 43 62 45 54 112 48 50 51 -48 -47 -49 78 56 85 -44 -43 -59 60 63 -61 -42 -60 -54 66 67 68 -66 70 86 -72 73 81 -74 116 -68 -25 -45 -9 -33 83 -83 84 -73 -56 89 88 102 90 91 -20 -89 94 99 96 97 100 -98 -92 -95 -102 -88 -104 -94 -106 110 -108 109 -109 -103 -100 122 -111 -71 -31 117 118 -1 -52 -113 -122 123 -46 125 -125
right_child=1 8 3 -5 11 6 9 79 16 28 -12 12 -14 14 -16 17 -18 -19 30 20 32 -23 23 77 26 -27 -28 -29 -30 115 -32 80 -34 34 -36 -37 -38 -39 39 40 41 57 44 53 46 49 47 52 -50 -51 119 -53 64 -55 55 -57 -58 58 59 61 -62 -63 -64 -65 65 -67 76 -69 -70 114 71 72 74 -75 -76 -77 -78 -79 -80 -81 -82 82 -84 -85 -86 -87 87 92 -90 -91 93 -93 104 95 -96 -97 98 -99 111 -101 101 106 103 -105 105 -107 107 108 -110 113 -112 120 -114 -115 -116 -117 -118 -119 -120 -121 121 -123 -124 124 -126 -127
leaf_value=-0.0042060500669835457 0.019921067390393576 -0.024256410447085916 -0.0135082369428493 -0.016113463898681606 -0.0023519987985700422 0.0060720914346664616 0.00071778620859723756 -0.0059489460104986975 0.0079659054238368082 0.025725870430626841 -0.020015111336870981 -0.012179520063338079 0.016409458960356803 -0.016425960509206274 0.025651392198636148 0.01976077246009586 -0.0076776512195965612 -0.00014249883701557186 0.0044011569120048924 -0.018146244359361349 0.01265174760288555 0.0056588520238742696 -0.019661569665858119 0.0033949487545731506 0.015608204242924905 0.010131055572989553 -0.0020682930338346579 0.0072514130137637514 0.0010587884342240417 0.0049310114551128215 0.01251670384124483 -0.0026084561617236643 -0.0077423019139445893 0.0057341906166229516 -0.011068689404532893 -0.016777649415846672 -0.0042179926136055859 -0.00037652949841215856 -0.001719338462683735 0.023962100254895091 0.0055561363122343223 -0.015213728476275737 -0.014909682124541669 0.010626219803602677 0.0027213139061581502 -0.0055113712681067626 -0.012945955348671025 0.010208196751360555 -0.020049368313959211 -0.0077943066060447447 -0.0042594633047869394 0.015720019457242392 -0.023964489154022734 0.0127619633991886 0.022255233143116438 -0.0073962823327305468 0.0020730678001619689 0.0047319149566346745 0.0028936202075913304 0.015676612676981214 -0.020073572085341357 -0.0072609607171354616 -0.015504168355766033 -0.017760035995918688 0.007677501005837313 -0.023549653397282419 0.0035298734847772962 -0.024376302848153546 -0.014885597573278456 -0.021814776929712291 0.015715801907324148 0.0015129109283938604 0.00034375718753775852 -0.0093847608410595976 -0.017284350309030076 -0.025123376109747377 -0.015403217254034906 -0.015287562349903349 -0.0079059201264185652 -0.022937950131909867 -0.021297128527395164 0.0079644265516073589 -0.0077315921113495388 0.0085216529976605976 -0.022262081943236551 0.0017962269082190375 -0.012708656272570102 0.0084404388178969877 -0.027279850638580752 0.015148576193760234 0.0073211469333395243 0.029291316308026897 -0.0035444450006934512 0.016924770439545603 -0.0073770539937021143 -0.0080778607806793658 0.022123411387021348 -0.017583416959246423 0.019476143316069099 0.025345800447050461 -0.016763033056468205 -0.018485203900146331 0.013239889004474811 -0.0059645807759151634 -0.00071143813266890028 0.019920833038249618 0.027231959251558475 -0.0045355829017145501 -0.01332600247813614 0.021537000902141824 0.0017837342636967438 0.010717707386277231 -0.0070993590311192291 0.002371126794580721 0.00025621192652919094 -0.015454961973961383 -0.01957438283497592 0.0068164670031477742 -0.025333936788186764 0.011959158283376271 0.0086190531877358909 -0.011125126829873835 0.0059938766292755548 0.00033705692642087694 0.0065651911191330226 -0.019731115753171241
leaf_weight=251 794 340 1021 627 5669 476 451 413 849 294 250 1524 431 351 281 649 717 352 506 580 703 261 587 258 605 361 1179 252 257 385 551 506 256 388 1695 560 252 259 6379 299 404 454 590 367 12392 252 267 259 261 290 292 2046 328 2468 443 331 1026 1934 551 300 560 336 346 252 255 283 929 350 342 266 295 344 348 1142 702 480 252 871 457 608 331 1773 489 312 391 259 595 1726 307 712 765 336 2423 289 431 1337 449 477 277 445 416 290 376 480 393 294 270 431 318 353 437 473 760 364 256 256 573 461 348 1341 262 475 3868 704 548 844
leaf_count=251 794 340 1021 627 5669 476 451 413 849 294 250 1524 431 351 281 649 717 352 506 580 703 261 587 258 605 361 1179 252 257 385 551 506 256 388 1695 560 252 259 6379 299 404 454 590 367 12392 252 267 259 261 290 292 2046 328 2468 443 331 1026 1934 551 300 560 336 346 252 255 283 929 350 342 266 295 344 348 1142 702 480 252 871 457 608 331 1773 489 312 391 259 595 1726 307 712 765 336 2423 289 431 1337 449 477 277 445 416 290 376 480 393 294 270 431 318 353 437 473 760 364 256 256 573 461 348 1341 262 475 3868 704 548 844
internal_value=-0.000295742 0.000800162 -0.00202004 -0.00129873 0.00128346 -0.00101729 -0.000165655 -0.00901934 -0.00590411 0.000339205 3.75679e-05 0.00104439 -0.0058419 0.00130332 0.00853321 0.00549246 0.000776682 0.0127236 0.000237762 -0.00825213 -0.00237604 -0.0120478 -0.0052843 -0.00340827 -0.000860992 -0.00624045 0.00391451 -0.00645488 0.0142795 -0.0110993 0.000619885 0.000342695 0.0071503 -0.0102377 -0.00791739 -0.00893755 0.0111567 0.0148888 0.00103132 0.00146204 0.00199374 0.00181842 0.00234568 0.00709066 0.0016943 0.00565649 0.000837742 -0.00355596 0.00273581 0.0109723 0.00590758 0.0133673 -0.0081036 0.00965762 0.000449383 0.00760809 -0.00411313 -0.00220551 -0.000689393 -0.00595012 -0.0103922 0.00350273 -0.00411181 -0.0035813 -0.00985875 -0.00791073 -0.00579598 -0.0123442 -0.0052028 0.000722887 0.000995722 -0.00227955 -0.00325753 -0.00132479 -0.011403 -0.0142618 -0.000506971 -0.010974 0.000324922 -0.0161032 -0.0100508 0.00145134 0.00454894 -0.0052006 -0.011095 0.0147522 0.0021342 -0.000352497 -0.00790822 0.00375896 0.00289004 0.0143926 0.00238904 0.00175141 0.0083501 0.000179275 0.0021655 -0.00148443 0.00905065 0.0139952 0.000937905 -0.000665807 -0.00376232 0.00243436 -0.000960597 0.00808008 0.00205105 0.00555993 0.00151723 0.00567325 -0.00626703 0.00506489 0.00202552 0.0118651 -0.0109281 -0.00319109 -0.0110295 -0.00635557 -0.0165392 0.00902939 0.00170989 -0.00404298 0.00240612 0.00144539 -0.00607699 -0.0105857
internal_weight=97207 59422 37785 33872 55433 33245 27722 1497 3989 26225 25674 54128 1955 52173 1885 1604 1566 1001 25424 3913 1539 2374 5523 4502 3373 1589 1784 603 551 1228 24413 23862 959 2423 2083 1011 1305 1053 50288 44619 38240 37941 33554 4042 29512 5237 24275 5159 2161 2588 1900 2298 2998 3292 2649 1033 1616 4387 3933 1999 1363 636 750 803 2739 2411 2128 947 597 23025 22503 5796 5501 4451 1050 2113 1181 1129 824 1021 837 3309 2262 1047 735 702 16707 6594 1758 10113 9401 842 4836 8559 1641 6918 5581 3645 1936 1210 3168 2879 1451 856 3110 687 2463 1736 1466 1148 727 1487 19116 717 522 641 1633 1060 599 1633 1210 737 18356 14488 2096 1548
internal_count=97207 59422 37785 33872 55433 33245 27722 1497 3989 26225 25674 54128 1955 52173 1885 1604 1566 1001 25424 3913 1539 2374 5523 4502 3373 1589 1784 603 551 1228 24413 23862 959 2423 2083 1011 1305 1053 50288 44619 38240 37941 33554 4042 29512 5237 24275 5159 2161 2588 1900 2298 2998 3292 2649 1033 1616 4387 3933 1999 1363 636 750 803 2739 2411 2128 947 597 23025 22503 5796 5501 4451 1050 2113 1181 1129 824 1021 837 3309 2262 1047 735 702 16707 6594 1758 10113 9401 842 4836 8559 1641 6918 5581 3645 1936 1210 3168 2879 1451 856 3110 687 2463 1736 1466 1148 727 1487 19116 717 522 641 1633 1060 599 1633 1210 737 18356 14488 2096 1548
is_linear=0
shrinkage=0.0667171


Tree=11
num_leaves=127
num_cat=0
split_feature=11 92 69 20 21 73 73 4 20 19 20 73 96 17 5 20 20 99 36 14 19 21 73 19 11 19 20 15 19 95 15 73 20 21 1 92 96 73 19 10 14 5 165 11 62 31 165 21 99 79 201 95 95 95 95 4 73 95 165 95 81 96 151 20 95 97 5 74 16 5 95 13 95 19 96 180 20 24 17 92 17 20 21 21 73 15 36 17 11 17 13 73 5 10 97 92 105 21 17 16 10 5 4 11 15 171 95 19 24 19 15 201 21 99 171 9 20 20 62 151 21 148 20 95 20 0
split_gain=35.5018 33.5572 28.985 33.7562 30.4582 28.7981 26.747 29.8481 35.5512 56.5987 38.9636 36.2088 30.5672 29.441 26.506 25.6155 32.5298 32.4503 31.7129 25.2239 23.8026 23.2749 27.0469 34.344 36.1975 31.8101 23.7953 24.4591 23.1277 23.109 22.2658 30.1572 27.6232 37.2504 22.1249 21.527 34.4867 24.9464 23.0599 28.0139 22.4469 21.4828 24.8429 20.7744 60.8522 22.4938 20.5841 23.9699 19.8088 19.6012 19.5803 19.5423 33.8659 19.3776 31.7948 23.2951 19.1813 25.8562 18.495 18.4336 18.0843 25.1144 17.8257 25.6349 17.7811 17.667 17.6237 17.1769 16.7221 22.5115 25.9467 18.7369 17.7309 16.1423 15.954 15.9395 15.7353 15.5845 21.9817 15.5145 15.1378 33.8586 31.8817 32.3362 32.9641 31.4736 29.2367 24.8806 21.2666 23.7297 25.563 20.249 18.6944 39.1375 38.0159 24.7145 23.1796 23.7757 21.4651 19.6625 18.4394 18.2585 16.4167 24.1626 20.6932 18.1129 15.6812 15.6789 15.4734 15.3178 15.1093 15.1069 15.0333 23.5662 28.6263 14.9707 14.925 18.563 24.2782 14.6922 14.495 14.2898 19.7891 14.1795 14.116 13.9426
threshold=-0.063611030578613267 -0.19736514240503308 0.41063177585601812 0.45837846398353582 0.50897553563117992 -0.55675289034843434 0.38617484271526342 0.16384139657020572 -0.47429855167865748 0.034564195200800903 0.030231527052819732 0.03445911034941674 0.84124502539634716 -0.39113396406173701 0.37500000000000006 -0.059773227199912064 -0.052809493616223328 -0.045960595831274979 -0.20070422440767285 0.30209077894687658 -0.13356126099824903 -0.070469819009304033 -0.073655340820550905 -0.15383142232894895 -0.21670207381248471 -0.13356126099824903 0.43644711375236517 0.036930769681930549 -0.17928870022296903 0.021556873805820945 -0.10000769421458243 -0.10641179233789443 -0.016080337576568123 -0.18531484901905057 -0.14062499999999997 -0.030052167363464829 -0.072091620415449129 -0.55675289034843434 0.10660557076334955 0.28833788633346563 0.40774554014205938 1.0000000180025095e-35 0.19059015810489657 0.47714054584503179 0.49894846975803381 -0.17288740724325177 0.012653159443289043 0.015011419076472523 0.019731611013412479 -0.056703524664044373 0.055043505504727371 -0.048429856076836579 0.1824920475482941 0.10912850871682168 -0.032418219372630112 -0.40606333315372461 0.46622478961944586 0.2559915035963059 0.040787491947412498 -0.027144393883645531 -0.19134882837533948 -0.28851516544818873 -0.18031906336545941 -0.33779752254486078 -0.1184239163994789 0.38101977109909063 -1.0000000180025095e-35 -0.1285021975636482 0.03967124596238137 1.0000000180025095e-35 0.063689853996038451 -0.52379548549652089 -0.10216427966952323 0.17205136269330981 -0.0020455890335142608 -0.15949712693691251 0.046948965638875968 -0.0077824438922107211 -0.14697634428739545 0.5757758915424348 0.47799669206142431 -0.39189721643924708 0.24143882095813754 0.11281565949320795 0.050961956381797797 0.015392307657748463 0.50352111458778392 0.42679946124553686 0.063491988927125945 0.44844323396682745 0.31512208282947546 0.0027776409406214957 -0.37499999999999994 -0.24189611524343488 -0.040933972224593156 -0.13994716107845304 0.034486949443817146 -0.022835236974060532 0.41385632753372198 0.16127510368824008 -0.10622239485383032 1.0000000180025095e-35 -0.20237678289413449 0.024122138507664207 0.42466923594474798 0.0013110582949593665 -0.30292756855487818 0.10660557076334955 0.54786324501037609 -0.10198199376463889 -0.18691538274288175 0.019183222204446796 -1.4905448555946348 0.49011375010013586 0.04469385743141175 -0.010047919582575558 0.32820434868335729 0.20784869045019153 0.032071502879261977 0.14405839145183566 0.031650897115468986 0.18238563090562823 0.09572381898760797 0.17082966864109042 -0.052809493616223328 0.029829545877873901
decision_type=2 2 2 2 2 2 2 2 2 2 2 2 2 2 2 2 2 2 2 2 2 2 2 2 2 2 2 2 2 2 2 2 2 2 2 2 2 2 2 2 2 2 2 2 2 2 2 2 2 2 2 2 2 2 2 2 2 2 2 2 2 2 2 2 2 2 2 2 2 2 2 2 2 2 2 2 2 2 2 2 2 2 2 2 2 2 2 2 2 2 2 2 2 2 2 2 2 2 2 2 2 2 2 2 2 2 2 2 2 2 2 2 2 2 2 2 2 2 2 2 2 2 2 2 2 2
left_child=1 28 3 5 -5 125 7 8 112 10 11 15 13 29 21 17 -17 -10 -19 -20 -13 22 23 -9 41 -24 27 50 34 -11 31 -18 -33 -34 -1 36 -15 -37 -38 40 64 42 -25 45 -45 -7 48 -48 -12 -4 67 -6 -53 54 77 -56 60 111 -42 76 -47 -62 63 -21 -40 74 -32 -23 69 70 71 -39 -73 -66 -27 -43 -51 78 -30 80 87 -82 83 84 86 -84 -83 92 -89 120 -91 115 94 95 96 -94 97 -63 116 -97 -86 -102 105 -104 -105 -96 -99 109 -85 -108 -36 -58 -3 114 -114 -88 117 -95 -119 -8 -90 -81 -123 -65 -55 -2
right_child=2 6 49 4 51 43 119 14 9 12 46 20 -14 35 -16 16 30 18 19 62 -22 26 25 24 -26 65 -28 -29 53 -31 66 32 33 -35 110 37 38 68 39 -41 58 75 -44 44 -46 56 47 -49 -50 59 -52 52 -54 124 55 -57 57 -59 -60 -61 61 79 -64 123 73 -67 -68 -69 -70 -71 -72 72 -74 -75 -76 -77 -78 -79 -80 121 81 82 85 108 100 -87 91 88 89 90 -92 -93 93 98 102 99 -98 106 -100 -101 101 -103 103 104 -106 -107 107 -109 -110 -111 -112 -113 113 -115 -116 -117 -118 118 -120 -121 -122 122 -124 -125 -126 -127
leaf_value=-0.010794645221898679 0.0026540860322687479 0.0046324311869557142 -0.0079039039290152852 0.031148413341825547 -0.0045026964339703428 -0.0027847348037087871 -0.0071387744442980901 0.01951128105830488 0.012950041924761582 0.0065270386181604445 -0.0044786703707873883 -0.0085411319679035546 0.027690648997137548 0.01984730434891642 -0.010692440570389693 -0.024753084369204939 0.014629273584958967 0.015598923183785834 -0.019907102065479184 0.010262655216585911 -0.029084007692874711 -0.020108176702179348 -0.017214600459189478 -0.004495590007028598 0.011212933721881318 -0.0065809970163354641 0.010190720439738373 -0.025693811564305259 -0.0065355881605196784 0.033531771533720535 -0.0029625777129003036 0.0079851668143876356 0.0031274790380421309 -0.020271751764397546 0.021584347316899496 0.020864368498538417 -0.016130760161183953 0.018129681669167244 0.010083658074896262 -0.01098827554784618 0.024821845788355716 -0.0273651856505507 0.017200558128277386 -0.011210770355736673 0.017055565669623556 -0.0082585405368522779 0.011293708987037208 -0.0057647627759170993 0.0090545415066979329 -0.0045393999427464976 0.0079952387757277338 0.02592097991617923 -0.0013333795903001492 -0.0096114848578860695 0.020014709040116627 -0.0051133363242236579 0.0032320067731849327 -0.025110103367667058 0.0011097906920987499 -0.0065008328392621023 0.020830037106147607 -0.012903965626648478 0.013650518157267181 -0.00064477205804636237 0.0016760106473645629 -0.01240976971398168 -0.020968473475760356 -0.0056967194418581701 -0.007145521786177781 0.00063040264250595053 0.022832649111346793 0.011770394985848795 -0.0073733730350269448 -0.019566809244847608 0.013955899512834064 -0.0047383357654090224 0.012007738749632707 -0.00024279339591405218 -0.025629396537072292 0.012029700528041603 -0.024558878326715002 -0.014777525669834667 0.0083739331809619903 0.02387791055546707 -0.01525688644139799 -0.014781220419354557 0.012307809631565041 -0.0012836602615787108 0.035384130008542618 0.018035175900551613 -0.0043478329161887458 0.018157658970109267 0.0011956536873990594 0.0023090129157426168 0.017178362254624571 0.030249893027238746 -0.011522994897513761 0.018248243544160402 -0.013958383753513586 0.0081171462886280767 0.0073643996169350029 -0.013560610413392033 0.013826771500311898 -0.0096805302012712927 0.010484981692262299 2.3351730604378124e-05 -0.0034004465544105696 -0.0099558564397586834 0.0067917047599972752 0.01419814348365841 -0.00080035195494782257 -0.011500393655449515 0.012238266013128735 -0.019396660964524064 -0.017656642394565054 -0.0017234970855914003 0.014580005968904814 0.0042883028322236501 -0.020570033311499272 -0.026238311275373315 0.014920377281299926 -0.0098384185818274645 0.012425175055121135 -0.020679899348666667 -0.028364121433667861 0.016862388969566728
leaf_weight=377 539 293 2729 272 449 6214 645 537 851 300 1871 737 265 327 1997 382 461 351 446 304 384 452 692 1051 1039 253 343 318 495 269 458 542 532 689 262 488 485 388 374 731 349 257 299 1740 417 780 1779 456 644 381 370 417 386 328 257 439 872 253 254 869 309 557 269 258 335 296 520 2009 450 1602 601 365 515 294 480 305 750 321 598 1222 263 324 339 286 866 1085 497 632 250 419 485 511 410 20187 707 459 1719 252 369 299 458 307 422 908 297 450 434 446 1359 436 264 475 306 782 261 1035 422 327 365 250 425 393 319 409 410 730
leaf_count=377 539 293 2729 272 449 6214 645 537 851 300 1871 737 265 327 1997 382 461 351 446 304 384 452 692 1051 1039 253 343 318 495 269 458 542 532 689 262 488 485 388 374 731 349 257 299 1740 417 780 1779 456 644 381 370 417 386 328 257 439 872 253 254 869 309 557 269 258 335 296 520 2009 450 1602 601 365 515 294 480 305 750 321 598 1222 263 324 339 286 866 1085 497 632 250 419 485 511 410 20187 707 459 1719 252 369 299 458 307 422 908 297 450 434 446 1359 436 264 475 306 782 261 1035 422 327 365 250 425 393 319 409 410 730
internal_value=-0.000233464 -0.00183499 0.00078092 0.00121394 0.010996 0.000933052 -0.00117251 -0.000863226 0.000521224 0.00127118 -0.0016006 -0.00456676 0.00549854 0.00476473 -0.00376176 -0.00264241 -0.00641017 0.0020229 -0.00253151 -0.00634532 -0.015627 -0.00216572 0.000653507 0.00403546 0.00119812 -0.00617584 -0.00637863 -0.00820321 -0.00782241 0.0193722 -0.00419919 -0.000493384 -0.00447808 -0.0100491 0.00143559 0.00365584 -0.000546399 0.00666409 -0.0029366 -0.000173869 0.00473764 -0.00423406 0.000301567 0.000689912 -0.00571337 0.000967931 0.00313284 0.0077906 -0.000993153 -0.00422723 -0.00621194 0.006561 0.0127868 -0.0107732 -0.00748848 0.00412864 0.00150331 -0.00565435 0.0148875 0.000771477 0.00177691 0.00196796 -0.00142227 -0.00565 -0.00134078 0.00122353 -0.0125744 -0.0083684 0.00488005 0.00645313 0.0114239 0.00597309 0.000544196 -0.00820975 0.00680666 -0.0151644 0.00639543 -0.0132307 -0.0170239 0.00182373 0.00153334 -0.00119545 -0.000314461 0.00193183 -0.00129964 -0.00922832 0.00371589 0.0021659 0.0089903 0.0131297 0.00600953 0.00668206 0.00165216 0.00255791 -0.00146338 0.0144422 -0.0057658 -0.00109055 0.00191458 0.021574 -0.00859689 -0.00101282 0.00446342 0.000125711 -0.00466476 0.0105316 0.00309912 0.000152913 0.00979966 0.00538215 0.0102932 -0.00194998 -0.00891675 -0.0119007 -0.00149499 0.00281845 0.00219259 0.00193923 -0.00877075 -0.0125354 0.0225914 0.00765596 0.000107682 -0.0129771 -0.020088 0.0108523
internal_weight=97244 37721 59523 54794 1524 53270 33970 33075 22377 20735 12343 7593 8392 8127 10698 6472 3584 2888 2037 1686 1121 8701 5209 3488 2951 1721 3492 3149 3751 569 3202 2224 1763 1221 903 7558 3149 4409 2822 2337 1606 1912 1350 52001 2157 49844 4750 2235 2515 4729 2831 1252 803 2848 2110 696 43630 1600 603 2000 42030 41250 1240 971 1003 1029 978 2461 3921 3471 1869 1268 880 629 733 562 1131 1414 1093 40941 39007 7330 7067 5643 3998 1424 2367 31677 2211 1579 904 2043 29466 22838 6628 1168 3844 2125 21670 758 1631 765 2784 1627 1205 1157 1568 1316 1645 870 526 1347 1642 1349 567 1532 21301 20879 692 895 675 1934 712 667 738 1269
internal_count=97244 37721 59523 54794 1524 53270 33970 33075 22377 20735 12343 7593 8392 8127 10698 6472 3584 2888 2037 1686 1121 8701 5209 3488 2951 1721 3492 3149 3751 569 3202 2224 1763 1221 903 7558 3149 4409 2822 2337 1606 1912 1350 52001 2157 49844 4750 2235 2515 4729 2831 1252 803 2848 2110 696 43630 1600 603 2000 42030 41250 1240 971 1003 1029 978 2461 3921 3471 1869 1268 880 629 733 562 1131 1414 1093 40941 39007 7330 7067 5643 3998 1424 2367 31677 2211 1579 904 2043 29466 22838 6628 1168 3844 2125 21670 758 1631 765 2784 1627 1205 1157 1568 1316 1645 870 526 1347 1642 1349 567 1532 21301 20879 692 895 675 1934 712 667 738 1269
is_linear=0
shrinkage=0.0667171


Tree=12
num_leaves=127
num_cat=0
split_feature=153 11 92 18 20 73 80 92 20 18 19 153 73 33 73 4 18 18 4 73 19 17 24 153 20 20 73 18 73 12 80 96 19 10 95 12 19 14 79 18 18 73 18 17 4 19 3 14 20 21 95 17 18 105 104 65 33 15 18 17 20 18 21 97 95 95 12 19 13 12 11 18 12 17 21 24 92 99 97 33 14 33 19 15 19 11 99 95 82 152 17 20 17 36 20 73 16 10 15 164 20 21 21 105 17 21 1 171 21 61 99 92 92 10 96 18 21 12 99 21 19 12 105 19 73 99
split_gain=38.8945 45.3855 40.4344 36.4597 30.8919 30.9932 29.1472 29.082 35.9269 28.978 30.1537 63.2688 29.8275 27.3429 33.1405 28.2512 34.4218 32.4812 34.148 27.2066 33.7251 32.8062 27.805 27.1189 41.6126 25.9983 43.0706 37.7145 30.2921 29.2718 26.2797 26.4083 25.5451 32.433 36.8256 43.3914 29.6498 28.4685 26.9008 27.1279 27.5675 24.9235 24.4912 23.6538 23.3819 22.8796 25.2546 22.7364 22.6492 32.1952 22.4844 22.3448 33.4848 36.2477 34.3695 27.947 25.2385 31.8525 42.1439 23.9346 35.0212 22.305 21.8493 22.2636 21.8449 33.4707 27.0688 21.5209 27.6062 23.7945 21.4807 21.9133 47.0139 25.1762 22.5911 29.4831 21.2054 21.1489 20.9861 44.3379 30.9505 20.9859 33.4484 27.8681 25.4394 24.1578 20.9504 45.2746 34.7566 21.9167 23.1426 20.6332 20.4892 35.3479 20.8828 20.1764 28.7851 20.0911 24.6908 20.0239 19.9076 51.5177 19.7138 19.6487 19.5824 19.254 25.296 19.0612 19.0609 18.997 18.9741 18.8468 18.5283 21.397 49.6663 18.4514 18.4401 19.5051 24.8147 18.5705 18.4176 23.623 18.2062 19.6712 46.8045 27.0171
threshold=0.4967589676380158 -0.065999493002891527 -0.19510205090045926 -0.28176027536392206 0.44688706099987036 -0.55675289034843434 -0.071854036301374422 0.40983386337757116 0.12208744138479234 0.12685234844684604 0.52245265245437633 -0.12373552098870276 -0.19606202095746991 -0.47984249889850611 -0.69899320602416981 0.11699771881103517 0.084646522998809828 0.34581536054611212 -0.16428215801715848 -0.069966666400432573 -0.16098526120185849 -0.045300927013158791 -0.20150294154882428 0.3148533701896668 0.06583306193351747 0.030231527052819732 0.029504339210689071 0.16934926807880404 0.14337876439094546 0.41611333191394811 -0.13446640223264691 -0.16901848465204236 -0.2128910347819328 -0.12461493536829947 0.044062115252017982 -0.22267315536737439 0.32145911455154424 -0.077373512089252458 -0.35039375722408289 0.15370455384254458 0.23687382787466052 -0.023363393731415268 0.1432982608675957 0.020762925036251548 -0.22463172674179074 -0.17928870022296903 -0.399487555027008 0.50893601775169384 -1.0000000180025095e-35 -0.19314518570899961 0.027009136043488983 0.57140287756919872 0.084646522998809828 0.01116726314648986 0.1396133899688721 0.3352836966514588 0.62491682171821605 0.10539231076836587 0.084646522998809828 -0.035341914743185036 -0.17757815122604367 0.13985770940780642 -0.070469819009304033 0.27800674736499792 0.099675908684730544 -0.037602951750159257 -0.078414425253868089 0.14869761466979983 -0.022770039737224575 0.029307384043931965 0.45719569921493536 -0.052385110408067696 -0.25128218531608576 -0.14697634428739545 0.076349101960659041 -0.2360236197710037 0.024863972328603271 0.70938816666603099 0.11843911558389665 -0.16198798269033429 0.065483633428812041 -0.36207790672779078 0.38601806759834295 0.33693076670169836 0.034564195200800903 -0.12337440997362135 0.13944444060325625 0.032568184658885009 0.10856571421027185 -0.10095727071166037 -0.17088516056537625 -0.11027888581156729 0.08873229101300241 -0.27816902101039881 0.052328854799270637 -0.4665387868881225 -0.0023136620875447984 0.1711089685559273 0.35252307355403906 0.1118353269994259 0.026256010867655281 0.10734421014785768 -0.42528548836708063 -0.51926001906394947 -0.045121161267161362 0.065265905112028136 -0.13210227340459821 -0.040864009410142892 0.70375204086303722 0.5391908884048463 -0.058478729799389832 0.0087782926857471483 -0.28413879871368403 0.068610873073339476 -0.0020455890335142608 0.20948536694049838 -0.054156607016921036 -0.15500286221504209 0.074973277747631087 0.06101468205451966 -0.18657927960157392 -0.026239267550408837 -0.30533540248870844 -0.2128910347819328 -0.065595980733633028 -0.2444089278578758
decision_type=2 2 2 2 2 2 2 2 2 2 2 2 2 2 2 2 2 2 2 2 2 2 2 2 2 2 2 2 2 2 2 2 2 2 2 2 2 2 2 2 2 2 2 2 2 2 2 2 2 2 2 2 2 2 2 2 2 2 2 2 2 2 2 2 2 2 2 2 2 2 2 2 2 2 2 2 2 2 2 2 2 2 2 2 2 2 2 2 2 2 2 2 2 2 2 2 2 2 2 2 2 2 2 2 2 2 2 2 2 2 2 2 2 2 2 2 2 2 2 2 2 2 2 2 2 2
left_child=1 2 45 6 5 -3 -4 8 77 10 23 12 -12 14 -5 17 19 25 -19 20 -17 99 102 51 107 26 48 30 44 115 -27 -32 -11 36 35 42 37 38 39 -34 -41 -13 -35 -23 -28 46 -1 -10 81 -50 78 52 53 55 116 59 57 58 -53 60 -7 -40 63 -52 65 -47 -67 108 -69 -70 71 72 -55 74 75 -73 -45 -8 80 -80 -33 -15 83 84 85 103 87 89 -88 -62 -91 110 93 -36 -95 -86 -97 100 -99 -21 -37 -102 -22 -83 -93 106 -39 -25 -6 -9 -24 -56 -74 114 -114 -29 -54 118 -118 -119 121 -105 -61 124 -124 -125
right_child=-2 4 3 13 67 9 7 109 47 32 11 41 -14 15 -16 16 -18 18 -20 21 22 43 91 24 -26 27 28 29 -30 -31 31 50 33 34 92 97 -38 105 61 40 -42 -43 -44 76 -46 64 -48 -49 49 -51 62 56 54 70 111 -57 -58 -59 -60 122 86 -63 -64 -65 -66 66 -68 68 69 -71 -72 73 112 -75 -76 -77 -78 -79 79 -81 -82 82 -84 -85 95 -87 88 -89 -90 90 -92 104 -94 94 -96 96 -98 98 -100 -101 101 -103 -104 120 -106 -107 -108 -109 -110 -111 -112 -113 113 -115 -116 -117 117 119 -120 -121 -122 -123 123 125 -126 -127
leaf_value=-0.015067766799802863 -0.0069504095959938344 0.010943598525275482 -0.016316322711669655 0.0033924910252021356 0.026135651602230706 0.011733867963380851 0.025223384425226713 0.012796506425656473 -0.0029706044312158412 0.012856561267537696 -0.0033713428574187929 -0.010515987503782079 0.024714584783456468 0.017221642338050614 -0.022485239110047198 0.012186188604760064 0.00065351812883963239 0.01773478834353498 -0.0042158136795749672 -0.0078241748756277159 -0.0032288412477162287 -0.032545604290935143 0.019603827092654562 0.012160032647965236 -0.017654630175344292 0.018493914035753407 -0.026199370260407657 -0.027335266766530378 0.0045345372564916048 0.006097480464800656 -0.014433698932357769 -0.0024196168276397179 -0.0087494744315946144 0.016735633367656211 0.0079360533680980904 0.017465647664254801 -0.020057144213419455 -0.01376391809543522 0.0078872099410397922 0.021395620706845874 -0.0049974197018022781 -0.030632479502060429 -0.003716583310646269 -0.001239684227992733 -0.0066305778242978499 -0.013605110691169427 0.0085019441173737782 0.019480300651667705 0.0010198160003056015 -0.019066666043607603 0.015522384923241371 -0.0081524416238872542 -0.023190187021797905 -0.02589778456536701 -0.0066650500710905419 -0.0093396644772387964 0.0069689442074236784 -0.023627380900619093 0.015028757359074768 -0.0062975636782015079 -0.026054402809468111 -0.0089754545059739527 -0.0041007290772827965 -0.0021848390457652397 -0.02046429586897185 -0.013359937104077622 0.013719656301019232 0.021111724795173325 0.0100758048256064 -0.011604483151821094 -0.013518700263504576 0.017566035497155005 0.015760570512116514 0.0054644258078434616 -0.022683707597693857 -0.011023120629234041 -0.018009423237019404 0.0058699012697003188 0.015781357227149184 -0.019345531571111935 0.019460906357019053 0.012611752063141935 -0.01618536220116764 -0.020622482777918217 -0.0064470915325987649 0.010544974974506226 -0.005774735248922868 0.0060758364018891993 0.013556486203151336 -0.019419538405860876 0.0010916261471130134 0.0057148767465233404 0.006786048912308466 -0.0082466475917864976 -0.029664453473901481 0.01801482942339843 -0.0060396347359137062 -0.001709205340981412 0.015454039775260527 0.014419309332691529 -0.018827874184167405 0.014117256786517129 -0.026960506360076162 -1.0606527582976082e-05 -0.013445738300406806 0.018272828159696438 0.011184317156179418 -0.008738032151319684 0.0047317964392402066 -0.0082472812416644285 -0.00092277722526733197 0.016867185484259726 -0.00083482436787390361 0.0033343363460251263 -0.016992145718305977 -0.0062878266879305891 -0.021960031406130259 0.01529088841757034 0.003234920803124321 -0.0091633993031007381 -0.0015211373742652331 -0.022660644768839749 -0.021542274353520102 -0.0069779817137624513 0.0092737521196411821 0.01154655736348862
leaf_weight=296 3743 1325 252 342 483 1189 816 257 828 1087 363 1286 306 314 598 525 3871 886 483 586 252 348 266 449 927 536 696 361 320 381 356 382 398 300 477 2091 363 292 401 521 260 350 1846 467 453 1387 621 261 719 691 679 2043 430 351 254 620 690 442 417 382 404 2489 1807 581 818 250 462 301 397 511 539 259 278 4424 271 411 1219 369 339 297 1112 329 542 250 293 714 779 916 873 420 572 316 684 786 274 1014 278 1038 576 256 270 922 416 351 904 511 463 336 305 709 772 361 4201 2556 1059 388 542 259 250 288 2507 476 307 372 746 4958
leaf_count=296 3743 1325 252 342 483 1189 816 257 828 1087 363 1286 306 314 598 525 3871 886 483 586 252 348 266 449 927 536 696 361 320 381 356 382 398 300 477 2091 363 292 401 521 260 350 1846 467 453 1387 621 261 719 691 679 2043 430 351 254 620 690 442 417 382 404 2489 1807 581 818 250 462 301 397 511 539 259 278 4424 271 411 1219 369 339 297 1112 329 542 250 293 714 779 916 873 420 572 316 684 786 274 1014 278 1038 576 256 270 922 416 351 904 511 463 336 305 709 772 361 4201 2556 1059 388 542 259 250 288 2507 476 307 372 746 4958
internal_value=-0.000284812 -1.67468e-05 -0.00183187 -0.00108074 0.00117658 0.000875861 0.0053622 0.00707214 0.0111917 0.000622768 -0.000406227 -0.00778971 0.00942443 -0.00184043 -0.013023 -0.00147256 -0.00429246 7.74201e-05 0.00995716 -0.0073241 -0.00331671 -0.0121185 -0.00611653 8.54607e-05 -0.00809204 -0.000709628 -0.0029227 0.00233488 -0.0134596 -0.00883299 0.00441621 0.00304578 0.0029892 0.00226868 0.00470521 0.00706834 -0.00168688 -0.000424023 -0.00314772 0.00531824 0.0125518 -0.0148618 -0.000823707 -0.0167013 -0.01852 -0.00831725 0.000828862 0.00241381 -0.00109062 -0.00880296 0.00425546 0.000513011 0.00112339 0.00179637 -0.00644651 0.00441688 -0.00444903 -0.00718179 -0.00419901 0.0051375 0.00170363 -0.00661645 0.000587384 0.00733017 -0.0112074 -0.00757321 0.00413058 0.00932108 0.00369684 -0.00207859 -0.000491238 1.6667e-05 -0.00209878 0.00335239 -0.00652428 -9.52624e-06 -0.0133858 0.0192239 0.00951805 -0.000563376 0.0138365 0.000445559 -0.000334483 0.00104819 0.00197014 -0.000645074 -0.00130178 -0.00540604 0.00441898 -0.0129684 -0.00758044 -0.00256052 -0.00276988 -0.00705442 -0.0138447 0.00920585 0.0127991 0.0105344 0.00440904 -0.00101384 0.0135349 0.00660628 -0.0180526 -0.00284125 -0.00844242 0.00829476 0.0014865 0.00315499 0.0178959 -0.00258523 0.0043248 0.00707151 -0.00105639 -0.00166306 -0.00409861 -0.0164945 -0.0111758 -0.00727298 -0.013952 0.00234775 -0.00438496 -0.0130064 0.00774768 0.00859696 0.000239373 0.0102428
internal_weight=96993 93250 36999 33165 56251 54254 3492 3240 2274 52929 36880 2305 669 29673 940 28733 10198 18535 1369 6327 3451 2876 2926 34575 1712 17166 9947 7219 1469 1130 6089 5553 16049 14962 9264 7043 5698 5335 4069 1179 781 1636 2146 2034 1149 3834 917 1089 8478 1410 5197 32863 29271 26887 2384 12538 3592 2902 2460 11918 5153 2890 3067 1260 2917 2099 712 1997 1209 908 14349 13810 8445 5365 941 670 1686 1185 2130 636 1494 7068 6754 6212 5962 4377 3964 2312 1652 1396 992 2258 2221 1537 1060 1585 1292 4897 1614 842 3283 1192 668 3663 1220 1266 755 785 788 966 1038 615 8094 7816 5260 749 1769 1339 792 547 3334 827 6765 6383 1053 5330
internal_count=96993 93250 36999 33165 56251 54254 3492 3240 2274 52929 36880 2305 669 29673 940 28733 10198 18535 1369 6327 3451 2876 2926 34575 1712 17166 9947 7219 1469 1130 6089 5553 16049 14962 9264 7043 5698 5335 4069 1179 781 1636 2146 2034 1149 3834 917 1089 8478 1410 5197 32863 29271 26887 2384 12538 3592 2902 2460 11918 5153 2890 3067 1260 2917 2099 712 1997 1209 908 14349 13810 8445 5365 941 670 1686 1185 2130 636 1494 7068 6754 6212 5962 4377 3964 2312 1652 1396 992 2258 2221 1537 1060 1585 1292 4897 1614 842 3283 1192 668 3663 1220 1266 755 785 788 966 1038 615 8094 7816 5260 749 1769 1339 792 547 3334 827 6765 6383 1053 5330
is_linear=0
shrinkage=0.0667171


Tree=13
num_leaves=127
num_cat=0
split_feature=11 153 18 151 20 152 20 82 12 153 97 99 0 17 22 73 18 82 18 18 95 19 74 104 18 20 20 20 73 20 74 17 201 182 14 201 18 4 79 4 17 170 153 5 60 13 97 17 18 19 95 18 74 3 11 201 12 70 20 33 18 0 73 3 12 10 14 33 81 3 20 20 19 12 62 17 18 153 19 19 12 24 20 165 12 24 14 182 14 105 18 13 19 97 10 20 19 5 5 99 0 18 201 20 20 13 105 73 18 73 18 3 17 13 165 12 73 17 10 12 11 97 11 151 16 153
split_gain=32.1747 37.5187 38.3316 48.176 41.3226 33.9895 39.4096 33.6284 30.6647 28.9694 65.3386 38.8241 27.4378 27.8966 26.9982 26.7395 32.3087 26.8082 25.8863 44.4135 27.3833 26.9767 24.7398 23.2317 27.3432 42.0879 23.0469 37.2832 65.8491 30.7102 28.6428 27.1735 26.1599 22.8807 33.3652 22.7061 22.9403 22.6958 22.3783 21.4623 22.0227 21.3093 21.179 42.4043 21.1516 21.0615 20.8158 22.4135 20.5832 20.0486 19.8325 19.7569 21.9939 21.6399 19.6625 19.3065 19.0028 18.1913 18.012 17.6136 21.1904 22.5019 18.4215 17.5263 17.7178 18.9476 22.4125 17.1175 17.4266 16.9698 16.9394 16.9383 22.1173 20.2822 16.8796 16.8541 16.311 26.9137 16.0855 16.0407 20.4567 15.9979 17.1645 15.9122 15.8332 21.9984 19.6406 15.3576 15.322 15.1065 15.0987 15.0174 15.0054 15.4027 14.9473 14.8522 16.0569 24.5948 14.6657 14.531 15.6041 14.402 14.0198 13.8753 17.222 18.1794 13.8064 15.503 38.9403 33.1779 22.2643 25.8204 21.1916 19.7453 16.7851 15.0313 14.7033 15.2807 13.7973 13.7642 17.5361 13.7295 22.4376 14.0961 13.6991 13.5457
threshold=-0.063611030578613267 -0.11862209439277648 -0.20960088074207303 -0.46667388081550593 0.12924000620841983 0.46334625780582434 0.45837846398353582 -0.01470385631546378 0.29594162106513983 -0.13318231701850888 0.091714248061180129 0.049861965700984008 0.37926135957241064 0.49018479883670812 -0.12548664957284925 0.25715306401252752 0.075347539037466063 0.14938965439796451 0.12685234844684604 0.094701088964939131 0.1189299337565899 0.52245265245437633 -0.34970484673976893 1.0000000180025095e-35 0.048116011545062072 1.0000000180025095e-35 0.02531452011317015 -0.023025206290185448 0.036242952570319183 -0.042951103299856179 -0.061629742383956902 -0.014057669322937725 0.055043505504727371 -0.54475852847099293 0.55885416269302379 -0.069424077868461595 0.13716869056224826 -0.24637155234813687 -0.05980748496949672 -0.17965868860483167 0.42679946124553686 -0.003405292052775621 0.083959326148033156 -1.0000000180025095e-35 0.14300467818975451 -0.43376313149929041 0.35690480470657354 -0.22229813039302823 0.016325897537171844 0.073873169720172896 -0.027144393883645531 -0.078771200031042085 0.2534321546554566 -0.35627987980842585 -0.26345208287239069 -0.18480962514877317 -0.094441901892423616 0.14843706041574481 -0.24021986126899716 -0.24255434423685071 0.16934926807880404 1.0000000180025095e-35 -0.039645113050937646 -0.45878548920154566 0.098242700099945082 0.1711089685559273 -0.0081324405036866648 0.55496031045913707 0.029589463956654075 -0.012224378995597361 -0.059773227199912064 0.44688706099987036 0.48768147826194769 0.22381797432899478 0.064668770879507079 -0.12425397336483 0.097786504775285735 -1.1158779859542844 0.3933862447738648 -0.077605698257684694 -0.054104177281260483 0.56613445281982433 0.18315176665782931 0.14731032401323321 -0.028723525814712044 -0.17031254619359967 0.040186012163758285 -0.39895504713058466 -0.032730655744671815 0.095896173268556609 -0.61810606718063343 -0.48962445557117457 0.059237966313958175 -0.025669447146356102 -0.053640358150005334 -0.11622849851846694 -0.18046173453330991 -1.0000000180025095e-35 1.0000000180025095e-35 0.027233794331550602 -0.18607954680919644 0.075347539037466063 0.26583494246006018 0.079477142542600646 0.014332414604723455 0.22847214341163638 -0.19680353254079816 0.043923875316977508 -0.079553481191396699 -0.01503994734957814 -0.079553481191396699 0.3262240737676621 0.30509814620018011 -0.0051595182158052913 1.0000000180025095e-35 -0.07955924421548842 0.059581391513347633 -0.055153159424662583 -0.22061795741319654 -0.19741270691156385 -0.31809487938880915 0.056020144373178489 -0.3115642368793487 -0.23762458562850949 0.21028000861406329 0.23419750481843951
decision_type=2 2 2 2 2 2 2 2 2 2 2 2 2 2 2 2 2 2 2 2 2 2 2 2 2 2 2 2 2 2 2 2 2 2 2 2 2 2 2 2 2 2 2 2 2 2 2 2 2 2 2 2 2 2 2 2 2 2 2 2 2 2 2 2 2 2 2 2 2 2 2 2 2 2 2 2 2 2 2 2 2 2 2 2 2 2 2 2 2 2 2 2 2 2 2 2 2 2 2 2 2 2 2 2 2 2 2 2 2 2 2 2 2 2 2 2 2 2 2 2 2 2 2 2 2 2
left_child=1 2 33 22 7 6 9 59 26 10 11 -2 14 49 -11 16 17 44 19 21 41 23 -4 81 83 37 27 28 29 30 31 84 71 -1 55 67 54 69 79 40 -22 63 43 -21 -10 -34 47 -9 87 103 -40 52 -8 -54 -37 -35 -39 -18 -33 -5 61 91 74 -20 65 66 94 68 -29 -26 -49 72 73 88 -63 -23 -50 -78 -66 80 -7 82 -16 118 86 -86 -3 -24 -28 -41 -36 -61 93 -47 124 -32 -97 -98 -6 -57 -101 -51 -95 104 105 -14 -90 109 -109 110 111 -108 114 116 -111 -112 -110 -118 -25 -60 -121 122 -72 -123 -65 -120
right_child=5 8 3 4 98 38 51 46 15 12 -12 -13 13 -15 18 -17 57 -19 20 42 39 75 48 24 25 -27 32 35 -30 -31 95 58 45 34 90 36 -38 56 50 89 -42 -43 -44 -45 -46 92 -48 70 76 101 -52 -53 53 -55 -56 99 -58 -59 119 60 -62 62 -64 64 78 -67 -68 -69 -70 -71 121 -73 -74 -75 -76 -77 77 -79 -80 -81 -82 -83 -84 -85 85 -87 -88 -89 106 -91 -92 -93 -94 102 -96 96 97 -99 -100 100 -102 -103 -104 -105 -106 -107 107 108 113 112 115 -113 -114 -115 -116 -117 117 -119 125 120 -122 123 -124 -125 -126 -127
leaf_value=-0.0082353206411866584 0.0032211880333347888 0.0034975102100413074 0.01121342403427541 0.014654027022360957 0.024996802631958626 0.0070026120361156678 0.014738525175496413 0.012279015781834001 -0.025501026261230599 0.0037598374770147817 0.011676721217052486 -0.024219582868629217 0.015504789350584944 -0.020681079134903736 0.0043681733064136041 -0.027288534919310669 -0.0063917039015428242 0.0052116955258677631 -0.010606490476898468 -0.02627280726811591 -0.022956282494083425 -0.0055004620072100913 -0.026538153125722722 0.0040741437216918076 0.011272801594440534 -0.014366540390518849 -0.012680469031874584 -0.01161119655513246 -0.025669575889144005 0.021630686944634769 -0.023823845382219482 0.021683498990551487 0.010886153710578455 -0.004846925820739533 0.0080876218459872019 -0.0041934860617692032 0.00026665722297113445 0.025489536190008964 0.0072829600486696757 0.0060461582724144385 -4.2932952657197189e-05 -4.1957366630937664e-05 -0.021136713933150718 0.0064056071183228461 -0.0046494828593394554 -0.0033807429081478971 -0.014936526828006782 0.0010399866570009913 0.011595687450941942 -0.015525880416951911 -0.0068178955201585525 0.021095738115492785 -0.018020134790279977 0.008983904395453917 -0.020486158502915318 -0.0037263615755265198 0.0066601440043369767 0.018086585215614345 0.016978327132983872 0.004195446064805014 -0.012128935115669775 0.0084557540608894612 -0.00395996039646394 0.0049640724581924379 0.02596023012312593 -0.0056695743175817648 0.026018575724145104 0.011770198297102158 0.0081562731066514016 -0.0092503365357508721 0.0073272268086984069 0.010463671344817311 -0.02063259545251684 0.013659360704228846 0.027023140083531974 -0.022669233544345177 0.0091983522784611707 -0.016228918823640075 0.0072391106650860435 -0.013403479720900828 -0.01557486293491653 -0.0059374138078706852 -0.0061374035365527723 -0.013720498223656494 -0.0058885002293456046 0.016490448815503829 -0.016403020889247368 -0.011241898543487696 -0.009158339098391621 -0.011907900589449094 0.024150485055632154 -0.018470110799717845 -0.0093333685007503837 0.021878798183830799 0.011698097856842169 -0.019076930884547153 0.012037070688978475 -0.012342027023479345 0.0074509688461896354 0.00098044605577595921 0.018395234286527125 0.00091174657814284746 0.0013025135643634778 0.012080263059664295 -0.016096864283454644 -0.0057095507449265847 -0.0019744359679283317 0.015296076606373398 -0.019435145180390676 -0.0022364172635222319 -0.0019099289187357055 -0.026629737050615443 0.021677424575477725 -0.021373417791616299 0.017050532534486958 0.015637857069051252 -0.013204254977696688 0.00069702210208765479 -0.0023347897228041749 0.016569875537832748 -0.0023744523622105415 -0.0071351548600912511 -0.017739359052421584 -0.028736576398704677 -0.0085229985402322673 -0.0093294411209753347
leaf_weight=396 516 329 260 661 389 468 580 413 655 10128 2723 406 307 475 7606 373 260 263 255 268 450 1132 382 1222 346 393 698 858 469 282 256 329 1317 751 432 421 400 499 906 763 314 3759 687 502 328 622 689 1210 258 705 864 578 253 268 1597 323 466 272 318 259 375 829 351 2360 392 581 260 262 253 365 364 417 311 325 298 329 277 538 437 1567 284 897 756 601 487 321 643 1303 1118 283 685 252 553 294 1325 289 353 378 479 353 665 349 298 428 283 422 454 372 275 610 933 324 457 396 294 279 472 1340 7782 271 1042 275 276 270 386 1468
leaf_count=396 516 329 260 661 389 468 580 413 655 10128 2723 406 307 475 7606 373 260 263 255 268 450 1132 382 1222 346 393 698 858 469 282 256 329 1317 751 432 421 400 499 906 763 314 3759 687 502 328 622 689 1210 258 705 864 578 253 268 1597 323 466 272 318 259 375 829 351 2360 392 581 260 262 253 365 364 417 311 325 298 329 277 538 437 1567 284 897 756 601 487 321 643 1303 1118 283 685 252 553 294 1325 289 353 378 479 353 665 349 298 428 283 422 454 372 275 610 933 324 457 396 294 279 472 1340 7782 271 1042 275 276 270 386 1468
internal_value=-0.000352034 -0.00187152 0.000866563 -0.00118406 0.00171249 0.000616546 0.00105107 -0.000102871 -0.00348053 0.000735159 0.00647518 -0.00882881 0.000315629 -0.00590003 0.000709137 -0.0110786 -0.00764031 -0.0135147 -0.000127796 -0.00132317 0.00248599 -0.000631001 -0.00828487 -5.63898e-05 -0.00186103 0.00516748 -0.00272562 -0.00517712 -0.00179183 0.000325671 -0.000873895 0.00206298 -0.000795372 0.00679428 0.00866769 -0.0103162 -0.0142098 0.0097879 -0.0052494 -0.00503601 -0.0135239 0.00388643 -0.01262 -0.00497079 -0.018579 0.00450652 -0.00456186 -0.0019979 -0.0101481 -0.00306069 0.000377697 0.0111079 0.00582207 -0.00405948 -0.017102 0.00367551 0.016443 0.00604689 0.00748419 0.00503978 0.00233066 0.00508375 0.00926283 0.00635476 0.00711925 0.00558403 0.00710443 -0.00343428 -0.00706287 0.000705956 -0.00448251 -0.00260134 -0.00323745 -0.00258055 0.0134222 -0.0094052 -0.00288964 -0.00752949 0.0161465 -0.0095598 -0.00150895 0.00250136 0.00341251 -0.00317842 -0.00388678 0.0029694 -0.00962436 -0.0147479 -0.00324644 0.00113504 0.0179715 -0.0069113 -0.000231602 0.00389226 0.00587702 -0.00949848 -0.00584482 -0.000529602 0.0153623 0.00847231 0.0123883 -0.0100447 0.0115878 0.00203543 -0.00218978 0.00318669 -0.0023398 -0.00110351 -0.00471714 0.0019664 -0.00350719 -0.0123038 0.00999061 -0.00774313 0.00402752 0.00211664 -0.00512632 -0.00291686 -0.0025679 0.00458217 0.00153252 -0.010147 -0.0034595 -0.0179229 0.00305071 -0.00344994
internal_weight=97275 37881 14013 10408 7390 59394 55305 6522 23868 53626 3645 922 49981 2969 47012 2151 1778 1246 36884 25319 11565 23862 3018 22401 13142 2069 21717 9558 5767 5298 5016 3740 12159 3605 3209 3791 2418 1676 4089 1810 764 9755 1457 770 983 3084 3497 2808 2758 2494 1770 1679 1101 521 2018 2092 965 532 1960 3025 2364 1989 1478 5996 5741 4912 4331 1373 1111 711 2395 9075 8658 8347 1127 1461 1073 815 829 2319 752 9259 8362 11073 1780 808 972 1685 8022 1046 1117 511 1767 1214 4071 1276 1020 731 868 1341 1018 1054 592 1440 1012 729 7324 6206 2855 3351 1990 778 1361 2483 904 1212 2087 1812 10472 1631 1313 1185 640 545 2746 9250
internal_count=97275 37881 14013 10408 7390 59394 55305 6522 23868 53626 3645 922 49981 2969 47012 2151 1778 1246 36884 25319 11565 23862 3018 22401 13142 2069 21717 9558 5767 5298 5016 3740 12159 3605 3209 3791 2418 1676 4089 1810 764 9755 1457 770 983 3084 3497 2808 2758 2494 1770 1679 1101 521 2018 2092 965 532 1960 3025 2364 1989 1478 5996 5741 4912 4331 1373 1111 711 2395 9075 8658 8347 1127 1461 1073 815 829 2319 752 9259 8362 11073 1780 808 972 1685 8022 1046 1117 511 1767 1214 4071 1276 1020 731 868 1341 1018 1054 592 1440 1012 729 7324 6206 2855 3351 1990 778 1361 2483 904 1212 2087 1812 10472 1631 1313 1185 640 545 2746 9250
is_linear=0
shrinkage=0.0667171


Tree=14
num_leaves=127
num_cat=0
split_feature=11 92 153 18 80 73 92 95 95 80 97 17 18 18 97 18 12 12 10 24 92 95 18 19 10 165 17 73 2 33 18 104 11 18 92 3 104 19 21 18 80 153 13 21 153 4 170 24 13 2 18 5 73 18 84 74 74 200 14 92 21 80 12 15 17 2 15 12 10 18 10 12 95 201 18 80 10 80 80 12 14 92 18 11 18 105 4 5 102 171 97 152 73 10 33 17 36 82 19 5 18 153 73 2 70 21 21 18 92 21 92 201 153 19 19 80 19 2 11 19 3 12 152 73 95 158
split_gain=30.3146 36.4498 33.77 30.7692 27.9798 27.7071 26.8079 30.5469 30.6416 25.6374 26.9968 36.2228 32.7749 37.14 31.9364 31.7374 27.0328 39.45 25.7941 24.8201 30.451 24.2915 23.2811 25.2025 28.3812 30.5822 27.1209 31.9575 24.455 23.2454 36.6342 32.6289 29.9386 31.6292 30.7823 39.927 30.233 22.9864 22.658 22.6077 21.9843 21.8923 21.8571 21.5748 21.2617 26.4121 21.4092 20.9519 25.3362 27.3251 25.6875 26.9094 26.4201 26.1982 25.113 20.9263 30.5912 20.6285 20.6193 27.5076 26.5091 26.7813 20.4166 20.1611 19.7918 46.4422 19.5365 24.7044 19.5172 19.356 19.294 19.1558 22.216 21.0146 23.374 27.493 21.077 20.1711 19.0515 19.0288 19.0203 18.9991 20.7187 18.7527 18.7318 18.5262 18.4666 24.1509 20.462 18.2124 24.8817 18.2068 18.0267 17.92 24.9723 17.8079 27.5221 17.3831 17.3823 17.2818 31.9491 20.6589 17.1982 16.8173 16.7925 16.7905 19.2246 19.7024 26.8805 30.5405 22.1097 17.4572 17.751 16.4159 23.0549 29.3856 24.9125 18.5238 17.5595 21.9484 20.1921 28.4722 16.4563 22.6932 16.3854 16.3134
threshold=-0.061152836307883256 -0.19959808140993116 0.46577584743499761 -0.28176027536392206 -0.071854036301374422 -0.55675289034843434 0.35026027262210851 0.057949909940361984 -0.15177103877067563 0.18830087035894397 -0.11447394266724585 0.5995541810989381 -0.18711137771606443 -0.042091308161616318 -0.035274181514978402 0.090347733348608031 -0.18144819885492322 -0.082953635603189455 0.36266663670539862 -0.52553340792655934 0.5757758915424348 0.50331088900566112 0.12685234844684604 -0.2128910347819328 -0.092394087463617311 -0.0075332610867917529 -0.0081613573711365444 0.029504339210689071 0.34801135957241064 0.48595485091209417 0.084646522998809828 0.18967977911233905 0.50153034925460827 0.048116011545062072 -0.097763590514659868 -0.060979206115007394 0.046483319252729423 0.13207330554723742 0.065265905112028136 0.14948536455631259 -0.11056197807192801 0.29206362366676336 0.32812866568565374 -0.018920064903795716 -0.17184672504663465 -0.31447555124759669 0.12873837351799014 -0.38589063286781305 -0.083337664604186998 -0.021306818351149556 0.16934926807880404 -1.0000000180025095e-35 -0.16521704196929929 0.36028486490249639 0.043769914656877525 -0.045228609815239899 0.46513561904430395 0.028031962923705581 -0.075885418802499757 -0.14809450507163999 0.031650897115468986 -0.082951165735721574 0.22152833640575412 -0.1069153845310211 -0.020924714393913742 0.12642045319080356 -0.0016230769106186924 0.13365769386291507 -0.14905079454183576 -0.0019346683839103205 0.10130437463521959 0.48140239715576177 0.5816992223262788 -0.0048074184451252213 0.17105530947446826 0.77165052294731151 0.2004627659916878 0.29281286895275122 -0.13005972653627393 -0.15282770991325376 0.80514881014823925 -0.16422200202941892 0.096665639430284514 0.10485227033495904 0.075347539037466063 -0.0096724396571516973 -0.077174432575702653 -1.0000000180025095e-35 0.028597515076398853 0.24069345742464068 0.61966609954833995 0.23398305475711825 -0.0053363684564828864 0.2142157927155495 0.51977452635765087 0.24243187159299853 0.32042254507541662 0.16281334310770038 -0.14937156438827512 -0.37499999999999994 -0.049812914803624146 0.037728883326053626 -0.026542848907411095 -0.24573864042758939 0.11966653913259508 -0.11059706285595892 -0.056114193052053445 -0.077087521553039537 -0.037574825808405869 0.22838824987411502 0.12262022495269777 -0.2116272374987602 0.19833688437938693 -0.2128910347819328 -0.11772300302982329 -0.19244085997343061 -0.13688614219427106 0.063920453190803542 0.11289024353027345 -0.059595385566353791 -0.012224378995597361 -0.028723525814712044 0.19997879862785342 0.12379092350602151 0.12891177833080295 0.015383996535092594
decision_type=2 2 2 2 2 2 2 2 2 2 2 2 2 2 2 2 2 2 2 2 2 2 2 2 2 2 2 2 2 2 2 2 2 2 2 2 2 2 2 2 2 2 2 2 2 2 2 2 2 2 2 2 2 2 2 2 2 2 2 2 2 2 2 2 2 2 2 2 2 2 2 2 2 2 2 2 2 2 2 2 2 2 2 2 2 2 2 2 2 2 2 2 2 2 2 2 2 2 2 2 2 2 2 2 2 2 2 2 2 2 2 2 2 2 2 2 2 2 2 2 2 2 2 2 2 2
left_child=1 64 5 4 -3 -2 7 8 43 10 12 18 -5 85 -13 16 -15 -18 47 20 -11 -20 29 -24 26 124 27 -25 57 30 32 -32 33 36 38 -36 89 55 92 -39 -4 71 91 -6 45 -38 68 84 50 -50 51 52 -49 79 -54 -27 63 58 59 78 -61 -62 -10 -57 -1 -66 67 -8 99 95 -34 73 77 76 97 102 -21 -73 -28 -52 81 -53 -83 -48 -12 -14 88 -88 -81 90 113 104 -35 94 -31 -70 -97 -75 -37 100 101 -46 -76 -100 -29 -96 -107 108 -108 110 -110 -109 -113 117 115 -115 -117 -7 119 -116 122 -122 123 -120 -26 -91
right_child=2 3 40 9 6 22 66 -9 62 19 11 14 13 15 -16 -17 17 -19 21 41 -22 -23 23 24 25 37 28 42 -30 93 31 -33 70 34 35 98 44 39 -40 -41 -42 -43 -44 -45 46 -47 83 48 49 -51 53 80 54 -55 -56 56 -58 -59 -60 60 61 -63 -64 -65 65 -67 -68 -69 69 -71 -72 72 -74 74 75 -77 -78 -79 -80 86 -82 82 -84 -85 -86 -87 87 -89 -90 125 -92 -93 -94 -95 105 96 -98 -99 103 -101 -102 -103 -104 -105 -106 106 107 111 109 -111 -112 112 -114 114 118 116 -118 -119 120 -121 121 -123 -124 -125 -126 -127
leaf_value=-0.01195469768112134 0.01074715601342105 -0.016277437663425025 -0.017603164189783565 -0.024466741086044217 0.020366919149364407 -0.0085914864007937113 -0.0068081313200432491 0.022441293851964264 0.0076347677052582873 -0.027170276834193208 0.0015826683199431676 0.0039255540355437766 0.026323063988122512 -0.028853082674880043 -0.026449809079563482 0.0012864109226225304 0.0073962122696403267 -0.013652608933234684 -0.001910753104927736 -0.0011337229282038211 0.00021763344935317596 -0.02326735623775671 0.012893798133566402 -0.013807646383533033 0.011139229573755202 0.0091659258085587739 -0.0041372375141221912 0.016886172232747059 -0.016900582885638567 -0.021361741696594116 -0.010679328026305345 0.0078371825987841332 -0.026828710125582984 -0.0047353618982801894 0.027823583355735506 -0.0027539257741130219 0.023120978729779879 0.024903927745336004 -0.017440053479533403 0.0038111119486048152 -0.0031295605599107467 -0.02002951491994329 0.00070815262139401511 -0.0010915449599992885 0.00014023678607246652 -1.0402145965641593e-05 0.0013737359159910918 0.031554787212969199 0.0080010751999595835 -0.011134928439237791 -0.022391949770394992 -0.0073822120045543759 0.0018950231306205452 0.008495260311752054 0.017103415380367269 -0.018914271312602111 0.011964046099329011 -0.01142587928401545 0.01060398099049953 0.015371357117288764 0.0082876120595655224 -0.011832462129667442 -0.016879477421817661 -0.0037604271665680356 0.0067185278061723678 -0.017567173608694767 -0.014142823746100566 0.016874864814213693 -0.00079046788668840141 -0.014761101498682995 -0.0037158418869867645 -0.0039334272171668017 -0.012197363666560691 -0.00011852655208584153 0.0068891211196021292 0.021554292499838396 -0.01414631118473578 0.013480044918676956 -0.026577271396454806 -0.0026306809847598273 -0.0074194059797976697 0.0040605496704067571 0.018619693588523296 -0.019709686702641036 0.023757595130210592 0.0016928876391284716 -0.0059501742916480572 0.018958482938593983 -0.026619485089293994 0.003026255057001485 -0.015524022378972085 0.02977985723820584 0.0137729046398915 0.0044099940391215276 -0.016000424329146112 -0.027849233886396488 -0.0033096268261531025 -0.0081956943366281471 0.020725767196117264 0.0059717560253244499 0.014181229088222443 -0.02481548839715619 -0.012171097701046803 -0.00045759088052449518 -0.0041917453315310294 0.015087645078607305 -0.021813626935773198 0.012714856046794209 0.017395228345680379 -0.021363312530946501 -0.0087861285399603219 0.0012493026610053263 -0.012429147155033351 -0.010120878068660535 -0.0038484840498292177 0.0090838491349804918 0.025236596294868255 0.0096849561667807886 0.0010543577646408182 0.0082083216339418758 0.0056010148473365539 -0.010883088448750711 -0.010461147447416845 0.017517608985321075 -0.0021583171675840672 -0.014812377507680533
leaf_weight=2215 1316 256 531 338 612 832 414 685 264 440 303 251 255 308 383 1824 552 1370 1002 879 299 309 1089 330 3263 498 405 484 557 400 2045 529 253 450 597 499 335 262 259 1589 3828 338 855 309 259 617 278 255 462 1147 298 558 1077 658 881 657 341 809 696 481 514 678 342 975 967 545 379 365 5435 605 442 441 308 2396 564 361 1518 872 290 417 709 4165 485 549 389 292 451 276 255 446 285 277 478 983 464 287 693 2360 473 2288 259 329 332 250 251 252 537 388 324 264 251 1464 588 274 808 1896 551 346 935 3832 742 1236 256 621 465 456
leaf_count=2215 1316 256 531 338 612 832 414 685 264 440 303 251 255 308 383 1824 552 1370 1002 879 299 309 1089 330 3263 498 405 484 557 400 2045 529 253 450 597 499 335 262 259 1589 3828 338 855 309 259 617 278 255 462 1147 298 558 1077 658 881 657 341 809 696 481 514 678 342 975 967 545 379 365 5435 605 442 441 308 2396 564 361 1518 872 290 417 709 4165 485 549 389 292 451 276 255 446 285 277 478 983 464 287 693 2360 473 2288 259 329 332 250 251 252 537 388 324 264 251 1464 588 274 808 1896 551 346 935 3832 742 1236 256 621 465 456
internal_value=-0.000204031 -0.00167075 0.000742053 -0.000990645 0.00481737 0.00119277 0.00644243 0.0107467 0.00546395 -0.00167628 -0.000227521 0.00120189 -0.00449602 -0.00301263 -0.0143525 -0.00522029 -0.0105567 -0.00758608 0.00190611 -0.00423841 -0.0160386 -0.0069882 0.000956311 0.00310843 0.00237864 0.00504048 -0.000850078 0.00519911 -0.00385963 5.38741e-05 0.000770644 -0.00685187 0.00144536 0.00178075 0.00825085 0.0137011 0.00101467 0.00121299 -7.07267e-05 0.00683391 -0.00490588 -0.00339164 0.00859477 0.0131233 -0.00143033 0.00811025 -0.00226222 0.00282193 0.00217202 -0.00560787 0.00337015 0.00514862 0.0114253 -0.00275256 0.00876339 -0.00298748 -0.00608239 -0.0019688 0.00052367 -0.00243084 0.00218399 -0.00312223 -0.0061269 -0.00989016 -0.00793646 -0.00202854 -0.00174853 0.0042489 -0.00141731 -0.00337359 -0.0121982 -0.00282369 0.00380038 -0.00410535 -0.00199233 0.0060782 -0.00938766 0.00760048 -0.0135672 -0.00714402 0.00279328 0.00419263 0.0055928 -0.0125696 0.0140951 0.0132411 -0.00385054 0.00347422 -0.0118106 0.00317586 0.00383259 0.0152209 0.00476178 -0.00378387 -0.00542654 -0.00229059 -0.0105571 -0.00413416 0.00675263 0.00295176 -0.00515259 -0.0137688 -0.000141621 0.0133481 0.00964624 -0.00400464 -0.00262095 -0.00380744 -0.0101836 -0.00268252 0.00589358 -0.000194166 -0.00266059 0.00428579 0.00507816 0.0104206 0.0127478 -0.00317804 0.00334823 0.00609885 -1.16413e-05 -0.00467854 0.00506205 0.00765506 0.00946763 -0.00595239
internal_weight=97212 38131 59081 34404 3626 54722 3370 2212 1527 30778 19670 14731 4939 4601 634 4054 2230 1922 14097 11108 739 1311 53406 15766 14677 8050 6627 2197 4430 37640 31725 2574 29151 28456 3006 1819 25450 4322 1187 1851 4359 10369 1867 921 11934 952 10982 12786 12094 1609 10485 8130 2213 2355 1958 2471 1973 3873 3064 2368 1673 1192 606 1632 3727 1512 1158 779 10155 7020 695 10031 1621 8410 6013 1257 2397 1313 695 1697 5917 5208 4650 827 692 547 1399 727 672 13516 12614 1012 928 5915 4932 6415 980 4756 1222 3135 847 588 896 723 735 4532 4068 3816 1376 839 575 2440 2052 12329 11151 2721 2447 1178 8430 4640 3790 1978 1812 1556 3728 902
internal_count=97212 38131 59081 34404 3626 54722 3370 2212 1527 30778 19670 14731 4939 4601 634 4054 2230 1922 14097 11108 739 1311 53406 15766 14677 8050 6627 2197 4430 37640 31725 2574 29151 28456 3006 1819 25450 4322 1187 1851 4359 10369 1867 921 11934 952 10982 12786 12094 1609 10485 8130 2213 2355 1958 2471 1973 3873 3064 2368 1673 1192 606 1632 3727 1512 1158 779 10155 7020 695 10031 1621 8410 6013 1257 2397 1313 695 1697 5917 5208 4650 827 692 547 1399 727 672 13516 12614 1012 928 5915 4932 6415 980 4756 1222 3135 847 588 896 723 735 4532 4068 3816 1376 839 575 2440 2052 12329 11151 2721 2447 1178 8430 4640 3790 1978 1812 1556 3728 902
is_linear=0
shrinkage=0.0667171


Tree=15
num_leaves=127
num_cat=0
split_feature=153 11 153 18 80 18 24 17 153 97 99 18 12 92 20 18 13 20 20 73 21 74 21 21 17 81 33 33 11 12 24 19 153 4 12 73 92 97 62 12 12 18 5 20 12 151 5 182 182 16 73 13 105 17 20 20 12 19 4 97 18 73 73 84 4 18 97 99 12 12 80 81 33 11 18 0 97 13 20 73 11 92 33 0 61 92 17 36 19 16 21 21 4 13 13 12 19 17 17 105 61 17 4 3 11 10 4 12 82 20 11 97 19 11 18 105 13 99 70 19 20 99 97 12 92 73
split_gain=32.5813 32.5745 30.1711 31.6384 43.9629 32.0418 28.6273 28.1827 27.1175 57.6983 34.1858 26.6686 28.9839 30.0786 28.3509 27.6893 26.6151 25.8559 45.8851 64.5225 35.9123 29.2671 32.0003 28.6898 26.2412 24.0499 30.6298 44.7039 27.542 23.549 23.4616 28.1349 33.126 29.3636 27.2112 27.2494 26.8201 25.3793 28.3992 24.9056 38.5193 23.2504 23.2443 22.7175 28.6068 21.8 33.131 21.3294 21.2029 28.3765 20.7093 20.2691 43.1936 20.1991 19.565 24.9933 19.7687 19.0737 19.3982 19.0019 18.8456 31.1764 23.0405 29.5507 27.5751 22.8073 19.4495 22.01 21.6458 18.7908 18.3685 22.7859 18.7392 21.8227 32.2527 35.947 21.7762 20.2674 18.3507 18.3041 18.1933 20.4627 17.791 17.6774 19.0735 18.4177 17.6666 17.4721 36.25 22.6711 24.9911 19.6105 17.3471 18.4853 17.3185 17.2247 19.941 16.903 16.8946 16.8399 16.4005 16.3967 16.3805 16.2757 16.2469 15.9893 15.8707 16.4817 16.9935 15.7911 20.548 15.6277 27.3197 21.2329 18.0651 15.6121 15.2727 14.9146 14.5638 14.4478 19.9993 16.4596 14.7029 14.3655 14.3598 15.8922
threshold=0.46577584743499761 -0.065999493002891527 -0.11862209439277648 -0.20960088074207303 0.1047368422150612 0.023945228196680549 -0.52553340792655934 -0.39113396406173701 -0.12640466541051862 0.095585417002439513 0.042408954352140434 -0.14361403882503507 -0.2261419594287872 -0.27897778153419489 0.38950285315513616 -0.14728643745183942 -0.52379548549652089 0.02531452011317015 -0.023025206290185448 0.036242952570319183 -0.18922022730112073 -0.084518119692802415 -0.15464600920677182 -0.066228382289409624 -0.014057669322937725 0.087484743446111693 -0.21414522826671598 -0.27080275118350977 0.47714054584503179 0.0099198627285659331 0.5411062240600587 0.083739373832941069 0.086361974477767958 -0.33341428637504572 0.67029193043708812 0.022240712307393554 -0.16865417361259458 0.012721418403089048 -0.013144059106707571 -0.026239267550408837 0.071259301155805602 0.29585492610931402 -1.0000000180025095e-35 0.16250384598970416 0.3967773318290711 -0.036600112915039056 1.0000000180025095e-35 0.0025336534017696981 -0.54475852847099293 -0.39139971137046808 0.23786973953247073 0.010044951457530262 -0.044568255543708794 -0.32512404024600977 -0.059773227199912064 -0.0095999087207019312 0.21465941518545154 0.46638567745685583 0.20911728590726855 0.21012125164270404 -0.0019346683839103205 -0.019339242018759247 0.029504339210689071 0.20036680996418002 0.1405884996056557 0.20200974494218829 0.12646534293890002 0.21420347690582278 -0.078414425253868089 -0.16313108056783673 -0.11203153803944586 0.42959468066692358 -0.29617737233638758 0.24473246932029727 0.11253532022237779 -0.18607954680919644 0.080449521541595473 0.33238478004932409 0.085137289017438902 -0.054506897926330559 0.37154588103294378 0.20835250616073611 0.40484809875488287 0.37357954680919653 0.26738306879997259 -0.13025214523077008 0.014165528118610384 -0.008802816737443207 0.040493907406926162 0.10143253579735757 0.06101468205451966 0.19706688821315768 0.10111001133918764 0.22197907418012622 -0.022770039737224575 -0.19974241405725476 -0.13089796900749204 0.13288272172212603 -0.28136909008026117 0.01116726314648986 -0.065107461065053926 0.43503272533416754 -0.47994188964366907 0.45529152452945715 -0.33084701001644129 0.11750125512480737 0.25240264087915426 0.23550657927989962 0.15185332298278811 0.12637126818299296 -0.13332794606685636 -0.16325902193784711 -0.18657927960157392 -0.038150623440742486 0.14523674547672275 0.021953161805868152 0.10375382006168367 -0.062675245106220231 0.068375919014215483 0.19541774690151217 0.23437566310167315 0.24458754062652591 -0.10675961151719092 0.48140239715576177 -0.16422200202941892 0.14059860259294513
decision_type=2 2 2 2 2 2 2 2 2 2 2 2 2 2 2 2 2 2 2 2 2 2 2 2 2 2 2 2 2 2 2 2 2 2 2 2 2 2 2 2 2 2 2 2 2 2 2 2 2 2 2 2 2 2 2 2 2 2 2 2 2 2 2 2 2 2 2 2 2 2 2 2 2 2 2 2 2 2 2 2 2 2 2 2 2 2 2 2 2 2 2 2 2 2 2 2 2 2 2 2 2 2 2 2 2 2 2 2 2 2 2 2 2 2 2 2 2 2 2 2 2 2 2 2 2 2
left_child=1 2 3 48 43 47 -4 -7 9 10 -3 12 99 -14 25 30 123 18 19 21 117 24 -23 29 98 26 27 41 51 103 31 33 34 37 35 57 -34 38 102 -38 -41 42 -13 44 54 -22 -47 -6 -1 -50 -48 111 -53 -46 56 -56 100 94 -59 -18 61 119 64 109 -62 86 68 -68 -63 -32 -2 72 -72 74 75 -74 77 -75 -31 -29 81 -35 -55 84 85 87 -66 89 -89 -54 -91 -92 93 -42 -33 -26 -97 -24 -8 -10 -5 -85 -15 -19 -57 -58 107 108 118 110 -64 113 -113 -28 -115 -17 -73 -20 -51 120 122 -122 -25 -9 -114 -126
right_child=70 8 6 4 5 7 17 16 11 -11 -12 14 13 15 -16 115 59 23 20 -21 45 22 97 60 95 -27 28 79 -30 78 69 32 36 80 -36 -37 39 -39 -40 40 92 -43 -44 -45 53 46 50 -49 49 106 -52 52 83 82 55 104 105 58 -60 -61 62 66 63 -65 65 -67 67 -69 -70 -71 71 116 73 76 -76 -77 -78 -79 -80 -81 -82 -83 -84 101 -86 -87 -88 88 -90 90 91 -93 -94 -95 -96 96 -98 -99 -100 -101 -102 -103 -104 -105 -106 -107 -108 -109 -110 -111 -112 112 124 114 -116 -117 -118 -119 -120 -121 121 -123 -124 -125 125 -127
leaf_value=-0.0088058725971251871 -0.017195605961082782 0.0038998734988871064 -0.024729433082932878 0.019731991066504504 -0.015880602625985007 0.015109362493847799 0.012561132139673694 -0.0015956893186970357 0.0099918866799766897 0.011248316935383324 -0.020644065597469067 -0.013281100894574441 0.01589014747331367 0.0059130236581972058 0.011131205651361532 -0.0069818949794183596 0.0025562935658392234 0.015796935144906279 -0.0050348718983150428 -0.024386730398130697 -0.018958396759213864 -0.012836565850808621 -0.0038591904978578133 -0.0062265031046853658 0.021731479794066401 0.0041568470831520061 0.0022134304960945532 -0.0073651297213470808 -0.012599148845350417 -0.010158620594896008 0.00019293019768460912 0.019064147053189696 -0.028904435899445344 0.011557160671866197 0.019507557664262289 -0.014978004481679399 -0.02408853950675156 -0.01893398549900711 0.017119039890755063 0.013912715451815934 0.010249154206142351 0.017163285287891576 0.010362881777293602 0.019837374032397367 0.010926761934915617 -0.017816027391323954 0.0098779970618244617 -0.0035654322032275055 0.017360011388550204 0.0028213903114305307 -0.013453925155375067 0.010927235828230049 0.011526531633926536 -0.016151728629431903 -0.01203594504862977 0.017622496480572066 0.029984523091991015 0.0014310508880647364 -0.016531829289027602 -0.013975219722062624 0.010180513897238357 -0.00081547883212202104 0.002565319320629424 0.00057369305250875582 -0.0013161440164992449 0.0072249123966605048 -0.017449399974480608 0.008639931256643139 0.014716835544720116 -0.017104049049660189 0.010046153722763688 -0.023182565167305522 -0.02338137228478545 0.010369856236508868 0.0086707842949406248 0.0088733590528447207 -0.024267604969809731 -0.014378244022268356 0.0042247925567279266 -0.023316239835897774 -0.010081486917605935 -0.0048176025267064656 0.0011579270423414769 -0.0018902094784251627 -0.012017943762934098 0.0038477283168352134 -0.020534187157909289 -0.0015952311436105741 -0.023632726272716686 0.0088923759784974403 -0.018586390310541726 0.0019687827792373943 -0.020407111215371768 -0.011674798460265029 0.0016381818252688247 -0.0043566016970383471 0.011910116410174115 0.015951776197901248 -0.0050172021825532903 -0.0076412880855836127 9.4580363824968097e-05 -0.019582389252862136 -0.015527360209362184 -0.0029605162444749579 3.1890283016901867e-05 0.0087882079773513727 -0.011538597072307793 0.012324142725037086 0.014854626298247174 -0.018249617746935398 -0.014024720994360737 0.014619632849231536 -0.011453492737844259 -0.017556763335014741 0.0010961721873277922 -0.028045231816923647 -0.0061274661649355312 0.015844999662867322 -0.016039757984299463 -0.01333535724283445 -0.019280654226861812 0.0021022424976883392 0.013735397482898077 0.014981468216258462 0.0028210753258456722 -0.011276677868043782
leaf_weight=361 545 549 263 250 1431 449 291 523 1275 2876 460 451 362 255 1329 333 444 986 357 506 1721 1208 448 253 403 9240 658 647 650 548 411 304 317 1935 271 619 348 414 315 383 261 345 308 356 260 747 498 1125 1014 422 252 2272 903 691 486 361 339 589 481 983 808 596 541 1150 396 414 291 277 1175 838 529 393 385 256 974 250 371 336 1388 648 250 406 419 855 433 9701 465 2578 379 551 458 367 462 479 1496 515 937 328 1392 292 762 320 402 254 661 306 259 924 250 1112 840 502 590 875 307 302 589 259 313 665 358 281 447 410 1891 435
leaf_count=361 545 549 263 250 1431 449 291 523 1275 2876 460 451 362 255 1329 333 444 986 357 506 1721 1208 448 253 403 9240 658 647 650 548 411 304 317 1935 271 619 348 414 315 383 261 345 308 356 260 747 498 1125 1014 422 252 2272 903 691 486 361 339 589 481 983 808 596 541 1150 396 414 291 277 1175 838 529 393 385 256 974 250 371 336 1388 648 250 406 419 855 433 9701 465 2578 379 551 458 367 462 479 1496 515 937 328 1392 292 762 320 402 254 661 306 259 924 250 1112 840 502 590 875 307 302 589 259 313 665 358 281 447 410 1891 435
internal_value=-0.000242957 2.99013e-05 -0.00149748 0.000974135 -0.000900447 -0.00507259 -0.00295837 -0.000144122 0.00105569 0.00642933 -0.00725639 0.000649395 -0.00185853 -0.00295495 0.00156853 -0.0035356 -0.00306959 -0.002707 -0.00529346 -0.00165775 -0.0109988 0.000428157 -0.00604544 -0.000778284 0.00406998 0.00121754 0.000214796 -0.00697628 0.000914399 0.00474411 -0.00276517 -0.00168248 -0.00456418 0.00266389 -0.0007237 -0.00231505 -0.0109636 -0.00515099 0.00070137 -0.00798376 -0.00440158 0.00284943 -0.00362708 0.00366887 0.00238513 -0.0138259 -0.00789525 -0.0104747 0.00640812 0.00815323 0.00196198 0.00128182 0.00230597 -0.00564761 0.00587456 0.000356622 0.0108748 0.000412457 -0.00661728 -0.008802 -0.00252403 0.000782548 -0.00503788 -0.00823733 0.000540857 -0.00554411 0.0060186 -0.00465649 0.00946904 -0.0113792 -0.00570404 -0.00415631 -0.00133832 -0.00369878 0.00103378 -0.0106084 -0.0116313 -0.00362879 0.000131672 -0.0153801 0.00686068 0.00869669 -0.00958613 0.00111897 0.00172372 0.00212616 -0.0117388 -0.00105689 -0.00444383 0.00332122 -0.00204349 -0.00940083 -0.0102803 -0.00389311 0.00461446 0.00954148 0.00611791 0.0044737 -0.00194089 0.006669 0.00501164 -0.0067519 -0.00714034 0.011914 0.00629044 0.0199988 0.00382313 0.00593536 -2.987e-05 -0.0123167 -0.00750581 -0.00237613 0.000282161 -0.00733003 -0.0126755 -0.0170657 -0.0130011 0.00368551 -0.00517518 -0.00531002 -0.00129269 -0.00982176 0.00645587 0.00565599 -0.00218277 0.000161024
internal_weight=97175 92547 37169 13799 10256 5365 23370 2809 55378 3885 1009 51493 13800 12233 37693 11871 2360 23107 9862 6028 3834 5522 1984 13245 3538 36364 27124 2399 24725 3176 11236 9987 6010 3977 3760 3489 2250 1386 972 1933 1585 1104 759 4891 4535 3218 1497 2556 3543 3182 750 24075 18817 1370 3165 1508 1657 2870 1070 1427 10069 4343 5726 3643 2083 1275 2339 568 1771 1249 4628 4083 3101 2572 1609 635 963 592 1936 1295 2591 2341 1110 16545 15370 14937 861 5236 2957 2279 1376 825 1202 740 1800 1855 1452 776 1683 1567 1012 1175 657 1240 1022 645 2168 1909 985 2493 1381 5258 3418 1840 1182 635 982 616 735 2004 1339 639 700 933 2916 2326
internal_count=97175 92547 37169 13799 10256 5365 23370 2809 55378 3885 1009 51493 13800 12233 37693 11871 2360 23107 9862 6028 3834 5522 1984 13245 3538 36364 27124 2399 24725 3176 11236 9987 6010 3977 3760 3489 2250 1386 972 1933 1585 1104 759 4891 4535 3218 1497 2556 3543 3182 750 24075 18817 1370 3165 1508 1657 2870 1070 1427 10069 4343 5726 3643 2083 1275 2339 568 1771 1249 4628 4083 3101 2572 1609 635 963 592 1936 1295 2591 2341 1110 16545 15370 14937 861 5236 2957 2279 1376 825 1202 740 1800 1855 1452 776 1683 1567 1012 1175 657 1240 1022 645 2168 1909 985 2493 1381 5258 3418 1840 1182 635 982 616 735 2004 1339 639 700 933 2916 2326
is_linear=0
shrinkage=0.0667171


Tree=16
num_leaves=127
num_cat=0
split_feature=11 153 80 18 80 3 61 20 33 21 149 104 153 96 99 0 17 12 22 20 17 81 18 97 162 11 16 12 20 80 20 11 33 12 21 20 20 153 1 33 5 12 12 19 12 0 74 21 21 11 33 15 18 16 201 10 99 17 17 17 12 12 13 0 92 200 33 18 18 183 19 21 92 97 19 97 19 19 0 18 21 12 10 92 99 20 0 84 12 97 171 99 0 20 17 12 16 74 33 18 36 81 20 16 12 96 171 99 12 17 62 69 12 153 69 19 17 14 200 99 104 19 11 21 13 4
split_gain=26.9894 32.2093 27.8258 23.0208 34.2619 23.4086 22.944 26.2883 22.1603 28.3375 21.5732 22.4987 20.6015 54.5124 32.855 23.4512 22.9682 24.4274 21.7458 22.7749 20.9789 34.7808 23.1643 21.2259 26.4423 20.4884 25.0271 23.2589 25.6441 20.0004 20.5582 19.8566 17.7324 20.5466 37.9529 20.6921 20.0039 20.8153 25.2167 21.845 18.4053 17.8509 18.4948 19.5645 24.1605 17.7041 17.3461 20.1597 26.5894 16.8552 25.9951 22.3991 22.9855 21.9639 19.2926 16.8214 27.2152 32.1015 22.5723 18.2193 25.4392 48.8634 30.5161 25.7658 23.7969 21.405 18.1819 17.1563 16.7631 20.4821 16.6756 19.0973 16.4807 16.4615 41.5421 33.0362 39.6621 39.5222 38.6188 37.9349 25.5579 23.733 23.4137 36.691 22.4083 21.5869 28.7479 21.1983 20.6355 24.7087 26.628 17.6863 17.537 18.4399 17.3366 20.4574 19.6461 20.2696 20.1765 24.048 19.145 16.8929 16.283 24.9035 16.1259 16.0513 15.6459 15.6148 18.814 25.6707 19.2008 14.786 18.0231 21.8546 18.4535 14.7034 15.2988 14.4618 16.0648 14.4293 26.8256 17.7815 17.9294 17.5216 14.2233 14.1339
threshold=-0.065999493002891527 0.46577584743499761 -0.19591419398784635 -0.28176027536392206 -0.084548834711313234 0.14074952155351642 0.7616940736770631 0.12208744138479234 -0.5081706941127776 -0.95401629805564869 -1.2031362056732176 -1.2506989836692808 -0.12640466541051862 0.091896433383226409 0.049861965700984008 0.36789773404598242 0.43503272533416754 0.38523754477500921 -0.13172751665115354 0.44688706099987036 -0.1742647588253021 0.10270950570702554 0.29585492610931402 0.15477208793163302 -0.16031220555305478 -0.31809487938880915 0.23322368413209918 0.98597595095634472 0.23838046193122867 -0.11203153803944586 0.6061491370201112 0.50153034925460827 -0.017734032124280926 0.26444762945175176 0.25547145307064062 -0.28111809492111201 0.06483879312872888 0.3148533701896668 -0.015625000465661284 -0.14947065711021421 -1.0000000180025095e-35 -0.26206639409065241 -0.063543215394020067 -0.049856735393404954 0.081860329955816283 0.080965910106897368 0.3565699458122254 0.081562805920839324 0.22838824987411502 0.24473246932029727 -0.32213385403156275 0.20769999921321872 0.11253532022237779 0.17554673552513125 -0.099122058600187288 0.36266663670539862 0.27644868195056921 -0.1488099470734596 -0.26389588415622706 -0.055835191160440438 0.2023468762636185 0.3967773318290711 -0.25133885443210596 0.01278409129008651 -0.061511831358075135 -0.09777070581912993 0.48929505050182348 -0.1645485237240791 0.15907739847898486 -0.20801066607236859 0.14869761466979983 0.52789884805679332 -0.12437407672405242 0.15890226513147357 0.021033186465501789 0.014801548793911936 -0.048940237611532204 -0.12042235583066939 -0.28551135957241053 0.036828249692916877 -0.094952691346406923 0.057469949126243598 -0.061761943623423569 1.0000000180025095e-35 0.10227735713124277 -0.18270686268806455 -0.0071022729389369479 0.17815957963466647 -0.054104177281260483 0.11448131501674653 0.12585126608610156 0.32653617858886724 0.29687500000000006 0.020124746486544613 0.60598978400230419 0.018025185912847522 -0.26768492162227625 -0.16184242069721219 -0.033821947872638695 0.081946276128292098 0.62323942780494701 0.33614516258239752 -0.36239026486873621 0.18508277088403705 0.22810532152652743 0.20081847161054614 0.018399091437458995 0.11083136126399042 0.061242127791047103 -0.34033221006393427 0.35278654098510748 0.011803055182099344 -0.057807670906186097 -0.02172512840479612 -0.045960914343595498 -0.11254805326461791 -0.2523908913135528 0.47768600285053259 0.082168344408273711 0.34816120564937597 0.62391105294227611 0.54896092414855968 0.24473246932029727 -0.36280260980129236 -0.43376313149929041 -0.47994188964366907
decision_type=2 2 2 2 2 2 2 2 2 2 2 2 2 2 2 2 2 2 2 2 2 2 2 2 2 2 2 2 2 2 2 2 2 2 2 2 2 2 2 2 2 2 2 2 2 2 2 2 2 2 2 2 2 2 2 2 2 2 2 2 2 2 2 2 2 2 2 2 2 2 2 2 2 2 2 2 2 2 2 2 2 2 2 2 2 2 2 2 2 2 2 2 2 2 2 2 2 2 2 2 2 2 2 2 2 2 2 2 2 2 2 2 2 2 2 2 2 2 2 2 2 2 2 2 2 2
left_child=2 12 -1 4 -4 6 7 -6 9 -5 -10 -12 13 14 -2 18 17 -17 -14 20 21 107 45 31 -25 27 73 28 55 -3 49 32 36 35 -35 102 37 38 39 -22 -41 -40 -43 -44 -45 -23 -37 -48 -49 51 -51 52 -31 -52 -54 58 -57 -58 72 60 63 62 -62 -60 -61 -63 67 -66 69 -38 -21 -72 -13 74 75 76 81 84 79 -79 85 92 -78 -84 -77 86 -75 -83 106 90 -90 -87 94 -94 95 96 -27 -98 99 -99 -96 -93 103 -34 -68 -59 -76 115 110 -110 -109 112 113 -100 -115 -20 -117 118 -7 121 123 122 -15 -121 -119 -26
right_child=1 29 3 8 5 117 -8 -9 10 -11 11 25 15 119 -16 16 -18 -19 19 70 23 22 -24 24 125 26 -28 -29 -30 30 -32 -33 33 34 -36 46 68 -39 41 40 -42 42 43 44 -46 -47 47 48 -50 50 53 -53 54 -55 -56 56 57 105 59 64 61 65 -64 -65 66 -67 104 -69 -70 -71 71 -73 -74 80 88 77 82 78 -80 -81 -82 87 83 -85 -86 91 -88 -89 89 -91 -92 101 93 -95 100 -97 97 98 111 -101 -102 -103 -104 -105 -106 -107 -108 108 109 -111 -112 -113 -114 114 -116 116 -118 124 -120 120 -122 -123 -124 -125 -126 -127
leaf_value=-0.013565137703460024 0.003128661217821624 -0.017025196400913489 -0.016384156360527889 -3.1690576088416625e-05 0.027229247352824636 -0.007989103543121101 -0.0060790097327135095 0.0070441999135276599 0.017073571386666674 -0.024742053304262813 -0.020449799458224151 0.023751708710818699 0.0038772095989212042 0.01661564863656783 -0.021721655365672405 0.00069546937566244233 -0.01479407511048173 -0.017909420369214012 0.0012237692939626509 0.01718596348577776 0.014140909676303492 -0.0036100504462713836 0.01689058523349023 0.008199606219108372 -0.021543456494873662 0.0074910659054221503 -0.016968417772784485 -0.018854698392919873 0.011900752230809948 -0.013106616460261556 -0.020392763585005177 -0.014000658319445476 0.012308917415878654 0.029665386917116603 -0.0052865197987689875 0.0016512136969675122 0.0070696437627516045 0.019770594880175324 -0.0013438884415274701 0.00056396954921372191 -0.016536937418509763 0.016572943916464619 0.018825477435571704 -0.0099064261209236733 0.013345286837911016 0.0094036462387430235 -0.011393009067290471 0.006911431644776346 -0.0084967202314125256 0.0035414580704720539 0.0047498929510453669 0.020991330333815165 0.014165599097579801 -0.017257208249311318 -0.004182548114277874 -0.015667240578359089 -0.0098275750615363505 -0.0013263733579052714 -0.0035148397845163543 0.01349069270180492 0.015399955671896413 -0.029137050368075516 -0.011081378594003969 -0.030019399947719131 0.018197329691229152 -0.0025638517363610249 0.004702093039999254 0.0015872531983839222 0.0092565475818196675 -0.011767470328879171 0.015074824454690517 -0.0050282258784019596 0.0028133342649213763 -0.0004163905428009074 -0.0049592285051759041 -0.024750749116059092 -0.024266718178492529 -0.017750814297908216 0.015647684701204367 0.013323587376664676 -0.012391119601919463 -0.0012360709709425923 0.0092517921634144643 -0.017618183074639207 0.0021823671637924806 0.01335507032101132 -0.027069019373134905 0.020305504007513152 0.020303299424722955 -0.0054295728459111707 -0.0037375168420446612 -0.0079207674703846553 -0.024473864304306238 -0.0046252966630139988 0.015903594648481234 -0.019045160987984141 0.01075325493773986 -0.02099424470060628 0.010780776889627659 -0.0019007868061540094 -0.0056499917188347392 0.011881866611756121 -0.020808935864200163 -0.016248040266533606 -0.013161548541864455 0.016784198268334868 0.010322848106472292 0.0076079775046083995 0.0013928353752610616 -0.027086633750813213 -0.0083050587813270245 -0.0076761795079814061 -0.014559050052973137 -0.015217841445996758 0.0029084664714905889 -0.0060713189950351255 -0.018194778557113187 0.017137148974914269 0.007761693563237416 0.01549663435145739 0.020074364258718808 0.027824641409530435 -0.0027385278332801456 -0.0042916566204709346 -0.0026757057838980554 -0.0056121691474585724
leaf_weight=859 517 531 346 402 517 926 250 655 266 425 285 338 9666 676 429 2388 766 358 373 586 295 1693 422 594 278 671 548 261 904 432 285 364 261 292 255 15000 367 486 625 712 454 1327 321 490 330 638 1040 1114 897 741 254 257 520 907 491 705 782 384 373 802 779 269 253 291 320 272 340 1975 439 826 337 545 335 472 973 287 646 393 1195 309 1760 484 352 615 255 499 290 343 964 321 255 659 367 488 420 386 357 713 844 503 318 266 352 276 639 487 426 865 272 282 548 1887 308 384 697 808 1118 387 413 257 422 370 304 845 268 2256
leaf_count=859 517 531 346 402 517 926 250 655 266 425 285 338 9666 676 429 2388 766 358 373 586 295 1693 422 594 278 671 548 261 904 432 285 364 261 292 255 15000 367 486 625 712 454 1327 321 490 330 638 1040 1114 897 741 254 257 520 907 491 705 782 384 373 802 779 269 253 291 320 272 340 1975 439 826 337 545 335 472 973 287 646 393 1195 309 1760 484 352 615 255 499 290 343 964 321 255 659 367 488 420 386 357 713 844 503 318 266 352 276 639 487 426 865 272 282 548 1887 308 384 697 808 1118 387 413 257 422 370 304 845 268 2256
internal_value=-0.000303352 0.000576616 -0.00171436 -0.00143233 0.0035036 0.00553944 0.0120734 0.015994 -0.0020042 -0.0127713 -0.0017216 -0.00188286 0.00101636 0.00574227 -0.00810646 0.000663712 -0.00459408 -0.0017307 0.00105088 0.000333536 6.28114e-06 -0.00327188 0.00256224 0.000783588 -0.00440904 -0.00171063 -0.00293102 0.000684785 0.00118991 -0.00490128 -0.00323047 0.00139761 0.00161439 0.00059597 0.0133072 0.00022558 0.00458299 0.00666286 0.00524977 -0.00194954 -0.00607576 0.00866141 0.0112125 0.00494131 -0.000490593 -2.72654e-05 0.000716905 -0.00386312 1.83996e-05 -0.00185214 -0.00616814 0.00295854 -0.000251651 -0.0123979 0.00522141 0.000147736 -0.00471742 -1.84312e-05 0.00179549 0.00055109 -0.00427723 0.000322089 0.00884906 -0.0152019 0.00320986 -0.0158434 0.000675742 0.0039298 -0.00181541 -0.00593396 0.00847309 0.00263711 0.0133845 -0.00254518 -0.00159894 -0.00319516 -0.0047825 0.00380496 0.00835512 -0.0040032 -0.00640964 -0.0030802 -0.0144262 -0.00780271 -0.0120089 -0.00157568 -0.0106262 0.00766593 0.00556764 0.0108924 0.0152332 0.00325515 -0.00415131 -0.0131988 -0.00311093 -0.00417531 -0.00326274 -0.00453889 -0.00557334 -0.0131242 0.00655999 -0.00216734 -0.00969066 -0.00232229 -0.00691216 0.00875812 -0.000268745 -0.00704558 -0.00265999 -0.0130513 0.00140572 -0.00333245 0.000326731 0.0027417 -0.00350843 -0.010782 -0.0131307 0.000858759 -0.00309605 0.0103186 0.00583151 0.0153528 0.0105793 0.000319345 0.00897179 -0.00738613
internal_weight=96717 59554 37163 36304 3762 3416 1422 1172 32542 827 31715 31449 55136 3820 946 51316 3512 2746 47804 38138 36670 7019 2753 29651 3128 31164 20655 10509 10248 4418 3887 26523 26159 19487 547 18940 6672 5040 4554 1461 1166 3093 2468 1141 820 2331 18051 3051 2011 3602 1902 1700 1443 1161 1011 9344 2358 1653 6986 6313 2237 1573 1032 664 4076 541 3274 2295 1632 1193 1468 882 673 20107 16161 13222 10783 2439 1897 702 3946 9170 1613 967 542 2186 762 827 2939 1540 1219 1424 8343 855 7488 6750 6364 5693 5336 1216 738 925 889 537 979 871 1399 4266 1967 554 1413 4120 2233 1925 1081 2299 1926 1994 1339 2874 1524 1350 980 1102 655 2534
internal_count=96717 59554 37163 36304 3762 3416 1422 1172 32542 827 31715 31449 55136 3820 946 51316 3512 2746 47804 38138 36670 7019 2753 29651 3128 31164 20655 10509 10248 4418 3887 26523 26159 19487 547 18940 6672 5040 4554 1461 1166 3093 2468 1141 820 2331 18051 3051 2011 3602 1902 1700 1443 1161 1011 9344 2358 1653 6986 6313 2237 1573 1032 664 4076 541 3274 2295 1632 1193 1468 882 673 20107 16161 13222 10783 2439 1897 702 3946 9170 1613 967 542 2186 762 827 2939 1540 1219 1424 8343 855 7488 6750 6364 5693 5336 1216 738 925 889 537 979 871 1399 4266 1967 554 1413 4120 2233 1925 1081 2299 1926 1994 1339 2874 1524 1350 980 1102 655 2534
is_linear=0
shrinkage=0.0667171


Tree=17
num_leaves=127
num_cat=0
split_feature=152 11 18 20 21 153 97 99 18 12 96 33 15 21 92 95 92 97 3 12 14 79 45 14 33 92 18 73 18 73 12 182 69 99 17 21 105 16 5 152 97 20 97 18 18 99 15 20 19 73 17 20 21 21 181 21 4 73 18 4 73 73 12 9 171 21 14 99 20 92 62 152 73 99 33 18 20 18 11 17 4 15 97 20 15 199 17 81 11 17 36 19 17 16 0 62 99 92 20 19 21 19 1 69 153 15 97 105 16 201 95 95 95 153 18 16 9 19 95 4 15 36 20 12 96 46
split_gain=26.7861 29.3905 28.3293 25.4046 30.6815 24.3676 44.049 33.3436 24.0322 25.7929 28.9709 28.0547 25.004 24.7707 32.7591 24.4849 21.4914 21.4076 26.1705 32.167 21.2736 20.796 18.8174 19.6517 18.4663 18.0859 22.3839 29.9864 19.8399 25.3771 24.325 21.0361 27.8795 26.8568 31.6334 20.8452 17.4688 24.2366 23.568 19.3799 18.192 33.0376 34.9783 28.8823 36.1468 44.0323 32.5642 29.7354 41.5075 37.9484 28.3466 27.1311 26.4356 25.02 23.6554 21.0506 20.6149 20.121 19.4738 32.0164 19.1515 35.7306 22.9555 17.7374 17.3495 17.328 17.2234 30.3255 25.6598 35.172 30.49 21.2831 20.5971 17.239 17.1905 16.9192 22.983 16.7855 18.9226 17.7393 16.1799 17.1514 16.1775 16.1087 15.8624 15.7292 18.8927 15.622 28.1509 21.8796 38.8537 35.8773 43.3308 28.1517 22.9748 21.0395 28.1296 20.2176 21.3801 23.8704 24.4258 19.0387 33.4698 18.3545 18.901 28.6841 17.8579 22.0256 20.9746 17.5521 18.4504 16.6821 17.9304 16.5539 16.2508 15.6707 15.5106 15.2219 14.9679 14.9263 14.9135 14.7451 14.6955 37.2356 14.8729 19.3843
threshold=0.44893740117549902 -0.063611030578613267 -0.28176027536392206 0.45837846398353582 0.50897553563117992 -0.12640466541051862 0.095585417002439513 0.044911269098520286 -0.14361403882503507 -0.18144819885492322 -0.205090656876564 0.55729359388351452 -0.15614615380764005 0.031650897115468986 0.049462545663118369 -0.23335949331521985 -0.28413879871368403 -0.16835432499647138 -0.44410437345504755 0.0099198627285659331 -0.083325892686843858 -0.080264881253242479 0.057518243789672859 0.025305059738457206 -0.16938595473766324 -0.19736514240503308 -0.065505117177963243 -0.016595400869846341 0.25257980823516851 -0.094320066273212419 0.35346306860446935 -0.56698891520500172 -1.2086187005043028 0.55510717630386364 -0.36147263646125788 0.24143882095813754 0.4124723374843598 0.21882000565528872 1.0000000180025095e-35 0.21621096134185794 -0.11447394266724585 -0.023025206290185448 -0.15803670883178708 0.15989314764738086 0.04206181317567826 0.027233794331550602 -0.19153077155351636 0.030231527052819732 -0.071751996874809251 -0.31974238157272333 -0.045121161267161362 0.03807597607374192 0.1100946180522442 -0.15856117010116574 0.42354816198349005 -0.17732463032007215 -0.028517822735011574 0.0328891258686781 -0.030963981524109837 -0.35746204853057856 -0.064527634531259523 -0.55675289034843434 0.29780194163322454 -0.27909177541732783 0.2842520028352738 0.021598694846034053 0.46726934611797338 0.70938816666603099 0.12208744138479234 0.34144034981727606 0.44952681660652166 -0.070346530526876436 -0.097218062728643403 0.45546452701091772 0.46144928038120275 0.059295460581779487 -0.059773227199912064 0.19194141775369647 -0.15771541744470594 -0.018372043035924431 -0.42501027882099146 -0.18230000138282773 0.12646534293890002 -0.23208858817815778 -0.203069232404232 -0.25262632966041559 -0.28532609343528742 0.087484743446111693 0.50153034925460827 -0.14575393497943875 -0.066901408135890947 -0.033522482961416238 -0.24203638732433316 0.16127510368824008 0.38210226595401769 -0.05520504713058471 0.059522232040762908 -0.23620337247848508 -0.24021986126899716 0.32145911455154424 -0.018920064903795716 -0.12596915662288663 -0.17471590638160703 0.11109149828553201 0.056711306795477874 -0.09385384619235991 -0.25685966014862055 -0.027937212958931919 -0.0069383415393531314 -0.49729703366756434 0.32234054803848272 0.046852784231305129 0.19785572588443759 0.081744063645601286 0.40874977409839636 0.094485837966203703 0.0020428455900400881 0.21089855581521991 -0.029748969711363312 -0.10926083102822302 0.2322846129536629 0.14436619728803637 0.09572381898760797 -0.2261419594287872 -0.059752836823463433 -0.092949863523244844
decision_type=2 2 2 2 2 2 2 2 2 2 2 2 2 2 2 2 2 2 2 2 2 2 2 2 2 2 2 2 2 2 2 2 2 2 2 2 2 2 2 2 2 2 2 2 2 2 2 2 2 2 2 2 2 2 2 2 2 2 2 2 2 2 2 2 2 2 2 2 2 2 2 2 2 2 2 2 2 2 2 2 2 2 2 2 2 2 2 2 2 2 2 2 2 2 2 2 2 2 2 2 2 2 2 2 2 2 2 2 2 2 2 2 2 2 2 2 2 2 2 2 2 2 2 2 2 2
left_child=1 2 66 5 -5 6 7 -3 9 10 -7 16 122 15 -15 -12 -11 -18 19 -19 -21 -2 23 -20 -6 26 27 -4 31 30 -30 -27 -33 35 -35 36 37 39 -38 40 41 42 -34 44 45 60 -46 48 54 50 -50 55 58 63 80 -43 65 -51 -49 -60 61 -42 -62 -45 -31 -53 68 -68 69 71 72 73 -70 -1 -24 76 -28 78 -77 -80 -47 -82 -61 -25 -79 -36 -87 88 89 91 -91 93 -93 95 97 115 -97 103 116 100 101 102 -100 104 105 -92 -102 111 -109 -110 -111 113 -113 -108 -89 -14 -99 -22 -23 -26 -116 -65 124 -124 -10 -126
right_child=21 3 25 4 24 8 -8 -9 12 11 13 -13 87 14 -16 -17 17 18 22 20 117 118 74 83 119 28 75 -29 29 64 -32 32 33 34 85 -37 38 -39 -40 -41 43 51 -44 53 46 47 -48 52 49 57 -52 56 -54 -55 -56 -57 -58 -59 59 82 62 -63 -64 121 -66 -67 67 -69 70 -71 -72 -73 -74 -75 -76 77 -78 84 79 -81 81 -83 -84 -85 -86 86 -88 114 -90 90 94 92 -94 -95 -96 96 -98 98 99 -101 106 -103 -104 -105 -106 -107 107 108 109 110 -112 112 -114 -115 120 -117 -118 -119 -120 -121 -122 -123 123 -125 125 -127
leaf_value=0.029366718530077954 -0.0095729429756569537 0.0042949469362483636 -0.011988172960096169 0.028275760805007422 -0.0059173407109151107 -0.012320728663362335 0.0099967485881421753 -0.020569486966759268 -0.0079342041049370923 0.015208981214104441 0.0067936843590784383 -0.016097519925587906 0.024062139936515532 -0.011876318136920239 0.011053302308723192 0.027564061904938417 0.01008598248341675 -0.01633674699883304 -0.01176262588220189 -0.0036028940065398135 0.02221775446545627 0.004760394197769669 -0.004285486369470513 -0.015999744284920386 0.017658297640275187 -0.01079131969006919 -0.0021271916818701858 0.016933108694466216 0.023351519341136686 0.0019154215807411009 0.00026306266845020539 0.017345985886260403 0.018639204421056706 -0.026023877190958805 -0.020055580725551077 0.017229542259278797 0.019474320403938133 -0.022395904993453411 -0.0043322335059814438 -0.013999080311858246 -0.012019424085874022 0.0020087564291445949 -0.0057059919870766944 0.0071618411768404177 0.015153304067210334 -0.035190483827483167 0.0015417135228821617 0.0095112855178162096 -0.0016299362106951413 -0.0054776921675610156 0.021227917947902897 0.0061877801756507348 -0.014301933022169862 -0.022329294501161841 0.0019815015747715464 -0.017533381588985548 -0.011275181788100955 -0.025190838536442141 0.016077748338373745 -0.0016619972424490193 0.0034001699330614495 0.015109228564930551 -0.016879916439769507 -0.01325670269188526 -0.014202502994554944 -0.012683460341341494 0.019194260902580175 -0.00093901615993289634 -0.020107951723750437 -0.013476372826714876 0.010789085830780087 -0.00206297919617627 -3.2446178917633768e-05 0.0069878855286450011 0.0087572962863749198 0.0070154368194023176 -0.023771571540983014 -0.0020780360259339864 -0.017831205381643848 0.0034953775644267042 -0.0089359153961701028 -0.026765698806547659 -0.02197952290101966 0.0019076362941189058 -0.024383726967354233 0.010238159278548232 -0.0078217617891253866 0.0034493342926252761 -0.012272770833269345 0.012173432887776177 0.014424931727015268 -0.0016492877627703952 -0.02029342229719474 -0.014708540321643367 -0.0075219123532299275 -0.012332028960949523 0.01396289473922961 0.0033426853002461298 0.025293784951003855 -0.0094299125005573945 0.014172359507811292 0.019589405799300189 -0.0036553943202209177 -0.020179311699785187 0.010267395229867152 -0.010267049966461064 0.0285753495119992 -0.012395575367365366 0.019053137799434836 0.00066903936240040316 0.017626004152767331 -0.0077956292688569325 0.014807953709447503 0.0094962617235987892 0.0010848092738866837 0.0042460057347361588 -0.011929221826155989 0.0052077770433505439 -0.0063229480266778658 -0.00066216628754958565 0.021275588967353706 0.0050742284486430186 0.011226798611501304 -0.015270290752596097 -0.013386904809884873 0.00594511983204831
leaf_weight=390 2383 550 274 303 460 424 2860 419 2670 285 818 751 436 561 542 367 500 306 2898 508 445 1130 2142 281 514 1209 336 371 465 2563 362 331 482 414 251 260 396 253 339 557 256 291 567 442 1271 255 2042 1321 571 2010 411 1047 400 424 254 1410 797 259 282 413 1917 1269 282 784 333 269 732 601 565 262 353 254 372 258 565 633 634 250 408 294 598 409 303 1037 333 387 754 7573 688 1640 255 1588 853 285 1184 384 337 507 251 570 628 783 584 270 445 1090 284 477 256 6954 295 389 256 724 257 305 694 504 1036 313 453 254 803 330 307 897
leaf_count=390 2383 550 274 303 460 424 2860 419 2670 285 818 751 436 561 542 367 500 306 2898 508 445 1130 2142 281 514 1209 336 371 465 2563 362 331 482 414 251 260 396 253 339 557 256 291 567 442 1271 255 2042 1321 571 2010 411 1047 400 424 254 1410 797 259 282 413 1917 1269 282 784 333 269 732 601 565 262 353 254 372 258 565 633 634 250 408 294 598 409 303 1037 333 387 754 7573 688 1640 255 1588 853 285 1184 384 337 507 251 570 628 783 584 270 445 1090 284 477 256 6954 295 389 256 724 257 305 694 504 1036 313 453 254 803 330 307 897
internal_value=-0.000277322 -3.12318e-05 -0.00147248 0.000949453 0.00925336 0.000701546 0.00582803 -0.0064251 0.000305179 -0.00216655 0.00360799 -0.00370275 0.00117721 0.00658746 -0.000572234 0.0132766 -0.00271345 -0.00327682 -0.00405267 0.00318617 0.0073348 -0.00527378 -0.00590204 -0.00868995 0.00472218 -0.00208805 -0.00660526 0.00457222 -0.0015575 0.00299672 0.0132842 -0.00220025 -0.0017865 -0.00204372 -0.00987514 -0.00142909 -0.00164467 -0.00198258 0.00844347 -0.00174253 -0.00141897 -0.0050026 0.00544892 -0.000355591 0.000655437 -0.0011514 0.0067764 -0.00410254 -0.00727846 -0.00301422 0.00790975 -0.00788965 0.00145205 -0.00807636 -0.0163903 -0.0141603 -0.00282158 -0.00775922 0.00419776 -0.00280059 0.00477019 0.0105119 0.000771529 -0.00395427 4.22335e-05 0.00228474 0.00399335 0.0100931 0.000664209 0.00784671 -0.00579531 0.0141116 -0.0121024 0.02052 -0.00154706 -0.00911858 -0.0163059 -0.00545793 -0.00130307 -0.00884576 -0.0201316 -0.0162408 -0.0103225 -0.00190892 -0.0148776 -0.00502771 -0.00166068 0.00187003 0.000987123 0.0013912 0.00237619 -0.00295893 -0.00818494 0.00432098 0.001422 0.00807777 1.11881e-05 0.00209909 0.00303014 0.00385179 0.00449382 0.0121128 0.00505273 -0.00405032 -0.00158282 -0.00553796 0.00328757 0.0025718 0.00111494 0.00198141 0.00136873 0.00957688 0.00115522 0.014935 0.00436093 0.015955 -0.00544855 0.0132317 -0.000528372 0.0106807 0.0140064 -0.00872476 -0.00320023 0.00345629 -0.00515842 0.000966844
internal_weight=97088 92539 37484 55055 1590 53465 3829 969 49636 12934 2712 10222 36702 2288 1103 1185 9471 9186 8686 1763 1457 4549 6923 4216 1287 33697 3533 645 30164 3723 827 26441 25232 24901 1806 23095 22835 22100 735 21847 21290 4863 1049 16427 14523 11210 3313 7486 4767 3251 982 3814 2719 1904 1516 1701 2113 2269 2319 998 3724 1525 2199 1480 2896 1316 3787 1333 2454 1164 1290 902 937 648 2707 2888 970 1918 1335 702 1262 1007 716 1318 583 1392 1141 31695 23412 22724 18536 4188 2441 1747 16896 1462 721 15712 13652 12451 11881 1618 835 2060 1790 1345 10263 9635 7982 7505 7249 1653 645 1008 8283 741 1201 949 2166 827 710 1038 5007 1133 3874 1204
internal_count=97088 92539 37484 55055 1590 53465 3829 969 49636 12934 2712 10222 36702 2288 1103 1185 9471 9186 8686 1763 1457 4549 6923 4216 1287 33697 3533 645 30164 3723 827 26441 25232 24901 1806 23095 22835 22100 735 21847 21290 4863 1049 16427 14523 11210 3313 7486 4767 3251 982 3814 2719 1904 1516 1701 2113 2269 2319 998 3724 1525 2199 1480 2896 1316 3787 1333 2454 1164 1290 902 937 648 2707 2888 970 1918 1335 702 1262 1007 716 1318 583 1392 1141 31695 23412 22724 18536 4188 2441 1747 16896 1462 721 15712 13652 12451 11881 1618 835 2060 1790 1345 10263 9635 7982 7505 7249 1653 645 1008 8283 741 1201 949 2166 827 710 1038 5007 1133 3874 1204
is_linear=0
shrinkage=0.0667171


Tree=18
num_leaves=127
num_cat=0
split_feature=73 92 20 16 11 152 181 21 97 17 15 17 16 69 73 11 95 201 96 80 62 80 73 95 95 20 19 96 13 20 11 96 95 12 12 12 12 17 99 171 22 152 16 73 152 73 20 11 36 12 5 12 12 17 36 21 46 14 19 84 14 12 19 3 21 97 12 16 159 24 13 95 12 73 24 20 95 97 20 0 11 11 95 84 74 11 96 92 61 95 73 92 85 96 19 151 97 24 61 17 73 97 11 95 201 17 3 19 95 3 36 73 17 95 96 17 73 21 61 16 19 151 99 96 12 5
split_gain=24.6005 40.4219 26.9727 31.7504 22.8483 27.8065 22.9537 24.1362 22.4744 34.5761 29.1958 24.4724 29.4772 23.7856 22.2521 28.3671 51.0436 20.5248 34.9163 19.9044 19.565 19.5422 19.5037 21.1423 23.7403 18.826 18.6396 23.0018 18.1637 17.2821 37.2988 33.6463 30.0068 19.5843 19.9967 17.07 22.6968 27.8316 25.2642 17.11 16.1876 15.4167 15.0336 22.0373 16.733 16.4932 26.0162 25.927 28.3513 31.265 21.3682 22.9322 25.8673 18.1421 21.7993 25.5041 16.4676 16.4107 16.2099 16.1522 16.0926 15.5798 14.7219 14.655 14.3686 18.9619 16.2702 14.0876 17.1368 17.1699 13.9243 13.7032 13.1705 12.6377 12.3183 13.5745 18.8976 14.8294 12.1467 12.1407 11.6653 11.4138 11.3884 11.2666 14.044 11.2102 11.1925 13.835 11.1679 16.0973 13.9671 11.1606 18.7415 12.8997 11.1343 16.3939 12.5001 10.9529 39.8649 21.6463 22.1614 29.7842 28.365 24.6322 21.9285 21.8797 29.1528 21.8985 19.6922 19.1814 21.6314 22.8064 20.5723 21.3064 20.5025 18.6599 18.551 20.1075 22.1413 18.4893 34.6402 19.6189 32.4016 28.1993 28.9446 29.3874
threshold=0.44352793693542486 0.11144522950053216 0.31519766151905065 0.34732325375080114 -0.063611030578613267 -0.11401868984103201 -0.032467741519212716 -0.72636869549751271 0.63702666759490978 -0.15226145088672635 0.19846922904253009 -0.086754873394966112 -0.1220506690442562 0.33559666574001318 -0.55675289034843434 0.47714054584503179 0.057949909940361984 -0.1214192397892475 0.20822426676750186 -0.19244085997343061 0.46004205942153936 0.14344923943281176 -0.2319969832897186 -0.1944792568683624 -0.027144393883645531 0.28155601024627691 0.46638567745685583 0.1894524618983269 -0.29443427920341486 0.39823886752128607 0.25842644274234777 0.11493257060647012 -0.043009636923670762 -0.0037206638371571894 -0.11396680027246474 -0.010560961440205572 0.086307954043149962 -0.08121809363365172 0.340865969657898 -0.055610530078411095 -0.13172751665115354 0.38465331494808203 -0.25573538243770594 0.184068538248539 0.10762965306639673 0.03982991166412831 1.0000000180025095e-35 -0.13665537536144254 0.23591549694538119 -0.023474527522921559 0.37500000000000006 0.44932454824447637 0.30926159024238592 -0.054937440901994698 0.15140844881534579 0.057099509984254844 0.060941061004996307 0.046138392761349685 -0.06963141635060309 -0.018269279971718785 0.046138392761349685 -0.01525472244247794 0.10660557076334955 -0.35044753551483149 -0.38756933808326716 0.58447322249412548 0.19405266642570498 -0.16683673113584516 0.023674401454627517 0.39310777187347418 0.33028018474578863 0.20181303471326831 0.22152833640575412 0.11857711896300317 -0.15786629170179364 0.089392870664596571 -0.14611449092626569 -0.10011629015207289 0.4951650351285935 -0.052556818351149552 -0.12337440997362135 -0.16499086469411847 -0.11578788235783576 0.085741821676492705 0.070832170546054854 -0.11696247756481169 -0.14421536773443219 0.037130132317543037 4.1915297508239755 0.39595931768417364 -0.74181994795799244 0.25889825820922857 -0.18173215538263318 0.69835960865020763 -0.06963141635060309 -0.046968242153525346 0.095585417002439513 -0.31486010551452631 0.16498103737831118 -0.1742647588253021 0.036242952570319183 0.19744521379470828 0.021886249072849754 0.20181303471326831 -0.39422647655010218 0.47177679836750036 0.42757956683635717 -0.15574982017278668 -0.10773885622620581 0.30064630508422857 0.27112676203250891 0.10854280367493631 0.40832026302814489 0.027009136043488983 -0.22595763206481931 0.17379736900329593 -0.34748879075050348 0.029367047362029556 0.60240203142166149 0.16413335502147677 -0.14660716056823728 -0.095760174095630632 0.18167524039745334 0.1184864640235901 -0.19289639592170713 -1.0000000180025095e-35
decision_type=2 2 2 2 2 2 2 2 2 2 2 2 2 2 2 2 2 2 2 2 2 2 2 2 2 2 2 2 2 2 2 2 2 2 2 2 2 2 2 2 2 2 2 2 2 2 2 2 2 2 2 2 2 2 2 2 2 2 2 2 2 2 2 2 2 2 2 2 2 2 2 2 2 2 2 2 2 2 2 2 2 2 2 2 2 2 2 2 2 2 2 2 2 2 2 2 2 2 2 2 2 2 2 2 2 2 2 2 2 2 2 2 2 2 2 2 2 2 2 2 2 2 2 2 2 2
left_child=2 29 4 8 5 6 7 91 9 17 11 12 -11 -13 88 25 20 21 78 -7 -17 -4 23 -9 -25 40 27 79 63 32 31 -31 82 34 -34 -24 -37 38 62 -39 -16 -22 43 44 73 50 -47 48 49 58 51 52 59 -49 60 57 -45 -56 -48 61 -55 74 -38 -29 66 86 -8 80 69 -69 -35 -3 -41 -21 -44 76 77 85 -19 -26 -61 -63 -2 -18 -85 -76 -66 -88 89 90 -6 92 -1 -93 95 -52 -96 98 -42 104 119 102 103 -102 -99 109 107 -107 -103 112 111 -111 113 114 -104 -115 -100 118 -118 121 -121 122 -101 124 125 -123
right_child=1 71 3 -5 14 19 64 22 -10 10 -12 13 -14 -15 15 16 83 18 -20 42 41 -23 35 24 26 -27 -28 28 -30 30 -32 -33 33 70 -36 36 37 39 -40 72 97 -43 45 56 -46 46 47 53 -50 -51 94 -53 -54 54 55 -57 -58 -59 -60 67 -62 81 -64 -65 65 -67 -68 68 -70 -71 -72 -73 -74 -75 75 -77 -78 -79 -80 -81 -82 -83 -84 84 -86 -87 87 -89 -90 -91 -92 93 -94 -95 96 -97 -98 99 116 100 101 108 105 -105 -106 106 -108 -109 -110 110 -112 -113 -114 115 -116 -117 117 -119 -120 120 -122 123 -124 -125 -126 -127
leaf_value=-0.0027975393032707405 -0.00082123796978430977 -0.022614551385046398 0.029268695992420362 -0.014064546767466431 0.030376700366510662 -0.012638343083866689 -0.0091962136855358364 0.021581330110411794 -0.0072756425222302882 0.0070511961925157456 -0.012012756009856072 0.0167061852901258 -0.021463132744438073 -0.0014971911074132668 0.003273822543353976 -0.0049130630039124733 -0.020241938798504631 -0.011229543913557679 0.022417784398245596 0.0029841361584267258 0.025311966981352296 0.0093803700721653786 0.0080569821673217839 -0.013336553089429534 -0.001595248098959235 -0.014473034413887647 0.021818977683710675 0.013465844799677894 -0.020073841368621836 0.02468984317433388 -0.012365881095121775 -0.00081064443467338942 -0.0011567092316586171 0.0020136190506569876 -0.021667504525581836 -0.017025883692597929 0.0045159430579615727 -0.016498595146688329 -0.0081560846739167515 0.0077419237230160042 0.024135485060224404 0.002436956720657601 -0.016539629149321125 -0.023948527936158242 -0.013338875082300632 -0.023253461659366665 -0.0031206726527913176 -0.02420434635653592 0.010242880335155413 -0.015276119363730176 0.0086487580814098297 0.018353113767535862 -0.022272069571113093 -0.0072995548231380679 -0.016158017760216671 -0.031409376665582529 -4.6643405007444235e-05 0.0013643921082953307 0.016766191013247292 -0.0085886052148362469 0.014123498240233297 0.0063911225469701488 0.026341021747768825 -0.0073291029568774094 0.017866208599650719 0.020226686916712325 0.002614340605019905 0.0039287591933913147 0.010857077084456924 -0.009453721209982573 -0.014569972674512174 -0.0062651886280142254 -0.0069544414621739662 0.017473002663511213 -0.028821046792912083 0.0047077633707179869 0.0012552359785755638 -0.004206401416097065 0.0063588368387131671 0.01555969150788568 0.0076433558753810152 -0.0062750908229371122 0.018600594402736249 0.0041243685734550818 -0.015317086802392724 -0.010954018155728797 -9.6975097128997376e-05 0.0080581418294743985 -0.0028770333414733823 -1.8943719840528593e-05 0.010923651714341091 0.0060873512231317452 -0.025625605485650817 -0.012621265548352592 -0.024236128651206276 -0.014871240658809643 -0.0051964445572626056 -0.015116567696174255 0.015016881117669894 -0.0055905232563999161 -0.0096744059508928251 -0.028480728422258898 -0.0076505301063889298 0.0070788671336458556 -0.0022806298158851816 0.0059835855918099808 0.013477315667249462 -0.011101512866035822 -0.006842306729616437 -0.00590720221062412 -0.015210065471903636 0.0099045052188491776 0.018369386244303437 -0.0026708043051489275 0.011405145558689061 0.0089612812275452289 0.018592205645559988 -0.013598369767625004 -0.0088645977823634172 -0.017486435696663274 0.00076128236747172824 -0.0015853416870916419 0.0069967804187592523 -0.0065175505342419011 0.011082986264889015 0.0090954317532315355
leaf_weight=275 250 642 547 377 250 951 703 276 514 379 511 952 275 473 9784 458 752 313 440 2710 261 377 509 368 258 356 254 250 252 457 401 454 310 835 679 576 268 580 293 376 389 266 481 251 252 395 537 364 741 759 254 259 260 346 501 263 254 442 271 841 278 879 288 369 254 365 1954 1735 1072 562 304 363 942 296 302 515 685 521 386 594 252 489 277 251 460 341 2123 1627 272 331 499 303 389 347 382 266 263 673 280 2234 2149 253 286 472 4889 416 339 1603 723 928 470 716 455 2453 1839 815 261 513 254 527 3635 2650 1531 815 3462 2011
leaf_count=275 250 642 547 377 250 951 703 276 514 379 511 952 275 473 9784 458 752 313 440 2710 261 377 509 368 258 356 254 250 252 457 401 454 310 835 679 576 268 580 293 376 389 266 481 251 252 395 537 364 741 759 254 259 260 346 501 263 254 442 271 841 278 879 288 369 254 365 1954 1735 1072 562 304 363 942 296 302 515 685 521 386 594 252 489 277 251 460 341 2123 1627 272 331 499 303 389 347 382 266 263 673 280 2234 2149 253 286 472 4889 416 339 1603 723 928 470 716 455 2453 1839 815 261 513 254 527 3635 2650 1531 815 3462 2011
internal_value=-0.000234159 -0.00480408 1.17885e-05 0.00452245 -0.000276217 -0.00160048 0.000589773 -0.00190644 0.00589221 0.00735829 0.00221047 0.00573 -0.00489591 0.0106366 0.000608778 0.000382432 -0.0066177 0.0138001 0.00775586 -0.00322464 0.00508012 0.0212005 -0.000222799 0.00420413 0.0021301 0.000739078 0.00503755 0.00252435 -0.00506371 -0.00176654 0.00447789 0.0119523 -0.00486552 -0.00840256 -0.0152665 -0.00325971 -0.00500924 -0.00246832 0.007536 -0.00696443 0.000853692 0.0138441 -0.00275103 0.00101763 0.00303734 -0.00368294 -0.00687563 -0.00542288 -0.000472228 -0.0055648 -0.00216976 -0.00108642 -0.00165802 -0.0106117 -0.00787276 -0.0131047 -0.0118941 -0.00792264 0.00351989 -0.00103113 0.00218786 -0.00399493 0.0158962 0.00102225 0.00335413 0.00570695 -0.000501363 0.00176031 0.00390083 0.000635253 -0.00240597 -0.0167403 -0.00273182 0.0044317 -0.00680959 -0.00480633 -0.00747825 -0.0126478 -0.00146459 0.0103138 -0.00479752 0.00183077 0.00931441 -0.0145214 -0.00841215 -0.0194261 0.0043667 0.00343434 0.00904702 0.0120969 0.0175002 -0.0101386 -0.016228 -0.00386157 -0.0106732 -0.00333833 -0.0165334 0.00023024 0.00546432 -1.35606e-05 0.000677645 -0.00129124 -0.000440636 -0.0066364 -0.00384373 0.0011308 -0.00450467 -0.00755681 -0.0125125 0.00280509 -0.00262739 0.000960151 0.0047756 0.00361679 0.00881294 0.000224926 -8.59589e-05 -0.00426066 0.00497816 0.00230438 -0.00154795 0.00356954 -0.000460881 0.00527127 0.00646047 0.00301795
internal_weight=97260 4972 92288 5544 86744 34763 14793 7767 5167 4653 2590 2079 654 1425 51981 50629 2448 2063 1139 19970 985 924 6453 2621 2345 48181 1977 1723 871 3967 1312 911 2655 2128 989 3832 3323 2747 849 1898 47825 527 19019 3763 3258 15256 4897 4502 2308 1567 10359 9194 8935 2194 1830 1206 505 943 808 8675 624 4213 556 619 7026 4369 2657 4462 3369 2297 1139 1005 1318 3006 2845 2364 1849 1164 699 852 1093 1368 527 1463 711 643 4004 3750 1352 1080 749 1314 664 650 1165 520 645 38041 1697 36344 30782 13917 12941 2621 5562 10320 2358 2019 976 7962 2114 1644 5848 5393 2125 3268 1308 1028 515 16865 4162 12703 3765 8938 8123 4661
internal_count=97260 4972 92288 5544 86744 34763 14793 7767 5167 4653 2590 2079 654 1425 51981 50629 2448 2063 1139 19970 985 924 6453 2621 2345 48181 1977 1723 871 3967 1312 911 2655 2128 989 3832 3323 2747 849 1898 47825 527 19019 3763 3258 15256 4897 4502 2308 1567 10359 9194 8935 2194 1830 1206 505 943 808 8675 624 4213 556 619 7026 4369 2657 4462 3369 2297 1139 1005 1318 3006 2845 2364 1849 1164 699 852 1093 1368 527 1463 711 643 4004 3750 1352 1080 749 1314 664 650 1165 520 645 38041 1697 36344 30782 13917 12941 2621 5562 10320 2358 2019 976 7962 2114 1644 5848 5393 2125 3268 1308 1028 515 16865 4162 12703 3765 8938 8123 4661
is_linear=0
shrinkage=0.0667171


Tree=19
num_leaves=127
num_cat=0
split_feature=30 105 21 21 74 16 18 19 97 12 18 18 12 92 18 5 11 19 92 97 62 19 20 95 99 19 150 99 18 15 82 16 11 20 18 92 12 19 16 24 99 12 18 21 0 18 92 96 95 58 21 10 16 24 201 20 96 11 81 201 180 21 92 21 15 19 21 5 11 97 24 12 95 201 14 21 62 17 33 62 61 10 24 95 62 62 18 11 12 17 62 201 18 84 0 171 11 11 103 99 20 62 36 92 10 16 92 20 80 103 199 70 17 84 96 18 95 12 69 19 17 21 11 5 20 14
split_gain=21.9704 17.9743 16.5811 16.5688 16.0923 15.7473 21.0328 27.4447 26.6223 33.184 21.6604 30.0068 23.3181 28.8535 22.8635 20.5682 20.3674 20.3562 22.0223 21.3505 25.5128 21.4283 29.8362 24.238 20.745 30.1774 23.8972 21.1716 22.5289 21.0976 20.8666 20.5674 19.6583 22.2777 20.7754 18.2644 17.6403 17.487 16.5714 17.5308 17.2442 18.7053 16.8723 38.7853 38.3364 34.3949 15.607 21.9097 29.2387 17.9383 15.113 16.9439 15.7199 14.9522 25.4673 16.9482 32.8475 23.3753 16.1181 16.0848 16.5196 14.8711 19.3055 20.1819 14.8655 16.1876 31.0857 21.0248 19.5937 17.8366 16.4876 15.928 18.1947 14.7213 14.5722 14.518 17.3502 14.713 27.7684 18.6432 16.8461 15.2549 14.2364 13.9425 17.7288 14.1727 13.9261 13.517 13.205 17.1119 12.9978 12.7896 12.7263 13.793 12.6917 12.5552 12.3042 12.2366 11.9434 14.5926 16.2828 15.1946 13.3329 12.6478 12.085 18.4405 11.8314 11.7764 11.7158 11.6918 11.6056 11.5517 13.2862 12.8459 11.523 12.1542 12.4007 12.6929 11.4294 11.2901 24.0069 17.6902 20.0194 15.045 25.1252 11.2873
threshold=-0.048393145203590386 0.48334985971450811 -0.8120717704296111 0.57243067026138317 -0.32984009385108942 0.41265815496444708 -0.28176027536392206 0.083739373832941069 -0.018253165297210213 -0.054104177281260483 0.04206181317567826 0.02152569126337767 -0.16542072594165799 -0.18361559510231015 0.059295460581779487 0.37500000000000006 -0.69743278622627247 0.66167718172073375 -0.050804728642106049 -0.23975220322608945 -0.05625657178461551 0.38601806759834295 -0.42661219835281367 -0.1798904091119766 0.38382932543754583 0.081120450049638762 0.40457259118556982 0.2294009551405907 0.13985770940780642 0.015392307657748463 0.094801407307386412 -0.51146644353866566 -0.15771541744470594 0.030231527052819732 0.13006787747144702 -0.12001065537333487 -0.26041214168071741 -0.15383142232894895 0.17554673552513125 0.23013237863779071 0.039958413690328605 -0.082953635603189455 -0.0019346683839103205 -0.052199020981788628 -0.17755681276321408 -0.011360922362655399 -0.16865417361259458 0.14235477149486545 -0.28233443200588221 0.10056183487176897 -0.084825448691844926 -0.051559895277023308 0.16127510368824008 0.047467457130551345 0.1406064108014107 0.0080634339246898907 0.077237728983163847 0.0042488868348300466 0.3204523772001267 -0.17436058074235913 0.084453646093606963 0.043722674250602729 -0.032033422961831086 0.19380424171686175 0.083084616810083403 -0.072427801787853227 -0.063944533467292772 1.0000000180025095e-35 0.063491988927125945 -0.035274181514978402 0.46623942255973821 -0.19741270691156385 0.027009136043488983 -0.79099115729331959 -0.022313988767564293 -0.3158042430877685 -0.0015772869810461996 0.43143740296363836 0.55194300413131725 -0.13196635246276853 -0.036030340939760201 -0.17703685909509656 0.0016598633374087515 0.38611663877964025 0.0047318611759692439 -0.11724500730633734 -0.097563583403825746 0.0085784909315407294 0.10504293069243432 0.23606816679239276 0.36119873821735388 -0.064519990235567079 0.15370455384254458 0.14798738807439807 -0.26846592128276819 0.080252271145582213 0.30356383323669439 0.068302892148494734 -0.84977966547012318 0.19294946640729907 -0.28111809492111201 0.17297581583261493 0.48239436745643621 -0.19510205090045926 0.83726114034652721 -0.7792949080467223 0.68203735351562511 -0.11788304522633551 -0.11482319608330725 0.012631280347704889 0.0087112272158265131 0.186748743057251 -0.35115408897399897 -0.011157153639942406 0.014400522690266373 0.15333474427461627 -0.048429856076836579 -0.026239267550408837 0.028819223865866665 0.66167718172073375 -0.38009636104106898 0.041526915505528457 -0.03131445869803428 1.0000000180025095e-35 -0.0070601671468466512 0.41792410612106329
decision_type=2 2 2 2 2 2 2 2 2 2 2 2 2 2 2 2 2 2 2 2 2 2 2 2 2 2 2 2 2 2 2 2 2 2 2 2 2 2 2 2 2 2 2 2 2 2 2 2 2 2 2 2 2 2 2 2 2 2 2 2 2 2 2 2 2 2 2 2 2 2 2 2 2 2 2 2 2 2 2 2 2 2 2 2 2 2 2 2 2 2 2 2 2 2 2 2 2 2 2 2 2 2 2 2 2 2 2 2 2 2 2 2 2 2 2 2 2 2 2 2 2 2 2 2 2 2
left_child=73 2 4 111 -2 6 7 95 9 82 11 16 118 -14 15 50 -8 19 -19 -16 32 22 -22 -23 25 64 27 28 -27 110 -26 -25 33 37 35 -34 -36 -21 39 42 75 -42 45 44 -44 53 74 -48 49 -49 -12 52 -52 54 55 56 57 -18 88 -58 -61 114 63 -63 65 67 71 69 -68 70 87 -67 -73 -1 -10 -41 77 79 -79 -77 81 -80 -9 84 85 -40 -59 94 89 97 96 -30 93 -69 -24 -4 -7 -55 -75 100 102 -102 125 -101 105 -105 119 -43 -87 -11 -29 -3 113 -113 115 -38 -117 -118 -13 120 -107 123 -123 124 -122 -100
right_child=1 3 5 -5 -6 90 10 8 46 109 14 12 13 -15 17 -17 38 18 -20 20 21 23 24 31 30 26 -28 29 91 -31 -32 -33 34 -35 36 -37 61 -39 83 40 41 107 43 -45 -46 -47 47 48 -50 -51 51 -53 -54 58 -56 -57 59 86 -60 60 -62 62 -64 -65 -66 66 68 92 -70 -71 -72 72 -74 98 -76 76 -78 78 80 -81 -82 -83 -84 -85 -86 108 -88 -89 -90 -91 -92 -93 -94 -95 -96 -97 -98 -99 99 103 101 -103 -104 104 -106 106 -108 -109 -110 -111 -112 112 -114 -115 -116 116 117 -119 -120 -121 121 122 -124 -125 -126 -127
leaf_value=-0.0079819198446014639 0.001113257632143513 -0.0010792021607485117 0.015398071031590714 -0.010630792115578776 -0.019371196751802669 7.8683204824487997e-05 -0.013776093548179987 0.0087528718061237291 -0.018154731151917486 -0.0086459374493037082 0.026065584914135142 -0.012245539490220791 -0.024453012350100917 -0.0029010914675795573 0.0094786161372981056 -0.0061482667796165982 -0.018072770484578095 0.024523092763008104 0.00020301041916218551 0.0053651757837139633 0.023685994494704717 0.0037861450815455614 -0.012309106233228279 -5.072684214665035e-05 0.0030092939930138913 0.024115598854323073 -0.0068256542233330235 0.017499183175456182 0.014557375014908664 -0.011788640046854494 -0.015964214436664972 -0.02193101283853063 -0.021389142502003768 0.0092676971429909594 0.01187529165580428 -0.0061011115232153792 -0.0023537527670384924 -0.014815550240295714 -0.0088913122399027072 0.010635884111067704 -0.0019482992379751954 -0.020783461299457299 -0.017262579651807393 -0.016181030520384491 0.01382653643276531 0.021815662328561809 0.016295165659566648 -1.6599947006775585e-05 0.0069148120452079817 -0.021254907323899588 0.022126367334943799 -0.0054271468151581301 0.002845700296698216 0.016744435416177199 0.0075536864802426594 0.00093021646479902499 -0.0072734028085846159 -0.010403324549174116 -0.0091474868550347997 0.014209138641625561 -0.0047413724425993189 0.01238538023158226 -0.011143427821815061 -0.0048367916875763804 -0.0083143679176292656 -0.0084751261506351479 -0.011762609762777489 0.011768050754357521 0.0079351756973907936 0.0082615122992410021 0.0048220233492668289 0.019089526413337877 -0.0015846887458811456 -0.0057071278663969743 0.002230300051661754 0.0066563260431131577 0.0059135713713358972 0.013769548202539079 -0.00029749356553887112 -0.013121319583051388 0.0096119992810125236 -0.016756581282930786 -0.010076600522112221 -0.017097253794376956 -0.0095855688141767009 0.017868309339524033 0.0089585187854365495 -0.020974755901982615 0.022332225732467115 -0.0088542544053068304 0.0026207531474072769 0.0024852530015629843 0.021911028793808098 -0.0045916212098328513 0.0057570387132153582 -0.0012789745647857453 -0.013324706629030444 0.001774413883819046 -0.0052887252201205444 -0.010225824073641849 0.0015118193525412728 -0.0071446311882197057 -0.017471065843554852 0.021232672045011752 -0.0031577991630297102 -0.012291281699323574 0.013791755720875674 -0.0074415093734237648 0.001091573863650322 -0.027936003119791719 -0.0012852190375808484 0.024370777155221051 0.0042129941179376218 0.0051238066761688213 0.0037286239994616843 -0.0032218407314355433 -0.024532480609455991 -0.0076756325397778552 -0.030127657106254483 0.011305530878667482 0.015111061987761585 0.010052054349023469 -0.0086382930441460202 0.001360008337874288 -0.001529970655805685 0.0098359101193929675
leaf_weight=786 271 1164 920 351 439 402 636 468 263 254 251 370 320 1957 830 380 1050 291 384 323 253 507 389 286 429 549 504 301 765 374 629 564 686 842 280 719 483 453 434 411 1066 597 250 802 577 357 635 412 1832 302 404 301 357 548 1495 3834 530 381 250 565 314 607 558 595 1032 258 1511 684 259 686 530 453 317 1064 369 252 858 443 456 1208 255 562 284 442 1413 252 286 319 270 265 474 810 304 338 304 250 1180 443 1273 265 21942 937 329 311 813 437 572 601 693 327 274 331 2029 296 253 306 599 307 292 761 1387 362 837 1488 562 261
leaf_count=786 271 1164 920 351 439 402 636 468 263 254 251 370 320 1957 830 380 1050 291 384 323 253 507 389 286 429 549 504 301 765 374 629 564 686 842 280 719 483 453 434 411 1066 597 250 802 577 357 635 412 1832 302 404 301 357 548 1495 3834 530 381 250 565 314 607 558 595 1032 258 1511 684 259 686 530 453 317 1064 369 252 858 443 456 1208 255 562 284 442 1413 252 286 319 270 265 474 810 304 338 304 250 1180 443 1273 265 21942 937 329 311 813 437 572 601 693 327 274 331 2029 296 253 306 599 307 292 761 1387 362 837 1488 562 261
internal_value=-0.000335431 -0.0010777 -0.00137904 0.00315006 -0.0114958 -0.00125411 -0.00104237 0.00258075 0.000476971 -0.00762171 -0.00150477 -0.00284692 -0.00919146 -0.00596395 -5.43737e-05 0.00740974 -0.00202686 -0.00062713 0.0107496 -0.000987476 -0.00141099 0.000268979 0.00115133 -0.00767356 0.000670134 0.00153402 0.00656238 0.00877607 0.0124755 0.00046302 -0.00823282 -0.0145586 -0.00468085 0.00174722 -0.00661698 -0.0135963 -0.00414578 -0.00636261 -0.00168687 -0.00093046 -0.00367043 -0.00840915 0.000571846 -0.00573836 0.00434985 0.00154702 0.00331928 0.00522769 0.00244541 -0.00896224 0.011374 0.00783826 0.0131351 0.000832236 -0.000333174 -0.00203411 -0.00567979 -0.0118721 0.00639281 0.00184255 0.00739201 -0.00537132 -0.000906839 0.00383214 -0.000898238 0.000303326 -0.00348436 0.00329542 -0.00884715 -0.000647459 -0.00464153 0.00570897 0.0105347 0.00101972 -0.00620869 -0.00124782 -0.00247167 -0.00475113 -0.000543809 -0.00966994 -0.00556321 -0.00942007 0.00157456 -0.00610003 -0.00433884 0.00101789 -0.00206083 -0.00963888 0.00897788 0.0060559 -0.00698685 0.00837936 0.00994039 0.00632403 -0.00434419 0.0117924 -0.00989423 0.0100905 0.00123186 0.00146021 0.000665488 0.00115512 -0.005324 0.00397776 0.00448574 0.00541733 0.0046383 -0.0141272 0.0056208 -0.01957 0.00849063 0.00443235 0.0068614 0.015349 -0.00938567 -0.011373 -0.0149401 -0.0188644 -0.0202096 0.00373095 0.00258428 0.00399914 -0.00295125 0.0064354 0.0102919 -0.00268324
internal_weight=97213 62826 58655 4171 710 57945 55889 6316 5146 1333 49573 25735 2939 2277 23838 1693 22796 22145 675 21470 20640 13629 12272 1357 12019 10961 3577 3073 2124 949 1058 850 7011 1618 5393 1405 3988 776 22160 18926 6709 2264 12217 1629 827 10588 3813 3181 2546 714 1313 1062 761 10231 8455 6960 3126 1717 1776 1409 879 3708 1760 1202 7384 6352 2798 3554 1770 2228 1542 1028 770 34387 632 4445 4034 3176 1716 1460 1273 1018 752 3234 2792 1379 667 1012 1526 1256 2056 1575 1326 1022 693 1170 1582 991 33601 32537 24742 22879 1863 7795 7530 6717 6406 1198 945 581 575 3820 2656 627 1948 1695 1212 906 662 5834 5073 4636 1199 3437 1949 1534
internal_count=97213 62826 58655 4171 710 57945 55889 6316 5146 1333 49573 25735 2939 2277 23838 1693 22796 22145 675 21470 20640 13629 12272 1357 12019 10961 3577 3073 2124 949 1058 850 7011 1618 5393 1405 3988 776 22160 18926 6709 2264 12217 1629 827 10588 3813 3181 2546 714 1313 1062 761 10231 8455 6960 3126 1717 1776 1409 879 3708 1760 1202 7384 6352 2798 3554 1770 2228 1542 1028 770 34387 632 4445 4034 3176 1716 1460 1273 1018 752 3234 2792 1379 667 1012 1526 1256 2056 1575 1326 1022 693 1170 1582 991 33601 32537 24742 22879 1863 7795 7530 6717 6406 1198 945 581 575 3820 2656 627 1948 1695 1212 906 662 5834 5073 4636 1199 3437 1949 1534
is_linear=0
shrinkage=0.0667171


Tree=20
num_leaves=127
num_cat=0
split_feature=152 11 20 21 18 80 80 73 73 18 153 20 19 153 73 92 20 92 21 20 80 18 105 65 20 73 153 70 95 15 18 11 3 73 10 21 3 20 4 33 182 95 16 201 20 10 153 80 149 73 73 20 16 12 73 59 10 153 33 12 153 19 95 18 80 20 12 105 33 73 79 21 73 18 36 97 21 153 19 73 95 95 95 19 95 12 15 20 20 19 165 74 18 80 12 96 10 33 3 18 4 74 16 69 11 69 20 13 95 73 13 70 18 18 3 153 13 95 13 15 12 165 153 12 20 13
split_gain=28.2588 26.836 30.5596 23.2892 22.8206 23.0018 21.958 20.9509 20.4193 23.2793 26.552 25.9701 22.6729 33.4283 29.5527 19.9783 24.9095 19.2362 34.5485 28.9896 38.5378 27.8426 28.8404 22.9653 22.714 22.2182 28.7633 30.4856 21.7213 21.3244 22.3211 31.0706 31.8938 19.4579 19.5144 20.9892 19.176 27.2941 19.16 19.1016 20.5538 18.8366 18.3803 19.244 21.1616 18.7454 17.9385 19.9559 17.7641 22.4173 20.8514 47.3739 49.3904 33.379 29.4415 26.7768 26.7753 26.0428 25.0966 22.1024 22.768 22.7368 21.5973 19.1503 22.6722 21.5662 18.7771 17.8856 17.7989 17.5044 17.3876 17.35 17.1932 19.4228 17.1169 17.0755 17.0035 16.944 16.7682 16.7641 16.7054 16.704 16.6752 16.5896 19.4078 25.8416 23.7551 23.4924 22.5876 18.6808 26.2229 23.3556 18.7522 58.8366 23.8596 23.4478 20.9776 20.1731 31.9005 31.001 26.2449 23.6989 19.4558 24.5609 23.8078 22.8943 21.0886 17.7681 17.3255 16.5514 21.1087 16.3874 16.3234 15.7555 22.7064 15.7405 15.7246 16.4514 15.7026 24.477 32.332 18.6427 16.525 15.5293 15.5241 14.9558
threshold=0.46334625780582434 -0.065999493002891527 0.45837846398353582 0.50897553563117992 -0.28176027536392206 -0.19591419398784635 -0.078159533441066728 0.35900463163852697 -0.55675289034843434 0.12685234844684604 0.3148533701896668 0.06583306193351747 0.52245265245437633 -0.12373552098870276 -0.19606202095746991 0.40983386337757116 0.15597374737262729 -0.028223631903529164 -0.3158042430877685 -0.25349309295415873 0.36736139655113226 0.084646522998809828 0.01116726314648986 0.38747319579124456 -0.47429855167865748 -0.38713009655475611 0.008093485143035652 -0.039401045069098466 -0.24932209402322766 -0.13076154142618177 -0.15630872547626493 0.11018768697977067 -0.40927968919277186 -0.10186073184013365 -0.24189611524343488 0.12350407615303995 -0.47721910476684565 0.23437566310167315 -0.044784568250179284 0.48372519016265875 -0.36928202211856836 -0.32901854813098902 0.23322368413209918 -0.70569306612014759 0.32820434868335729 0.14866430312395099 -0.076677825301885591 -0.17111969739198682 -1.2031362056732176 -0.4665387868881225 0.024062147364020351 -0.0018707994604483245 -0.22845872491598126 0.01431597024202347 0.184068538248539 -0.063180450350046144 -0.19651349633932111 -0.13624010235071179 -0.23442199081182477 -0.008580423425883053 0.05880164913833142 -0.061682002618908875 -0.10773885622620581 0.10021138936281206 0.52054744958877575 0.079477142542600646 0.29780194163322454 0.16332452744245532 -0.033821947872638695 -0.69899320602416981 -0.05980748496949672 -0.34190212190151209 -0.0093115568161010725 0.10864803194999696 -0.16549295932054517 0.18985393643379214 -0.032623164355754845 0.011838332749903204 -0.072753868997097002 -0.18140809237956998 0.17471098154783252 -0.20020764321088788 -0.2689217329025268 -0.2128910347819328 0.11566861718893053 0.034012593328952796 0.54789230227470409 -0.067638598382472978 -0.466388389468193 -0.1291033327579498 -0.045652983710169785 -0.041306367143988602 0.24711910635232928 -0.13446640223264691 -0.24662850797176358 -0.14725418388843534 0.1711089685559273 -0.13797137141227719 0.46854946017265325 0.29585492610931402 -0.069100182503461824 0.47865635156631475 0.096828646957874312 -0.015968838706612584 0.068302892148494734 0.15304745733737948 -0.010939309373497961 0.28851702809333807 -0.10491509363055228 0.099405616521835341 0.13812515884637835 -0.40714067220687861 0.16459974646568301 0.094701088964939131 0.37321612238883978 0.034157533198595054 -0.22280899435281751 -0.16295615583658216 -0.12306709215044974 0.083084616810083403 -0.19974241405725476 0.18150857836008075 -0.016682490706443783 0.54148828983306896 -0.028374005109071728 -0.39174155890941614
decision_type=2 2 2 2 2 2 2 2 2 2 2 2 2 2 2 2 2 2 2 2 2 2 2 2 2 2 2 2 2 2 2 2 2 2 2 2 2 2 2 2 2 2 2 2 2 2 2 2 2 2 2 2 2 2 2 2 2 2 2 2 2 2 2 2 2 2 2 2 2 2 2 2 2 2 2 2 2 2 2 2 2 2 2 2 2 2 2 2 2 2 2 2 2 2 2 2 2 2 2 2 2 2 2 2 2 2 2 2 2 2 2 2 2 2 2 2 2 2 2 2 2 2 2 2 2 2
left_child=1 4 8 -4 6 -6 -1 36 -3 10 12 78 17 14 -14 16 -8 18 -10 20 25 22 29 33 -22 -19 -27 -28 124 77 31 -31 -33 41 35 -35 37 111 -18 40 -30 -21 43 75 48 -46 -32 80 -45 69 55 68 54 59 62 56 -51 58 -58 60 61 -54 -53 64 -57 71 72 -60 -52 -50 -2 -66 -59 -74 -5 -38 -62 -20 -12 -15 -48 -34 -72 -11 88 107 87 -87 108 90 -90 -92 96 -94 -95 -96 102 98 99 -97 -101 -99 103 -91 105 106 -105 112 -85 115 -111 -7 -86 -36 -115 -23 -81 -118 -42 120 -120 -121 -122 -88 -24 -17
right_child=70 2 3 74 5 7 15 -9 9 83 11 -13 13 79 -16 125 38 19 21 23 24 109 28 -25 -26 26 27 -29 39 30 46 32 81 34 113 -37 42 -39 -40 -41 118 -43 -44 44 45 -47 47 -49 49 50 51 52 53 -55 -56 63 57 66 67 -61 76 -63 -64 -65 65 -67 -68 -69 -70 -71 82 -73 73 -75 -76 -77 -78 -79 -80 116 -82 -83 -84 84 85 86 123 -89 89 92 91 -93 93 94 95 97 -98 101 -100 100 -102 -103 -104 104 -106 -107 -108 -109 -110 110 -112 -113 -114 114 -116 -117 117 -119 119 121 122 -123 -124 -125 -126 -127
leaf_value=-0.011967718400013989 -0.0095054690641220765 0.0089698683217008836 0.02606096290132567 -0.0043161590260290816 -0.012902496327614621 0.011684330633849795 0.014090393284809674 -0.011473286936848175 0.019982398430112562 0.010488155339601171 0.010266282088363702 -0.015102012055594156 -0.00663337616945151 -0.0011848656927352951 0.022099453010981936 0.0042935208537836882 -0.006920077883821949 0.006847379917987461 0.0016906827160606901 0.0061764389486354595 0.013726592789146622 -0.0084319393588696591 -0.0034624051566038475 -0.01018605538876592 -0.0069749233357925431 -0.021519181768970039 0.014655427256669254 -0.016572856880203688 0.016672217858475696 0.0092894546942451414 -0.0081614428868206582 0.011594627438401317 0.0010359536474525771 0.029398047746138908 0.0033278468156617723 0.004042645967042546 -0.00036238436244457516 0.019849532199144575 0.011638759584020169 -0.010051042894170584 -0.014463488350395896 0.029144545872458051 -0.014478448746238886 0.013048244705095982 0.022890092193895369 0.0026546645048938391 -0.010534670430736902 0.013564687977749764 -0.0045950274289023778 0.022508456114026923 -0.0044636989951071957 -0.0071995680117605335 -0.020780689676904694 -0.017430725083378052 -0.010271310423397099 -0.0022928836250290844 0.017929451366684758 -0.0024652249905061916 0.00064149474171706813 0.010581062014592963 0.0087223244811246783 0.00092113219451790207 0.013977267679475712 0.0017169325708387985 -0.0069926170435985714 0.0021665515411453951 -0.019039054321485768 0.016748164464446495 -0.025706891141678092 -0.021656202808182739 0.012647960022391448 -0.021177071527830407 0.013984069783573283 -0.0066718535038503227 0.011331140155697377 -0.019374504790028658 -0.0069658674867052895 -0.012623265649481087 -0.0082933902609774526 -0.0012477131356406583 0.01164228047056837 -0.018832464450643356 -0.003845899506670095 0.0060765466747114147 0.009572746593343567 0.0010682958765995064 -0.015068862977635922 0.024396901979061657 0.0086714215483176278 0.025424950061113883 0.0048723041073360507 -0.018677530392796762 -0.021598790822903075 -0.0083424064795123033 -0.013481591793850892 -0.013610781319716837 -0.0083008726451897601 0.013948643838133041 -0.020514184006427832 0.019420899480533275 -0.0050672747192522611 -0.007414302170373528 0.0028592013738229509 0.0091359176243574584 0.01865413096867571 0.013384735025554394 -0.012648464513647636 -0.020610922173595239 0.028914483520984059 0.0090695830167177201 -0.015098333810382263 -0.00082274257025940578 -0.009647286210627699 0.0021900475162867725 -0.021977916382975575 -0.028098912038320396 -0.011446390713598639 -0.029598219689758069 -0.003893302001960535 -0.0027175203457775543 0.027201951424270478 -0.021056251782746154 0.008031247878961912 0.0028680825370400939 -0.021891592881832161 -0.012424981441455067
leaf_weight=367 2347 1251 313 471 843 546 1409 956 332 1073 406 1071 345 494 289 538 621 271 863 424 632 400 377 530 370 853 258 294 281 849 253 297 254 256 10179 338 359 378 407 1183 397 256 520 344 262 902 325 1956 688 278 251 254 645 1022 384 4390 661 3774 1953 428 554 315 1240 2692 732 434 252 362 607 442 332 827 652 288 890 513 683 633 457 257 277 677 1458 361 266 442 369 340 414 459 263 618 482 700 276 287 402 1680 258 597 283 263 2189 327 672 587 487 436 253 323 313 3067 717 458 272 339 482 426 1054 3929 251 261 999 500 450 420
leaf_count=367 2347 1251 313 471 843 546 1409 956 332 1073 406 1071 345 494 289 538 621 271 863 424 632 400 377 530 370 853 258 294 281 849 253 297 254 256 10179 338 359 378 407 1183 397 256 520 344 262 902 325 1956 688 278 251 254 645 1022 384 4390 661 3774 1953 428 554 315 1240 2692 732 434 252 362 607 442 332 827 652 288 890 513 683 633 457 257 277 677 1458 361 266 442 369 340 414 459 263 618 482 700 276 287 402 1680 258 597 283 263 2189 327 672 587 487 436 253 323 313 3067 717 458 272 339 482 426 1054 3929 251 261 999 500 450 420
internal_value=-0.000335215 -9.50071e-05 0.000830167 0.00970098 -0.00148181 -0.0020358 0.00343977 -0.00175349 0.000554934 0.000354915 -0.000566142 -0.00816973 -0.000144075 -0.00655307 0.00641215 0.00512426 0.00833479 0.00030523 -0.00122174 0.00202106 -0.00427844 -0.00164195 -0.000835445 0.00335148 0.00603424 -0.0104699 -0.0138512 -0.00193463 -0.00323115 0.00260495 0.00474131 -0.000485705 -0.00728021 0.00394525 0.00329244 0.015049 -0.00145857 0.00285994 0.000411688 -0.00220483 -0.000903463 0.0149001 -0.00208203 -0.00184266 -0.00151781 0.00725869 0.00861513 0.0102979 -0.00192594 -0.00213616 -0.00169609 -0.00495472 -0.00268164 -0.00721001 0.00609247 -0.000491104 0.00226446 0.00154626 0.00648039 -0.0032113 -0.0059209 -0.013617 0.0103396 -0.0029906 -0.00498197 -0.010883 -0.00140531 0.00318802 -0.0195186 -0.0113089 -0.00572869 -0.0145459 -0.000448082 0.00760257 0.00589185 -0.0115815 3.14589e-05 -0.00434574 0.000393012 -0.0115376 -0.000251969 -0.0133655 -0.000758704 0.00248033 0.00190136 -0.00281846 0.00283527 0.0112684 0.00312653 0.00244183 -0.00507639 -0.0115943 0.00342486 0.000433566 0.00289497 0.00506797 0.0062357 0.0066079 0.000557387 0.00526948 0.0114947 0.0110268 0.00748577 0.0114699 0.00834785 0.00336292 -0.00384176 -0.00941955 0.015565 -0.0107336 -0.0027912 0.00106425 -0.00440334 0.00264658 -0.00678611 -0.0175223 -0.0159027 -0.0200234 -0.00163002 -0.00083608 0.00467726 -0.00387659 0.0119329 -0.00471477 -0.0135332 -0.00300138
internal_weight=97214 93077 55817 1674 37260 33498 3762 32655 54143 52892 36891 1934 34957 2293 634 3395 2437 32664 17273 15391 2678 16941 15566 12713 1002 1676 1405 552 9182 6384 4888 2077 1228 12183 11503 594 31699 3991 1028 8355 7172 680 27708 27188 26316 1164 2811 2558 25152 24808 23678 6383 5525 3647 1878 17295 8220 7942 2976 2625 2197 960 1494 9075 6383 1993 4966 2315 858 1130 4137 1559 4714 940 1361 872 1237 1496 863 1659 602 931 1790 16001 14928 3070 1651 782 11858 11244 1295 881 9949 4826 4344 3644 5123 3368 1425 1167 880 1943 4721 2532 2073 1401 814 1419 614 1375 636 3613 983 10909 730 739 1165 908 6891 6494 2304 4190 1250 869 827 958
internal_count=97214 93077 55817 1674 37260 33498 3762 32655 54143 52892 36891 1934 34957 2293 634 3395 2437 32664 17273 15391 2678 16941 15566 12713 1002 1676 1405 552 9182 6384 4888 2077 1228 12183 11503 594 31699 3991 1028 8355 7172 680 27708 27188 26316 1164 2811 2558 25152 24808 23678 6383 5525 3647 1878 17295 8220 7942 2976 2625 2197 960 1494 9075 6383 1993 4966 2315 858 1130 4137 1559 4714 940 1361 872 1237 1496 863 1659 602 931 1790 16001 14928 3070 1651 782 11858 11244 1295 881 9949 4826 4344 3644 5123 3368 1425 1167 880 1943 4721 2532 2073 1401 814 1419 614 1375 636 3613 983 10909 730 739 1165 908 6891 6494 2304 4190 1250 869 827 958
is_linear=0
shrinkage=0.0667171


Tree=21
num_leaves=127
num_cat=0
split_feature=152 92 97 11 4 19 19 11 96 20 153 18 21 33 18 69 99 19 18 14 18 153 104 18 96 104 18 19 96 5 62 17 4 18 69 11 13 19 19 24 33 24 73 20 19 153 21 16 21 73 171 96 0 95 95 10 97 153 96 19 80 19 19 5 18 104 73 95 74 20 20 20 96 17 5 20 201 33 17 24 18 10 99 33 19 153 92 18 201 20 18 18 17 19 4 21 73 96 19 3 61 18 4 18 92 79 19 165 85 95 4 5 11 19 24 14 20 4 19 153 18 73 17 153 84 16
split_gain=24.5706 21.8712 30.2048 28.115 23.4599 22.1159 27.9665 21.8725 33.4086 25.3801 23.936 34.0169 31.5279 29.6864 27.5183 26.1515 25.6477 31.4106 25.5758 27.5216 24.1371 31.7084 29.2376 27.5103 28.491 27.0932 28.8193 28.4751 25.2981 25.0892 24.1469 27.9185 23.57 40.3125 27.6788 26.9128 23.4094 23.279 28.6176 22.9469 22.9318 37.5539 35.5111 22.5419 22.864 23.4343 22.7597 21.6731 32.4262 54.776 24.295 23.755 21.556 24.9503 31.1163 21.5411 25.6371 21.3603 21.2047 20.9981 23.2888 20.7355 26.7022 20.6871 20.6781 22.5587 20.6375 28.7142 20.4894 20.3381 36.2199 30.9995 28.9657 26.5359 33.8735 26.3755 30.7066 31.4688 29.1146 26.1588 22.8578 23.201 20.2942 20.1862 20.1339 25.6524 19.7469 21.766 21.8361 19.6645 19.6165 26.6865 19.7709 19.6086 19.3613 19.117 19.0748 18.8095 18.4801 18.2449 19.8493 18.2302 17.9932 17.9859 17.889 17.7912 17.5822 17.3164 17.1499 17.9872 17.1445 16.8403 16.8337 18.7707 16.3764 16.268 16.2311 16.0448 15.6062 19.1014 15.2015 28.246 22.7888 19.9331 16.5225 15.3602
threshold=0.46334625780582434 -0.19959808140993116 0.21850100159645083 0.026252933777868751 -0.43807771801948542 -0.0058601072523742906 -0.14937156438827512 -0.74961161613464344 0.26493057608604437 0.45837846398353582 -0.12965261191129682 -0.20960088074207303 -0.15464600920677182 -0.45573967695236201 0.066034600138664259 -0.95978957414627064 0.019731611013412479 -0.066934220492839799 0.08779925107955934 0.25000743567943579 0.038896562531590469 0.3148533701896668 0.057106064632534988 0.059295460581779487 -0.12531992793083188 0.12134608998894693 0.64580601453781139 0.040493907406926162 -0.061534544453024857 -1.0000000180025095e-35 0.21924290060997012 -0.34033221006393427 0.077078893780708327 0.023945228196680549 0.075113561004400267 -0.096377398818731294 -0.51562646031379689 -0.22133846580982205 -0.18313589692115781 -0.041071647778153413 -0.21828547120094297 -0.27210654318332667 -0.098930831998586641 0.4951650351285935 0.14869761466979983 0.23851422965526584 0.70375204086303722 0.23322368413209918 -0.063944533467292772 -0.010585550684481857 -0.039579130709171288 0.041461892426013953 -0.20028409361839292 -0.19736479967832563 -0.27901156246662134 -0.22061795741319654 0.15477208793163302 -0.0067346219439059487 -0.090691048651933656 0.46638567745685583 0.20720463991165164 0.034564195200800903 -0.0070384624414145938 -1.0000000180025095e-35 -0.040325462818145745 -0.058042196556925767 -0.10641179233789443 0.060716653242707259 -0.34970484673976893 0.1431689262390137 0.028957781381905082 0.061908153817057616 -0.16553697735071179 0.25526712834835058 -1.0000000180025095e-35 -0.016080337576568123 -0.1214192397892475 0.034858416765928275 0.57230171561241161 0.012723990250378849 -0.0396803431212902 -0.094243921339511857 0.0074342812877148398 0.020090303383767608 0.048265563324093826 0.060923913493752486 -0.16865417361259458 -0.68872055411338795 0.078238181769847884 0.10042885690927507 0.19194141775369647 0.12257515639066698 -0.24203638732433316 -0.026270174421370026 -0.17965868860483167 -0.082215331494808183 0.12667249143123629 0.50707045197486889 0.18642901629209521 -0.44014346599578852 -0.12326169386506079 -0.17216216027736661 -0.41095972061157221 0.060200810432434089 0.0066608882043510684 -0.080264881253242479 0.38601806759834295 -0.025049339979887005 -0.030916298739612099 0.19014017283916476 -0.069100182503461824 1.0000000180025095e-35 -0.042709792032837861 -0.20517060905694959 -0.033411968499422066 0.30953125655651098 -0.11027888581156729 0.06094936095178128 -0.072753868997097002 0.60002136230468761 -0.39134548604488367 -0.064527634531259523 0.49489465355873113 0.11765326559543611 -0.20920405536890027 0.19890320301055911
decision_type=2 2 2 2 2 2 2 2 2 2 2 2 2 2 2 2 2 2 2 2 2 2 2 2 2 2 2 2 2 2 2 2 2 2 2 2 2 2 2 2 2 2 2 2 2 2 2 2 2 2 2 2 2 2 2 2 2 2 2 2 2 2 2 2 2 2 2 2 2 2 2 2 2 2 2 2 2 2 2 2 2 2 2 2 2 2 2 2 2 2 2 2 2 2 2 2 2 2 2 2 2 2 2 2 2 2 2 2 2 2 2 2 2 2 2 2 2 2 2 2 2 2 2 2 2 2
left_child=1 2 3 4 5 6 -1 8 -3 10 11 52 14 -12 16 -15 64 102 -16 -20 21 22 32 24 -22 26 37 -27 -26 -30 31 -29 69 35 -35 -34 110 117 58 -23 41 63 -42 -11 46 -46 -45 48 -5 94 83 99 53 54 -9 -37 61 -4 112 60 -58 62 -57 95 115 -66 -14 -68 -10 70 75 -72 -73 74 79 76 77 -17 80 -71 81 -78 89 -51 85 -74 -54 88 -88 -41 91 92 -6 -83 116 -40 -75 -89 -70 100 -52 -62 -18 -100 -33 118 -19 -93 -94 -110 -21 -55 113 -39 -7 -13 -50 -25 119 -2 122 124 123 125 -122 -24
right_child=105 7 57 47 90 114 -8 9 68 43 13 12 66 15 18 20 17 106 19 36 23 39 120 25 28 27 -28 30 29 -31 -32 104 33 34 -36 55 -38 38 40 82 42 -43 -44 44 45 -47 -48 -49 49 50 51 -53 86 111 -56 56 59 -59 -60 -61 101 -63 -64 -65 65 -67 67 -69 98 73 71 72 84 96 -76 -77 78 -79 -80 -81 -82 93 -84 -85 -86 -87 87 97 -90 -91 -92 107 108 -95 -96 -97 -98 -99 103 -101 -102 -103 -104 -105 -106 -107 -108 -109 109 -111 -112 -113 -114 -115 -116 -117 -118 -119 -120 -121 121 -123 -124 -125 -126 -127
leaf_value=0.0067023090592534373 -0.01324452895331495 -0.028617092155549285 -0.0045294794448348984 0.018286887637496325 0.0080755290714910385 0.00052628670005857897 -0.014814369812807314 -0.010383453876328726 0.012210286237055312 0.022757201508559272 -0.014787519413073571 -0.0031714233452684736 0.024390146174935148 0.020062055946294698 0.024133245576003763 -0.016508554652563883 -0.030382868027645886 -0.0013839175938438102 0.019595480696565713 -3.4551085586745246e-05 0.01759401491069678 0.0044618373724057405 -0.0089605217194837477 0.015725869631087151 -0.0046883582463276806 0.00015918800296570016 0.016584331625244295 0.028635503547709433 0.025622988308833711 -0.0017477704947538597 -2.1691944534305224e-05 0.0035982770000256982 -0.0057064954852479519 -0.0069359859460983555 -0.031682096322274235 -0.014107564372290502 -0.0057747949641090241 0.0018391426557963549 0.0055879617652015053 0.0014877640436221789 0.017754706754319321 -0.018023869694549759 -0.00036443221422955612 0.027643423817830446 0.0063029337420549125 -0.012359777740307571 0.003936894182623326 -0.0082914175342592381 -0.033829185606229363 0.017945273344126999 -0.0023850129717704715 0.016317474224700954 -0.0073480795919159637 0.00063755023336447463 0.01727852791810883 0.0049245802864977557 -0.016041240236946776 -0.027561780766848225 0.0057693726270332162 -0.016435869628937481 0.017309194891171158 0.012831619229345635 -0.015168469429149281 0.0073416773332420047 0.0042112163446652133 -0.020761088822157825 -0.0077494028121358879 0.017773993230167252 0.0054042087112470879 -0.018402670433962813 0.025554664245718561 -0.0067360506180029686 0.017025533792860651 -0.001477645348207798 0.012156546391268617 -0.0070142690041869312 0.018161740189808807 0.0057240248203927046 -0.0060690989592004779 0.0087819685973239362 0.02060895842494459 -0.0085973457791168242 -0.025898660467704546 -0.0027640911609095602 0.025635425109556843 -0.0045462823076904439 -0.0081374752714002494 0.011391307606855181 0.015474580416812312 -0.018389100389397249 -0.020307054067803396 0.019960508145770234 -0.0054223056740480384 0.0092982377010270324 0.00059514013139866189 -0.015981724106638971 -0.019830280404869786 0.025828246210271851 -0.017135731345460228 -0.0061165402858394313 0.020328221495862331 -0.00349254272186825 -0.010804053077948246 -0.0010807452359324365 0.017464685214865491 -0.00061199936067942058 -0.01799153683535783 -0.0036647696566099604 -0.021150919891332859 -0.00093491460944093426 0.021124126443605052 -0.018259887823290164 -0.024895548085013843 -0.019734708581348737 0.024418825587639827 0.014778106105213816 -0.01096408306858772 -0.0011559898451088653 -0.01367750138689511 0.0070316948554235573 -0.021679640353489554 -0.0028271747662640097 0.01658446532178149 -0.012748197001216849 -0.0077735709542669749 0.010852040570047241
leaf_weight=535 372 256 367 551 265 250 532 255 321 358 612 330 342 283 259 552 327 2279 342 377 890 363 251 605 879 3330 422 408 322 269 900 1033 2777 635 295 336 1373 380 282 440 496 850 13507 309 773 484 435 876 251 848 404 380 267 497 595 2676 263 354 278 448 373 1294 327 750 372 277 397 380 455 407 539 476 539 511 848 1220 511 573 541 251 753 507 448 272 367 442 442 2136 283 435 516 250 1225 581 261 499 501 500 718 1406 290 367 597 552 697 1974 322 297 910 252 302 355 438 331 262 673 318 418 1383 456 549 8432 385 470 1272 543
leaf_count=535 372 256 367 551 265 250 532 255 321 358 612 330 342 283 259 552 327 2279 342 377 890 363 251 605 879 3330 422 408 322 269 900 1033 2777 635 295 336 1373 380 282 440 496 850 13507 309 773 484 435 876 251 848 404 380 267 497 595 2676 263 354 278 448 373 1294 327 750 372 277 397 380 455 407 539 476 539 511 848 1220 511 573 541 251 753 507 448 272 367 442 442 2136 283 435 516 250 1225 581 261 499 501 500 718 1406 290 367 597 552 697 1974 322 297 910 252 302 355 438 331 262 673 318 418 1383 456 549 8432 385 470 1272 543
internal_value=-0.000232202 -7.22648e-06 -0.00268217 -0.00182252 -0.00534617 0.00144258 -0.00399412 0.000382961 -0.00602189 0.000570151 0.000359883 0.00282381 0.000307039 -0.000203688 -0.00118677 -5.81371e-05 -0.00402085 -0.00723711 0.00432875 0.00215622 -0.000152003 -0.00136067 -0.000886826 0.00129361 0.00818293 0.000657254 -0.000588792 0.00442928 0.00245495 0.0131081 0.00909804 0.0129551 0.000675537 -0.00165553 -0.0148473 -0.000264356 -0.000751907 -0.000977331 -0.00154126 -0.0102703 -0.000749551 -0.00679887 0.000277568 0.00738236 0.00460019 -0.000860518 0.0138487 0.00135737 0.00306479 0.00115692 0.00472536 0.00102814 0.00704232 0.000829862 0.00891538 0.00221554 0.00318134 -0.015893 -0.0105943 -0.00446533 0.00086036 0.00577313 0.00271616 -0.000536609 0.00281814 -0.00640597 0.0107694 0.00470689 -0.0031569 0.00293443 0.00465721 0.0115114 0.0073277 -0.00225032 0.00334114 0.00155643 0.0041691 -0.00515319 0.00780928 -0.00795831 0.0110233 0.00647523 -0.0143528 0.0128718 0.0123238 0.00728143 0.00994842 0.0113401 0.00106507 -0.00837436 -0.00824213 -0.00627654 -0.00904746 0.00093214 -0.0142532 -0.00813684 -0.0106007 0.0141551 -0.00604789 -0.00173803 0.00706948 0.00695025 -0.0177938 -0.0101863 0.00921603 -0.00523129 -0.00346627 0.00707147 -0.010973 -0.0167859 0.00933638 -0.00720611 -0.0146031 -0.0081849 0.0128222 0.00883044 -0.0211507 0.0087895 -0.00934029 -0.00205496 -0.00350287 -0.00446031 0.0024243 -0.00187703 -0.0119946 0.00452576
internal_weight=97374 93189 11872 11151 5294 1579 1067 81317 2302 79015 76656 14279 8949 62377 7830 61765 5177 3525 2653 2394 61482 33498 31812 27984 2360 25624 19256 6368 1470 591 3038 2138 19910 9791 930 8861 2052 18834 17811 1686 16384 2381 14003 2359 2001 1257 744 5857 4981 4430 3600 2480 5330 1702 850 6084 5748 721 1427 1451 1003 4297 3003 1531 1652 649 1119 777 2046 10119 7601 2363 1824 2518 1506 5238 4018 1125 2893 658 2352 1599 1323 1120 1348 981 3628 3361 725 875 3715 3199 2652 1088 830 781 1012 2636 1725 2100 694 740 924 1270 1730 4185 2601 547 2387 1162 679 852 1149 711 512 1003 569 1023 2211 828 11902 10253 1649 1264 1821 794
internal_count=97374 93189 11872 11151 5294 1579 1067 81317 2302 79015 76656 14279 8949 62377 7830 61765 5177 3525 2653 2394 61482 33498 31812 27984 2360 25624 19256 6368 1470 591 3038 2138 19910 9791 930 8861 2052 18834 17811 1686 16384 2381 14003 2359 2001 1257 744 5857 4981 4430 3600 2480 5330 1702 850 6084 5748 721 1427 1451 1003 4297 3003 1531 1652 649 1119 777 2046 10119 7601 2363 1824 2518 1506 5238 4018 1125 2893 658 2352 1599 1323 1120 1348 981 3628 3361 725 875 3715 3199 2652 1088 830 781 1012 2636 1725 2100 694 740 924 1270 1730 4185 2601 547 2387 1162 679 852 1149 711 512 1003 569 1023 2211 828 11902 10253 1649 1264 1821 794
is_linear=0
shrinkage=0.0667171


Tree=22
num_leaves=127
num_cat=0
split_feature=30 21 153 11 17 92 183 201 97 20 20 99 11 24 33 20 153 15 0 97 21 200 82 156 201 153 10 74 170 82 3 24 96 200 96 20 99 69 10 151 97 3 21 20 20 20 33 92 99 17 151 11 12 105 12 21 14 21 65 20 20 24 4 11 95 33 104 96 152 12 12 20 15 33 97 95 70 10 153 80 152 4 97 92 20 153 20 21 198 153 17 153 97 99 95 96 33 17 20 149 33 3 105 99 36 4 74 105 33 95 69 96 95 103 99 20 10 92 24 13 4 183 99 10 5 24
split_gain=20.0756 17.6094 22.5869 20.1494 18.0716 20.6771 22.3011 17.8401 16.9839 16.9531 18.5765 17.7553 16.6723 17.3474 20.0858 18.2961 16.5014 15.8717 19.7784 13.5715 12.8341 16.6211 13.5507 12.9755 12.7149 12.1827 23.4492 19.5992 15.3414 14.7375 11.9618 17.1118 12.5175 11.9085 21.4041 13.0836 16.1951 25.6989 15.4221 13.3455 12.7778 11.626 11.3167 10.9636 18.8503 15.9651 10.8023 18.2985 11.3485 13.8216 10.8571 12.1053 10.3423 10.3418 17.1932 16.7321 16.3585 12.3236 19.9486 15.8471 26.0506 18.9281 15.7354 14.6531 14.4523 12.833 19.3607 13.5488 12.5278 12.3563 18.9201 15.5815 13.4537 11.8977 11.5471 11.534 12.9596 11.4696 11.0505 14.0562 20.5782 11.0089 10.9881 12.1258 10.2896 21.7088 32.1097 19.1081 16.7341 15.869 15.7305 18.4761 16.2441 16.2145 14.6354 18.248 23.1166 13.5316 12.6728 20.6254 12.8559 14.5108 17.3412 11.4761 11.2955 11.2279 11.1933 10.734 10.6501 11.01 10.3949 20.5639 10.5681 10.2023 15.0693 13.9944 13.0938 12.4096 12.0632 14.6647 10.2426 10.1621 10.1589 10.0614 9.9175 9.87546
threshold=-0.048393145203590386 -0.8120717704296111 -0.12373552098870276 -0.049386782571673386 -0.32512404024600977 0.40983386337757116 -0.15396004170179364 -0.91425684094429005 0.7983916997909547 0.16250384598970416 0.0080634339246898907 0.70938816666603099 0.25842644274234777 -0.41333277523517603 -0.36207790672779078 -0.42661219835281367 -1.3470080494880674 -0.16460768878459928 0.046875000000000007 0.14348444342613223 -0.15464600920677182 -0.11575493589043616 0.031089738942682747 -0.02116395533084869 -0.79099115729331959 0.51663944125175487 0.20502061396837237 0.57348170876503002 -0.020056941546499726 -0.17475406080484387 -0.46216037869453425 -0.27210654318332667 0.61535456776618969 -0.44125625491142267 -0.0038842993089929219 0.45837846398353582 0.15060808509588244 -0.035738661885261529 -0.053640358150005334 -0.059308173134922974 -0.082805968821048723 0.41401703655719763 -0.6230407953262328 0.035794347524642951 -0.020692019723355767 -0.099021356552839265 -0.23442199081182477 -0.13631924986839292 0.55510717630386364 -0.10239447653293608 0.13815842568874362 0.068302892148494734 0.26444762945175176 0.42531131207942968 0.25527189671993261 -0.20619575679302213 0.31633183360099798 -0.15856117010116574 -0.1157640293240547 -0.023025206290185448 -0.0018707994604483245 0.30447316169738775 -0.38544754683971399 -0.14302577823400495 -0.13771200925111768 0.23319591581821444 0.021744670346379284 -0.086034946143627153 -0.013747038319706915 -0.063262734562158571 -0.18144819885492322 0.080188136547803893 0.067700002342462554 -0.099360775202512727 -0.093756165355443941 0.1824920475482941 -0.16278243809938428 -0.055683668702840798 -0.02870543114840984 -0.11203153803944586 0.038107164204120643 0.085113108158111586 -0.0061677671037614337 0.1352677792310715 0.052328854799270637 0.015635929070413116 0.073923397809267058 0.19380424171686175 -0.21973990648984906 0.093381132930517211 -0.071079310029745088 -0.0015462407027371226 -0.24672458320856092 -0.19325035810470578 -0.19736479967832563 -0.12531992793083188 0.23590858280658725 -0.04454591125249862 0.030231527052819732 0.22002366185188296 0.29692667722702032 0.44014346599578863 0.20194222778081897 0.017309485003352169 0.56690141558647167 0.044752327725291259 0.33232651650905615 0.087105445563793196 0.57144483923912059 -0.094155013561248765 0.21806428581476214 -0.17066784203052518 0.038268322125077255 -0.84977966547012318 0.19294946640729907 -0.35116149485111231 0.3701255470514298 -0.19510205090045926 0.51356425881385814 -0.22768325358629224 0.052858233451843269 -0.02547227498143911 -0.03953809663653373 -0.21154470741748807 -0.37499999999999994 0.23013237863779071
decision_type=2 2 2 2 2 2 2 2 2 2 2 2 2 2 2 2 2 2 2 2 2 2 2 2 2 2 2 2 2 2 2 2 2 2 2 2 2 2 2 2 2 2 2 2 2 2 2 2 2 2 2 2 2 2 2 2 2 2 2 2 2 2 2 2 2 2 2 2 2 2 2 2 2 2 2 2 2 2 2 2 2 2 2 2 2 2 2 2 2 2 2 2 2 2 2 2 2 2 2 2 2 2 2 2 2 2 2 2 2 2 2 2 2 2 2 2 2 2 2 2 2 2 2 2 2 2
left_child=24 16 4 53 5 6 -3 -6 9 10 11 20 13 -5 -15 -16 -2 -12 -19 33 22 -22 41 -24 -1 27 -27 28 29 -14 -30 32 -32 34 -17 36 39 -38 -37 40 -35 42 -9 44 45 -39 47 -21 49 -48 51 -51 -29 54 56 -56 57 58 -4 61 74 62 -59 64 82 66 67 -66 -67 70 78 121 81 -57 -61 76 -60 -64 124 -80 -81 -71 -62 -84 90 87 89 -86 -88 -87 91 -41 -92 -94 95 96 122 106 99 100 101 102 123 107 -102 -91 -90 -93 109 -99 111 -111 -113 -26 115 118 -117 -116 119 -115 -121 -72 -95 -96 -65 -74
right_child=1 2 3 12 7 -7 -8 8 -10 -11 17 -13 25 14 15 19 -18 18 -20 46 21 -23 23 -25 113 26 -28 52 30 -31 31 -33 -34 35 -36 38 37 43 -40 84 -42 -43 -44 -45 -46 -47 48 -49 -50 50 -52 -53 -54 -55 55 73 -58 59 75 60 63 -63 77 69 65 68 -68 -69 -70 72 71 -73 125 -75 -76 -77 -78 -79 79 80 -82 -83 83 -85 85 86 88 -89 97 105 92 103 93 94 98 -97 -98 108 -100 -101 104 -103 -104 -105 -106 -107 -108 -109 -110 110 -112 112 -114 114 117 116 -118 -119 -120 120 -122 -123 -124 -125 -126 -127
leaf_value=-0.007138802186514733 0.0019864884029418047 0.017595927577535597 0.00034023035759528022 -0.014660953186648571 -0.01620001883270631 -0.0081174446515412581 -0.0030274930200333322 -0.0047606540736300617 0.018187594571033344 0.0097065595752591164 0.0031174941345606215 -0.015188012344514687 0.0082941372638377555 0.017830570019885597 0.013000894474416411 0.014382490657487609 -0.017223513759731409 -0.00047000599771753132 -0.020537257417503736 0.012712507752388488 0.023404410607031793 0.0025356206670977305 -0.0076464584035596051 0.0020873564318399621 -0.0049768807226785059 -0.019858455262033666 -1.7840062216101508e-05 0.012417510283341419 0.0003169675083843597 -0.0025428723951501403 -0.0089672374618123395 -0.01267241979266279 0.011853032540234195 -0.0016520380547870746 -0.004541828250155474 0.020268819513807202 0.018514347102526713 -0.0053438667284347631 0.00087518364055540979 -0.0033872199874210624 -0.011587945035631 -0.0060254500139477899 0.0077054520920427664 0.0074264124856501497 -0.017946661306604193 0.012693754515081217 -0.022514992147672195 -0.0047893159777755842 0.0047427763189393634 -0.0031182597443144429 0.0040066600190861255 -0.018411361207397715 -0.0035713412503473253 0.0059012919941375626 -0.00050712158229959756 -0.0067934834576833681 0.002334776014558585 0.013818406526022195 -0.004039777423597333 -0.024274067448295591 -0.016239131891269899 0.019534578753536962 -0.014760524873629451 0.00150970776937706 -0.0041182278230084569 -0.0016090212758790214 -0.0085054324389778994 0.012311728203298095 0.016410340999076605 0.012572819665258831 -0.015295730792593993 -0.020064732393322127 0.0016550363219451805 -0.022825538867619882 -0.0058053332862185968 -0.00055893473019129824 -0.020855176148371662 0.0015446445253951098 -0.010731568295702581 0.019585164445549745 -0.0018265142398329241 -0.0046540718725755657 -0.010465111595961911 0.0077832445749335174 0.011454631181955532 -0.0049826364267865136 0.0098514747341850433 -0.0076710625124083165 -0.019532737122608008 -0.028938930514949886 0.013063082638862283 0.015827588022588251 -0.0078234102513980528 0.0029408952211111452 0.013020296799752237 -0.011451616222492271 -0.0057446143031827691 0.0069443626911043976 0.017799835238197167 -0.014486988907320324 0.013066627681842873 0.014311453063745852 -0.017191847378959409 0.01898297831651927 -0.00058369955795090772 -0.010260986800821749 -0.0027465714980164924 -0.0013073375432372768 -0.0090785736029458837 -0.0099320147609414898 -0.011081198146479955 -0.002956596993845591 0.013766544365418016 0.010472644308318848 -0.010062587560483465 0.0013508931412042444 -0.010624186445658259 0.00464100473150465 -0.018390347871684257 -0.0014659083485770985 -0.018473336752855993 -1.392118414931176e-05 0.021541164528909001 -0.0017260105287827904 -0.014036915028655235 -0.016350128419796384
leaf_weight=796 304 933 716 332 258 258 305 375 260 884 442 269 710 295 501 716 550 376 527 391 275 446 1171 1257 1085 516 543 584 757 2571 256 1649 251 1678 416 313 504 521 439 498 882 424 2159 852 268 370 293 812 291 516 324 422 253 529 463 357 2263 266 281 380 329 271 312 263 351 251 693 592 510 461 328 717 258 509 257 254 787 481 327 298 584 250 318 323 861 503 541 313 345 348 411 274 1135 270 252 801 820 915 252 292 912 280 276 545 374 255 369 384 555 464 428 251 480 270 260 23012 410 7530 276 429 250 458 258 1055 558 273
leaf_count=796 304 933 716 332 258 258 305 375 260 884 442 269 710 295 501 716 550 376 527 391 275 446 1171 1257 1085 516 543 584 757 2571 256 1649 251 1678 416 313 504 521 439 498 882 424 2159 852 268 370 293 812 291 516 324 422 253 529 463 357 2263 266 281 380 329 271 312 263 351 251 693 592 510 461 328 717 258 509 257 254 787 481 327 298 584 250 318 323 861 503 541 313 345 348 411 274 1135 270 252 801 820 915 252 292 912 280 276 545 374 255 369 384 555 464 428 251 480 270 260 23012 410 7530 276 429 250 458 258 1055 558 273
internal_value=-0.000125149 -0.000835615 -0.000703526 -0.00128458 0.00209517 0.00888728 0.0124788 0.000976407 0.00148393 0.000971076 -2.71662e-05 0.00147147 -0.000380533 0.000418292 0.000609559 0.000413135 -0.0103355 -0.00714782 -0.0122205 0.000165611 0.00221642 0.010562 0.00108974 -0.00259351 0.00117156 -0.00303551 -0.00970499 -0.00202432 -0.00332284 -0.00018454 -0.00684496 -0.00937764 0.00125796 0.000728796 0.0073908 0.000376546 6.20088e-05 0.00507968 0.00900353 -0.000627161 -0.00509154 0.00412399 0.00584196 0.00168463 -0.00251505 0.00211437 -0.00400952 0.000879452 -0.0072153 -0.00948478 -0.00640867 -0.0100463 0.00752768 -0.0032242 -0.00353414 -0.0107957 -0.00286084 -0.00383196 -0.00856964 -0.00287236 -0.00390222 0.0038942 -9.88146e-05 -0.00287963 0.000480992 0.00327048 -3.71961e-05 0.00615247 0.0104127 -0.00525581 -0.00726797 -0.0129429 0.000437753 -0.0162636 -0.0168736 -0.0134231 -0.0164611 -0.0048395 -0.00304504 0.000986074 0.00538963 0.00645552 -0.00636577 -0.0012288 9.84025e-05 -0.00189782 -0.00367324 0.00630999 -0.00108257 -0.0138104 0.00155798 0.00733741 0.000221446 -0.000534272 0.000878354 -0.00348804 0.0012244 -0.00264951 0.00342942 0.00235839 0.00394042 0.000381177 -0.00208016 0.0118137 0.0090656 -0.0211141 -0.0109122 0.00580652 -0.00072632 0.00109371 -0.00218731 0.000980143 0.00796676 0.00137041 0.00158413 0.000773969 0.00113881 0.00414242 -0.00616417 -0.00255293 -0.00779695 -0.00638982 0.0121006 0.00110549 -0.00900716 -0.00753927
internal_weight=97002 62684 61830 51211 10619 1496 1238 9123 8865 8605 7721 6376 34943 26853 26521 26226 854 1345 903 25725 6107 721 5386 2428 34318 8090 1059 7031 6194 3281 2913 2156 507 22676 1132 21544 20792 2515 752 18277 2560 2958 2534 2011 1159 891 3049 1203 1846 1555 1262 938 837 16268 15739 1329 14410 12147 2038 10109 8779 1330 1059 8142 3367 2397 1636 943 761 4775 3533 1503 1242 866 637 1322 1068 793 2030 1209 882 711 970 641 15717 6628 5454 1174 4348 1106 9089 1701 7388 6977 5842 2149 1348 3807 3693 3441 3149 1863 1583 1203 1286 603 714 658 3093 2538 1623 1195 731 33522 32437 24647 23422 7790 1225 949 679 786 528 1307 821 531
internal_count=97002 62684 61830 51211 10619 1496 1238 9123 8865 8605 7721 6376 34943 26853 26521 26226 854 1345 903 25725 6107 721 5386 2428 34318 8090 1059 7031 6194 3281 2913 2156 507 22676 1132 21544 20792 2515 752 18277 2560 2958 2534 2011 1159 891 3049 1203 1846 1555 1262 938 837 16268 15739 1329 14410 12147 2038 10109 8779 1330 1059 8142 3367 2397 1636 943 761 4775 3533 1503 1242 866 637 1322 1068 793 2030 1209 882 711 970 641 15717 6628 5454 1174 4348 1106 9089 1701 7388 6977 5842 2149 1348 3807 3693 3441 3149 1863 1583 1203 1286 603 714 658 3093 2538 1623 1195 731 33522 32437 24647 23422 7790 1225 949 679 786 528 1307 821 531
is_linear=0
shrinkage=0.0667171


Tree=23
num_leaves=127
num_cat=0
split_feature=153 11 96 15 69 36 21 19 19 92 10 20 11 95 20 74 18 21 70 20 15 104 11 2 103 18 105 20 14 95 153 20 95 5 164 36 20 82 36 36 36 164 21 19 36 19 19 20 5 97 95 81 18 18 11 74 201 200 103 201 81 36 18 201 105 99 97 183 15 183 5 4 19 19 5 20 69 36 19 14 20 36 95 153 164 95 20 80 18 92 182 19 19 19 21 19 80 80 153 18 159 11 81 97 80 20 20 36 97 21 15 14 18 2 84 19 99 170 99 99 1 84 96 70 11 97
split_gain=19.7787 21.9942 21.5271 26.3885 19.0245 31.5232 20.5306 18.1634 38.3052 25.8925 18.8638 17.5887 16.3389 16.9749 26.0582 24.9831 19.6794 28.733 23.4319 22.565 22.3929 23.6854 18.6135 17.9923 17.7436 16.6471 16.2124 29.8982 32.6512 24.5063 21.3901 19.8023 20.3762 19.4121 16.2186 16.0858 15.9855 15.1856 22.651 15.8853 19.007 17.4458 15.0951 34.4255 14.8282 14.5464 19.0138 15.1994 32.5626 23.0673 22.9363 14.4157 23.7513 24.0711 21.4992 20.5788 16.7561 15.5693 20.0623 15.4112 18.6182 17.3431 15.2482 14.1664 13.9902 14.4707 18.0679 13.4407 13.3581 13.2478 13.0515 12.9216 46.4795 16.8091 14.3053 23.7627 19.537 21.8783 15.4536 18.9491 14.1159 12.8172 12.809 12.7657 12.6308 16.6231 33.0389 13.0528 12.5263 15.8055 12.4784 12.3365 28.9075 61.8502 25.9967 20.8824 20.9195 19.2459 18.4624 17.7103 20.2202 19.1538 14.0134 14.702 13.7582 13.2611 24.4919 27.1284 23.3388 22.6382 28.0562 24.3738 28.6511 22.472 21.667 20.4279 20.227 20.2092 21.8046 31.1619 22.7194 18.879 18.5753 18.1965 17.3553 19.4993
threshold=0.45257724821567541 -0.065999493002891527 -0.093716852366924272 -0.1407615393400192 -1.4113613963127134 -0.53873237967491139 0.22838824987411502 0.021033186465501789 -0.072427801787853227 0.0043950851541012534 -0.047542609274387353 0.2179965823888779 -0.66086679697036732 -0.016366406343877312 -0.0843229405581951 -0.2432921156287193 -0.17216216027736661 0.12920391559600833 0.19022964686155322 0.1048441305756569 0.046161539852619178 0.11161431297659875 -0.42451180517673487 -0.078124999999999986 -0.18623994290828702 0.19050760567188266 -0.025544311851263043 -0.16752824187278745 0.44728422164916998 1.0000000180025095e-35 0.20586267113685611 -0.10048581659793852 0.066692780703306212 0.37500000000000006 -0.086557984352111803 -0.1373239457607269 -0.35116149485111231 0.080590590834617629 0.41901408135890966 0.50352111458778392 0.031690141186118133 -0.0068865648936480275 0.073941271752119078 0.68853217363357555 -0.1373239457607269 0.25103731453418737 0.21089855581521991 -0.010314171202480791 -1.0000000180025095e-35 0.20138570666313174 0.12547521293163302 0.090564064681530013 -0.0396803431212902 -0.038755036890506737 0.50153034925460827 0.02570263855159283 -0.84805473685264576 0.1446984335780144 -0.075776193290948854 0.65420475602149974 0.76178401708602916 0.56690141558647167 0.055483173578977592 -0.26793065667152399 -0.099893048405647264 0.12015196681022645 0.052903810515999801 -0.80071091651916493 0.33693076670169836 -0.12206976860761641 1.0000000180025095e-35 -0.4294768869876861 -0.15574982017278668 -0.10004562884569167 1.0000000180025095e-35 0.1048441305756569 0.034099020063877113 0.27816902101039892 -0.18869853019714353 0.23215029388666156 -0.058909537270665162 -0.27816902101039881 0.2233776077628136 0.57109665870666515 0.41738241910934454 -0.027144393883645531 0.38950285315513616 0.17141205817461017 0.026488136500120166 0.20309562236070636 0.20494980365037921 -0.043469697237014764 -0.068712692707777009 -0.075781837105751024 0.18108972162008288 -0.01979564223438501 -0.096262373030185686 -0.14156173914670941 -0.051958760246634476 0.055483173578977592 -1.0000000180025095e-35 0.05184354446828366 -0.14000722765922544 0.24341621249914172 0.059709019958972938 0.31519766151905065 0.023706069216132167 -0.179577462375164 -0.018253165297210213 -0.090045675635337816 0.20769999921321872 -0.11308779940009116 -0.0096093527972698194 -0.015625000465661284 0.0065335049293935308 0.11847240105271341 -0.19325035810470578 -0.18471191078424451 -0.011332913767546414 -0.13128526508808133 0.34801135957241064 0.14798738807439807 0.091896433383226409 0.12328162416815759 0.23692055791616443 0.33843995630741125
decision_type=2 2 2 2 2 2 2 2 2 2 2 2 2 2 2 2 2 2 2 2 2 2 2 2 2 2 2 2 2 2 2 2 2 2 2 2 2 2 2 2 2 2 2 2 2 2 2 2 2 2 2 2 2 2 2 2 2 2 2 2 2 2 2 2 2 2 2 2 2 2 2 2 2 2 2 2 2 2 2 2 2 2 2 2 2 2 2 2 2 2 2 2 2 2 2 2 2 2 2 2 2 2 2 2 2 2 2 2 2 2 2 2 2 2 2 2 2 2 2 2 2 2 2 2 2 2
left_child=1 2 7 4 -4 -6 26 8 11 -9 -10 71 25 14 15 -14 17 24 20 22 36 -22 -20 42 -15 67 27 28 29 -7 31 32 -29 -28 -33 -21 -18 39 83 40 84 -42 43 88 -25 46 47 48 50 -50 -36 54 59 -54 56 -56 -3 58 -55 60 61 -53 -60 -44 -38 66 82 -5 -64 -24 -23 72 80 74 75 76 77 -73 -76 -80 -1 -59 -66 -39 85 87 -87 -2 89 -16 -47 92 93 102 97 96 -93 -94 -98 101 -101 -99 -58 -104 -95 106 107 122 117 114 115 112 -112 -113 -109 121 -117 -108 119 -119 -120 -111 -97 124 125 -124
right_child=37 51 3 12 5 6 -8 9 10 -11 -12 -13 13 16 23 -17 18 -19 19 35 21 70 69 44 -26 -27 33 30 -30 -31 -32 34 -34 -35 45 -37 64 38 -40 -41 41 -43 63 -45 -46 90 -48 -49 49 -51 -52 52 53 57 55 -57 91 81 62 -61 -62 -63 68 -65 65 -67 -68 -69 -70 -71 -72 73 -74 -75 78 -77 -78 -79 79 -81 -82 -83 -84 -85 -86 86 -88 -89 -90 -91 -92 95 94 104 -96 105 98 99 -100 100 -102 -103 103 -105 -106 -107 108 109 -110 110 111 113 -114 -115 -116 116 -118 118 120 -121 -122 -123 123 -125 -126 -127
leaf_value=0.024573441841394886 0.0076256395966003447 -0.015216643691411133 0.019177113835216083 -0.027232398483420576 -0.019104768492933358 -0.0044204937001358696 0.020358276219850712 0.015770839392479349 -0.022344371541470488 -0.009683596974607394 -0.0069963605293760752 -0.015473556483731618 0.0011905016092790504 0.021497666816479209 0.013927224029600269 -0.021254937035236763 -0.015181980113184477 -0.01470349144048832 0.010757155348901386 0.021139899717071482 -0.017756868207390458 0.0093095719568132024 -0.010344343047080026 0.0003748027836764636 0.0051618454168421224 0.004984207660889038 7.6215633182881724e-05 0.0072759911574657825 0.00095132525189458791 -0.031317054316506464 -0.011193392324197514 -0.0071877865355351178 0.029378439899216999 -0.011786572844906825 0.023765984980506388 0.0022931895160304434 0.0066298235774925789 -0.0020085549271676188 -0.011270928986419928 0.0055296980674979955 -0.0079939474054581093 -0.029304317789359127 -0.020332592097697173 0.02607353839517965 -0.018946031857438178 0.021722142802412345 -0.011266140528357808 0.0071876008303127532 -0.020813769259482914 0.0037119599517719984 -0.0036035042816473955 0.0013225158454264166 0.024963040973835345 0.013169016315437657 0.002264207267846193 -0.016991271759424414 -0.0019096514114913565 0.011481689518096135 -0.0017773210451549725 0.012041680660162054 -0.0083421791846520973 -0.015869203080721338 0.0036565567505402428 -0.00035624615208857308 -0.009318740816023784 0.0093792742281709543 -0.021545461858349955 -0.0090776824946810532 0.012812110329542867 0.0033363324230217509 -0.0091723398986164086 -0.011175491530694432 -0.016477234163170977 0.010845454692252605 0.015773996647272519 0.0073505408966521631 -0.024062663354618739 0.0030641025472057698 -0.0099706014212715219 0.011252306234202829 0.006404368311517813 -0.0040202241312284363 0.0091386944022060473 0.012110596127550709 0.0083232399954414598 -0.023517576390683984 -0.00061075399445294427 -0.008693151664873314 -0.0062468646261567423 -0.0063048310930513256 0.0050018671864873066 -0.021297626126348345 0.020817017113298555 -0.026994164934754008 -0.0076193701282918757 -0.012582497390440896 -0.015121382662361574 0.0094187065843156295 0.0061785114760060473 -6.2730202287407574e-06 0.022768767315410464 -0.01496477946711027 0.0030168270878043251 -0.011190150823875025 -0.0084029154064508248 0.005016919602453776 0.0094325161103832808 0.0071444124562569551 0.0016318665359081499 0.027456555090210246 -0.017085407712471121 -0.0087721105647494118 0.0028099809838607426 0.013278476049655579 -0.0097954008331694927 -0.010415882331144632 0.010175437361338432 -0.011230213817390707 -0.026061952523405586 0.0043029345901203419 -0.0056715189300277184 0.0073571085516816537 0.010710867404271542 0.012710945535976471 -0.017462317538393488 -0.012777143770361498
leaf_weight=283 438 301 266 255 327 321 256 448 749 289 694 458 311 371 443 723 310 269 438 431 960 285 812 284 1470 251 3030 511 1601 286 352 498 294 765 287 383 1034 494 474 396 361 332 251 261 446 413 336 3687 416 282 251 6968 259 1333 401 623 3958 283 1456 450 1182 268 2443 425 404 281 291 651 1007 506 410 1679 344 330 266 437 348 665 539 282 593 1377 280 655 252 594 532 428 731 274 392 420 674 385 364 860 306 304 432 280 436 265 12202 329 339 1922 289 524 1945 518 530 263 806 884 918 259 1090 1522 557 916 438 355 396 361 319 256
leaf_count=283 438 301 266 255 327 321 256 448 749 289 694 458 311 371 443 723 310 269 438 431 960 285 812 284 1470 251 3030 511 1601 286 352 498 294 765 287 383 1034 494 474 396 361 332 251 261 446 413 336 3687 416 282 251 6968 259 1333 401 623 3958 283 1456 450 1182 268 2443 425 404 281 291 651 1007 506 410 1679 344 330 266 437 348 665 539 282 593 1377 280 655 252 594 532 428 731 274 392 420 674 385 364 860 306 304 432 280 436 265 12202 329 339 1922 289 524 1945 518 530 263 806 884 918 259 1090 1522 557 916 438 355 396 361 319 256
internal_value=-0.000235476 -1.43652e-05 -0.00126712 -0.000399231 0.00159532 0.00126342 0.00174528 -0.004238 -0.00520224 0.00572385 -0.0149906 -0.00292403 -0.00244224 -0.00176684 -0.00529198 -0.0144606 -0.000125419 0.00549753 -0.00186967 0.00314937 -0.00490988 -0.0109724 -0.0010866 -0.00223263 0.00848737 -0.0100374 0.00139257 0.00281175 -0.00402118 -0.0171653 0.00477174 0.00554311 0.015416 -0.00231015 0.00432309 0.0123167 -0.00103508 -0.00433996 0.000929853 -0.00691756 -0.0086133 -0.0182712 0.000560568 0.00391086 -0.0113771 0.00527667 0.00398775 0.00504072 -0.00133295 -0.0108477 0.0109293 0.000833144 0.002446 0.00504358 0.000108555 -0.00941107 0.000373996 0.00438044 0.00590873 5.24364e-05 -0.000587755 0.000676292 0.00392577 -0.00784046 0.000879378 -0.00382923 -0.00769141 -0.0142572 0.00634247 -0.00506318 -0.00155142 -0.00191604 0.00416046 -0.00355553 -0.00469693 -0.00698864 -0.00933628 -0.00712027 0.00186468 -0.00262113 0.0123353 -0.00134144 -0.00171559 0.00600932 -0.00560555 -0.0073929 -0.0127305 -0.000410279 -8.93144e-05 0.0061363 0.0136298 0.000503969 0.00164959 0.000704522 0.00863192 -0.000803975 -0.00944275 0.0116817 -0.00263238 0.00684836 0.013814 -0.00187427 0.00154485 0.00263897 -0.0183351 -0.000172744 -0.000887927 0.00140862 -0.0042727 0.00368391 0.00592761 0.00104039 -0.00506442 0.00817292 -0.00360758 0.0113712 0.00618608 -0.0073684 -0.00880064 -0.00538103 -0.0171261 0.019329 -0.00495237 -3.71521e-06 -0.00476867 0.00141401
internal_weight=97145 92189 37216 28812 14571 14305 13978 8404 7667 737 1443 6224 14241 13084 4149 1034 8935 2110 6825 2570 4255 1655 1756 3115 1841 1157 13722 9927 2208 607 7719 7367 805 3795 6562 814 2600 4956 1623 3333 2937 693 2385 1709 730 6064 5259 4923 1236 698 538 54973 17026 8158 37947 1024 36923 7899 6239 8868 8418 7236 4906 676 2290 1256 975 906 3450 1318 695 5766 1220 4546 4216 3129 2692 2344 1087 821 876 1660 684 1149 2244 1992 1126 866 1448 717 805 36622 19536 17213 2323 17086 1158 1959 738 1285 716 569 16489 12531 724 15928 14006 8339 5667 6147 4705 2483 1336 1147 1442 2222 1349 3722 3433 2438 995 873 2192 1332 971 652
internal_count=97145 92189 37216 28812 14571 14305 13978 8404 7667 737 1443 6224 14241 13084 4149 1034 8935 2110 6825 2570 4255 1655 1756 3115 1841 1157 13722 9927 2208 607 7719 7367 805 3795 6562 814 2600 4956 1623 3333 2937 693 2385 1709 730 6064 5259 4923 1236 698 538 54973 17026 8158 37947 1024 36923 7899 6239 8868 8418 7236 4906 676 2290 1256 975 906 3450 1318 695 5766 1220 4546 4216 3129 2692 2344 1087 821 876 1660 684 1149 2244 1992 1126 866 1448 717 805 36622 19536 17213 2323 17086 1158 1959 738 1285 716 569 16489 12531 724 15928 14006 8339 5667 6147 4705 2483 1336 1147 1442 2222 1349 3722 3433 2438 995 873 2192 1332 971 652
is_linear=0
shrinkage=0.0667171


Tree=24
num_leaves=127
num_cat=0
split_feature=152 80 20 17 4 92 11 20 21 96 182 18 12 149 12 18 21 153 97 99 19 18 4 19 11 92 20 20 20 14 153 12 92 102 20 17 21 5 95 82 0 12 16 19 17 21 148 152 10 0 96 62 95 92 16 46 200 99 19 33 201 201 20 99 20 20 4 24 4 19 3 20 18 153 21 11 153 20 20 97 33 17 99 33 105 80 169 19 24 12 20 12 201 92 19 153 153 17 95 12 19 92 9 24 13 153 153 10 18 21 92 16 20 21 5 99 99 21 105 95 95 79 18 92 20 153
split_gain=20.7028 19.3905 20.3623 19.5604 34.4308 26.813 18.6727 20.6845 28.4741 18.1002 21.0118 19.0867 19.7255 18.9754 18.8206 17.918 19.5137 17.5265 43.5732 33.0513 19.2721 55.3558 22.5673 19.6776 19.3761 24.0584 27.0255 20.4667 35.9486 33.2571 33.1841 37.4008 25.7849 24.1491 23.3776 31.3813 27.2505 24.8546 21.2808 20.5784 29.5858 23.0235 28.4077 32.7756 24.5737 20.7382 20.4901 19.6528 19.5822 28.2362 25.6473 25.4909 28.6237 24.4814 21.0299 19.2403 19.0065 18.4372 17.8375 21.7839 17.7747 17.355 17.3321 31.0442 17.522 31.2443 34.1258 28.9675 21.2325 18.9997 21.0844 25.5222 23.5339 17.5166 17.2454 17.0677 17.0541 35.8075 27.0399 33.876 20.4458 28.2241 20.0635 16.6929 16.6646 16.6909 16.6058 16.5873 18.2722 25.9609 28.669 20.3897 18.0346 16.546 16.9944 16.8398 16.8184 16.4427 16.4313 15.8411 15.8281 15.7392 15.6133 15.4825 16.0157 20.4692 20.7857 17.957 15.6198 15.406 15.3809 15.2521 14.833 22.7481 27.3474 14.8288 20.5299 15.8607 18.7105 14.8136 14.7829 23.6513 14.7001 14.5718 17.2212 14.0739
threshold=0.46334625780582434 -0.091131325811147676 0.6061491370201112 0.1209462881088257 -0.471088096499443 0.11144522950053216 -0.065999493002891527 0.45837846398353582 0.50897553563117992 -0.093716852366924272 -0.16872227936983106 0.17748695611953738 1.2364052534103396 -1.4062492251396177 0.85546651482582103 -0.12176372483372687 0.65643718838691723 -0.12640466541051862 0.091714248061180129 0.049861965700984008 0.44884687662124639 0.29585492610931402 -0.29481184482574457 0.41526569426059728 0.47714054584503179 0.10802350565791131 -0.18270686268806455 0.061908153817057616 0.077895369380712523 0.06969494000077249 0.3148533701896668 -0.17457927763462064 0.051992259919643409 -0.080081280320882783 0.18315176665782931 -0.045840224251151078 0.067846655845642104 1.0000000180025095e-35 -0.19140341132879254 -0.31295843422412867 -0.37073864042758936 -0.25128218531608576 0.085821464657783522 0.12705356627702716 0.25526712834835058 0.22382055222988131 0.13936432451009753 0.028716095723211769 -0.24189611524343488 0.34232954680919653 -0.25562152266502375 -0.14879074692726132 0.35961252450942999 -0.13025214523077008 0.16413335502147677 -0.13993012160062787 -0.16004454344511029 -0.018021684139966961 0.17577274888753894 -0.21828547120094297 0.25165073573589331 -0.059617241844534867 0.2179965823888779 -0.10039473325014113 0.053381266072392471 -0.023025206290185448 -0.42501027882099146 0.27633322775363928 0.27317175269126898 -0.21569240093231198 0.41864693164825445 0.0092597450129687803 -1.0000000180025095e-35 -0.11016495153307913 0.18727895617485049 0.011058466508984567 -0.13624010235071179 -0.12521763890981671 -0.10048581659793852 0.58447322249412548 -0.36207790672779078 -0.24469691514968869 -0.060545463114976876 0.38503074645996099 0.17222922295331958 0.53291162848472606 0.009200783912092449 0.14475676417350772 -0.02217449992895126 -0.063543215394020067 -0.32668507099151606 -0.26959931850433344 -0.19243261963129041 0.0043950851541012534 0.2443867772817612 0.1472137123346329 0.12619924545288089 -0.2006902992725372 -0.048429856076836579 -0.14453921467065808 0.25103731453418737 -0.13025214523077008 -0.04941094480454921 -0.21036661416292188 -0.36304000020027155 0.22548079490661624 -0.091639183461666093 0.18768672645092013 -0.077087521553039537 0.11281565949320795 -0.02608520537614822 -0.25573538243770594 -0.081014793366193757 0.4045709520578385 0.37500000000000006 0.28870147466659551 0.18560380488634112 -0.38756933808326716 0.55574145913124096 0.10912850871682168 0.0080795711837708967 0.27297385036945349 0.12685234844684604 -0.19736514240503308 0.11106365174055101 -0.98836290836334217
decision_type=2 2 2 2 2 2 2 2 2 2 2 2 2 2 2 2 2 2 2 2 2 2 2 2 2 2 2 2 2 2 2 2 2 2 2 2 2 2 2 2 2 2 2 2 2 2 2 2 2 2 2 2 2 2 2 2 2 2 2 2 2 2 2 2 2 2 2 2 2 2 2 2 2 2 2 2 2 2 2 2 2 2 2 2 2 2 2 2 2 2 2 2 2 2 2 2 2 2 2 2 2 2 2 2 2 2 2 2 2 2 2 2 2 2 2 2 2 2 2 2 2 2 2 2 2 2
left_child=6 -2 3 4 -3 -5 9 17 -9 62 11 12 -11 -12 76 16 98 18 19 -8 23 112 -23 24 27 26 -26 33 29 32 34 -32 47 60 36 46 -30 38 -37 -38 -41 -42 44 123 45 -43 -36 -29 49 53 -50 -52 55 -35 -55 -53 -49 -54 59 75 -19 -39 64 -64 65 66 -1 68 119 -67 71 73 -72 -71 -25 -57 77 82 -79 97 -78 -82 -15 -46 -6 -86 122 88 89 91 -91 -61 -92 94 -60 -96 -95 -80 -10 -73 -33 -13 -90 -83 105 106 -105 108 -108 -106 -99 -66 120 114 -114 116 -20 -117 -119 -68 121 -22 -40 -44 -125 -84
right_child=1 2 -4 5 84 -7 7 8 15 10 13 101 -14 14 -16 -17 -18 20 115 -21 21 22 -24 74 25 -27 -28 28 30 -31 31 100 -34 48 35 37 39 61 86 40 41 42 43 -45 83 -47 -48 56 50 -51 51 52 57 54 -56 58 -58 -59 93 87 -62 -63 63 -65 111 69 67 -69 -70 70 72 99 -74 -75 -76 -77 80 78 79 -81 81 103 125 -85 85 -87 -88 -89 102 90 92 -93 -94 96 95 -97 -98 110 -100 -101 -102 -103 -104 104 109 -107 107 -109 -110 -111 -112 -113 113 -115 -116 117 -118 118 -120 -121 -122 -123 -124 124 -126 -127
leaf_value=0.019447368763157353 -0.017572743381776928 -0.020310242210748161 -0.0164622338148586 0.0082702892166817022 0.011672849493128471 -0.015569348096881475 0.0035581489421379316 0.025664935141609002 -0.0040171877533433818 -0.0038271665091547929 0.018207088805574947 0.014642451198249881 -0.018957223640584581 0.01538902844370081 -0.015984516307221856 0.014419207259789664 -0.016752418801752374 0.0066309023947908165 0.0080657570682050612 -0.021043857372050469 -0.024706787836413394 0.025919338200557512 0.0022594627201200624 0.021289168582503262 -0.022621686420027168 0.0060641485572107403 -0.0010110698049782263 -0.0053546121632934698 -0.011779467365609945 0.013395243743002199 0.0099819274880604669 -0.016717391993417763 0.00055906084894154662 0.0011372744596484944 -0.022890616944378245 0.016695309383090027 0.013864144528250038 0.0011492454848964931 -0.019473264319143719 0.013186445639252063 -0.016528448395187956 0.019434410273304177 -0.011665714175410008 -0.023008642328119232 -0.015214801762604068 -0.0019040447477180898 -0.00038118997341483115 -0.0070628271302195424 0.017772740650903073 -0.0060519226689261154 -0.0095243341966616841 -0.0065952065231542857 0.0030381451653881137 0.026287408029712737 0.00715302439887685 0.0017807642815137914 -0.026162928358363764 0.028214073541401655 0.011658766778972878 -0.001236321059125781 -0.0057107179972553405 -0.018636183553771567 0.0017206741914993873 -0.029635926837799084 0.01536668518189427 0.0015908706705160471 -0.0058344563842967143 0.01685986929694842 0.0090774989390715426 -0.005031692891780991 -0.017666458042466925 -0.018939245944315817 0.0076155866430787107 -0.024916274570020939 0.00088229649788903065 -0.013997193839882094 -0.013036334999014727 0.026282622919181795 0.014980789157219695 0.022638734136125608 0.0099708024753470421 -0.0098442815041148036 0.0097547554652332325 0.0085150130671735845 -0.0054955728528022774 0.013084727093770511 0.008927764521791887 -0.01566611221571745 0.0062871629660082957 0.014715915933185922 -0.02212516664364271 0.013174291622477194 -0.002359195329848652 0.0065402303231614787 0.0029422042823599569 -0.017445540657078193 0.025409087836245139 -0.0064580263502927457 0.017292023103396836 0.00011752852256919232 0.001219908851767635 -0.00028669986136525675 -0.0015696720632160813 -0.0018189688612838392 -0.0025017716578253617 -0.015905436919826745 -0.0026582605208731154 -0.0019104926643354928 0.011532115376328856 -0.018830577679380334 0.0048148583007087868 -0.00048291519172448052 -0.0052099447768519953 -0.022143922538978265 0.015819427844067802 0.019814865556763823 0.02718967728932925 -0.0023173236561415166 0.014050652636931286 -0.024118462443369043 -0.0043050429063103308 -0.001367103950196052 0.0024604878025772303 0.018151456473704329 -0.00042410958380689707 -0.0055408074273431834
leaf_weight=383 468 266 450 286 922 752 547 325 394 6520 272 395 406 264 298 465 266 5387 676 430 656 315 418 378 556 429 482 586 444 271 390 1130 611 703 488 522 1027 384 255 1080 314 840 333 312 258 261 287 335 355 589 1234 1820 259 547 489 467 789 261 422 584 569 394 254 303 303 608 519 259 250 251 251 281 457 981 362 851 560 322 461 473 1135 824 298 262 797 291 499 271 1285 357 262 1668 935 639 453 293 316 779 266 600 265 1471 8891 2629 3755 275 410 896 2007 274 1721 2273 1352 257 342 278 401 1048 437 322 597 276 280 289 911 2330
leaf_count=383 468 266 450 286 922 752 547 325 394 6520 272 395 406 264 298 465 266 5387 676 430 656 315 418 378 556 429 482 586 444 271 390 1130 611 703 488 522 1027 384 255 1080 314 840 333 312 258 261 287 335 355 589 1234 1820 259 547 489 467 789 261 422 584 569 394 254 303 303 608 519 259 250 251 251 281 457 981 362 851 560 322 461 473 1135 824 298 262 797 291 499 271 1285 357 262 1668 935 639 453 293 316 779 266 600 265 1471 8891 2629 3755 275 410 896 2007 274 1721 2273 1352 257 342 278 401 1048 437 322 597 276 280 289 911 2330
internal_value=-0.000231221 -0.00479292 -0.00318826 -0.00136655 0.00208246 -0.0089492 -2.26078e-05 0.000749447 0.00795518 -0.00118306 -0.00039024 -0.00310844 -0.0047237 0.000804259 0.00056052 0.00377046 -0.00156284 0.000519396 0.00487594 -0.00723876 0.000186915 -0.00412909 0.0124798 0.0005837 0.000406086 -0.00712577 -0.0126246 0.000659903 -0.00146222 -0.00853981 0.00017015 -0.00816074 -0.0111323 0.0016415 0.00175068 -0.00297848 0.00407907 0.000869112 0.00574784 0.00528583 0.00346213 0.000669339 0.00224583 -0.00339842 0.00868887 0.0143338 -0.0145886 -0.0153326 0.000694461 0.00650442 6.6793e-05 -0.00022901 0.000342826 0.0107858 0.0172991 -6.75428e-05 -0.0205019 0.015744 0.000602712 -0.000177477 0.00544304 -0.00882828 -0.00392875 -0.0152787 -0.00310421 -0.00534734 0.00193266 -0.00302832 -0.00781192 -0.00903744 -0.0113439 -0.0146819 -0.00133955 -0.0208862 0.0113535 -0.00837515 0.000818007 0.00355814 0.00785473 0.00610494 -0.000606723 -3.16129e-05 -0.00201008 -0.0031803 0.00508412 -0.000473551 0.000175622 0.000579339 0.000899098 0.00484192 -0.00176737 0.00941867 -0.00673618 0.00633554 0.000983152 -0.0050336 0.0128422 0.00343921 0.00453344 -0.00595804 -0.0132763 0.00286443 -0.000572913 -0.00106189 -0.000350589 0.00176889 0.0025987 0.00611429 0.00910595 -0.00362844 0.00128666 0.00137765 -0.00764511 -0.00376404 -0.000930833 0.00906092 0.015238 0.0052618 0.00249075 -0.0128977 -0.0125704 -0.0178254 -0.00793867 0.000592246 0.00404047 -0.00378489
internal_weight=96979 4232 3764 3314 2276 1038 92747 55677 1716 37070 28775 8792 6926 19983 19711 1391 926 53961 3817 977 50144 4213 733 45931 45191 1467 1038 43724 13817 2592 11225 1785 2321 29907 9440 3109 6331 2334 1556 5887 4860 3780 3466 1845 1621 1101 775 1710 23951 2328 21623 21268 20034 1739 1036 19514 1124 520 17694 15571 5956 778 8295 557 7738 5162 1733 1350 1091 3429 2821 2113 708 1232 740 1318 19413 6648 3756 3434 12765 12205 2892 520 2010 1088 1034 14253 13982 3806 1554 2252 1197 2123 1168 746 955 2961 660 881 1395 1866 10176 11070 10246 6217 5942 3313 2417 4029 2500 2576 3480 1951 1694 2840 1077 1763 1485 841 1529 932 535 1533 1200 2628
internal_count=96979 4232 3764 3314 2276 1038 92747 55677 1716 37070 28775 8792 6926 19983 19711 1391 926 53961 3817 977 50144 4213 733 45931 45191 1467 1038 43724 13817 2592 11225 1785 2321 29907 9440 3109 6331 2334 1556 5887 4860 3780 3466 1845 1621 1101 775 1710 23951 2328 21623 21268 20034 1739 1036 19514 1124 520 17694 15571 5956 778 8295 557 7738 5162 1733 1350 1091 3429 2821 2113 708 1232 740 1318 19413 6648 3756 3434 12765 12205 2892 520 2010 1088 1034 14253 13982 3806 1554 2252 1197 2123 1168 746 955 2961 660 881 1395 1866 10176 11070 10246 6217 5942 3313 2417 4029 2500 2576 3480 1951 1694 2840 1077 1763 1485 841 1529 932 535 1533 1200 2628
is_linear=0
shrinkage=0.0667171


Tree=25
num_leaves=127
num_cat=0
split_feature=153 22 105 18 20 19 73 18 95 18 19 1 199 201 16 19 18 19 95 18 21 24 20 104 92 0 20 5 61 200 182 201 10 80 96 97 12 92 33 19 12 13 19 96 4 19 15 15 19 73 19 21 95 62 21 0 201 95 95 80 20 96 36 18 12 18 80 5 0 96 19 16 12 80 20 18 14 19 96 12 12 18 5 95 12 182 0 95 20 5 97 95 152 20 12 18 92 95 73 3 61 95 158 95 19 3 12 10 12 92 95 73 33 33 96 3 20 20 200 80 96 12 15 12 18 95
split_gain=21.635 20.8014 21.6364 17.1274 15.4488 25.7586 20.5872 26.4284 36.6174 34.4679 47.8762 26.0562 23.9077 21.8156 21.0483 29.6996 21.4985 29.8452 22.308 27.3138 25.4367 21.8557 19.7989 19.6065 19.1841 22.342 23.0808 18.5236 22.5693 18.5022 18.4998 18.1603 23.7305 17.9234 18.3406 16.1239 24.9723 19.3408 19.1834 23.6597 18.7038 27.5993 37.3798 22.8024 20.4139 20.135 21.646 20.1298 19.369 27.8105 18.609 17.5896 17.5635 17.5069 16.4397 20.7968 24.5368 23.6674 15.8476 15.3271 18.6197 15.2856 15.2061 26.5037 29.6 33.8946 25.2665 34.4664 24.3909 27.0251 22.2889 21.7221 21.0399 20.9229 20.7301 34.5757 20.372 20.2111 33.7507 27.2257 35.6464 27.1259 22.702 27.1918 20.9461 24.2436 22.2123 18.1454 17.2924 22.2028 20.8616 15.6296 19.8704 18.6553 33.192 16.6155 18.6767 15.5672 15.1398 15.0748 15.0738 14.9886 14.7059 15.1681 32.8182 15.3906 28.6043 14.6847 17.3392 14.4291 22.0011 15.3977 14.8118 14.3626 19.7282 14.2452 21.8777 18.4478 14.1183 13.9925 27.2375 17.435 13.9889 16.7092 15.1992 20.8549
threshold=0.46577584743499761 -0.122510839253664 0.49982731044292456 -0.077967457473278032 0.31519766151905065 1.2119644284248354 0.04192838445305825 0.28960612416267401 -0.16571360081434247 0.46293655037879949 0.073873169720172896 -0.12926135957241056 -0.93764865398406971 -0.052068552002310746 0.19174550473690036 -0.14660716056823728 -0.28176027536392206 0.083739373832941069 0.029836316592991356 -0.30736744403839106 0.041526915505528457 -0.21036661416292188 -0.28111809492111201 0.097784332931041731 -0.24206557124853131 0.06960227340459825 -0.14981021732091901 1.0000000180025095e-35 -0.010745891369879244 0.013434146530926229 0.087889418005943312 -0.064519990235567079 -0.09929794073104857 -0.20974804461002347 -0.24053641408681867 0.18985393643379214 -0.11618202552199362 -0.18140671402215955 0.56397196650505077 -0.15574982017278668 -0.13512306660413739 0.041449269279837615 -0.077605698257684694 -0.21055069565773007 -0.14091055840253827 0.059237966313958175 -0.039223076775670045 -0.18691538274288175 -0.07020778581500052 0.084583953022956862 -0.16098526120185849 -0.024792822077870365 0.32234054803848272 -0.093059938400983797 0.28388254344463354 -0.026988636702299115 -0.0450163185596466 -0.091365057975053773 0.16718827933073047 -0.11056197807192801 0.6061491370201112 0.58262237906456005 0.22887323796749118 0.16934926807880404 0.081860329955816283 -0.20960088074207303 -0.11203153803944586 -1.0000000180025095e-35 -0.12926135957241056 -0.0038842993089929219 0.21738105267286303 -0.080044712871313081 0.43131081759929663 -0.12251020595431326 0.085137289017438902 0.13006787747144702 -0.11904017999768256 -0.11772300302982329 -0.072091620415449129 1.0000000180025095e-35 -0.26206639409065241 -0.077967457473278032 -1.0000000180025095e-35 -0.32514284551143641 -0.2180824279785156 0.12108570337295534 -0.052556818351149552 0.032568184658885009 0.14132981002330783 1.0000000180025095e-35 -0.15164083242416379 -0.15177103877067563 -0.0076175366993993512 -0.047780890017747872 -0.094441901892423616 -0.15887385606765744 0.38759700953960424 0.013427984900772573 -0.019339242018759247 0.31359797716140753 0.066371683031320586 -0.15177103877067563 0.48688523471355444 0.060716653242707259 -0.16098526120185849 -0.45529152452945704 0.029307384043931965 1.0000000180025095e-35 -0.084871210157871232 0.3339615017175675 -0.069910842925310121 -0.24142573773860929 -0.11759319528937338 0.12219204381108285 0.10321077331900598 0.20203755795955661 -0.053817072883248322 0.0092597450129687803 -0.15037813037633893 0.13971991837024691 -0.072091620415449129 -0.26041214168071741 -0.096146155148744569 0.19405266642570498 0.010823292657732965 0.2559915035963059
decision_type=2 2 2 2 2 2 2 2 2 2 2 2 2 2 2 2 2 2 2 2 2 2 2 2 2 2 2 2 2 2 2 2 2 2 2 2 2 2 2 2 2 2 2 2 2 2 2 2 2 2 2 2 2 2 2 2 2 2 2 2 2 2 2 2 2 2 2 2 2 2 2 2 2 2 2 2 2 2 2 2 2 2 2 2 2 2 2 2 2 2 2 2 2 2 2 2 2 2 2 2 2 2 2 2 2 2 2 2 2 2 2 2 2 2 2 2 2 2 2 2 2 2 2 2 2 2
left_child=1 -1 4 -4 6 31 7 12 9 10 -9 -10 -3 -11 16 -16 17 -14 19 20 109 24 27 -20 -18 115 -27 28 -8 -21 -22 32 -6 -23 -35 36 40 -37 52 -40 41 44 43 -43 48 46 -44 -46 50 -50 -24 -42 54 -41 55 56 57 -38 -28 -2 -61 101 63 64 65 -36 -66 87 119 -70 77 72 100 97 75 91 -77 78 82 80 -79 -81 83 -67 85 -84 -86 -68 -76 90 -90 93 95 94 -75 -93 122 -64 -71 -45 -69 -5 103 107 -105 106 -106 108 -57 110 111 -19 -113 114 -54 116 -26 -117 -73 120 -65 -121 124 -124 125 -97
right_child=59 2 3 61 5 -7 22 8 11 13 -12 -13 14 -15 15 -17 21 18 23 29 30 33 35 -25 25 26 58 -29 -30 -31 -32 -33 -34 34 62 37 38 -39 39 53 51 42 45 99 47 -47 -48 -49 49 -51 -52 -53 113 -55 -56 102 -58 -59 -60 60 -62 -63 73 68 66 70 67 71 69 98 -72 118 -74 74 88 76 -78 79 -80 81 -82 -83 84 -85 86 -87 -88 -89 89 -91 -92 92 -94 -95 -96 96 -98 -99 -100 -101 -102 -103 -104 104 105 -107 -108 -109 -110 -111 -112 112 -114 -115 -116 117 -118 -119 -120 121 -122 -123 123 -125 -126 -127
leaf_value=0.0019342126577665411 -0.015291872025603934 -0.013188428458240099 0.00048250154678861686 -0.00058610460890808189 0.024493885109114846 -0.010239177020101711 -0.014422289245507987 -0.013214049404452895 -0.0027545315451444736 -0.024649907396818584 0.018952515611592464 0.020435760868228028 0.023563750635843511 -0.00078029537763526645 -0.022791229487250562 -0.0030896904949912871 -0.020962672608691647 0.021024825962544801 0.019606202555643531 0.0021878357783491529 -0.022266611586644749 -0.010295961768973455 -0.0090238130960481975 -0.00092278700378932335 -0.020633919980007288 -0.004295046812118169 0.021414782127354044 -0.021477472921741573 0.010287111236464332 0.025955866894723588 0.00039633997224661948 0.0011308877267622521 0.0056946454420633286 0.012101551933949954 -0.017811514782377545 -0.020270613431170263 0.003467406640756837 -0.0045968123119696346 0.011218275761841381 -0.018542805292767691 0.0026781126969430301 -0.0071182238260303005 -0.00077372640177672026 0.020317269479313751 0.011474059781300661 0.0040541760919721032 -0.024143352250724483 -0.0079796905483698732 -0.019578289077545195 0.0072774463977404733 -0.027316124950263608 -0.016816991625032005 -0.019551197676324131 -0.0030490009819956129 -0.0046053826293959241 -0.007269722652154512 0.0065360026953432473 -0.016124160822586404 0.0026217708457701196 -0.0017288394834371031 -0.016630572222497704 -0.0019325898309729324 -0.0048482153502864929 -0.0082959875787167892 0.027098460142161024 -0.023727814838914108 0.0094902671765798464 -0.00031613338334103753 -0.027307177181805538 -0.014072562506681874 0.020323732119124312 -0.018701832919647991 -0.0077927096407900817 0.0037564358846049889 0.021051012644150408 -0.0018053648924876169 0.019351338727341631 -0.013627599543388927 0.016514311374540531 2.4908266408332345e-05 0.0041373719801005874 -0.028381459465229006 0.023609546445457683 -0.00010157975443233256 -0.014576584195664367 0.00063526317934744668 0.012176598683341649 0.034973643108301401 -0.0060173745234348127 -0.013764301613717778 0.018531998805535067 0.0094991999115848491 0.0074015737861392369 -0.013458682931758958 -0.02034954391605634 -0.0020698850454920672 0.0053433666964823184 0.014860339473141306 0.0078713291157209327 0.0021980637263462467 0.016527646452566224 0.01722648150337731 0.016550808255461718 0.015382545659241867 -0.0053507427584750869 -0.0058915461110303456 0.015721092249607278 0.023132077482731852 0.0105351776754024 -0.0077192493642572226 -0.011346863706750957 0.012102880034200658 -0.007254162568723686 0.0015587228914449613 0.0014494217203727363 0.00026373375786470577 -0.0024350800487763324 -0.012437465790563379 0.0020242801370205094 0.0054059571705175761 0.019555370748616015 -0.014989828152204919 -0.019741770952500307 -0.003022615969954099 0.004306152438327846 -0.021606729678585162
leaf_weight=19736 534 660 2083 263 395 570 391 308 277 314 602 908 335 373 370 4014 287 344 571 317 424 680 503 317 641 918 364 466 278 271 250 2372 1233 605 395 420 442 2112 271 610 259 264 325 676 393 479 388 585 287 415 500 922 499 702 1244 302 822 704 447 3634 414 377 255 260 307 250 250 328 360 296 286 279 315 935 256 374 429 634 846 273 2378 319 510 1528 297 343 252 254 255 287 374 335 736 1684 345 696 538 561 258 297 798 951 509 645 613 1473 531 297 1170 557 283 407 303 727 323 1765 548 709 296 349 378 390 747 419 594 374
leaf_count=19736 534 660 2083 263 395 570 391 308 277 314 602 908 335 373 370 4014 287 344 571 317 424 680 503 317 641 918 364 466 278 271 250 2372 1233 605 395 420 442 2112 271 610 259 264 325 676 393 479 388 585 287 415 500 922 499 702 1244 302 822 704 447 3634 414 377 255 260 307 250 250 328 360 296 286 279 315 935 256 374 429 634 846 273 2378 319 510 1528 297 343 252 254 255 287 374 335 736 1684 345 696 538 561 258 297 798 951 509 645 613 1473 531 297 1170 557 283 407 303 727 323 1765 548 709 296 349 378 390 747 419 594 374
internal_value=-0.000208426 1.26361e-05 -0.000507311 0.00447832 -0.000772618 0.00297298 -0.00103807 -0.000186523 0.00609649 -0.000471854 0.00800507 0.0149716 -0.000624523 -0.0117488 -0.000412252 -0.00476854 0.00013324 0.00450453 0.00290773 0.000267434 -0.00269273 -0.000491743 -0.00270458 0.0122317 -0.00422605 -0.00332235 0.00291061 -0.0112796 -0.00410918 0.01321 -0.0138001 0.0048703 0.0102935 0.000358589 0.000659958 -0.00223206 -0.00153469 -0.00722035 0.000262124 -0.00656489 -0.00493221 -0.00317452 0.00196454 0.0100904 -0.00783782 -0.00643722 -0.0135437 -0.000127912 -0.0122422 -0.00368837 -0.0181914 -0.0124993 0.00131587 -0.0102863 0.0024775 0.00365699 -0.00221802 -0.00853369 0.0111088 -0.00468195 -0.00326883 0.00968696 0.000364465 0.00184021 0.00318624 0.00117556 0.00908167 0.00685784 -0.00468451 -0.0131224 0.00213178 0.00293306 0.00731348 -0.00157629 -0.00247106 -0.00365905 0.00944993 0.00144027 0.00469019 -0.00218138 0.000378767 -0.0152263 0.00152734 -0.00346274 0.00787381 0.0144111 -0.00221393 0.0224196 0.0058069 0.00148545 0.00851564 -0.00508851 -0.00257255 -0.00884278 -0.00274118 -0.00456721 -0.00598346 0.00864102 -0.00381237 0.014818 0.0115864 0.013332 0.00575094 0.00464649 0.00193519 -0.00137678 0.00440333 0.00962068 0.00685147 0.00125077 0.00502303 0.00947274 0.00380093 -0.00521864 -0.0112557 -0.00627416 -0.0122788 -0.0033703 -0.00797464 0.000895851 0.00813951 -0.00530963 -0.00815362 -0.0137626 -0.00419651 -0.00894718
internal_weight=97198 92616 72880 3674 69206 4570 64636 42792 2782 1597 910 1185 40010 687 39350 4384 34966 4379 4044 3156 2568 30587 21844 888 5679 5392 1729 1135 669 588 674 4000 1628 24908 24228 20709 18177 2532 11884 1583 6293 5112 2429 1237 2683 1192 713 978 1705 702 1003 1181 10301 1312 8752 7508 1968 1146 811 4582 4048 1591 23623 13429 11138 8311 2827 2520 2291 914 7916 2016 1441 10194 9378 8206 803 7630 4026 3604 3012 592 3180 1778 1402 853 549 504 1172 916 629 7403 4439 2964 1280 3703 3368 816 554 973 1126 1214 5540 5031 3262 2617 1144 1769 1472 1894 1337 1054 710 1549 822 3663 1189 2474 575 1377 638 739 2830 1166 1664 1070
internal_count=97198 92616 72880 3674 69206 4570 64636 42792 2782 1597 910 1185 40010 687 39350 4384 34966 4379 4044 3156 2568 30587 21844 888 5679 5392 1729 1135 669 588 674 4000 1628 24908 24228 20709 18177 2532 11884 1583 6293 5112 2429 1237 2683 1192 713 978 1705 702 1003 1181 10301 1312 8752 7508 1968 1146 811 4582 4048 1591 23623 13429 11138 8311 2827 2520 2291 914 7916 2016 1441 10194 9378 8206 803 7630 4026 3604 3012 592 3180 1778 1402 853 549 504 1172 916 629 7403 4439 2964 1280 3703 3368 816 554 973 1126 1214 5540 5031 3262 2617 1144 1769 1472 1894 1337 1054 710 1549 822 3663 1189 2474 575 1377 638 739 2830 1166 1664 1070
is_linear=0
shrinkage=0.0667171


Tree=26
num_leaves=127
num_cat=0
split_feature=73 0 24 33 12 105 92 97 153 73 12 16 19 99 16 17 18 15 153 4 3 18 73 17 18 21 1 17 10 19 19 34 163 159 153 99 18 24 201 17 24 18 11 14 153 80 99 79 21 18 18 80 1 17 19 21 24 74 33 153 21 16 97 17 180 201 14 10 105 14 73 18 153 80 73 99 19 36 33 73 150 10 99 96 17 95 11 97 92 1 12 33 99 73 5 18 19 153 21 10 19 19 97 82 24 95 15 99 16 21 153 10 10 19 12 12 10 95 10 21 73 9 5 97 95 5
split_gain=19.5672 29.9449 24.1921 36.0898 24.2745 29.3482 19.4528 36.7132 23.2914 21.0913 26.3322 25.037 20.1448 25.3978 26.0391 19.1725 34.8416 51.2636 47.713 27.5678 26.3182 25.3762 39.1384 23.1173 35.7412 22.0207 28.007 29.8331 22.2785 21.2696 19.9735 19.0809 19.0701 18.6927 18.3622 17.8629 17.5625 17.5122 16.8563 16.4148 25.1762 22.1355 28.4452 28.384 27.0894 18.4878 16.5725 19.6164 15.5783 20.8816 40.8443 31.6051 19.6313 14.8184 27.5276 36.3218 34.2887 29.3209 17.8247 24.0914 21.1499 22.648 21.2229 25.489 19.8087 19.6556 32.6379 22.4629 19.333 18.8684 18.7434 17.0174 48.8129 34.6496 22.13 37.8358 19.3372 19.0784 19.0237 41.6645 32.7733 18.1564 24.5852 20.8723 31.8411 32.252 21.9151 21.7349 20.7213 30.543 18.1578 18.1069 17.7642 37.7959 32.5908 38.0201 35.0906 32.3761 25.2986 20.7261 20.4176 19.1564 30.4284 29.1498 20.4418 34.8383 21.0702 19.9 17.7476 24.6574 17.7337 19.8753 17.5761 17.1466 16.9728 29.8168 21.0128 16.22 18.4513 16.0889 15.9578 20.4067 19.6032 26.8449 28.85 28.4851
threshold=0.48662102222442633 -0.08664772659540175 0.49829590320587164 -0.059984961524605744 0.071259301155805602 0.095896173268556609 -0.19959808140993116 0.21850100159645083 -0.0049246603157371274 -0.0079927067272365076 -0.25128218531608576 0.21882000565528872 -0.17928870022296903 -0.19063854217529294 0.035072213038802154 0.47799669206142431 0.084646522998809828 0.0061615384183824071 0.36477313935756689 0.17912877351045611 0.2314863055944443 -0.39134548604488367 0.17969280481338504 0.55838787555694591 0.14523674547672275 0.11550081521272661 0.33948864042758947 0.551161289215088 0.25979553163051611 -0.10939347743988036 -0.15383142232894895 0.0047712230589240798 -0.062848065048456178 0.12472919374704362 0.1718050763010979 -0.083001386374235139 0.016325897537171844 0.57087355852127086 -0.059617241844534867 -0.24821672588586804 -0.20150294154882428 -1.0000000180025095e-35 0.032634120434522636 0.040186012163758285 0.15391085296869281 -0.096262373030185686 -0.21871175616979596 0.026635066606104377 -0.18531484901905057 -0.072832494974136339 -0.13573190569877622 -0.052110528573393815 -0.021306818351149556 0.42679946124553686 -0.035201841965317719 0.13214029371738437 0.44654141366481787 -0.20629055798053739 0.42481720447540289 -0.0032812530407682057 0.24600651860237124 0.3209929764270783 -0.20850042998790738 -1.0000000180025095e-35 -1.3049531579017637 -0.13614885509014127 0.15030505508184436 -0.20739246904850003 0.84268066287040722 -0.062492558732628815 0.184068538248539 -0.28176027536392206 0.12323028594255449 -0.084548834711313234 -0.4665387868881225 0.89715048670768749 0.75702485442161571 -0.27816902101039881 -0.5081706941127776 -0.69899320602416981 -1.2341561913490293 0.79696631431579601 0.85479509830474865 0.45442962646484381 -0.39113396406173701 -0.045779133215546601 0.47714054584503179 0.21850100159645083 0.088360607624053969 -0.21448864042758939 0.5180366337299348 -0.17634065449237821 -0.11409577727317809 0.31525386869907385 -1.0000000180025095e-35 0.19635087251663211 -0.19325480610132215 -0.02172512840479612 -0.18531484901905057 -0.22822761535644528 -0.20810990035533902 0.20358230918645862 0.091714248061180129 0.26672160625457769 -0.31132146716117853 1.0000000180025095e-35 0.070776920765638365 0.22416760027408603 0.15854919701814654 0.20750734210014346 -0.078843120485544191 0.25447885692119604 -0.081335105001926408 0.2718187421560288 -0.15855180472135541 -0.13336576521396634 -0.117126427590847 0.052287105470895774 -0.12267692759633063 -0.013047308195382355 -0.056420257315039628 -0.75539860129356373 1.0000000180025095e-35 0.25395984947681433 0.1058577559888363 0.37500000000000006
decision_type=2 2 2 2 2 2 2 2 2 2 2 2 2 2 2 2 2 2 2 2 2 2 2 2 2 2 2 2 2 2 2 2 2 2 2 2 2 2 2 2 2 2 2 2 2 2 2 2 2 2 2 2 2 2 2 2 2 2 2 2 2 2 2 2 2 2 2 2 2 2 2 2 2 2 2 2 2 2 2 2 2 2 2 2 2 2 2 2 2 2 2 2 2 2 2 2 2 2 2 2 2 2 2 2 2 2 2 2 2 2 2 2 2 2 2 2 2 2 2 2 2 2 2 2 2 2
left_child=6 -2 3 4 -3 -6 7 9 -9 12 -11 39 13 -1 -15 53 18 20 21 23 29 22 34 35 -25 26 32 -28 36 37 -22 -27 -23 -26 -17 -19 -29 -18 -34 -12 -41 43 45 46 -44 -43 -42 -48 -14 50 52 -51 -50 58 55 -55 57 -56 60 -60 62 65 63 -8 -64 69 67 -67 -63 -62 -71 72 73 -66 -75 76 91 -77 79 -73 -80 82 83 84 85 -82 92 -88 89 -85 -91 -76 94 101 95 97 -96 100 -98 -100 -86 108 -103 104 105 -104 -106 -108 109 120 111 113 -97 -93 -99 -116 -117 118 -110 -112 121 -94 -122 124 125 -124
right_child=1 2 -4 -5 5 -7 15 8 -10 10 11 -13 48 14 -16 16 17 19 -20 -21 30 25 -24 24 33 31 27 28 -30 -31 -32 -33 38 -35 -36 -37 -38 -39 -40 40 41 42 44 -45 -46 -47 47 -49 49 51 -52 -53 -54 54 56 -57 -58 -59 59 -61 61 68 64 -65 71 66 -68 -69 -70 70 -72 78 -74 74 75 77 -78 -79 80 -81 81 -83 -84 88 86 -87 87 -89 -90 90 -92 110 93 -95 96 112 98 114 99 -101 -102 102 103 -105 106 -107 107 -109 117 -111 119 -113 -114 -115 115 116 -118 -119 -120 -121 122 -123 123 -125 -126 -127
leaf_value=-0.013941147468865312 -0.023045337842719477 0.014262601161090252 0.0097136862654780606 -0.013059233395729062 0.0050501776802942041 -0.01518235673571827 0.0069722933065800808 -0.0053971519787965622 -0.029704652885343526 -0.012037350381637103 0.0155278766236793 -0.0086347700039991308 0.0049164407257444222 0.017490610840716216 -0.008599003124467831 0.023249989935111636 0.00062852818566726568 -0.020108146876793409 -0.027715002378390047 -0.016389627634964155 0.0072066679145169942 -0.0088715018192293341 -0.014337076977485057 -0.010186677193392106 0.017328954210753783 -0.0031752911203104233 -0.029638675955924718 -0.0060641158557918386 0.0020010828423524035 -0.013195473251635691 0.025374830481274303 0.011717821257622531 0.0029741678580105986 2.4410182140790458e-05 0.00097078093494579437 0.0028161334917703928 -0.025514084751189804 0.022278290011754426 -0.0048504354607760191 -0.016593538167822108 -0.0055249882242904081 -0.012480686657520768 0.011635842820101721 0.024871808213029686 -0.0091116921443787219 0.0065546713280371406 0.0021752467945310599 0.020071628879662577 -0.0017550338936444736 -0.021901641476774161 0.019361347133133495 0.0039960089586959565 -0.020406038262173895 0.016200233036016632 0.009712014009401377 -0.0090460149668896792 0.0074769180404869557 -0.015004111953835631 0.0041186482086118898 -0.014882143526530119 0.018048840644173943 -0.0054711395086158819 -0.013629622017437214 -0.01182668858354489 -0.011138220367450781 0.019427915390040809 0.024389390882198651 -0.00068948633107734133 0.012483898174074201 -0.0068734938497984482 0.015285561879308709 0.005540091424892527 -0.016073575831007641 0.014134430603736729 0.015499794273552038 0.00022720810565195993 -0.0060965984074451557 -0.024392731256669475 0.023671550256695463 -0.031089275428520372 -0.0049947243516736449 -0.0084239960903752398 0.012593631691597953 0.0098859403998043504 0.00051672968276300646 0.024228163778673487 -0.026485669247006731 0.00020637147987180601 -0.016133629062216933 -0.01672652620833507 0.0030579754725099852 0.0082663978336454235 -0.016358028981749814 0.019095240939843966 0.02260447905104716 -0.028748872055560665 0.021433954285034831 -0.013509167135828162 0.015049569285683994 9.2529297862724128e-06 0.019900621981251736 0.013748211946202453 0.0023712904264273043 -0.012182805187571212 0.0069149689818605873 0.032760785136786631 -0.022013482858642405 -1.7657162181587147e-05 -0.017869473939724632 -0.017648098675752663 0.011025366813065214 0.0014872415686820164 -0.0051264061759307691 0.028511082406096247 0.01507162988648445 -0.012948646552540771 0.0077845941281821417 -0.011912483031193188 0.00060525428990100332 -0.0089975802261577174 -0.0041500428701659129 0.0022564550512220783 0.0087379779245059571 0.022023127347364019 -0.007949925308024932 -0.0022379493904157808
leaf_weight=304 362 461 561 1445 748 550 424 360 346 668 464 866 333 506 251 462 442 366 356 542 468 1994 269 518 730 868 369 449 555 265 652 677 2329 441 258 250 389 266 2574 288 471 928 1034 395 379 295 693 451 554 988 256 261 462 1323 285 309 1299 811 484 750 1033 1453 435 1270 519 270 297 2557 323 353 320 280 510 1389 1114 279 452 271 262 265 251 1070 716 587 425 486 268 265 655 574 315 445 266 439 593 283 362 517 495 2271 566 1010 483 643 832 256 292 474 278 367 256 727 282 326 434 639 324 1222 1646 567 7203 9552 1968 256 1476 2248
leaf_count=304 362 461 561 1445 748 550 424 360 346 668 464 866 333 506 251 462 442 366 356 542 468 1994 269 518 730 868 369 449 555 265 652 677 2329 441 258 250 389 266 2574 288 471 928 1034 395 379 295 693 451 554 988 256 261 462 1323 285 309 1299 811 484 750 1033 1453 435 1270 519 270 297 2557 323 353 320 280 510 1389 1114 279 452 271 262 265 251 1070 716 587 425 486 268 265 655 574 315 445 266 439 593 283 362 517 495 2271 566 1010 483 643 832 256 292 474 278 367 256 727 282 326 434 639 324 1222 1646 567 7203 9552 1968 256 1476 2248
internal_value=-0.000291328 -0.00478498 -0.00301049 -0.00525433 0.00114239 -0.00350214 -9.14293e-05 -0.00265329 -0.0173667 -0.00168973 0.000516671 0.00186495 -0.00560325 0.00221082 0.00877593 0.000271665 -0.00175916 0.00292468 -0.00376603 -0.00289028 0.0108488 -0.00299658 0.00717923 0.000278291 0.00432662 -0.00398766 -0.00529819 -0.0128052 -0.00829716 0.00278783 0.0178196 0.00332959 -0.00337303 0.0107893 0.0153074 -0.0107382 -0.0151493 0.00883214 -0.00112739 0.003559 0.00242135 0.00361479 -0.000393131 0.00888462 0.00603297 -0.0078459 0.00493417 0.00927265 -0.00852268 -0.0103184 -0.00426538 -0.0164476 -0.0102785 0.000787824 0.00470694 0.0113829 0.00014124 -0.00852437 0.000528072 -0.00739615 0.000692733 0.00425216 0.00024898 -0.00709027 0.000491864 0.0066223 0.00346154 0.00123401 -0.0021707 0.0123841 0.00363635 0.000613678 0.00370556 0.0053067 0.00678222 0.00446913 0.00679145 -0.0118409 0.000132125 -0.0122177 0.000288037 0.000144559 0.000362937 0.000150493 0.000499422 0.0142074 0.000236297 -0.0131562 -0.00627455 -0.00186803 -0.00966889 0.00850252 0.000425262 -0.00026857 0.00341164 -0.00122937 0.00774845 0.00183973 0.00491143 0.00272249 0.0116191 -0.000550018 0.00375574 0.000352942 0.00382315 0.0129795 -0.000397796 -0.00838715 -0.00120031 -0.000564484 0.00512266 0.00944331 -0.0170247 0.0168946 -0.00321121 0.000585284 -0.00592365 -0.00590296 -0.00206508 -0.00270331 -0.000288408 0.00174481 -0.0018089 0.00102054 6.26333e-05 0.00287816
internal_weight=97116 4127 3765 3204 1759 1298 92989 11553 706 10847 6932 6264 3915 1061 757 81436 16489 4940 11549 2847 2093 11193 989 2305 1689 10204 8659 1762 1393 973 1120 1545 6897 1171 720 616 838 708 4903 5398 4934 4646 2636 2010 1413 1223 1615 1144 2854 2521 1272 1249 1016 64947 4027 1632 2395 1096 60920 1234 59686 6606 53080 1694 51386 4830 3124 2827 1776 1706 673 50951 6855 6345 5826 4437 3887 550 44096 545 43551 43289 42219 41503 39372 737 38635 533 2131 1476 889 3435 38102 30911 7191 3470 3721 2905 3128 2766 991 30472 3990 2980 2337 739 1598 766 26482 23336 2321 1498 565 771 1914 1397 963 3146 1924 823 22969 9818 13151 5948 5692 4216
internal_count=97116 4127 3765 3204 1759 1298 92989 11553 706 10847 6932 6264 3915 1061 757 81436 16489 4940 11549 2847 2093 11193 989 2305 1689 10204 8659 1762 1393 973 1120 1545 6897 1171 720 616 838 708 4903 5398 4934 4646 2636 2010 1413 1223 1615 1144 2854 2521 1272 1249 1016 64947 4027 1632 2395 1096 60920 1234 59686 6606 53080 1694 51386 4830 3124 2827 1776 1706 673 50951 6855 6345 5826 4437 3887 550 44096 545 43551 43289 42219 41503 39372 737 38635 533 2131 1476 889 3435 38102 30911 7191 3470 3721 2905 3128 2766 991 30472 3990 2980 2337 739 1598 766 26482 23336 2321 1498 565 771 1914 1397 963 3146 1924 823 22969 9818 13151 5948 5692 4216
is_linear=0
shrinkage=0.0667171


Tree=27
num_leaves=127
num_cat=0
split_feature=22 19 19 16 19 24 73 18 99 20 1 150 81 97 73 18 4 20 11 18 17 73 19 19 153 73 95 17 99 18 3 10 164 16 18 80 0 153 14 20 19 36 17 19 99 5 20 21 14 17 74 80 33 19 5 104 1 0 153 18 20 10 18 19 33 96 97 92 5 73 99 19 18 150 62 99 18 97 19 73 19 74 36 11 19 17 19 24 5 18 99 36 18 99 80 95 1 97 19 84 97 20 80 84 1 96 11 20 14 21 17 24 16 11 170 153 18 18 95 33 4 15 62 99 73 164
split_gain=19.6084 14.3713 16.4781 22.1205 13.0422 13.5922 18.6687 32.2759 17.1733 15.9647 22.409 15.6288 12.8098 24.5831 13.5522 31.7489 25.3601 18.4283 15.5225 14.0934 14.003 13.6907 13.9736 13.1152 36.1794 17.1337 30.17 20.265 15.5149 15.3706 14.8296 14.4357 14.2276 13.7835 13.4391 13.1716 12.988 30.7854 15.4024 13.8559 19.1554 12.7376 12.5099 14.2724 16.1108 15.2934 14.1645 20.3801 17.4434 18.4348 13.9517 13.9382 14.2079 14.2119 13.2694 13.1323 12.4501 12.1084 11.8195 23.4495 15.9023 15.4112 11.7079 14.3883 13.1252 11.5586 16.7391 23.8965 16.5736 16.0068 16.1319 22.4165 21.605 15.6166 15.4727 15.1421 15.6523 15.2141 13.1222 25.3211 20.2488 21.0975 17.3605 17.6806 16.913 14.8265 13.1616 13.1456 22.5314 12.7192 12.0449 11.8979 12.5242 11.3978 11.383 13.3414 15.2313 11.3133 11.1585 11.1323 11.0295 15.233 23.6762 14.0293 12.4411 11.3015 11.0554 25.1049 24.0328 12.5484 23.7156 17.7231 12.8996 22.3186 11.4954 14.8317 21.5095 15.8717 18.3341 10.837 11.6064 10.6411 10.6297 12.3004 12.5879 10.9508
threshold=-0.016683159396052357 3.6611053943634038 1.7866497635841372 0.35723590850830084 0.86784803867340099 -0.54673877358436573 -0.1003422401845455 0.17748695611953738 1.0124221444129946 0.023103144951164726 -0.066761363297700868 -0.91140544414520253 -0.14953795075416562 -0.24672458320856092 0.04192838445305825 0.28306050598621374 -0.14091055840253827 -0.23208858817815778 -0.096377398818731294 0.30457496643066412 0.62080246210098278 -0.090124383568763719 0.098707620054483428 0.44884687662124639 -0.11016495153307913 -0.092924140393733964 0.12891177833080295 -0.11807003617286681 -0.091127395629882799 -0.38347558677196497 -0.48477418720722193 -0.092394087463617311 -0.12271951138973235 0.035072213038802154 -0.0396803431212902 0.45067732036113745 -0.36505682766437525 0.050830310210585601 0.28125743567943579 -0.61614602804183949 0.46638567745685583 0.18661971390247348 0.0035593585344031457 0.25266982614994055 0.23963737487792972 -1.0000000180025095e-35 0.09572381898760797 0.18401631712913516 0.002239583409391344 0.052132019773125655 0.15869592130184176 0.33804270625114446 0.23004653304815295 -0.13688614219427106 -1.0000000180025095e-35 1.0000000180025095e-35 -0.044034091755747788 -0.26278407871723169 0.13509638607501986 -0.44258654117584223 -0.23000542074441907 0.084464941173791899 -0.26967006921768183 -0.14937156438827512 -0.11198221892118453 0.84124502539634716 0.1709752827882767 -0.20896559953689572 0.37500000000000006 0.082222338765859618 -0.21264645457267758 -0.2128910347819328 0.015367750544101002 0.3815933912992478 0.21503680199384692 0.17362992465496066 -0.61250972747802723 0.080449521541595473 -0.14130489528179166 0.23786973953247073 -0.16098526120185849 0.073331706225872054 -0.066901408135890947 0.25842644274234777 -0.12425223365426062 0.060723377391695983 0.13925331830978396 0.039560088887810714 -0.37499999999999994 -0.032817851752042763 -0.2444089278578758 0.60211268067359935 0.11253532022237779 0.57077556848526012 0.068241078406572356 0.10279918462038042 -0.20312499999999997 0.2271470129489899 -0.072427801787853227 0.019935485906898979 0.2057413458824158 0.38950285315513616 0.16723903268575671 0.050809090957045562 -0.10653408989310263 0.11493257060647012 0.0042488868348300466 -0.035245675593614571 0.061808034777641303 0.054815661162137992 -0.1227079890668392 0.24030868709087375 -0.28675265610218043 -0.2337321266531944 -0.22556824982166288 0.30652807652950292 1.0000000180025095e-35 0.20948536694049838 -0.053747074678540223 -0.53141602873802174 -0.27446910738945002 0.027699999511241916 0.032071502879261977 0.18167524039745334 0.08882670104503633 0.25115408003330236
decision_type=2 2 2 2 2 2 2 2 2 2 2 2 2 2 2 2 2 2 2 2 2 2 2 2 2 2 2 2 2 2 2 2 2 2 2 2 2 2 2 2 2 2 2 2 2 2 2 2 2 2 2 2 2 2 2 2 2 2 2 2 2 2 2 2 2 2 2 2 2 2 2 2 2 2 2 2 2 2 2 2 2 2 2 2 2 2 2 2 2 2 2 2 2 2 2 2 2 2 2 2 2 2 2 2 2 2 2 2 2 2 2 2 2 2 2 2 2 2 2 2 2 2 2 2 2 2
left_child=1 2 3 4 5 -1 7 8 9 11 -11 -7 -2 -14 15 18 41 56 36 -18 100 -21 -23 25 -25 26 29 28 -27 -20 -29 -30 -33 -31 35 -35 -15 38 -38 -40 94 -17 43 44 45 55 48 -48 49 -44 -49 52 54 57 -51 -32 -16 -54 -5 -60 -61 -62 64 -64 99 66 69 -68 122 73 71 -71 90 75 78 76 -8 -77 80 84 87 -82 83 -81 -80 86 98 -72 -89 -87 -73 92 -74 -65 95 -41 -97 -70 -84 -13 101 105 104 -102 -103 106 107 -19 -109 110 -110 -111 -112 -114 -108 -116 -117 121 -119 -6 -121 -118 -69 -124 125 -125
right_child=12 -3 -4 58 119 6 65 -9 -10 10 -12 62 13 14 17 16 19 20 23 21 -22 22 -24 24 -26 27 -28 30 31 33 42 32 -34 34 -36 -37 37 -39 39 40 -42 -43 46 -45 -46 -47 47 50 -50 51 -52 -53 53 -55 -56 -57 -58 -59 59 60 61 -63 63 93 -66 -67 67 68 97 70 74 72 91 -75 -76 77 -78 -79 79 82 81 -83 85 -85 -86 89 -88 88 -90 -91 -92 -93 -94 -95 -96 96 -98 -99 -100 -101 103 102 -104 -105 -106 -107 114 108 109 111 112 -113 113 -115 115 116 117 118 -120 120 -122 -123 123 124 -126 -127
leaf_value=-0.010731327092423167 -0.0045659939049291524 -0.012217676154379719 0.015299991162116887 0.001316762481309154 0.020150009180469313 0.019146256250564962 -0.017005323999104358 0.020196215094471354 -0.014142096708721673 -0.014173111044884439 0.0048718651963524998 0.0070193774832653585 0.011094157824189873 -0.0083467336553820666 -0.016803985293159979 0.011001821461799212 0.01587149051658605 -0.023908556117693904 0.019742967904279419 0.011857452513323322 -0.016531136430651745 -0.015983784353298575 0.0014687871316507622 0.0071821760379141087 -0.010330418453812624 0.0079598819593950446 -0.0047057475548076223 0.017280152675040565 -0.018560896808233335 0.015108693846414971 0.009209260191607737 -0.014226828410999108 -0.0010478677728569157 -0.014366982148608758 0.0098486681235847376 0.0061183974172742085 -0.0065099212428215711 0.013957447817639019 -0.011684682346119314 0.012854440521883502 0.014433819174222276 0.028790299707370091 -0.014325007159774151 0.018610050430574232 -0.0096285108204356151 0.012659763367177444 0.01500129937166165 0.0070448470605655655 0.007215802525499619 -0.00293766258635668 -0.01407955108120045 -0.0085083755577671141 -0.018635039168579993 0.0027245744811664188 0.015979730332462198 -0.005780268756404694 -0.00021264918151136879 -0.0011095119277175548 -0.023670409597248126 -0.018053471268821713 -0.0067397056092791336 0.010393577507963454 0.016535229532585193 0.0026404800891755881 0.00081363527001378439 0.012157470151665156 -0.021498163360889722 0.0048949412024459488 -0.005253848747746352 0.010206166054263168 -0.0069162110405183901 -0.020648541496519544 0.01437861021671176 -0.015623667217385787 -0.0093000086254496316 0.011137323426447351 -0.00074308024565604609 -0.00043614827366531412 0.023918180342387609 0.016565824373414952 0.0021647245944383582 -0.02149403598151416 -0.0034036959394224691 -0.0029468454661556215 0.0084344170300367834 -0.008115885354507614 0.0042122522559757307 -0.0054569346426106974 0.017281403884385003 0.0087388395984232606 -0.005069413434593115 -0.012210480732148331 -0.00073127506647530864 -0.0085482596320591558 -0.003934498645727872 0.0045209354096135048 -0.0058964987429695253 0.011489499751818453 -0.020341681698505518 0.024146432191625305 -0.011154277478728139 0.001825306515190586 -0.012048146464615531 -0.00052572768166587558 0.017245582997330023 0.0054287766410671201 0.012249007574433932 -0.0099098151696457477 -0.015970372034982666 0.003210569523743038 0.017838869559112045 -0.018297244387578255 -0.010926330875366524 0.0080761626125631543 0.00074981373266142437 -0.019390664547018752 0.014595635785344178 -2.8847342683531881e-05 -0.022157090201370046 0.015222089730081946 -0.00038680241933760869 -0.0012502606796469657 -0.017311831940032277 -0.0039212699942569942 -0.011239395844737144 0.007920721321651069
leaf_weight=440 4547 375 345 766 253 331 266 515 250 496 606 337 750 1547 645 615 250 286 534 253 288 345 484 805 1489 346 878 258 402 564 442 498 1361 302 526 252 3110 521 482 425 382 258 633 302 361 798 570 289 741 258 261 1004 342 979 435 622 296 364 360 291 627 368 287 2794 421 361 303 491 255 581 292 427 330 297 357 970 12963 1039 349 551 334 327 324 323 3197 275 286 292 554 689 469 264 898 470 2861 1478 1077 573 381 351 1167 404 250 1059 561 904 291 1640 251 336 322 336 370 1036 4934 422 259 356 308 308 651 659 353 1534 783 445
leaf_count=440 4547 375 345 766 253 331 266 515 250 496 606 337 750 1547 645 615 250 286 534 253 288 345 484 805 1489 346 878 258 402 564 442 498 1361 302 526 252 3110 521 482 425 382 258 633 302 361 798 570 289 741 258 261 1004 342 979 435 622 296 364 360 291 627 368 287 2794 421 361 303 491 255 581 292 427 330 297 357 970 12963 1039 349 551 334 327 324 323 3197 275 286 292 554 689 469 264 898 470 2861 1478 1077 573 381 351 1167 404 250 1059 561 904 291 1640 251 336 322 336 370 1036 4934 422 259 356 308 308 651 659 353 1534 783 445
internal_value=-0.000319961 0.000726187 0.00083945 0.000722052 0.00109118 0.000880582 0.00101309 0.00417275 0.00286115 0.00356937 -0.00367111 0.0051765 -0.00117848 -0.00086223 -0.00104992 -0.000206054 0.00749965 -0.00253867 -0.000803931 0.00168315 -0.00201609 -0.00159365 -0.00576524 0.00051104 -0.00416561 0.00126309 0.00569142 5.82143e-05 -0.00509239 0.00990322 0.00161354 -0.00711482 -0.00460771 0.00667339 0.00221898 -0.00497939 -0.00264534 -0.00178762 -0.00262982 -0.000824114 1.5703e-05 0.0163272 0.00112443 0.00505038 0.00318079 0.00569123 -0.000558072 0.00617407 -0.00215303 -0.00389436 -0.00291355 -0.00192588 0.000844551 -0.00244451 0.00887744 0.000425975 -0.011611 -0.00965385 -0.00547916 -0.00866667 -0.00441674 -0.000364296 0.00417 0.00228769 0.0101536 0.000337493 0.000201302 -0.00345445 -0.00220549 0.000843317 0.00273036 -0.00149504 -0.00436504 -0.000551538 0.00420536 -0.000253504 -0.00107521 0.00513606 0.00480232 0.00622215 -0.000208967 -0.00949306 0.00150161 0.00930762 0.0099777 -0.00197925 -0.00771253 0.00515768 0.00938392 0.00387855 -0.0125401 0.000528425 0.00331551 0.00101457 -0.000926445 0.00195044 0.000116049 0.00627476 -0.0126144 0.0158232 -0.00175308 -0.00105288 0.00606861 -0.00611359 0.0108269 -0.00173723 -0.00228988 -0.00485586 -0.00356838 0.000346166 0.00303329 -0.00749558 0.00583301 0.0030424 -0.000660045 -0.00120986 -0.00604777 -0.00245246 -0.0102985 0.00790254 0.00461348 0.00319868 -0.00416484 -0.00560799 -0.00409011 -0.00123663
internal_weight=97156 43775 43400 43055 40643 39431 38991 6858 6343 6093 1102 4991 53381 48834 48084 30704 2205 17380 28499 1332 16439 1082 829 16616 2294 14322 3056 11266 2607 2178 8659 2261 1859 1644 1080 554 11883 10336 9815 6705 6223 873 8401 2525 2223 1862 5876 1120 4756 4015 550 3382 2378 1685 693 1064 941 706 2412 1646 1286 995 4660 3551 1109 32133 31772 4737 4434 27035 11500 2969 2388 15535 8531 15238 13229 2009 8174 6375 1799 661 2829 874 3546 1955 991 1138 846 964 896 1492 1228 3264 5841 2980 2555 828 705 688 16151 13925 1215 2226 965 12710 11806 4577 4291 2651 1979 672 1728 1406 7229 6938 2004 1582 664 1212 959 918 3606 3115 2762 1979
internal_count=97156 43775 43400 43055 40643 39431 38991 6858 6343 6093 1102 4991 53381 48834 48084 30704 2205 17380 28499 1332 16439 1082 829 16616 2294 14322 3056 11266 2607 2178 8659 2261 1859 1644 1080 554 11883 10336 9815 6705 6223 873 8401 2525 2223 1862 5876 1120 4756 4015 550 3382 2378 1685 693 1064 941 706 2412 1646 1286 995 4660 3551 1109 32133 31772 4737 4434 27035 11500 2969 2388 15535 8531 15238 13229 2009 8174 6375 1799 661 2829 874 3546 1955 991 1138 846 964 896 1492 1228 3264 5841 2980 2555 828 705 688 16151 13925 1215 2226 965 12710 11806 4577 4291 2651 1979 672 1728 1406 7229 6938 2004 1582 664 1212 959 918 3606 3115 2762 1979
is_linear=0
shrinkage=0.0667171


Tree=28
num_leaves=127
num_cat=0
split_feature=20 153 20 19 92 12 12 18 3 17 13 11 11 18 201 105 12 80 12 82 74 181 17 17 74 3 164 16 20 18 21 21 20 21 20 74 20 201 96 96 20 21 11 92 4 19 80 18 5 16 12 21 24 152 1 96 99 92 20 74 70 96 171 102 12 92 16 0 33 30 12 19 24 24 21 15 17 103 18 17 152 171 200 96 18 80 5 18 33 1 11 20 84 20 17 19 61 151 153 20 17 62 0 201 20 201 105 33 17 99 16 96 92 12 33 20 20 96 18 20 3 62 17 80 92 105
split_gain=18.0003 18.1018 38.5057 27.7885 31.9208 28.3612 47.056 26.314 23.3417 24.1264 22.8074 22.6003 22.302 20.8537 21.2317 27.3489 22.7719 34.5461 20.8335 21.7489 19.2834 19.2679 19.1975 34.0059 17.6962 17.3535 16.9878 16.3681 19.0326 22.1155 16.344 23.4096 16.0659 29.0842 24.76 27.5404 27.7351 27.4081 20.8567 20.6454 22.9866 26.2349 24.6558 22.0381 29.4899 23.2528 20.7629 19.8538 18.4137 18.2779 17.8476 32.4009 21.5679 20.2789 17.9783 17.0233 15.8941 26.0775 15.8479 23.0011 17.2545 15.3926 15.22 15.0231 14.9688 14.963 14.9152 14.4467 22.1415 16.7083 13.9827 16.233 15.9917 16.876 15.2867 13.9655 13.8105 14.7261 13.7738 13.6813 13.6213 14.5264 13.3275 13.2428 13.1292 15.9816 13.1076 13.6622 13.0073 12.969 12.878 12.7431 12.695 12.3361 12.2393 12.1955 12.1608 11.9349 11.6047 23.3201 16.0736 19.901 21.738 17.7422 21.9301 16.4508 17.51 23.4141 29.7347 19.5435 15.1322 15.3924 14.9119 14.5642 14.5163 18.0357 23.8276 24.4386 26.1817 24.1033 17.5555 16.3068 15.739 15.2938 14.3424 15.5516
threshold=1.5255667567253115 -0.12640466541051862 0.16250384598970416 0.84746667742729198 0.39850550889968878 -0.010560961440205572 0.076073266565799727 -0.20960088074207303 -0.46541532874107355 -0.025310994125902649 -0.47117252647876734 0.061061771586537368 -0.061152836307883256 -0.1066157892346382 -0.09061859548091887 0.38706143200397497 0.49084715545177465 0.12531560659408572 0.29594162106513983 0.22629561275243762 -0.23977807164192197 -0.012524941004812716 -0.37499101459980005 -0.30028043687343592 -0.1857076212763786 -0.48704174160957331 0.13777736574411395 0.40011695027351385 0.15978806465864184 -0.012221254408359526 -0.34190212190151209 -0.65434908866882313 0.02531452011317015 -0.10809787735342978 -0.023025206290185448 -0.082510922104120241 -0.080597922205924974 -0.069424077868461595 0.16259594261646274 -0.11833175644278525 0.17461784183979037 0.21566394716501239 -0.15771541744470594 -0.068576745688915239 -0.41575048863887781 0.018406006507575515 0.0022085771197453146 -1.0000000180025095e-35 1.0000000180025095e-35 -0.052204819396138184 -0.15626215934753415 0.046009788289666183 0.45602245628833776 0.023062416352331642 -0.066761363297700868 0.05654119327664376 0.15438708662986758 0.013212474063038828 -0.26264423131942743 0.20875333994627002 0.27984465658664709 -0.093716852366924272 0.60256579518318187 -0.26349569857120508 0.74785345792770397 0.039832472801208503 -0.033011153340339654 0.38778407871723181 0.48595485091209417 -0.15526784211397168 -0.20775615423917768 -0.075781837105751024 -0.17031254619359967 -0.11432590335607527 -0.22087764739990232 -0.023838461376726624 0.5914309322834016 -0.1341070085763931 -0.3290975540876388 -0.055153159424662583 0.041844559833407409 -0.0085105067119002325 -0.052618164569139474 0.28237542510032659 0.10864803194999696 0.083236191421747222 1.0000000180025095e-35 0.060200810432434089 -0.10985697805881499 0.34517045319080358 -0.20659948140382764 -0.063416766002774225 -0.050058312714099877 -0.672428399324417 0.060723377391695983 1.0000000180025095e-35 -0.08154235407710074 -0.60399913787841786 0.83277255296707164 0.44688706099987036 -0.1742647588253021 0.064668770879507079 0.31676135957241064 0.14450280368328097 -0.466388389468193 -0.56595194339752186 0.16050005704164508 -0.013292735908180474 -0.14424391090869901 0.20961070805788043 0.16413335502147677 0.081247832626104369 -0.0063090249896049491 -0.046359473839402192 -0.14107513427734372 -0.28111809492111201 -0.12521763890981671 0.047307986766099937 0.2262433543801308 -0.099021356552839265 0.2314863055944443 -0.05730809643864631 0.62080246210098278 -0.066786333918571458 -0.13994716107845304 -0.0096724396571516973
decision_type=2 2 2 2 2 2 2 2 2 2 2 2 2 2 2 2 2 2 2 2 2 2 2 2 2 2 2 2 2 2 2 2 2 2 2 2 2 2 2 2 2 2 2 2 2 2 2 2 2 2 2 2 2 2 2 2 2 2 2 2 2 2 2 2 2 2 2 2 2 2 2 2 2 2 2 2 2 2 2 2 2 2 2 2 2 2 2 2 2 2 2 2 2 2 2 2 2 2 2 2 2 2 2 2 2 2 2 2 2 2 2 2 2 2 2 2 2 2 2 2 2 2 2 2 2 2
left_child=1 2 3 5 -5 11 26 8 -8 10 97 88 18 30 15 16 17 56 22 25 75 -16 -3 -24 78 -20 66 62 58 -30 31 -9 34 -34 35 70 89 76 39 50 42 43 -41 79 -45 -46 47 -44 61 83 52 53 -35 54 -52 -47 57 -15 59 60 93 -39 67 -19 -60 -18 -7 69 86 -14 71 -25 74 -74 -72 -4 77 -36 -11 80 81 -42 -12 90 85 -27 -69 -88 -1 94 -40 -75 -50 -29 -37 -49 -55 -10 99 100 101 102 -71 104 110 113 114 108 -108 112 -102 -112 -109 -106 121 120 117 118 -117 -118 -116 -107 124 -123 125 -121
right_child=-2 12 20 4 -6 6 7 13 9 24 82 -13 27 14 21 -17 65 63 19 -21 -22 -23 23 32 -26 84 -28 28 29 -31 -32 -33 33 38 37 36 -38 48 49 40 41 -43 46 44 45 55 -48 95 92 -51 51 -53 -54 96 -56 -57 -58 -59 64 -61 -62 -63 -64 -65 -66 -67 -68 68 -70 98 72 -73 73 91 -76 -77 -78 -79 -80 -81 -82 -83 -84 -85 -86 -87 87 -89 -90 -91 -92 -93 -94 -95 -96 -97 -98 -99 -100 -101 103 -103 -104 -105 105 106 107 109 -110 -111 111 -113 -114 -115 115 116 119 -119 -120 122 -122 123 -124 -125 -126 -127
leaf_value=0.019829854028361581 -0.0174180337139208 -0.012592718615194783 0.0089281715861854929 0.02524732712858237 -0.00075046089272749967 -0.021187405137206468 0.01752048128576255 -0.0021342218257253036 0.019698494064208181 0.0067998423029631654 -0.01415661282082338 -0.0061273030215721839 0.0033145984803773167 -0.012150409917744416 -0.0073787560422222545 0.025281078035034651 0.0014467927515399159 -0.00093341482577631791 0.0028148064490424222 0.009342151409409926 0.015779281455471767 0.0028438652160003189 0.021222497660085309 0.022228713169798537 0.00019898988931815823 -0.024904068744686265 0.0011951826289230583 -0.019421150117996947 -0.021814818258524143 0.0011855828200445359 0.00077594608780130389 -0.019130087416512807 0.011016363595124621 -0.016710575506808448 0.010260872914180132 -0.013931022081790843 0.0046961986867382318 -0.021417443423926267 -0.0027003037501998782 0.014388164714641367 -0.017540156900038816 0.017494483186012343 0.0065802641608161934 -0.029944211855461273 -0.013974948649416803 -0.0058333431715933658 0.0077793004936481652 -0.018781871445275898 0.0078165126415509906 -0.023246089059415529 0.019106508011848444 -0.021400571615962843 0.0053756676868682261 -0.012813399873030569 -0.0018312006148308399 0.014917129661184428 0.021207098748419372 0.016705058525354213 -0.0010702179770814588 -0.024574354285167268 0.0092185599218920552 -0.0083693779309021166 0.015808788017828215 -0.020121269971650046 0.01219660683746418 0.022830067346466126 -0.0024426059693165277 0.0024520078531366243 -0.018757038668472323 -0.0096999082705147045 -0.016974606284594851 0.0024178998519872397 0.018714384278519861 0.0031607447419960636 0.0034664521614625322 -0.010613371932625253 0.012482556556821629 -0.008005640625331864 0.027278164898827957 0.013300605917357022 0.0093299030473219663 0.0032194701597318583 -1.2472034354841854e-05 0.0084088918433552692 -0.0043553367869996829 -0.0086712658381358811 -0.01712493381381585 0.0019931597214874353 0.0060713883582399425 -0.023216206784977975 -0.020827900156103859 -0.012061330114883374 -0.0099999487379851641 -0.0020898470894854513 0.00027922857341871091 -0.0017721203204628872 0.0047758195398911523 -0.00015529560380443121 -0.013221541483528554 0.0071427053226802307 0.020812193755015786 -6.8166644071428431e-05 0.0084482958309193296 -0.0046598941759901959 0.01803320180312673 0.020324678246931408 -0.01493128820590405 -0.0090448401471617743 0.0070167229573672284 -0.023505903703315005 -0.0075200003808841348 0.01492197737729469 -0.00063757329081054275 0.0001313385705958124 -0.016782825326721363 0.01389923106123642 -0.01647334627914564 -0.011046402312854501 -0.0041661600701012186 0.0036254656592085389 0.0044736398531960916 -0.0096509581458272351 -0.010915181047078873 0.011771244938642659 0.0022846096547656167 -0.0053097154277218644
leaf_weight=585 268 694 444 424 407 810 573 667 255 269 605 368 8457 294 1961 263 258 318 327 261 1212 1401 290 312 414 628 293 290 491 292 730 793 974 823 251 693 625 979 517 1034 315 275 472 252 682 396 1399 399 278 300 466 275 253 378 292 310 264 259 1771 273 348 702 283 429 477 339 250 1201 412 2442 395 452 269 1711 269 252 291 848 331 374 314 277 580 258 459 487 394 279 658 351 264 282 477 498 431 359 317 273 288 2009 397 3764 329 2791 443 363 329 1761 1572 257 270 266 2026 375 488 1631 369 275 451 1281 261 260 499 335 11387 2648
leaf_count=585 268 694 444 424 407 810 573 667 255 269 605 368 8457 294 1961 263 258 318 327 261 1212 1401 290 312 414 628 293 290 491 292 730 793 974 823 251 693 625 979 517 1034 315 275 472 252 682 396 1399 399 278 300 466 275 253 378 292 310 264 259 1771 273 348 702 283 429 477 339 250 1201 412 2442 395 452 269 1711 269 252 291 848 331 374 314 277 580 258 459 487 394 279 658 351 264 282 477 498 431 359 317 273 288 2009 397 3764 329 2791 443 363 329 1761 1572 257 270 266 2026 375 488 1631 369 275 451 1281 261 260 499 335 11387 2648
internal_value=-0.000252084 -0.000203798 0.00177356 0.000640552 0.0124766 -4.96657e-05 -0.00111563 0.000292476 0.00530312 0.00271555 -0.00209487 0.00827574 -0.000625133 -0.00177713 0.000315868 0.00507775 0.00258494 -0.00162769 -0.00228899 -0.00854469 0.0106965 -0.00310789 -0.00168781 -0.00133924 0.010862 -0.0110338 -0.0128587 0.000122196 -0.00375953 -0.0131867 -0.0073186 -0.0113926 -0.00164599 -1.24452e-05 -0.00367655 -0.000918253 -0.00701633 -0.00784062 -0.00099379 8.44351e-05 0.00205964 -0.00206657 0.00566795 -0.00393409 -0.00905401 -0.00520622 0.00221997 -0.00407971 -0.0121042 -0.00878786 -0.00473203 -0.000513952 -0.0114692 0.00344505 0.0109904 0.00323242 0.00780947 0.00132601 -0.00172737 -0.00727194 -0.0030565 -0.0159944 0.000463677 -0.0119942 0.00173685 0.0136425 -0.0167924 0.000376026 -0.00480051 0.000623344 0.00254577 0.0105679 0.000435459 0.00311713 -0.00863262 0.00180403 -0.000346017 -0.00378475 0.0181682 0.00259953 -0.00179256 -0.00777122 -0.00724625 -0.00455695 -0.0139405 -0.0178553 -0.00170137 -0.00914451 0.0125833 -0.0120103 -0.00889477 0.000979858 -0.00339901 -0.00852877 -0.00845814 -0.010775 -0.00473448 0.00937266 4.71458e-05 0.000146002 -0.000230643 -0.00323519 -0.0075239 0.000407275 0.000914932 0.000566059 0.000273562 -0.0029074 0.00318301 -0.00578029 0.0109559 0.00357776 -0.00455794 0.00986589 0.00120938 0.000809166 0.00122098 0.00748437 0.00996367 0.000305944 -0.00931388 0.00921525 0.000701743 0.00236087 0.00108398 -0.00238614
internal_weight=97017 96749 16979 15071 831 14240 12629 11276 3300 2727 1713 1611 79770 7976 5786 2424 2161 1564 24737 2162 1908 3362 22575 21881 1014 1901 1353 55033 4440 783 2190 1460 21591 11975 9616 5790 2100 3826 11001 9662 6858 3195 3663 2920 1640 1388 2629 1230 2436 1339 2804 1728 1076 1453 758 706 817 553 3657 1409 1136 1681 50593 747 2248 597 1060 50310 2286 48024 3690 764 2926 2262 664 696 1390 1099 600 1280 906 592 1185 1039 1574 1115 1874 673 1243 1475 781 1993 755 788 1124 758 695 528 39567 39279 37270 6535 2771 30735 27944 27011 26193 5945 1901 4044 933 536 3787 818 20248 19290 18541 2357 2082 16184 749 958 15815 595 15316 3929
internal_count=97017 96749 16979 15071 831 14240 12629 11276 3300 2727 1713 1611 79770 7976 5786 2424 2161 1564 24737 2162 1908 3362 22575 21881 1014 1901 1353 55033 4440 783 2190 1460 21591 11975 9616 5790 2100 3826 11001 9662 6858 3195 3663 2920 1640 1388 2629 1230 2436 1339 2804 1728 1076 1453 758 706 817 553 3657 1409 1136 1681 50593 747 2248 597 1060 50310 2286 48024 3690 764 2926 2262 664 696 1390 1099 600 1280 906 592 1185 1039 1574 1115 1874 673 1243 1475 781 1993 755 788 1124 758 695 528 39567 39279 37270 6535 2771 30735 27944 27011 26193 5945 1901 4044 933 536 3787 818 20248 19290 18541 2357 2082 16184 749 958 15815 595 15316 3929
is_linear=0
shrinkage=0.0667171


Tree=29
num_leaves=127
num_cat=0
split_feature=152 11 18 13 18 73 12 104 80 16 20 21 80 33 73 149 16 11 20 16 73 20 18 97 5 21 12 12 12 19 0 73 12 13 15 3 96 33 15 201 33 0 21 73 18 80 152 36 11 15 5 12 96 80 5 13 20 0 20 81 18 33 24 164 200 12 4 152 24 22 12 200 98 33 24 14 182 200 84 24 12 20 20 201 12 19 20 151 74 199 70 170 70 84 12 0 19 18 18 18 12 4 18 13 73 11 61 105 18 11 20 33 61 14 80 20 20 151 85 200 92 18 5 201 4 73
split_gain=17.2077 18.7594 18.9756 18.6147 23.267 22.1073 18.6004 17.0982 16.688 18.1652 16.6675 22.6879 16.6307 16.129 28.9461 17.7141 15.3945 16.4127 17.6512 14.2919 16.9156 30.3743 32.7069 25.3342 23.3081 33.5359 36.3488 22.6256 29.4347 27.5226 22.5551 46.1034 25.5094 22.4968 20.7739 21.3457 20.7124 27.9505 19.843 18.6825 18.5186 18.497 17.3725 16.6504 22.6941 20.19 20.1179 19.2941 33.1144 30.2467 16.52 15.6287 15.0391 14.905 16.3852 23.3819 19.6898 14.5938 20.4608 14.2715 14.2021 14.7734 18.1127 14.175 15.5908 14.1013 14.1005 15.5728 14.0305 13.9996 13.9112 13.8211 13.621 13.6118 13.5937 13.2416 13.1741 12.572 12.4415 11.2462 11.1041 14.5704 29.4905 22.4982 13.6682 18.7839 11.0831 11.0331 12.3474 12.2298 11.0244 11.0111 10.9565 11.154 13.3035 10.8161 12.1678 10.8067 14.9988 13.3167 26.844 19.1565 18.4089 11.8489 10.8555 13.693 12.4851 11.3476 25.6138 18.5127 17.8322 25.1902 15.677 15.1877 15.1718 19.4946 38.0009 26.4525 14.8355 14.8029 14.4804 12.1933 11.9218 17.4346 13.5435 12.2585
threshold=0.44893740117549902 -0.06852471828460692 -0.28176027536392206 -0.38251364231109614 -0.99757909774780262 -0.49308227002620691 0.22152833640575412 0.52909401059150707 -0.11343115568161009 -0.069612201303243623 0.45837846398353582 0.50897553563117992 -0.19591419398784635 -0.5081706941127776 -0.69899320602416981 -1.2031362056732176 0.40011695027351385 0.15789828449487689 0.13583787530660632 0.23322368413209918 -0.066633369773626314 0.02531452011317015 -0.14728643745183942 0.19744521379470828 1.0000000180025095e-35 -0.72636869549751271 0.49084715545177465 0.3967773318290711 0.090085860341787352 -0.075781837105751024 0.2173295468091965 -0.12124956771731375 0.21465941518545154 -0.30408042669296259 -0.11925384774804114 -0.35627987980842585 0.17043264955282214 -0.070645745843648897 -0.19383846223354337 -0.45642800629138941 0.007480249274522067 0.22301135957241061 -0.2916411012411117 0.024062147364020351 -0.079553481191396699 -0.06845435872673987 -0.023112161085009571 0.23591549694538119 -0.12676741182804105 0.040007691830396659 -1.0000000180025095e-35 0.0021980537567287688 -0.13809718936681745 0.48428390920162206 1.0000000180025095e-35 -0.33342470228672022 0.0047915116883814344 -0.31960226595401758 0.07529026642441751 0.55637666583061229 -0.15887385606765744 -0.31332179903984064 0.46623942255973821 0.34221132099628454 -0.51696097850799549 0.13365769386291507 0.11699771881103517 0.038107164204120643 -0.020263417623937127 -0.13172751665115354 -0.1013108193874359 -0.0044290784280747167 -0.10493063554167746 -0.0017683801706880329 -0.24173930287361142 0.10268601402640344 -0.045548135414719575 0.15866467356681827 -0.24703194200992581 -0.11432590335607527 0.12650829553604129 -0.023025206290185448 -0.1504842862486839 -0.067035526037216173 -0.14911276102066037 -0.18657927960157392 -0.020070648752152916 -0.21224427223205564 -0.28050586581230158 -0.004007351351901888 -0.12758974730968473 -0.084856819361448274 0.35166184604167944 0.065074805170297637 0.55956497788429271 -0.27414773404598231 0.034564195200800903 0.64580601453781139 0.46293655037879949 0.35167858004570013 -0.21086433529853818 -0.044784568250179284 0.30457496643066412 0.28293734788894659 -0.36940917372703547 0.13219060748815539 1.3723135590553286 0.015555614139884712 0.038896562531590469 0.38414749503135687 -0.21978144347667691 -0.084105942398309694 0.11567636206746103 -0.093742560595273958 -0.052110528573393815 -0.0095999087207019312 -0.023651389405131337 0.16880612820386889 0.17413897812366488 -0.46743287146091456 0.070928968489170088 0.20200974494218829 -1.0000000180025095e-35 -0.18480962514877317 0.11699771881103517 0.15719810873270038
decision_type=2 2 2 2 2 2 2 2 2 2 2 2 2 2 2 2 2 2 2 2 2 2 2 2 2 2 2 2 2 2 2 2 2 2 2 2 2 2 2 2 2 2 2 2 2 2 2 2 2 2 2 2 2 2 2 2 2 2 2 2 2 2 2 2 2 2 2 2 2 2 2 2 2 2 2 2 2 2 2 2 2 2 2 2 2 2 2 2 2 2 2 2 2 2 2 2 2 2 2 2 2 2 2 2 2 2 2 2 2 2 2 2 2 2 2 2 2 2 2 2 2 2 2 2 2 2
left_child=1 2 3 65 -5 -6 70 10 -2 -10 16 -12 75 14 -14 -15 69 -18 92 20 24 22 -22 53 25 -17 27 28 29 40 31 33 -32 50 35 -26 37 -36 57 91 -27 -28 -39 45 -45 -41 73 49 -49 52 -30 -48 -46 54 76 56 -56 71 -59 -60 -37 -62 -63 64 -11 79 -9 -68 -25 -3 -7 -23 -13 -47 -21 -4 -24 95 -54 -1 81 82 -78 -83 -84 -86 -42 88 -38 -90 -74 -40 93 -19 -95 96 -31 98 99 102 -101 -102 104 -99 105 -71 107 -106 110 114 111 -109 119 -114 118 116 117 -116 -110 -112 121 -117 123 -121 -125 -124
right_child=8 7 12 4 5 6 -8 66 9 63 11 72 13 15 -16 19 17 18 -20 74 21 38 23 68 34 26 41 -29 30 77 32 -33 -34 -35 36 60 87 42 39 43 86 -43 -44 44 47 46 51 48 -50 -51 -52 -53 78 -55 55 -57 -58 58 59 -61 61 62 -64 -65 -66 -67 67 -69 -70 97 -72 -73 90 -75 -76 -77 80 -79 -80 -81 -82 83 84 -85 85 -87 -88 -89 89 -91 -92 -93 -94 94 -96 -97 -98 103 -100 100 101 -103 -104 -105 106 -107 -108 108 109 -111 112 -113 113 -115 115 120 -118 -119 -120 122 -122 -123 125 124 -126 -127
leaf_value=0.010257233688968557 -0.01750222341323187 0.0026172112082059927 -0.023369445538206822 -0.018617001747873577 0.018170002736675423 -0.0040274985577342269 -0.0096826420673630925 0.010410886866082273 -0.017488315895277596 -0.013614542736057561 0.023950382687467207 -0.006939583411281757 0.0039782162105362236 0.015808366657527582 -0.0219561144026174 -0.017531712339659101 0.011067600835730796 -0.011308953309097194 -0.021362734504469752 3.4057235301914268e-05 -0.020533940750926905 -0.012816532728170953 -0.014062187506648434 0.011880547768723012 0.010851821331017161 0.020419643078944765 0.033271224921357874 -0.013473881313739331 0.016303800742995537 0.0036434102533142707 0.0069306777237434641 0.022872162762120229 0.034085196646269147 -0.012347204125676033 0.019317814538683371 -0.014374243016990534 -0.016691521293028637 0.0047311244861057353 -0.0063186684492534664 0.015867385228540067 0.009720739610866818 0.01026030631144717 -0.018977877641100174 0.011254091627492007 -0.020354908637146417 -0.00050687086960264746 0.00033423157862429208 0.0098069382631418983 -0.010587430880888028 -0.026804916867635281 -0.0026075827902808804 0.018423216977356851 -0.013743219354209277 -0.021594533380185212 0.014235120216448164 -0.0086354348728195918 -0.0070483037051715198 0.014621658745768533 0.004350139230926124 -0.012417353139436198 -0.010459857608861331 0.0070740104404160157 -0.0090711668621194039 0.012904352851731452 -0.0010033828332153051 0.01337747411535533 0.010483712783051309 -0.0071249674285945577 -0.0054640773102856161 0.015552366393585615 0.014595830297680849 0.0028556207056810693 0.01872651862612525 -0.018222037510507248 -0.019991561816514902 -0.0052668537113930852 -0.019457076653954079 0.0053268271972806503 -0.00083223723980469519 -0.0057892446555962733 0.005950271679981166 0.00068195317128854716 0.015050041691171962 -0.018360296901282217 -0.015746732449786149 0.0068154349971333216 -0.0059545046188252369 -0.022114324211958986 -0.011952836290748427 0.0064368296376397117 0.0027392051808546002 -0.023532497829227693 0.0054015315778034494 -0.0070647285029610731 0.011303073433613677 -0.019610207792048182 -0.011760890391962485 0.019045038019836692 -0.012470507495404381 -0.0094265180515825751 0.025034207313665287 0.001388466305921927 -0.016284744041991258 -0.00069354120731605115 0.0010048482030307877 -0.00014950935989847916 -0.015011181311919523 -0.0011526347086613347 0.0012481657426203696 0.018537401975345046 0.013368296068235178 -0.019027136646391704 -0.016041696027304542 -0.002608327411085176 0.0075718392668742565 -0.013461209246508324 0.025929705792362881 -0.014199757294806173 -0.0071139635868958384 0.0022361618954551922 0.0069339272843455839 0.002425014664861455 0.0033308482975244256 -0.011340450754663188 0.0012106647507822909 -0.0044682512406075637
leaf_weight=349 387 10866 264 289 298 333 675 1425 352 508 291 391 326 264 450 319 262 967 304 254 615 411 1052 595 746 327 257 354 361 370 319 488 301 491 257 351 482 266 471 460 384 404 275 410 272 497 587 821 618 349 464 333 423 262 612 713 277 843 1873 253 460 1233 408 271 3036 1007 367 561 312 436 373 625 284 316 353 573 322 315 1536 429 338 407 317 826 259 435 412 364 310 326 598 259 418 487 270 341 575 271 437 273 375 259 314 259 17078 554 253 672 2475 271 295 739 679 846 1357 536 425 300 1518 1020 508 350 2589 1603 494 1367
leaf_count=349 387 10866 264 289 298 333 675 1425 352 508 291 391 326 264 450 319 262 967 304 254 615 411 1052 595 746 327 257 354 361 370 319 488 301 491 257 351 482 266 471 460 384 404 275 410 272 497 587 821 618 349 464 333 423 262 612 713 277 843 1873 253 460 1233 408 271 3036 1007 367 561 312 436 373 625 284 316 353 573 322 315 1536 429 338 407 317 826 259 435 412 364 310 326 598 259 418 487 270 341 575 271 437 273 375 259 314 259 17078 554 253 672 2475 271 295 739 679 846 1357 536 425 300 1518 1020 508 350 2589 1603 494 1367
internal_value=-0.000282987 -8.63954e-05 -0.00125486 0.00323635 -0.00122043 0.00177113 -0.00176314 0.00068228 -0.00428589 -0.00304389 0.000437608 0.00721765 -0.00176469 -0.00152274 -0.0110112 -0.00128744 0.000233251 -0.00466055 -0.00637119 -0.001434 -0.00123184 -0.00248542 -0.00582922 -0.00447504 0.000725306 0.0034345 0.00453198 0.00274741 0.00387479 -0.000871257 0.00922001 0.00541924 0.0201908 -0.00105339 -0.00247394 0.000984455 -0.00733819 0.00127634 -0.000320423 -0.00238082 0.00710866 0.0192863 -0.00725797 -0.00125796 -0.00361475 0.00348542 0.000168437 -0.00514669 0.00101736 -0.00859815 0.00563361 0.00693119 -0.00571698 -0.00609366 -0.00535012 0.000318993 0.0075484 0.00345324 0.00583589 0.00232889 -0.00200921 5.11226e-05 0.00302914 -0.0016936 -0.00282666 0.00816852 0.0062461 -0.000110063 0.00586081 0.000502285 0.00576055 -0.00333385 0.00334287 -0.00744538 -0.0115514 -0.0110383 -0.00765436 -0.00649504 -0.00364851 0.00138176 -0.00531617 -0.00681818 -0.00195422 -0.0120436 0.00362038 -0.0015702 0.00157652 -0.0120025 -0.00865862 -0.00249046 0.00794424 -0.0124928 -0.00421209 -0.00656742 -0.00046322 -0.00943022 -0.00569779 -9.30275e-05 -0.000225912 -8.19516e-05 0.00788863 0.0154288 -0.000280416 0.00933803 -0.000140346 0.00673737 -0.000334173 -0.000226582 -0.00139392 0.00150276 -0.00357315 -0.0105404 -0.00246227 -0.00861607 0.000875553 0.00409971 0.00818838 0.00359701 -0.00192345 -0.00118205 -0.00198101 -0.00714366 -0.00179757 -0.00488284 -0.008364 0.000625682
internal_weight=97494 92940 36896 3753 1968 1679 1381 56044 4554 4167 53691 1564 33143 32306 776 31530 52127 2708 2446 31266 30659 18699 7342 6727 11960 6482 6163 5502 5148 2724 2424 1804 620 1316 5478 3198 2280 798 11357 7352 1123 661 541 6622 4429 2193 1733 4019 1439 2580 825 920 2231 5820 5558 1602 889 4005 2969 2126 2452 2101 1641 3815 3544 1785 2353 928 907 49419 706 1036 1273 813 607 837 3956 1601 1959 778 2904 2566 1333 1233 1011 694 796 1482 1118 636 882 730 2142 1724 757 1286 945 38553 38023 37586 907 634 36679 530 36365 990 35375 35122 18044 7740 10304 1411 8893 1525 7469 3476 2082 1657 3993 7368 1394 886 7073 3117 2097 3956
internal_count=97494 92940 36896 3753 1968 1679 1381 56044 4554 4167 53691 1564 33143 32306 776 31530 52127 2708 2446 31266 30659 18699 7342 6727 11960 6482 6163 5502 5148 2724 2424 1804 620 1316 5478 3198 2280 798 11357 7352 1123 661 541 6622 4429 2193 1733 4019 1439 2580 825 920 2231 5820 5558 1602 889 4005 2969 2126 2452 2101 1641 3815 3544 1785 2353 928 907 49419 706 1036 1273 813 607 837 3956 1601 1959 778 2904 2566 1333 1233 1011 694 796 1482 1118 636 882 730 2142 1724 757 1286 945 38553 38023 37586 907 634 36679 530 36365 990 35375 35122 18044 7740 10304 1411 8893 1525 7469 3476 2082 1657 3993 7368 1394 886 7073 3117 2097 3956
is_linear=0
shrinkage=0.0667171


Tree=30
num_leaves=127
num_cat=0
split_feature=153 21 12 12 11 20 12 20 95 20 20 17 92 11 20 99 16 11 95 92 12 73 73 96 62 20 153 12 17 201 73 92 96 183 95 12 104 20 19 20 20 73 1 20 33 97 16 16 0 95 33 152 105 13 105 95 96 5 70 16 199 20 96 0 0 153 97 80 99 17 21 153 11 21 20 33 82 19 19 19 95 4 62 19 20 0 19 12 12 99 33 17 73 17 13 12 19 19 19 10 92 74 73 19 80 33 20 16 80 19 12 5 0 74 10 19 4 153 19 19 12 99 9 12 0 99
split_gain=16.3381 35.3873 23.6165 39.1861 27.3606 24.0892 22.3398 27.7496 21.6469 20.6809 25.9165 43.8326 29.1738 33.7801 30.4149 28.2302 25.5844 38.639 24.2671 21.9347 20.5071 27.5639 22.401 20.4801 27.1661 24.1523 34.7722 22.4035 32.9311 43.0924 20.5705 20.0872 19.1034 25.8921 18.9204 42.0676 33.9634 22.347 38.3773 27.8858 33.6084 28.4846 24.4798 23.8521 23.7751 21.4404 21.431 20.7498 20.3475 18.9922 18.6491 18.3816 18.146 17.9615 17.7351 17.6504 17.1084 16.9818 16.3163 16.0333 15.4603 18.2576 14.7828 14.7797 20.7769 14.7761 14.7658 24.3678 16.3834 34.3708 28.2548 32.2396 23.7584 16.2766 15.8331 24.0089 19.9095 15.5057 48.5201 39.5732 33.6721 33.1794 28.8668 32.9451 35.9946 28.003 54.4662 40.9687 40.2177 31.1698 34.3321 33.9057 26.7853 58.9301 26.7516 24.7459 25.7758 24.5971 43.0863 21.3157 31.7806 26.8381 38.9026 23.8542 23.2579 32.863 21.4618 22.2436 20.6195 24.8432 19.4158 28.8558 27.1854 21.667 19.3739 19.0715 29.9906 28.5912 23.6526 21.7022 19.0119 23.4027 18.9104 19.0047 21.1321 18.8829
threshold=-0.12640466541051862 0.26036216318607336 -0.010560961440205572 0.076073266565799727 0.061061771586537368 -0.11622849851846694 0.21465941518545154 -0.42661219835281367 0.60686445236206066 -0.672428399324417 0.14743391424417499 -0.38009636104106898 -0.012337781488895415 0.7262990176677705 0.049444841220974929 0.37686818838119512 0.33796547353267675 0.31654931604862219 0.3091795295476914 -0.19959808140993116 0.50572410225868236 1.0000000180025095e-35 0.39633014798164373 0.84124502539634716 1.2013669610023501 0.44688706099987036 0.67496004700660717 0.15627361088991168 -0.38009636104106898 -0.15160092711448667 0.67140695452690136 0.14363330602645877 0.61535456776618969 -0.22686468809843061 0.035373127087950713 0.22152833640575412 0.54844918847084057 -0.5491700768470763 0.0089512169361114519 0.04417697153985501 -0.19468623399734494 -0.16521704196929929 -0.1576704531908035 -0.28111809492111201 -0.11759319528937338 -0.0081228781491518003 0.079467944800853743 -0.62706580758094776 1.0000000180025095e-35 -0.16295615583658216 -0.10985697805881499 -0.35388900339603419 0.093727264553308501 0.32157151401042944 0.35631138086318975 0.34416387975215917 0.13814288377761844 0.37500000000000006 -0.085928708314895616 -0.1220506690442562 -0.20026052743196485 -0.672428399324417 0.30704179406166082 -0.029829545877873894 0.24289772659540179 0.48037910461425787 -0.24672458320856092 -0.1618884280323982 -0.19618513435125348 0.62242034077644359 -0.087435562163591371 -0.0032812530407682057 -0.15005794167518613 0.22838824987411502 0.071402639150619521 0.020090303383767608 -0.31932383775711054 -0.075781837105751024 -0.13688614219427106 -0.070862270891666398 0.081607755273580565 -0.26754547655582422 0.17297581583261493 0.23308309912681582 -0.0085638263262808306 -0.098011363297700868 -0.14937156438827512 -0.11733829602599143 -0.18888952583074567 0.13944444060325625 0.014378076419234278 0.014165528118610384 0.029504339210689071 -0.091572590172290788 -0.35319967567920679 -0.13512306660413739 -0.23543035238981244 -0.19688779115676877 -0.14937156438827512 -0.033654935657978051 0.25337915122509008 0.69122785329818737 0.32480929791927343 -0.013068219646811484 -0.16544213145971295 -0.070645745843648897 -0.099021356552839265 0.15284587442874911 0.26867796480655676 0.040493907406926162 -0.2180824279785156 -1.0000000180025095e-35 -0.27414773404598231 0.21322719007730487 -0.13453677296638486 -0.11772300302982329 -0.48768429458141321 0.10639511421322824 -0.13089796900749204 -0.09711789712309836 -0.14911276102066037 -0.07692034542560576 0.09487995877861978 -0.15282770991325376 -0.26278407871723169 -0.14371002465486524
decision_type=2 2 2 2 2 2 2 2 2 2 2 2 2 2 2 2 2 2 2 2 2 2 2 2 2 2 2 2 2 2 2 2 2 2 2 2 2 2 2 2 2 2 2 2 2 2 2 2 2 2 2 2 2 2 2 2 2 2 2 2 2 2 2 2 2 2 2 2 2 2 2 2 2 2 2 2 2 2 2 2 2 2 2 2 2 2 2 2 2 2 2 2 2 2 2 2 2 2 2 2 2 2 2 2 2 2 2 2 2 2 2 2 2 2 2 2 2 2 2 2 2 2 2 2 2 2
left_child=1 2 4 5 50 -4 7 32 34 -8 11 18 14 56 15 -13 17 20 53 -16 21 -12 -22 24 25 27 59 28 29 -9 66 -15 33 -2 35 -5 47 60 42 40 43 44 -39 54 -41 -44 -42 -37 -47 -49 -1 58 -21 -11 -40 -29 63 -58 -10 -27 -36 -62 -43 -14 -65 -32 67 -30 69 70 72 -72 -68 -69 -73 -76 -77 78 85 94 82 -82 83 99 -85 89 88 -88 -87 91 -91 97 -83 -94 -79 114 -97 -70 -99 101 -101 102 104 -102 -81 -106 -107 -108 -84 -110 111 112 -93 -113 -90 117 119 118 -80 -117 121 -119 123 124 -112 -122
right_child=6 -3 3 8 -6 -7 9 23 51 10 16 12 13 31 19 -17 -18 -19 -20 52 22 -23 -24 -25 -26 26 -28 55 30 -31 65 -33 -34 -35 37 36 -38 38 39 41 46 62 45 -45 -46 48 -48 49 -50 -51 -52 -53 -54 -55 -56 -57 57 -59 -60 -61 61 -63 -64 64 -66 -67 68 73 77 -71 71 74 -74 -75 75 76 -78 79 115 80 81 92 108 84 -86 86 87 -89 95 90 -92 110 93 -95 -96 96 -98 98 -100 100 103 -103 -104 -105 105 106 107 -109 109 -111 122 113 -114 -115 -116 116 -118 120 -120 -121 125 -123 -124 -125 -126 -127
leaf_value=0.021686720555553592 -0.0057523149196925163 0.02514335956162797 -0.018770850149490523 0.0086627135472575334 -0.0067571418526060087 -0.0013470792116650762 -0.014345989528318732 0.0071549501826494244 -0.002314922496078225 0.015246538976606569 -0.0042943654951812845 -0.014406786361758498 0.023560628390798703 -0.026596128925553308 -0.012071355841813012 0.0091947456262082023 -0.017434883179172692 0.013700305189564341 0.030341227998930607 0.023584300403203976 0.011128312392411724 -0.025278140644976015 -0.013499495241091751 0.01754939522189547 -0.015123032068347302 0.021759851262292206 -0.01556225899343556 0.0081755993921697849 -0.0036235569592589049 -0.026843789867015005 -0.0029908899613235174 -0.00026211065228497557 -0.0062623328031528504 0.016782536402284116 -0.013099441926861339 0.00013876866146684538 0.014530132668802499 0.0058657244878513636 0.018747625092199554 0.0022916788515061366 0.024089710182196807 0.018804439049533082 0.0040183254145089312 -0.0088509155035944934 -0.023573024280362686 -0.0025012279358533527 0.0057654414865103403 0.00067121806338898504 -0.025896239055014453 -0.015800917515650301 0.0055095865249845223 0.0062840890313647629 3.6130043161874799e-05 -0.0067760362412871943 -0.002696812607710319 -0.0050870165876594443 -0.0046333040606378094 0.010660065891263953 -0.019103124869591152 0.0062259521986390547 0.0087092980037689963 -0.0083607788523250067 6.1241220325533024e-05 -0.0039860506153251742 0.015970466789677153 -0.023782476621979083 -0.0045440601736977436 0.014508763492237361 -0.0021470789820748981 -0.022523917057580535 0.0095835133231209069 -0.0062793522825377408 -0.027862943000282806 -0.0042529750538562528 0.017329092526312317 0.013149388715645626 -0.0058779242169327423 -0.0027438000543883409 -0.0011354240496367477 0.01027112023653548 -0.017513876684911313 -0.016955926493353302 -0.0085426396859960528 0.018724586692259969 0.002528377463546594 -0.0086805234778811191 -0.025755950357657043 0.0030698038903110773 0.026267679868421073 0.016665466427518663 -0.0052032351957143922 -0.0088409082541036996 0.024167909479656243 -0.00604299658694985 -0.022615248392377624 -0.006250297234240457 0.0084387582470898843 -0.026080644933466443 0.0013442787689041534 0.0059546959932531467 0.0068269371952765258 -0.020848140814794774 0.022254619367079915 -0.012916929771844657 -0.0099917347822681829 0.012220443849432773 0.00043180160156161958 -0.015315292517183981 -0.0081810806654464968 0.0018320149171731513 -0.018878658771666803 0.017185543448768197 0.011046235986781755 -0.0030180723946111503 0.0036892010133007195 -0.02610964100051116 0.0036980337033880322 0.027825981385140912 0.016520400075410502 0.00057248112259558202 0.0095874386239465422 0.0014973433362824719 -0.014767562743777718 0.0021203239314895538 0.002447030261871598 -0.006571184336917152
leaf_weight=626 285 277 714 1349 383 703 722 250 509 401 622 1862 300 262 278 252 873 439 258 261 394 508 277 278 557 346 297 2099 887 473 325 254 315 1038 454 920 332 1097 513 389 1252 443 390 372 260 300 373 394 373 1393 654 372 329 273 251 561 1040 465 528 2051 651 482 327 437 484 289 465 1018 606 408 1042 3050 336 252 345 302 1224 576 409 584 997 439 2378 956 1697 779 491 389 504 641 628 1295 384 1110 638 675 2428 920 347 4367 406 325 295 803 2247 561 2654 466 1550 3793 536 662 396 360 258 274 4069 251 1802 259 459 373 887 1243 329 1053
leaf_count=626 285 277 714 1349 383 703 722 250 509 401 622 1862 300 262 278 252 873 439 258 261 394 508 277 278 557 346 297 2099 887 473 325 254 315 1038 454 920 332 1097 513 389 1252 443 390 372 260 300 373 394 373 1393 654 372 329 273 251 561 1040 465 528 2051 651 482 327 437 484 289 465 1018 606 408 1042 3050 336 252 345 302 1224 576 409 584 997 439 2378 956 1697 779 491 389 504 641 628 1295 384 1110 638 675 2428 920 347 4367 406 325 295 803 2247 561 2654 466 1550 3793 536 662 396 360 258 274 4069 251 1802 259 459 373 887 1243 329 1053
internal_value=-0.000251407 0.00162101 0.00122826 0.000396772 0.00876862 -0.0101509 -0.00065148 -0.000206215 0.00148966 -0.00344495 -0.00267298 -0.000457261 -0.00248238 0.00188835 -0.00724478 -0.0115634 -0.00775236 -0.00395628 0.013007 0.00322373 -0.00829015 -0.0137709 0.000886135 -0.000415252 -0.000490729 -0.000367311 0.00581574 -0.000628804 -0.000889771 -0.0150152 -0.000719874 -0.0136969 0.00836457 0.0118897 0.00238803 -0.00111972 -0.00547771 0.00433415 0.00610782 0.00983852 0.0137456 0.00221295 -0.00109535 0.0049048 -0.00803528 -0.00831547 0.0199015 -0.0079573 -0.0155252 -0.0121449 0.0134566 -0.00632837 0.0105281 0.00628464 0.0116472 0.0053598 0.00486161 8.1511e-05 -0.0109023 0.0084953 -0.00272529 0.00141095 0.0108852 0.010722 0.00647587 -0.0128405 -0.000594574 0.00481889 -0.000797633 -0.00378152 -0.00264013 -0.00105255 -0.0143841 0.0107457 -0.00331461 0.00149924 -0.00207336 -0.000373487 0.00088804 -0.00145537 -0.000904259 -0.00763782 -4.74351e-05 0.00162374 0.00838212 -0.00151103 0.00221131 -0.0129679 0.00510086 -0.00383863 0.00581439 -0.00546089 -0.00252011 0.00171981 -0.0132157 0.00789257 0.0052297 -0.0132481 -0.0185352 0.000209254 0.00330084 -0.0022036 -0.00130277 -0.00624568 -0.00238226 -0.00363836 0.000233186 -0.00191728 -0.00337599 -0.00106893 -0.00289692 0.00117984 -0.00415013 0.0100265 0.0186605 0.00474486 0.00174252 0.00791514 0.013233 -0.0130802 0.00239225 0.0121664 -0.00659923 -0.00313949 -0.0107222 -0.00163333
internal_weight=97114 17081 16804 15141 1663 1417 80033 69042 13724 10991 10269 7156 6224 3242 2982 2114 3113 2240 932 868 1801 1130 671 67404 67126 66569 2694 63875 61215 723 60492 516 1638 1323 12315 4388 3039 7927 6340 4180 2761 1419 2160 1136 649 1063 1625 2707 673 1787 1280 1409 590 674 764 2660 2726 1505 1037 2397 1587 1133 770 1221 921 614 59878 2157 57721 7172 6764 5963 801 1270 4921 1871 1526 50549 23323 27226 26012 2930 23082 15361 2653 14374 5524 880 4644 8850 1269 7581 1933 1494 1214 3865 3103 1873 1267 12708 5576 7132 6807 1209 6512 5928 3681 3120 7721 5343 5708 2713 1691 1022 762 8949 4602 4347 2211 533 2136 624 2995 2108 865 1512
internal_count=97114 17081 16804 15141 1663 1417 80033 69042 13724 10991 10269 7156 6224 3242 2982 2114 3113 2240 932 868 1801 1130 671 67404 67126 66569 2694 63875 61215 723 60492 516 1638 1323 12315 4388 3039 7927 6340 4180 2761 1419 2160 1136 649 1063 1625 2707 673 1787 1280 1409 590 674 764 2660 2726 1505 1037 2397 1587 1133 770 1221 921 614 59878 2157 57721 7172 6764 5963 801 1270 4921 1871 1526 50549 23323 27226 26012 2930 23082 15361 2653 14374 5524 880 4644 8850 1269 7581 1933 1494 1214 3865 3103 1873 1267 12708 5576 7132 6807 1209 6512 5928 3681 3120 7721 5343 5708 2713 1691 1022 762 8949 4602 4347 2211 533 2136 624 2995 2108 865 1512
is_linear=0
shrinkage=0.0667171


Tree=31
num_leaves=127
num_cat=0
split_feature=153 21 18 80 11 95 12 104 82 13 92 12 18 10 16 199 183 18 0 92 36 12 16 151 33 21 3 97 13 10 96 16 80 5 152 95 80 12 5 3 18 18 153 152 24 9 105 80 1 11 92 18 183 16 10 4 99 18 92 9 33 18 104 36 153 24 33 62 33 21 95 153 4 103 10 10 80 12 15 12 62 12 61 18 153 0 18 4 16 69 153 11 21 10 15 92 183 18 4 81 201 33 24 97 105 165 11 33 16 18 79 16 62 10 61 24 92 199 97 12 183 80 99 13 4 0
split_gain=15.9899 27.3467 22.3982 23.1624 21.1338 20.646 20.485 20.4635 19.8816 19.4945 25.5186 28.4746 19.2651 29.6383 18.8404 18.8102 19.0762 17.915 19.7106 23.491 21.0811 17.8657 17.466 17.1241 16.5411 21.0319 16.2748 18.394 15.9819 15.6393 34.5342 15.4475 15.2493 33.2126 15.175 15.0671 15.311 14.6905 14.4484 14.3876 16.8689 14.1129 14.3795 13.9143 13.8329 13.8163 19.288 13.1385 16.5029 13.468 13.084 13.0083 20.4382 19.8805 34.5651 21.1672 19.7626 18.4615 31.1365 36.0868 25.5216 40.2794 25.454 25.2525 26.348 16.9182 29.4944 21.5584 21.5765 17.7665 19.2095 16.8169 20.5016 16.6337 16.9987 16.3623 20.453 16.1921 20.0547 23.9639 21.2178 18.051 16.3219 15.9982 20.8393 19.473 15.5199 14.941 19.3954 14.374 17.4146 14.2111 17.8319 13.8674 13.7541 13.6331 13.361 12.9114 18.3115 13.8904 12.9011 12.8387 12.5986 19.6973 14.5059 12.5355 12.3647 20.8664 17.8692 14.8839 12.0557 12.0046 11.8303 11.8158 11.768 17.8483 18.4242 14.0863 13.2051 18.0844 11.7292 11.6896 15.2634 25.3183 23.5698 17.0349
threshold=-0.12373552098870276 0.26558236777782446 -0.20960088074207303 0.071185123175382628 -0.065999493002891527 0.2559915035963059 0.29594162106513983 0.70260226726531994 0.22062706202268603 -0.51960524916648854 0.40983386337757116 0.49084715545177465 0.10864803194999696 0.30637295544147497 0.1670753359794617 -0.13922124356031415 -0.022587243467569348 0.023945228196680549 0.27414773404598242 0.30425573885440832 -0.059859152883291238 0.13365769386291507 0.41265815496444708 -0.16072762012481687 -0.36207790672779078 0.22382055222988131 0.40443611145019537 0.30192300677299505 -0.5366852581501006 0.026066672988235954 -0.015605248976498841 -0.26768492162227625 -0.092756621539592729 -1.0000000180025095e-35 0.15270767360925677 0.5816992223262788 0.068241078406572356 0.34831137955188757 1.0000000180025095e-35 0.34452423453330999 0.17748695611953738 0.40874977409839636 0.12323028594255449 -0.56088408827781666 1.0000000180025095e-35 -0.23618828505277631 0.24208211153745654 -0.19244085997343061 -0.21448864042758939 -0.34992301464080805 0.22494214028120044 0.12685234844684604 -0.022587243467569348 0.094485837966203703 0.19205302745103839 -0.44622801244258875 1.0700677633285525 0.066034600138664259 0.0043950851541012534 0.068268168717622771 0.48595485091209417 0.055483173578977592 0.007243750151246787 0.10915492847561838 0.045024262741208083 0.29893283545970922 0.02486233972012997 -0.15509989112615583 0.46955436468124395 0.1494323015213013 0.016041653230786327 0.32319253683090216 -0.085229709744453416 -0.063475668430328355 0.14866430312395099 -0.14905079454183576 -0.079786933958530412 -0.24662850797176358 0.080007690936326994 -0.19974241405725476 -0.072029445320367799 -0.11618202552199362 -0.12831858545541761 0.21241156756877902 0.10091109201312067 -0.061079544946551316 0.12257515639066698 0.20911728590726855 0.20224231481552127 0.050754312425851829 0.25791583955287939 0.036896020174026496 0.0195628060027957 -0.10422657430171965 -0.01684615388512611 -0.039480609819293015 0.1473544463515282 -0.077087521553039537 -0.22463172674179074 0.043347733095288284 0.082946043461561217 -0.1146838180720806 -0.36962680518627161 0.21850100159645083 -0.19680353254079816 0.27427011728286749 0.043117636814713485 -0.073409058153629289 0.090041447430849089 0.25257980823516851 -0.39772588014602656 0.096828646957874312 0.41692955791950231 -0.21154470741748807 0.056257899850606925 0.18516796827316287 -0.0084350872784852964 -0.29779940843582148 0.35690480470657354 -0.07135088741779326 0.082993045449256911 -0.17111969739198682 -0.037422742694616311 -0.12306709215044974 -0.46114358305931086 0.25142045319080358
decision_type=2 2 2 2 2 2 2 2 2 2 2 2 2 2 2 2 2 2 2 2 2 2 2 2 2 2 2 2 2 2 2 2 2 2 2 2 2 2 2 2 2 2 2 2 2 2 2 2 2 2 2 2 2 2 2 2 2 2 2 2 2 2 2 2 2 2 2 2 2 2 2 2 2 2 2 2 2 2 2 2 2 2 2 2 2 2 2 2 2 2 2 2 2 2 2 2 2 2 2 2 2 2 2 2 2 2 2 2 2 2 2 2 2 2 2 2 2 2 2 2 2 2 2 2 2 2
left_child=1 2 9 5 6 29 24 17 12 21 11 15 23 -14 -13 43 44 18 19 20 26 -1 51 -8 39 31 27 -5 -19 30 -4 34 33 -7 -26 36 37 -24 -25 40 -2 42 -38 -11 -17 -34 50 48 -33 -49 -47 56 53 54 91 -55 57 60 63 -60 61 62 71 86 -65 66 100 -67 -69 113 94 121 -73 97 87 77 89 -64 79 -79 -81 -80 -83 84 96 -86 -59 88 95 -77 -91 92 -53 -61 -71 120 -68 99 -99 -62 106 -31 -30 -104 -105 -51 107 -54 109 -108 -63 -97 -45 -70 117 116 -116 -78 119 -118 -75 -6 123 -123 -124 -126
right_child=4 -3 3 7 22 32 8 -9 -10 10 -12 14 13 -15 -16 16 -18 28 -20 -21 -22 -23 35 38 25 -27 -28 -29 102 101 -32 47 45 -35 -36 -37 41 -39 -40 -41 -42 -43 -44 112 -46 46 -48 49 -50 105 -52 52 65 55 -56 -57 -58 58 59 93 73 110 75 64 -66 67 83 68 69 70 -72 72 -74 74 -76 76 114 78 81 80 -82 82 -84 -85 85 -87 -88 -89 -90 90 -92 -93 -94 -95 -96 111 -98 98 -100 -101 -102 -103 103 104 -106 -107 108 -109 -110 -111 -112 -113 -114 -115 115 -117 118 -119 -120 -121 -122 122 124 -125 125 -127
leaf_value=-0.00051845740433174349 -0.017105461075626962 0.022739224824506746 0.014023826971460315 0.0099935214104186383 -0.0025972269538511493 -0.0065270737727756087 -0.00089002238565944077 0.01467708187019816 0.0085229721461262745 0.010256432665383697 -0.0080517316696392793 0.029151135359853496 0.015951912983058914 -0.014046866496401356 0.0067539434464769692 0.0072128286932156022 -0.0026337610391999372 0.0073835597794192935 -0.020548720314613377 0.0028375037726376994 -0.017133198737398225 0.018827576997859002 -0.0035775411238780407 -0.011465720244516409 0.0029135586199156753 0.012486564380919139 -0.01425252881853094 -0.010064851590536572 0.0058100191439595088 0.021979061882570552 -0.011893383783751085 -0.0040813558030604507 0.0059710329553806256 0.0225486079209237 -0.013761718584305733 0.011266892731099255 0.0038947109049647082 -0.017467699311945698 -0.027364888511924822 -0.024179541202471955 0.0067426195884353387 0.0095296007745352754 -0.0079451541842106184 -0.0030850716990820475 0.023291982189728222 -0.013538437724432882 0.0086789562397539075 0.0095328096812397154 -0.024969885381089935 -0.0021843006160264739 0.0031491709432540705 0.012500921429154101 -0.014284140370852877 0.011319362142514748 -0.0081261646261303194 -0.00053372935058013723 -0.017382267040074586 -0.020392109407821147 -0.0058498117413408272 0.023475027436807846 0.0049888021356120325 0.0042869197755935106 -0.01085700794891788 0.011047800978316457 -0.011987157339162632 -0.010563204330521646 0.013340513099500439 0.017742323384649861 0.021308269559124789 0.0020710965428226017 0.0068706968336173704 0.0052275403712901056 -0.014252785950982949 -0.018777093590124215 0.0030536041784764881 -0.012604462458510107 0.011210898182670351 -0.0018366468952355013 -0.014634344137125346 0.02053917411974918 0.00019715789848364141 -0.011739015119415701 0.0040720284501375029 -0.02036698800714053 -0.00019026475508100976 -0.024224562240253728 -0.004223212323574266 -0.01632219427584853 0.0055600015342704909 0.0054446129621417991 -0.014869927434095568 0.017262412703393414 -0.0051785239302235423 0.0052120530511139034 -0.017341598430958786 0.0053127681668115635 -0.0051223166133797116 0.023089323804925378 0.00019769133534217382 -0.016253364703169862 -0.0062219715049955607 0.0055609048084062224 0.0034741475182534136 -0.0033893178543292729 -0.020136297435074276 -0.013179154192118644 0.022707039514102162 0.0036082878832540506 0.00097077659987125739 0.004376288546969506 0.022166645193577018 -0.013043935216615392 -0.019673326366750035 0.0051763808941679961 -0.007468129517947503 -0.016643530416789301 0.011995552074572849 -0.00027619263679300703 0.016728417741153589 -0.0063941985945684269 -0.0038351397091776532 -0.0016143469842226704 -0.0074128685146248622 0.012171755496073914 0.0051074051566036135 -0.012536868721725106
leaf_weight=296 253 264 518 495 1135 341 289 278 263 250 790 322 259 329 354 885 629 934 411 1100 868 709 654 529 3979 473 420 340 512 510 404 498 531 350 255 260 658 716 510 256 267 389 1453 794 329 998 298 419 255 14599 258 788 434 827 438 3464 298 927 1099 323 291 256 399 415 465 410 278 538 259 253 519 434 527 699 703 1398 564 609 349 779 325 340 1876 444 251 376 376 788 524 545 282 1206 368 442 430 419 454 252 404 251 913 372 567 442 489 475 404 855 1271 392 510 250 252 930 1349 430 368 2896 269 660 359 803 879 2203 5366 251
leaf_count=296 253 264 518 495 1135 341 289 278 263 250 790 322 259 329 354 885 629 934 411 1100 868 709 654 529 3979 473 420 340 512 510 404 498 531 350 255 260 658 716 510 256 267 389 1453 794 329 998 298 419 255 14599 258 788 434 827 438 3464 298 927 1099 323 291 256 399 415 465 410 278 538 259 253 519 434 527 699 703 1398 564 609 349 779 325 340 1876 444 251 376 376 788 524 545 282 1206 368 442 430 419 454 252 404 251 913 372 567 442 489 475 404 855 1271 392 510 250 252 930 1349 430 368 2896 269 660 359 803 879 2203 5366 251
internal_value=-0.000284892 0.00155214 0.00121936 -0.000471788 -0.000684696 0.00319692 -0.0023439 -0.002928 -0.00851032 0.00467172 0.00282448 0.00508902 -0.0108805 -0.000782211 0.0174872 0.0024004 0.00673277 -0.00368257 -0.00681508 -0.00504373 -0.00914322 0.0130864 2.66827e-05 -0.015328 -0.00172338 -0.00136696 -0.00358088 0.00177269 0.000173496 0.00874958 0.00263387 -0.0016899 -0.000401087 0.00815257 0.00189348 -0.0041458 -0.00519785 -0.0108655 -0.0193207 -0.0112747 -0.00482273 -0.00207437 -0.00423563 -0.00373602 0.0116183 -0.00325938 -0.00644274 -0.0026261 -0.011225 -0.00220472 -0.0100736 0.000361537 0.00190651 0.00461094 0.00898462 0.0017478 -0.000364191 -0.000216402 -0.00445117 0.00186205 0.00034027 0.00118242 0.000719607 -0.00985756 -0.00109451 -0.000127917 -0.00222878 0.00368084 0.00569506 0.00295983 -0.0027344 0.00300994 -0.00541431 -0.00404999 -0.00624307 -0.00125479 -0.00295708 0.00192603 0.00313222 0.00871749 0.0145747 -0.000587396 0.00162017 -0.0093785 -0.00574908 -0.0146528 -0.0157502 -0.00840803 -0.00561426 -0.00848013 -0.00146996 0.0121819 0.00684359 0.0129801 -0.0100928 -0.0090284 0.00185011 0.00276424 0.00906635 -0.00479026 0.000785324 0.0150988 -0.00316266 -0.00626001 -0.0122284 -0.00253465 0.00270554 -0.00239838 0.00590592 0.0137314 0.0162231 -0.00152643 -0.00713604 0.00873895 -0.00107032 -0.0040738 -0.00200909 0.00159132 0.0036462 0.000171259 -0.0137394 0.00377562 0.00454126 0.00847533 0.00271423 0.00430738
internal_weight=96937 17310 17046 11436 79627 4580 23908 6856 2179 5610 4605 3815 1916 588 676 3139 1843 6578 3634 3223 2123 1005 55719 1328 21729 20953 1255 835 2944 1804 922 20480 2776 691 4234 4130 3870 1370 1039 776 520 2500 2111 1296 1214 2085 1554 16246 753 15493 1256 51589 16502 7091 2800 4291 35087 34789 4047 1864 30742 25802 25036 2183 880 9411 6072 3339 2929 2391 1202 11598 961 4940 3742 13438 8761 4677 4278 1713 1104 2565 2216 1803 1359 627 1303 3039 2251 2225 827 2362 1156 765 683 1727 732 1198 656 542 4269 882 2010 1498 931 15074 3356 1289 2067 796 766 669 1046 1189 6536 3076 2646 3460 1297 1028 1058 10637 9502 3006 6496 5617
internal_count=96937 17310 17046 11436 79627 4580 23908 6856 2179 5610 4605 3815 1916 588 676 3139 1843 6578 3634 3223 2123 1005 55719 1328 21729 20953 1255 835 2944 1804 922 20480 2776 691 4234 4130 3870 1370 1039 776 520 2500 2111 1296 1214 2085 1554 16246 753 15493 1256 51589 16502 7091 2800 4291 35087 34789 4047 1864 30742 25802 25036 2183 880 9411 6072 3339 2929 2391 1202 11598 961 4940 3742 13438 8761 4677 4278 1713 1104 2565 2216 1803 1359 627 1303 3039 2251 2225 827 2362 1156 765 683 1727 732 1198 656 542 4269 882 2010 1498 931 15074 3356 1289 2067 796 766 669 1046 1189 6536 3076 2646 3460 1297 1028 1058 10637 9502 3006 6496 5617
is_linear=0
shrinkage=0.0667171


Tree=32
num_leaves=127
num_cat=0
split_feature=22 73 33 61 21 97 73 18 0 18 17 201 21 164 201 10 18 33 33 19 15 10 80 19 97 14 95 105 15 82 152 79 21 19 97 62 17 17 17 105 61 11 11 15 12 33 11 10 18 62 19 10 14 103 17 19 104 62 19 80 14 19 18 99 152 19 201 97 18 33 18 17 17 17 12 3 17 17 17 99 16 201 97 12 18 74 17 18 73 18 14 95 12 21 99 159 18 12 95 95 11 21 36 3 11 18 105 33 19 102 18 19 73 97 24 105 46 70 21 95 73 74 3 73 182 18
split_gain=18.6106 14.7712 17.9995 25.7856 16.168 21.058 17.3874 31.1288 26.424 23.9833 23.516 19.0725 17.832 23.7467 21.007 17.4471 21.7678 17.1181 17.0548 16.9761 16.7445 15.3083 18.9358 16.0739 16.0678 23.5028 14.69 14.6015 17.6226 14.5286 14.494 14.1962 13.7571 17.9897 14.3512 13.1737 17.2291 12.9145 29.3404 25.551 27.6553 23.2175 31.3731 26.5551 16.1285 19.2137 15.6099 16.9741 12.7384 12.3253 15.3304 18.9215 13.2 12.2691 12.2594 11.9878 12.4412 12.2813 21.5039 14.905 24.2749 21.8164 18.0415 31.2827 29.9655 25.1052 23.7486 20.1839 17.2901 25.9078 27.7591 19.8032 22.1528 19.0653 22.1811 17.9478 17.4715 24.8774 23.2491 17.6796 23.9354 18.1664 17.586 17.9005 16.3996 15.9709 15.8379 15.8789 32.1576 19.7464 41.6074 26.9384 21.4761 18.7668 16.7119 15.6348 15.1117 18.6299 31.5016 22.5195 23.0086 28.5887 15.9283 14.9402 14.7986 14.7814 15.4531 13.7909 13.6393 13.4979 20.47 13.2266 15.9485 13.3626 13.1171 13.05 12.7042 12.5898 22.5438 26.2346 21.0497 12.5495 12.3018 13.6691 12.1738 11.9868
threshold=-0.13172751665115354 -1.459288418292999 -0.57822018861770619 2.4380531311035161 -0.8120717704296111 1.3045906424522402 0.04192838445305825 0.28960612416267401 -0.22585227340459821 0.30457496643066412 0.42679946124553686 -0.70569306612014759 0.11550081521272661 0.16576843708753589 -0.17087798565626142 0.22391648590564731 0.46293655037879949 -0.2546649277210235 0.61248496174812328 0.10368935018777849 0.45693077147006994 -0.22061795741319654 -0.17311527580022809 0.12272351235151292 -0.23484210669994351 -0.12052827328443526 0.15283076465129855 -0.075136903673410402 -0.092300001531839357 -0.06535711511969565 0.50202658772468578 -0.0027644690126180644 0.21566394716501239 0.081120450049638762 -0.0061677671037614337 0.15299684554338458 -0.15226145088672635 0.052132019773125655 -0.0081613573711365444 0.12612528353929522 -0.10303413495421408 -0.26958787441253657 -0.01975277159363031 -0.047453846782445901 0.33571837842464453 -0.064899899065494523 -0.15382686257362363 -0.041515843942761414 0.13006787747144702 -0.14668769389390943 -0.17318242788314817 -0.23089163750410077 0.75106397271156322 0.062313776463270194 -0.11807003617286681 -0.27704542875289911 -0.0049400932621210805 -0.099369082599878297 -0.071751996874809251 -0.052110528573393815 0.34226934611797338 -0.048940237611532204 -0.28176027536392206 1.0124221444129946 -0.10830013081431387 0.12272351235151292 -0.70569306612014759 -0.018253165297210213 0.048116011545062072 -0.3845884501934051 0.059295460581779487 0.48400086164474493 0.43143740296363836 0.5552240014076234 0.48140239715576177 -0.45529152452945704 0.54558855295181286 0.14967282861471179 0.21327389031648639 0.54189756512641918 -0.34353408217430109 -0.037699142470955842 -0.15964815765619275 -0.12993131577968595 -0.36954462528228754 0.36561681330204016 -0.35115408897399897 -1.0000000180025095e-35 -0.039645113050937646 -0.14361403882503507 0.30953125655651098 0.32234054803848272 -0.2180824279785156 0.0065285481978207835 0.427780032157898 -1.0000000180025095e-35 -0.58566099405288685 0.115283340215683 0.16363686323165896 -0.23023764789104459 0.088571086525917067 -0.040453506633639329 0.28521126508712774 -0.44795000553131098 0.14321045577526095 -0.048758670687675469 0.036663709208369262 -0.097257934510707841 0.46638567745685583 0.03847645781934262 0.010823292657732965 0.19541774690151217 -0.49308227002620691 0.50791862607002269 -0.090479265898466096 0.030224076472222808 0.21604339033365252 -0.014574455097317694 -0.1258955970406532 0.20584442466497424 -0.075168464332818971 0.030361820012331012 0.38928070664405828 -0.20821313560009 -0.045548135414719575 0.059295460581779487
decision_type=2 2 2 2 2 2 2 2 2 2 2 2 2 2 2 2 2 2 2 2 2 2 2 2 2 2 2 2 2 2 2 2 2 2 2 2 2 2 2 2 2 2 2 2 2 2 2 2 2 2 2 2 2 2 2 2 2 2 2 2 2 2 2 2 2 2 2 2 2 2 2 2 2 2 2 2 2 2 2 2 2 2 2 2 2 2 2 2 2 2 2 2 2 2 2 2 2 2 2 2 2 2 2 2 2 2 2 2 2 2 2 2 2 2 2 2 2 2 2 2 2 2 2 2 2 2
left_child=-1 -2 3 -3 26 6 7 21 9 -9 17 20 18 14 31 19 -17 -10 37 -11 -8 24 23 -23 -6 -26 -4 29 -29 -16 55 35 33 34 48 -14 -37 38 41 40 -40 -13 46 -44 45 54 53 -48 -30 -39 125 -52 -53 -43 -45 56 -24 58 -57 60 96 -62 63 64 66 104 -61 -67 71 -70 -71 72 86 74 -73 -72 77 79 -79 80 -77 -82 -80 116 111 107 -64 89 95 90 92 -92 121 117 -94 -89 -59 99 -99 -98 101 102 -101 -63 -66 106 -60 -83 114 -75 -111 -68 113 -113 -69 -103 -84 118 119 -91 122 -88 123 -119 -107 -51
right_child=1 2 4 -5 5 -7 11 8 10 15 -12 12 13 -15 27 16 -18 -19 -20 -21 -22 22 30 -25 25 -27 -28 28 32 -31 -32 -33 -34 -35 -36 36 -38 49 39 -41 -42 42 43 44 -46 -47 47 -49 -50 50 51 52 -54 -55 -56 57 -58 59 105 62 61 103 68 -65 65 67 84 108 69 70 75 73 -74 109 -76 76 -78 78 82 -81 81 85 83 -85 -86 -87 87 88 -90 93 91 -93 94 -95 -96 -97 97 98 -100 100 -102 115 -104 -105 -106 124 -108 -109 -110 110 -112 112 -114 -115 -116 -117 -118 120 -120 -121 -122 -123 -124 -125 -126 -127
leaf_value=0.0016432102814625824 0.012493417231304317 -0.023117269068462905 -0.019455831750994818 0.00058484813305434034 0.017997727409062553 0.014581787361930172 -0.021175328114989119 0.018840110676580868 0.016292334290810135 -0.017128688839333817 0.031136416234959829 0.012761813499659089 0.0053867343432302608 -0.0083582370708965535 -0.0024782938050977791 0.017597993755793257 -0.0063703657254418492 -0.00094547831348511246 -0.017550545912696832 0.0035767246135780984 0.00030621358705097831 -0.010742896602466839 -6.8963533418986712e-05 0.003553417114760355 -0.0096274665700588988 0.011197732214650371 -0.0019815275211832579 -0.018255053590252653 -0.0029101749446663813 0.011644706717703016 -0.015814369207793715 0.011975230819657989 -0.0035241166849449231 0.010865588581990064 -0.015563606238154701 0.0057780923032596165 -0.018296274171348648 -0.008919115910150455 0.0057524481483388215 -0.030392088919378536 -0.013429088403695517 0.0026685177682354258 0.018897853567421248 0.0021855006971142621 -0.014456328587435877 -0.006255716244335921 -0.025246835841228873 -0.0057257795752815128 0.00877898523269347 0.013201238710871938 0.014888926641755703 -0.003276082632006056 0.010912700651505947 -0.014560255545047297 0.018121442572401465 0.0093601790023727857 -0.016623252680227511 -0.020578828785330138 0.011910916514871535 -0.010283844304103142 0.019080971562169473 0.008980108476172189 -0.011894122088880112 -0.018059358609292905 0.023559045541462011 -0.018363913467047282 0.020667621190602364 -0.00058157347668635385 0.016738678605028926 0.014571495250316336 0.013060004615051437 -0.020748484501785062 0.016170601113725314 0.00059646528489640932 0.0021410390560747182 0.020742143523365026 0.0081481777934423443 -0.025518616252345486 -0.019583326445311883 -0.0076679675004545991 0.0069271524882995907 -0.010305049370914404 0.017327033729773785 -0.010061545498377223 0.020717307237024921 0.012749052691153322 0.0087669209698140061 0.011460358174328734 -0.02122573485357826 0.019558426713635425 0.01237099688400412 -0.010808965491264392 -0.012527229694130334 0.0092410848469192258 0.0044960403713830257 -0.0059379648539765514 -0.023570562599805316 0.018325091797216225 -0.0068139846183129646 -0.0037456275102550683 -0.016447766674501391 0.018842679168054287 -0.020603637337219087 -0.010305586583081011 0.0019950817729609866 -0.021211091509995231 -0.0050782375499324548 0.00026379932805930655 -0.0065452579333645598 -0.016350075730735616 0.0016527768835135478 0.0077425016510620937 0.0024718673734267071 0.026732242073042495 0.017754817871576491 0.0011492728629280751 -0.0013203281321054066 0.0080663216226928378 -0.0076707748685308341 -0.0039402934663521896 0.0095883605277235027 -0.0087219104073987513 -0.017633231211042898 -0.0097696852481637814 -0.0004583506021693413 -0.0011435155386869834
leaf_weight=19657 375 383 380 426 395 406 418 283 617 466 275 424 1721 1324 546 330 336 429 361 276 255 1370 421 463 426 546 495 276 1165 778 259 1053 4353 805 256 250 271 764 440 278 1340 469 320 684 359 878 487 341 639 630 295 4722 307 296 314 1639 391 281 458 271 352 336 567 284 251 368 320 531 482 613 434 676 339 1590 255 290 857 297 305 961 1440 971 254 617 542 269 507 339 470 583 1019 281 1940 1684 290 697 326 382 518 1181 622 315 316 374 327 254 487 1245 958 672 474 487 1621 253 252 454 432 297 409 325 402 280 393 519 251 430
leaf_count=19657 375 383 380 426 395 406 418 283 617 466 275 424 1721 1324 546 330 336 429 361 276 255 1370 421 463 426 546 495 276 1165 778 259 1053 4353 805 256 250 271 764 440 278 1340 469 320 684 359 878 487 341 639 630 295 4722 307 296 314 1639 391 281 458 271 352 336 567 284 251 368 320 531 482 613 434 676 339 1590 255 290 857 297 305 961 1440 971 254 617 542 269 507 339 470 583 1019 281 1940 1684 290 697 326 382 518 1181 622 315 316 374 327 254 487 1245 958 672 474 487 1621 253 252 454 432 297 409 325 402 280 393 519 251 430
internal_value=-0.000189572 -0.000655005 -0.00071975 -0.010602 -0.00061424 -0.000509089 -0.000591635 0.0001971 0.00675444 0.0012128 0.0138194 -0.00189858 -0.00162613 0.000111702 0.00104175 -0.0023334 0.00545483 0.00919911 -0.00327989 -0.00937214 -0.0129762 -0.000253803 -0.000478717 -0.00710616 0.00668542 0.00203794 -0.00961678 -0.000653117 -0.00179788 0.0057917 -0.000178013 0.00558565 -0.00115902 0.00242256 -0.000865724 0.00256555 -0.0066742 -0.00290119 -0.00502261 -0.011636 -0.00866441 -0.00203585 -0.00356218 0.00100583 -0.0015545 0.000908491 -0.0109042 -0.0172554 0.00121561 -0.000928252 2.57194e-05 -0.00142782 -0.00239823 -0.0039807 0.00724789 -7.58299e-05 -0.00808476 8.84629e-05 0.00412583 -0.000253491 -0.00346781 0.00555508 0.000312538 0.00344705 0.00444773 -0.000836074 0.00852023 -0.00422472 -0.00051427 0.00171616 0.000903125 -0.00192358 -0.000542266 -0.00618453 -0.0144286 -9.72326e-05 -0.000824334 -0.00191737 -0.00843089 0.00047542 0.00234368 0.000966062 -0.00523288 -0.00182255 0.0101215 -0.00247806 -0.00106331 -0.000469383 -0.00680115 0.000596243 -0.00264094 0.00731187 -0.00694471 0.00363377 -0.0102901 -0.000206723 -0.00565888 -0.00462318 0.00382416 -0.00700113 -0.00510601 -0.00196661 -0.00734285 -0.00112147 0.0114296 -0.00176738 0.00312048 -0.00435498 -0.00120198 -0.00336159 -0.00887332 0.00795621 0.00620412 0.0143094 0.00529538 0.00844861 0.00555002 0.00039519 0.00523668 0.0111029 -0.00354557 0.00248037 -0.00795588 -0.00323471 -0.0109688 0.00734654
internal_weight=97140 77483 77108 809 76299 75424 75018 46769 3012 1691 1321 28249 27576 13437 12113 1408 666 1046 14139 742 673 43757 42390 1833 1367 972 875 8818 7494 1324 40557 3295 7218 2865 2060 2242 521 13778 6630 2058 1780 4572 4148 2555 2235 1876 1593 828 1804 7148 6384 5324 5029 765 998 40298 812 39486 3089 36397 5457 1062 30940 6465 6181 2687 3494 2109 24475 9467 8985 15008 11341 3667 931 8372 7938 7081 1905 5176 4215 3925 1608 1303 3223 2485 11002 10435 1506 8929 4317 1300 3017 4612 2230 1036 4395 4114 900 3214 2888 2266 1497 710 578 1450 945 2216 1741 2736 1146 2681 2361 740 783 769 686 2928 1317 908 1611 787 1209 816 505 1060
internal_count=97140 77483 77108 809 76299 75424 75018 46769 3012 1691 1321 28249 27576 13437 12113 1408 666 1046 14139 742 673 43757 42390 1833 1367 972 875 8818 7494 1324 40557 3295 7218 2865 2060 2242 521 13778 6630 2058 1780 4572 4148 2555 2235 1876 1593 828 1804 7148 6384 5324 5029 765 998 40298 812 39486 3089 36397 5457 1062 30940 6465 6181 2687 3494 2109 24475 9467 8985 15008 11341 3667 931 8372 7938 7081 1905 5176 4215 3925 1608 1303 3223 2485 11002 10435 1506 8929 4317 1300 3017 4612 2230 1036 4395 4114 900 3214 2888 2266 1497 710 578 1450 945 2216 1741 2736 1146 2681 2361 740 783 769 686 2928 1317 908 1611 787 1209 816 505 1060
is_linear=0
shrinkage=0.0667171


Tree=33
num_leaves=127
num_cat=0
split_feature=30 73 10 80 16 21 153 36 183 62 96 99 9 16 99 17 74 103 21 73 182 80 21 15 4 5 14 14 12 21 73 153 17 4 12 15 62 12 17 17 104 200 17 149 201 105 14 73 104 95 11 13 198 12 95 0 103 21 17 95 198 73 96 21 10 10 11 95 79 99 11 12 17 104 24 73 15 82 5 73 170 99 74 73 73 1 19 5 19 17 96 14 79 153 17 80 97 152 17 80 84 21 74 73 17 99 62 95 97 19 17 73 158 17 19 96 17 73 104 11 21 10 201 11 21 96
split_gain=15.9594 11.9434 16.8802 16.2676 15.2696 12.8927 15.4394 14.0399 29.1354 21.009 11.7059 15.9084 12.8897 17.4346 17.2073 12.0103 11.5367 11.3352 11.2405 15.4814 15.3822 17.8174 17.4803 15.072 16.2371 20.7515 13.2102 18.4232 13.8692 15.3185 14.3127 13.0938 17.0289 17.7643 11.7716 18.3249 21.7773 16.1432 12.2708 18.5986 11.7712 11.2 11.5412 11.0084 11.0067 10.6512 13.9468 12.1005 10.394 10.3707 9.99465 15.7431 17.5379 20.1169 14.7273 23.5907 13.5947 13.5446 14.3467 11.4693 11.3536 13.0653 20.3313 15.5709 14.5658 11.8292 13.0164 11.2141 11.0399 11.0186 10.2551 13.1195 9.90424 21.0523 17.1428 10.0102 9.87292 9.8494 9.61911 9.35703 9.89863 9.1801 8.90698 11.2216 13.8174 10.6373 8.89188 8.84811 8.81133 14.2946 11.3116 10.5022 8.78674 8.75077 8.68966 14.0344 8.67765 10.3703 9.42183 9.86795 8.65205 8.62277 12.9049 10.0414 8.60417 8.4858 10.9856 10.6911 16.2727 11.0431 18.9206 18.8005 12.6506 10.3626 10.1082 10.0874 9.97046 9.43603 17.9074 15.4728 14.8351 14.5707 14.5035 15.0886 12.2958 17.5992
threshold=-0.048393145203590386 0.04192838445305825 -0.2183503061532974 -0.17311527580022809 0.11529827490448953 -0.8120717704296111 -1.3470080494880674 -0.37676055729389185 -0.15776885300874707 0.48633018136024481 0.84124502539634716 1.0124221444129946 0.91578730940818798 0.19535326957702639 -0.026441670022904869 -0.24469691514968869 0.20875333994627002 -0.84977966547012318 0.12104731053113939 0.78316995501518261 -0.25490930676460261 0.18414066731929782 0.6323034167289735 -0.22539231181144712 -0.49624775350093836 1.0000000180025095e-35 -0.072909224778413759 0.022328869439661506 -0.16542072594165799 -0.13963784277439115 0.11596848443150522 0.081744063645601286 0.42147839069366461 -0.020373876206576821 -0.11302232369780539 0.10154615715146066 0.14879074692726138 -0.17224957048892972 -0.084669589996337877 0.023584885522723201 0.08083409816026689 -0.095244631171226488 0.17850723117589953 -1.2031362056732176 -0.79099115729331959 -0.19233492016792295 -0.049843749031424515 -0.012017490342259405 0.036343745887279517 0.044062115252017982 -0.13001882284879682 -0.01108243642374873 -0.14635495841503141 -0.14710360765457151 -0.22115870565176007 -0.29119317233562464 -0.1068313457071781 0.19706688821315768 0.57230171561241161 0.024262282066047195 -0.19465511292219159 -0.091502938419580446 -0.057953242212533944 0.09657748788595201 0.5351586937904359 0.12419496476650239 0.068302892148494734 -0.12674643844366071 -0.2474287152290344 0.012428280431777241 -0.026862632483243939 -0.22946193069219586 0.42460630834102636 0.073845230042934432 0.55698326230049144 0.075226277112960829 -0.047453846782445901 0.11954039335250856 1.0000000180025095e-35 0.059581391513347633 0.52905923128128063 0.085475880652666106 -0.20091984421014783 -0.080649826675653444 -0.064527634531259523 -0.16335227340459821 0.021033186465501789 -0.37499999999999994 -0.079188324511051164 1.0000000180025095e-35 -0.056150848045945161 -0.075885418802499757 0.018598487600684169 -0.087253071367740617 -0.34033221006393427 0.31871511042118078 0.072904165834188475 -0.08549292758107184 1.0000000180025095e-35 0.25201548635959631 -0.024993912316858765 -0.15040130913257596 -0.1058509200811386 -0.043442456051707261 -0.076759904623031602 0.19294946640729907 0.15720294415950778 -0.059075988829135888 0.08423143252730371 0.4019292443990708 -0.38009636104106898 0.047622973099350936 0.060504769906401641 -0.075142014771699892 -0.013068219646811484 0.36847984790802008 -0.34033221006393427 0.079838301986455931 -0.081422664225101457 0.090913869440555586 0.34143556654453283 0.010126982349902393 -0.20413190126419065 0.33669033646583563 0.031650897115468986 -0.10468195006251334
decision_type=2 2 2 2 2 2 2 2 2 2 2 2 2 2 2 2 2 2 2 2 2 2 2 2 2 2 2 2 2 2 2 2 2 2 2 2 2 2 2 2 2 2 2 2 2 2 2 2 2 2 2 2 2 2 2 2 2 2 2 2 2 2 2 2 2 2 2 2 2 2 2 2 2 2 2 2 2 2 2 2 2 2 2 2 2 2 2 2 2 2 2 2 2 2 2 2 2 2 2 2 2 2 2 2 2 2 2 2 2 2 2 2 2 2 2 2 2 2 2 2 2 2 2 2 2 2
left_child=17 2 4 45 -2 6 -5 8 9 -7 11 12 13 50 -15 94 -17 79 23 20 22 34 -20 -3 25 -25 31 81 -29 30 93 40 33 48 37 38 41 76 -36 -40 -26 42 78 -19 -45 -4 -47 -48 -33 -11 51 52 56 -54 55 60 -9 58 68 67 96 62 -62 69 -64 66 -65 -60 -56 -63 71 -70 73 75 -74 -31 -22 -10 -37 80 -1 -28 -55 85 -85 -84 -67 -71 90 104 -89 -91 -75 -30 -16 -96 98 -98 99 -52 -27 102 -58 -103 -90 106 115 108 113 110 -110 -112 116 -107 -108 117 -111 120 119 124 121 -46 -120 -124 -119 -126
right_child=1 18 3 5 -6 7 -8 10 77 49 -12 -13 -14 14 15 16 -18 43 19 -21 21 -23 -24 24 26 100 27 28 29 72 -32 32 -34 -35 35 36 -38 -39 39 -41 -42 -43 -44 44 105 46 47 -49 -50 -51 54 -53 53 82 57 -57 101 -59 59 -61 61 63 64 65 -66 86 -68 -69 70 87 -72 -73 74 92 -76 -77 -78 -79 -80 -81 -82 -83 83 84 -86 -87 -88 88 89 91 -92 -93 -94 -95 95 -97 97 -99 -100 -101 -102 103 -104 -105 -106 107 114 -109 109 112 111 -113 -114 -115 -116 -117 -118 118 122 -121 -122 -123 123 -125 125 -127
leaf_value=-0.0060761548235700501 0.011910515951352773 0.0042928654950618837 0.0049923000061463238 0.0039746465933525434 -0.0051337151488726101 0.019016799854772178 -0.014730003050285235 0.00040914198684945672 -0.010645459950214672 0.0087244553784380906 0.013056153761656045 -0.016004501203993222 0.011105133868216809 -0.012487479321354546 0.00016418511375555764 0.00095700737018934788 -0.010734238093379839 0.01453225028418818 0.0083213208960554487 -0.012191960524384461 -0.0038863746542628528 -0.010267532179926545 -0.010274374924519608 -0.0048128413864078892 0.013472834035703023 0.020872603567572683 -0.014205703624266715 -0.018210302505300067 -0.0071936670267603109 -0.010931037635678388 0.0017169145555465649 0.0082559973657163298 0.0063196062665053536 -0.016961755863475234 0.022375271177028581 0.015915666936900746 -0.017278290996785239 -0.0092897585720636191 -0.008012079906722383 0.016254451188997578 -0.0021206176534258958 -0.0011737948479738313 -0.0019968869131732738 -0.0078603389210979736 -0.001434281853722135 0.002187087034377636 -0.018223451508806918 -0.0010417253830773941 -0.0065268911602222876 -0.0076962521433035077 0.0064901328678584128 0.014940398215348108 -0.011451052129277169 0.0040199086489277431 -0.00053384744416901673 -0.012992003361968193 -0.0088374397753644557 -0.0082796231192377411 -0.0085158617552880608 -0.015639879097381508 -0.0064162254269326353 0.00059242547088987944 0.015566225305578716 0.015623558380031316 -0.0013921117410085088 -0.013503097636643365 -0.00042223945232147518 0.010034019879624625 -0.00095924400947799407 -0.017960289969012305 0.0041822370248364516 0.012960895555524179 0.01306254315773118 -0.0059566505397158969 -0.0045299314769104201 0.0023106871716187965 0.013392208628537869 0.0038664727859224215 0.0018616746767795406 -0.014668633730373961 0.0094400665776262233 -0.0018055271134494563 0.0036767621496901848 0.013940054598536634 -0.00043458189975784973 -0.01074076413730558 0.0018894434766128926 -0.0066823742676205139 -0.0090814415195400334 -0.025757704491115571 0.01003999323717864 -0.0073956495595493381 -0.019503398204755985 -0.023185482376065384 -0.021575978671005653 -0.0012083120442288858 0.0067261834496365755 -0.012313456965695749 0.0021462724904373954 0.022680169848117555 0.0037111335017233986 0.0050773795222567673 -0.025443821533798802 -0.010023435956399809 0.0060588137105010154 0.018995468794722536 0.0023201859526921758 0.0064760806225487404 -0.020205977194337751 0.009104990420396409 0.0017686653694041477 -0.013575291425435858 0.014475604990695532 0.0038002677224509961 -0.0098912796372114253 -0.0095032207440409154 -0.0043484699192436072 0.0081303707762806227 0.0076334379265567878 0.013085091407807772 -0.015984005181088161 0.0033220554700381616 0.00082428780567041866 -0.0090166022209942666 0.0093756237334016463 -0.010970010435615532
leaf_weight=651 907 1004 260 295 309 710 561 1055 504 481 286 286 433 873 304 3098 424 268 1536 483 308 861 259 648 423 283 1640 307 265 299 258 292 514 574 262 549 310 1215 261 295 427 3482 525 605 8163 322 702 250 737 260 437 254 611 2804 1233 630 1195 414 275 262 505 993 672 461 331 257 427 299 365 326 3323 1573 478 466 499 1591 273 346 365 344 250 323 313 338 2302 788 456 476 410 305 285 264 406 381 376 254 250 251 762 278 250 359 254 420 275 322 469 2742 260 373 1783 440 379 537 816 402 700 969 1167 1147 253 4413 5180 797 305 484
leaf_count=651 907 1004 260 295 309 710 561 1055 504 481 286 286 433 873 304 3098 424 268 1536 483 308 861 259 648 423 283 1640 307 265 299 258 292 514 574 262 549 310 1215 261 295 427 3482 525 605 8163 322 702 250 737 260 437 254 611 2804 1233 630 1195 414 275 262 505 993 672 461 331 257 427 299 365 326 3323 1573 478 466 499 1591 273 346 365 344 250 323 313 338 2302 788 456 476 410 305 285 264 406 381 376 254 250 251 762 278 250 359 254 420 275 322 469 2742 260 373 1783 440 379 537 816 402 700 969 1167 1147 253 4413 5180 797 305 484
internal_value=-0.000259502 -0.000891576 -0.000189742 -0.000435003 0.00753798 -0.000154712 -0.00823227 3.62679e-05 0.00507628 0.0108242 -0.000305931 -0.000421745 -0.000285676 -0.000437724 -0.00392953 -0.00224176 -0.000447175 0.000899098 -0.0020998 -0.000552137 -1.10537e-05 -0.00117366 0.00560406 -0.00350594 -0.00421801 0.00314921 -0.00510302 -0.00670214 -0.00452128 -0.00360131 -0.0113867 -0.00136571 -0.00418012 -0.00757603 -0.000169058 0.00123479 -0.000211427 -0.00491111 0.0105029 0.00481819 0.00560019 0.000863811 0.00581306 0.00113598 0.00102426 -0.00716065 -0.00968221 -0.0137404 -0.00229384 0.0029189 0.000238244 -0.00135436 -0.00175738 9.01864e-05 0.00125431 -0.000569722 -0.00579273 0.00339034 0.00405705 -0.00413304 0.000358519 -0.00099437 0.00442623 -0.00265922 0.00993038 0.00273003 0.00787367 0.00107945 0.0051183 -0.00525854 0.00645015 0.0103166 -0.00170522 -0.00375217 0.00404312 0.000185777 0.00417232 -0.00468736 0.0103413 -0.00533729 -0.00172355 -0.0121776 0.00117647 -0.000946373 0.0014018 -0.0066015 -0.00362257 -0.00775622 -0.00607617 -0.00950797 -0.000372145 -0.0173136 -0.0123113 -0.0166893 -0.008957 -0.0134213 0.00477905 -0.002738 0.0073579 0.012856 0.0128912 -0.00874632 -0.0117952 -0.00303028 -0.00295996 0.0011933 0.000590782 0.00315234 0.00124329 -0.00056562 -0.00327464 -0.0012641 0.00404033 0.00954808 -0.00540318 0.000923543 0.000309463 0.00110916 0.00263993 0.00705559 -8.74404e-05 0.00023234 0.000838677 -0.000484882 0.00309785 -0.00304709
internal_weight=96997 62778 39729 38513 1216 36979 856 36123 2301 1451 33822 33536 33250 32817 5329 4456 3522 34219 23049 10984 10501 8706 1795 12065 11061 1181 9880 6913 4950 4643 904 2967 2117 1603 7845 6049 5231 1796 818 556 850 4921 1439 32974 32706 1534 1274 952 1029 741 27488 10693 10439 7156 16795 9051 3283 7744 7330 836 8421 6443 1508 4935 1003 1601 888 574 6494 3334 5261 1938 3739 2762 977 1890 581 850 914 1245 901 1963 6545 3741 2640 1101 713 2341 2015 1254 761 569 872 646 934 630 1978 501 1477 715 533 2228 1449 779 685 32101 24565 7536 4794 3935 2483 2223 1452 859 1285 23280 1073 22878 10049 2905 12829 12576 7144 5977 1758 789
internal_count=96997 62778 39729 38513 1216 36979 856 36123 2301 1451 33822 33536 33250 32817 5329 4456 3522 34219 23049 10984 10501 8706 1795 12065 11061 1181 9880 6913 4950 4643 904 2967 2117 1603 7845 6049 5231 1796 818 556 850 4921 1439 32974 32706 1534 1274 952 1029 741 27488 10693 10439 7156 16795 9051 3283 7744 7330 836 8421 6443 1508 4935 1003 1601 888 574 6494 3334 5261 1938 3739 2762 977 1890 581 850 914 1245 901 1963 6545 3741 2640 1101 713 2341 2015 1254 761 569 872 646 934 630 1978 501 1477 715 533 2228 1449 779 685 32101 24565 7536 4794 3935 2483 2223 1452 859 1285 23280 1073 22878 10049 2905 12829 12576 7144 5977 1758 789
is_linear=0
shrinkage=0.0667171


Tree=34
num_leaves=127
num_cat=0
split_feature=30 73 12 105 153 159 16 24 18 163 21 69 59 36 20 73 152 95 73 18 18 73 19 73 0 92 19 153 97 18 21 19 80 104 95 12 19 20 151 79 20 69 105 62 20 11 18 17 62 17 12 18 92 12 20 20 97 19 18 20 19 36 73 95 21 80 20 20 80 153 69 99 97 61 11 92 5 16 80 80 97 80 99 153 20 73 182 153 24 22 21 14 73 20 18 20 18 10 16 10 20 95 12 153 20 18 82 95 95 12 12 17 0 157 80 99 19 70 84 80 95 97 97 105 18 84
split_gain=18.0757 12.9191 13.9703 12.3074 13.4607 11.8666 11.6604 11.6137 14.6348 11.5625 13.3833 11.2004 11.0743 12.0667 10.9624 16.2548 21.4343 14.8879 13.126 12.7241 24.3137 20.7987 27.2637 24.199 20.3615 23.3491 19.5809 20.7097 16.4838 15.934 14.8671 13.7266 29.0035 14.506 13.8957 14.1959 13.5702 17.4627 23.421 17.9108 21.9013 14.6643 13.6192 15.5124 12.7666 12.6728 12.5605 15.1437 14.1088 22.1332 22.0942 23.9085 20.2236 18.4546 16.0602 15.9534 15.1294 24.9243 22.0015 21.896 20.5087 19.3927 17.0482 18.6097 15.741 14.9091 15.403 14.1877 13.8168 16.0506 13.7145 14.6453 13.168 14.0471 13.5281 13.0357 12.8111 12.5718 12.4613 11.9512 12.0689 11.8804 18.9042 12.4229 11.8801 17.9287 17.4683 11.6095 11.5567 11.3674 10.8748 10.8582 10.8261 12.5487 10.6189 10.6087 10.5538 14.1323 10.4196 10.3635 10.2686 10.1657 10.0477 13.1445 9.93694 9.90654 9.83848 9.647 21.2663 20.8255 9.72118 14.1311 19.8218 9.58886 9.57628 9.46303 11.1158 11.0807 12.3198 9.54487 9.41078 9.1967 22.557 9.05011 8.97352 8.97144
threshold=-0.048393145203590386 0.39633014798164373 -0.14710360765457151 0.48334985971450811 0.38576400279998785 0.070553071796894087 0.41265815496444708 -0.023774606175720688 -0.78451398015022267 0.75726050138473522 -0.8120717704296111 0.14136991649866107 0.69266852736473095 0.28521126508712774 0.31519766151905065 0.12907011806964877 0.36186559498310095 0.1058577559888363 -0.34748879075050348 0.04206181317567826 0.02152569126337767 -0.098930831998586641 0.10368935018777849 -0.19606202095746991 -0.33096592128276819 -0.18140671402215955 -0.079188324511051164 0.29919661581516271 -0.24672458320856092 0.10021138936281206 -0.19314518570899961 -0.03618721850216388 -0.1429195627570152 0.007243750151246787 0.13240216672420504 0.35346306860446935 -0.23194542527198789 0.18315176665782931 -0.026417127810418602 -0.21374303847551343 -0.17757815122604367 0.050754312425851829 0.14378917217254641 -0.13196635246276853 0.11106365174055101 0.17585990577936175 0.059295460581779487 -0.16387430578470227 -0.063617244362831102 0.50711871683597576 -0.15855180472135541 0.1432982608675957 0.34144034981727606 -0.2533657699823379 0.23247433453798297 0.19259058684110644 0.16287374496459964 0.073873169720172896 0.27170178294181829 0.028957781381905082 0.66167718172073375 0.41373239457607275 0.093138314783573165 -0.16833791136741635 0.021598694846034053 -0.15036097913980481 1.0000000180025095e-35 0.1048441305756569 0.10176762193441392 0.041311336681246764 0.050754312425851829 0.017309485003352169 -0.12214833870530127 -0.11314791068434714 -0.08143205568194388 0.1352677792310715 0.37500000000000006 0.21028000861406329 -0.10453867539763449 0.69443944096565258 0.010570946615189316 1.0000000180025095e-35 0.012428280431777241 -0.051958760246634476 -0.028374005109071728 0.015469245612621309 0.17764294147491458 -0.10082780942320822 0.018143998458981517 0.3271776288747788 0.27769005298614508 0.26191221177577978 0.093138314783573165 0.057636035606265075 0.19685667008161548 0.052328854799270637 0.075347539037466063 0.084464941173791899 0.38873536884784704 -0.12084598094224928 -0.23208858817815778 -0.16833791136741635 -0.19518603384494779 -0.064707629382610307 -0.051649814471602433 -0.26967006921768183 -0.044320872053503983 0.18626928329467776 0.038268322125077255 0.17028047889471057 0.19405266642570498 -0.17609836906194684 0.30539773404598242 0.29828394949436193 0.083236191421747222 -0.1250013820827007 -0.0070384624414145938 -0.17715266346931455 -0.30916537344455713 0.39180161058902746 -0.14322984218597409 -0.018253165297210213 0.11843911558389665 0.1575877442955971 0.053196527063846595 0.057985275983810432
decision_type=2 2 2 2 2 2 2 2 2 2 2 2 2 2 2 2 2 2 2 2 2 2 2 2 2 2 2 2 2 2 2 2 2 2 2 2 2 2 2 2 2 2 2 2 2 2 2 2 2 2 2 2 2 2 2 2 2 2 2 2 2 2 2 2 2 2 2 2 2 2 2 2 2 2 2 2 2 2 2 2 2 2 2 2 2 2 2 2 2 2 2 2 2 2 2 2 2 2 2 2 2 2 2 2 2 2 2 2 2 2 2 2 2 2 2 2 2 2 2 2 2 2 2 2 2 2
left_child=12 3 -3 6 7 -4 9 8 -5 10 -2 -9 -1 -14 18 17 -17 91 107 20 26 22 30 -24 -22 -26 36 31 -23 -25 -21 32 -28 34 35 44 42 39 -39 41 -41 -38 43 -20 45 79 47 -30 50 54 51 -48 -51 -53 55 56 57 58 61 76 62 67 63 -58 88 72 99 70 69 -49 71 -50 73 -52 -74 95 77 -59 -55 80 102 -34 -83 104 -45 86 -86 -36 -60 -42 98 101 93 125 -61 -72 -8 -98 120 -67 -82 105 -33 -104 -84 -16 -46 108 109 -12 -109 -112 -113 115 -65 -35 -117 -118 -119 -120 -10 -108 -123 -43 -71 -27
right_child=1 2 5 4 -6 -7 96 11 90 -11 14 -13 13 -15 15 16 -18 -19 19 21 24 28 23 29 25 92 27 -29 46 -31 -32 33 81 113 87 -37 37 38 -40 40 89 123 -44 84 106 -47 48 68 49 52 65 53 -54 78 -56 -57 60 59 64 94 -62 -63 -64 114 -66 66 -68 -69 -70 124 75 -73 74 -75 -76 -77 -78 -79 -80 -81 100 82 83 -85 85 -87 -88 -89 -90 -91 -92 -93 -94 -95 -96 -97 97 -99 -100 -101 -102 -103 103 -105 -106 -107 121 110 -110 -111 111 112 -114 -115 -116 116 117 118 119 -121 -122 122 -124 -125 -126 -127
leaf_value=0.0012215011392927681 -0.010382913870971641 0.0094016510376492852 -0.0097401208276831543 -0.0079629482125955151 -0.0057654676164709939 -0.0015616718624345235 -0.010226357406708879 -0.0077718214437432617 0.0021662243175896217 0.011355704777309461 0.014930597688874747 0.0073443797993868578 -0.0012081923007457196 -0.01661061972673546 0.011118811673865379 0.017331309695202114 -0.0026933431092195526 -0.014414477417252014 0.010454414587102914 0.025515295540284269 -0.019569578780299343 0.0098201555826400722 -0.016410978908446099 -0.0038614272120569802 -0.018783908396320138 -0.011680683548577209 0.011191512525694312 -0.021391591835273553 -0.0099030026721927556 0.014491485116800087 0.0075258374602514147 -0.0082124797669475974 -0.016683956123138138 -0.012184585248894302 0.01637917026236323 -0.014046469721432498 -0.008040181321315688 0.0029620638320256849 -0.023315019176012988 -0.0073726620250574131 0.010249239098470029 0.0067489505951542081 -0.016332378248733192 -0.016421263214996203 -0.01268980001017302 -0.0066143088026750681 -0.022518705337054839 0.022337608847585812 -0.0030414898383322644 0.011589326329712853 0.00049025097194482781 0.0079591488367538078 -0.0082630188029000715 -0.017696696581502944 0.0098510558906775899 -0.014676899262501113 -0.012735969508542845 0.025261120873679068 -0.012650584476370866 -0.01165778871703844 0.0088755440159140418 -0.012700661011962164 -0.021620049171861649 0.012306319262296854 -0.024754403028417932 -0.016747872429431664 0.00043752005306536352 0.011935948534570834 -0.0060353284355760643 -0.0012647089395942277 -0.0051064559047857179 0.0091580217578051924 -0.012427977636001581 0.019415088759936659 0.0065868102027901113 0.0033213069966524897 0.0014104856979222013 0.0064096459230556764 0.00036319487196751973 -0.0041927908818026336 -0.00053262659984004929 0.0074948092759727861 -0.019766892300430241 0.0023545445171165367 0.013481019182563827 -0.011126864126612809 -0.0068376560073128987 0.00030534936510037968 0.0053329099598054368 0.0010794436854398614 0.021628168494088908 0.012660768571110361 -0.0108178017028131 0.0081139101840896361 0.0052634520752571677 -0.02078047438829644 -0.0093630179070732997 0.010468969501998557 0.0014761202077936816 -0.004759072852298909 0.014080749091543436 -0.009997239561515681 -0.00053688686979019482 0.017974650005593031 -0.0046075007061866079 -0.0026566681481493578 -0.009127892320872695 -0.0095529440589568471 0.018082331922192683 -0.0094711089991326367 -0.0062846439744822843 0.017338178650107085 -0.0057090865656369907 0.0043165546187903196 -0.0050928467926616861 0.0057666384152162062 -0.014988422990843638 -0.012351394059151895 0.00012584412314611116 -0.010553257132967835 0.015525506004439563 0.013222269450276901 -0.011590441769071968 -0.006496237509570511 0.014232595541803755 0.0026046225981862553
leaf_weight=33202 643 277 1777 257 664 1438 1108 554 349 345 252 354 829 311 390 649 368 283 391 375 548 641 299 401 452 392 330 265 259 432 462 340 756 727 417 330 857 349 259 454 2633 896 312 292 486 573 530 364 756 1132 338 326 281 457 538 417 722 444 409 286 319 483 392 274 275 540 1364 496 258 407 794 1023 324 364 334 597 275 251 262 595 267 334 545 251 444 516 320 388 253 789 256 339 452 617 379 255 316 317 866 813 966 371 512 250 306 559 410 355 524 396 439 449 257 520 280 463 446 599 2124 447 748 413 264 303 273 379
leaf_count=33202 643 277 1777 257 664 1438 1108 554 349 345 252 354 829 311 390 649 368 283 391 375 548 641 299 401 452 392 330 265 259 432 462 340 756 727 417 330 857 349 259 454 2633 896 312 292 486 573 530 364 756 1132 338 326 281 457 538 417 722 444 409 286 319 483 392 274 275 540 1364 496 258 407 794 1023 324 364 334 597 275 251 262 595 267 334 545 251 444 516 320 388 253 789 256 339 452 617 379 255 316 317 866 813 966 371 512 250 306 559 410 355 524 396 439 449 257 520 280 463 446 599 2124 447 748 413 264 303 273 379
internal_value=-0.000232395 -0.000903605 -0.00484736 -0.000671605 0.00287648 -0.00609372 -0.000931137 0.00458656 0.00695492 -0.000756313 -0.000835653 -0.00182927 0.000998579 -0.00545267 -0.000718265 0.00322238 0.0100459 -0.000337438 -0.000953199 -0.00121164 -0.00220075 1.5324e-06 0.00652777 -0.000187117 -0.00802603 -0.00524151 -0.00148378 -0.00300663 -0.000667137 0.00561594 0.0156414 -0.00265476 -0.0071147 -0.00167596 0.00050973 -0.000702365 0.000987063 0.00253389 -0.00818946 0.00364191 0.00631233 -0.00137525 -0.00344163 -0.00136386 0.000163904 0.0024118 -0.00103263 0.00468337 -0.0015606 -0.000199418 -0.00428282 -0.010991 0.00760016 -0.00509463 -0.00131529 -0.00196171 -0.00136327 9.51075e-05 -0.00210607 0.00730013 -0.00649499 -0.000123062 -0.00946931 -0.00568946 -0.0113734 -0.00168037 -0.00453823 0.00142448 0.00763031 0.0110551 -9.38184e-05 0.00395315 0.00400334 0.0103566 -0.00272141 -0.00448845 0.013689 0.0185087 -0.0110647 0.00419357 0.00634933 -0.00989958 -0.00629352 -0.0105118 -0.0043346 -0.00153365 0.00491694 0.00867407 -0.00573242 0.00814386 0.00870807 0.00205733 -0.00187963 0.00102061 -0.00196151 -0.00897095 -0.00630251 0.000506438 0.00698923 -0.00957712 0.0108814 -0.000653712 0.00124445 0.00551414 -0.0143595 0.00297504 -0.00481663 0.0035899 0.00811976 1.25112e-05 2.71037e-05 0.00303592 0.00888874 -0.00423039 0.00344446 -0.00516505 -0.00390141 -0.00515202 -0.0037502 -0.00172541 0.0113043 -0.00125645 0.00347896 0.00336147 0.00493559 -0.00461456
internal_weight=97375 63033 3492 59541 4048 3215 55493 3384 2476 53752 53407 908 34342 1140 52764 2959 1017 1942 49805 47133 25979 21154 1969 1132 2840 2292 23139 14324 19185 833 837 14059 2522 11537 6211 5406 8815 6540 608 5932 3876 2056 2275 1963 5076 3503 18544 1561 16983 11331 5652 1575 1413 1045 9918 9380 8963 6976 5341 1635 1987 4404 1668 1276 937 4077 2717 3921 1302 1044 3425 1779 1360 702 658 1646 970 695 719 2930 2335 2192 1436 1102 1572 1280 764 805 662 3422 2219 1659 1840 1388 665 1049 1741 633 1963 1353 1233 1320 1102 762 851 949 1573 2672 1172 648 1500 1145 706 5326 554 4806 4079 3616 3170 2571 1097 1087 677 1199 680 771
internal_count=97375 63033 3492 59541 4048 3215 55493 3384 2476 53752 53407 908 34342 1140 52764 2959 1017 1942 49805 47133 25979 21154 1969 1132 2840 2292 23139 14324 19185 833 837 14059 2522 11537 6211 5406 8815 6540 608 5932 3876 2056 2275 1963 5076 3503 18544 1561 16983 11331 5652 1575 1413 1045 9918 9380 8963 6976 5341 1635 1987 4404 1668 1276 937 4077 2717 3921 1302 1044 3425 1779 1360 702 658 1646 970 695 719 2930 2335 2192 1436 1102 1572 1280 764 805 662 3422 2219 1659 1840 1388 665 1049 1741 633 1963 1353 1233 1320 1102 762 851 949 1573 2672 1172 648 1500 1145 706 5326 554 4806 4079 3616 3170 2571 1097 1087 677 1199 680 771
is_linear=0
shrinkage=0.0667171


Tree=35
num_leaves=127
num_cat=0
split_feature=42 201 18 73 21 80 153 17 18 24 105 19 153 18 70 19 46 104 170 65 17 18 16 73 5 61 11 153 15 14 16 18 11 18 33 33 152 74 73 12 18 96 20 18 74 105 201 80 153 12 11 97 16 20 73 20 12 20 24 18 21 0 96 183 199 96 96 19 95 12 15 102 61 19 20 17 97 96 200 18 36 95 95 103 21 199 95 80 70 0 18 20 18 152 73 5 97 17 33 17 19 21 18 20 96 97 151 21 73 153 17 80 16 62 103 171 16 0 19 20 24 73 82 17 62 36
split_gain=15.4279 13.3217 16.2483 24.3357 18.0808 14.8212 16.5059 15.3741 11.8014 25.5135 21.1497 19.3859 19.4563 22.6812 20.756 20.6218 14.6538 14.138 15.9711 15.8192 16.2253 13.5671 16.7401 14.7715 14.4075 14.2423 13.4586 13.039 12.1097 11.9622 11.573 14.2933 10.9931 23.1518 15.2582 20.5221 16.3224 19.8582 16.9259 15.0069 26.4319 18.8075 14.8059 21.3502 23.311 13.9723 23.8818 20.8179 15.4451 14.0746 12.6053 12.4766 12.1246 12.0668 11.7558 32.302 11.5453 11.371 10.9423 10.8493 10.6663 10.6038 10.4511 14.9278 14.0615 10.2811 10.1683 12.5617 9.91657 14.6968 14.3612 9.7968 9.55923 9.84963 9.51119 11.2393 11.0178 11.389 9.33186 9.2694 9.26356 9.25432 17.3599 15.076 15.9764 13.7466 13.6732 11.8733 11.8505 11.7431 18.4196 19.5832 14.3166 11.3999 10.5929 11.9159 9.85782 16.9154 13.0931 13.6656 15.3734 13.7365 9.74307 9.57322 9.20178 17.3543 12.6294 11.043 18.0117 13.8261 13.1583 14.0599 12.5112 11.2177 10.0164 10.9204 9.25734 11.8349 9.15341 14.8008 13.926 12.7197 11.1452 9.57653 8.93997 13.2918
threshold=-0.033212902024388306 -0.79099115729331959 0.35167858004570013 -0.095768120139837251 0.058743882924318321 -0.10118202120065688 -0.089454453438520418 0.29873444139957434 -0.28176027536392206 0.5411062240600587 -0.31304854154586786 0.081120450049638762 0.086361974477767958 -0.89468982815742482 -0.24209839850664136 0.41526569426059728 -0.078038834035396562 -1.0815006494522093 0.68894702196121227 -1.1470099091529844 -0.40885883569717402 -0.30736744403839106 0.056569432839751251 -0.4665387868881225 -0.37499999999999994 0.013274336233735086 0.47714054584503179 -0.02870543114840984 -0.14537692070007321 0.0044717262499034413 0.45745952427387243 0.44895094633102423 -0.0938676781952381 0.30457496643066412 -0.29617737233638758 -0.20973183959722516 0.44893740117549902 0.5236220955848695 0.56328272819519054 -0.14710360765457151 -0.16318259388208387 -0.066795118153095231 0.24160394072532657 -0.012221254408359526 0.15189343690872195 -0.0030279032653197642 0.12494144216179849 -0.063216134905815111 -0.093791984021663652 -0.010560961440205572 -0.13001882284879682 -0.17003726959228513 0.19535326957702639 0.30258101224899298 0.21895410865545276 0.11932773515582086 -0.096817400306463228 0.19259058684110644 -0.24646542966365811 0.27269172668457037 0.27145513892173773 0.38494317233562475 -0.18820001929998395 0.11742059141397478 0.011240707244724037 0.19331376999616626 0.099717710167169585 -0.12766180187463758 -0.31765832006931299 -0.16542072594165799 0.083084616810083403 0.13393282890319827 -0.12326169386506079 0.38601806759834295 0.24465376138687137 -0.44164809584617609 0.23233559727668765 0.021328161470592025 -0.0090527702122926695 0.094701088964939131 -0.19366197288036344 -0.17698244005441663 0.099675908684730544 -0.070767544209957109 -0.15464600920677182 0.16010955721139911 0.029836316592991356 0.33171625435352331 -0.20557464659214017 0.2173295468091965 -0.040325462818145745 -0.028374005109071728 0.026488136500120166 -0.43046236038208002 -0.11444240435957907 1.0000000180025095e-35 0.25395984947681433 -0.055835191160440438 -0.046687427908182137 0.23606816679239276 -0.11740886420011519 -0.29950407147407526 -0.030963981524109837 -0.020070648752152916 -0.24053641408681867 -0.15964815765619275 0.097327742725610747 0.15595757961273196 -0.064527634531259523 -0.016682490706443783 0.43143740296363836 -0.089495610445737825 0.12487939372658731 -0.13406939804553983 -0.063475668430328355 0.034928919747471816 0.2282843813300133 -0.12926135957241056 -0.080038953572511659 0.09572381898760797 0.22720137983560565 0.15311110019683841 0.28946316242218023 -0.13345796614885327 -0.014195583760738371 0.28521126508712774
decision_type=2 2 2 2 2 2 2 2 2 2 2 2 2 2 2 2 2 2 2 2 2 2 2 2 2 2 2 2 2 2 2 2 2 2 2 2 2 2 2 2 2 2 2 2 2 2 2 2 2 2 2 2 2 2 2 2 2 2 2 2 2 2 2 2 2 2 2 2 2 2 2 2 2 2 2 2 2 2 2 2 2 2 2 2 2 2 2 2 2 2 2 2 2 2 2 2 2 2 2 2 2 2 2 2 2 2 2 2 2 2 2 2 2 2 2 2 2 2 2 2 2 2 2 2 2 2
left_child=-1 74 8 -4 5 -5 -7 -8 9 10 28 16 13 -13 65 -14 -12 -10 19 -19 -21 23 -23 -16 25 -25 32 -11 -3 -17 31 -6 39 34 -34 68 42 -38 -39 40 -22 50 45 -44 -45 46 48 56 49 -37 79 -46 53 54 59 -56 -48 61 -26 72 -18 62 63 -50 -65 -15 67 -49 -36 -70 -71 78 -41 81 75 -2 77 -77 -28 -42 -47 85 83 87 86 88 -85 94 -74 96 91 93 -92 -91 -83 -96 97 -84 -99 -100 103 -102 -89 -101 106 107 -82 108 -106 -110 111 113 -112 -111 115 -107 117 -109 119 124 122 -121 123 -120 125 -116
right_child=1 2 3 4 30 6 7 -9 17 27 11 12 15 14 21 29 60 18 -20 20 26 22 -24 24 58 -27 71 -29 -30 -31 -32 -33 33 -35 35 36 37 38 -40 52 41 -43 43 44 51 80 47 66 57 -51 -52 -53 -54 -55 55 -57 -58 -59 -60 -61 -62 -63 -64 64 -66 -67 -68 -69 69 70 -72 -73 73 -75 -76 76 -78 -79 -80 -81 104 82 89 84 -86 -87 -88 102 -90 90 92 -93 -94 -95 95 -97 -98 98 99 100 101 -103 -104 -105 105 114 -108 116 109 110 112 -113 -114 -115 118 -117 -118 -119 120 121 -122 -123 -124 -125 -126 -127
leaf_value=-0.0013874210861215108 0.0070240844512512793 0.019199634428770165 0.019867775284534657 -0.016553340439808713 0.021269666577025746 -0.0084851768486239269 0.00081048115010499077 0.020216463352983684 -0.011224162584880215 0.00014256224520360606 -0.0010015351443321764 -0.011731117209453091 -0.018071818689998232 -0.012759831158542656 0.015549965029226554 -0.0071826611445775278 0.023019261844564584 0.016256338407788815 0.012466419530269423 -0.011673882698140819 -0.023788478396856879 0.028694409744909444 0.0051163293220059412 -0.00151319164504566 0.0095122270906772017 0.018732968328839025 -0.020284065386454966 -0.019475478631464409 0.0057705652127041608 0.011144500292312934 -0.0043811419678909756 0.0057362579608149647 0.0093830599818504872 -0.01447974145823515 0.003726866897685486 0.0072967966493036858 -0.015189623565101361 0.008517475203148021 -0.011742076130112059 -0.0090272538146963701 -0.02021393270707212 0.0026773104492604591 -0.0067418465199805865 0.030071478396239356 -0.0011673011017542412 0.012155320644147056 -0.0030886318663492511 -0.016220069012698065 -0.0038268083386024856 -0.011573575948052122 -0.0016253343560126349 0.014461298699588367 -0.014660135165458735 0.0081531723846625034 0.0058810331368402179 -0.026801786387309227 0.014808901770743333 -0.005023412359942441 -0.0040288630132137892 0.012449639383077638 0.006022237304775681 -0.004010992073918463 0.0098446564686914453 0.021190111690089025 -5.4011680401872168e-05 0.0040083014860370835 -0.020115271896188117 0.00052594753706634346 -0.015655788210778745 0.0095865360140310971 -0.0068762316840769539 0.0024772658185364753 -0.016360266808470046 -0.007902509677024867 -0.016829933479277026 -0.0091015993381457459 -0.012898919403163426 0.010656954909026394 -0.0041774410363629184 -0.0063195648245664227 0.0017430064772658211 0.021353198745897892 -0.014754500775019037 -0.012341888648340559 0.006419797977571539 0.0055425920060978356 0.0054227642956000471 0.008485335713122915 -0.0013979364693791371 0.0082088633378509628 -0.011616152774645812 -0.00056026196501917085 0.0021218630380561211 0.028470599600108761 0.0032161345235643688 0.016038366334344082 0.0057668531881536183 0.011514459459983039 -0.013068924141511548 -0.018141160029046127 0.018572179819315849 -0.0011029591116164415 -0.0096600445230246561 -0.00065047829891942504 -0.013218497254427612 0.0082452931087303189 0.018336820710550431 -0.0024604983026175783 0.010743284121946511 -0.008756364325604735 0.016603044630135854 -0.014182413620594974 -0.0013503857807315638 0.0053352684499343769 7.8851859353283216e-05 -0.0062866527919278109 0.0016001601934036303 -0.017199800047197487 -0.0059700087364905905 0.016679387885238758 -0.0074146097407590261 -0.0013889277773609329 -0.007088966843558424 0.0048090953060309222 -0.0023422766949135663 0.013582467624935356
leaf_weight=32391 354 538 426 254 409 525 637 253 499 268 323 439 461 422 444 382 406 259 452 537 311 250 293 250 333 385 332 329 691 266 252 758 949 429 455 295 575 498 286 544 453 1266 328 257 412 279 297 298 680 422 723 491 254 753 268 262 336 346 1253 296 285 336 3814 283 261 257 265 577 617 299 1056 271 484 659 271 263 576 250 318 420 839 345 649 581 839 404 282 259 465 250 493 446 1046 254 841 529 400 259 557 252 253 402 261 314 512 1369 269 386 471 437 280 519 433 582 1014 271 282 672 449 517 1428 253 655 1900 2063 477
leaf_count=32391 354 538 426 254 409 525 637 253 499 268 323 439 461 422 444 382 406 259 452 537 311 250 293 250 333 385 332 329 691 266 252 758 949 429 455 295 575 498 286 544 453 1266 328 257 412 279 297 298 680 422 723 491 254 753 268 262 336 346 1253 296 285 336 3814 283 261 257 265 577 617 299 1056 271 484 659 271 263 576 250 318 420 839 345 649 581 839 404 282 259 465 250 493 446 1046 254 841 529 400 259 557 252 253 402 261 314 512 1369 269 386 471 437 280 519 433 582 1014 271 282 672 449 517 1428 253 655 1900 2063 477
internal_value=-0.000199367 0.000397096 0.000556139 0.00496255 0.00288593 -0.00180267 0.000838557 0.00638714 0.000294017 0.0026306 0.00366744 0.00213182 0.000544513 0.00257082 0.00420155 -0.00732013 0.010588 -8.48365e-05 2.51285e-05 -8.71899e-05 -0.000173661 0.00644922 0.0160575 0.00447067 0.00222879 0.0107017 -4.69889e-05 -0.0106048 0.011684 0.000289281 0.00841888 0.0112264 0.000104786 0.000849803 0.00106554 0.000799285 0.00132087 -0.00579341 0.0010622 -0.00125541 -0.00539393 -0.00337009 0.00169375 0.0081533 0.0124111 0.00130054 0.00354606 -0.00329269 0.00543628 -0.00374662 -0.0081859 0.00730578 -0.00030785 -3.5919e-05 -0.000518028 -0.010219 0.00635203 0.00659546 -0.00115267 -9.78278e-05 0.0160671 0.00735292 0.00812047 0.00271993 0.010942 -0.0063468 -0.00868805 -0.00516366 -0.00507419 -0.0071292 -0.0032098 -0.00802278 -0.000410531 -3.56209e-08 -0.00539875 -0.00321433 -0.00658147 0.000452391 -0.0124699 -0.0135783 0.000171145 0.00047852 0.00121577 0.0046077 -0.000100843 -0.00467286 -0.00648447 0.00820844 -0.00906988 -0.0011741 0.00222449 0.00952393 -0.00226318 0.0185106 0.0108855 0.00820518 -0.00392681 -0.00538882 -0.00237922 -0.00443319 -0.000455393 0.00646221 -0.000542847 -0.0085073 -3.64298e-05 -0.000472882 0.00581943 -0.00389777 -0.00177477 0.000374548 -0.00178742 -0.00526935 0.00566433 -0.000684937 0.0010312 0.005812 -0.00899086 -0.0118561 0.000131006 0.00231755 -0.00199499 0.0106876 0.000572365 0.00272881 0.000490536 0.00442925
internal_weight=96855 64464 62750 3514 3088 1669 1415 890 59236 8275 7678 6449 5435 4326 3887 1109 1014 50961 50462 50010 49751 3208 543 2665 2221 635 49214 597 1229 648 1419 1167 48293 31219 30790 29841 27414 1359 784 17074 3173 2862 26055 1488 1160 24567 8210 1773 6437 717 1596 903 13901 13647 12894 530 633 5720 1586 12364 691 5374 5038 1224 544 679 1140 875 2427 1972 1355 921 12068 11524 1714 1443 1089 513 650 873 16357 10865 9512 3937 1702 1353 863 2235 949 5575 2489 950 1539 504 1715 1370 3086 2686 2037 1778 1221 655 520 566 16078 14970 1108 4574 3234 2722 2251 1538 713 1019 10396 1640 1340 1058 8756 4324 4432 770 3004 2349 3554 1491
internal_count=96855 64464 62750 3514 3088 1669 1415 890 59236 8275 7678 6449 5435 4326 3887 1109 1014 50961 50462 50010 49751 3208 543 2665 2221 635 49214 597 1229 648 1419 1167 48293 31219 30790 29841 27414 1359 784 17074 3173 2862 26055 1488 1160 24567 8210 1773 6437 717 1596 903 13901 13647 12894 530 633 5720 1586 12364 691 5374 5038 1224 544 679 1140 875 2427 1972 1355 921 12068 11524 1714 1443 1089 513 650 873 16357 10865 9512 3937 1702 1353 863 2235 949 5575 2489 950 1539 504 1715 1370 3086 2686 2037 1778 1221 655 520 566 16078 14970 1108 4574 3234 2722 2251 1538 713 1019 10396 1640 1340 1058 8756 4324 4432 770 3004 2349 3554 1491
is_linear=0
shrinkage=0.0667171


Tree=36
num_leaves=127
num_cat=0
split_feature=73 1 21 95 20 12 12 165 36 17 105 19 73 20 153 19 19 80 24 21 20 12 69 15 21 95 73 95 2 95 92 12 15 11 9 15 152 69 182 169 12 5 153 152 152 10 9 92 92 95 70 12 35 20 14 13 95 19 95 5 15 1 1 73 11 153 12 17 73 17 201 62 12 95 80 153 20 95 1 15 1 11 73 10 10 162 20 16 19 97 20 3 95 21 12 4 92 21 73 20 21 16 99 5 4 164 95 73 73 183 17 16 12 12 80 84 97 80 99 12 95 20 20 24 10 19
split_gain=15.2533 28.2955 16.3325 16.8343 16.0661 29.2746 30.8995 23.6911 26.7872 17.6783 17.5855 20.7587 15.9708 14.853 18.4119 18.1622 19.4638 14.6019 16.8006 14.504 20.4423 17.217 14.264 24.0623 19.5066 19.967 16.5923 28.431 14.5895 21.912 15.8153 20.2948 15.0255 14.0731 13.8102 13.7803 15.2748 14.6423 14.7228 13.8283 13.6459 12.944 12.9031 22.4886 21.3327 12.4571 11.1754 12.7308 10.8492 10.6496 10.5041 11.6003 10.1708 13.8999 11.4734 11.8184 14.2153 15.4256 14.7136 12.0515 12.1739 11.1729 9.99627 9.95835 14.6661 21.4216 18.2369 13.3732 14.9355 12.8538 12.6741 12.2551 16.5236 18.087 18.7571 18.2198 16.8706 15.0586 26.5894 13.082 12.5923 12.15 11.4781 16.4583 10.4154 10.3171 9.88777 9.82237 20.2271 15.6775 14.0467 10.0014 9.78609 13.8299 9.71613 13.2559 9.361 10.8142 9.32858 22.8996 15.538 11.8274 26.8882 13.565 11.6982 11.3212 11.1422 17.0826 17.7305 12.9702 12.9666 14.9419 16.0518 28.7066 18.8347 16.1943 15.4189 14.8141 13.2131 12.5858 15.4295 12.5707 18.6335 15.8091 13.413 12.3555
threshold=0.44352793693542486 0.16051135957241061 0.41712887585163122 -0.045779133215546601 0.31519766151905065 0.055529478937387473 -0.0014653691905550657 -0.04159544222056865 -0.29049295186996454 -0.37499101459980005 -0.11803463473916052 0.14869761466979983 0.12907011806964877 0.028957781381905082 0.48037910461425787 -0.034636862576007836 0.13207330554723742 0.17141205817461017 -0.11432590335607527 0.55008482933044445 0.47824855148792272 -0.15855180472135541 -1.4113613963127134 0.1122846156358719 -0.8120717704296111 -0.027144393883645531 -0.55675289034843434 0.1189299337565899 -0.044034091755747788 0.48632207512855535 0.1745155602693558 0.54148828983306896 -0.13471538573503491 -1.0546364188194273 0.028543244116008285 1.4220692515373232 0.72433242201805126 0.4245647937059403 -0.44661307334899897 0.76862251758575451 0.025930166244506839 1.0000000180025095e-35 0.43797260522842413 0.18929433822631839 0.50202658772468578 0.4302282333374024 -0.95913586020469654 1.2895712256431582 -0.032033422961831086 -0.12674643844366071 -0.23523715883493421 -0.078414425253868089 -0.0052997837774455539 0.28155601024627691 0.49851934611797338 -0.51163253188133229 0.029836316592991356 0.0089512169361114519 0.39595931768417364 1.0000000180025095e-35 0.11890769004821779 0.0071022729389369496 0.13210227340459826 0.04192838445305825 -0.12020688503980635 -0.32928867638111109 -0.13908986747264859 -0.1742647588253021 -0.026542848907411095 -0.24203638732433316 -0.51158183813095082 0.21083070337772372 -0.087572980672121034 0.1824920475482941 -0.15510304272174832 0.045024262741208083 -0.24021986126899716 0.09071411564946176 -0.0042613637633621684 -0.22539231181144712 -0.063920453190803514 0.173196516931057 -0.0079927067272365076 -0.021180391311645504 0.018087872304022316 0.0835913121700287 -0.23000542074441907 0.16127510368824008 0.048265563324093826 0.12646534293890002 0.061908153817057616 0.30716200172901159 0.035373127087950713 -0.30799020826816553 -0.2647510021924972 -0.33341428637504572 0.4476862251758576 0.20750734210014346 -0.1003422401845455 0.12208744138479234 -0.13182055950164792 0.2282843813300133 0.088202223181724562 0.37500000000000006 -0.14091055840253827 -0.0848378650844097 0.002710526692681015 0.10148860886693002 0.03445911034941674 0.21516633778810504 0.62518873810768139 0.29918996989727026 -0.11733829602599143 -0.13689181208610532 -0.16544213145971295 -0.37235453724861139 -0.010162024758756159 0.013537154532969 -0.2600207775831222 -0.11048082262277602 0.15283076465129855 -0.048864664509892457 0.03807597607374192 -0.12827798724174497 -0.15658047050237653 -0.14660716056823728
decision_type=2 2 2 2 2 2 2 2 2 2 2 2 2 2 2 2 2 2 2 2 2 2 2 2 2 2 2 2 2 2 2 2 2 2 2 2 2 2 2 2 2 2 2 2 2 2 2 2 2 2 2 2 2 2 2 2 2 2 2 2 2 2 2 2 2 2 2 2 2 2 2 2 2 2 2 2 2 2 2 2 2 2 2 2 2 2 2 2 2 2 2 2 2 2 2 2 2 2 2 2 2 2 2 2 2 2 2 2 2 2 2 2 2 2 2 2 2 2 2 2 2 2 2 2 2 2
left_child=4 2 3 49 22 6 17 8 -7 -9 -11 -12 -8 34 15 -15 -17 18 -6 20 21 -19 23 -1 25 -24 27 45 -29 30 31 -30 -31 -27 -5 36 37 39 -39 46 -4 -35 43 -42 -44 -26 -28 52 -18 -2 -20 -52 53 98 63 61 62 58 -58 -59 -61 92 -57 64 65 -54 82 69 -69 81 -70 72 73 75 -75 85 -74 84 -79 -77 -73 86 83 -67 -78 -65 -66 89 -89 90 94 -92 -56 -94 -72 -96 97 -40 99 101 105 103 -103 -48 -101 -100 125 108 121 119 111 112 113 114 -109 -114 118 -118 -117 120 -110 123 -123 -108 -125 -102
right_child=1 -3 40 13 5 7 12 9 -10 10 11 -13 -14 14 -16 16 48 19 50 -21 -22 -23 24 -25 26 33 35 28 29 32 -32 -33 -34 41 -36 -37 -38 38 96 -41 42 -43 44 -45 -46 -47 47 -49 -50 -51 51 -53 54 -55 55 56 57 59 -60 60 -62 -63 -64 71 67 66 -68 68 70 -71 87 80 76 74 -76 79 77 78 -80 -81 -82 -83 -84 -85 -86 -87 -88 88 -90 -91 91 -93 93 -95 95 -97 -98 -99 100 104 106 102 -104 -105 -106 -107 107 110 109 -111 -112 -113 115 -115 -116 116 117 -119 -120 -121 -122 122 -124 124 -126 -127
leaf_value=0.020736979310753922 -0.0046915844566663353 -0.025490356967727341 0.015383463225427725 0.011172399922497986 0.024324490289050746 0.0014955684584369545 0.0094317666095380566 -0.0103731752669022 -0.021297630138863856 0.016796681444579378 0.012803425984488061 -0.013334412513049267 0.029206203415818054 0.0025290954809220928 -0.025266247392750813 -0.026772231909655622 0.0022080796550690194 -0.010523287214341107 0.016368676570410856 -0.01264258808109402 0.01886508714710777 0.0085365516513092703 -0.025479962863877624 -0.0058389015287278858 0.0069755873807523933 0.0089617393918338135 -0.0093640579348580472 -0.013966164745981868 0.028565385334262009 0.006280914234788177 -0.0018731571172679084 0.0031245331975611507 -0.013634103053106434 -0.020615377469657324 -0.010118027350234496 -0.010407821484340286 0.013664648718616737 0.007707058949227687 -0.00085967124951951974 0.01015681899596842 0.010226481487471529 -0.0013305333087695291 0.018374649769726987 -0.013610833435058933 -0.003514128268183364 0.024946196783158014 0.0089675181083976683 0.011183424566296259 -0.01595519808002854 0.013394673291357153 0.010101924604474524 -0.0088603377323618251 -0.014837018465302313 -0.0099990947586107159 -0.010347654870574518 -0.018177620115380138 -0.017271403446463288 0.013334100660387089 0.0024396709052236271 0.0067163806025201007 -0.010702557494135801 0.010422718632943207 -0.0019655843164603829 -0.017177670022548937 0.013655383429369219 -0.021188610970909086 -0.00035276831028293904 -6.2450529120611827e-05 0.019216144660786545 -0.0088869094861488054 -0.001613328282389989 0.0018909436501890261 -0.012009653074633959 0.013808396714312296 -0.0068660177127994855 0.0073054071072054015 0.0026644693470834011 -0.00024226690351191854 -0.022965796478709898 -0.0058332162886294238 -0.015280582350469196 -0.0071682307891096763 0.0040676267821562247 -0.0050569560744965882 0.013354387781451265 -0.0021524746185184141 0.00043836412961988742 -0.0096147904307905697 0.011496104681870348 -0.010002037530892592 0.011608802558491815 -0.0037675322207686591 2.7562444603985614e-05 0.017681658734123022 0.0027411024867653715 0.015660194103900266 -0.019553634470889213 -0.014733638703665156 -0.011143602132618008 0.0014512642429329744 -0.0038049196235249304 -0.014798469641365214 0.0060859772521481836 -0.0016471920457876823 -0.015602716992578673 -0.0019009791824492498 -0.0056071249734689485 0.01652554071047849 -0.0071629402913550803 0.023922495993619699 -0.014438259554030801 -0.0065212316192195417 0.01486367582639724 -0.019990733816763379 -0.0043625165417194847 -0.0084268787852522509 -0.012505838082656585 0.0070951176815089272 0.0064972958658186591 0.011798701392758114 0.013333190993051771 -0.012820974814795201 0.0045641832396053836 0.022752826147151441 0.0045469669487444835 0.00070914032148765337
leaf_weight=368 282 250 292 288 268 426 363 315 485 484 258 277 376 475 342 317 311 463 251 327 278 381 250 251 328 254 588 253 303 277 303 261 415 267 250 592 348 265 646 572 252 371 341 559 460 373 2834 435 267 288 268 302 614 540 255 309 303 564 367 498 274 1081 380 934 308 466 6299 8342 252 1135 265 260 470 414 362 384 2172 2452 250 2530 657 777 253 723 500 265 1353 584 304 260 253 706 877 253 503 1235 309 410 733 321 3449 400 855 652 389 3045 331 277 425 257 251 1005 560 364 605 290 497 256 2523 1316 261 518 573 298 463 12348
leaf_count=368 282 250 292 288 268 426 363 315 485 484 258 277 376 475 342 317 311 463 251 327 278 381 250 251 328 254 588 253 303 277 303 261 415 267 250 592 348 265 646 572 252 371 341 559 460 373 2834 435 267 288 268 302 614 540 255 309 303 564 367 498 274 1081 380 934 308 466 6299 8342 252 1135 265 260 470 414 362 384 2172 2452 250 2530 657 777 253 723 500 265 1353 584 304 260 253 706 877 253 503 1235 309 410 733 321 3449 400 855 652 389 3045 331 277 425 257 251 1005 560 364 605 290 497 256 2523 1316 261 518 573 298 463 12348
internal_value=-0.000143836 -0.00374138 -0.00257359 -0.00579791 5.03021e-05 0.00353862 0.00756007 -0.00231513 -0.0106038 0.00332233 0.00761063 -0.000650079 0.0195519 -0.0083967 -0.0114349 -0.00793354 -0.0135211 0.00404595 0.00987303 -0.00031834 0.0032573 -0.00187172 -0.000172035 0.00989213 -0.000245202 -0.00889491 -0.000128041 0.00520804 0.000776232 0.00320398 0.0102712 0.0168672 -0.00559881 -0.00417788 0.00119638 -0.000291627 -0.000217602 -0.0002778 -0.00653176 -0.000149263 0.00218486 -0.0094731 -0.00019864 -0.00614037 0.00577286 0.0165932 -0.00022449 -0.000155362 -0.0061554 0.00437924 0.00508197 1.0372e-05 -0.000219274 0.00059001 -0.000935494 0.0020043 -0.00103759 0.00178653 -0.00643024 0.00593938 0.00048453 0.00534217 -0.0092937 -0.00135473 -0.000592874 -0.00286529 -0.00190814 0.00057175 0.00158765 -0.00302928 0.00475003 -0.00296243 -0.00232545 -0.00518641 0.00411158 -0.00695199 6.30382e-05 0.00113002 -0.00237183 -0.00408579 -0.0103633 -0.00028581 -0.00866912 -0.0114228 0.00468352 -0.0138772 0.00292034 0.0038471 -0.00233006 0.00556124 0.00694747 0.000278198 0.0013488 0.00403033 0.0101243 0.0119406 -0.00933779 -0.00629415 0.000749985 0.00329287 0.000296405 0.00497094 -0.000553251 0.00697028 -0.00783812 -0.00370642 0.000860767 0.00248385 0.00568456 0.00982788 0.000333187 0.000924304 0.0023258 -0.00428881 0.00217478 0.00433353 0.00266421 -0.00577771 0.00493893 0.00798467 0.000614172 0.00138025 -0.00366085 0.0064418 0.0117424 -0.000274616
internal_weight=97014 4974 4724 2820 92040 5522 3277 2245 911 1334 1019 535 739 2250 1712 1370 895 2538 1089 1449 1122 844 86518 619 85899 1142 84757 2513 1812 1559 867 564 692 892 538 82244 81652 81304 1630 79674 1904 638 1612 811 801 701 79102 78514 578 570 821 570 78079 36636 41443 5161 2695 2006 670 1336 772 2466 689 36282 24632 8355 7741 16277 12704 3573 4362 11650 10733 4889 776 4113 5844 5374 2702 2914 917 2438 1442 1189 2672 1199 1661 4110 888 3222 2962 959 1385 1130 2003 1738 1365 1056 36096 5451 30645 4741 1255 3486 710 3778 26867 11070 4442 2259 6628 6377 5372 1246 882 4126 3566 753 2813 2002 686 2183 1091 1092 761 15797
internal_count=97014 4974 4724 2820 92040 5522 3277 2245 911 1334 1019 535 739 2250 1712 1370 895 2538 1089 1449 1122 844 86518 619 85899 1142 84757 2513 1812 1559 867 564 692 892 538 82244 81652 81304 1630 79674 1904 638 1612 811 801 701 79102 78514 578 570 821 570 78079 36636 41443 5161 2695 2006 670 1336 772 2466 689 36282 24632 8355 7741 16277 12704 3573 4362 11650 10733 4889 776 4113 5844 5374 2702 2914 917 2438 1442 1189 2672 1199 1661 4110 888 3222 2962 959 1385 1130 2003 1738 1365 1056 36096 5451 30645 4741 1255 3486 710 3778 26867 11070 4442 2259 6628 6377 5372 1246 882 4126 3566 753 2813 2002 686 2183 1091 1092 761 15797
is_linear=0
shrinkage=0.0667171


Tree=37
num_leaves=127
num_cat=0
split_feature=92 97 73 21 1 12 19 153 73 36 33 12 104 92 19 97 4 99 12 19 73 22 19 12 183 12 15 5 1 74 5 159 61 12 14 4 97 19 33 153 1 36 19 12 62 99 104 21 19 73 183 19 199 19 19 96 21 15 5 99 4 74 21 92 73 14 70 19 195 182 153 3 21 15 95 21 21 104 97 12 4 5 19 99 201 80 5 21 2 96 33 15 95 19 5 95 200 95 96 99 19 152 153 4 102 12 33 24 9 19 36 19 19 74 97 198 74 201 33 103 19 97 181 24 10 24
split_gain=15.279 26.4215 21.2822 23.0527 35.5948 20.986 20.8671 18.9027 18.8392 30.1635 25.7648 22.9613 22.5553 18.1002 17.0564 16.4045 15.396 16.788 14.4991 14.6366 13.8682 13.0254 12.8313 11.192 15.9988 17.8358 27.9546 15.9369 15.929 22.5118 15.0141 16.4238 16.1219 16.4392 13.8145 11.3324 11.1945 10.007 9.46824 18.2833 14.6332 12.4377 26.9367 15.6787 18.74 21.2699 16.9012 15.1207 21.9483 14.1816 14.9694 15.6177 12.3201 11.5498 14.904 13.4294 12.7348 22.9662 20.1509 12.0284 11.6336 9.91891 14.0605 9.90152 9.72877 15.5409 9.47955 9.41658 9.56199 9.40055 8.82578 8.64179 8.51692 8.38052 8.34565 12.8031 8.1714 8.15761 9.21282 19.7764 13.9252 15.0711 13.2992 13.0963 9.41552 8.8143 25.6436 25.9532 14.5181 13.872 11.0221 10.9199 10.4755 24.4337 14.8308 11.9243 12.8852 12.5638 11.6719 12.5189 11.2221 10.8354 25.381 10.4486 15.5837 10.3975 13.2829 12.2286 10.3963 10.3494 10.2949 16.2374 27.4195 15.3626 14.4668 13.7019 17.3216 13.1462 11.9967 11.8088 11.369 10.7705 10.9639 10.191 10.1607 9.71917
threshold=-0.20411072671413419 0.21428346633911136 -0.010585550684481857 -0.06198694929480552 -0.15198864042758939 -0.25128218531608576 -0.17928870022296903 0.0021777834044769411 0.48662102222442633 0.51056337356567394 -0.059984961524605744 0.071259301155805602 0.10707426816225053 -0.059778159484267228 -0.054041014984250062 -0.19471216201782224 -0.052903147414326661 0.064401935786008849 -0.0037206638371571894 -0.10398308187723158 0.67140695452690136 -0.0013326261541806159 0.075487397611141219 0.23550657927989962 -0.20313355326652524 0.062398398295044906 0.25077691674232488 1.0000000180025095e-35 -0.0042613637633621684 0.032876752316951759 1.0000000180025095e-35 -0.036485847085714333 -0.11441213637590407 -0.15855180472135541 -0.090766366571187959 -0.25349488109350199 -0.1469374597072601 -0.088114123791456209 0.42481720447540289 0.4967589676380158 -0.37357954680919642 0.031690141186118133 -0.14753066003322599 -0.18888952583074567 0.30126182734966284 0.064401935786008849 0.065302118659019484 0.086137033998966231 -0.20810990035533902 -0.092924140393733964 0.26795798540115362 -0.25724129378795618 -0.93764865398406971 -0.21684538573026654 -0.2022985368967056 0.22646865993738177 0.26558236777782446 0.46928460896015173 -0.37499999999999994 0.54189756512641918 -0.36894176900386805 -0.33881258964538569 -0.95401629805564869 -0.087072044610977159 0.018814228475093845 -0.11755208298563956 -0.17007982730865476 -0.11830939725041388 -0.058344198390841477 -0.36928202211856836 0.067959733307361617 0.36766564846038824 0.033608483150601394 0.040007691830396659 -0.099430527538061128 0.035566069185733802 0.1100946180522442 0.37483619153499609 0.31538541615009313 0.43131081759929663 -0.46457822620868677 -1.0000000180025095e-35 0.10660557076334955 0.15060808509588244 -0.4335618764162063 -0.11954404413700102 -1.0000000180025095e-35 -0.19314518570899961 0.22869318723678592 -0.26837857067584986 0.014378076419234278 -0.0016230769106186924 0.09071411564946176 0.0089512169361114519 -1.0000000180025095e-35 0.42907124757766729 0.010339159518480303 0.60686445236206066 -0.093716852366924272 0.047208644449710853 -0.060097115114331238 -0.19623707234859464 -0.52580311894416798 -0.14091055840253827 -0.056590661406517022 0.036926157772541053 0.48595485091209417 -0.33314870297908777 0.014060781337320806 0.018406006507575515 0.22887323796749118 -0.13688614219427106 -0.11740886420011519 0.15869592130184176 -0.11302115395665167 -0.29070536792278284 -0.0021370233735069628 0.016992871649563316 0.034858416765928275 0.0064262764062732467 0.069452714174985899 0.14703585207462314 0.13716872036457065 -0.088487111032009111 0.11115974932909013 -0.048866135999560349
decision_type=2 2 2 2 2 2 2 2 2 2 2 2 2 2 2 2 2 2 2 2 2 2 2 2 2 2 2 2 2 2 2 2 2 2 2 2 2 2 2 2 2 2 2 2 2 2 2 2 2 2 2 2 2 2 2 2 2 2 2 2 2 2 2 2 2 2 2 2 2 2 2 2 2 2 2 2 2 2 2 2 2 2 2 2 2 2 2 2 2 2 2 2 2 2 2 2 2 2 2 2 2 2 2 2 2 2 2 2 2 2 2 2 2 2 2 2 2 2 2 2 2 2 2 2 2 2
left_child=1 2 3 4 -1 15 -6 -3 21 10 11 -10 13 -13 -8 -4 17 74 19 -12 -15 38 -20 24 35 26 28 70 30 -30 32 37 34 -34 -26 -7 -31 -32 41 40 73 42 49 47 45 46 -45 48 -43 -2 51 -51 -44 64 -55 56 57 60 -58 -57 63 -54 -63 -56 -42 -66 -48 -65 -69 -62 -27 -47 -33 -40 75 -5 -38 85 79 80 -79 82 -82 -81 -83 86 91 -88 -89 -87 108 -23 103 94 98 96 -96 -97 -94 100 -100 102 -95 104 109 107 124 -105 -90 -91 114 119 -113 -114 118 -116 117 -117 -109 -112 125 122 -122 -104 -107 -118
right_child=8 7 5 16 6 23 14 -9 9 -11 18 12 -14 20 -16 -17 -18 -19 22 -21 -22 77 -24 -25 25 27 -28 -29 29 36 31 72 33 -35 -36 -37 76 -39 39 -41 53 43 52 44 -46 71 66 -49 -50 50 -52 -53 61 54 55 59 58 -59 -60 -61 69 62 -64 67 65 -67 -68 68 -70 -71 -72 -73 -74 -75 -76 -77 -78 78 -80 83 81 84 -84 -85 -86 89 87 88 90 92 -92 -93 93 101 95 97 -98 -99 99 -101 -102 -103 123 105 -106 106 -108 110 -110 -111 111 112 113 -115 115 116 120 -119 -120 -121 121 -123 -124 -125 -126 -127
leaf_value=-0.014999263557477929 0.0076070299316810955 -0.0050358052365394998 0.0025951230868689243 0.0015926110761264004 0.017297036818094667 0.00425600375908916 -0.010627994708095686 -0.027899697645921279 0.014247995303640291 0.01134104886023491 -0.0099604771487579267 0.015608548233224261 -0.016107901850680426 -0.016720103719035741 0.0078346557700317669 -0.018695703068421939 0.00042966311115382984 -0.030574604525751604 0.0031747128955020754 -0.031559240546133273 0.0021585706885632575 -0.0069548849250998628 -0.014767644131855991 -0.012078370151912963 -0.011537371543724839 0.010375668137638117 -0.020485010874530928 0.021829109402077985 -0.007765104340510239 0.021974203457886744 -0.0044908602207998837 0.0093539279205039558 -0.0046659833250081032 0.015539736582103503 0.0077025778394343904 0.020375187807686029 0.014721724895571987 -0.021494904613291708 -3.6743766498241462e-05 -0.017226913501876856 -0.0003987207872760894 -0.01266020482735096 -0.0070039932153139464 0.0091615978771776435 0.016459203274028208 -0.010446975898502135 -0.0093614711408562378 -0.012024091300291152 0.0054615140204999956 0.004493662415490385 0.0068017746209989259 -0.013314408506163491 0.012436811193239004 -0.014269105354221163 0.0051536833913670014 -0.015476474183333354 0.0036293621585767916 0.02088789596724365 -0.018191574073350189 0.0025777930079381281 -0.0089643765253089123 -0.0096021986262469338 0.0020404003801859673 -0.016985751050270191 0.0032460715005713158 0.025103068753682765 0.003249517195164526 0.0067293819645053128 -0.0075912814946942596 0.004144349382925145 -0.0061120917895329183 0.0026458093347569616 -0.0050249578897783439 -0.015175974519916256 -0.0183992846505792 -0.017778960452263917 -0.0020582285744423683 0.014060635661456444 -0.0024240757065580464 0.004078707157895373 -0.0027235062064621778 -0.013907804266107502 0.012413518013437921 0.024075621235274305 -0.0014628848672435676 0.014215115884140669 0.024081062377838275 0.0091245255638686077 0.0006066717370594788 0.010020222575306952 0.0039096437588361553 0.001980991438713033 -0.0085445302537180464 -0.0049450266939042578 -0.01644348660557967 0.0061970353342034297 -0.0063829408444263467 -0.010118243129626408 0.011486512302273839 -0.0099279024929978688 -0.0042762799401883161 -0.0022720549751345642 0.0054458588655356159 -0.013590961591233738 -0.00063991729754772793 -0.015359624024515248 -0.017036707106898717 0.0015096826402499592 -0.017229377420015648 0.0013305370220345854 -0.0038475611479922649 0.015083981531763846 9.9199231715282483e-05 -0.011293382607694974 0.006701318496164504 -0.006920613796401476 -0.0025236396972335541 0.0052363013943349601 0.014189975426798593 -0.015483231912400645 -0.0019840331734866531 -0.012643875891433396 0.014409471805827327 0.020529272766231427 -0.0014377801546585623 -0.013786235364430938
leaf_weight=557 284 353 250 368 420 490 411 299 320 454 256 263 550 268 478 430 357 251 283 321 470 1503 454 256 463 314 301 301 325 347 261 257 259 551 253 326 253 392 258 286 424 370 703 3003 632 532 324 436 1455 254 250 1402 392 324 446 426 380 277 364 259 256 470 17718 285 338 255 1390 295 669 3714 260 378 615 433 436 251 252 345 1470 273 444 358 600 320 1110 250 308 1179 292 1199 852 1011 695 604 1218 395 1087 439 596 277 296 2007 404 335 6540 274 400 762 278 1258 986 440 2059 702 956 515 553 1657 594 649 585 251 258 406 1526 919
leaf_count=557 284 353 250 368 420 490 411 299 320 454 256 263 550 268 478 430 357 251 283 321 470 1503 454 256 463 314 301 301 325 347 261 257 259 551 253 326 253 392 258 286 424 370 703 3003 632 532 324 436 1455 254 250 1402 392 324 446 426 380 277 364 259 256 470 17718 285 338 255 1390 295 669 3714 260 378 615 433 436 251 252 345 1470 273 444 358 600 320 1110 250 308 1179 292 1199 852 1011 695 604 1218 395 1087 439 596 277 296 2007 404 335 6540 274 400 762 278 1258 986 440 2059 702 956 515 553 1657 594 649 585 251 258 406 1526 919
internal_value=-0.000271886 -0.00257341 -0.00177366 -0.00601192 -0.000904394 0.000312856 0.00508601 -0.0155865 3.20436e-05 -0.00466286 -0.00696374 -0.00191517 -0.0052848 0.000642265 -0.000661462 -0.0108039 -0.0117203 -0.0150756 -0.0141189 -0.022056 -0.00466776 0.000240626 -0.00784171 0.00148892 0.00205717 0.000735044 -0.000943581 0.00944163 0.000449006 0.00703941 -0.0020851 -0.00676819 0.00257305 0.00902354 -0.00467302 0.0107501 0.0127472 -0.0147524 0.0011098 -0.000700692 -0.000190854 0.00169585 0.000838032 0.00385339 0.005574 0.00434087 0.00614494 -0.000893073 0.00175606 -0.00616539 -0.00824831 -0.0105527 0.00163576 0.000547243 -0.000331943 0.000280052 0.00119641 0.00223129 -0.00700343 -0.00858963 0.001306 0.00196537 0.0017365 -0.00330717 0.0072199 0.0127281 0.000839889 -0.00636516 -0.00316908 0.00328484 0.00286106 -0.0049629 -0.000742183 -0.00951664 -0.0113183 -0.00624188 0.00631013 -0.000571376 0.00197997 0.00386781 0.00155223 -0.00016348 0.00594029 0.0149308 -0.00453066 -0.000907001 0.00157723 0.00584429 0.00365738 -0.00132795 -0.000858111 -0.0033462 -0.00145206 -0.00347032 -0.00644142 -0.00924194 -0.011718 -0.00236051 -0.00170717 0.0023403 0.00620953 0.000864717 0.00534084 -0.000724426 0.00105715 -0.00183822 -0.00606066 -0.00107467 -0.00804003 0.00558564 -0.000716685 -0.00308807 -0.0003149 -0.00279011 0.000905659 -0.000563695 -0.00203946 0.00233129 0.00709302 -0.00849266 -0.0057523 -0.000573192 0.0030103 0.0130566 -0.00359099 -0.00957867
internal_weight=97093 11337 10685 3529 1866 7156 1309 652 85756 3639 3185 1871 1551 1001 889 680 1663 1306 1314 577 738 82117 737 6476 6220 5404 4529 875 4228 1177 3051 1525 1526 810 716 816 852 653 39682 9689 9403 29993 21473 8520 6259 5627 4717 2261 1825 2190 1906 1656 19283 8712 7695 7371 6686 5942 744 685 5665 18580 18188 1695 1017 593 1714 1249 964 3970 574 910 872 691 1055 619 505 42435 4920 3450 2857 2512 1044 593 1468 37515 5423 2909 2601 32092 1422 2514 31842 8424 5003 3139 2305 834 1864 1169 892 3421 1414 23418 8997 14421 2200 12221 570 2457 11886 4836 3201 2761 7050 5694 4738 2172 1356 1635 2566 1094 843 810 1800 1472
internal_count=97093 11337 10685 3529 1866 7156 1309 652 85756 3639 3185 1871 1551 1001 889 680 1663 1306 1314 577 738 82117 737 6476 6220 5404 4529 875 4228 1177 3051 1525 1526 810 716 816 852 653 39682 9689 9403 29993 21473 8520 6259 5627 4717 2261 1825 2190 1906 1656 19283 8712 7695 7371 6686 5942 744 685 5665 18580 18188 1695 1017 593 1714 1249 964 3970 574 910 872 691 1055 619 505 42435 4920 3450 2857 2512 1044 593 1468 37515 5423 2909 2601 32092 1422 2514 31842 8424 5003 3139 2305 834 1864 1169 892 3421 1414 23418 8997 14421 2200 12221 570 2457 11886 4836 3201 2761 7050 5694 4738 2172 1356 1635 2566 1094 843 810 1800 1472
is_linear=0
shrinkage=0.0667171


Tree=38
num_leaves=127
num_cat=0
split_feature=153 80 24 18 82 92 97 15 73 21 1 19 18 33 79 70 35 20 0 17 12 183 18 18 21 97 16 20 152 33 0 73 0 20 97 19 181 17 99 19 21 5 17 18 13 19 73 33 12 97 81 153 73 21 15 21 18 20 97 24 21 18 200 73 0 19 5 19 24 73 18 97 19 70 18 104 19 19 99 12 18 82 80 14 20 62 20 73 99 79 84 81 13 20 17 92 12 17 24 24 18 18 4 74 20 164 12 18 33 24 20 200 0 73 14 21 74 61 104 12 11 20 99 18 18 12
split_gain=14.7114 16.9022 24.4003 41.5031 23.831 15.3197 30.6389 16.0717 15.8538 23.702 29.3958 22.7821 25.6268 18.5416 15.8331 14.8647 13.9978 13.7318 13.6856 15.135 16.3527 19.1512 18.3228 13.4846 13.2278 14.0002 13.0329 15.5307 20.3767 28.0413 23.6572 23.1617 18.6065 15.7494 17.8071 15.5596 15.2922 12.571 27.1058 36.0562 16.1344 15.1895 12.8059 12.1437 14.3663 15.1932 16.558 14.1324 22.3727 13.3172 12.4464 11.9625 11.632 14.1521 17.9203 12.6743 12.3056 22.7979 23.1401 21.2636 14.597 19.5772 15.3081 16.3228 14.5599 20.7177 17.8706 17.0114 14.2251 13.0897 12.2803 12.235 11.9519 16.0822 12.0096 19.0466 11.9283 13.5584 11.8789 11.749 11.6217 17.9664 16.2684 24.3931 13.8243 12.8843 12.6404 19.745 11.6164 13.0027 12.4717 12.7072 13.0281 12.3103 11.5446 19.364 11.436 11.4232 11.37 16.2847 11.3532 15.2735 12.32 11.2596 11.5869 11.0558 11.3628 11.0139 10.8622 13.6282 10.8087 14.2905 12.504 14.7414 10.5984 12.9438 10.3584 10.1711 9.98805 9.80953 9.79461 9.78258 21.1842 10.7617 15.5293 19.3194
threshold=0.51663944125175487 -0.082951165735721574 0.29893283545970922 0.12685234844684604 0.080590590834617629 -0.20411072671413419 0.21428346633911136 0.046161539852619178 -0.019339242018759247 -0.056114193052053445 -0.14630681276321408 -0.17928870022296903 -0.065505117177963243 0.02486233972012997 -0.35662455856800074 -0.1950557008385658 -0.033147929236292832 -0.11027888581156729 0.30539773404598242 0.57546558976173412 0.49084715545177465 0.23528539389371875 0.075347539037466063 0.036828249692916877 0.043722674250602729 -0.12214833870530127 0.23322368413209918 -0.028374005109071728 0.073153905570507063 -0.013292735908180474 0.23437500000000003 0.036242952570319183 -0.066761363297700868 0.17769311368465426 -0.14851412177085874 0.034564195200800903 1.0000000180025095e-35 0.25526712834835058 -0.20420205593109128 -0.094551708549261079 0.12350407615303995 1.0000000180025095e-35 -0.091572590172290788 -0.28176027536392206 -0.48507809638977045 0.19541774690151217 -0.055457735434174531 -0.47984249889850611 0.9639381766319276 -0.018253165297210213 0.12346076965332033 0.10936545208096506 -0.1003422401845455 -0.18139967322349546 0.2030846178531647 -0.6230407953262328 -0.052385110408067696 -0.099021356552839265 0.11843911558389665 0.56613445281982433 0.16248287260532382 -0.1062190495431423 -0.1411093324422836 0.068232100456953063 -0.26846592128276819 -0.16098526120185849 -1.0000000180025095e-35 -0.16098526120185849 0.033946305513381965 -0.019339242018759247 0.27170178294181829 0.11843911558389665 -0.13089796900749204 -0.13120604306459424 0.060200810432434089 0.052850928157567985 -0.043469697237014764 0.10090734437108041 0.12347288057208063 -0.032518604770302766 -0.065505117177963243 0.17633607983589175 -0.11482319608330725 0.11012648791074754 0.24160394072532657 -0.040483701974153512 -0.672428399324417 -0.054506897926330559 -0.19063854217529294 -0.22981856763362882 -0.03231790475547313 0.090564064681530013 -0.11746644601225852 -0.16320368647575376 0.49137125909328466 0.35026027262210851 0.01431597024202347 -0.018372043035924431 0.45602245628833776 0.52981880307197582 -0.043483361601829522 -0.037025602534413331 -0.44622801244258875 -0.198241151869297 -0.11622849851846694 0.34221132099628454 -0.041757298633456223 -0.26244951784610743 0.27841843664646154 0.027943932451307777 0.0092597450129687803 0.15866467356681827 -0.0099431821145117266 -0.14422725886106488 -0.13689731806516645 -0.0045644373167306176 -0.067923039197921739 -0.099241469055414186 0.059145253151655204 0.16714367270469668 -0.13001882284879682 -0.12521763890981671 0.41700500249862676 -0.0019346683839103205 0.04206181317567826 -0.11302232369780539
decision_type=2 2 2 2 2 2 2 2 2 2 2 2 2 2 2 2 2 2 2 2 2 2 2 2 2 2 2 2 2 2 2 2 2 2 2 2 2 2 2 2 2 2 2 2 2 2 2 2 2 2 2 2 2 2 2 2 2 2 2 2 2 2 2 2 2 2 2 2 2 2 2 2 2 2 2 2 2 2 2 2 2 2 2 2 2 2 2 2 2 2 2 2 2 2 2 2 2 2 2 2 2 2 2 2 2 2 2 2 2 2 2 2 2 2 2 2 2 2 2 2 2 2 2 2 2 2
left_child=5 -2 4 -4 105 6 8 -8 9 10 23 -12 -13 26 -15 -6 18 -11 52 20 21 37 116 -1 25 -19 27 36 29 30 35 32 -31 34 -30 120 -10 40 39 -39 42 -42 -20 44 50 46 -46 48 -45 -47 -18 -16 55 54 -54 -7 57 58 79 60 71 62 63 -62 65 66 -58 68 -66 76 110 -59 73 -69 75 -74 -67 -78 -64 -55 82 85 83 108 100 -82 -87 98 89 -76 91 -90 -93 -92 95 -51 -95 -14 103 -100 -83 -102 -103 -88 -105 106 -3 -84 109 -49 112 -112 113 -57 117 -116 -22 -70 -38 -28 -29 -104 123 -123 125 -125
right_child=1 2 3 -5 15 16 7 -9 13 17 11 12 97 14 51 -17 43 24 19 -21 22 -23 -24 -25 -26 -27 119 28 33 31 -32 -33 -34 -35 -36 -37 118 38 -40 -41 41 -43 -44 47 45 49 -48 80 -50 94 -52 -53 53 56 -56 70 64 59 -60 -61 61 -63 78 -65 67 69 -68 72 114 -71 -72 -73 74 -75 88 -77 77 -79 -80 -81 81 84 107 -85 -86 86 87 -89 90 -91 93 92 -94 96 -96 -97 -98 -99 99 -101 101 102 121 104 -106 -107 -108 -109 -110 -111 111 -113 -114 -115 115 -117 -118 -119 -120 -121 -122 122 -124 124 -126 -127
leaf_value=-0.001844130452491435 -0.017072566624366639 0.0031320376072668092 -0.030195663370082969 0.0028248869193110791 0.021880871403167638 -0.0041742698037015918 -0.007848165403506387 -0.029509433690944026 0.017692107290075369 -0.026052019844224887 0.017145468533909095 0.015373836637496772 -0.01669423119076003 -0.019118754155054783 0.0029020830896048771 0.0028654274206596311 0.022668674166528222 -0.0144655688463847 -0.00030081559460606812 -0.012348209118630271 -0.0067597721480394737 0.018171037532871658 0.0045694536951135893 -0.022404004711849102 -0.021615002872259214 0.0031881496171020218 -0.01507999221553492 -0.010951753485977571 0.014333598611639412 0.0044260104744164412 0.0044127420680972916 -0.0031564595773996835 0.028420133585220945 0.021031248386502933 -0.0054383278438190144 -0.0041022586836310573 0.0097156814815379227 0.013831545302496962 0.019348026743014533 -0.013918203282864309 0.010199952528754268 -0.0051985490203179359 -0.012149189742270784 -0.021014909653122953 0.016917562291400907 -0.01454471885300484 0.0021370039725670817 -0.0070659705320572806 0.002928332298998893 0.0021147786308504039 0.0047048372056497281 -0.010844842744858462 -0.0017052511764011509 -0.0095092945881250952 -0.02063416306930211 -0.00067008917236751958 -0.01676067411408386 0.0074909490813682388 0.0045818033307318011 -0.013964315751761729 -0.0003330887552991302 -0.013574496197726858 -0.0058813858394294472 0.017474216181790524 -0.00083834630709443843 0.010698659676113732 0.0016008301406246011 0.0054518775682920444 0.014978698468086532 -0.0029503765226941204 0.019839686226052068 -0.0018701301590999535 0.016312637043873379 -0.01049394165659868 0.0047277451837232035 0.0021985251848316125 -0.0058015309753435881 0.0086258536118331269 0.005376104639231132 -0.029505698052620721 -0.00091782890543247084 0.0066192599209335479 -0.01118087953788501 0.017571184461033361 0.0075806954122568226 -0.007767796543112388 0.013891792801525865 0.0010080616319234203 -0.0049105480373971338 -0.014775191935801096 -0.0065767968712406805 -0.0068662286540419563 0.0097531107124664389 0.013021194230730625 0.013449191975293491 -0.0095398924863147327 0.0027134785460717231 0.0015328582250296234 -0.0076443074890239987 0.013143951915346432 -0.017205456914207381 0.0044867459395811094 0.0001482713090729054 0.011705031643024144 0.0009709939097746667 0.0083860353062290404 -0.010551370685738587 -0.0028239236367012558 -0.012428236555409993 0.011982236521702674 -0.0054896897279924804 0.01262872330521211 0.011295445529699346 0.010098655653547374 0.0093846487475784182 0.026118392811684734 -0.024046507814955594 -0.0027835258089461477 -0.007538088140895704 0.00086342361518781485 -0.028508697749696561 0.0062604923252430368 -0.019217378191895174 -0.023222210863305847 -0.0027987633111686058 -0.0049924224015231999
leaf_weight=261 415 368 341 328 289 654 390 254 570 257 443 278 354 334 690 502 259 350 752 535 328 272 310 316 268 453 322 260 370 333 447 670 255 323 438 427 350 376 418 459 655 497 892 385 469 309 1205 310 308 2175 517 469 1421 280 262 1456 555 2289 272 408 487 495 1400 422 402 986 401 501 283 1409 256 843 802 630 264 915 637 526 588 255 7914 510 760 422 580 498 1178 7240 1143 345 257 283 769 1174 254 891 823 260 482 253 349 870 1958 774 1072 252 961 9326 287 353 798 252 1496 916 408 432 301 280 254 354 333 406 447 416 3485 693
leaf_count=261 415 368 341 328 289 654 390 254 570 257 443 278 354 334 690 502 259 350 752 535 328 272 310 316 268 453 322 260 370 333 447 670 255 323 438 427 350 376 418 459 655 497 892 385 469 309 1205 310 308 2175 517 469 1421 280 262 1456 555 2289 272 408 487 495 1400 422 402 986 401 501 283 1409 256 843 802 630 264 915 637 526 588 255 7914 510 760 422 580 498 1178 7240 1143 345 257 283 769 1174 254 891 823 260 482 253 349 870 1958 774 1072 252 961 9326 287 353 798 252 1496 916 408 432 301 280 254 354 333 406 447 416 3485 693
internal_value=-0.000202856 -0.00447572 -0.00273751 -0.0139625 0.000423896 -4.48161e-05 -0.00237394 -0.016467 -0.0014985 -0.00537232 -0.000600343 0.00481856 -0.00128169 0.000241349 -0.00636498 0.00987185 0.000267255 -0.0122124 0.00127368 -0.00168643 -0.000591861 0.00113586 -0.00856137 -0.0131592 -0.00883165 -0.00448333 0.00197789 0.00315167 0.00109598 -0.00201838 -0.00828828 0.00526433 0.0149134 0.00861762 0.00359053 -0.0138988 0.00986428 -8.78977e-06 0.00552833 -0.00136926 -0.00250491 0.00352223 -0.00675068 -0.000481639 0.00230003 0.00105198 0.00630773 -0.000892253 -0.0103213 -0.00136563 0.0107656 -0.00264291 0.00185695 0.00119698 -0.00468853 0.00452801 0.00164993 -0.000487064 -0.0110811 0.000744185 0.00167383 -0.00134975 0.000734721 0.00790286 0.00281493 -0.000308083 -0.00901942 0.0042702 0.0101168 0.00202634 0.00563713 0.00495853 0.00292945 -0.00339549 0.00399123 0.00881499 0.00530657 0.000702341 -0.00252977 -0.0191332 -0.000729903 -2.05982e-05 -0.00252967 0.00426785 -0.00236368 0.00115042 0.00257711 0.00305035 0.00234505 -0.00625512 0.00353243 -3.05582e-05 0.00523569 0.0070157 -0.000121324 -0.00126488 0.00879222 -0.00891684 0.00697308 -0.000414925 -0.00300097 -0.00357571 -0.00299294 0.0087824 0.005497 -0.00428685 -0.00673154 -0.0034588 -0.00162181 0.0030202 0.00488391 -0.00108557 0.00651376 0.00347974 0.0132873 0.0180486 -0.0151054 0.00611123 0.00241221 -0.00668326 -0.0208886 -0.00387762 -0.00533125 -0.00407665 -0.00500063 -0.0118761
internal_weight=97164 3456 3041 669 2372 93708 11083 644 10439 3240 1912 1335 892 7199 1493 791 82625 1328 35270 5795 5260 4321 939 577 1071 803 5706 5030 3856 2725 1467 1258 588 1131 808 1020 1174 4049 1253 835 2796 1152 1644 47355 6079 5303 1674 41276 693 3629 776 1159 29475 23647 1683 5828 21964 7739 807 6932 6524 3392 2897 909 14225 4514 956 9711 1805 3558 5174 3132 7906 1131 6775 1717 2149 1163 1988 535 40583 29125 11458 1372 9714 19411 11497 10999 5058 609 4449 2195 1052 2254 3320 3066 1997 614 3759 735 9134 8624 8275 3024 1846 1581 1329 10086 950 663 4918 1050 3868 2372 1403 840 629 563 604 676 593 7405 5447 5000 4594 1109
internal_count=97164 3456 3041 669 2372 93708 11083 644 10439 3240 1912 1335 892 7199 1493 791 82625 1328 35270 5795 5260 4321 939 577 1071 803 5706 5030 3856 2725 1467 1258 588 1131 808 1020 1174 4049 1253 835 2796 1152 1644 47355 6079 5303 1674 41276 693 3629 776 1159 29475 23647 1683 5828 21964 7739 807 6932 6524 3392 2897 909 14225 4514 956 9711 1805 3558 5174 3132 7906 1131 6775 1717 2149 1163 1988 535 40583 29125 11458 1372 9714 19411 11497 10999 5058 609 4449 2195 1052 2254 3320 3066 1997 614 3759 735 9134 8624 8275 3024 1846 1581 1329 10086 950 663 4918 1050 3868 2372 1403 840 629 563 604 676 593 7405 5447 5000 4594 1109
is_linear=0
shrinkage=0.0667171


Tree=39
num_leaves=127
num_cat=0
split_feature=30 11 153 20 82 33 20 21 97 24 92 200 16 11 81 17 20 95 19 12 201 3 5 19 16 4 12 18 17 33 95 92 73 12 20 19 21 99 201 11 20 74 81 19 70 4 19 24 12 99 4 182 21 19 5 4 92 33 95 99 170 92 84 21 12 1 92 80 197 99 95 33 12 5 92 73 73 84 21 11 70 12 21 18 12 18 69 103 61 12 73 12 33 73 73 0 92 0 73 73 16 4 33 11 19 15 33 21 4 180 21 19 19 15 3 3 73 61 152 20 20 82 92 200 153 153
split_gain=13.8698 11.7398 13.7785 23.4758 18.9296 16.2996 15.6999 12.2804 11.3618 15.9617 19.2752 16.8307 16.1166 15.8764 14.7514 14.7186 12.8697 11.8558 20.1041 19.0594 28.2671 17.5768 20.1689 16.8189 17.8188 16.4806 17.9198 15.4409 14.5679 23.1754 15.2148 33.301 17.494 21.9048 16.1058 15.3823 19.7493 15.2106 17.1533 14.3503 14.3227 13.4953 13.8628 13.2993 13.0729 12.7303 12.6652 12.5152 20.5898 19.4959 13.9928 12.0194 14.2376 11.581 11.5749 15.2638 11.6127 11.5071 19.6052 11.491 11.2701 11.0839 13.8749 11.2071 12.4568 13.9486 10.8553 15.2636 10.8276 10.7911 23.085 10.7408 10.6915 10.648 10.531 10.5148 10.4605 10.1871 10.7753 10.1516 10.08 10.0599 10.9452 16.9764 9.91712 9.84002 9.79324 11.0286 9.78703 11.3973 21.8052 13.069 15.0112 11.6668 21.4747 14.8152 9.83881 9.69689 9.60791 14.1616 19.8034 13.418 15.1663 14.0165 12.8541 20.3421 13.9918 12.2688 11.8391 11.6412 10.8742 10.6775 14.7791 10.2269 10.217 9.51479 13.7048 9.49044 9.34178 9.31033 9.27265 12.3124 15.9817 11.5163 9.93365 9.7301
threshold=-0.048393145203590386 -0.8072584569454192 -0.12373552098870276 0.16250384598970416 -0.017385641112923619 0.41716553270816809 0.12208744138479234 -0.6230407953262328 0.15477208793163302 -0.27953521907329554 0.037130132317543037 -0.38451273739337916 -0.057035921141505234 -0.01743920054286718 0.68196031451225292 -0.092938810586929307 0.89131671190261852 0.069767899811267867 -0.16098526120185849 -0.063543215394020067 -0.072065796703100191 -0.47445212304592127 -1.0000000180025095e-35 -0.23194542527198789 0.16127510368824008 -0.20984914898872373 0.0021980537567287688 0.57462233304977428 -0.18059250712394712 -0.0017683801706880329 -0.20600235462188718 -0.032033422961831086 -0.088785950094461427 -0.26206639409065241 0.0047915116883814344 -0.0040616221958771339 0.063298530876636519 0.12015196681022645 -0.0048074184451252213 -0.089185245335102067 -0.099021356552839265 0.2534321546554566 0.59354516863822948 -0.10004562884569167 0.23365000635385516 0.01222305651754141 -0.14506296068429944 0.011057563591748478 -0.2031997740268707 0.072300106287002577 -0.37454032897949213 -0.34294511377811426 0.083526916801929488 -0.13688614219427106 -1.0000000180025095e-35 -0.093263927847146974 -0.0063090249896049491 -0.028037752956151959 0.26152046024799352 -0.20973649621009824 0.005768819712102414 -0.054457308724522584 0.12578707933425906 -0.15856117010116574 0.11048654839396478 -0.095170453190803514 -0.068576745688915239 0.50816661119461071 -0.095155112445354448 0.36292523145675665 0.13240216672420504 -0.021365269087254998 0.49084715545177465 1.0000000180025095e-35 -0.10709294676780699 0.095208041369915022 -0.049843065440654748 0.20756937563419345 -0.39935074746608729 0.39741532504558569 0.021345284767448906 -0.22037206590175626 -0.066228382289409624 -0.14188373088836667 0.22381797432899478 -0.041037458926439278 -1.4113613963127134 -0.69128939509391774 -0.10050569102168082 0.057469949126243598 -0.0079927067272365076 -0.010560961440205572 -0.032177653163671487 0.04192838445305825 0.093138314783573165 -0.1207386367022991 -0.190446101129055 0.1548295468091965 -0.065595980733633028 0.025922437198460106 0.15578629821538928 -0.028517822735011574 0.59307655692100536 -0.07369601726531981 -0.19325480610132215 -0.1069153845310211 0.46514876186847692 0.1100946180522442 -0.50525307655334462 -0.23205760121345517 0.06101468205451966 -0.013068219646811484 -0.2022985368967056 -0.066915381699800477 0.47721910476684576 0.42316816747188574 -0.053409172222018235 0.6782553791999818 -0.089440122246742235 -0.47429855167865748 0.44688706099987036 0.15723496675491336 -0.07949024066329001 -0.027105963788926598 0.45257724821567541 0.63241612911224376
decision_type=2 2 2 2 2 2 2 2 2 2 2 2 2 2 2 2 2 2 2 2 2 2 2 2 2 2 2 2 2 2 2 2 2 2 2 2 2 2 2 2 2 2 2 2 2 2 2 2 2 2 2 2 2 2 2 2 2 2 2 2 2 2 2 2 2 2 2 2 2 2 2 2 2 2 2 2 2 2 2 2 2 2 2 2 2 2 2 2 2 2 2 2 2 2 2 2 2 2 2 2 2 2 2 2 2 2 2 2 2 2 2 2 2 2 2 2 2 2 2 2 2 2 2 2 2 2
left_child=86 -2 3 4 6 69 7 -3 16 11 12 79 15 -14 54 -11 17 27 19 20 -19 -22 -23 60 39 61 43 28 37 30 32 88 33 -30 35 -34 40 38 81 80 -37 42 47 53 -43 -26 -28 48 49 -31 -50 -39 -53 -27 -13 -56 -57 58 -48 -59 -21 63 84 -20 65 73 -5 -68 -7 70 -6 -33 115 -65 -17 -64 -16 78 -71 117 -25 -4 -83 -84 -63 -74 -1 -88 97 91 -91 92 93 95 -95 -90 -96 -32 110 100 101 104 103 -103 -100 -106 -107 108 -101 -109 111 112 -49 -114 -110 116 -9 -10 -40 -12 124 122 -122 -124 -89 -126
right_child=1 2 8 66 5 68 -8 72 9 10 119 14 13 -15 76 74 -18 18 25 23 21 22 -24 24 45 26 46 -29 29 41 31 71 34 -35 -36 36 -38 51 118 -41 -42 44 -44 -45 -46 -47 57 98 50 -51 -52 52 -54 -55 55 56 -58 59 -60 -61 -62 62 75 64 -66 -67 67 -69 -70 77 -72 -73 85 -75 -76 -77 -78 -79 -80 -81 -82 82 83 -85 -86 -87 87 120 89 90 -92 -93 -94 94 96 -97 -98 -99 99 107 -102 102 -104 -105 105 106 -108 109 114 -111 -112 -113 113 -115 -116 -117 -118 -119 -120 -121 121 -123 123 -125 125 -127
leaf_value=0.012818649012646406 -0.0079458003922429285 -0.0046592761143135564 -0.023030856123564331 0.022585369626487131 0.0097934038411962056 -0.015954196659672345 -0.01029667836984834 0.0084315045340762444 -0.0049634145701282174 -0.012770469922784966 0.0063690899239061127 -0.0018280847692966182 -0.024968257285114964 -0.0098281118386967202 -0.015764498080939538 -0.0046432702493909347 0.01393240969191077 0.021333096923578293 -0.014855238904632952 -0.023279137690118211 0.012431279882191389 -0.014940323024810869 0.0061465520637411022 -0.0093408750179859376 0.0011215744145707143 -0.0017616914130029408 -0.01220909733375434 0.015582775528078222 -0.003250964739582213 -0.0092151749390500162 0.020336789027424546 0.019004706705091801 -0.018920499614345027 0.021207323954906668 0.0023609820871267869 -0.0068749364609339159 -0.017945756166617668 -0.0086457556841184596 0.0095119697534154692 0.017989380035545972 0.015007611074582747 -0.0072579926198947523 -0.0091160842318584873 -0.0021982204194441871 0.0011818620841062663 -0.019814509452674399 0.0069833471196977595 -0.014287737946998565 -8.9107603058452241e-05 0.016162180207715721 -0.019412801099511396 -0.00086796095751716384 0.015661742698048296 -0.019129154722385872 0.01442492525315035 -0.0089699202088772082 0.0073490671193011227 -0.00052008412651977564 -0.013087357905121347 0.011400622450554902 -0.0034261620469990903 -0.021609377121286886 0.005722556335275999 -0.0032039530420438149 0.0094982896588312622 0.0032531005689899646 0.0015651339139468642 0.020870798380934287 -0.0032856410615486067 -0.00098578028821517862 -0.0038922267801290091 0.0034022253036017952 0.0073152661209820976 -0.020098608473794796 0.01422610079289442 -0.012730169929286314 0.00089459044968365491 0.0045119036820256636 -0.014558299222606893 0.0013366141572539747 0.0076008614714512968 0.0006851526238074462 -4.7297413463970389e-05 -0.02033380751775115 -0.0084838182740093852 0.023127483780913765 -0.0043319142890546527 0.0010568354002670369 -0.0051596902136713226 -0.0033690295663057041 0.018544231677731948 -0.012595451729725404 0.012627255696185622 -0.023659039049427337 -0.0088866786541443536 0.015521928420508226 0.0091043536769297648 0.001917368197933177 0.0021487161207743742 0.0089847237536481196 -0.0058602363452956415 -0.0068572222685946644 0.015767921000204348 0.0044596920380864033 0.025934290955707078 0.00013981094851262365 0.017652162826270305 0.016163715689426473 -0.0072642912479492861 0.0011899313032449252 0.0064142305466331762 -0.014613442610170694 0.0050209614234566187 -0.0083663715102596462 0.0052474414462398309 -0.0040610358721430975 -0.0048873426663248913 -0.020913755576344773 -0.005152991846414167 -0.0035038046021359476 0.017373088930335158 0.019568750839990191 -0.01172597740021381 0.0057797117920874259 -0.0087751290216306344 0.0038279199642066619
leaf_weight=299 1008 538 288 255 1056 562 333 1870 377 348 501 779 405 1341 291 254 264 438 360 251 432 394 405 266 254 260 253 276 304 250 252 909 402 340 1314 250 256 373 301 308 275 2517 702 1254 1197 252 441 352 254 283 495 604 369 515 825 294 553 570 418 944 263 637 282 352 335 509 659 251 658 500 1131 256 496 320 263 260 380 381 551 381 369 352 280 526 447 277 1797 29912 319 388 411 382 382 250 273 290 262 261 572 285 709 691 359 1624 435 455 368 273 1893 1456 478 390 877 353 337 506 415 304 527 2658 252 261 306 359 892 385
leaf_count=299 1008 538 288 255 1056 562 333 1870 377 348 501 779 405 1341 291 254 264 438 360 251 432 394 405 266 254 260 253 276 304 250 252 909 402 340 1314 250 256 373 301 308 275 2517 702 1254 1197 252 441 352 254 283 495 604 369 515 825 294 553 570 418 944 263 637 282 352 335 509 659 251 658 500 1131 256 496 320 263 260 380 381 551 381 369 352 280 526 447 277 1797 29912 319 388 411 382 382 250 273 290 262 261 572 285 709 691 359 1624 435 455 368 273 1893 1456 478 390 877 353 337 506 415 304 527 2658 252 261 306 359 892 385
internal_value=-0.000220971 -0.000811957 -0.000694658 0.00151305 0.000387721 -0.00249312 0.00353802 0.00467579 -0.00114475 -0.0031688 -0.00544329 -2.41977e-05 -0.00968544 -0.0133762 0.00243595 -0.0021983 -0.000656364 -0.000751706 -0.00253791 0.0015826 0.00682551 0.0016176 -0.00420997 -0.00285785 0.000796284 -0.00437716 -0.00176683 -3.12073e-05 -0.000182098 0.00038145 0.00341518 0.00584416 -0.000158044 0.00960825 -0.00269792 -0.00834357 -0.00283694 -0.00414046 -0.00746838 0.00623158 0.00451623 -0.000956835 -6.88767e-08 -0.006475 -0.00452763 -0.00924191 0.00186097 0.000484905 -0.00576609 0.0041813 -0.0128968 0.00145413 0.00537811 -0.0133409 0.00484281 0.00797343 0.00164232 0.00338732 -0.0027427 0.00688951 -0.0131975 -0.00783592 -0.0118765 -0.00431224 -0.00176934 -0.00500472 0.0104283 0.00696022 -0.00915396 -0.000235788 0.0027013 0.0155958 0.00609794 -0.0113115 0.00488781 -0.00309411 -0.00628606 -0.00474053 -0.00813753 -0.00727491 0.000452291 -0.011849 -0.00901496 -0.0132906 -0.0162366 0.013048 0.000853774 0.000747322 0.0025552 0.00106454 0.00786291 -0.00144273 0.000947698 -0.00224139 -0.00762387 0.00463559 -2.69395e-05 0.0110403 0.00116175 0.00212823 0.00445788 0.00609308 0.00306222 0.00106444 0.0104988 0.0142706 0.00803469 -0.000725557 -0.00370514 0.0035864 -0.00255307 -0.00475148 -0.00228675 0.00114006 -0.00535212 0.00415505 0.00599216 -0.0121518 0.000139638 -0.00192464 0.00103064 0.00683707 0.00315278 -0.00222618 0.000809844 -0.00494096
internal_weight=97194 62731 61723 10439 9274 4839 4435 4102 51284 9954 5770 4184 2611 1746 3122 865 41330 41066 11789 3632 1669 1231 799 1963 1449 8157 4655 29277 29001 25381 7776 4635 3141 644 2497 1183 781 3620 2274 943 525 17605 13891 2029 3714 506 2626 13189 1282 533 749 1346 973 775 2451 1672 847 2373 859 1514 514 3502 1626 1876 1516 1181 1165 910 1220 3619 2187 1165 3564 672 517 542 671 1432 1051 1062 635 1446 1158 806 1084 773 34463 34164 3470 2957 799 2158 1776 1394 785 609 535 513 11907 9457 5213 4504 2674 2315 1830 1258 823 4244 2515 1729 2450 1972 1582 1230 2230 2791 2285 681 828 3159 32367 1178 917 665 31189 1277
internal_count=97194 62731 61723 10439 9274 4839 4435 4102 51284 9954 5770 4184 2611 1746 3122 865 41330 41066 11789 3632 1669 1231 799 1963 1449 8157 4655 29277 29001 25381 7776 4635 3141 644 2497 1183 781 3620 2274 943 525 17605 13891 2029 3714 506 2626 13189 1282 533 749 1346 973 775 2451 1672 847 2373 859 1514 514 3502 1626 1876 1516 1181 1165 910 1220 3619 2187 1165 3564 672 517 542 671 1432 1051 1062 635 1446 1158 806 1084 773 34463 34164 3470 2957 799 2158 1776 1394 785 609 535 513 11907 9457 5213 4504 2674 2315 1830 1258 823 4244 2515 1729 2450 1972 1582 1230 2230 2791 2285 681 828 3159 32367 1178 917 665 31189 1277
is_linear=0
shrinkage=0.0667171


Tree=40
num_leaves=127
num_cat=0
split_feature=152 92 96 15 73 20 16 20 19 16 17 11 4 12 21 18 80 201 20 69 18 4 73 150 80 20 12 69 84 9 104 20 12 20 170 73 21 0 21 16 20 95 17 95 199 3 36 73 18 5 33 73 201 20 0 96 18 74 18 5 4 18 15 70 12 62 16 0 20 18 12 96 62 11 18 19 16 9 18 5 20 92 33 19 73 73 20 18 92 14 17 99 0 16 183 79 18 92 20 20 17 4 17 12 99 99 99 171 201 104 18 13 14 200 81 80 12 96 5 99 62 21 92 18 13 19
split_gain=14.3511 13.505 24.2735 19.6198 16.7764 21.1176 16.6095 34.0561 16.1449 21.0252 16.5979 15.4885 17.1606 15.4585 13.9767 16.0594 18.5776 17.3758 13.834 16.5087 13.5755 43.1834 23.8632 23.5845 19.2267 22.1075 13.901 21.2452 17.1303 14.8701 14.5482 14.2551 22.6919 21.9195 16.2526 13.4165 13.3752 12.7372 12.986 12.0846 14.2346 18.6709 17.9125 14.6305 14.1628 14.5443 13.1829 12.4662 22.3244 29.1881 24.5508 22.1169 19.7386 19.0296 25.0887 30.7782 14.8125 16.3756 17.3321 14.2101 25.0737 31.3155 16.9402 14.8382 13.6269 19.1315 18.6465 15.8127 22.6771 13.8026 16.9667 13.3379 17.6758 13.83 26.6818 19.4525 15.9332 20.1749 17.4742 19.0502 18.0989 26.1077 25.1508 20.9582 20.0247 26.663 19.5233 16.0703 19.0069 17.2641 14.8814 17.9391 14.0864 13.911 13.7372 13.2153 14.3652 12.365 12.1516 23.3374 21.8621 27.0032 37.269 19.8417 27.9974 25.4339 44.8142 23.249 19.6851 20.5172 18.1966 34.2906 16.6909 19.3927 16.1034 15.1456 14.9861 44.9821 19.5797 20.6687 15.9465 25.9307 15.7139 14.9827 18.4441 14.8125
threshold=0.46334625780582434 -0.20411072671413419 0.21225970238447192 0.052315384149551399 -0.010585550684481857 -0.23208858817815778 0.21882000565528872 -0.028374005109071728 -0.17928870022296903 0.044051291421055801 0.025454807095229629 0.096535321325063719 -0.26055346429347986 0.084149971604347243 -0.18139967322349546 -0.072832494974136339 -0.071854036301374422 -0.10724598541855811 0.080188136547803893 0.22279491275548938 0.35167858004570013 -0.17965868860483167 -0.094320066273212419 -0.053232077509164803 -0.055955603718757622 0.035794347524642951 1.1190612912178042 -1.4113613963127134 0.12977137416601184 -0.35467980802059168 0.82372641563415538 0.44688706099987036 0.034012593328952796 0.4951650351285935 0.78615957498550426 0.063646610826253905 0.11550081521272661 -0.1889204531908035 0.50897553563117992 0.28043764829635626 0.15337122231721881 0.027009136043488983 -0.37499101459980005 0.39595931768417364 -0.54756611585617054 -0.48704174160957331 -0.57394364476203907 -0.30556355416774744 -0.17216216027736661 1.0000000180025095e-35 -0.22592850774526593 -0.52253320813179005 -0.35164868831634516 -0.23208858817815778 -0.26846592128276819 -0.2291719168424606 -0.17216216027736661 -0.061629742383956902 -0.1066157892346382 -1.0000000180025095e-35 0.06094936095178128 -0.1066157892346382 0.093423075973987593 0.19399697333574298 -0.1013108193874359 0.035226078703999526 -0.23384124040603635 -0.069602273404598222 -0.57604479789733876 -0.034106232225894921 0.15197481215000155 0.79628863930702221 1.2013669610023501 -0.07369601726531981 0.30457496643066412 0.54896092414855968 -0.25573538243770594 -0.95913586020469654 0.16934926807880404 -0.37499999999999994 -0.013508296106010674 -0.014385751914232968 -0.084105942398309694 -0.01921578403562307 0.17969280481338504 0.038064388558268554 0.085137289017438902 0.20948536694049838 -0.070371162146329866 0.77530506253242504 0.62080246210098278 -0.14780844748020169 0.27982954680919653 -0.30744177103042597 0.23528539389371875 0.18108068406581881 -0.011360922362655399 -0.056467512622475617 0.061908153817057616 0.079477142542600646 -0.04454591125249862 0.12489546835422517 0.25526712834835058 -0.02037779055535793 0.082835048437118544 0.33386474847793585 0.13944444060325625 -0.0025022499030455943 0.13074978440999988 0.08083409816026689 -0.049812914803624146 0.02039157506078482 0.061808034777641303 -0.18049918115139005 0.27236421406269079 -0.11056197807192801 -0.27990269660949701 -0.048928208649158471 -1.0000000180025095e-35 0.024842001497745517 0.22765509784221652 0.081562805920839324 0.28346666693687445 -0.12393776327371596 0.14198909699916842 0.069452714174985899
decision_type=2 2 2 2 2 2 2 2 2 2 2 2 2 2 2 2 2 2 2 2 2 2 2 2 2 2 2 2 2 2 2 2 2 2 2 2 2 2 2 2 2 2 2 2 2 2 2 2 2 2 2 2 2 2 2 2 2 2 2 2 2 2 2 2 2 2 2 2 2 2 2 2 2 2 2 2 2 2 2 2 2 2 2 2 2 2 2 2 2 2 2 2 2 2 2 2 2 2 2 2 2 2 2 2 2 2 2 2 2 2 2 2 2 2 2 2 2 2 2 2 2 2 2 2 2 2
left_child=1 2 4 -4 5 -1 7 11 9 10 -7 -6 35 -8 -10 17 -17 -16 19 -9 26 24 -23 -24 25 -22 27 -3 29 -28 31 34 37 -34 39 -13 -25 38 -33 46 42 -42 -41 44 -44 -46 -29 48 49 52 -51 -52 -48 54 56 -56 -49 58 -58 -50 61 -61 -62 -63 -57 66 -66 69 -69 -67 -71 72 73 75 90 76 77 -55 79 93 81 -81 -83 92 85 86 -85 89 -89 -80 98 97 -82 -79 -84 96 -60 -92 114 112 103 102 108 105 -105 106 107 -101 109 -102 111 -104 113 -100 116 -115 117 118 122 -120 -118 123 -75 -122 -125 -103
right_child=-2 20 3 -5 6 8 13 18 14 -11 -12 12 -14 -15 15 16 -18 -19 -20 -21 21 22 23 36 -26 -27 28 30 -30 -31 -32 32 33 -35 -36 -37 -38 -39 -40 40 41 -43 43 -45 45 -47 47 53 59 50 51 -53 -54 71 55 64 57 -59 95 60 62 63 -64 -65 65 67 -68 68 -70 70 -72 -73 -74 74 -76 -77 -78 78 87 80 83 82 94 84 -86 -87 -88 88 -90 -91 91 -93 -94 -95 -96 -97 -98 -99 99 100 101 125 110 104 -106 -107 -108 -109 -110 -111 -112 -113 -114 115 -116 -117 120 -119 119 -121 121 -123 -124 124 -126 -127
leaf_value=0.01299022574743415 -0.0040496106634007887 0.016175055839996958 -0.0055948358655717673 -0.029068975971261676 -0.0033528360751172133 0.017898129456689379 -0.021492579868705348 -0.0065370146624568982 0.0043694446041060552 -0.014562913531658587 -0.003626297154645592 0.017443665464578803 0.024409474170813378 -0.0019981347499934427 -0.013559489031299882 -0.022149459261429787 -0.0013272878597416007 0.0038916204582327457 0.0024718379772938177 0.011394276808732265 -0.013088816839733718 0.011772902210843691 -0.015895288897743255 -0.0054328054965268558 0.014247402025264347 0.012514788818765969 -0.0052723799131024537 -0.01330412626038242 0.0021224844633500202 -0.027218518355883695 0.0086949376406923132 0.017863117138442405 0.013250443414411115 -0.0077665067260672778 0.011140637165770729 -0.0030620307944025441 0.0059937339862942409 0.023092818534060568 -0.0020844339822138711 0.014007839940625664 -0.0024788938456102643 -0.021061780095915666 0.013085565003234248 -0.012337586518383969 0.0072716144490001912 -0.0039249806702738033 -5.4564423571138648e-05 -0.0085458445152689494 -0.008930569818441654 0.01863335161173452 0.0046325116035112841 -0.016072268084541298 0.020880635411806077 -0.015270905573008316 0.015113744295606553 -0.020763007135067436 0.022552595361702198 -0.0052127596746226268 -0.00063164893628839616 -0.0045174426675883075 8.7634175803960346e-05 0.0078429042228874771 -0.022407129428060633 0.02678114105874764 0.010648170251467462 -0.015293073747441769 -0.0062848391090617409 -0.00053473164066159234 -0.023431282408147128 0.014291115601953194 -0.009559937366652933 0.013577634333445228 -0.015140629633311952 -0.02195041772598251 -0.015401406429858799 0.012539429309278228 -0.0028838571497233029 0.023496858652312103 -0.022953639674522609 -0.01597798109835423 0.012709430711306655 0.01630655853263651 0.0024547459816929938 -0.0093165469961262199 -0.017187665444496288 0.020197666217964445 0.0053949263447180115 -0.012885660694700993 0.0095389941509804108 -0.0012026457334338714 -0.0046707479869937587 0.0041520049399979197 -0.0019271475451457709 0.0030464209062876012 -0.012356185987617816 -0.0064377745999457539 0.016706211299499559 -0.024068084434517939 0.0044779366747857577 -0.023423104980631358 0.01991884756893925 0.0049002748571740388 -0.0021305108347421408 -0.005396986638780122 0.019920648184887053 -0.027917086478093961 0.014281102186636353 -0.0026691169064916708 -0.0087791200118290409 0.0031385906129827532 -0.0014616626964675337 -0.03094718344971235 0.0087274667545120203 -0.026155978937390193 -0.0024539069139330851 -0.0090948095904421281 0.0049148660075084604 0.011595274038182999 0.011688603974806215 -0.0095509034686786266 0.011767309332956459 -0.015469976772155654 -0.0033589914142522414 0.006933959185592321 -0.017394888164293611 0.015679965330070291
leaf_weight=258 4228 361 425 254 251 329 270 2107 275 270 300 274 466 549 540 809 252 470 2571 252 285 481 600 1102 1639 310 298 329 424 259 848 260 316 712 552 284 772 352 316 300 566 421 280 611 598 3600 257 530 716 265 527 400 838 328 256 371 281 614 386 576 353 435 250 326 407 348 977 263 732 250 275 325 334 521 428 451 12844 328 349 531 1440 367 661 710 261 311 914 258 468 306 307 396 360 274 474 360 458 285 347 457 620 1679 450 504 311 251 385 510 261 687 1644 310 257 305 2459 992 12784 792 358 465 502 461 336 300 251 866
leaf_count=258 4228 361 425 254 251 329 270 2107 275 270 300 274 466 549 540 809 252 470 2571 252 285 481 600 1102 1639 310 298 329 424 259 848 260 316 712 552 284 772 352 316 300 566 421 280 611 598 3600 257 530 716 265 527 400 838 328 256 371 281 614 386 576 353 435 250 326 407 348 977 263 732 250 275 325 334 521 428 451 12844 328 349 531 1440 367 661 710 261 311 914 258 468 306 307 396 360 274 474 360 458 285 347 457 620 1679 450 504 311 251 385 510 261 687 1644 310 257 305 2459 992 12784 792 358 465 502 461 336 300 251 866
internal_value=-0.000249366 -7.61953e-05 -0.00224827 -0.0144511 -0.00145558 -0.00522573 0.000420859 0.00160461 -0.00669488 0.000863805 0.0075796 0.0113129 0.0149603 -0.00848452 -0.0096072 -0.0114879 -0.0172266 -0.00541552 -0.000902744 -0.00459505 0.000220943 0.00352243 -0.00175758 -0.00441262 0.0105194 0.00020893 -2.27215e-06 9.96771e-05 -0.00788076 -0.0155618 2.16867e-05 -7.69234e-05 0.00553803 -0.00125138 -0.000229072 0.00697817 -0.000707923 0.0130922 0.00689436 -0.000317129 -0.00308933 -0.0104501 -0.0017324 -0.00267256 -0.00134179 -0.00231835 -4.69027e-05 1.99038e-05 0.00324035 0.00807039 0.000822212 -0.00427243 0.0159246 -0.000243715 -0.00365046 -0.00706097 0.00136796 0.00389643 0.00769168 -0.000906898 0.00204137 0.00714538 -0.009197 0.0160204 -0.00864812 -0.00724586 -0.00127562 -0.0116478 -0.0174038 -0.00504053 0.00173048 0.00016808 8.53775e-05 0.00018237 0.00107533 -0.00111539 -0.00140905 0.000858174 0.00152703 0.00295211 0.00181478 -0.00329713 0.00117489 0.00442441 3.65625e-05 0.00239164 -0.00101746 -0.00528376 0.00149786 -0.0128496 0.00130463 -0.00673276 0.00975643 0.0142465 -0.00370561 0.0041705 0.00874052 -0.0140833 0.00157039 -0.000213354 0.00121151 0.00322436 -0.000204338 -0.00419666 0.00423529 -0.00851035 -0.00485294 -0.0125217 0.00777962 0.011133 -0.00542956 -0.0139541 -0.0069227 -0.00940617 0.00257731 -0.0131569 0.00331747 -0.00146655 -0.0076549 -0.000273531 0.0041473 -0.00230636 -0.014702 0.00343688 -0.00409236 0.00858628
internal_weight=97252 93024 11206 679 10527 3503 7024 6205 3245 899 629 1275 1024 819 2346 2071 1061 1010 4930 2359 81818 5189 2955 2474 2234 595 76629 75648 981 557 75287 74439 1956 1028 72483 558 1874 928 576 71931 6376 987 5389 5089 4478 4198 65555 65226 4943 2287 1192 927 1095 60283 6508 3879 2629 2099 1485 2656 1940 1337 603 761 3623 3252 1384 1868 995 873 525 53775 53450 53116 31481 21635 21184 8340 8012 6631 6029 2033 1502 3996 2196 1935 1624 1381 726 655 31053 988 1800 602 1135 1204 844 592 30065 10836 8935 6517 3972 2418 815 1603 1352 967 1568 1307 2404 760 1901 1644 19229 1297 16770 2472 1680 823 14298 1514 857 1053 551 2545
internal_count=97252 93024 11206 679 10527 3503 7024 6205 3245 899 629 1275 1024 819 2346 2071 1061 1010 4930 2359 81818 5189 2955 2474 2234 595 76629 75648 981 557 75287 74439 1956 1028 72483 558 1874 928 576 71931 6376 987 5389 5089 4478 4198 65555 65226 4943 2287 1192 927 1095 60283 6508 3879 2629 2099 1485 2656 1940 1337 603 761 3623 3252 1384 1868 995 873 525 53775 53450 53116 31481 21635 21184 8340 8012 6631 6029 2033 1502 3996 2196 1935 1624 1381 726 655 31053 988 1800 602 1135 1204 844 592 30065 10836 8935 6517 3972 2418 815 1603 1352 967 1568 1307 2404 760 1901 1644 19229 1297 16770 2472 1680 823 14298 1514 857 1053 551 2545
is_linear=0
shrinkage=0.0667171


Tree=41
num_leaves=127
num_cat=0
split_feature=153 82 36 95 95 199 80 33 92 97 153 11 96 20 12 95 95 0 199 74 95 14 19 199 11 16 3 159 181 12 17 33 3 20 14 19 12 105 170 82 97 95 0 74 159 95 17 33 16 12 19 12 19 24 3 12 96 19 10 104 12 96 149 153 14 95 19 151 20 153 103 19 0 0 85 12 95 200 3 81 10 95 20 20 3 96 19 16 151 19 96 11 165 81 198 19 183 92 11 152 183 17 36 62 153 16 20 95 12 11 0 95 19 200 24 96 20 20 20 19 96 62 12 12 12 97
split_gain=13.191 16.2261 17.4354 14.8841 21.1903 16.0065 14.425 18.1158 13.834 23.1574 19.1127 14.69 21.0714 15.2883 19.5881 28.3802 20.0846 15.8291 15.5461 14.9883 14.7865 14.1771 13.7646 13.4984 13.431 18.8809 20.299 20.0611 17.089 16.9337 15.9586 18.9192 20.1182 24.3884 19.3486 13.9524 12.8316 11.8334 13.9309 13.6173 13.6157 12.1435 22.2714 12.104 15.5856 12.7937 20.2109 25.0651 31.5429 25.4432 45.3487 30.7872 24.3983 24.1898 21.8439 23.1795 21.2966 19.3385 19.3047 19.701 18.5124 22.8472 25.9397 18.1949 18.697 17.0979 19.4243 19.5602 17.0348 23.63 16.95 16.6913 21.4516 15.3322 14.3928 14.0118 19.647 15.7081 14.5801 13.6648 13.5926 37.6166 25.9265 20.558 20.8522 14.2544 18.0688 21.6545 19.3223 17.742 16.5295 17.0936 19.8953 17.2843 16.3583 15.7631 14.2248 17.9147 14.1529 13.9196 16.3467 13.6312 34.1264 23.5618 13.3857 18.7943 22.5171 16.2784 15.6246 13.2216 21.0296 20.1231 14.6517 12.9782 12.9397 15.1037 17.5041 12.7099 17.8253 19.2852 21.4778 17.1559 16.7947 14.9297 13.1882 12.6197
threshold=0.51663944125175487 0.18750309944152835 0.080985914915800108 0.29640196263790136 -0.027144393883645531 0.15595092624425891 0.16301979124546054 -0.28992283344268793 -0.20411072671413419 0.21428346633911136 -0.0032812530407682057 -0.74961161613464344 0.25920750200748449 0.44688706099987036 0.034012593328952796 -0.080332547426223741 0.30265460908412939 -0.18039772659540174 -0.11891095340251921 -0.34970484673976893 0.052287105470895774 0.94183778762817394 0.18642901629209521 -0.2681423127651214 0.058714458718895919 0.23322368413209918 -0.45167937874794001 0.018965718336403373 0.0056617397349327811 -0.16656553745269773 -0.25627382099628443 -0.044294632971286767 -0.27382043004035944 0.1048441305756569 -0.11308779940009116 -0.17318242788314817 0.17028047889471057 0.46838478744030004 0.68894702196121227 0.07781678065657617 -0.24672458320856092 0.093600064516067519 0.10369317978620531 -0.31541299819946284 0.0047515467740595349 0.099675908684730544 -0.34033221006393427 0.018006162717938427 0.1670753359794617 0.068380080163478865 -0.16098526120185849 -0.054104177281260483 -0.20517060905694959 -0.06056005880236625 -0.44795000553131098 0.29780194163322454 0.47284133732318884 0.059237966313958175 0.02861243020743132 0.069646555930376067 0.45906697213649755 0.038723422214388854 -0.1340033337473869 0.060923913493752486 -0.10713541880249976 0.39595931768417364 -0.064166195690631853 -0.20582897961139676 0.07529026642441751 0.0021777834044769411 0.047991307452321059 0.010359979700297119 0.36221592128276831 0.20028409361839297 0.01286120153963566 0.14167143404483798 0.20181303471326831 0.089533485472202315 -0.32622407376766199 0.10940026491880418 0.79696631431579601 -0.29934498667716974 -0.11788304522633551 -0.466388389468193 0.37866973876953131 0.11101166531443597 0.54896092414855968 -0.11597603186964987 -0.50942391157150257 0.7058701515197755 0.66202184557914745 -0.356899544596672 -0.0012653272715397177 0.19337052851915362 -0.24258673191070554 0.86784803867340099 0.25562749803066259 0.11490181460976602 -0.15771541744470594 -0.22652987390756604 0.12670253217220309 0.48694901168346411 0.50352111458778392 -0.10252365842461585 -0.081066712737083421 0.060792917385697372 -0.1018121726810932 -0.17698244005441663 -0.19974241405725476 -0.15382686257362363 0.16051135957241061 0.26152046024799352 -0.080038953572511659 0.015349283814430239 0.59559544920921337 -0.19463506340980527 0.18848145753145221 -0.029603074304759499 -0.23208858817815778 0.37800310552120214 0.17043264955282214 0.35278654098510748 0.012295363470911981 0.094562109559774413 -0.15500286221504209 -0.15321242809295652
decision_type=2 2 2 2 2 2 2 2 2 2 2 2 2 2 2 2 2 2 2 2 2 2 2 2 2 2 2 2 2 2 2 2 2 2 2 2 2 2 2 2 2 2 2 2 2 2 2 2 2 2 2 2 2 2 2 2 2 2 2 2 2 2 2 2 2 2 2 2 2 2 2 2 2 2 2 2 2 2 2 2 2 2 2 2 2 2 2 2 2 2 2 2 2 2 2 2 2 2 2 2 2 2 2 2 2 2 2 2 2 2 2 2 2 2 2 2 2 2 2 2 2 2 2 2 2 2
left_child=8 3 -3 4 6 -6 -2 -8 9 24 -11 12 -10 21 17 -16 18 -15 -17 -14 -20 37 -21 -23 30 26 27 -26 -28 -30 -1 35 33 -33 -34 -32 -27 38 40 -39 41 42 -13 44 -42 80 56 48 53 50 51 52 68 60 74 57 -47 70 59 109 61 62 -48 -53 -65 66 -63 -68 69 -49 -56 113 -73 -69 -51 76 -55 -78 -77 -57 83 -82 -83 84 98 94 88 -88 -87 -89 91 99 93 -93 114 -91 101 -98 -45 -90 -101 -96 -103 -104 -105 108 -107 -108 -106 110 -52 112 -111 -50 115 -85 -117 118 121 120 -120 -94 -119 -124 -122 -61
right_child=1 2 -4 -5 5 -7 7 -9 11 10 -12 13 19 14 15 16 -18 -19 20 22 -22 23 -24 -25 25 36 28 -29 29 -31 31 32 34 -35 -36 -37 -38 39 -40 -41 43 -43 -44 45 -46 46 47 49 71 54 58 63 -54 75 55 79 -58 -59 -60 125 -62 65 -64 64 -66 -67 67 73 -70 -71 -72 72 -74 -75 -76 78 77 -79 -80 -81 81 82 -84 85 -86 86 87 89 90 95 -92 92 117 -95 96 -97 97 -99 -100 100 -102 102 103 104 105 106 107 -109 -110 111 -112 -113 -114 -115 -116 116 -118 122 119 -121 124 -123 123 -125 -126 -127
leaf_value=0.012499703134015095 0.0040035896393458489 0.01437911776194784 -0.0081206749775428501 0.0048640638100262701 -0.022501672162658495 -0.0036094950194728442 0.0017545435629052147 -0.018506516847960321 -0.02314400959322568 -0.0041907915295568083 -0.027415225040849006 0.006590345396528619 0.010327064447537544 0.0062062676820225943 -0.015840229291563337 0.024067215796539421 -0.0076975132079836004 0.022601802664508043 0.015837717385636302 0.0047258878354049863 -0.0065882689710146363 -0.0049173817934821959 -0.0087715406199964322 0.01288576707145404 0.0023369961672673428 -0.016592629317213552 0.0065386126598551177 0.021132707767143107 0.0099970390821456714 -0.0066761620893455841 0.0031088497696285041 -0.013478129933635717 -0.0092951447720956148 0.0093131843449103437 0.0062868694863637675 -0.01173423755086968 0.00039461701960483397 0.0065428664267669955 0.0097619998538084011 -0.0013730337712771061 0.016216978966972259 0.014258224348616642 -0.015547015991787929 -0.0023615004917189233 -0.0022493516166437319 0.020421150584386732 -0.024718037883724734 0.011103304942147795 -0.012307510857847162 0.013505617253594377 -0.0087117057600775896 -0.019933971734454634 0.020230260874654942 -0.014560398545359534 0.012390982662312467 -0.01189663949867263 -0.0036096482825637524 -0.010136003011751183 -0.021182420935619988 -0.024982283624209071 -0.012302438815244537 -0.012415057139768032 -0.00034195932379195307 -0.0097035792461192764 0.013441900451306176 0.015264624588444466 0.016445503863151401 -0.0097736565647300409 0.017268597186773104 -0.015200313710136523 -2.8790479520254823e-05 -0.0030696656894400871 -0.022834156399193995 0.0062001676779647186 0.0026116966680874341 -0.026326020268290801 -0.005051717760749753 0.013771735797976496 -0.0050343240608293665 0.0025579794762224735 -0.015185211667650569 -0.0081270442184364494 0.015537347429001527 -0.012453569179207291 -0.0013015226484459975 -0.019412035448253512 0.013581195414694946 0.0073328547339315672 -0.0017735184998652457 -0.018779427382377589 0.013772493056276085 -0.016503915990026184 -0.020207240805530019 -0.00076943372586936465 0.00049362509514280393 0.0018867701260434464 0.011553433123334452 -0.0013854701703879865 0.014777627085724093 0.024048921070583484 0.00010261570455630588 -0.023185246103660059 -0.015891870981253928 -0.005480044531726143 0.021697873616752558 0.011604816784214253 0.0063990925218857433 -0.011922891470501715 0.0040604019938836914 0.0032730971665660825 0.01668334132359002 -0.019051309764573553 -0.0090274512908239055 -0.031422257976183157 0.016325980465538958 0.0059574233655196405 -0.005074702233818576 -0.0020320895830406886 0.015828809463918091 0.018612689346081814 0.0051498105656405755 0.0025367894007201448 -0.025558544421734743 -0.0070142669255188446 -0.014216052547780876 -0.008240609116985799
leaf_weight=253 635 379 251 429 625 298 348 436 251 358 284 981 324 783 364 277 351 398 254 450 261 251 1275 720 551 406 1155 470 324 1551 328 902 454 267 1565 1788 374 2600 633 1527 442 514 251 257 367 365 256 274 354 1120 250 271 613 576 1021 900 290 367 411 329 456 328 786 342 279 589 488 410 252 332 924 988 324 754 1056 337 582 294 254 422 884 378 443 254 908 324 650 542 889 342 254 1020 276 451 21547 306 1045 863 1152 251 257 353 480 1577 263 344 276 923 1459 925 334 397 798 298 361 3863 761 1822 283 371 262 306 293 580 373 531
leaf_count=253 635 379 251 429 625 298 348 436 251 358 284 981 324 783 364 277 351 398 254 450 261 251 1275 720 551 406 1155 470 324 1551 328 902 454 267 1565 1788 374 2600 633 1527 442 514 251 257 367 365 256 274 354 1120 250 271 613 576 1021 900 290 367 411 329 456 328 786 342 279 589 488 410 252 332 924 988 324 754 1056 337 582 294 254 422 884 378 443 254 908 324 650 542 889 342 254 1020 276 451 21547 306 1045 863 1152 251 257 353 480 1577 263 344 276 923 1459 925 334 397 798 298 361 3863 761 1822 283 371 262 306 293 580 373 531
internal_value=-0.00019102 -0.00427056 0.00534133 -0.00647341 -0.00857072 -0.0164348 -0.00342203 -0.00947104 -4.20566e-05 -0.00226094 -0.0145329 0.000254632 -0.00499758 0.000406012 0.00535001 0.000289029 0.00547102 0.011776 0.0113677 -0.00274103 0.00443291 0.000233756 -0.00522515 0.00823199 -0.00149682 0.00107017 0.00290699 0.0110299 0.000154453 -0.00376484 -0.00373413 -0.00452075 -0.00126249 -0.00822339 0.00275689 -0.00941006 -0.00840363 0.000131482 -6.64117e-05 0.003605 -0.000153976 0.00565912 0.00203484 -0.000299772 0.00779559 -0.000395256 -0.0017751 -0.00215031 -0.00503104 -0.000232574 -0.00315758 0.00414795 0.0100822 -0.00265945 0.00295278 -0.000202887 0.00972187 0.00381378 -0.00751027 -0.00591553 0.000308072 0.00191717 -0.00638791 -0.00558883 0.00064126 0.00530268 0.00231321 0.00526982 0.00277869 -0.00323998 0.00647557 -0.0123849 -0.0080031 0.000540837 0.00823591 -0.00857736 -0.00501778 0.00123784 -0.0172401 -0.00724992 0.00020122 -0.00564266 0.00459073 0.00041631 0.0065382 9.44998e-05 -0.00214153 0.00380671 -0.00351295 -0.00151127 -0.00283386 -0.00340993 -0.00495076 -0.0116982 0.000736525 -0.00897029 0.000118051 0.00568285 0.0116171 0.00321923 0.0120113 -0.000271207 -0.00318021 -0.00183918 -0.00043276 0.00199721 -0.00333023 -0.00766354 0.00679095 -0.00310004 0.00573838 -0.00555404 -0.00240917 -0.0211252 0.0041678 0.00325581 0.00413196 -0.00276652 0.00144163 0.0058302 0.000607119 -0.00819669 -0.0056994 -0.0133008 -0.00616278 -0.0147039
internal_weight=96825 3401 630 2771 2342 923 1419 784 93424 11030 642 82394 2300 80094 2688 1507 1143 1181 792 2049 515 77406 1725 971 10388 4831 4051 1021 3030 1875 5557 5304 3188 1169 2019 2116 780 76435 72308 4127 71675 1746 1232 69929 809 69120 20877 20222 8074 12148 6338 2363 1471 6110 5810 3634 655 2312 3975 3564 4067 3611 1042 892 621 2569 1980 1652 858 606 1945 1964 1312 1164 2176 2043 1452 876 591 1322 48243 1705 821 46538 2317 44221 9852 1840 8012 1190 7688 7434 6037 1471 34369 648 29130 1908 1409 1397 508 27222 5675 5322 4842 3265 1543 1199 1722 2704 584 2120 1723 652 5239 4878 4624 4566 1871 1289 918 582 2695 873 635 860
internal_count=96825 3401 630 2771 2342 923 1419 784 93424 11030 642 82394 2300 80094 2688 1507 1143 1181 792 2049 515 77406 1725 971 10388 4831 4051 1021 3030 1875 5557 5304 3188 1169 2019 2116 780 76435 72308 4127 71675 1746 1232 69929 809 69120 20877 20222 8074 12148 6338 2363 1471 6110 5810 3634 655 2312 3975 3564 4067 3611 1042 892 621 2569 1980 1652 858 606 1945 1964 1312 1164 2176 2043 1452 876 591 1322 48243 1705 821 46538 2317 44221 9852 1840 8012 1190 7688 7434 6037 1471 34369 648 29130 1908 1409 1397 508 27222 5675 5322 4842 3265 1543 1199 1722 2704 584 2120 1723 652 5239 4878 4624 4566 1871 1289 918 582 2695 873 635 860
is_linear=0
shrinkage=0.0667171


Tree=42
num_leaves=127
num_cat=0
split_feature=42 199 69 18 79 153 92 18 80 61 73 62 15 24 104 36 17 20 4 19 153 10 19 80 18 170 104 15 92 18 99 105 24 10 73 18 5 18 73 21 92 92 15 153 73 153 99 20 73 19 70 21 99 73 19 92 4 16 11 18 16 18 9 20 73 17 17 20 15 164 10 16 73 17 96 99 19 1 17 153 96 4 73 99 18 24 21 16 19 92 20 19 16 17 73 73 4 5 16 21 92 36 73 11 96 73 73 99 5 19 19 5 150 92 92 20 183 99 10 73 82 19 11 2 10 84
split_gain=13.9467 10.9067 18.5442 11.8053 25.5268 18.24 18.5542 17.8032 16.4754 29.6822 15.5007 18.6628 14.6767 14.5169 14.2856 14.9933 13.8741 13.4575 12.8171 21.7724 15.5433 12.5109 12.2128 12.1626 12.118 11.6533 11.4669 11.4692 11.2577 11.366 22.7999 24.6063 22.5621 32.9922 25.5698 23.1525 25.7658 27.0785 24.1115 20.4082 23.4593 20.2054 19.9566 19.4585 21.7292 17.8298 17.0156 26.154 16.7241 23.9255 16.1483 16.0925 14.8015 14.5707 17.6547 17.3517 13.6456 13.2364 12.9926 12.7276 17.4451 12.6855 16.827 12.6811 13.0523 17.331 12.4542 22.1012 15.2237 12.6108 12.384 15.7208 12.0967 11.565 11.5258 11.5021 11.1684 21.5197 26.1216 21.406 16.7649 16.6713 16.2602 19.5393 20.6062 20.5558 16.2903 17.2585 21.1997 28.0645 22.5895 18.0834 24.4897 25.5686 20.3172 19.9888 17.2225 16.7134 18.9105 19.6181 15.4623 15.4615 15.009 14.7238 13.6438 13.5576 38.6583 13.1675 14.4747 12.8207 19.4075 13.6778 23.0025 11.485 11.2231 11.0778 11.0486 11.0422 10.9416 10.9303 14.0239 10.7708 10.7256 22.2143 10.6298 10.6272
threshold=-0.03452333249151706 -0.93764865398406971 -1.4113613963127134 -0.28176027536392206 -0.41222167015075678 0.091064549982547774 0.1352677792310715 -0.30736744403839106 0.24132756143808368 0.084070798009634032 -0.52253320813179005 1.1330178380012514 0.1707769259810448 -0.12156613916158675 -1.2506989836692808 -0.53873237967491139 -0.1080750711262226 -0.03561871871352195 -0.4539192914962768 0.12924630194902423 -0.059295779094099992 0.32583552598953253 0.083739373832941069 -0.076596174389123903 -0.43540009856224055 0.78615957498550426 -0.12241462990641593 -0.12153076753020285 0.97222870588302623 0.04206181317567826 0.032133441418409354 -0.023159773088991639 -0.058167664334177964 0.11115974932909013 0.08679645881056787 -0.0019346683839103205 -1.0000000180025095e-35 -0.048838714137673371 -0.039645113050937646 0.017295269295573238 0.25337915122509008 -0.061511831358075135 0.030776923522353176 0.07712475955486299 -0.16521704196929929 0.013687162660062315 0.2294009551405907 0.00097655481658875953 -0.095768120139837251 0.10368935018777849 -0.12061295658349989 -0.10809787735342978 0.20090452581644061 -0.075168464332818971 -0.22133846580982205 -0.10324535146355628 -0.48522816598415369 0.15018367767333987 0.086140174418687834 -0.040325462818145745 0.087912447750568404 0.17748695611953738 -0.4616298228502273 0.34070920944213873 0.095208041369915022 -0.095958869904279695 0.25526712834835058 0.085137289017438902 0.036930769681930549 -0.03246562369167804 -0.20290129631757733 -0.35252787172794336 0.38617484271526342 0.17850723117589953 -0.13369461894035337 0.10793498158454896 -0.1291033327579498 -0.19744318723678586 0.57614871859550487 0.02672473713755608 -0.21055069565773007 -0.47416162490844721 -0.025042676366865631 0.26564674079418188 0.14948536455631259 0.60443589091300975 -0.25252528488636011 0.37797528505325323 0.081120450049638762 -0.10891966521739958 -0.035245675593614571 -0.11523995175957678 0.058758694678545005 0.46537713706493383 0.082222338765859618 0.37173634767532354 -0.11721936985850333 -0.37499999999999994 -0.045033400878310197 0.15595757961273196 -0.039480609819293015 0.17253521084785464 0.19755082577466967 -0.056135838851332658 -0.082810070365667329 0.036242952570319183 -0.05112874694168567 -0.19618513435125348 1.0000000180025095e-35 0.073873169720172896 0.0089512169361114519 -1.0000000180025095e-35 0.045637793838977821 -0.028223631903529164 -0.0063090249896049491 -0.013508296106010674 0.061936043202877052 -0.084882851690053926 0.19205302745103839 0.097311880439519896 0.24473731219768527 0.05270237289369107 -0.46411706507205958 -0.12926135957241056 0.010126982349902393 0.092829864472150816
decision_type=2 2 2 2 2 2 2 2 2 2 2 2 2 2 2 2 2 2 2 2 2 2 2 2 2 2 2 2 2 2 2 2 2 2 2 2 2 2 2 2 2 2 2 2 2 2 2 2 2 2 2 2 2 2 2 2 2 2 2 2 2 2 2 2 2 2 2 2 2 2 2 2 2 2 2 2 2 2 2 2 2 2 2 2 2 2 2 2 2 2 2 2 2 2 2 2 2 2 2 2 2 2 2 2 2 2 2 2 2 2 2 2 2 2 2 2 2 2 2 2 2 2 2 2 2 2
left_child=-1 -2 -3 4 -4 7 8 10 9 22 21 13 -9 18 -5 -16 -15 -8 -12 -20 -21 -6 -7 -18 -25 28 27 -26 29 30 31 56 35 34 41 36 50 43 -37 40 59 42 -34 44 -38 122 47 -43 49 51 -32 -31 -47 55 57 -50 117 115 70 60 -33 62 -51 64 65 -41 68 -68 -66 -70 -58 124 73 -60 -67 -46 77 100 79 81 -80 -79 109 85 -85 86 -84 88 90 97 -88 107 93 94 101 96 103 -90 -99 -100 -56 104 119 -96 -93 106 -83 -92 -109 110 111 112 -78 -89 -87 -55 -36 -17 -77 120 -86 125 -35 -124 -72 -57
right_child=1 2 3 14 5 6 17 12 -10 -11 11 -13 -14 16 15 25 23 -19 19 20 -22 -23 -24 24 26 -27 -28 -29 -30 48 32 39 33 45 116 38 37 -39 -40 63 -42 46 -44 -45 75 52 -48 -49 53 61 -52 -53 -54 54 76 121 58 -59 72 -61 -62 -63 -64 -65 66 74 67 -69 69 -71 71 -73 -74 -75 -76 118 82 78 80 -81 -82 105 83 84 102 114 87 113 89 -91 91 92 -94 -95 95 -97 -98 98 99 -101 -102 -103 -104 -105 -106 -107 -108 108 -110 -111 -112 -113 -114 -115 -116 -117 -118 -119 -120 -121 -122 -123 123 -125 -126 -127
leaf_value=-0.0013858528773344164 -0.0066679151328498205 0.014184493965087348 -0.012676425170588418 -0.013414679260717868 0.0011258216160734483 0.01421405449570559 -3.8588471112618979e-05 0.024084944721849161 0.017374473951841586 -0.017028935252770359 -0.0030431373028123455 -0.014137528738845771 0.0032738933832719393 -0.011365148825221683 -0.01400207839878106 0.018333545648507012 -0.011194721950991846 -0.019032181162865602 0.028457710088372692 0.011046659367931222 -0.0061531680553819001 0.019416101652960822 -0.0038751804962932875 0.014087592266651242 0.018384817546152333 0.012029692568414815 -0.0036174847282153476 -0.0011764127569389915 0.0079265415185771661 0.019625816257706818 0.019543539888591168 8.8250815021754693e-06 0.010977785397031295 0.0045245284018968239 -0.03324188326885906 0.0013728330731938277 0.00026493396292948405 0.0073212171428370491 -0.019518931455884875 -0.011248878218189878 0.010017839451429509 -0.0214310458419836 -0.011975754770770871 0.0093819644186382868 -0.025109252738180873 0.01618409233727099 0.00090817888200939493 -0.0029125688663072754 -0.020783000045312399 0.010913012391549478 0.0039527741317422899 0.0033820652143126072 -0.0040874022405514099 0.020747053961960013 -0.00011878383075865427 0.010133896514887287 0.013638963263685961 -0.0024735244927383427 0.0077638328713695911 -0.011995680085824632 -0.016240627415849966 0.0081938008334281782 -0.0086518264931335041 0.01224834573755621 0.015878946070547705 0.0028365185683160536 -0.001497424493858942 -0.020092244675653369 0.0080283766950110958 -0.0058205637919876846 -0.00071627678939481163 -0.0020373791418689491 -0.0030542495915560908 0.025145853035526862 0.013804618835294659 0.0020676686778945681 0.012161097541762266 0.010826794461730592 -0.0039447336229953061 -0.017944248733928005 0.01849735620063335 -0.014168733456478467 -0.011706552345981461 -0.022121537458060881 0.0042233535331016574 -0.0016297850995735566 0.0079857805310481166 -0.015879407728229294 -0.011458434508422485 0.01223092006522793 -0.0041702970148180417 -0.013324240295686761 -0.012797539709814738 0.014801066685521762 -0.0068411958226805986 -0.012011087570253404 0.016005261839861243 0.017907268200053866 -0.016251288750553036 0.007502263238949502 0.017759806224130655 -0.016616651641561189 0.011280240566749058 0.012274103757539566 0.0038787906939176343 -0.020831289279952901 0.017497359664801627 -0.0014267992533044049 0.016140751917032389 0.012838838880084826 -0.0091173520705009441 0.013991994872658996 -0.015235343402492708 0.0018964685713590203 -0.020686010089587203 0.0056341172043963593 -0.014565231161734631 0.0033417542165125836 -0.014056752833848031 -0.01707872630094125 -0.013826446898021812 -0.01282482708573254 -0.0019780086914522469 -0.017635884201991105 0.01546254781563902 -0.0042432985608008801
leaf_weight=31694 976 430 453 349 258 406 284 385 265 346 371 273 252 381 332 492 250 389 254 1027 297 481 273 433 273 362 823 250 797 693 485 1366 421 566 271 467 920 1164 507 309 386 937 276 354 282 417 386 537 280 256 768 453 253 422 685 357 318 337 531 1423 370 627 785 410 251 1811 826 434 406 1017 300 3154 256 255 560 252 291 260 317 821 270 499 383 305 523 273 1544 375 406 2014 407 327 924 419 492 331 494 317 254 384 308 599 261 278 535 267 257 310 607 834 447 614 251 275 281 455 315 402 673 306 297 334 1702 528 433 622
leaf_count=31694 976 430 453 349 258 406 284 385 265 346 371 273 252 381 332 492 250 389 254 1027 297 481 273 433 273 362 823 250 797 693 485 1366 421 566 271 467 920 1164 507 309 386 937 276 354 282 417 386 537 280 256 768 453 253 422 685 357 318 337 531 1423 370 627 785 410 251 1811 826 434 406 1017 300 3154 256 255 560 252 291 260 317 821 270 499 383 305 523 273 1544 375 406 2014 407 327 924 419 492 331 494 317 254 384 308 599 261 278 535 267 257 310 607 834 447 614 251 275 281 455 315 402 673 306 297 334 1702 528 433 622
internal_value=-0.000236742 0.000318598 0.000424991 0.000331721 0.00265901 0.00353859 -0.00202862 0.00536393 0.00262962 -0.00117185 0.00410326 0.00266092 0.0159021 0.0037275 -1.97802e-05 6.46053e-05 0.000251777 -0.0109977 0.0080056 0.0106328 0.00715664 0.013068 0.00688103 0.00245792 0.00440929 0.000150661 0.00125798 0.00897305 7.08902e-05 -4.50661e-05 -0.000970371 0.000718921 -0.00309928 -0.00577255 -0.0107216 -8.46785e-05 0.00177843 -0.00104991 -0.00946792 -0.00139337 -0.00540941 -0.00781693 0.00181539 -0.00499535 -0.00741527 -0.00127359 -0.0114449 -0.0147092 0.000970078 0.00582124 0.0100231 0.0132346 0.00846417 0.000370753 0.000833416 -0.00577464 0.00401547 0.00863663 0.00270836 -0.00731366 -0.00345164 0.000703644 -0.00378771 0.00096498 0.00013113 0.00350054 -0.00293578 -0.00794223 0.000814485 -0.00183645 0.00104586 2.68997e-07 0.00937054 0.0134773 0.00544833 -0.0132949 0.000358262 -0.0029565 -0.006059 -0.00953579 0.00631986 -0.00411793 0.00110711 0.000224438 -0.00648581 0.00115654 0.00175533 0.00221727 0.00286447 0.00723302 0.000829924 -0.00109734 -0.00315957 -0.000582304 -0.00271083 0.00247495 0.00631501 -0.000137635 0.00464771 -0.00191241 0.00540618 -0.00839358 -0.00300354 4.03351e-05 -0.00262947 -0.00796253 -0.0033421 0.00572088 0.0101604 0.0061316 0.00261541 0.00718892 -0.000460235 -0.00829767 -0.0113559 0.0129581 -0.0232897 0.0116326 -0.00962698 -0.0063591 -0.00229523 -0.00252847 -0.00362259 -0.00571046 0.00878918 0.000971831
internal_weight=97218 65524 64548 64118 8424 7971 1963 6008 1290 1025 5371 4632 637 4359 55694 55345 2410 673 1949 1578 1324 739 679 2029 1779 55013 1346 523 54651 53854 28191 15710 12481 6609 3143 5872 4898 3645 974 9569 3545 2557 697 2481 2127 3466 1860 1474 25663 2814 1253 1146 670 22849 21256 1593 6141 1214 5247 3159 1736 1668 1041 6024 5614 2680 2934 1260 1674 1423 4205 3887 1042 786 2371 1207 20042 3684 2691 2104 587 1283 16358 13921 1692 12229 11675 11292 10642 3375 7267 5723 4399 3475 3056 1595 1264 1361 955 638 993 1461 1387 770 862 1023 756 1324 917 2437 1603 1156 542 650 554 877 586 894 925 1126 820 1313 2796 2230 733 979
internal_count=97218 65524 64548 64118 8424 7971 1963 6008 1290 1025 5371 4632 637 4359 55694 55345 2410 673 1949 1578 1324 739 679 2029 1779 55013 1346 523 54651 53854 28191 15710 12481 6609 3143 5872 4898 3645 974 9569 3545 2557 697 2481 2127 3466 1860 1474 25663 2814 1253 1146 670 22849 21256 1593 6141 1214 5247 3159 1736 1668 1041 6024 5614 2680 2934 1260 1674 1423 4205 3887 1042 786 2371 1207 20042 3684 2691 2104 587 1283 16358 13921 1692 12229 11675 11292 10642 3375 7267 5723 4399 3475 3056 1595 1264 1361 955 638 993 1461 1387 770 862 1023 756 1324 917 2437 1603 1156 542 650 554 877 586 894 925 1126 820 1313 2796 2230 733 979
is_linear=0
shrinkage=0.0667171


Tree=43
num_leaves=127
num_cat=0
split_feature=30 73 0 18 18 12 92 104 10 96 18 73 17 12 201 97 80 153 70 92 17 5 15 0 197 105 98 10 153 1 18 10 69 20 95 104 97 16 92 21 152 152 17 18 12 80 17 96 152 85 11 74 74 0 12 0 105 11 16 12 165 4 92 16 5 17 80 11 36 12 5 20 201 74 15 97 21 18 4 200 201 24 5 97 201 155 92 159 201 183 12 17 61 18 99 96 99 153 11 92 95 18 73 12 150 12 3 20 0 5 92 74 153 99 170 4 73 73 17 21 21 200 73 18 11 0
split_gain=13.0833 10.3192 10.9101 8.40124 26.0158 17.7232 20.6512 15.6592 17.9996 19.2728 16.8684 15.4172 21.0061 23.7777 13.5639 12.9825 12.7599 16.6643 12.0386 13.9042 12.9691 16.9485 16.672 17.9746 14.4055 14.0305 13.2215 11.3765 14.3958 11.589 11.0171 10.8441 10.3331 10.2238 10.0995 10.0452 9.97155 9.9452 13.0871 10.3626 10.688 9.87918 13.5259 30.6147 16.3386 10.855 14.0062 14.2488 13.4453 13.0017 11.3657 10.4417 11.6376 10.3828 10.8989 17.5234 11.6241 10.1549 9.79169 10.937 21.0497 9.63382 9.32417 8.89354 8.82978 8.75198 8.73554 8.56043 17.5471 12.3073 12.2115 14.8262 18.1811 17.6909 13.4963 11.9572 9.74644 8.64332 8.5486 11.1793 10.2 9.33594 8.52545 8.33186 8.31967 8.2912 8.25956 8.07233 8.06979 16.4174 12.2995 12.1321 11.0357 12.1736 10.8552 11.2308 12.5379 10.0527 14.073 9.8429 12.6907 11.1333 10.4563 13.7546 15.049 13.8905 9.03615 8.8546 8.00624 7.976 7.95659 7.95357 9.4874 11.7551 9.70343 7.82484 7.82055 7.80096 7.7946 10.883 8.19002 7.77783 7.72463 20.0383 13.0969 12.054
threshold=-0.048393145203590386 0.44352793693542486 -0.083806820213794694 0.04206181317567826 0.02152569126337767 -0.16542072594165799 -0.18587582558393476 0.021744670346379284 0.54996293783187877 0.2485606521368027 -0.78451398015022267 -0.098930831998586641 -0.36147263646125788 0.19692043215036395 -0.23279105871915814 -0.23975220322608945 0.52054744958877575 0.045024262741208083 0.2019213289022446 -0.012337781488895415 0.0035593585344031457 -1.0000000180025095e-35 0.24155385047197345 -0.058238636702299111 0.048982551321387298 0.35631138086318975 0.13256934285163882 -0.12461493536829947 0.39769813418388372 -0.14062499999999997 0.15868259221315387 0.31278017163276678 0.021668353118002418 0.47824855148792272 0.14268399775028232 0.28209757804870611 0.63702666759490978 -0.052204819396138184 -0.074061676859855638 0.06101468205451966 0.2119112238287926 -0.08549292758107184 0.42593657970428472 0.13985770940780642 -0.11733829602599143 -0.033007878810167306 0.46872077882289892 -0.13967741280794141 0.062400240451097495 0.17080869525671008 -0.15382686257362363 0.30946262180805212 0.023489463143050674 0.2173295468091965 0.27876931428909307 0.01278409129008651 0.49982731044292456 -0.063611030578613267 0.096828646957874312 -0.15282770991325376 -0.045652983710169785 0.34343302249908453 0.34144034981727606 -0.22361204028129575 0.37500000000000006 0.62242034077644359 0.46147908270359045 0.073126506060361876 0.41901408135890966 -0.15855180472135541 -0.37499999999999994 0.028957781381905082 0.016992871649563316 -0.017668411135673519 -0.053323077037930482 -0.01635390147566795 0.063298530876636519 0.15504919737577441 -0.36894176900386805 -0.071023881435394273 0.10241457447409631 0.32039204239845281 0.37500000000000006 -0.12645876407623288 -0.79099115729331959 -0.11318671330809592 -0.048943623900413506 -0.078593637794256196 -0.037699142470955842 -0.022587243467569348 0.115283340215683 0.0096713884267956036 1.2888748049736025 -0.28176027536392206 0.059522232040762908 0.17822099477052691 0.19294946640729907 -0.25171279907226557 0.14321045577526095 -0.11258777230978011 -0.16571360081434247 -0.060332691296935075 -0.13864669948816297 -0.2180824279785156 -0.087504513561725603 -0.14911276102066037 0.17939373850822452 -0.23000542074441907 -0.021306818351149556 -1.0000000180025095e-35 -0.088862013071775423 0.2534321546554566 0.1472137123346329 0.077329158782958998 -0.2030539661645889 -0.42501027882099146 -0.55675289034843434 0.024062147364020351 -0.018372043035924431 -0.20619575679302213 -0.19314518570899961 -0.3132308274507522 -0.095768120139837251 0.17748695611953738 -0.69743278622627247 0.29687500000000006
decision_type=2 2 2 2 2 2 2 2 2 2 2 2 2 2 2 2 2 2 2 2 2 2 2 2 2 2 2 2 2 2 2 2 2 2 2 2 2 2 2 2 2 2 2 2 2 2 2 2 2 2 2 2 2 2 2 2 2 2 2 2 2 2 2 2 2 2 2 2 2 2 2 2 2 2 2 2 2 2 2 2 2 2 2 2 2 2 2 2 2 2 2 2 2 2 2 2 2 2 2 2 2 2 2 2 2 2 2 2 2 2 2 2 2 2 2 2 2 2 2 2 2 2 2 2 2 2
left_child=84 3 -3 4 7 32 -7 27 9 18 62 12 31 -14 -15 30 17 36 19 64 21 24 23 26 35 -24 -23 29 33 117 -13 -5 -6 65 66 -20 -11 -22 -39 108 -41 42 43 44 -17 49 53 48 -48 50 -43 52 61 54 56 -56 63 -52 59 60 -59 118 -10 -47 -9 88 -12 68 70 -69 -65 72 73 -72 75 -73 77 -71 79 -8 81 -80 -51 -44 -1 -4 115 -25 89 97 91 -91 93 94 -90 96 -96 116 121 100 -95 -102 -101 104 -104 -105 -97 -107 -40 -50 -87 112 114 -114 -21 -31 -29 -2 120 -120 -45 -99 123 125 -124 -86
right_child=1 2 85 11 5 6 78 8 10 16 34 15 13 14 -16 41 -18 -19 20 111 37 22 25 87 -26 -27 -28 28 -30 86 -32 -33 -34 -35 -36 -37 -38 38 39 40 -42 45 83 51 -46 46 47 -49 109 82 57 -53 -54 -55 55 -57 -58 58 -60 -61 -62 -63 -64 67 -66 -67 -68 69 -70 76 71 74 -74 -75 -76 -77 -78 -79 80 -81 -82 -83 -84 -85 122 110 -88 -89 92 90 -92 -93 -94 99 95 106 -98 98 -100 102 101 -103 103 105 -106 107 -108 -109 -110 -111 -112 -113 113 -115 -116 -117 -118 -119 119 -121 -122 -123 124 -125 -126 -127
leaf_value=-0.0059944703991616066 0.0088427397831364035 -0.018111651663059104 -0.0090160672068321911 0.026444053507491284 -0.0093700229680863511 -0.020423253648351875 0.014586015472622293 -0.0076120573800228658 0.0034371475350453927 -0.010159801401485789 0.023462862528820651 0.014191652350627193 0.0092328902113167043 0.0060934890666482344 -0.0078584680058472398 0.00045052479246153823 0.0048218312366390525 -0.021803321554380126 0.0064143191124663677 -0.013484187627263944 0.0049803517354133344 -0.015423822598704449 -0.019729232444980128 0.0028440021216908319 -0.002483263286478628 0.0001561773833259839 0.0057171783827876721 0.0033044798324885823 -0.015050845467969764 0.010410423038552833 -0.0028533460193343597 0.0069076923135220443 -0.02662999881543501 0.011726674354232906 0.00055946848138682117 0.020665163071651518 0.004039924738236768 -0.014732579764256204 -0.014642633488289862 0.0089814095854656439 -0.0064197493388801893 0.0072025597885162149 -0.021517728363690886 -0.022504153525663512 0.018544755646594979 0.01029631776490008 0.011781152399208147 0.011246875268395512 0.0013784884501732218 -0.0039697370831962 -0.0071140550832490346 0.0061242336479772922 -0.019353069092665844 0.010576248820537509 -0.00038967071695121205 -0.022213279350415626 0.014240202944489499 0.01537873404698566 -0.0032227195644671624 0.01017761562981773 -0.006992983206561428 0.0054129354171603642 -0.014475269167595341 -0.0089236631867551132 0.0010326837939987591 -0.009524425394289892 0.0078514610990840523 0.011770095609993297 -0.019657763210705923 -0.015571609125250825 0.00018771026896758174 -0.0060694015297906925 -0.0019018005849464623 0.023114281946179229 -0.0138620320733094 0.0091816976964325982 0.0036005763476005689 0.00063076922455892255 -0.00074821772825852404 -0.0040979075167549422 0.0043089372212513069 -0.013635847952417022 -0.014423505100734643 -0.0066382065409251014 0.0030939513970533942 0.004628478688949853 0.017365259860687189 0.018481268561325846 -0.0029358472394732903 -0.018087554424198401 -0.00013288856671200434 -0.0030216231985949814 -0.011089881719208061 -0.0057274953250955433 0.0076017062430533845 0.010696904306470389 0.027758415667710468 0.018468706896229398 -0.0071591370764756595 0.0061487179490855052 0.0036849359337473068 0.021100289581994225 -0.0042363379213817276 -0.014181303760437828 0.0086780979326901674 -0.012956076541242742 -0.0028637440138422334 -0.00081767105845759376 -2.8636720073313074e-05 -0.014750456102510991 -0.0047348079658883907 -0.0085745171711183801 0.011979020391925506 -0.0036522653177663475 0.00015920305155760344 -0.0019418614689135183 -0.0087950031844942975 -0.0037698845308515808 0.0070498269514143296 -0.011105465525339295 -0.0068175065247500074 0.0053160624030299877 -0.013643217317771909 0.014744309342561315 0.00055621424841967011 -0.0047239967941844103
leaf_weight=789 300 250 814 262 352 314 271 3523 256 1006 274 485 1176 444 997 503 252 471 440 270 521 267 307 264 328 313 251 396 276 590 251 253 286 334 376 457 275 493 383 496 330 844 256 253 399 342 269 1162 274 2297 1004 262 328 403 461 253 259 257 1560 737 663 287 251 750 608 416 401 498 250 278 251 536 647 375 430 394 1062 296 434 290 389 603 411 506 5353 694 382 343 400 588 651 407 298 250 310 482 253 270 320 868 359 305 700 540 927 304 390 2135 290 260 954 455 597 326 1508 362 575 775 276 305 374 802 289 580 26435 1044
leaf_count=789 300 250 814 262 352 314 271 3523 256 1006 274 485 1176 444 997 503 252 471 440 270 521 267 307 264 328 313 251 396 276 590 251 253 286 334 376 457 275 493 383 496 330 844 256 253 399 342 269 1162 274 2297 1004 262 328 403 461 253 259 257 1560 737 663 287 251 750 608 416 401 498 250 278 251 536 647 375 430 394 1062 296 434 290 389 603 411 506 5353 694 382 343 400 588 651 407 298 250 310 482 253 270 320 868 359 305 700 540 927 304 390 2135 290 260 954 455 597 326 1508 362 575 775 276 305 374 802 289 580 26435 1044
internal_value=-0.000285019 -0.000858705 -0.00488389 -0.000676295 -0.00133884 -0.00734646 -0.004597 -0.000790722 -0.00224349 -0.00296421 0.00456169 0.000262213 0.00463656 0.002197 -0.00352734 -0.000367723 -0.00904693 -0.011073 -0.00200594 -0.00378269 0.000349696 0.00333868 -0.000863806 0.00394911 0.00934828 -0.00964183 -0.00510747 0.00069344 -5.49057e-05 0.00491552 0.00831923 0.0169244 -0.0171818 0.000256619 0.00939123 0.0137244 -0.00708133 -0.00316834 -0.00532282 -0.00219385 0.00277803 -0.000675062 -0.00377733 -0.00173964 0.00849621 -3.91931e-08 0.00151941 0.00652871 -0.00025506 -0.00184581 0.000142551 -0.00618793 -0.00798678 0.000198775 -0.000390293 -0.00819124 0.000481499 -0.00126372 0.000554533 0.00413176 -0.00067962 -0.00545262 -0.00535928 -0.000101044 -0.00632963 -3.8618e-05 0.0142649 -0.000727217 -0.00270103 0.00261615 -0.00142755 0.00070062 0.00588005 0.0139723 -0.00412257 0.000357238 -0.000158341 -0.00716322 -0.00206042 0.00486908 -0.00481286 -0.00827591 -0.00557558 -0.0117024 0.000758373 -0.00351585 0.00906591 0.0117375 0.000275236 -0.00218885 -0.00730252 -0.0119618 0.0014388 0.00190005 0.0066867 0.00940054 0.0167485 0.00136058 0.00500254 0.000518374 0.00691818 0.0117527 -0.000546615 -0.00181826 0.00309817 -0.00451593 0.00460202 -0.00235448 -0.00833329 -0.00641702 -0.000771843 -0.000438033 0.000927184 0.00641358 -0.00190529 0.00568238 -0.00382063 -0.000203323 -0.00806922 -0.00243512 -0.0132273 0.00867923 0.000917891 0.00289502 0.000400307 0.00181154
internal_weight=97278 62788 2712 60076 35236 2939 2301 32297 16332 14774 1558 24840 3132 2617 1441 21708 2004 1752 12770 7287 5483 2970 1745 1125 1225 620 518 15965 13556 2409 736 515 638 13280 1051 897 1281 2513 1992 1499 826 20972 3749 2987 902 17223 9450 1965 803 7773 5065 2085 1823 7485 7082 714 6368 4221 3217 1657 920 1495 507 6109 4131 12946 675 5767 3633 2134 3383 2633 1273 626 1360 930 1636 574 1987 561 1426 1037 2708 762 34490 2462 1334 607 12530 4009 1646 995 8521 8223 1835 1435 563 2363 1392 6388 914 664 5474 4606 1627 2979 872 2439 673 534 1648 3156 2701 923 1778 952 971 1075 1208 581 627 1072 33701 6977 26724 6397
internal_count=97278 62788 2712 60076 35236 2939 2301 32297 16332 14774 1558 24840 3132 2617 1441 21708 2004 1752 12770 7287 5483 2970 1745 1125 1225 620 518 15965 13556 2409 736 515 638 13280 1051 897 1281 2513 1992 1499 826 20972 3749 2987 902 17223 9450 1965 803 7773 5065 2085 1823 7485 7082 714 6368 4221 3217 1657 920 1495 507 6109 4131 12946 675 5767 3633 2134 3383 2633 1273 626 1360 930 1636 574 1987 561 1426 1037 2708 762 34490 2462 1334 607 12530 4009 1646 995 8521 8223 1835 1435 563 2363 1392 6388 914 664 5474 4606 1627 2979 872 2439 673 534 1648 3156 2701 923 1778 952 971 1075 1208 581 627 1072 33701 6977 26724 6397
is_linear=0
shrinkage=0.0667171


Tree=44
num_leaves=127
num_cat=0
split_feature=22 19 19 16 69 18 15 18 96 61 4 18 10 92 18 62 15 104 9 10 36 16 70 73 18 99 99 19 19 21 151 70 73 73 21 99 21 16 73 73 73 18 73 85 19 97 19 18 151 17 73 62 95 21 152 21 13 21 152 18 21 80 99 36 36 15 18 10 201 10 104 61 17 21 19 16 18 4 19 152 18 18 69 92 15 19 149 73 18 18 92 21 19 80 18 169 99 97 95 99 165 95 73 19 79 19 80 15 99 81 21 95 24 19 21 16 13 18 92 10 14 3 19 21 96 73
split_gain=13.2113 10.6948 12.7226 17.3974 11.3719 9.82887 12.8374 12.2681 23.1433 23.9071 15.2503 15.9984 21.5459 20.3835 17.5106 14.3598 22.1615 23.163 13.5984 12.7264 11.9127 11.7559 13.1846 11.5204 13.2547 11.3776 14.6754 19.4771 16.4948 14.8463 16.4688 13.3625 11.5089 11.9325 11.3362 11.1854 10.9043 14.0682 10.6619 11.7137 21.3196 15.1844 15.8502 18.249 12.2296 20.3536 11.7748 22.0601 10.4688 15.4827 11.1853 14.6969 10.4924 9.92208 9.67222 9.6445 13.4272 9.62399 17.1492 9.36208 9.3338 10.3878 9.32893 9.30264 14.4383 9.2283 9.13605 9.09833 8.97813 12.2496 8.8971 8.82019 12.3748 12.4272 9.33002 8.75134 7.9879 18.6233 10.2626 12.0698 10.2002 16.3899 14.2641 13.2099 12.8086 12.6977 15.8143 16.3344 13.6926 11.5245 18.6541 17.1326 11.3044 18.7126 11.2726 14.3194 10.5146 14.336 11.4599 10.3831 10.2582 15.6688 12.5033 10.5773 9.57539 11.4791 12.4522 19.1412 12.2087 10.901 10.1098 11.0954 9.23053 9.17477 11.6739 10.1076 11.7112 11.9741 11.4512 18.8962 10.0869 11.4157 17.3305 16.3968 9.01284 8.93501
threshold=-0.0013326261541806159 3.6611053943634038 1.7866497635841372 0.35723590850830084 -1.4113613963127134 0.10864803194999696 0.33693076670169836 0.066034600138664259 -0.12674389034509656 -0.086599241942167268 0.028504603542387489 -0.090686492621898637 0.3701255470514298 0.61572408676147472 0.048116011545062072 0.44952681660652166 0.0092384614981710928 0.050675619393587119 -0.0055608435068279496 0.091103382408618941 -0.13028168678283689 0.17554673552513125 -0.20211763679981229 -0.095768120139837251 0.27170178294181829 -0.058478729799389832 0.23454909026622775 0.4019292443990708 0.49659189581871038 0.065265905112028136 -0.11102230846881865 -0.19868811964988706 0.30498073995113378 0.20259941369295123 0.017295269295573238 0.57077556848526012 -0.37518434226512903 -0.3006021380424499 -0.076762139797210679 -0.0066918621305376283 0.082222338765859618 0.34339863061904913 0.67140695452690136 -0.022080359980463978 -0.15383142232894895 -0.035274181514978402 0.10660557076334955 0.64580601453781139 -0.095760174095630632 -0.17088516056537625 0.022240712307393554 0.058359621092677123 0.013427984900772573 -0.06198694929480552 -0.1165427304804325 0.046009788289666183 -0.044607024639844887 0.010616639629006388 0.29930528998374945 -0.61250972747802723 0.050574224442243583 0.046537268906831748 0.22416760027408603 -0.01232394343242049 0.15845070779323581 0.083084616810083403 -0.89468982815742482 -0.049654960632324212 0.016992871649563316 -0.055683668702840798 -0.11886128783226012 0.21049305051565173 0.40832026302814489 0.41712887585163122 0.081120450049638762 -0.047464752569794648 -0.28176027536392206 0.4340589046478272 0.083739373832941069 -0.10602914541959761 0.04206181317567826 0.02152569126337767 0.025030007585883144 -0.15823885053396222 -0.077953845262527452 -0.079188324511051164 0.22943585366010669 0.184068538248539 0.015367750544101002 0.094701088964939131 -0.11258777230978011 0.054815661162137992 -0.068712692707777009 0.35924790799617773 0.10598503425717355 0.072573721408844008 0.28264839947223669 0.050013601779937751 0.41727948188781744 -0.072842482477426515 -0.021276743151247498 0.12216653674840929 -0.095768120139837251 0.25647677481174475 -0.21374303847551343 -0.22743850946426389 -0.13582743704318997 -0.13076154142618177 -0.20973649621009824 -0.036696234717965119 0.013053833507001402 0.1058577559888363 -0.098153460770845399 -0.070862270891666398 -0.37518434226512903 0.25366353988647466 0.28039479255676275 -0.11541661992669104 -0.12824524194002149 -0.092394087463617311 0.83631697297096264 0.45529152452945715 0.0089512169361114519 -0.53817290067672718 0.20081847161054614 -0.01353156194090843
decision_type=2 2 2 2 2 2 2 2 2 2 2 2 2 2 2 2 2 2 2 2 2 2 2 2 2 2 2 2 2 2 2 2 2 2 2 2 2 2 2 2 2 2 2 2 2 2 2 2 2 2 2 2 2 2 2 2 2 2 2 2 2 2 2 2 2 2 2 2 2 2 2 2 2 2 2 2 2 2 2 2 2 2 2 2 2 2 2 2 2 2 2 2 2 2 2 2 2 2 2 2 2 2 2 2 2 2 2 2 2 2 2 2 2 2 2 2 2 2 2 2 2 2 2 2 2 2
left_child=1 2 3 4 -1 7 23 10 9 -9 18 12 21 14 19 16 34 -18 25 57 -16 22 -12 24 -7 32 28 29 36 30 35 -29 33 54 -10 -28 -27 53 -25 68 44 42 43 70 -41 55 -43 -48 -39 52 -51 -52 -50 -38 -6 56 -46 -13 65 -5 61 -47 -14 67 -65 -59 -2 -24 75 -70 -42 72 73 74 -61 -40 77 78 112 -80 81 85 83 -83 -84 88 113 -88 96 90 91 -82 -92 99 95 -91 97 104 -99 -94 101 -96 103 -102 110 106 -106 -108 -107 -110 111 -78 -68 114 -87 118 -117 -118 -115 -120 121 122 123 -121 -79 -112
right_child=66 -3 -4 59 5 6 -8 8 15 -11 11 13 62 -15 20 -17 17 -19 -20 -21 -22 -23 63 38 -26 26 27 31 -30 -31 -32 -33 -34 -35 -36 -37 37 48 39 40 41 46 -44 -45 45 60 47 -49 49 50 51 -53 -54 -55 -56 -57 -58 58 -60 71 -62 -63 -64 64 -66 -67 76 -69 69 -71 -72 -73 -74 -75 -76 -77 80 124 79 -81 89 82 84 -85 -86 86 87 -89 -90 94 92 -93 93 -95 100 -97 -98 98 -100 -101 102 -103 -104 -105 105 108 107 -109 109 -111 125 -113 -114 115 -116 116 117 -119 119 120 -122 -123 -124 -125 -126 -127
leaf_value=0.012991456106106393 -0.0099741819076126868 -0.0096112422492964106 0.01192426584335695 -0.013895076512190943 0.018612083642137497 0.0031656756010973648 0.0089157462686580268 -0.00064795799927259404 0.011497615832521525 -0.022092984327672646 -0.001010225407187551 -0.013550136162318361 -0.016267012274153975 0.010459656701549795 -0.0044068315755464091 -0.012015977407828381 -0.016515162962034122 0.0070217095460365468 -0.00059685182244035217 -0.0015030159800207515 0.015558062210228672 -0.0041351290580332409 0.02221045998770985 -0.0072643763232216538 0.019346430614140257 -0.007378919254849267 0.0042267753629880601 0.020564291028383853 -0.016849799697651945 -0.011614443466977365 0.015752201697947943 0.0041305188351588402 -0.0057721269563404572 0.020075363278722114 -0.0041431085399155562 -0.01021151372713491 0.015923131884087977 -0.0080369657875259126 0.015932062048068314 0.007744173459354217 0.016375006328497903 0.0066979407656596835 -0.0081539169475328566 0.00085160415605669789 -0.016412896497087864 0.0047165071459058534 -0.019913743568642416 0.0035382170326541075 -0.013501121538068771 0.012783222929644933 0.010731164366778562 -0.0071097577519255058 0.0034051725669775245 3.7274023873092863e-05 0.0049477455777373128 -0.019987104452456089 0.0021144395244230923 0.003458048194988148 -0.021128119000036784 -0.015959566138832103 0.010750140176544808 -0.0098695793527029813 -0.0031289325777232998 -0.0075393430852071664 0.0081382111149108805 -0.0089816351944817709 0.016868605765108329 0.0085754487920485616 -0.011001815480617041 0.0051267721147883263 0.0069312910970995342 0.0035071898481991381 0.0040088688045766523 -0.021456916898763532 -0.0010346242328018334 0.003571021730514358 -0.014794974791198149 0.022521908743331265 0.0031164417398215861 -0.0041961454115990952 -3.6532984531331993e-06 -0.01553653125854342 -0.026820960436934507 -0.0014807159760272875 -0.0073035027807717241 -2.882808067403475e-05 -0.015900482448742526 -0.0015903350691375525 0.015143353123210279 -0.012381911277891932 0.0020365275430388428 -0.01857534071080277 0.0054618047138691745 -0.0052960611329542877 0.0027076125849422126 0.0058511905970785568 0.010161963901635152 -0.015778302146418913 -2.5261138984263809e-05 0.018875568689201434 0.011533975830994863 -0.005908504214065094 -0.0030095407929597493 -0.0032931517157258742 0.0073068183730003108 -0.0049393004762224623 -5.3110296606879125e-05 -0.02292286415642936 0.010454371679900399 0.0019697107584304581 0.010295981878366459 0.00044629670066472068 0.0019695251824033005 0.0040052708445272762 -0.017056266376265995 -0.017803078291977643 -0.0095072192618458114 0.0073501448744360482 -0.011981639535660921 0.011830713744787969 -0.009135444079041025 -0.0058141538450474824 0.0052565955685504057 -0.0063342613790994479 0.0047313691827918797 -0.0023689790794872304
leaf_weight=336 503 457 435 416 259 726 1171 417 900 523 1107 1372 285 382 251 379 443 314 6399 1276 272 750 292 657 328 656 902 525 257 305 416 387 287 328 261 321 472 596 558 305 669 281 400 1829 356 384 391 320 387 602 367 458 274 270 2102 470 330 618 251 260 269 487 1537 359 925 458 275 909 258 1046 1385 652 428 278 657 482 529 251 1700 2438 1056 375 278 1430 334 324 803 643 268 764 1833 276 418 278 5830 250 417 470 354 699 514 1115 7604 358 293 542 418 266 1280 1444 311 345 571 1770 394 340 479 302 750 258 573 1120 2519 1413 264 1170
leaf_count=336 503 457 435 416 259 726 1171 417 900 523 1107 1372 285 382 251 379 443 314 6399 1276 272 750 292 657 328 656 902 525 257 305 416 387 287 328 261 321 472 596 558 305 669 281 400 1829 356 384 391 320 387 602 367 458 274 270 2102 470 330 618 251 260 269 487 1537 359 925 458 275 909 258 1046 1385 652 428 278 657 482 529 251 1700 2438 1056 375 278 1430 334 324 803 643 268 764 1833 276 418 278 5830 250 417 470 354 699 514 1115 7604 358 293 542 418 266 1280 1444 311 345 571 1770 394 340 479 302 750 258 573 1120 2519 1413 264 1170
internal_value=-0.000282156 0.000506438 0.000605126 0.000499072 0.000816219 0.000721769 0.00225259 7.04755e-05 -0.00381216 -0.0126159 0.000527063 -0.00139143 0.000862923 -0.00424555 -0.0055079 -0.000189681 0.00214268 -0.00669563 0.00180784 -0.00702157 0.00590147 0.00342233 0.00501282 0.00159462 0.00824821 0.00332411 0.00188237 0.00559477 -0.000554999 0.00180166 0.00432956 0.0136301 0.00679625 0.00815752 0.00793977 0.00040132 0.00047051 0.00198742 0.000945367 0.00147787 0.000241167 0.00268189 0.00440858 0.00571672 -0.00469443 -0.0063713 -0.00472775 -0.00931395 -0.000248364 0.00196377 0.00588304 0.000799021 -0.00643224 0.0101013 0.00647468 -0.0125999 -0.00747009 -0.00961804 -0.00552109 -0.00470448 -2.10954e-05 -0.00339729 -0.00521319 0.00771052 0.00372372 -0.00181522 -0.00105 0.0119392 0.00561582 0.00189841 0.0100306 -0.00300187 -0.00563925 -0.00913063 -0.00532895 0.0102405 -0.000956741 0.00143472 0.000179205 -0.00118321 -0.00126195 -0.00225864 -0.00744555 -0.00443387 -0.0162468 -0.00162304 -0.0030304 -0.00956106 0.000402006 -0.000205851 0.00275864 -0.00386154 0.00550326 0.0100302 -0.00103061 -0.00783635 -0.000101503 -0.000685554 -0.0089677 0.0138903 -0.000580006 0.00131763 -0.00213876 0.0054007 0.00034616 0.00224373 -0.00407348 -0.00901996 0.00414642 0.0059712 -0.00305686 -0.00873804 0.00686702 -0.00210371 -0.00936913 -0.00155057 -0.00749573 -0.00294586 -0.000751863 -0.00202722 -0.000749072 0.000153113 0.0017586 -0.0034926 0.0134758 0.000276944
internal_weight=97081 47872 47415 46980 44289 43953 13102 30851 3237 940 27614 11044 6164 4880 4498 2297 1918 757 16570 3975 523 4342 3592 11931 1054 10171 7195 2856 4339 1944 1639 912 2976 2689 1161 1223 4082 3426 10877 10220 7876 5275 4283 3883 2601 2296 992 711 2684 2088 1427 825 661 742 2361 1156 686 2699 1327 2691 1140 871 1822 2485 1284 1076 49209 1201 2344 1304 2054 2275 1623 1195 917 1040 48706 5499 4984 4138 43207 22212 2417 1805 612 19795 11688 1446 8107 20995 4560 1332 3228 1395 16435 1014 7839 7422 824 1117 15421 6945 8476 872 6598 4243 977 684 3266 2724 2355 874 846 10242 718 9524 1121 781 8403 6633 5883 5310 4190 1671 515 1481
internal_count=97081 47872 47415 46980 44289 43953 13102 30851 3237 940 27614 11044 6164 4880 4498 2297 1918 757 16570 3975 523 4342 3592 11931 1054 10171 7195 2856 4339 1944 1639 912 2976 2689 1161 1223 4082 3426 10877 10220 7876 5275 4283 3883 2601 2296 992 711 2684 2088 1427 825 661 742 2361 1156 686 2699 1327 2691 1140 871 1822 2485 1284 1076 49209 1201 2344 1304 2054 2275 1623 1195 917 1040 48706 5499 4984 4138 43207 22212 2417 1805 612 19795 11688 1446 8107 20995 4560 1332 3228 1395 16435 1014 7839 7422 824 1117 15421 6945 8476 872 6598 4243 977 684 3266 2724 2355 874 846 10242 718 9524 1121 781 8403 6633 5883 5310 4190 1671 515 1481
is_linear=0
shrinkage=0.0667171


Tree=45
num_leaves=127
num_cat=0
split_feature=73 3 24 33 92 73 11 18 2 99 20 19 82 73 4 96 103 18 18 4 18 96 21 4 17 33 95 97 5 73 21 95 33 3 19 95 85 17 19 96 3 99 19 62 17 20 153 92 24 4 104 17 82 19 18 5 19 18 33 92 81 11 73 20 92 24 95 4 4 153 14 19 99 18 46 95 92 96 95 169 84 73 18 84 20 200 20 19 10 70 74 18 84 168 11 14 198 33 14 18 10 65 97 92 104 18 200 16 99 3 17 2 19 17 17 17 61 17 183 11 103 19 17 11 33 19
split_gain=12.8659 28.5208 16.3832 27.037 17.4191 21.374 15.4877 14.2746 19.8032 18.3083 11.976 24.6864 24.3905 17.5221 16.302 18.5232 12.9801 16.6773 19.368 19.1248 16.1076 21.6027 26.1111 22.0092 17.8023 28.2832 28.2393 33.6306 26.8627 24.4907 18.3346 17.2724 24.027 25.7208 23.2721 18.6401 17.4435 17.1257 16.8961 16.0706 15.9924 14.9936 30.9445 20.6523 23.0626 23.0482 15.9873 16.6576 18.9695 15.6104 15.3033 16.1774 14.8779 14.6898 18.7103 16.3585 16.4599 17.8841 13.993 13.7707 13.5548 13.5317 15.3076 31.0765 26.0966 25.2565 18.6662 17.6156 16.4587 15.7717 15.7009 13.3583 15.3938 15.7698 13.3015 15.7611 12.955 12.7372 26.485 12.7194 12.7102 12.5901 12.53 13.3887 12.5661 12.526 14.051 15.2692 12.4096 11.9034 11.6005 13.3388 12.0639 11.5414 11.2732 13.1567 12.5899 15.9091 13.9544 13.7996 13.0675 11.5269 11.7847 11.1158 10.9826 14.0039 11.3924 13.7667 27.2237 15.3104 26.4675 19.9899 20.5754 14.952 21.1322 15.4342 14.6821 14.0344 11.7896 12.9072 11.6824 11.6782 38.2127 33.1121 18.437 13.4118
threshold=0.48662102222442633 0.24585780501365664 0.49829590320587164 -0.059984961524605744 -0.12437407672405242 0.62935632467269909 0.22884186357259753 0.19685667008161548 0.22869318723678592 -0.19325035810470578 0.44688706099987036 0.13925331830978396 0.18750309944152835 0.19755082577466967 -0.20237678289413449 0.11101166531443597 -0.056122953072190278 0.048116011545062072 0.02152569126337767 -0.36324852705001826 0.059295460581779487 -0.12807336449623105 0.057099509984254844 -0.25349488109350199 -0.28136909008026117 -0.21828547120094297 -0.13771200925111768 0.41200095415115362 -1.0000000180025095e-35 0.08882670104503633 -0.079866230487823472 -0.24600932747125623 -0.14947065711021421 0.36766564846038824 0.32145911455154424 -0.17115497589111325 0.17413897812366488 0.0066153735388070354 -0.15383142232894895 -0.057953242212533944 0.33241093158721929 -0.2518924325704574 -0.21684538573026654 -0.089905362576246248 0.23606816679239276 -0.066444844007492052 0.22974892705678943 -0.2391584366559982 -0.18953061848878858 -0.46789334714412684 0.040454993024468429 0.42874091863632208 -0.059161176905035966 -0.11523995175957678 0.13716869056224826 -0.37499999999999994 0.073873169720172896 0.19611540436744693 0.56799951195716869 -0.0063090249896049491 -0.15253679454326627 -0.74961161613464344 -0.36940917372703547 -0.23208858817815778 0.52278831601142894 -0.15786629170179364 -0.13491704314947126 0.12489546835422517 0.13275974243879321 0.008093485143035652 0.23810268193483355 0.030022198334336284 -0.22450374811887738 0.13716869056224826 -0.15309982746839521 -0.2754788994789123 -0.16224374622106549 -0.1308038532733917 0.12216653674840929 0.015216322150081398 0.061729587614536292 0.10610095411539079 0.19194141775369647 0.0065335049293935308 0.049444841220974929 0.044431008398532874 0.053381266072392471 0.018406006507575515 0.21891690045595172 0.22564023733139041 0.29496817290782934 -0.11898674443364142 -0.056850364431738847 0.93552696704864513 -0.099281594157218919 0.61607885360717785 0.018558905459940437 0.45037306845188146 -0.11457589268684386 0.011439860332757236 -0.037534940987825387 0.41282427310943609 -0.20324584841728208 -0.16634650528430936 -0.9608606994152068 -0.22151045501232144 -0.95367300510406483 -0.73482072353363026 0.20090452581644061 -0.46216037869453425 0.57140287756919872 0.13210227340459826 -0.20517060905694959 0.589055895805359 0.27274034917354589 -0.037211475893855088 -0.10303413495421408 0.3875745981931687 0.11548392847180368 -0.11696247756481169 -0.14412369579076764 -0.14753066003322599 0.0096713884267956036 -0.21670207381248471 0.46514876186847692 -0.16098526120185849
decision_type=2 2 2 2 2 2 2 2 2 2 2 2 2 2 2 2 2 2 2 2 2 2 2 2 2 2 2 2 2 2 2 2 2 2 2 2 2 2 2 2 2 2 2 2 2 2 2 2 2 2 2 2 2 2 2 2 2 2 2 2 2 2 2 2 2 2 2 2 2 2 2 2 2 2 2 2 2 2 2 2 2 2 2 2 2 2 2 2 2 2 2 2 2 2 2 2 2 2 2 2 2 2 2 2 2 2 2 2 2 2 2 2 2 2 2 2 2 2 2 2 2 2 2 2 2 2
left_child=10 2 3 4 6 -6 -2 9 -9 -5 16 13 14 -12 -13 -16 93 18 41 52 21 23 39 -19 26 30 28 29 -22 -28 -26 32 -27 38 36 -36 71 -35 -34 -23 -30 42 -18 44 79 59 47 48 -45 -48 -47 -52 -20 54 -40 -55 57 -57 103 -46 -38 -49 66 64 65 88 -63 70 69 -67 -68 72 -33 77 75 -65 -73 -74 -79 90 81 -78 -75 -84 -85 86 -51 -88 -64 -29 92 -92 -43 104 95 -76 99 100 -99 101 -98 102 -96 -21 105 -1 -106 108 -108 110 117 112 -111 114 115 116 -113 120 119 -116 -109 122 123 -114 125 -124
right_child=1 -3 -4 7 5 -7 -8 8 -10 -11 11 12 -14 -15 15 -17 17 20 19 58 24 22 -24 -25 25 31 27 89 40 -31 -32 34 33 37 35 -37 60 -39 53 -41 -42 43 -44 46 45 50 49 61 -50 85 51 -53 -54 55 -56 56 -58 -59 -60 -61 -62 62 63 74 -66 68 67 -69 -70 -71 -72 76 73 82 94 -77 80 78 -80 -81 -82 -83 83 84 -86 -87 87 -89 -90 -91 91 -93 -94 -95 96 -97 97 98 -100 -101 -102 -103 -104 -105 106 -107 107 109 -110 111 -112 113 121 -115 118 -117 -118 -119 -120 -121 -122 -123 124 -125 -126 -127
leaf_value=0.0061613916952599265 0.021341886692941212 -0.021795111058397446 0.0081136917877520399 -0.014410615150370898 -0.014231903227118257 0.0036814510042109667 -0.00079933692307052983 -0.032209793189025823 -0.0075666362201662254 0.0048864874775120448 0.0037634801071075347 0.0035903450987843323 0.012550030782679269 0.024527832823858522 -0.024161890495426538 -0.0023108435463324766 0.011489375631677064 0.0040026819066910149 -0.0095460882591696643 -0.019979426725644501 -0.016883349017315183 -0.0017437281412050962 -0.014975539786322704 0.029259716574847484 -0.0052311632785330842 0.023006212304643791 0.023829815506152194 -0.012233333087226045 0.016094609630884157 0.0016779308040511577 -0.022337840657776567 0.0069162623544424861 -0.012604802546668828 0.0010168430799744807 -3.9181772289479854e-05 -0.021370939902619363 -0.014576257350578364 0.016458018606357816 0.018590543444729397 0.017581222855916151 -0.0045592648919984442 -0.0026469941550524363 -0.012929574817877175 -0.025754125014017162 -0.0007596654420117477 0.00014163147514237483 -0.021174367267306097 -0.012688933237685399 -0.0035035524830092928 -0.001340198454598057 -0.026297089974618527 -0.0067388164139555833 0.0076096058910973072 0.0087901272353171182 -0.0037917403267593349 -0.022746051611161593 0.0018190767232027219 -0.0018063736084571484 -0.022323854415646861 0.018964672251510644 -0.0022934284384308126 0.017568866722368168 0.0084770654495943606 -0.018487655668642872 0.0032561373035813702 -0.018021079501008435 -0.00076336392571677339 -0.010430850421601518 -0.027815849193970951 0.00038199130071900887 0.011031556322913706 -0.0033830744964225509 -0.012031356490010761 0.0064610076511782523 -0.0041882749354875855 -0.0024697355324281418 0.014280758637397578 0.008589284898259688 -0.014552259417741442 0.00061913687978395571 0.016885715258148627 -0.002246331312628106 -0.0077843831616829272 -0.0033007254469168104 0.013556205096669752 0.0044596820589109581 -0.0035423017076050499 -0.021938024445491953 -0.0094851077467282656 0.0074534652509635566 0.025563735244102041 0.0080302545749549436 0.0094680180616533334 0.012203429079590497 -0.010504640863245417 0.010682792190894647 -0.013043734892538602 -0.0027990625530998712 0.017649352745665255 0.017493974391703949 -0.0015088769377736325 -0.009913184191298793 0.0037749225152205689 -0.0054300464681399981 -0.009861883923104834 -0.012617597406442653 -0.0055643566632668333 0.0085075342872744947 0.016115537947661549 0.0076916113036240123 -0.0098953545072535173 0.011796152753346131 0.00025017980518138186 -0.018349195828130233 0.010874507184703949 -0.01203567793964672 -0.0043987460565561706 0.017410140813396677 0.017086676454180036 -0.0096273915405461815 0.00017750761441133613 0.0010381769659328708 0.014117158916443264 -0.024493519990714672 -0.0071598526033529565 -0.0036991567421779817
leaf_weight=250 304 357 583 457 465 801 252 266 325 411 345 589 514 386 293 422 286 307 361 280 399 380 314 310 1319 267 774 284 306 314 354 1174 461 541 316 434 434 792 410 375 356 549 1126 252 354 678 299 418 527 792 281 580 584 484 272 366 713 363 362 275 4909 384 313 338 690 613 1138 429 429 305 888 445 915 1253 2921 1415 333 535 369 1396 610 517 919 445 345 483 364 457 369 256 327 487 1062 395 264 287 604 284 300 286 1591 309 6263 1433 422 570 395 1782 720 1895 485 289 410 298 269 1046 1667 468 297 271 1304 16125 631 567 493 261
leaf_count=250 304 357 583 457 465 801 252 266 325 411 345 589 514 386 293 422 286 307 361 280 399 380 314 310 1319 267 774 284 306 314 354 1174 461 541 316 434 434 792 410 375 356 549 1126 252 354 678 299 418 527 792 281 580 584 484 272 366 713 363 362 275 4909 384 313 338 690 613 1138 429 429 305 888 445 915 1253 2921 1415 333 535 369 1396 610 517 919 445 345 483 364 457 369 256 327 487 1062 395 264 287 604 284 300 286 1591 309 6263 1433 422 570 395 1782 720 1895 485 289 410 298 269 1046 1667 468 297 271 1304 16125 631 567 493 261
internal_value=-0.000222807 -0.00382407 -0.00214558 -0.00398305 0.00141721 -0.00287936 0.0112453 -0.0107457 -0.0187472 -0.00524604 -5.8847e-05 0.00444773 0.000267156 0.0147797 -0.0045648 -0.0113329 -0.000186373 -0.000768497 -0.00171731 -0.00682024 0.000554435 0.00684302 0.00107663 0.0167619 9.11555e-05 -0.000583323 0.00519032 0.0107101 -0.00324286 0.0174613 -0.008885 0.000161598 0.00367444 0.00248507 -0.00101182 -0.0124206 -0.000359424 0.0102147 -0.000865836 0.00781455 0.00493929 -0.00122531 -0.00793939 -0.000907663 0.00259417 -0.00288783 -0.00178265 -0.00120763 -0.0107701 -0.00695406 -0.00729516 -0.013189 0.00100446 0.00120363 0.00960517 -0.0017599 -0.00533531 -0.012375 -0.0104029 0.00781752 -0.00330177 -0.000847484 -0.000602143 -0.0013376 -0.00789171 -0.0117057 0.00393799 0.00178201 -0.0169983 -0.0118768 0.0043928 0.00163686 7.56851e-05 -0.00159979 -0.000135442 -0.00559013 0.00649578 -0.0064881 -0.000837633 0.00571479 0.00953796 0.00421065 0.0013924 -0.00230525 0.00402279 -0.00489538 -0.00772134 -0.0138294 -0.00120556 -0.00281618 0.0086349 0.0151378 0.00531952 0.000911388 0.000592334 -0.00283911 0.00170803 -0.00209121 0.00764534 0.00319576 -0.00470462 0.00258795 0.00318832 -0.00784709 0.000765241 -0.00683294 0.00097388 0.00112986 0.00839545 0.000844446 0.00464936 0.000215968 0.00107548 -0.00400901 -0.00287948 -0.00549781 -0.00197915 0.00665086 0.00645947 0.000536697 0.00499999 0.000394767 -0.0039806 -0.0140737 0.0031201 0.00885411
internal_weight=97183 4221 3864 3281 1822 1266 556 1459 591 868 92962 2549 1818 731 1304 715 90413 59103 34433 3020 24670 1686 1069 617 22984 20295 2689 1628 1061 1088 1673 18622 4669 4402 13953 750 13203 1333 3069 755 662 31413 1412 30001 5989 2168 24012 21617 779 2395 1539 861 945 2608 682 1926 1442 729 2075 629 5343 20838 20420 17581 2719 2029 2839 2455 1347 918 2026 7860 5955 4781 14862 1753 1905 1819 904 3821 1460 850 2962 1709 790 2096 1613 821 682 540 2425 814 1611 31310 13109 3208 9901 2779 584 7122 2195 6836 6527 1713 30915 820 30095 29673 1115 28558 4039 24519 20382 4137 3839 3002 1956 3554 837 540 3086 18487 2362 977 1385 892
internal_count=97183 4221 3864 3281 1822 1266 556 1459 591 868 92962 2549 1818 731 1304 715 90413 59103 34433 3020 24670 1686 1069 617 22984 20295 2689 1628 1061 1088 1673 18622 4669 4402 13953 750 13203 1333 3069 755 662 31413 1412 30001 5989 2168 24012 21617 779 2395 1539 861 945 2608 682 1926 1442 729 2075 629 5343 20838 20420 17581 2719 2029 2839 2455 1347 918 2026 7860 5955 4781 14862 1753 1905 1819 904 3821 1460 850 2962 1709 790 2096 1613 821 682 540 2425 814 1611 31310 13109 3208 9901 2779 584 7122 2195 6836 6527 1713 30915 820 30095 29673 1115 28558 4039 24519 20382 4137 3839 3002 1956 3554 837 540 3086 18487 2362 977 1385 892
is_linear=0
shrinkage=0.0667171


Tree=46
num_leaves=127
num_cat=0
split_feature=10 65 92 92 1 11 96 92 13 201 97 33 12 33 19 16 12 70 183 20 99 20 21 81 17 20 152 20 19 103 92 4 21 152 12 17 17 82 11 97 182 92 1 92 19 11 17 80 12 20 10 21 4 12 171 36 97 99 5 20 12 33 74 20 20 17 21 21 97 9 17 0 12 19 200 61 20 19 92 21 12 4 1 82 5 183 10 152 11 5 96 12 10 19 20 12 105 20 20 12 12 17 11 10 92 11 19 170 80 12 4 97 11 96 80 0 80 12 105 21 92 33 92 16 33 4
split_gain=10.4568 20.6015 15.8584 17.8819 20.183 15.3824 17.1821 19.0639 13.7718 12.2607 23.1793 16.3062 14.5964 22.5187 25.1543 30.484 28.0646 24.6879 18.6368 29.4509 17.4263 18.3628 16.7079 14.2244 13.4056 12.3985 18.5888 17.1377 19.0645 21.495 15.0273 14.6053 23.5211 13.461 20.3902 18.0781 23.1598 11.7298 11.6139 20.5318 26.4652 17.619 13.9863 25.9864 16.6451 18.4055 16.5187 15.2006 13.9728 13.8175 18.2399 24.1257 16.4894 22.4724 16.1041 14.823 12.9321 12.8809 30.9624 26.554 22.6644 19.6866 24.589 19.6838 15.7352 15.1034 13.3631 13.3755 27.1353 19.9945 17.5003 23.1731 34.573 24.6629 18.1871 17.0217 19.1353 16.9871 20.0957 21.7324 27.0281 25.0107 25.1162 20.713 19.6866 18.7754 18.2936 17.2864 16.7692 15.6687 15.0654 20.7873 18.6584 26.1213 25.5789 24.1684 20.581 34.3147 21.5987 19.158 25.6676 18.6169 18.515 17.6193 17.5173 16.2444 16.1442 14.9744 14.1502 14.051 28.4304 16.2517 13.7718 16.9069 13.7418 13.536 13.4388 20.999 18.2338 15.7326 13.5732 13.3557 20.5742 16.0557 13.3366 13.3094
threshold=0.98211735486984264 -1.1470099091529844 0.34144034981727606 0.85898610949516307 -0.055397728458046906 -0.8072584569454192 0.84124502539634716 -0.045063540339469903 -0.5366852581501006 -0.79099115729331959 0.23233559727668765 -0.29867887496948237 0.49084715545177465 -0.33553425967693323 0.62035274505615245 0.36698551476001745 -0.01255294820293784 -0.20211763679981229 -0.48065043985843653 -0.12771724909543988 0.33386474847793585 -0.12771724909543988 0.13214029371738437 0.27868846058845526 -0.031387071125209325 0.45837846398353582 0.52598008513450634 0.4951650351285935 0.14869761466979983 0.024649205617606643 1.0486813783645632 -0.32718469202518458 0.70375204086303722 0.40920808911323553 -0.054104177281260483 0.1209462881088257 0.49018479883670812 0.14169902354478839 -0.3954616636037826 0.16287374496459964 -0.81584376096725453 -0.22169133275747296 -0.015625000465661284 -0.050804728642106049 0.13207330554723742 -0.60134258866310109 -0.045300927013158791 -0.081340983510017381 0.37632513046264654 -0.029603074304759499 0.48445810377597814 -0.11940946429967879 0.1405884996056557 0.36662851274013525 0.49955551326274877 -0.27112676203250879 0.17479588836431506 0.15824265778064731 1.0000000180025095e-35 -0.099021356552839265 0.043188322335481651 0.011581771075725557 -0.0021370233735069628 -0.03561871871352195 -0.70465904474258412 -0.016071043908596035 -0.50244373083114613 -0.13572268187999723 0.099154662340879454 -0.01153035508468747 -0.22229813039302823 0.052556818351149566 0.051230682060122497 -0.059595385566353791 -0.22751590609550473 -0.061314791440963738 -0.010939309373497961 -0.035201841965317719 0.1352677792310715 0.23284175992012027 -0.13043503463268277 -0.29481184482574457 0.36789773404598242 1.0000000180025095e-35 -1.0000000180025095e-35 0.17652856558561328 -0.20952361077070233 -0.10095727071166037 -0.15771541744470594 1.0000000180025095e-35 -0.052618572488427155 -0.12993131577968595 -0.16208856552839276 -0.13688614219427106 0.09572381898760797 -0.26206639409065241 0.01116726314648986 -0.051649814471602433 0.12208744138479234 -0.22267315536737439 -0.14911276102066037 1.0000000180025095e-35 -0.10203680023550986 -0.23089163750410077 0.054716052487492568 0.12405408918857576 -0.14753066003322599 -0.017728838138282296 0.065227624028921141 -0.21286777406930921 -0.036655424162745469 -0.2193406671285629 0.26282632350921636 -0.11546060442924498 -0.086108572781085954 -0.1207386367022991 -0.0044815335422754279 -0.087572980672121034 -0.027937212958931919 0.027409461326897148 -0.190446101129055 0.28796260058879858 -0.088862013071775423 0.14743524789810183 0.37853989005088812 -0.39075338840484614
decision_type=2 2 2 2 2 2 2 2 2 2 2 2 2 2 2 2 2 2 2 2 2 2 2 2 2 2 2 2 2 2 2 2 2 2 2 2 2 2 2 2 2 2 2 2 2 2 2 2 2 2 2 2 2 2 2 2 2 2 2 2 2 2 2 2 2 2 2 2 2 2 2 2 2 2 2 2 2 2 2 2 2 2 2 2 2 2 2 2 2 2 2 2 2 2 2 2 2 2 2 2 2 2 2 2 2 2 2 2 2 2 2 2 2 2 2 2 2 2 2 2 2 2 2 2 2 2
left_child=1 -1 -2 -4 -5 8 9 -8 -3 10 24 12 13 14 16 17 -11 -16 -14 -20 -18 -22 -21 -19 -7 30 27 -27 31 -30 33 -29 -33 38 35 -35 -37 -12 42 57 -41 -42 43 46 45 -44 56 -45 -49 52 51 -51 -43 -54 55 -53 -13 64 61 60 65 62 -59 -64 -40 -60 -66 69 70 -68 71 115 73 88 -72 76 -71 90 79 80 81 84 -83 -80 -79 87 -81 -82 -73 -70 92 -92 95 101 107 103 97 -97 109 125 105 102 -94 -76 121 -101 -103 108 -95 -99 111 -111 -88 -114 -102 -69 117 -89 -119 -120 -121 122 123 -93 -96 -98
right_child=2 5 3 4 -6 6 7 -9 -10 11 37 25 18 -15 15 -17 20 23 19 22 21 -23 -24 -25 -26 26 -28 28 29 -31 -32 32 -34 34 -36 36 -38 -39 39 40 41 49 44 47 -46 -47 -48 48 -50 50 -52 54 53 -55 -56 -57 -58 58 59 -61 -62 -63 63 -65 66 -67 67 68 89 75 74 72 -74 -75 77 -77 -78 78 83 86 85 82 -84 -85 -86 -87 112 116 -90 -91 91 104 93 94 124 96 99 98 -100 100 114 106 -104 -105 -106 -107 -108 -109 -110 110 -112 -113 113 -115 -116 -117 -118 118 119 120 -122 -123 -124 -125 -126 -127
leaf_value=0.013943391211524339 0.0049835728419321398 -0.00364094629376521 -0.012085765608660017 0.014849320185464971 -0.0056063477916436016 -0.0067363651387835604 0.025023299276428174 0.0020763941303031494 -0.021212733541110574 -0.024645475110311219 -0.0080103391450020919 -0.027237577002226381 -0.0023041283447233522 0.0081704491716747974 -0.0066283891028905331 -0.014994785760709672 0.0063205624442369875 0.02666712959299734 0.0013201080605804889 0.032302303921886023 0.0016310335959186443 -0.0179439457439051 0.010045325998931506 0.0071156637558969001 0.0095715059246769194 0.020330572298743601 -0.0069925303095461711 0.022582580441635733 0.0068903018740057217 -0.015332763271021047 0.0084262266044550973 0.018686598979430636 -0.0077105058521190761 0.0056931345343211688 -0.010331381888446615 -0.023068630542787048 0.0012742016241236076 -0.024522481988009902 -0.014723367261707481 0.013935246508357479 -0.01701892514493113 0.0018002259883888449 0.018583798884220654 0.015790839319244531 0.017179851165249699 0.00047366549775499386 0.003822594641573428 0.0079661960098529952 -0.0038004545568776893 0.0099176825390632582 0.0029769155687139411 -0.0011032617544854569 -0.0022967279236386974 -0.019365039607496332 0.0055237362175532441 -0.013407337916938961 -0.007774602838904617 0.015102126542904161 -0.012432906384191164 0.0022736296738182925 -0.024707983875190694 0.0003244553831066191 -0.010317610418831714 0.0095645112659264106 0.014470124045641464 0.0066346852203582312 7.307772578458455e-05 -0.005234594862287196 0.017445528742487629 0.0047873156295551236 0.0036577606340490905 0.012639527952024018 -0.012027548511592257 0.023201697281147331 0.026563644882005487 -0.0099742791261269621 -0.013174663248000189 -0.0033093096291631234 -0.018413174066296518 -0.019113419496262593 -0.014413670413325546 -0.013366372024369234 0.0081580466801384512 -0.0041164931547050827 0.014546398113272321 0.013981504177574487 -0.0094408233723656757 -0.011636850761111281 -0.010794149769797524 0.0013057362652195237 0.018135737869959565 0.011076784887816198 -0.0007295770110537081 -0.0010902226790018641 0.018775758849398153 0.022546104901006739 -0.023349495849374409 -0.010535384170296039 0.013223813217573252 0.0042245286598064646 -0.0008492212192148295 -0.0022060352652631802 -0.023425273696755733 0.0049371622543104765 0.011452599581363989 0.022533725516413992 -0.0147056868631222 -0.0046431400764777421 0.010721204163488597 -0.0012586056954715383 -0.0073900876850957553 0.015324422244526448 -0.0092687680909791757 0.0084065152946612952 -0.011270110090085895 -0.017288107349653647 0.0096543615413035039 0.012520720336688993 0.0088456110262483522 -0.013567679236678093 0.00032191898431480667 0.0084507831102034817 -0.017494310910753083 -0.010740456981793382 0.0014054718684888121 -0.0027975114406958552
leaf_weight=461 671 775 1251 282 864 406 250 452 267 329 682 253 467 1434 251 251 538 363 500 365 387 461 263 313 491 361 511 310 414 357 845 280 315 1065 1523 276 453 270 337 382 432 3425 298 379 513 1487 277 772 1062 297 797 535 1801 423 274 2462 392 1590 420 1900 350 1455 375 531 267 323 4471 1026 615 910 5678 258 535 347 293 2337 368 809 619 429 269 1437 285 1677 411 650 1011 504 280 479 471 356 254 1086 530 444 275 472 676 1079 2979 4579 438 397 677 269 510 1912 763 412 785 701 389 619 694 707 1007 689 640 432 1099 415 397 254 317 290
leaf_count=461 671 775 1251 282 864 406 250 452 267 329 682 253 467 1434 251 251 538 363 500 365 387 461 263 313 491 361 511 310 414 357 845 280 315 1065 1523 276 453 270 337 382 432 3425 298 379 513 1487 277 772 1062 297 797 535 1801 423 274 2462 392 1590 420 1900 350 1455 375 531 267 323 4471 1026 615 910 5678 258 535 347 293 2337 368 809 619 429 269 1437 285 1677 411 650 1011 504 280 479 471 356 254 1086 530 444 275 472 676 1079 2979 4579 438 397 677 269 510 1912 763 412 785 701 389 619 694 707 1007 689 640 432 1099 415 397 254 317 290
internal_value=-0.00020173 -7.65151e-05 -0.00403301 -0.00657649 -0.000529747 -0.000146138 -5.51198e-05 0.0103188 -0.00819497 -0.000134881 -0.00550825 -2.41772e-05 0.00335844 0.00133843 -0.00204039 0.00543907 -0.00720085 0.0110441 0.00881242 0.0134525 -0.00301246 -0.00897253 0.0230496 0.0176799 0.0021438 -0.000262474 0.00431652 0.00717869 0.00430912 -0.00335663 -0.000405836 0.0108705 0.00468133 -0.000498803 -0.00465955 0.000138743 -0.00791606 -0.012753 -0.000320222 -0.000544799 -0.0032226 -0.00385659 0.00265244 -0.000234342 0.0066041 0.00353459 -0.00963844 0.00367286 0.00113876 -0.00328229 -0.00610205 -0.00814249 -0.00109651 -0.00556942 -0.00980117 -0.0112202 -0.0154938 -7.08557e-05 0.00263356 -0.00247434 -0.0107533 0.00651195 0.0101062 0.00130165 -0.000417299 -0.00410726 -0.000326785 -0.000401553 4.09591e-05 -0.00290199 -0.000213439 -0.00500255 0.00128925 0.0093955 0.00015091 -0.00659006 -0.000377051 -0.000406072 -0.00233233 -0.00111122 0.000526367 -0.00459201 -0.00977007 -0.00799332 0.00268586 0.00338036 -0.00662711 0.00188354 0.000403441 0.010407 0.000692434 0.00550018 7.72931e-05 -0.00188886 0.00185173 0.00217219 0.00125244 0.00527152 0.00273119 -0.00125363 5.09338e-05 -0.00487647 -0.0151347 0.0141859 0.00263793 0.00792188 -0.00347064 -0.000498421 0.00376838 -0.000256942 0.00228907 0.00915115 -0.00394566 0.00154009 -0.00283128 -0.010178 0.00290095 0.00086563 0.00308734 7.09975e-05 -0.0035846 -0.00154655 -0.00571475 0.00191615 0.0123075 -0.0128678
internal_weight=97275 94207 3068 2397 1146 93746 92704 702 1042 92002 1849 90153 5922 4327 2893 1178 1715 927 1595 1128 1386 848 628 676 897 84231 2548 2037 1676 771 81683 905 595 80838 3317 1794 729 952 77521 72088 10828 10446 5433 3135 2298 1785 922 2213 1834 10014 4365 3568 5649 2224 3271 2997 645 61260 6944 2993 1093 3951 2496 906 54316 743 53979 53712 45626 8086 44532 3153 1420 885 41379 3615 1278 35701 12976 10680 8232 2942 1722 2296 1220 5290 2448 4640 538 1094 22725 2570 20155 10389 4608 9766 9076 3490 3046 5586 5021 5781 692 690 2099 1348 5089 3761 1849 2370 1898 1113 2019 1008 3673 1733 4371 3364 2860 2171 1531 1422 1007 610 847 565
internal_count=97275 94207 3068 2397 1146 93746 92704 702 1042 92002 1849 90153 5922 4327 2893 1178 1715 927 1595 1128 1386 848 628 676 897 84231 2548 2037 1676 771 81683 905 595 80838 3317 1794 729 952 77521 72088 10828 10446 5433 3135 2298 1785 922 2213 1834 10014 4365 3568 5649 2224 3271 2997 645 61260 6944 2993 1093 3951 2496 906 54316 743 53979 53712 45626 8086 44532 3153 1420 885 41379 3615 1278 35701 12976 10680 8232 2942 1722 2296 1220 5290 2448 4640 538 1094 22725 2570 20155 10389 4608 9766 9076 3490 3046 5586 5021 5781 692 690 2099 1348 5089 3761 1849 2370 1898 1113 2019 1008 3673 1733 4371 3364 2860 2171 1531 1422 1007 610 847 565
is_linear=0
shrinkage=0.0667171


Tree=47
num_leaves=127
num_cat=0
split_feature=42 201 18 4 92 73 21 19 5 18 12 105 18 104 36 164 19 18 69 164 97 73 11 12 20 80 42 42 42 95 81 73 95 15 17 21 104 153 61 10 79 92 97 17 21 21 20 97 153 12 92 19 21 16 18 18 153 18 95 20 18 18 10 12 105 92 20 20 19 17 20 18 73 15 183 19 18 19 69 33 21 97 14 73 19 33 15 33 5 19 4 97 97 20 1 21 181 79 15 11 97 99 97 11 139 95 16 20 16 33 18 18 42 97 14 61 12 11 11 12 19 4 153 171 18 18
split_gain=12.65 11.1965 14.1668 18.884 16.7173 13.6943 22.0178 14.8291 11.4349 11.2036 24.2558 13.1503 12.1307 13.7428 11.0817 13.0773 10.5544 10.6474 14.2625 13.7436 10.5334 13.1115 9.7227 15.1935 10.7562 9.56598 9.5566 18.1307 14.0017 12.7134 10.2855 8.88258 8.85856 8.83514 10.7526 8.16681 7.95501 7.89218 13.1044 12.4555 13.6289 12.3688 14.2295 21.5708 15.4628 13.5365 15.0779 18.7345 17.8379 16.8361 12.7441 12.2763 12.2689 11.3023 11.0336 19.3491 30.1572 16.7682 21.1275 18.1817 17.8312 12.5581 12.425 12.0509 11.6618 11.3298 13.0658 15.4791 10.9871 10.9857 10.876 13.8171 11.1912 16.2178 13.0752 16.6766 20.3403 12.2064 10.461 10.3219 9.29442 9.27704 11.373 8.88409 10.7766 8.87011 8.48688 10.4654 10.0248 11.6586 10.9545 11.0942 11.7895 9.48876 8.73603 8.52387 8.48618 8.226 8.03871 7.99426 7.97996 7.92715 7.88833 8.94422 7.84425 9.32506 7.35209 7.27706 7.1547 12.4855 14.9416 19.0975 16.8051 14.9703 14.9007 14.2433 14.2206 17.206 18.6307 15.0512 14.4402 13.8129 13.2268 11.9533 9.09044 17.6461
threshold=-0.029478723183274266 -0.79099115729331959 0.35167858004570013 -0.17965868860483167 -0.16422200202941892 -0.094320066273212419 0.11281565949320795 0.31593564152717596 0.37500000000000006 0.30457496643066412 -0.010560961440205572 -0.032639205455780022 -0.78451398015022267 -1.2506989836692808 -0.5035211145877837 0.79213121533393871 -0.28438657522201533 -0.89468982815742482 -0.95978957414627064 -0.34547308087348932 -0.23975220322608945 0.075226277112960829 -0.22756481915712354 0.041408129036426551 0.00097655481658875953 -0.054082164540886872 0.87014189362525951 0.88991421461105358 0.77874204516410839 -0.13222797960042951 0.61362236738204967 0.42984980344772344 0.21444133669137957 0.60507690906524669 -0.045121161267161362 0.046009788289666183 -0.2693887054920196 0.10361077263951303 0.11567636206746103 0.018087872304022316 -0.086206592619419084 -0.0021737731294706459 -0.15483577549457547 0.43143740296363836 0.35350733995437628 0.30147145688533789 0.052328854799270637 -0.22188494354486463 0.23419750481843951 -0.11302232369780539 0.11866950616240503 0.63709181547164928 0.16574551165103915 0.1105983927845955 0.04206181317567826 0.023945228196680549 0.013687162660062315 0.19778967648744586 -0.11308929324150084 -0.13660851120948789 0.23687382787466052 -0.28176027536392206 -0.11536471918225287 -0.14710360765457151 0.10951472818851472 1.0486813783645632 0.23437566310167315 0.014332414604723455 0.12924630194902423 -0.18059250712394712 -0.097272612154483781 0.17573304474353793 0.095208041369915022 0.086753845214843764 0.054505666717886932 -0.15383142232894895 0.13895370811223987 -0.088114123791456209 -0.084763113409280763 0.30670441687107092 0.013053833507001402 -0.12072691321372984 -0.032730655744671815 -0.0040222564712166778 -0.072753868997097002 0.022940494120121006 0.24155385047197345 -0.021365269087254998 0.37500000000000006 -0.20517060905694959 0.31272041797637945 0.046900076791644103 -0.18863771855831143 -0.099021356552839265 0.48721592128276831 -0.052199020981788628 0.13716872036457065 -0.050929814577102654 0.055392306298017509 0.061061771586537368 -0.048617264255881303 -0.11171892285346983 0.11448131501674653 -0.11696247756481169 0.0043094302527606496 0.42907124757766729 0.13992928713560107 -0.0056518828496336928 -0.41364617645740503 -0.023390851914882656 -0.0019346683839103205 0.032646587118506439 0.54269698262214672 0.038206020370125778 0.031257441267371185 -0.023388115689158436 0.36662851274013525 0.12695811688899997 -0.21670207381248471 0.0099198627285659331 0.030022198334336284 0.12489546835422517 -0.32928867638111109 0.24850361049175265 -0.20960088074207303 -0.065505117177963243
decision_type=2 2 2 2 2 2 2 2 2 2 2 2 2 2 2 2 2 2 2 2 2 2 2 2 2 2 2 2 2 2 2 2 2 2 2 2 2 2 2 2 2 2 2 2 2 2 2 2 2 2 2 2 2 2 2 2 2 2 2 2 2 2 2 2 2 2 2 2 2 2 2 2 2 2 2 2 2 2 2 2 2 2 2 2 2 2 2 2 2 2 2 2 2 2 2 2 2 2 2 2 2 2 2 2 2 2 2 2 2 2 2 2 2 2 2 2 2 2 2 2 2 2 2 2 2 2
left_child=20 8 9 4 -4 -5 102 -8 33 11 -11 12 -3 -14 -15 26 -13 -18 -19 -20 21 -1 23 24 -21 -6 28 -28 108 -30 -29 -22 -31 34 36 -27 -2 51 41 -40 -41 45 43 -43 -44 46 47 -39 49 -48 -46 54 -51 -49 55 61 85 59 60 62 -59 63 106 68 -65 66 67 86 -24 -47 -61 72 73 74 80 -76 77 -77 -53 100 -72 82 -69 84 -83 -57 88 -88 89 95 91 92 -91 99 -92 -63 -74 -86 -45 -94 107 -71 103 -7 -25 -106 -56 -55 124 110 112 -112 114 -114 115 -110 117 118 119 -113 -120 123 -116 -111 -16 -126
right_child=1 2 3 5 25 6 7 -9 -10 10 -12 16 13 14 15 -17 17 18 19 22 31 -23 37 104 -26 35 27 30 29 32 -32 -33 -34 -35 -36 -37 -38 38 39 40 -42 42 44 98 50 69 48 53 -50 52 -52 78 -54 79 57 56 -58 58 -60 70 -62 65 -64 64 -66 -67 -68 81 -70 101 71 -73 96 -75 75 76 -78 -79 -80 -81 -82 83 -84 -85 97 -87 87 -89 -90 90 94 -93 93 -95 -96 -97 -98 -99 -100 -101 -102 -103 -104 -105 105 -107 -108 -109 109 121 111 116 113 -115 122 -117 -118 -119 120 -121 -122 -123 -124 -125 125 -127
leaf_value=0.014186442280768865 -0.0075065460023287598 0.012444067840509995 -0.0016760830511884932 0.014715217899638989 0.0032056487222119762 0.0054957920869794109 0.017007498456031701 -0.0031768299651505605 0.0037417007000947401 0.0010337158262534413 -0.023428129316343822 -0.012178072344874396 -0.012760187837443999 -0.010966373536795086 0.013916148945960879 0.014696258198639801 -0.010523293168765968 0.013195411568398421 0.0099385274960863759 -0.020894237864395281 -0.0011341196211662782 -0.00069385023580674119 0.020723089319425781 -0.0055546330086056889 -0.0045895368769776242 0.024160299849730414 -0.015842720824456136 0.0015914576481576637 -0.0035020346033203835 0.018187596343439635 -0.010373305068563602 -0.0059309643374851548 0.0034312964289327759 0.002157621315335089 -0.00019074501358779685 0.010904958047774202 -0.022518973734017751 0.013977605722774854 -0.017952081265903284 -0.013851209565932674 0.00043963180817721754 -0.014067603125096903 0.0080026623546528303 0.013620659803955867 0.0054431864844800898 -0.0075318899820036511 -0.01564176280713855 0.0035499521195588809 -0.019666780543110364 -0.0084975413115236861 -0.015362464504178006 0.0016657375946201856 0.010313934036833033 -0.020188640609831578 0.0094566821490414815 -0.010566357326227334 0.0037175484445776895 -0.010453340304521821 -0.019351516293640132 -0.010976691086231958 0.010088294794623786 -0.0021373667370483034 0.014181257786059042 -0.0046169234054938115 0.0064928352625286062 0.012232697382669093 -0.014002602856913852 0.0020572296253571643 0.0028830548345128472 0.0018499485740956422 0.015247164620195113 0.016826543306812741 0.013989034904471466 -0.012065869518932635 -0.012760171127851983 0.020143709095744377 -0.0084683669058037651 0.002468914441966767 0.019852186857249529 0.00071431348049836869 3.0566472878924872e-05 0.014120082661714219 -0.013576012783353755 0.016103354416959093 0.0051037264702021136 -0.027463226968456506 -0.0034472658675107201 -0.018951038111652108 -0.014589188431457923 -0.011159444314357879 0.010537673680964317 -0.012423399949026581 0.0057842294470655418 0.010902112678933911 -0.0012549647366925066 -0.018346921594541685 -0.0007792303976439873 -0.010384681754570978 -0.0015423853244528147 -0.0094114120586090561 -0.0023984388678757306 0.013901303456950615 -0.015509784911583403 -0.0093832064705139662 0.0051233717991784559 -0.0070354814922365585 -0.0065669151672288189 -0.0058242745224325442 0.0058045071420179065 0.005445996617663572 -0.018374211371726908 0.018961454183041383 -0.01853509230202173 0.0031213717651182239 -0.0038515492993286158 -0.010845522995038916 -0.013649332155992538 0.012493117793874735 -0.011705722137068391 -0.0021187221205845072 0.0023563240967167964 -0.0025232389593165421 0.0085109630684242921 -0.0084384699283659506 -0.0048050342062707224 0.0067431782854227408
leaf_weight=436 284 452 379 257 265 294 361 285 470 501 276 333 296 303 404 342 444 349 570 347 31176 647 325 1159 384 445 359 2430 251 568 365 1820 273 263 268 413 375 310 355 424 959 497 1985 252 257 312 369 714 522 265 258 298 358 417 251 268 422 333 320 278 423 315 1069 771 914 264 365 1109 297 616 440 279 481 447 433 284 460 453 270 564 297 290 251 351 358 306 496 322 263 312 674 400 301 447 466 271 261 260 388 307 368 406 361 446 1036 380 251 263 397 5074 374 261 312 252 466 526 421 384 959 343 483 1505 2076 287 844 1913
leaf_count=436 284 452 379 257 265 294 361 285 470 501 276 333 296 303 404 342 444 349 570 347 31176 647 325 1159 384 445 359 2430 251 568 365 1820 273 263 268 413 375 310 355 424 959 497 1985 252 257 312 369 714 522 265 258 298 358 417 251 268 422 333 320 278 423 315 1069 771 914 264 365 1109 297 616 440 279 481 447 433 284 460 453 270 564 297 290 251 351 358 306 496 322 263 312 674 400 301 447 466 271 261 260 388 307 368 406 361 446 1036 380 251 263 397 5074 374 261 312 252 466 526 421 384 959 343 483 1505 2076 287 844 1913
internal_value=-0.000150452 0.000407986 0.000554421 0.00467154 0.0103225 0.000417265 -0.00168504 0.00804306 -0.0049916 0.000304866 -0.00763409 0.000413516 0.0016511 0.00143143 0.00162369 0.00180082 -0.000412194 -0.00029517 -0.00015809 -0.000300382 -0.00118665 0.00527173 -0.000480999 -0.00390937 -0.0123856 0.0144111 0.00159302 -0.0017924 0.00217621 0.00949895 9.49472e-06 -0.00140004 0.0134378 -0.00847814 -0.0115424 0.0178379 -0.0161147 -9.29463e-05 -0.00152081 -0.00682675 -0.00393181 -0.000505037 0.00250605 -0.00365575 0.00532472 -0.00250819 -0.0043906 -0.00132842 -0.00969461 -0.00439693 -0.00490693 0.000745594 0.00224291 -0.00339318 0.000436702 -0.000852678 -0.0097112 0.00256319 -0.0050489 0.00401227 0.000982854 1.68008e-05 0.0101155 0.00434261 0.00139114 -0.00125552 -0.00173483 -0.00110391 0.0122657 0.00331714 0.00167016 0.00260121 0.00146704 -0.000444277 0.00174448 -0.00157019 0.00246168 0.00934251 0.0103771 -0.00649319 0.00910881 0.00297706 -0.000817368 0.00710223 0.00356802 -0.0196507 -0.0034483 -0.00960597 -0.0020951 -0.00113649 0.000584171 -0.00268971 0.000145081 0.00353882 0.00568535 -0.00969963 0.00874085 -0.00136217 0.00438287 -0.00182833 -0.0104063 0.00667973 -0.00743122 -0.00342885 -0.00148454 0.00182742 0.00139955 -0.0146906 0.00171056 0.00106499 -0.000861277 -0.00424722 0.00184086 -0.00879085 0.00358678 -0.00363941 -0.0023723 -0.000394496 -0.00283958 0.00694339 -0.00696839 0.00310466 0.00622669 0.00469215 0.0045814 0.00319417
internal_weight=97256 63177 61517 3506 1502 2004 1747 646 1660 58011 777 57234 22920 22468 22172 21869 34314 33981 33537 33188 34079 1083 32618 3306 731 1123 21527 3154 18373 1092 2795 32996 841 1190 927 858 659 29312 10859 1738 1383 9121 3637 1137 2500 5484 4150 2636 1514 992 515 18453 623 2326 17885 11125 996 6760 1076 5684 756 10129 1571 2307 1685 7822 7558 7193 622 1334 4113 3835 3556 2814 2367 1630 1197 737 568 1612 737 2619 1360 1259 908 574 4574 818 3756 3493 2907 1767 1367 1055 1140 586 742 618 640 608 1048 1022 1101 740 2575 1416 502 680 17281 14120 7254 3225 4029 564 3465 923 2851 2430 2046 604 1442 6866 2542 5361 3161 2757
internal_count=97256 63177 61517 3506 1502 2004 1747 646 1660 58011 777 57234 22920 22468 22172 21869 34314 33981 33537 33188 34079 1083 32618 3306 731 1123 21527 3154 18373 1092 2795 32996 841 1190 927 858 659 29312 10859 1738 1383 9121 3637 1137 2500 5484 4150 2636 1514 992 515 18453 623 2326 17885 11125 996 6760 1076 5684 756 10129 1571 2307 1685 7822 7558 7193 622 1334 4113 3835 3556 2814 2367 1630 1197 737 568 1612 737 2619 1360 1259 908 574 4574 818 3756 3493 2907 1767 1367 1055 1140 586 742 618 640 608 1048 1022 1101 740 2575 1416 502 680 17281 14120 7254 3225 4029 564 3465 923 2851 2430 2046 604 1442 6866 2542 5361 3161 2757
is_linear=0
shrinkage=0.0667171


Tree=48
num_leaves=127
num_cat=0
split_feature=42 201 18 4 80 21 19 18 12 12 105 59 19 4 10 163 17 42 42 17 95 17 33 18 17 3 95 95 18 170 21 18 69 164 20 20 14 18 80 10 18 20 18 163 18 20 21 105 84 14 96 9 17 197 0 84 20 33 171 69 74 80 21 62 152 0 12 16 182 29 200 17 20 79 17 17 10 24 18 20 19 69 12 16 17 18 18 12 10 19 171 74 10 10 4 97 12 18 19 18 9 4 20 19 24 105 21 4 33 12 3 62 99 81 82 1 24 95 18 157 21 97 17 103 200 17
split_gain=10.9121 9.66784 10.7915 16.1232 13.7276 12.8365 10.5832 10.2209 22.3093 17.8784 10.5598 12.8397 12.0159 13.1985 12.2787 12.3429 11.0322 10.9555 18.9129 11.7819 17.2094 15.3774 15.113 10.2095 11.5983 10.0711 16.3608 16.6954 13.4535 10.0175 9.4837 9.36803 13.3053 11.5566 9.3355 18.9959 18.5419 14.454 20.8238 20.8073 15.543 13.5257 11.4988 10.6119 10.3544 9.28895 10.5288 9.27298 9.24957 9.09115 9.71399 9.0525 8.69991 8.50601 8.46674 8.33184 8.05058 14.9384 10.6647 9.34168 13.3548 10.2678 12.3113 9.90771 13.7466 9.47964 9.23223 8.32926 8.41388 7.95872 7.89798 15.5485 7.77379 17.5625 11.5079 8.71077 8.69947 9.89561 10.1724 13.6977 10.8699 12.3779 11.5607 9.9096 9.18512 9.0482 10.6302 8.07706 14.9785 7.91841 7.71122 9.98588 12.8126 11.7937 10.2799 12.8662 12.2424 10.717 18.4151 16.173 10.4652 10.6268 9.23847 8.7108 8.06509 7.60725 11.0761 7.51637 7.47091 7.45737 8.89131 7.4365 7.41517 7.37708 7.04701 6.89763 7.5035 6.87377 7.85309 6.80894 6.70396 6.6452 7.94522 10.6624 7.34442 6.53922
threshold=-0.029478723183274266 -0.79099115729331959 0.35167858004570013 -0.17965868860483167 0.035804847255349166 0.11550081521272661 0.31593564152717596 0.30457496643066412 -0.010560961440205572 -0.12077275291085242 -0.051901586353778832 0.71780171990394603 0.86784803867340099 0.06094936095178128 -0.20952361077070233 0.91112577915191661 0.63662183284759533 0.87014189362525951 0.88991421461105358 0.060723377391695983 -0.12395953387022017 0.45139138400554663 0.39718790352344518 0.12685234844684604 0.551161289215088 -0.46541532874107355 0.11244085803627969 -0.051160162314772599 -0.035081364214420312 0.07923485711216928 -0.16968026012182233 -0.89468982815742482 -0.95978957414627064 -0.32527735829353327 0.23247433453798297 0.1048441305756569 0.052090773358941085 -0.030963981524109837 -0.02891438081860542 0.28833788633346563 -0.35214525461196894 0.071402639150619521 -0.3290975540876388 0.03092579543590546 -0.58566099405288685 0.24465376138687137 -0.25252528488636011 -0.51926001906394947 1.0000000180025095e-35 0.10640624910593034 -0.093716852366924272 -0.57960906624793995 0.57140287756919872 -0.072429593652486787 -0.21732954680919644 0.050809090957045562 0.44688706099987036 -0.42659285664558405 0.42489838600158697 0.3835424035787583 0.5236220955848695 0.089341811835765853 0.35350733995437628 0.17718191444873813 0.0089130885899066942 -0.10937499999999999 -0.31634803116321558 0.40011695027351385 -0.35973775386810297 -0.092163123190402971 0.11037933453917505 -0.23117854446172711 0.09572381898760797 -0.30502334237098688 0.22938089072704318 0.5527791976928712 0.83726114034652721 0.23290716856718066 0.13006787747144702 0.06483879312872888 -0.15383142232894895 0.050754312425851829 -0.17457927763462064 0.0304920943453908 0.45854604244232183 -0.15887385606765744 -0.0040189226856455198 -0.11048082262277602 0.12419496476650239 -0.07020778581500052 -0.13262452185153958 -0.22355131804943082 0.49518448114395147 0.026066672988235954 -0.10926083102822302 -0.087446603924036012 0.30926159024238592 -0.13916920125484464 -0.071751996874809251 -0.20737677067518231 -0.28650796413421625 -0.41575048863887781 0.0092597450129687803 -0.11772300302982329 -0.10507580637931822 -0.33980028331279749 -0.50244373083114613 -0.36894176900386805 0.17880263924598697 0.055529478937387473 0.31995254755020147 -0.020504732616245743 0.039958413690328605 0.17984252423048022 -0.044320872053503983 -0.2201704531908035 0.55304065346717846 0.096624054014682784 -0.037884617224335664 -0.20089186728000638 0.063298530876636519 -0.23975220322608945 0.56241461634635936 0.044046591967344291 0.007032867521047593 0.023584885522723201
decision_type=2 2 2 2 2 2 2 2 2 2 2 2 2 2 2 2 2 2 2 2 2 2 2 2 2 2 2 2 2 2 2 2 2 2 2 2 2 2 2 2 2 2 2 2 2 2 2 2 2 2 2 2 2 2 2 2 2 2 2 2 2 2 2 2 2 2 2 2 2 2 2 2 2 2 2 2 2 2 2 2 2 2 2 2 2 2 2 2 2 2 2 2 2 2 2 2 2 2 2 2 2 2 2 2 2 2 2 2 2 2 2 2 2 2 2 2 2 2 2 2 2 2 2 2 2 2
left_child=121 45 7 4 55 30 -7 10 9 -9 11 12 14 -14 119 16 17 19 -19 34 49 22 25 24 54 -22 27 -27 -28 -6 -5 -12 -33 -34 35 41 -36 40 -39 -40 -37 42 44 -42 -16 46 47 -2 -38 50 -21 -35 -26 -32 -20 -4 57 -53 59 61 113 63 72 66 -65 -62 -59 68 -68 -48 -70 -72 76 -74 87 -76 77 108 79 80 81 -79 89 -80 -84 -86 -87 88 -75 -82 -44 92 93 -92 96 114 97 99 103 -93 -100 -102 104 107 111 106 -95 -99 125 110 -58 -97 -54 -61 -96 -23 -117 120 -119 -3 -73 -1 -123 124 -124 -63
right_child=1 2 3 5 29 6 -8 8 -10 -11 31 -13 13 -15 15 -17 -18 18 23 20 21 115 -24 -25 52 26 28 -29 -30 -31 53 32 33 51 36 37 48 38 39 -41 43 -43 90 -45 -46 -47 69 -49 -50 -51 -52 56 112 -55 -56 -57 109 58 -60 60 65 62 -64 64 -66 -67 67 -69 70 -71 71 117 73 74 75 -77 -78 78 83 -81 82 -83 84 -85 85 86 -88 -89 -90 -91 91 94 -94 105 95 102 -98 98 100 -101 101 -103 -104 -105 -106 -107 -108 -109 -110 -111 -112 -113 -114 -115 -116 116 -118 118 -120 -121 -122 122 123 -125 -126 -127
leaf_value=0.0039117785781969706 -2.9148286241849125e-05 0.017833477306368431 -0.0036011928034655086 0.004370221119636971 0.020350266617036955 0.015687090397704325 -0.0016878680598242551 -0.01176976212682705 -0.023087090056434487 0.013220596484776045 -0.0099790567319342008 -0.011846771542809498 0.020407796680376802 0.00044831660575790963 -0.00091214572568623089 0.014895878196351648 0.014586234940083844 -0.018349106796261318 -0.019607045963281656 -0.0033110768208438153 0.016851340498614663 -0.0079747441364493507 0.019873601269193856 0.01080554676825508 0.0089613580375330886 -0.0012510455716048731 -0.012922720074576106 0.016275466510862997 0.0062214860355412358 0.0041692048889928881 0.00047601769285795988 0.01291741860758169 0.0082439765826550684 -0.0099277579653783716 -0.0078020258918630883 -0.012388576654456562 0.017457870692089587 -0.024287502908107647 0.0058009503314689383 -0.017607704889369656 -0.0031138348223783783 0.01295743304376234 -0.0097595868541624411 0.015206269503166083 0.016024864879332149 -0.015992121651357303 0.007448417722585669 -0.016345940404670353 0.0036829771056631718 -0.0096056982616939835 0.012623866727236416 -0.015199909410356125 0.0030095110022266541 -0.012650191310830295 -0.0038534302830216865 0.010743954796076561 0.017376757392525085 -0.011458383264959116 0.011782261367734003 -0.016875600770119511 0.0065355852845876278 0.003589256670856984 -0.011869749038406548 -2.8848528838259089e-05 -0.019811761486274997 -0.007917330460136221 0.0081443776663407737 -0.0090476914885910583 -0.0002371292768062977 -0.006372215004507558 0.010907374473675503 -0.0078881288635887243 0.020145441659454644 0.0043553372158382092 0.016760099378349522 0.0013849711439377639 -0.010282027371812261 -0.016142332311999959 0.015230115230635943 -0.016793485069543805 0.016603809414238876 0.001763938953615034 -0.012791745255410615 -0.0016337653896399723 0.011138362415016525 -0.010758018167221006 0.0058796980419639792 0.0070563094982133848 -0.013499761899339505 0.0010541755695112841 -0.0041457862175587274 -0.00028062516545795626 -0.0095671932972885808 0.0057917796947553665 -0.013592067534812166 -0.0054277437164061233 -0.014439630813241754 0.0043926137856056847 0.017390500615076212 -0.022361956564028115 0.010624579904166423 -0.0046309472181335978 -0.0057154782334803214 -0.016865297738796661 0.014439739953339576 0.0030606154798536148 0.021423710492953163 -0.0097324400282878479 0.014319121948070159 -0.0010969712998744373 0.00067570132914590033 0.0090156777174281322 -0.0084199988206724932 -0.0038653589934574753 0.001457734315873977 -0.0023905653520429758 0.011634004480087903 -0.003852781442959453 -0.016781886319481975 0.0047453351316965493 0.0026638910597203262 -0.0010452355485171131 0.0041191873781636999 -0.0088242243649369126 -0.0052213654306721511 -0.0037305686376713919
leaf_weight=1089 272 286 417 437 542 346 274 250 263 253 445 313 313 281 272 281 255 323 256 504 360 348 486 275 394 378 338 646 308 255 352 334 672 451 323 292 450 375 373 302 260 391 372 294 373 270 517 342 430 495 252 307 497 556 383 310 335 364 309 479 479 3781 303 328 298 344 481 523 15580 283 252 569 301 403 364 304 302 409 287 294 289 287 295 324 261 383 301 369 424 299 402 335 270 454 289 262 428 331 267 264 364 449 258 270 505 625 372 330 252 441 250 386 502 337 254 394 290 386 474 483 495 29883 714 1424 779 627
leaf_count=1089 272 286 417 437 542 346 274 250 263 253 445 313 313 281 272 281 255 323 256 504 360 348 486 275 394 378 338 646 308 255 352 334 672 451 323 292 450 375 373 302 260 391 372 294 373 270 517 342 430 495 252 307 497 556 383 310 335 364 309 479 479 3781 303 328 298 344 481 523 15580 283 252 569 301 403 364 304 302 409 287 294 289 287 295 324 261 383 301 369 424 299 402 335 270 454 289 262 428 331 267 264 364 449 258 270 505 625 372 330 252 441 250 386 502 337 254 394 290 386 474 483 495 29883 714 1424 779 627
internal_value=-0.000234636 0.000284264 0.000421788 0.00402396 0.0091687 1.49862e-05 0.00795036 0.000203717 -0.00743405 0.000719128 0.000307125 0.00148496 0.00168708 0.0110238 0.00141193 0.00108503 0.000880651 0.000693826 -0.00329782 0.00133555 0.00411595 0.00649034 0.00930225 -0.0011638 -0.0028095 0.00674223 0.00452635 0.00976969 -0.00373495 0.0152138 -0.00362814 -0.000391697 -0.000269473 -0.000397025 0.000184197 -0.000455627 0.00574325 -0.00649233 -0.0117147 -0.00464967 -7.66508e-06 0.00088456 0.000296913 0.0065464 0.0088251 -0.00469643 -0.00250141 -0.0090639 0.0107727 -0.0025856 0.00196912 -0.000567618 0.000580186 -0.00752349 -0.0102346 0.00248964 -0.000441459 -0.000624129 -0.00048467 -0.00060405 -0.00550773 -0.000340035 0.00130617 -0.00124689 -0.00949117 0.000441339 -0.000974338 -0.000767861 -0.000527555 0.00250433 -0.000765344 -0.00452843 0.0016902 0.00525444 0.00281584 0.00981506 0.000765712 0.00118495 -0.00152766 -0.00322794 -0.00162334 -0.00870575 0.0010622 0.00623641 -0.00256653 0.000605932 -0.00338167 -0.00107607 -0.00475996 0.00875862 -0.000435735 4.97567e-05 0.00388399 0.00587511 -0.00157507 0.00218591 -0.00400594 -0.00227399 4.40189e-05 -0.0100843 0.00598073 0.00217062 0.00555569 -0.00680241 0.00812047 0.00868185 0.0128895 -0.00262014 0.00318827 0.00536578 0.0102995 0.00312883 -0.0027004 -0.0115465 -0.00648557 -0.000329405 0.00351434 -0.00658193 -0.0110241 0.00966979 -0.00295302 -0.00120013 -0.00137118 -0.00469616 -0.000734774 0.00253874
internal_weight=96883 62994 61310 3489 1524 1965 620 57821 766 503 57055 21263 20950 594 20356 19587 19306 19051 2630 16421 4799 3548 2516 2307 2032 2030 1670 1024 646 797 1345 35792 35347 35013 11622 10419 1203 1896 1050 675 846 8523 8132 554 645 1684 1414 614 880 1251 756 34341 1393 908 639 727 33890 32864 32557 32248 1639 30609 10859 19750 626 823 19124 18760 18237 800 17756 2176 10556 2165 1864 668 8391 8089 3429 2818 2524 696 1828 611 1240 945 684 1196 827 588 7487 7115 2123 1853 4992 1954 3038 2610 2011 599 1080 813 1411 931 1153 1451 826 661 4660 1026 585 648 999 816 543 1032 684 1924 860 769 1064 33889 32800 2917 1493 4408
internal_count=96883 62994 61310 3489 1524 1965 620 57821 766 503 57055 21263 20950 594 20356 19587 19306 19051 2630 16421 4799 3548 2516 2307 2032 2030 1670 1024 646 797 1345 35792 35347 35013 11622 10419 1203 1896 1050 675 846 8523 8132 554 645 1684 1414 614 880 1251 756 34341 1393 908 639 727 33890 32864 32557 32248 1639 30609 10859 19750 626 823 19124 18760 18237 800 17756 2176 10556 2165 1864 668 8391 8089 3429 2818 2524 696 1828 611 1240 945 684 1196 827 588 7487 7115 2123 1853 4992 1954 3038 2610 2011 599 1080 813 1411 931 1153 1451 826 661 4660 1026 585 648 999 816 543 1032 684 1924 860 769 1064 33889 32800 2917 1493 4408
is_linear=0
shrinkage=0.0667171


Tree=49
num_leaves=127
num_cat=0
split_feature=20 22 153 16 104 20 12 16 95 19 15 18 73 18 21 171 92 196 79 73 62 19 73 4 15 18 73 21 16 10 74 21 4 19 20 4 14 20 20 19 0 18 103 12 10 74 95 200 3 18 180 5 92 85 11 20 74 19 20 59 5 20 151 20 104 158 73 18 4 10 73 95 20 21 18 19 12 74 20 19 19 33 4 73 19 5 95 33 33 13 13 12 19 21 95 73 19 18 19 33 18 104 4 20 73 82 11 12 20 201 12 171 10 84 15 159 33 5 79 62 0 73 18 62 153 33
split_gain=10.2606 10.5795 8.0297 12.0459 10.9639 8.14441 21.7306 20 12.8198 13.9466 10.4992 10.1713 8.08039 15.4559 11.368 14.9254 11.3054 11.4737 9.69651 9.43498 8.8987 18.9782 17.5282 20.6724 18.2736 13.7263 19.3902 15.6663 17.432 9.38177 8.80256 10.4451 11.8742 13.6388 12.4813 8.45228 9.13844 8.06079 9.53988 8.00255 7.81965 7.77249 8.99742 7.59056 10.2645 10.5015 8.7065 7.51201 8.65319 7.47301 7.91306 7.4082 8.84505 7.23182 7.0608 8.57945 9.7845 8.06305 7.02416 9.59686 6.96774 8.98734 11.1955 6.88165 6.85558 6.54273 6.48418 13.8575 27.5606 13.76 12.9422 12.5979 12.4262 15.213 11.2668 13.2252 10.3721 12.0538 10.7117 10.8946 14.2431 17.5797 13.7702 11.0655 11.2218 13.6646 11.676 12.2841 12.3257 9.65171 13.6941 18.1928 10.2805 10.1912 9.53146 10.536 9.25219 8.81403 17.2044 18.6888 17.0768 13.0048 10.7754 12.0933 19.4417 10.6061 9.98071 14.8434 15.0164 12.4453 11.0092 8.83163 8.67369 8.28718 9.63045 10.7805 8.22044 8.17641 8.16829 11.5541 8.14208 10.6181 8.1315 8.10421 8.08581 10.8167
threshold=1.5255667567253115 -0.0013326261541806159 0.46577584743499761 -0.085453502833843217 -0.076089035719633089 0.31519766151905065 0.051682885736227042 -0.10770067945122717 -0.29934498667716974 0.27655458450317388 0.40462307631969457 0.10021138936281206 -0.1003422401845455 0.17748695611953738 -0.3516476303339004 0.65389943122863781 -0.16224374622106549 -0.25836540758609766 0.22333524376153949 -0.12482610344886778 0.17297581583261493 0.66167718172073375 0.084583953022956862 -0.44220972061157221 0.024623077362775806 -1.0000000180025095e-35 0.0088544604368507879 -0.030665579251945015 -0.13725063204765317 0.031478308141231544 -0.33881258964538569 -0.8120717704296111 0.12489546835422517 1.1100455522537234 -0.49401532113552088 0.31903387606143957 0.11012648791074754 -0.33779752254486078 -0.42661219835281367 0.25647677481174475 0.13778409361839297 -0.89468982815742482 0.82514894008636486 0.44932454824447637 0.30637295544147497 -0.2297444865107536 0.20181303471326831 0.14807634800672534 0.47721910476684576 0.53901666402816784 0.22283601760864261 0.37500000000000006 0.034869050607085235 0.077183637768030181 -0.099281594157218919 0.10691905394196512 -0.10774800181388854 -0.12596915662288663 -0.010314171202480791 -0.033066945150494569 0.37500000000000006 -0.0009223863344232085 -0.079788312315940843 -0.12521763890981671 -0.17593773454427716 0.055681269615888603 0.043923875316977508 0.28960612416267401 -0.14873931556940076 -0.22061795741319654 0.013626013882458212 -0.077707059681415544 -0.0317012071609497 0.081562805920839324 0.19778967648744586 -0.043469697237014764 -0.11618202552199362 0.5236220955848695 -0.28111809492111201 -0.23194542527198789 -0.16098526120185849 0.56397196650505077 -0.39595885574817652 0.41253037750720983 -0.1524577513337135 -1.0000000180025095e-35 -0.17698244005441663 -0.23238459974527356 0.030567236244678501 -0.45676803588867182 0.036391915753483779 -0.13043503463268277 -0.077605698257684694 0.12104731053113939 0.063689853996038451 0.12667249143123629 0.086754843592643752 0.04206181317567826 0.35789385437965399 -0.3845884501934051 0.026488136500120166 0.007243750151246787 0.23822072893381122 0.057636035606265075 -0.056420257315039628 -0.54450806975364674 -0.12337440997362135 -0.11302232369780539 -0.17425898462533948 -0.22824451327323911 0.19405266642570498 0.11972579360008241 -0.17314332723617551 0.12232583016157152 0.076930772513151183 0.26948231458663946 -0.097257934510707841 1.0000000180025095e-35 -0.2564901858568191 0.16876971721649173 1.0000000180025095e-35 0.27184364199638372 -0.18711137771606443 0.37802313268184667 0.23851422965526584 0.19241400063037875
decision_type=2 2 2 2 2 2 2 2 2 2 2 2 2 2 2 2 2 2 2 2 2 2 2 2 2 2 2 2 2 2 2 2 2 2 2 2 2 2 2 2 2 2 2 2 2 2 2 2 2 2 2 2 2 2 2 2 2 2 2 2 2 2 2 2 2 2 2 2 2 2 2 2 2 2 2 2 2 2 2 2 2 2 2 2 2 2 2 2 2 2 2 2 2 2 2 2 2 2 2 2 2 2 2 2 2 2 2 2 2 2 2 2 2 2 2 2 2 2 2 2 2 2 2 2 2 2
left_child=1 2 5 -4 -5 12 8 11 -7 53 -9 -8 13 16 18 20 40 35 -14 30 37 22 24 -24 25 26 27 28 -22 -26 -19 -32 33 43 -34 63 -37 38 -16 -15 -1 -3 66 44 46 -46 65 48 51 50 -39 52 -6 -10 -52 56 -56 -58 59 -36 61 -27 -63 -18 -59 -33 67 69 116 70 71 -43 -70 -74 97 -76 77 89 117 -80 124 83 -83 84 -82 118 -87 -88 94 -68 -91 92 93 -92 95 -89 -77 100 99 -99 101 106 103 104 -102 -103 107 -71 109 -109 -111 113 -94 114 115 -101 -69 -78 -86 -120 -90 122 -122 -98 125 -81
right_child=-2 41 3 4 47 6 7 10 9 -11 -12 -13 14 39 15 -17 17 19 -20 -21 21 -23 23 -25 29 60 -28 -29 -30 -31 31 32 34 -35 58 36 -38 49 -40 -41 -42 42 -44 -45 45 -47 -48 -49 -50 -51 54 -53 -54 -55 55 -57 57 64 -60 -61 -62 62 -64 -65 -66 -67 76 68 72 74 -72 -73 73 -75 75 96 78 -79 79 80 81 82 -84 -85 85 86 87 88 120 90 91 -93 112 -95 -96 -97 123 98 -100 111 102 105 -104 -105 -106 -107 -108 108 -110 110 -112 -113 -114 -115 -116 -117 -118 -119 119 -121 121 -123 -124 -125 -126 -127
leaf_value=0.00014504072426997226 -0.013232303559017507 -0.0089190255940540756 -0.016001254205785388 0.0068330991931916437 0.0057787616083636809 -0.0011966667515680486 0.013763500453070985 -0.013619205164789424 0.013345759072852481 0.025832187989642739 0.00032640209718645105 -0.0013786513361122824 -0.0027588265023674916 0.016787999930793458 0.00022328691402507156 0.013394223260291905 -0.0029201135817727864 0.014161733781542509 -0.018667014884944311 0.0096761217935494755 0.0046683721522327963 0.015497985035472964 -0.022196583059377922 -0.0024538715342990215 -0.017280177779620282 0.0068892885287892905 0.020904311763209872 0.010579199533721662 -0.01671006881680686 -0.0045133368890325478 -0.009182858339345009 0.0048071115512678146 0.0079451299905575271 0.018493046350000358 0.0059762258150219657 5.7908334916189693e-05 -0.0158516876010017 0.00014265624663950898 -0.015705153363743483 0.0041462573833720064 -0.01330606476866225 0.02322814570164557 0.0063154488133480863 0.0097307910546158179 0.0052956768759916673 -0.011414242332195238 -0.00055751912131394015 0.0058266503181574206 0.0044657122699718211 0.010962706421839807 -0.00023070277940833098 -0.013660442373929106 -0.010556017528045679 0.00084544550959721838 -0.0034578823399994858 -0.0010239860241061302 0.0029383343315815503 0.022881788722897176 -0.015466606142548037 -0.0082847753109986204 -0.012065917701593605 -0.013541737843364767 0.0013320432583880119 0.0066389812674216417 0.010144967960151383 0.018818725653717321 0.0031559632356783197 0.0085011438095612245 0.0075055640632576415 -0.012664053046449134 -0.0051645041250144531 0.0046426809345348459 -0.012902425899952982 0.0062673039570625318 0.002733232426669775 -0.017422787952612616 -0.003430594768054867 0.0025920701831766723 -0.013269120812657992 0.0050586666934242311 -0.011697272482509033 0.00097056134568213135 -0.014768329026181058 -0.0043415270625261045 0.00034577063506569097 -0.011458105316817953 0.010565155051337455 -0.0072826889503425016 -0.0028988232255723191 -0.011187630534956349 0.012189477714267495 -0.017043488518527446 -0.014233949228279174 -0.0041637132540554983 -0.0093291460557633193 0.0081520440543718948 0.0012378233628722842 0.019339266498393279 -0.0086921498227775385 0.006527629753166563 -3.1259752207541379e-05 -0.012910660929585652 -0.019585520752171653 0.0059608403724352088 -0.024074082049099159 -0.0021143817516425766 0.0029522406547086398 -0.019270723322165232 0.0026833647253946612 -0.011719780657760789 0.0043545556243825478 0.010606797261624631 0.00032939760653126959 -0.0024681826727448574 -0.0033863227138082744 -0.0049931535568555722 0.022535444918425573 -0.018401767035524326 0.011224175127695486 -0.0030297235179880932 0.00043654394111973879 -0.0062019734532261844 0.01259052369283672 -0.013503255320189528 -0.002459195343712456 0.021563507574389598
leaf_weight=385 263 517 281 542 268 360 424 546 583 288 417 358 542 454 382 376 885 267 250 953 386 251 428 530 356 448 304 541 296 938 355 368 402 304 335 288 346 20238 288 452 370 272 793 662 266 432 599 284 281 316 1477 598 317 325 281 642 509 253 252 545 297 370 557 534 810 256 451 413 478 465 262 410 513 281 496 470 470 883 280 527 280 385 664 1939 812 379 495 379 714 1828 443 330 288 267 931 402 377 279 667 2378 337 425 315 287 263 8067 5039 264 2577 327 439 461 472 1960 826 420 354 251 1342 305 368 259 758 287 273 269
leaf_count=385 263 517 281 542 268 360 424 546 583 288 417 358 542 454 382 376 885 267 250 953 386 251 428 530 356 448 304 541 296 938 355 368 402 304 335 288 346 20238 288 452 370 272 793 662 266 432 599 284 281 316 1477 598 317 325 281 642 509 253 252 545 297 370 557 534 810 256 451 413 478 465 262 410 513 281 496 470 470 883 280 527 280 385 664 1939 812 379 495 379 714 1828 443 330 288 267 931 402 377 279 667 2378 337 425 315 287 263 8067 5039 264 2577 327 439 461 472 1960 826 420 354 251 1342 305 368 259 758 287 273 269
internal_value=-0.000150554 -0.000114374 0.000593644 -0.0030279 -0.00141054 0.000801108 0.00399144 -0.00109944 0.00972023 0.0130432 -0.00754434 0.00678565 0.000548048 0.00223397 3.63793e-05 0.000237437 0.00137529 0.0021107 -0.00784021 0.00358642 7.53268e-05 -0.00230281 -0.00313535 -0.0113191 -0.0013792 0.0013179 0.00589364 0.00211304 -0.00456884 -0.00806332 0.00242631 0.00175734 0.00264772 0.00517004 -0.00207587 -0.00218092 -0.00857329 0.000614985 -0.00658229 0.0105223 -0.0064035 -0.000801249 -0.000713922 0.00357774 0.00143234 -0.00498565 0.00512428 -0.00399093 -0.00592856 0.000813578 0.00067879 -0.00843603 -0.00302634 0.00891569 0.00340064 0.00556447 0.0078678 0.00992198 -0.00567846 -0.00281673 -0.00284094 -0.000813173 -0.00457768 0.000655937 0.013233 0.0106287 -0.000831404 -0.000241932 0.00506455 -0.000624843 0.00727757 0.0121296 -0.000928721 -0.00606358 -0.000898656 -0.00627477 -0.00185698 -0.00443792 -0.000827925 -0.000340604 -1.99099e-05 -0.000775959 -0.00895385 0.000138419 0.00131406 0.00183247 -0.000274393 0.000706994 -0.000569599 -0.00597021 -0.00711717 -0.00296091 0.000199316 0.00598245 -0.00477427 0.000612263 -0.0102521 -0.000557198 0.00146273 0.00254224 -0.00131 -0.00078233 -0.00899615 -0.00517781 -0.0105658 -0.00266129 0.000965503 -0.00148445 -2.8251e-05 -0.00683479 -0.00248035 0.00175534 -0.00515683 0.00101492 0.00290835 0.00478143 0.0150351 -0.00870562 0.00585776 0.00855697 0.00284449 0.00583376 0.0086463 -0.00510715 0.00729964 0.0107043
internal_weight=97074 96811 47648 2571 2290 45077 3301 1745 1556 1196 963 782 41776 9710 32066 31274 8804 8049 792 5996 30898 5702 5451 958 4493 3199 1527 1223 682 1294 5043 4776 4421 2887 1534 2053 634 25196 670 906 755 49163 48646 2583 1921 698 1223 1748 1464 24526 24210 1183 585 908 3972 2495 1853 1572 1132 880 1672 1375 927 1419 1063 624 47853 30409 2039 28370 944 682 1272 794 27426 1630 17444 4962 12482 11761 11481 10412 1049 9363 7424 7144 4685 4306 3811 4079 3628 1800 1470 710 1712 781 1134 25796 6991 6324 18805 17603 1202 887 600 8492 9111 4072 3607 1030 766 6045 760 5584 3624 2798 767 721 2459 1647 2099 1385 1126 664 1069 796
internal_count=97074 96811 47648 2571 2290 45077 3301 1745 1556 1196 963 782 41776 9710 32066 31274 8804 8049 792 5996 30898 5702 5451 958 4493 3199 1527 1223 682 1294 5043 4776 4421 2887 1534 2053 634 25196 670 906 755 49163 48646 2583 1921 698 1223 1748 1464 24526 24210 1183 585 908 3972 2495 1853 1572 1132 880 1672 1375 927 1419 1063 624 47853 30409 2039 28370 944 682 1272 794 27426 1630 17444 4962 12482 11761 11481 10412 1049 9363 7424 7144 4685 4306 3811 4079 3628 1800 1470 710 1712 781 1134 25796 6991 6324 18805 17603 1202 887 600 8492 9111 4072 3607 1030 766 6045 760 5584 3624 2798 767 721 2459 1647 2099 1385 1126 664 1069 796
is_linear=0
shrinkage=0.0667171


end of trees

feature_importances:
hist_prior_ret=482
hist_prior_range_pct=407
hist_gap_pct=377
session_range=335
net_prem_cum_session=322
dist_to_prior_close=275
hist_prior_close=255
vol_cum_frac=233
ret_from_open=204
vol_avg_30=192
net_prem_cum_session_d50m=184
straddle_pct=174
iv_put_atm=162
gex_pos_centroid=156
block_notional_15m=141
dow=136
dist_to_twap=132
rv_1m=131
session_cos=127
iv_call_atm=116
gex_zero_level=111
dist_to_session_low=109
minutes_since_open=100
dist_to_session_high=82
rv_1m_d50m=80
call_put_prem_ratio_15m=77
ret_50m=75
gex_max_node_strike=69
net_prem_cum_session_d30m=68
otm_put_prem_1m=66
session_sin=65
pos_in_session_range=64
ret_40m=56
otm_call_prem_1m=46
minutes_to_close=45
rv_1m_d30m=42
inst_block_weight=38
net_prem_15m=37
net_prem_z_15m=35
sweep_notional_15m=35
straddle_pct_d50m=35
block_vs_sweep_z=34
iv_put_atm_d50m=29
otm_skew_level=28
net_prem_cum_session_d20m=26
straddle_pct_d30m=26
ret_30m=23
ret_25m=21
iv_call_atm_d50m=20
rv_1m_d20m=19
iv_put_atm_d30m=17
session_frac=15
iv_call_atm_d30m=15
otm_skew_level_d50m=12
gex_net_total=11
gex_wall_below_dist=10
block_signed_bias=9
ret_20m=9
net_prem_cum_session_d10m=9
net_prem_cum_session_d15m=9
straddle_pct_d20m=8
gex_band_net=7
vanna_band_net=6
net_prem_5m=6
rv_1m_d15m=6
straddle_pct_d15m=5
call_prem_1m=4
otm_skew_level_d30m=4
iv_call_atm_d20m=4
iv_put_atm_d20m=4
iv_skew_atm=3
rv_1m_d10m=3
gex_band_abs=2
gex_abs_centroid_dist=2
net_prem_cum_session_d5m=2
otm_skew_level_d20m=2
iv_call_atm_d15m=2
gex_hhi=1
gex_pos_centroid_dist=1
vanna_net_total=1
charm_drift_to_close=1
put_prem_1m=1
gex_wall_below_dist_d20m=1
otm_skew_level_d10m=1
otm_skew_level_d15m=1
iv_put_atm_d15m=1
charm_band_net_d50m=1
rv_1m_d5m=1
hist_prior_close__isna=1

parameters:
[boosting: gbdt]
[objective: huber]
[metric: custom]
[tree_learner: serial]
[device_type: cpu]
[data_sample_strategy: bagging]
[data: ]
[valid: ]
[num_iterations: 50]
[learning_rate: 0.0667171]
[num_leaves: 127]
[num_threads: -1]
[seed: 7]
[deterministic: 0]
[force_col_wise: 0]
[force_row_wise: 0]
[histogram_pool_size: -1]
[max_depth: -1]
[min_data_in_leaf: 250]
[min_sum_hessian_in_leaf: 0.001]
[bagging_fraction: 0.8]
[pos_bagging_fraction: 1]
[neg_bagging_fraction: 1]
[bagging_freq: 1]
[bagging_seed: 17422]
[bagging_by_query: 0]
[feature_fraction: 0.846063]
[feature_fraction_bynode: 1]
[feature_fraction_seed: 7040]
[extra_trees: 0]
[extra_seed: 6516]
[early_stopping_round: 0]
[early_stopping_min_delta: 0]
[first_metric_only: 0]
[max_delta_step: 0]
[lambda_l1: 0.5]
[lambda_l2: 1.189]
[linear_lambda: 0]
[min_gain_to_split: 0]
[drop_rate: 0.1]
[max_drop: 50]
[skip_drop: 0.5]
[xgboost_dart_mode: 0]
[uniform_drop: 0]
[drop_seed: 15215]
[top_rate: 0.2]
[other_rate: 0.1]
[min_data_per_group: 100]
[max_cat_threshold: 32]
[cat_l2: 10]
[cat_smooth: 10]
[max_cat_to_onehot: 4]
[top_k: 20]
[monotone_constraints: ]
[monotone_constraints_method: basic]
[monotone_penalty: 0]
[feature_contri: ]
[forcedsplits_filename: ]
[refit_decay_rate: 0.9]
[cegb_tradeoff: 1]
[cegb_penalty_split: 0]
[cegb_penalty_feature_lazy: ]
[cegb_penalty_feature_coupled: ]
[path_smooth: 1]
[interaction_constraints: ]
[verbosity: -1]
[saved_feature_importance_type: 0]
[use_quantized_grad: 0]
[num_grad_quant_bins: 4]
[quant_train_renew_leaf: 0]
[stochastic_rounding: 1]
[linear_tree: 0]
[max_bin: 255]
[max_bin_by_feature: ]
[min_data_in_bin: 3]
[bin_construct_sample_cnt: 200000]
[data_random_seed: 61]
[is_enable_sparse: 1]
[enable_bundle: 1]
[use_missing: 1]
[zero_as_missing: 0]
[feature_pre_filter: 1]
[pre_partition: 0]
[two_round: 0]
[header: 0]
[label_column: ]
[weight_column: ]
[group_column: ]
[ignore_column: ]
[categorical_feature: ]
[forcedbins_filename: ]
[precise_float_parser: 0]
[parser_config_file: ]
[objective_seed: 15521]
[num_class: 1]
[is_unbalance: 0]
[scale_pos_weight: 1]
[sigmoid: 1]
[boost_from_average: 0]
[reg_sqrt: 0]
[alpha: 0.654399]
[fair_c: 1]
[poisson_max_delta_step: 0.7]
[tweedie_variance_power: 1.5]
[lambdarank_truncation_level: 30]
[lambdarank_norm: 1]
[label_gain: ]
[lambdarank_position_bias_regularization: 0]
[eval_at: ]
[multi_error_top_k: 1]
[auc_mu_weights: ]
[num_machines: 1]
[local_listen_port: 12400]
[time_out: 120]
[machine_list_filename: ]
[machines: ]
[gpu_platform_id: -1]
[gpu_device_id: -1]
[gpu_device_id_list: ]
[gpu_use_dp: 0]
[num_gpu: 1]

end of parameters

pandas_categorical:null
