tree
version=v4
num_class=1
num_tree_per_iteration=1
label_index=0
max_feature_idx=151
feature_names=minutes_since_open minutes_to_close session_frac session_sin session_cos dow ret_1m ret_5m ret_15m ret_30m rv_1m ret_from_open session_range pos_in_session_range dist_to_session_high dist_to_session_low dist_to_twap hist_prior_close hist_prior_ret hist_prior_range_pct hist_gap_pct dist_to_prior_close gex_net_total gex_abs_total gex_zero_level gex_dist_to_zero gex_dist_to_zero_pct gex_above_zero gex_top3_concentration gex_hhi gex_band_net gex_band_abs gex_band_share gex_pos_centroid gex_pos_centroid_dist gex_abs_centroid_dist gex_max_node_strike gex_max_node_value gex_max_node_dist gex_wall_above gex_wall_above_dist gex_wall_below gex_wall_below_dist gex_neg_pocket_above gex_neg_pocket_below vanna_net_total vanna_band_net charm_net_total charm_band_net max_pain max_pain_dist gex_snapshot_age_min gex_band_decay_5m gex_band_decay_pct_5m gex_dist_zero_chg_5m gex_band_decay_15m gex_band_decay_pct_15m gex_dist_zero_chg_15m charm_drift_to_close net_prem_1m call_prem_1m put_prem_1m otm_call_prem_1m otm_put_prem_1m flow_side_weighted net_prem_5m net_prem_z_5m net_prem_vel_5m net_prem_vel_z_5m net_prem_15m net_prem_z_15m net_prem_vel_15m net_prem_vel_z_15m net_prem_cum_session call_put_prem_ratio_15m otm_call_accel otm_put_accel otm_skew_momentum otm_skew_log_ratio otm_skew_level block_notional_15m sweep_notional_15m inst_block_weight dark_pool_share block_vs_sweep_z block_signed_bias has_gex_snapshot has_flow_prints ret_1m__isna ret_5m__isna ret_15m__isna ret_30m__isna rv_1m__isna hist_prior_close__isna hist_prior_ret__isna hist_prior_range_pct__isna hist_gap_pct__isna dist_to_prior_close__isna gex_net_total__isna gex_abs_total__isna gex_zero_level__isna gex_dist_to_zero__isna gex_dist_to_zero_pct__isna gex_above_zero__isna gex_top3_concentration__isna gex_hhi__isna gex_band_net__isna gex_band_abs__isna gex_band_share__isna gex_pos_centroid__isna gex_pos_centroid_dist__isna gex_abs_centroid_dist__isna gex_max_node_strike__isna gex_max_node_value__isna gex_max_node_dist__isna gex_wall_above__isna gex_wall_above_dist__isna gex_wall_below__isna gex_wall_below_dist__isna gex_neg_pocket_above__isna gex_neg_pocket_below__isna vanna_net_total__isna vanna_band_net__isna charm_net_total__isna charm_band_net__isna max_pain__isna max_pain_dist__isna gex_snapshot_age_min__isna gex_band_decay_5m__isna gex_dist_zero_chg_5m__isna gex_band_decay_15m__isna gex_dist_zero_chg_15m__isna charm_drift_to_close__isna net_prem_1m__isna call_prem_1m__isna put_prem_1m__isna otm_call_prem_1m__isna otm_put_prem_1m__isna flow_side_weighted__isna net_prem_5m__isna net_prem_vel_5m__isna net_prem_15m__isna net_prem_vel_15m__isna net_prem_cum_session__isna otm_call_accel__isna otm_put_accel__isna block_notional_15m__isna sweep_notional_15m__isna inst_block_weight__isna dark_pool_share__isna block_vs_sweep_z__isna block_signed_bias__isna
feature_infos=[-0.53977274894714355:0.51136362552642822] [-0.51136362552642822:0.53977274894714355] [-0.53977274894714355:0.51136362552642822] [-0.50589752197265625:0.50589752197265625] [-0.51000577211380005:0.5002143383026123] [-0.5:0.5] [-8:8] [-8:8] [-8:8] [-8:8] [-0.24949219822883606:8] [-3.6966972351074219:5.5715351104736328] [-0.40240135788917542:5.3050427436828613] [-0.61099040508270264:0.39928379654884338] [-0.16352225840091705:4.9258842468261719] [-0.27188938856124878:7.4119200706481934] [-4.067446231842041:6.8585057258605957] [-0.76916438341140747:0.65935570001602173] [-2.0903298854827881:3.0228533744812012] [-0.31186875700950623:4.7921648025512695] [-1.8289365768432617:1.6395394802093506] [-2.2459993362426758:3.0046648979187012] none none none none none none none none none none none none none none none none none none none none none none none none none none none none none none none none none none none none none none none none none none none none none none none none none none none none none none none none none none none none none none none none none none none none [0:1] [0:1] none [0:1] [0:1] [0:1] [0:1] [0:1] none none none none none none none none none none none none none none none none none none none none none none none none none none none none none none none none none none none none none none none none none none none none none none none none none none none none none none
tree_sizes=3581 3572 3569 3574 3581 3564 3583 3569 3569 3583 3567 3584 3590 3581 3581 3589 3576 3576 3576 3591 3593 3577 3568 3578 3578 3590 3583 3565 3584 3590 3545 3590 3578 3579 3576 3568 3585 3588 3561 3576 3582 3543 3574 3557 3590 3573 3559 3574 3584 3568 3568 3585 3562 3547 3586 3555 3573 3555 3559 3557 3582 3558 3537 3567 3536 3547 3571 3562 3553 3527 3570 3555 3521 3553 3567 3563 3529

Tree=0
num_leaves=31
num_cat=0
split_feature=18 21 18 21 18 21 18 21 21 21 18 21 18 0 18 21 18 21 18 12 10 0 18 21 17 11 11 0 10 17
split_gain=905.75 442.977 474.888 380.884 281.013 226.754 172.93 130.958 118.211 109.087 97.4289 85.2559 83.3018 82.0801 70.2424 116.019 67.948 66.5788 65.6032 64.7883 59.6065 57.8199 75.3204 73.932 73.8781 53.4207 53.1258 51.8848 50.5192 50.4236
threshold=-0.0995199680328369 -0.047568157315254204 0.031402070075273521 -0.17240890115499494 -0.29062251746654505 0.085720460861921324 0.17105530947446826 0.18110773712396624 -0.0068410797975957385 0.28813365101814276 0.081946276128292098 0.038461927324533469 0.29825963079929357 0.43892045319080358 -0.57647010684013356 -0.51055508852004994 0.096665639430284514 -0.58160585165023793 -0.019389361143112179 0.10271583497524263 0.079790212213993086 0.34232954680919653 -0.26967006921768183 -0.10688576474785803 -0.045196317136287682 -0.29964426159858698 -0.36210991442203516 0.42755682766437536 0.78729167580604564 0.44685746729373937
decision_type=2 2 2 2 2 2 2 2 2 2 2 2 2 2 2 2 2 2 2 2 2 2 2 2 2 2 2 2 2 2
left_child=3 -2 8 4 14 10 7 16 18 -8 11 -4 -11 -9 17 -16 29 -1 -3 -14 -17 22 -5 24 -24 -26 -6 -10 -12 -7
right_child=1 2 5 21 26 6 9 13 27 12 28 -13 19 -15 15 20 -18 -19 -20 -21 -22 -23 23 -25 25 -27 -28 -29 -30 -31
leaf_value=-0.0081770480778057576 0.012093054666905505 -0.0039871249526726715 0.010516824203162845 -0.021078504808134037 0.011323435545213563 -0.0083230661296799895 0.0097628428385856357 -0.0067675738568264265 -0.00867102428193651 -0.0047811522415621074 0.015290951141896996 -0.0024828627017740306 0.0098994164781922855 -0.029966831362884264 0.0068200665303622086 -0.015560820409532933 0.0050164280964614134 -0.022032307238658611 0.0084078589684659522 0.00023816145397244934 -0.0041306217457174792 -0.02305323519625762 0.006362633200490948 -0.013183495888133931 0.0077815119436136426 -0.012816652834142113 0.0021569736279565526 -0.023851157018449809 -0.0020129898784442711 0.0043177691350899921
leaf_weight=1937.6076400928432 7317.2401432729093 2138.9108945858898 1721.1329564407934 1249.6894978597993 1336.2335432063555 1422.812336821924 4545.8213096614927 2927.1630418887362 5577.6029048195342 2072.0272475531092 3778.9508868745761 1423.9683854270261 2043.2579525097972 221.36658717598766 1069.7298916495638 1066.3204183045309 3164.0854447766906 792.29612806264777 928.74177560629323 2331.1394034429686 2227.1203016231302 913.69887096050661 700.21326907444745 4178.7785257531796 205.23507889313623 1068.174410889158 3761.2847224703291 355.4287925940007 272.30995557631832 715.61640878184699
leaf_count=3305 12133 3273 2733 2368 2149 2221 7534 4682 9008 3214 6188 2236 3256 465 1758 1972 5003 1537 1462 3620 3525 1644 1118 6855 302 1803 6256 731 399 1010
internal_value=-7.97204e-05 0.00320555 0.00136604 -0.00695387 -0.00245208 0.00403704 0.00179073 -0.00248154 -0.00651586 0.00507347 0.0100498 0.00467828 0.00171469 -0.00884579 -0.00755478 -0.00433526 0.00134028 -0.0125256 -0.00015458 0.00481515 -0.00801262 -0.0134978 -0.0121705 -0.0102036 -0.003717 -0.00930444 0.00464898 -0.00977434 0.0141095 -0.00407877
internal_weight=63464 42957.6 35640.3 20506.4 12190.6 26639.7 19443.3 8451.04 9000.68 10992.2 7196.36 3145.1 6446.42 3148.53 7093.07 4363.17 5302.51 2729.9 3067.65 4374.4 3293.44 8315.79 7402.09 6152.4 1973.62 1273.41 5097.52 5933.03 4051.26 2138.43
internal_count=103760 69168 57035 34592 20502 42561 31005 13381 14474 17624 11556 4969 10090 5147 12097 7255 8234 4842 4735 6876 5497 14090 12446 10078 3223 2105 8405 9739 6587 3231
is_linear=0
shrinkage=0.0398117


Tree=1
num_leaves=31
num_cat=0
split_feature=18 21 21 18 18 21 21 18 21 21 18 0 0 10 18 21 0 17 3 21 18 18 16 1 12 18 3 21 9 18
split_gain=866.128 408.776 362.106 361.826 272.392 204.633 177.017 152.579 162.35 142.775 104.523 87.2986 81.564 75.3389 66.8748 92.0282 66.3157 79.943 62.4779 56.7657 137.971 51.9216 51.3041 50.7067 50.5777 55.4042 50.3483 47.1081 59.9675 54.459
threshold=-0.096240367740392671 -0.070069734007120119 -0.17240890115499494 0.028804156929254535 -0.32173828780651087 0.042666306719183929 -0.0068410797975957385 0.17105530947446826 0.18414857238531115 0.1724154204130173 0.081946276128292098 0.43607954680919653 0.41903407871723181 0.21621393412351611 -0.20172158628702161 -0.3104690015316009 0.33948864042758947 0.31871135532855993 0.39948755502700811 -0.51055508852004994 -0.57647010684013356 -0.0069711019750684491 0.26291880011558538 -0.27414773404598231 0.07929102331399919 0.29949583113193518 0.48704174160957342 -0.026396335102617737 0.1760922968387604 -0.18711137771606443
decision_type=2 2 2 2 2 2 2 2 2 2 2 2 2 2 2 2 2 2 2 2 2 2 2 2 2 2 2 2 2 2
left_child=2 26 4 6 19 12 21 8 10 13 -7 -10 -5 -9 15 -6 17 27 -17 20 -1 -3 -21 -16 25 -11 -2 29 -29 -4
right_child=1 3 16 5 14 7 -8 9 11 24 -12 -13 -14 -15 23 18 -18 -19 -20 22 -22 -23 -24 -25 -26 -27 -28 28 -30 -31
leaf_value=-0.0098521267100977732 0.014892818965091547 -0.0008891379404807945 -0.013071640686576179 0.010315945981540434 0.0081517504838305218 -0.0039620320147195293 -0.0092869035899570771 0.021706892619373277 -0.0065102328362775285 0.0030230512503331896 0.0053170010121193325 -0.030993272281535159 0.036484492644847558 0.0050380709920804911 0.017022731658880734 -0.0089404555695259246 -0.022604256674389769 -0.020450786531997205 0.0064396369285535902 -0.014316107306449305 0.0071203725912726331 0.0097245289241409162 0.00096225323813469202 0.0047833947278602875 0.00045098530408252472 0.011414342976999212 0.0032933569920379573 -0.019803262247009033 -0.0036981027842708123 -0.0039828233915371056
leaf_weight=2342.7562895845622 4673.278885007021 3301.1065981070278 1611.0932532000588 4565.2456710943952 1288.1301769213751 2925.9921223277925 5752.4708065559389 1159.9464524467476 2755.0264298805268 3325.0063145281747 5402.3077834773576 208.64770739455707 156.94047267665155 728.43817124026828 718.81602267711423 1605.4893264502753 988.13588993612211 1295.9621718436247 517.59115601587109 2449.8918837452075 1067.1756641002139 884.0022430382669 393.70005160511937 2016.3019852734869 4281.7612773888977 2005.5448133678874 719.57763985288329 1223.2001658984227 555.12395121552981 3029.6367906813975
leaf_count=3956 7906 5033 2691 7241 2150 4522 9376 2121 4386 5109 8457 439 348 1184 1218 2645 1786 2320 789 4387 1730 1411 614 3359 6926 3190 1101 2364 840 4674
internal_value=-5.62164e-05 0.00319457 -0.00664915 0.00171011 -0.00226132 0.00406077 -0.00478405 0.00248414 -0.00080167 0.00570158 0.00205004 -0.00872377 0.0115616 0.0155748 0.00367468 -5.4442e-05 -0.0128508 -0.0114629 -0.00511666 -0.0080814 -0.00450827 0.00143537 -0.0122103 0.0082523 0.00368986 0.0062596 0.0133905 -0.00950214 -0.0150184 -0.00724746
internal_weight=63948.3 42845.3 21103 37452.4 12399.9 27514.9 9937.58 22792.7 11292 11500.7 8328.3 2963.67 4722.19 1888.38 6146.33 3411.21 8703.15 7715.02 2123.08 6253.52 3409.93 4185.11 2843.59 2735.12 9612.31 5330.55 5392.86 6419.05 1778.32 4640.73
internal_count=104273 68750 35523 59743 20848 43923 15820 36334 17804 18530 12979 4825 7589 3305 10161 5584 14675 12889 3434 10687 5686 6444 5001 4577 15225 8299 9007 10569 3204 7365
is_linear=0
shrinkage=0.0398117


Tree=2
num_leaves=31
num_cat=0
split_feature=18 21 21 18 21 18 18 21 18 21 21 21 18 4 12 18 18 2 21 18 21 11 21 18 2 2 4 14 17 12
split_gain=779.364 333.086 277.611 275.544 213.152 263.35 196.072 216.66 143.349 103.637 95.3906 69.2589 102.437 66.2769 65.7065 64.3555 60.5059 60.4973 54.2616 84.1854 61.5336 53.7977 52.0947 59.8131 51.9015 49.5799 46.9351 45.9331 43.4522 42.5253
threshold=-0.021325975656509396 -0.001277609961107373 -0.01075213076546788 -0.1062190495431423 -0.18414206057786939 -0.32173828780651087 0.081946276128292098 0.16850437223911288 0.19194141775369647 0.055735735222697265 -0.055729217827320092 0.3360277265310288 0.29825963079929357 0.46293728053569799 0.033516295254230506 0.010823292657732965 -0.13517671078443524 -0.16335227340459821 -0.37953490018844599 -0.57647010684013356 -0.52831456065177906 -1.0951772332191465 -0.33535306155681605 -0.1739988103508949 0.2173295468091965 0.33948864042758947 0.4340589046478272 0.096527837216854109 0.31871135532855993 0.31916524469852453
decision_type=2 2 2 2 2 2 2 2 2 2 2 2 2 2 2 2 2 2 2 2 2 2 2 2 2 2 2 2 2 2
left_child=2 27 3 4 5 18 9 13 -9 15 26 -10 -13 -8 17 -3 25 -14 19 21 29 -1 -7 -24 -25 28 -5 -2 -6 -21
right_child=1 6 -4 10 16 22 7 8 11 -11 -12 12 14 -15 -16 -17 -18 -19 -20 20 -22 -23 23 24 -26 -27 -28 -29 -30 -31
leaf_value=0.0013930201323449198 0.0095165087536181817 -0.0081621941216922008 -0.013580060382795897 0.0065892817029881545 -0.0093992903967183312 0.01106895576255661 0.0081792680869142952 -0.0050858388206193542 0.0079269151560951382 -0.0075991776159434112 -0.0019163032040010125 -0.0092965447978201245 0.002878195572665236 0.02206577087891852 9.8734177178763503e-05 0.0047607169641428115 -0.0050332574580837499 0.019528163042265078 -0.014667215932657391 -0.00039408604663573009 -0.0056807818026633804 -0.013263764775508625 -0.0022439123883063942 0.001746028930235419 0.01511904179882125 -0.023804512661791871 0.021309023673749324 0.016997540089892221 -0.019789426016067545 0.01602070720989204
leaf_weight=472.20950382424053 4182.1195685376879 745.55828717106488 4820.0775799622061 3233.5145509877475 3410.4556805577595 1229.8135968402494 7102.9126592691755 4205.9530416023917 3686.4731625494314 4156.057378179743 2360.8307000482455 1173.386419185088 769.17635369976051 567.31823216355406 2633.5312011329224 2580.1275207285071 1979.5528712827945 613.97501998045482 1414.9892033927608 512.7356778907124 1253.7859084169613 2089.8002309721196 2423.3151687133359 1182.7769769432489 721.85296451905742 640.55834280094132 354.01925451762509 2129.2052086889744 832.43124235712457 428.09614325803705
leaf_count=910 6694 1160 8244 5044 5566 2120 11419 6553 5984 6672 3587 1843 1205 1072 4109 4042 3046 1008 2585 806 2023 3463 3902 1946 1162 1149 649 3749 1491 714
internal_value=-0.000126896 0.00392336 -0.00489166 -0.00316045 -0.00554384 -0.00226314 0.0020645 0.00405464 0.000928412 -0.00344332 0.0042698 0.00379274 0.000805628 0.00934413 0.00383944 0.00177827 -0.0110917 0.0106988 -0.00789551 -0.00574702 -1.57323e-06 -0.010576 0.00400251 0.00188789 0.0070779 -0.0134697 0.00831851 0.0121553 -0.0116478 0.00747703
internal_weight=63906.6 34545.8 29360.8 24540.7 18592.4 11729.4 28234.5 20752.7 13082.5 7481.74 5948.36 8876.54 5190.07 7670.23 4016.68 3325.69 6863 1383.15 6171.62 4756.63 2194.62 2562.01 5557.76 4327.95 1904.63 4883.45 3587.53 6311.32 4242.89 940.832
internal_count=103917 55510 48407 40163 30883 19631 45067 33193 20702 11874 9280 14149 8165 12491 6322 5202 11252 2213 10501 7916 3543 4373 9130 7010 3108 8206 5693 10443 7057 1520
is_linear=0
shrinkage=0.0398117


Tree=3
num_leaves=31
num_cat=0
split_feature=18 21 18 21 18 21 18 18 21 0 0 1 18 21 21 18 1 21 18 21 14 21 10 18 18 21 18 14 10 0
split_gain=672.361 352.322 335.163 273.559 265.111 184.592 158.622 109.433 137.752 94.8964 85.3351 84.5843 83.3618 73.5318 70.35 61.6287 60.1923 59.101 84.4494 57.7127 55.1359 54.1896 53.8491 52.1958 50.5868 65.6386 86.2365 52.1937 47.5495 47.5262
threshold=-0.065505117177963243 -0.036173962056636803 0.031402070075273521 -0.17240890115499494 -0.29062251746654505 0.10657939687371255 0.13985770940780642 -0.13264068961143491 -0.053773691877722733 0.48153407871723181 0.40767045319080358 -0.46732954680919642 0.090347733348608031 0.077898357063531889 0.1724154204130173 -0.13916920125484464 -0.058238636702299111 -0.35551452636718744 -0.57647010684013356 -0.26105938851833338 -0.047610096633434289 0.038461927324533469 -0.20405004918575284 0.010823292657732965 0.19685667008161548 0.35819034278392797 0.42243160307407385 0.047491220757365234 0.78729167580604564 0.33664773404598242
decision_type=2 2 2 2 2 2 2 2 2 2 2 2 2 2 2 2 2 2 2 2 2 2 2 2 2 2 2 2 2 2
left_child=3 11 13 4 17 9 10 29 -9 12 20 -2 21 -3 16 19 -8 18 -1 -6 -7 -4 -23 -13 -16 -26 -27 -28 -14 -5
right_child=1 2 5 7 15 6 14 8 -10 -11 -12 23 28 -15 24 -17 -18 -19 -20 -21 -22 22 -24 -25 25 26 27 -29 -30 -31
leaf_value=-0.0091379782341102812 0.039733584396503333 -0.0037902941537251008 0.0082313463867398039 -0.01206323180630756 0.0080714576734975153 -0.00013071783764103675 0.019959095614828077 0.00085006796928132732 -0.013037476322660783 0.038110307298271501 -0.018396848128318429 0.007248946028462361 0.012851607875004853 -0.013045024825318857 -0.0021759973343905246 0.014448595023814004 0.0050962501940923976 -0.012105397720158863 0.00092318388100108919 -0.0008894652348540663 -0.010380731918712492 0.010999342960321968 -0.0040851777392826045 0.014405269373531003 0.0079680859309703075 -0.0052393142414313655 0.0027449317530134315 0.017038565490883152 -0.0029693683052091665 -0.023663046848451098
leaf_weight=2564.0195563824382 115.96453434543218 5436.4591801975621 1986.3630691241706 5514.6692638684763 2059.5700957144145 3162.4479615209857 638.77183355065063 2561.7505953190848 1965.6015462612268 118.81277512153611 598.8831660883734 3990.7480406026589 3826.038848694996 1802.6307316421298 2992.9559217371279 905.59270358167123 1306.1127729211003 2011.1842146633426 2650.8117579424288 2447.7857257032301 1080.309414723888 427.51017172739375 1686.9893819387071 2963.908648942248 3451.9157208536053 2074.6829164554365 2185.5363817139296 455.9268245799467 304.81430074945092 659.78483859682456
leaf_count=4399 279 8581 3061 9319 3477 4710 1131 3990 3351 315 1026 6173 6307 2983 4668 1501 2171 3520 4297 3951 1813 764 2510 5086 5605 3183 3368 813 432 1162
internal_value=3.13984e-06 0.00309733 0.00138693 -0.00537432 -0.00139599 0.00347567 0.00119123 -0.0100432 -0.00525152 0.00834728 -0.00493185 0.0111411 0.00768777 -0.00617011 0.00346485 0.00523618 0.0103604 -0.00636846 -0.00405949 0.0032442 -0.00283578 0.00359528 -0.000840401 0.0103819 0.00222093 0.00383801 0.000759694 0.00548816 0.0116552 -0.0134845
internal_weight=63948.6 40607.8 33537.2 23340.8 12639 26298.1 17947.5 10701.8 4527.35 8350.53 4841.64 7070.62 8231.72 7239.09 13105.9 5412.95 1944.88 7226.02 5214.83 4507.36 4242.76 4100.86 2114.5 6954.66 11161 8168.06 4716.15 2641.46 4130.85 6174.45
internal_count=103946 64979 53441 38967 21145 41877 28488 17822 7341 13389 7549 11538 13074 11564 20939 8929 3302 12216 8696 7428 6523 6335 3274 11259 17637 12969 7364 4181 6739 10481
is_linear=0
shrinkage=0.0398117


Tree=4
num_leaves=31
num_cat=0
split_feature=18 21 21 18 21 18 18 21 18 21 21 21 11 21 18 0 10 18 18 18 21 3 17 16 18 0 16 0 10 0
split_gain=700.433 289.002 240.856 244.817 189.923 208.725 168.03 169.225 118.01 113.968 104.814 88.9868 73.7397 72.1489 93.2217 71.3126 64.0999 57.9579 56.0843 54.812 57.5539 65.2754 51.123 48.9119 46.864 46.1963 53.5827 44.3558 43.3293 42.6761
threshold=-0.021325975656509396 -0.0055373962968587867 -0.018574233166873452 -0.096240367740392671 -0.17240890115499494 -0.3290975540876388 0.055483173578977592 0.088327828794717803 0.17105530947446826 0.18414857238531115 -0.080499205738306032 0.051498763263225562 0.2357895374298096 -0.51055508852004994 -0.57647010684013356 0.33948864042758947 0.07322536408901216 1.0000000180025095e-35 -0.28176027536392206 -0.20172158628702161 -0.3104690015316009 0.42316816747188574 0.31871135532855993 0.19631364941596988 -0.61250972747802723 -0.22869318723678586 0.35249018669128424 0.23437500000000003 -0.14624026417732236 0.44744317233562475
decision_type=2 2 2 2 2 2 2 2 2 2 2 2 2 2 2 2 2 2 2 2 2 2 2 2 2 2 2 2 2 2
left_child=2 25 3 4 5 13 11 -8 9 -9 -5 17 -10 14 -1 18 -15 -3 -6 20 -7 -22 -20 27 -18 -2 -27 -21 -17 -11
right_child=1 6 -4 10 15 19 7 8 12 29 -12 -13 -14 16 -16 28 24 -19 22 23 21 -23 -24 -25 -26 26 -28 -29 -30 -31
leaf_value=-0.0077735567064808296 0.0078330271334325074 -0.0095754328199917447 -0.012199993300131926 0.01158326685073272 -0.01834103028016671 0.0059342526938203745 0.010503369956836235 0.001851033710992056 0.0074928663914896948 -0.0066255875299072549 -8.4482429543907979e-05 -0.0089852415735333525 0.00095912176958343632 -0.023383933892549402 0.0062845631533586044 -0.034076686505382099 -0.02326623014761928 0.0039851013531397791 -0.0049121181289317655 0.0047756306580955012 -0.0077295730865949343 0.0080420207341603874 -0.015695160392555772 -0.010770254576314758 -0.0059213503885908814 0.016891388963626956 0.00022272158879588574 0.016022840759862829 -0.013698544197002466 -0.025250222073073585
leaf_weight=2289.1818053025054 3027.5351519869873 592.98822003207169 5402.5182073452743 2102.6580993310781 758.2044684208231 1419.7185279978439 4397.3200602217112 4683.765944276005 5881.9968554335646 2698.9027764650527 2805.5789654764812 2860.0515945112566 5127.6727899060352 586.99118010711391 1052.4520748826908 240.77801663742866 249.75293273257557 2179.9444846069673 4189.9951402437873 1738.0830717550125 1753.8559114395175 494.31885816156864 814.61518684250768 179.57847538392525 1851.2866753895069 2707.979748103884 346.6735513798194 823.03993781888857 742.031122829183 170.81637163972482
leaf_count=3874 4722 948 9117 3368 1313 2326 7039 7274 9455 4322 4276 4597 8120 1171 1694 527 509 3365 6540 2898 2852 764 1382 312 3021 4817 529 1364 1210 340
internal_value=-0.000132974 0.00370034 -0.00463896 -0.00292109 -0.00495001 -0.00201517 0.00201388 0.00352539 0.00184773 -0.00197503 0.00497472 -0.00412039 0.00446932 -0.00730369 -0.00331275 -0.0103046 -0.0121095 0.000958267 -0.00847347 0.00297567 -0.000214128 -0.00415107 -0.00680863 0.00718079 -0.00848464 0.0115451 0.0150363 0.00863298 -0.0201013 -0.00815245
internal_weight=64170.3 34675.6 29494.6 24092.1 19183.9 12438.3 28593.5 22960.5 18563.2 7553.49 4908.24 5632.98 11009.7 6029.66 3341.63 6745.62 2688.03 2772.93 5762.81 6408.59 3667.89 2248.17 5004.61 2740.7 2101.04 6082.19 3054.65 2561.12 982.809 2869.72
internal_count=104046 55528 48518 39401 31757 20785 45460 36550 29511 11936 7644 8910 17575 10269 5568 10972 4701 4313 9235 10516 5942 3616 7922 4574 3530 10068 5346 4262 1737 4662
is_linear=0
shrinkage=0.0398117


Tree=5
num_leaves=31
num_cat=0
split_feature=18 21 21 18 21 18 18 21 18 21 18 10 21 18 10 18 3 21 21 18 12 3 11 0 14 3 12 21 1 4
split_gain=634.506 269.62 210.761 210.605 184.435 202.622 148.909 163.283 156.353 110.502 76.6939 69.0076 60.0878 58.8812 58.1585 67.533 53.9074 52.7774 51.6141 90.6435 52.5638 55.2987 49.7263 49.6157 49.3914 57.6511 49.376 49.307 49.7018 46.7704
threshold=-0.021325975656509396 -0.001277609961107373 -0.0087966057471930963 -0.1062190495431423 -0.18414206057786939 -0.29062251746654505 0.053196527063846595 0.1724154204130173 0.19194141775369647 -0.061080837622284882 0.15868259221315387 -0.075681474059820161 0.051498763263225562 -0.18711137771606443 0.010336820036172869 -0.58566099405288685 0.17939373850822452 -0.47482766211032862 0.3360277265310288 0.29825963079929357 0.033516295254230506 0.39948755502700811 -1.0951772332191465 0.46732954680919653 0.12327508255839349 0.43606831133365637 -0.035305887460708611 0.085720460861921324 -0.39346592128276819 0.4340589046478272
decision_type=2 2 2 2 2 2 2 2 2 2 2 2 2 2 2 2 2 2 2 2 2 2 2 2 2 2 2 2 2 2
left_child=2 24 3 4 5 14 12 10 -9 29 27 -6 -3 -13 -1 22 -12 -17 -10 -20 21 -21 -16 -14 -2 -26 -18 28 -8 -5
right_child=1 6 -4 9 11 -7 7 8 18 -11 16 13 23 -15 15 17 26 -19 19 20 -22 -23 -24 -25 25 -27 -28 -29 -30 -31
leaf_value=-0.015862215773089067 0.0085940233363549362 0.00051089389729773655 -0.01197466243485721 0.0066045905299383194 -0.015775286246553853 0.0046324949310758718 0.023998502446823285 -0.005696535130363712 0.0071001130167674554 -0.002280246720467242 0.019853539526629712 -0.012185876977946089 -0.0067404213441790515 -0.0031724975990272825 0.0013585338024955684 0.0046378651945382134 0.014575927621035717 -0.0048996431203834614 -0.0084928261390935685 0.015371875647218073 0.00043047077458835945 -0.00098568486665158504 -0.012742271254309564 -0.033968720494912209 0.020783423165298378 0.0048366653696851275 0.0001607633513082695 0.0020454731647553824 0.0069437083778311906 0.021600848554034009
leaf_weight=804.24257330305409 4471.4822642230429 2472.8628985397518 4680.6661492624553 2999.271768794395 2222.6382782278815 4619.1955078020692 260.7624793460127 4328.2557188915089 3635.0818749689497 2740.0856671675574 1070.3435612140456 2032.2241480456432 2732.0325656074565 2686.995692349039 482.91807965177577 1415.4748154706322 747.37590101431124 2419.0981150076259 1191.1567378140753 917.64763784804381 2641.8374178881058 481.7021720939083 1883.8883529264713 63.598560658982024 1350.1715003823629 535.85091188829392 719.30904636881314 3989.9059657896869 3186.8640412180685 340.06305425509345
leaf_count=1560 7140 3823 8018 4644 3939 7611 536 6754 5908 4160 1910 3294 4299 4064 933 2284 1179 3862 1853 1465 4110 739 3168 176 2486 877 1215 6259 4944 625
internal_value=3.714e-05 0.00367074 -0.00427236 -0.0027877 -0.00489109 -0.00180762 0.00200392 0.0033777 0.000464707 0.00362022 0.00720816 -0.0100026 -0.00400895 -0.00714462 -0.0060594 -0.00466917 0.0131485 -0.00135979 0.0034892 0.000934115 0.0037873 0.00988019 -0.00988437 -0.00795489 0.0110506 0.0164979 0.0077568 0.0051058 0.00856243 0.00843177
internal_weight=64123 34796.2 29326.8 24646.1 18566.7 11624.8 28438.7 23170.2 13195.7 6079.42 9974.56 6941.86 5268.49 4719.22 7005.62 6201.38 2537.03 3834.57 8867.43 5232.34 4041.19 1399.35 2366.81 2795.63 6357.5 1886.02 1466.68 7437.53 3447.63 3339.33
internal_count=103835 55673 48162 40144 30715 19418 45170 36872 20829 9429 16043 11297 8298 7358 11807 10247 4304 6146 14075 8167 6314 2204 4101 4475 10503 3363 2394 11739 5480 5269
is_linear=0
shrinkage=0.0398117


Tree=6
num_leaves=31
num_cat=0
split_feature=18 21 21 18 21 18 21 18 18 21 18 18 21 0 21 0 0 17 21 12 3 18 21 11 10 10 11 13 10 20
split_gain=627.211 271.889 256.338 278.494 198.971 198.629 159.351 134.073 99.4182 57.4024 77.0251 53.8427 62.9695 90.7739 52.6699 52.128 50.1566 53.9505 49.7395 48.8791 49.6719 48.7877 87.4398 49.0032 48.2247 46.4008 46.1498 45.5858 45.5234 45.4935
threshold=-0.096240367740392671 -0.17240890115499494 -0.067788291722536073 0.055483173578977592 0.1724154204130173 -0.29062251746654505 0.040417451411485679 0.19194141775369647 1.0000000180025095e-35 0.28813365101814276 0.29825963079929357 0.15868259221315387 0.077898357063531889 0.40198864042758947 0.38361217081546789 -0.055397728458046906 0.34232954680919653 0.31871135532855993 -0.012707656715065239 -0.18741566687822339 0.2599740624427796 -0.57647010684013356 -0.52831456065177906 -1.0951772332191465 0.22124579548835757 0.079790212213993086 0.26605199277400976 0.25959724187850958 1.0000000180025095e-35 -0.053737180307507508
decision_type=2 2 2 2 2 2 2 2 2 2 2 2 2 2 2 2 2 2 2 2 2 2 2 2 2 2 2 2 2 2
left_child=1 5 -2 6 11 21 8 -6 18 -9 14 12 13 -5 -11 -10 17 -3 -4 -20 -21 23 -23 -1 29 -24 28 -28 -12 -13
right_child=2 16 3 4 7 -7 -8 9 15 10 26 24 -14 -15 -16 -17 -18 -19 19 20 -22 22 25 -25 -26 -27 27 -29 -30 -31
leaf_value=0.001106376945814692 0.010545341923541885 -0.0082277071994956655 0.00014953161243691222 0.0080788574392087059 -0.0050537844814513419 0.0039935777334870306 -0.008893555017072315 0.0085908068598635496 -2.048754233992569e-05 -0.00056919279498855106 0.015069346703473704 0.0011117380741317219 0.0027656528847503476 0.03309808473441319 -0.014303797742122402 0.010463494545508465 -0.019504949002703664 -0.017199375662322922 -4.2647850977514299e-05 -0.016976625201639874 -2.0457816471047866e-05 0.0069250447122482387 -0.012784203010209138 -0.01253292226534688 0.006481740890119405 -0.0030442583241887559 0.011349617358984728 -0.0023287468499284887 0.003144845210104713 0.019889093379202583
leaf_weight=491.90309472207446 5628.1092780944891 6483.0461754186545 3022.7586860097945 3736.1646383402403 4322.2478848026367 5231.5017535150982 4859.2404266989324 2443.4069325407036 1325.484635141911 1409.7202856158838 912.11653596884571 247.58611193601973 4282.4468147160951 202.89023332251236 599.1185489918571 1671.5705899599707 990.74359640688635 1310.1321034128778 826.65471514698584 945.85714113374706 377.02527218125761 958.89633000257891 1146.1708648768254 2346.0710471102502 1309.7839262627531 2350.8693813846912 434.20261638122611 1842.4558763584355 1154.2399004457984 1359.3227888725232
leaf_count=937 9204 10616 4604 5772 6739 8553 7881 4072 2025 2173 1531 471 6772 452 971 2672 1733 2293 1323 1550 560 1567 2058 4015 2071 3694 746 2717 1787 2351
internal_value=-0.000107746 -0.00568347 0.00266396 0.00146128 0.00398052 -0.00190149 -0.00322463 0.000649938 0.000177901 0.00346771 0.00144275 0.00788112 0.0061625 0.0097702 -0.00491977 0.00589361 -0.0110336 -0.00983788 -0.00315453 -0.00770946 -0.0123156 -0.00613064 -0.00346387 -0.0101806 0.0125357 -0.00637583 0.00441268 0.000460776 0.00864579 0.0171201
internal_weight=64221.7 21309.3 42912.4 37284.3 24255.7 12525.4 13028.6 13117.5 8169.35 8795.26 6351.85 11138.2 8221.5 3939.05 2008.84 2997.06 8783.92 7793.18 5172.3 2149.54 1322.88 7293.91 4455.94 2837.97 2916.69 3497.04 4343.01 2276.66 2066.36 1606.91
internal_count=103910 35466 68444 59240 38625 20824 20615 20736 12734 13997 9925 17889 12996 6224 3144 4697 14642 12909 8037 3433 2110 12271 7319 4952 4893 5752 6781 3463 3318 2822
is_linear=0
shrinkage=0.0398117


Tree=7
num_leaves=31
num_cat=0
split_feature=18 21 18 21 18 21 21 1 18 21 21 0 17 18 18 21 18 21 18 17 0 10 0 3 16 3 12 18 21 4
split_gain=561.787 283.335 241.62 216.139 153.237 141.226 129.412 117.616 104.46 100.852 85.0613 56.9481 56.4405 59.927 55.667 56.4613 70.0288 53.4096 82.1956 50.8927 57.7145 48.9267 48.8193 45.4659 44.2781 43.9107 42.928 42.8904 53.4468 42.8761
threshold=-0.096240367740392671 -0.077891837805509553 0.028804156929254535 -0.17240890115499494 -0.3290975540876388 0.058017183095216758 -0.0087966057471930963 -0.42755682766437525 0.13985770940780642 0.18414857238531115 0.1874077841639519 0.41051135957241064 0.43157629668712622 0.096665639430284514 0.20948536694049838 0.35819034278392797 0.42243160307407385 -0.51055508852004994 -0.57647010684013356 0.31871135532855993 0.33380682766437536 0.19766114652156833 0.42187500000000006 0.48704174160957342 0.26291880011558538 -0.20203755795955655 0.31916524469852453 -0.13916920125484464 -0.26105938851833338 0.069023612886667265
decision_type=2 2 2 2 2 2 2 2 2 2 2 2 2 2 2 2 2 2 2 2 2 2 2 2 2 2 2 2 2 2
left_child=3 23 6 4 17 7 -3 -4 9 12 21 -11 13 -7 -12 -16 -17 18 -1 20 -5 -10 -8 -2 -19 -15 -20 28 -6 -28
right_child=1 2 5 19 27 8 22 -9 10 11 14 -13 -14 25 15 16 -18 24 26 -21 -22 -23 -24 -25 -26 -27 29 -29 -30 -31
leaf_value=-0.0073599314836993081 0.012780023473504586 0.0012148053041886617 0.036330549298777812 -0.0073444779188404996 0.0048294441276777724 -0.0063859604921630174 -0.0066044012790950415 0.007367801632744188 0.011518446041645904 -0.0079763708137444156 -0.0026356593182779962 -0.032253691792685127 0.0066303271641100954 -0.0037215956134388586 0.0080997369582787131 -0.0045744529711897056 0.0051495157702106126 -0.012866306555610094 -0.0017146074920237617 -0.017335059241476946 -0.017742825588835429 0.0011084454921564688 -0.020289981595455565 0.0014163783776258211 0.0014200213702707238 0.0081731335130226963 0.02188521465822266 0.010933056131973179 -0.0027965285624214817 -0.0013985836775710434
leaf_weight=2306.0075073484331 4324.8106343686813 4460.1533419779735 184.94377712975256 6359.8139713372802 2808.9781093638157 2303.5417423926992 5529.4275643646251 5879.4885418843478 2723.6969983420568 1418.1560186088318 3095.7478404343128 133.24577728204895 1557.6761553214164 826.18530983803794 2794.3160614407388 2009.5653583455132 2678.0575634161942 2288.8147491825512 554.40836286183912 1375.5486524717417 975.70380303298589 984.16924402781297 415.5719725250965 658.05462548066862 388.09753922547679 1081.8258158451645 307.90392434410751 726.61599663482048 2918.8420421658084 180.08129690086935
leaf_count=3865 7209 6840 408 10444 4647 3638 8836 9136 4536 2290 4877 273 2244 1352 4539 3077 4220 4074 884 2425 1673 1564 796 995 610 1679 515 1178 4704 281
internal_value=-0.000179634 0.00243128 0.00125564 -0.00547906 -0.00210317 0.00319967 -0.00390281 0.00854364 0.00168268 -0.00217266 0.00366043 -0.0110109 0.000274219 -0.00212183 0.00182087 0.00367272 0.000972625 -0.00664388 -0.00321039 -0.0102743 -0.00884045 0.00880981 -0.00772461 0.0113097 -0.0107962 0.00304621 0.00586774 0.00215119 0.000949335 0.013895
internal_weight=64249.5 43058.6 38075.8 21190.8 12479.7 27670.6 10405.2 6064.43 21606.2 7320.63 14285.6 1551.4 5769.23 4211.55 10577.7 7481.94 4687.62 6025.31 3348.4 8711.07 7335.52 3707.87 5945 4982.87 2676.91 1908.01 1042.39 6454.44 5727.82 487.985
internal_count=103809 68509 60305 35300 20758 43833 16472 9544 34289 11476 22813 2563 8913 6669 16713 11836 7297 10229 5545 14542 12117 6100 9632 8204 4684 3031 1680 10529 9351 796
is_linear=0
shrinkage=0.0398117


Tree=8
num_leaves=31
num_cat=0
split_feature=18 21 21 18 18 21 18 21 18 21 94 0 18 4 21 18 14 4 14 18 21 12 21 18 4 3 3 20 16 1
split_gain=517.265 218.719 176.158 171.429 164.131 141.814 164.24 104.335 113.146 79.9552 71.7342 62.9997 66.5671 58.9894 57.827 79.261 68.389 51.4242 51.4139 49.5523 43.7828 43.4849 42.1889 74.2655 41.3098 39.3134 61.5685 44.3657 39.1597 40.3837
threshold=-0.021325975656509396 0.038461927324533469 -0.0087966057471930963 0.081946276128292098 -0.1062190495431423 -0.18414206057786939 -0.32173828780651087 0.1724154204130173 0.19685667008161548 -0.065506841987371431 1.0000000180025095e-35 0.48153407871723181 0.075347539037466063 0.45974253118038183 0.35819034278392797 0.42243160307407385 0.078696340322494521 0.4340589046478272 0.096527837216854109 -0.13517671078443524 0.61126464605331432 -0.038759291172027581 -0.52831456065177906 -0.57647010684013356 -0.29481184482574457 0.2314863055944443 0.47986222803592687 0.029037673026323322 0.13247716426849368 -0.34801135957241053
decision_type=2 2 2 2 2 2 2 2 2 2 2 2 2 2 2 2 2 2 2 2 2 2 2 2 2 2 2 2 2 2
left_child=2 10 4 -3 5 6 22 13 21 17 11 12 18 -5 -10 -16 20 -6 -2 24 -17 -9 23 -1 -7 -4 27 -27 -24 -30
right_child=1 3 25 7 9 19 -8 8 14 -11 -12 -13 -14 -15 15 16 -18 -19 -20 -21 -22 -23 28 -25 -26 26 -28 -29 29 -31
leaf_value=-0.0068527395700645304 0.0033213424239313971 -0.0052082246851321576 -0.014556762065559696 0.0057037861452351761 0.0054441836382033513 -0.005266195855333936 0.0032287280634171202 0.00049627056269741789 0.0075085276167978889 -0.0016660274748741457 -0.013935926120722844 0.034565692227705093 0.012473016246277065 0.019288369161155384 -0.0049545191873511668 0.0072482133134802113 0.020743860488741217 0.021376537524086681 0.01167724108029782 -0.0034508463036657922 -0.0035685912368381462 -0.007213654838439023 -0.01167229553333371 0.0061584934370574928 -0.01336489181888084 0.0034393484048563881 -0.017560804206293003 -0.0090037148722031703 -0.022360910105414421 0.0050970601611416751
leaf_weight=2259.873045653454 4473.9876223182073 5188.7763502291637 2406.4337110550841 6256.5039111418882 2831.8422929339577 1529.3284217913169 5512.0030081261648 1935.1200144203613 3434.4357143085217 2935.8492293525487 182.98804368893616 100.66312993189786 3620.804315206944 516.78102426242549 2105.1451478535309 1326.0918059929973 338.82066234073136 325.29342092410661 1567.741220310214 1989.8196754888631 997.25363697425928 2800.0980839563999 2431.1653612871887 947.70775171101559 3515.8338158796541 842.64253216027282 592.07370506611187 881.49413123889826 50.761135503649712 448.29652424901724
leaf_count=3775 6941 8165 4155 9945 4393 2548 9054 2941 5568 4433 301 254 5924 963 3234 2016 621 578 2609 3048 1569 4365 4240 1515 5786 1344 1079 1423 113 732
internal_value=-8.53487e-05 0.00319661 -0.00396144 0.00119616 -0.00260552 -0.00445354 -0.0017422 0.00289203 0.000786382 0.00304839 0.00817185 0.00865836 0.00820961 0.00687606 0.00360902 0.000747674 0.00527184 0.00739788 0.00557064 -0.00889722 0.00261953 -0.00408526 -0.00619943 -0.0029668 -0.010988 -0.0109704 -0.00701177 -0.00298599 -0.00962438 0.000455255
internal_weight=64345.6 34845.2 29500.4 24899 24777.8 18684.8 11649.8 19710.3 12937 6092.98 9946.18 9763.2 9662.53 6773.28 8201.75 4767.31 2662.17 3157.14 6041.73 7034.98 2323.35 4735.22 6137.8 3207.58 5045.16 4722.64 2316.21 1724.14 2930.22 499.058
internal_count=103632 55416 48216 39387 40215 30811 19429 31222 20314 9404 16029 15728 15474 10908 13008 7440 4206 4971 9550 11382 3585 7306 10375 5290 8334 8001 3846 2767 5085 845
is_linear=0
shrinkage=0.0398117


Tree=9
num_leaves=31
num_cat=0
split_feature=18 21 21 18 21 18 18 21 18 21 10 18 4 4 10 18 11 4 0 19 5 14 15 4 9 0 11 10 0 21
split_gain=455.916 210.366 179.619 204.313 111.435 149.839 106.069 136.507 111.735 57.2285 54.2171 55.9351 49.5232 49.4343 48.5177 53.6973 55.3977 51.7244 43.7859 41.4722 39.3207 39.1465 39.0426 38.963 38.5012 38.3447 37.8285 38.5213 37.402 37.0755
threshold=-0.021325975656509396 -0.0055373962968587867 -0.034218437969684594 -0.1062190495431423 -0.17630366235971448 -0.29062251746654505 0.055483173578977592 0.16850437223911288 0.17105530947446826 0.049217317253351218 -0.075681474059820161 -0.18711137771606443 0.4660108089447022 0.13275974243879321 0.010336820036172869 -0.57647010684013356 -1.0951772332191465 0.37189191579818731 0.43892045319080358 -0.074469476938247667 0.37500000000000006 -0.032750515267252915 0.096282642334699645 -0.49001491069793696 -0.26324190199375147 0.25142045319080358 -0.36938454210758204 0.25286959111690527 0.45596592128276831 -0.47482766211032862
decision_type=2 2 2 2 2 2 2 2 2 2 2 2 2 2 2 2 2 2 2 2 2 2 2 2 2 2 2 2 2 2
left_child=2 28 3 4 5 14 9 12 18 23 13 20 -8 -6 25 16 -16 29 21 -19 -12 -9 -10 -3 -4 -1 27 -7 -2 -17
right_child=1 6 24 -5 10 26 7 8 22 -11 11 -13 -14 -15 15 17 -18 19 -20 -21 -22 -23 -24 -25 -26 -27 -28 -29 -30 -31
leaf_value=-0.021072460932658642 0.0090619286344471583 0.013985828820525367 -0.019703172444921001 0.0052129043639387281 -0.0091889885691122473 0.015858272097140844 0.0055046465876317664 -0.0020257979909958528 0.0067362197906736757 -0.0070541008037968483 -0.0085706226348706317 -0.0015202953607506625 0.016588260740344751 -0.023455226417954153 0.0035743779654418238 0.0072685915452133732 -0.010992185889642106 0.0092159225033070311 -0.019177604755938459 -0.015835822535040362 -0.028760377853233217 -0.012605038061834956 0.00090996204167255056 -0.00079584410900019947 -0.0084449339339584574 -0.0039120106774627305 0.0014620232454852153 0.0019844101634095769 0.030870413427068717 -0.0018784055255382363
leaf_weight=477.84923849976622 6109.5910754572833 268.54152032104321 515.98498005920555 4814.4679378403816 1413.4895801403327 640.10003179998603 8990.3195619953331 2690.4108421319397 2388.5892237856751 2987.7571164267138 1615.3113578553312 2343.8316622100538 657.86182747595012 562.81325687805656 478.42759932496119 997.75975293898955 2195.783035886474 92.724498096620664 302.94467876618728 486.79597066692077 135.69967148662545 659.02084999729414 7338.2944781313417 2403.3197295286227 6121.3146885996684 387.52168894384522 3692.1473624672508 621.72556946403347 86.687314844224602 2078.7654365994968
leaf_count=981 9853 462 986 7480 2480 1060 14167 3982 3901 4786 2543 3548 1231 987 932 1607 3660 136 556 910 270 1247 11383 3711 9970 664 6114 943 209 3148
internal_value=-9.13052e-05 0.00299212 -0.00371582 -0.00204238 -0.00396957 -0.00175278 0.00154691 0.0027471 0.000138366 -0.0033141 -0.0083526 -0.00561787 0.0063435 -0.0137344 -0.00540683 -0.00412532 -0.00835811 -0.000953357 -0.00575049 -0.0113521 -0.0108981 -0.00426766 0.00236958 0.000911631 -0.00946261 -0.0140278 0.00355178 0.00936652 0.00961448 0.00114996
internal_weight=64555.9 34883.3 29672.5 23035.2 18220.7 12149.6 28687.1 23027.4 13379.3 5659.62 6071.15 4094.84 9648.18 1976.3 7195.63 6330.26 2674.21 3656.05 3652.38 579.52 1751.01 3349.43 9726.88 2671.86 6637.3 865.371 4953.97 1261.83 6196.28 3076.53
internal_count=103907 55488 48419 37463 29983 20155 45426 36467 21069 8959 9828 6361 15398 3467 12038 10393 4592 5801 5785 1046 2813 5229 15284 4173 10956 1645 8117 2003 10062 4755
is_linear=0
shrinkage=0.0398117


Tree=10
num_leaves=31
num_cat=0
split_feature=11 0 17 0 16 12 21 5 19 10 19 19 4 17 21 1 17 12 12 10 12 20 17 12 19 14 11 17 13 8
split_gain=39.9642 49.9452 50.8739 44.6863 47.0118 29.5182 31.3249 31.9189 29.0858 28.9492 29.6106 43.1465 51.7545 49.5433 34.3903 29.9102 27.8311 26.3407 27.3641 25.6367 35.8841 45.8147 38.9224 40.1007 36.7458 32.0355 31.1468 29.4267 28.063 34.2855
threshold=-0.062400061637163155 0.42187500000000006 -0.20059686899185178 0.47869317233562475 -0.04335354641079902 0.58000001311302196 0.073345243930816664 -1.0000000180025095e-35 -0.095171336084604249 -0.061461666598916047 0.017167205922305587 -0.15445105731487271 -0.21726810187101361 -0.23434128612279889 0.11212657019495965 -0.36505682766437525 0.5797497332096101 0.033516295254230506 0.60188677906990062 0.23094420135021212 0.075826186686754241 -0.11614860594272612 -0.38001582026481623 0.3740480244159699 0.071947943419218077 0.047491220757365234 -0.28799480199813837 -0.22220624238252637 -0.4137024581432342 0.033864168450236327
decision_type=2 2 2 2 2 2 2 2 2 2 2 2 2 2 2 2 2 2 2 2 2 2 2 2 2 2 2 2 2 2
left_child=3 -2 17 9 -5 6 -4 -8 -9 10 11 12 16 -13 15 -12 -1 -3 -19 20 21 25 -22 28 26 -11 -23 -27 -24 -30
right_child=1 2 5 4 -6 -7 7 8 -10 19 14 13 -14 -15 -16 -17 -18 18 -20 -21 22 24 23 -25 -26 27 -28 -29 29 -31
leaf_value=0.0014650375466957108 0.0011046369555004023 0.020751113836707257 0.00050131710270392277 0.012952208384870049 -0.010548357787054888 -0.022463289664477713 -0.0015929337174981598 -0.00416772614546017 -0.019924220525618656 0.0041098408963399658 0.019992928985666906 0.017486701754888184 -0.0066560478956887124 -0.010116351916007934 -0.017971700225757961 0.0013192030657666223 0.016864096866487172 -0.0045950750889880215 0.012732075297393888 -0.0024912357407235286 0.016181046145989992 0.0075149761684246176 0.0077754677236933408 -0.0045706918425669702 0.0067838951530879987 0.00067739441994187273 -0.0035890351765619456 -0.022747993378001416 -0.0050323397185035841 0.0049637229958760225
leaf_weight=952.16209825058468 36604.285683882539 91.943235666491091 863.92410092777573 577.15201342094224 129.37736400018912 132.68733416625764 574.40385785349645 343.7083267646376 468.38060037465766 121.01527735928539 118.91983993409667 61.422353469301015 1381.5669176650699 2337.5475706041325 66.825115893618204 735.52091286936775 185.00988952326588 375.16568012489006 168.07376459077932 8246.0897468929179 274.34735481708776 406.61714899796061 1601.5653689583996 1116.9354444480268 830.84201030433178 104.17982196458615 3241.7734554795315 305.6980252081994 877.48344229825307 1262.8083665195154
leaf_count=1564 57881 168 1481 1138 243 281 968 539 857 219 222 124 2170 4012 171 1265 345 685 298 13339 481 650 2574 1829 1346 159 4870 588 1456 2040
internal_value=-8.86035e-05 0.0006966 -0.0041824 -0.00133602 0.00819227 -0.00683251 -0.00543527 -0.00903869 -0.0138933 -0.00163108 -0.00406214 -0.00528317 -0.00158191 -0.00905106 0.00236744 0.00490013 0.0045877 0.00549592 0.00135815 -0.000849235 0.000489366 -0.00189549 0.00281696 0.0019015 -0.000521892 -0.012411 -0.00226022 -0.0172873 0.00387368 0.000835687
internal_weight=64557.4 39622.6 3018.29 24934.9 706.529 2383.1 2250.42 1386.49 812.089 24228.3 5838.97 4917.71 2518.74 2398.97 921.266 854.441 1137.17 635.183 543.239 18389.4 10143.3 5010.13 5133.14 4858.79 4479.23 530.893 3648.39 409.878 3741.86 2140.29
internal_count=103963 63158 5277 40805 1381 4126 3845 2364 1396 39424 9873 8215 4079 4136 1658 1487 1909 1151 983 29551 16212 7832 8380 7899 6866 966 5520 747 6070 3496
is_linear=0
shrinkage=0.0398117


Tree=11
num_leaves=31
num_cat=0
split_feature=18 21 21 18 18 21 21 21 0 18 18 18 21 21 21 18 21 11 17 0 21 18 18 18 1 21 18 93 14 14
split_gain=425.312 188.899 173.723 160.13 149.108 135.364 87.5169 84.2482 80.0223 85.2521 65.1183 64.6458 61.6896 60.4755 57.6 55.6263 51.5945 50.946 50.1974 49.9601 49.1423 48.7053 48.4234 47.604 46.8812 46.7262 60.3128 46.0774 44.6802 42.7529
threshold=-0.021325975656509396 0.055735735222697265 -0.012707656715065239 0.12257515639066698 -0.18711137771606443 -0.24937187135219571 -0.18414206057786939 0.17893384397029879 0.48153407871723181 0.08779925107955934 -0.1062190495431423 -0.57647010684013356 0.18414857238531115 -0.12478534132242201 -0.49115955829620356 0.20948536694049838 -0.080499205738306032 -1.0951772332191465 0.32606464624404913 0.33948864042758947 0.28192485868930822 0.059295460581779487 0.27762436866760259 -0.3290975540876388 -0.21732954680919644 0.4320081770420075 0.42243160307407385 1.0000000180025095e-35 0.092812940478324904 0.035603554919362075
decision_type=2 2 2 2 2 2 2 2 2 2 2 2 2 2 2 2 2 2 2 2 2 2 2 2 2 2 2 2 2 2
left_child=2 8 4 12 6 -6 11 -5 9 27 13 17 21 18 -13 -9 -12 -1 -7 -15 -17 -3 -22 -16 -20 -24 -27 28 -2 -28
right_child=1 3 -4 7 5 10 -8 15 -10 -11 16 14 -14 19 23 20 -18 -19 24 -21 22 -23 25 -25 -26 26 29 -29 -30 -31
leaf_value=0.0028758996094123365 0.0028397128634948124 -0.006847649186061738 -0.010344839181069276 0.0074925114006928074 0.013588300679869268 0.0048863742667748858 -0.01155906025718189 -0.0024382561174175151 0.031613960747848217 0.011654499799392986 0.0071778566332330682 0.0057074434411202067 -0.012351635673974034 -0.0051013628840136972 -0.0080768752936947845 0.0095718727262122383 -0.00060585988024454722 -0.010943762068172812 0.0049299719010885172 -0.019645676253710151 -0.0050198034718294399 0.00056657479038713641 0.0088336334326970679 -0.0003897990266023563 -0.012627298673484859 -0.0099995885580828701 0.00071161247930294198 -0.013505812347969265 0.0097167934542020488 0.013305765344869075
leaf_weight=488.61094410228543 5779.8893383619143 2353.3237399653299 5029.793060681317 4530.0793735350017 1146.2702007306507 1696.8989547066158 2730.3761541432468 4347.4460237103049 157.96983932214789 3493.2193762875395 2214.5914064418757 1390.9978536716662 1193.9746131128632 2507.4998755104607 1980.2100411974825 1478.7791046689963 3310.8418766851537 2325.9250231500482 343.98430953698698 407.11222078930587 1330.3889233074151 3348.7581178774126 1617.5234986157157 3468.2570531353122 604.30928857030813 626.40443643787876 2079.8045783286216 178.70629797526635 2012.4191330972826 490.18484977225307
leaf_count=965 8870 3815 8513 7381 1973 2759 4556 6674 381 5700 3445 2294 2040 3807 3301 2494 5042 3908 528 717 2009 5126 2508 5627 972 1008 3166 282 3318 832
internal_value=-0.000131697 0.00283687 -0.00363785 0.00077054 -0.00224858 0.000867541 -0.00531899 0.00289878 0.00697406 0.00649714 -0.000501011 -0.00350216 -0.00430327 -0.0035287 -0.00138501 0.001135 0.00254606 -0.00852636 0.000824355 -0.00743476 0.00317799 -0.00252278 0.00157157 -0.00323472 -0.00630155 0.0034302 0.000596705 0.00417637 0.00466855 0.00332828
internal_weight=64664.5 35018.9 29645.7 23396.7 24615.9 12231.5 12384.4 16500.6 11622.2 11464.2 11085.2 9654 6896.06 5559.8 6839.46 11970.5 5525.43 2814.54 2645.19 2914.61 7623.09 5702.08 6144.31 5448.47 948.294 4813.92 3196.39 7971.01 7792.31 2569.99
internal_count=104011 55604 48407 37053 39894 19243 20651 26072 18551 18170 17270 16095 10981 8783 11222 18691 8487 4873 4259 4524 12017 8941 9523 8928 1500 7514 5006 12470 12188 3998
is_linear=0
shrinkage=0.0398117


Tree=12
num_leaves=31
num_cat=0
split_feature=18 20 18 11 18 11 11 11 20 18 15 12 14 20 8 18 18 18 12 18 16 16 17 20 10 17 14 18 1 0
split_gain=410.651 92.3452 113.387 91.8717 136.279 91.414 86.4738 77.5373 70.6832 69.9658 64.5385 59.2428 57.0345 48.1372 45.3454 52.8682 44.5459 56.2367 42.0122 41.6728 40.889 39.6083 35.0202 34.2141 34.0245 33.6733 32.8441 46.8418 32.4047 32.1629
threshold=-0.058091631159186356 -0.0048093076329678288 0.12257515639066698 -0.33609098196029658 -0.40806765854358668 0.13964598625898364 -0.013888755347579716 0.32479527592659002 -0.13652861863374707 -0.32173828780651087 0.13211213797330859 0.23477987945079806 -0.056525845080614083 -0.084243051707744585 0.0012402220163494351 -0.14464228600263593 0.27269172668457037 0.096665639430284514 0.083882216364145293 0.053196527063846595 -0.055612120777368539 0.11784264072775842 0.042931107804179199 0.14324882626533511 0.25286959111690527 -0.060225801542401307 1.3309726715087893 -0.68872055411338795 0.24005681276321414 0.48153407871723181
decision_type=2 2 2 2 2 2 2 2 2 2 2 2 2 2 2 2 2 2 2 2 2 2 2 2 2 2 2 2 2 2
left_child=3 7 6 4 13 23 29 11 9 21 18 16 19 26 15 22 17 20 -11 -8 -2 25 -10 -4 -12 -5 27 -1 -13 -3
right_child=1 2 5 8 -6 -7 12 -9 14 10 24 28 -14 -15 -16 -17 -18 -19 -20 -21 -22 -23 -24 -25 -26 -27 -28 -29 -30 -31
leaf_value=-0.012068174642218378 0.010102006850624396 7.8880064254196666e-05 0.011791295142031408 -0.018128256398165506 0.0048554355370556343 0.00044941386323492881 -0.0079941065972197189 -0.00070965710924645524 -0.0097162169927707161 0.0020870966435365948 -0.0084381367588126071 0.018488297631838908 -0.014092534319860449 -0.012741416673872498 -0.0048675556410929192 -0.0061831628714731843 -0.011853854199378237 0.010829366948202622 0.01779829785635708 0.0013745993791713929 0.0025760325089363837 -0.00067018042485543527 -0.019400499289841829 0.0050577480604157799 0.0022514734912828728 -0.0065915252999929029 0.008713793837429696 0.00097039230833198878 4.9501564592157415e-05 0.014945787908532876
leaf_weight=716.62116812251043 1381.5688790391432 7847.8032754161395 1657.4138451453764 676.27516267390456 3701.076383166248 7686.8346230739262 1530.5245287904982 3037.1125588276191 1518.6737614664016 2648.5397870033048 1514.9081070708344 847.59333571849857 1109.5485957436031 1129.4380467570154 4281.6687706225784 2578.3140348310117 183.77860675810371 2617.8737657987513 253.00979920674581 1404.9941941217985 6081.1306742520537 810.08772352722008 1225.8376507760258 4660.628066650359 645.31500591721851 1132.784003756009 298.65045390184969 990.80849066097289 179.49599821004085 186.73533511883579
leaf_count=1167 2204 12155 2738 1194 5854 11740 2524 4902 2596 4315 2530 1486 1920 2024 6766 4136 307 4234 441 2191 9351 1343 2319 7512 975 1891 620 1557 274 413
internal_value=-9.30898e-05 0.00235932 0.000944395 -0.00419896 -0.000285905 0.0033771 -0.00187672 0.0049217 -0.00574048 -0.00286306 -0.000108068 0.00643502 -0.00658566 -0.0063411 -0.00801326 -0.0104723 0.00546666 0.00584195 0.00374112 -0.00355537 0.0040298 -0.00807814 -0.0143146 0.006905 -0.00525411 -0.0112819 -0.00250944 -0.00467604 0.015395 0.000517297
internal_weight=64535 40413 26084.5 24122 6836.59 14004.9 12079.6 14328.6 17285.4 7680.92 5061.77 11291.4 4045.07 3135.52 9604.49 5322.83 10264.4 10080.6 2901.55 2935.52 7462.7 2619.15 2744.51 6318.04 2160.22 1809.06 2006.08 1707.43 1027.09 8034.54
internal_count=103679 63951 41193 39728 11222 21990 19203 22758 28506 12689 8261 17856 6635 5368 15817 9051 16096 15789 4756 4715 11555 4428 4915 10250 3505 3085 3344 2724 1760 12568
is_linear=0
shrinkage=0.0398117


Tree=13
num_leaves=31
num_cat=0
split_feature=18 20 18 11 11 11 11 18 20 14 18 11 3 12 8 18 18 16 5 18 13 12 15 20 18 12 9 17 18 13
split_gain=368.987 82.1301 111.389 86.2152 81.4423 77.0053 69.6046 121.969 62.139 58.6688 56.9201 71.2788 54.9786 51.2472 49.3132 55.6591 40.1504 55.1911 39.7818 39.5217 36.6603 36.4733 51.4447 33.4574 33.1768 46.6267 32.0114 31.897 36.6208 31.8411
threshold=-0.065505117177963243 -0.0048093076329678288 0.12257515639066698 1.0000000180025095e-35 0.15460529178380969 0.32479527592659002 -0.33609098196029658 -0.40806765854358668 -0.13652861863374707 -0.056525845080614083 -0.30736744403839106 0.013848770409822466 0.2599740624427796 0.23477987945079806 0.0012402220163494351 -0.14464228600263593 0.27269172668457037 -0.094590887427330003 0.37500000000000006 0.096665639430284514 0.25959724187850958 0.45808461308479315 0.6689247488975526 -0.33771762251853937 -0.68872055411338795 1.0484276413917544 0.18648433685302737 0.12106284871697427 0.29949583113193518 -0.3132967054843902
decision_type=2 2 2 2 2 2 2 2 2 2 2 2 2 2 2 2 2 2 2 2 2 2 2 2 2 2 2 2 2 2
left_child=6 5 3 21 -4 13 7 23 10 -5 12 -12 18 16 15 -10 17 -2 -8 26 27 -3 -23 24 25 -1 -19 28 -6 -27
right_child=1 2 4 9 20 -7 8 -9 14 -11 11 -13 -14 -15 -16 -17 -18 19 -20 -21 -22 22 -24 -25 -26 29 -28 -29 -30 -31
leaf_value=-0.012341322826840589 0.013181472531689836 -0.00037291126969331371 0.0063839034557855315 -0.0039759068149920196 -0.0037914385477463997 -0.0010688307880749965 -0.0085494745144697425 0.0042886300558289169 -0.014023181522340446 -0.015667643001014107 0.0077119563200047873 -0.0030910532500896216 -0.00031174622304609587 0.014157605229467567 -0.0042584471504313916 -0.0056751310913986681 -0.011251653774846092 0.0041079059838718705 -0.026089300720660544 0.0087442299835822374 -0.0014447200822055068 0.01754980677595492 -0.014406056567112541 -0.009709781620586954 0.0062511657951262846 0.016878595322907253 -0.0026597486976424772 0.011916735920071879 0.0093822020441209717 -0.0063488059341059539
leaf_weight=569.90164642652962 1251.1081055691466 8376.5593757805182 6767.1328959161183 2639.2996546830982 833.09166249248665 3063.129123753868 1458.583240111242 3650.7777810741682 2743.3492753446335 896.26900847209617 1333.7515235625906 3167.5653847671347 1171.5917112503666 1071.9271230213344 4237.5416782652028 2536.6405057592783 186.07401113724336 5616.7492183980066 216.55003891384695 2374.1287056303117 5208.9210957472678 324.6267248778604 58.525668875314295 1841.3307923171669 505.31980841222685 146.71466771233827 1335.3608991361689 627.76617942180019 487.61807061149739 137.36166354326997
leaf_count=948 2092 13023 10940 4255 1220 4916 2463 5789 4899 1595 2260 5113 1892 1818 6674 4077 312 8639 451 3779 7861 534 108 3103 804 341 2018 1003 836 252
internal_value=-9.86297e-05 0.00218136 0.0008361 -0.00192024 0.0032695 0.004537 -0.00404857 -0.000655335 -0.00542012 -0.00712041 -0.0026403 0.000154729 -0.0069931 0.0059883 -0.00753963 -0.0101057 0.00511156 0.00545343 -0.0115141 0.00435016 0.000298777 0.000204551 0.0114614 -0.00627947 -0.00144413 -0.00611148 0.00279528 0.00488825 0.00122423 0.00628217
internal_weight=64835.3 41118.3 26219.8 12295.3 13924.5 14898.5 23717 6851.41 16865.6 3535.57 7348.04 4501.32 2846.72 11835.3 9517.53 5279.99 10763.4 10577.3 1675.13 9326.24 7157.4 8759.71 383.152 3200.63 1359.3 853.978 6952.11 1948.48 1320.71 284.076
internal_count=104015 64949 41375 19515 21860 23574 39066 11237 27829 5850 12179 7373 4806 18658 15650 8976 16840 16528 2914 14436 10920 13665 642 5448 2345 1541 10657 3059 2056 593
is_linear=0
shrinkage=0.0398117


Tree=14
num_leaves=31
num_cat=0
split_feature=18 21 21 18 18 21 21 0 18 21 18 21 18 1 18 0 21 0 18 18 10 10 12 21 0 4 21 1 12 21
split_gain=317.456 204.034 175.279 156.188 102.338 102.588 97.2581 84.786 82.0508 72.4183 74.9723 65.9993 65.2449 64.6962 63.8085 62.5033 61.0498 51.7205 50.9438 45.9481 43.8505 41.6494 41.6392 41.355 45.3303 40.2777 41.5622 39.6646 74.7652 39.1508
threshold=-0.058091631159186356 -0.036173962056636803 -0.053773691877722733 0.031402070075273521 -0.18711137771606443 -0.15350548923015592 0.085720460861921324 0.47585226595401769 0.17105530947446826 -0.30219061672687525 -0.44855967164039606 0.28192485868930822 -0.13264068961143491 -0.45596592128276819 0.27762436866760259 0.41051135957241064 0.27053716778755194 -0.069602273404598222 0.1432982608675957 0.084646522998809828 -0.18443161994218824 0.78729167580604564 0.19336192309856418 0.077898357063531889 0.27414773404598242 0.45642739534378057 -0.26105938851833338 -0.061079544946551316 0.021926815621554855 -0.69698184728622425
decision_type=2 2 2 2 2 2 2 2 2 2 2 2 2 2 2 2 2 2 2 2 2 2 2 2 2 2 2 2 2 2
left_child=2 13 4 23 9 25 7 19 15 10 29 27 -7 -2 -13 16 -8 20 -17 -5 -4 -21 -16 -3 -25 26 -6 -10 -29 -1
right_child=1 3 17 6 5 12 8 -9 11 -11 -12 14 -14 -15 22 18 -18 -19 -20 21 -22 -23 -24 24 -26 -27 -28 28 -30 -31
leaf_value=-0.0015467912742205116 0.031402055014102009 -0.0025588315752241484 0.012306755361385507 0.0020053329558760878 0.013368565118882151 -0.0087496330504565952 0.0003670317533028766 0.034026227740415707 0.011169606952815745 -0.0078645571288825464 0.0022094855279487604 -0.0057559326406807759 0.0013144604863904671 0.0076933184654618732 0.0057650658634606916 -0.016362388965551224 -0.0109588978231633 -0.015934645710123305 0.0037844047186003202 0.0096658779779854702 -0.0082193769665979098 -0.0060309227651176118 -0.0017885632506444275 -0.0063210651932423508 -0.022927015867339733 0.021547160335050761 0.0026693275854311584 0.0079942352345936003 -0.006068899838852013 -0.010307430632416216
leaf_weight=1620.8889596586814 143.86338155763224 5360.2929744219873 130.47917575517204 3280.7412924100645 733.00109122868162 1580.409327023779 6759.3016404411756 120.51552562275901 1836.3402484832332 5122.2357669854537 3726.6996698289877 1820.7513199866517 2692.8263552285498 6492.4358301049797 2980.0519421711797 731.44353490881622 797.5577686119359 1785.2615200460423 241.75069766689558 3434.648073979537 2644.1359599467833 254.57821240881458 1833.4555054851808 1526.9183826487279 286.09889148315415 226.63683585159015 2331.8372546392493 1806.470278630848 838.94211263605393 1616.0346031798981
leaf_count=2704 303 8385 249 5042 1265 2534 10390 296 2942 8646 6025 2801 4110 10419 4620 1254 1301 3001 422 5392 4449 375 2869 2410 564 457 3634 2898 1463 2737
internal_value=-6.88596e-05 0.00208405 -0.0036721 0.000828945 -0.00202637 0.00159681 0.00222927 0.00620909 0.000779889 -0.00429306 -0.00162637 0.00302843 -0.00246027 0.00844056 0.000492154 -0.00214862 -0.000890009 -0.0106621 -0.0113838 0.0054861 -0.00704427 0.00850871 0.0028943 -0.00436695 -0.00949305 0.0068289 0.00540747 0.0067323 0.00349702 -0.00601493
internal_weight=64756.6 40546.2 24210.4 33909.9 19650.6 7564.71 26736.5 7090.48 19646.1 12085.9 6963.62 11116 4273.24 6636.3 6634.26 8530.05 7556.86 4559.88 973.194 6969.97 2774.62 3689.23 4813.51 7173.31 1813.02 3291.48 3064.84 4481.75 2645.41 3236.92
internal_count=103957 64146 39811 53424 32112 12000 42065 11105 30960 20112 11466 17593 6644 10722 10290 13367 11691 7699 1676 10809 4698 5767 7489 11359 2974 5356 4899 7303 4361 5441
is_linear=0
shrinkage=0.0398117


Tree=15
num_leaves=31
num_cat=0
split_feature=18 21 21 18 18 21 21 18 21 21 4 0 18 1 21 18 21 18 0 18 17 0 16 21 18 14 0 18 21 11
split_gain=315.32 198.41 183.507 140.553 98.2889 94.1091 88.9987 113.152 69.342 67.2566 64.9897 57.5083 55.4049 53.932 47.3528 46.9639 49.5812 54.1385 46.0378 47.2622 52.4526 44.3918 43.9434 41.7114 40.8513 39.7343 40.0684 39.5218 36.7413 66.7424
threshold=1.0000000180025095e-35 0.030313904397189621 -0.0055373962968587867 -0.1062190495431423 0.11253532022237779 0.1724154204130173 -0.18414206057786939 -0.29062251746654505 -0.063225399702787385 0.15546753257513049 0.41685946285724645 0.47017045319080358 0.57462233304977428 -0.20028409361839292 0.63261574506759655 0.19194141775369647 0.28813365101814276 0.27762436866760259 0.33948864042758947 -0.28176027536392206 -0.045196317136287682 0.41903407871723181 0.34260569512844091 -0.10396550968289374 0.15868259221315387 -0.083273090422153459 0.046875000000000007 0.055483173578977592 -0.37953490018844599 -0.032106699422001832
decision_type=2 2 2 2 2 2 2 2 2 2 2 2 2 2 2 2 2 2 2 2 2 2 2 2 2 2 2 2 2 2
left_child=2 13 3 6 9 11 7 28 10 27 -5 24 14 -2 15 -7 -17 -18 19 -8 23 -4 -14 -21 -6 -26 -27 -3 -1 -30
right_child=1 4 21 8 5 12 18 -9 -10 -11 -12 -13 22 -15 -16 16 17 -19 -20 20 -22 -23 -24 -25 25 26 -28 -29 29 -31
leaf_value=-0.0023722415837953929 0.016816251945343877 -0.0041691638132981546 -0.0085994189376546685 0.0043323429631173145 0.0031262703698993477 -0.0033489298915350277 -0.013235844974935181 0.0036350550759376124 -0.0012336451345022191 -0.0096624954484220496 0.018590986685618177 0.034414924981291374 0.014886695959953471 0.006944601889630561 -0.013803161031044276 0.0068725691996474846 -0.0058281797115997637 0.0028457827492140699 -0.014401580399070571 0.0086738891672181566 -0.0068778335275974491 -0.026825681064193127 -0.00034348889803406283 -0.0031035225819097587 0.017903769380690559 0.0020237314421054512 0.015913805394663787 0.0021699311220327289 -0.013767504298478336 0.00038527775393562005
leaf_weight=4961.2857507509179 1021.2827887134627 2834.0731484541902 5345.4513159240596 3765.5260635751765 2766.3572998072486 3550.0489680372411 981.0719364072429 4615.3392196109053 3384.2326630697353 1667.9814737208653 547.96695723640732 71.696743510081433 694.04627716669347 6265.1049412975553 335.18938433157746 2368.0280165581498 1666.365941680735 3345.3072704765946 1050.3954692535335 714.98042413825169 3222.391415348975 185.07032417249866 493.88348576473072 1213.4834292882588 721.35717213456519 1086.0854142850731 435.54149855137803 3340.5468654308934 1376.8352409886429 828.60269605042413
leaf_count=8189 1786 4421 8847 5874 4368 5351 1630 7555 5158 2855 943 185 1179 9911 527 3910 2559 5110 1748 1166 5093 402 753 1843 1229 1761 748 5051 2403 1372
internal_value=-8.56566e-05 0.00266788 -0.00287984 -0.00150197 0.000997978 0.00265348 -0.00334176 -0.00120038 0.00302031 -0.00269417 0.00633937 0.0071916 0.000779096 0.00843499 -9.7129e-05 0.000382441 0.00219066 -6.31822e-05 -0.00681963 -0.00541261 -0.00380617 -0.00944648 0.00877163 0.0013598 0.00646085 0.0104085 0.00639145 -0.000746687 -0.00432067 -0.00854719
internal_weight=64855.5 32662.9 32192.6 26662.1 25376.5 17533.9 18964.4 11782.1 7697.73 7842.6 4313.49 5081.04 12452.9 7286.39 11264.9 10929.8 7379.7 5011.67 7182.32 6131.93 5150.86 5530.52 1187.93 1928.46 5009.34 2242.98 1521.63 6174.62 7166.72 2205.44
internal_count=103927 51704 52223 42974 40007 27680 30999 19519 11975 12327 6817 8291 19389 11697 17457 16930 11579 7669 11480 9732 8102 9249 1932 3009 8106 3738 2509 9472 11964 3775
is_linear=0
shrinkage=0.0398117


Tree=16
num_leaves=31
num_cat=0
split_feature=18 21 21 18 18 21 0 21 18 21 0 21 18 0 0 17 18 14 0 17 21 21 18 3 18 21 0 16 5 21
split_gain=302.84 193.719 138.427 134.126 107.117 95.9318 105.475 79.4755 76.6652 62.1097 58.1472 55.0477 62.8026 50.1626 46.5574 45.2072 56.3871 45.1368 44.7478 54.2176 38.3149 37.5895 36.5993 35.5719 35.4871 54.6187 60.9711 52.7226 60.8099 50.7633
threshold=-0.096240367740392671 -0.080499205738306032 -0.16880095750093457 0.028804156929254535 -0.20172158628702161 0.058017183095216758 0.43039773404598242 -0.01075213076546788 0.17105530947446826 0.18414857238531115 0.43607954680919653 0.34708946943283087 0.42243160307407385 0.29119317233562475 0.35937500000000006 0.43157629668712622 0.096665639430284514 0.082411233335733428 0.33664773404598242 0.31871135532855993 0.57476150989532482 -0.2385708466172218 -0.13517671078443524 0.48477418720722204 -0.36954462528228754 -0.52831456065177906 0.34801135957241064 0.055706547573208816 0.37500000000000006 -0.39191991090774531
decision_type=2 2 2 2 2 2 2 2 2 2 2 2 2 2 2 2 2 2 2 2 2 2 2 2 2 2 2 2 2 2
left_child=2 23 4 7 24 6 -5 -3 9 15 -11 -10 -13 21 -9 16 -7 20 19 -4 -14 -6 -23 -2 25 -1 27 28 -27 -26
right_child=1 3 18 5 13 8 -8 14 11 10 -12 12 17 -15 -16 -17 -18 -19 -20 -21 -22 22 -24 -25 29 26 -28 -29 -30 -31
leaf_value=-0.0019061589451700636 0.010584919728671123 0.0010374871973139216 -0.0051347543534685652 0.0055430443258765406 0.0077198530075283179 -0.005905750241743917 0.032134049945317635 -0.0044617492345302365 0.0056940613966306522 -0.0044067320391517209 -0.023803679132491276 -0.0046556242744954894 0.0082692536119094179 0.014040462391774495 -0.014535940998855513 0.0062119204037381611 0.0021221928504861053 0.016535737869935445 -0.015579578945771262 -0.014074674639535727 -0.0019937061113834203 -0.0066590755454780824 0.0087216058137387503 0.00067754704019463432 0.0073878185459773406 -0.005754523510802253 -0.026562806924073586 0.003938064075615603 -0.023205901617114767 -0.0028762044261420837
leaf_weight=3175.1999916317873 4191.8373906323686 4473.9732386649121 6364.6599809002364 5932.5456305196276 977.96321830851957 2299.1227763028583 198.92402852722444 5242.3835868861061 6431.1062620531302 2767.2845545907039 224.20912526245229 2294.0655997686554 896.32947903778404 728.9935255155433 818.21828378911596 1657.6705536069348 3334.7757292677416 353.39279555948451 1028.4133480950259 1286.1542157368967 1430.5857238898752 872.54958982556127 284.84862178342883 676.16086921538226 936.01044339244254 1243.2366155901691 261.29691996495239 484.53003529412672 402.24394308740739 3327.6071895698551
leaf_count=5150 6838 6874 10322 9140 1686 3641 410 8331 10323 4405 430 3549 1383 1193 1409 2395 5256 630 1727 2212 2217 1417 438 1015 1579 2060 511 812 771 5310
internal_value=-0.000124027 0.00179227 -0.0039953 0.000836822 -0.00133426 0.0022852 0.00666155 -0.00297893 0.00103469 -0.00145332 -0.00623301 0.00327613 0.000121274 0.00537669 -0.00593207 0.000533692 -0.00117323 0.00422679 -0.00785575 -0.00672141 0.00204217 0.00215954 -0.00264798 0.00923152 -0.00330898 -0.0053886 -0.00987257 -0.0072571 -0.0105862 -0.000559012
internal_weight=64596.3 43222.6 21373.7 38354.6 12694.5 27820 6131.47 10534.6 21688.5 10283.1 2991.49 11405.5 4974.37 2864.35 6060.6 7291.57 5633.9 2680.31 8679.23 7650.81 2326.92 2135.36 1157.4 4868 9830.13 5566.51 2391.31 2130.01 1645.48 4263.62
internal_count=103434 68246 35188 60393 20927 43779 9550 16614 34229 16127 4835 18102 7779 4734 9740 11292 8897 4230 14261 12534 3600 3541 1855 7853 16193 9304 4154 3643 2831 6889
is_linear=0
shrinkage=0.0398117


Tree=17
num_leaves=31
num_cat=0
split_feature=18 21 21 18 18 21 18 2 2 21 2 21 1 18 21 14 8 21 21 18 1 18 19 3 1 14 16 18 21 18
split_gain=285.92 168.828 136.902 129.497 105.866 84.6619 91.939 74.6717 63.0793 48.5542 47.4479 47.0969 41.9186 40.9834 43.1468 40.7785 39.2226 49.9362 38.7504 67.2894 49.147 39.0328 41.8963 40.2746 38.1036 36.047 35.8234 35.3207 45.8009 52.4702
threshold=-0.067185379564762102 -0.043670143932104104 -0.11504682525992392 0.031402070075273521 -0.18711137771606443 0.10952898114919664 0.12257515639066698 0.47869317233562475 0.46164773404598242 0.1724154204130173 0.40767045319080358 -0.2669259756803512 -0.33096592128276819 0.57462233304977428 0.63261574506759655 -0.058011801913380616 -0.053985377773642533 0.083113092929124846 -0.29500731825828547 -0.57647010684013356 -0.1576704531908035 -0.36954462528228754 0.24997129291296008 0.47156198322772985 -0.24005681276321408 0.092812940478324904 0.34260569512844091 0.19685667008161548 0.38361217081546789 0.32584059238433843
decision_type=2 2 2 2 2 2 2 2 2 2 2 2 2 2 2 2 2 2 2 2 2 2 2 2 2 2 2 2 2 2
left_child=2 8 4 -3 18 7 10 -5 -2 24 15 -6 -4 14 27 -7 17 -14 19 -1 -20 22 23 -22 -8 -26 -15 -11 -29 -30
right_child=1 3 12 5 11 6 9 -9 -10 13 -12 -13 16 26 -16 -17 -18 -19 20 -21 21 -23 -24 -25 25 -27 -28 28 29 -31
leaf_value=-0.006688586451974528 0.0070737337793700828 -0.003637675873149396 -0.016254629275644153 0.0046767931800578916 0.012900521309451187 -1.7606975075013598e-05 0.01706324771610725 0.028679772373576648 0.031251446306449153 -0.002412993558020585 -0.017369112061260971 0.0018632667756650508 -0.0086838104089284763 0.013032170768093218 -0.01294350116324903 -0.010042491579045125 -0.004420844222685771 -0.028193802544155839 -0.013342205846347932 0.0012280931099367292 -0.022629283229034958 -0.0011698625875564918 0.0079002107979232843 0.0023320984187134809 0.0061849769701700892 -0.0097518262307242469 -0.00055869272743243813 0.0049248149975915827 -0.010669608235309946 0.0016376956429837561
leaf_weight=2669.0169341171859 6321.1396769070998 7947.5697163905716 825.88573499175254 8852.7164604527643 684.43951185571495 1869.8479097570525 429.85752898140345 162.08895084809046 130.59242420748342 4009.7009870380862 412.34943530801684 3877.8101699164836 2341.2817810605047 715.62827906711027 339.85357161203865 932.49540520110168 4391.8180402696598 195.83688725531101 1171.5018334527267 4504.8763101428049 375.11982475966215 2254.3297490496188 101.19965579325799 120.17948411137331 1879.6959779345198 207.54974238038994 500.83082392660435 4056.740683236625 705.27483492949978 1961.5869083051803
leaf_count=4507 10109 12507 1414 13770 1207 2767 708 356 277 6068 711 6166 3830 1196 542 1555 6961 457 2022 7263 702 3680 216 201 3028 364 766 6378 1134 2977
internal_value=-7.82814e-05 0.00191067 -0.0035807 0.000814027 -0.00143876 0.00212768 0.000546409 0.00526637 0.00780236 0.00187513 -0.00550263 0.00364427 -0.00789422 0.000829733 5.19157e-05 -0.00347783 -0.00678657 -0.0107107 -0.00351872 -0.00174044 -0.00662596 -0.00367878 -0.0123063 -0.0168481 0.00685657 0.00439835 0.00761228 0.000523466 0.00228258 -0.00174507
internal_weight=64948.8 41435.5 23513.3 34983.8 15758.5 27036.2 18021.4 9014.81 6451.73 14806.7 3214.69 4562.25 7754.82 12289.6 11073.2 2802.34 6928.94 2537.12 11196.2 7173.89 4022.33 2850.83 596.499 495.299 2517.1 2087.25 1216.46 10733.3 6723.6 2666.86
internal_count=103839 65213 38626 54827 25964 42320 28194 14126 10386 23161 5033 7373 12662 19061 17099 4322 11248 4287 18591 11770 6821 4799 1119 903 4100 3392 1962 16557 10489 4111
is_linear=0
shrinkage=0.0398117


Tree=18
num_leaves=31
num_cat=0
split_feature=18 21 21 18 21 18 21 18 21 18 21 4 0 0 16 1 21 10 4 0 18 9 18 17 11 4 11 12 12 21
split_gain=284.104 154.662 141.558 122.754 113.816 79.956 86.536 79.5108 72.3685 92.2562 67.4416 62.51 60.5884 49.8271 48.9071 48.2528 46.0445 51.5493 43.6377 65.5867 40.6782 38.8828 38.5083 39.4581 35.2756 46.9426 33.4367 32.4515 31.8831 31.0983
threshold=1.0000000180025095e-35 0.030313904397189621 -0.01075213076546788 -0.13517671078443524 -0.18414206057786939 0.13985770940780642 0.18414857238531115 -0.3290975540876388 0.28813365101814276 0.27269172668457037 -0.059578342363238328 0.4457684606313706 0.20028409361839297 0.40767045319080358 -0.07306161522865294 -0.42187499999999994 -0.4301373809576034 0.086611285805702223 -0.23193810880184171 0.45028407871723181 -0.57647010684013356 -0.26939235627651209 0.059295460581779487 0.052243635058403022 0.26605199277400976 -0.31447555124759669 -0.12351619824767111 -0.1634019464254379 0.20106918364763263 -0.32622727751731867
decision_type=2 2 2 2 2 2 2 2 2 2 2 2 2 2 2 2 2 2 2 2 2 2 2 2 2 2 2 2 2 2
left_child=2 12 3 4 7 6 14 16 -7 18 11 -5 -2 -8 -3 -4 20 26 -10 -20 -1 -17 23 -16 25 -11 -18 -24 -22 -9
right_child=1 5 15 10 -6 8 13 29 9 24 -12 -13 -14 -15 22 21 17 -19 19 -21 28 -23 27 -25 -26 -27 -28 -29 -30 -31
leaf_value=-0.005326970371407517 0.0060592138010269869 -0.0057228397892514511 -0.024871659802414348 0.0032780985016612348 -0.0084367995713539555 0.0055567310069011121 -0.0066768589788065279 0.0069932843836867566 -0.013901667840987498 0.014445587086276402 -0.0022886198493259216 0.017104635876249625 0.01642918557245444 -0.027551939227766217 -0.0085909148915510429 -0.018139923504986773 -0.030510785763054389 -0.0054068610617676082 0.0013609734949724169 -0.022478897292464228 -0.0041835138163493386 -0.0062701036055895984 0.0098563081069971258 0.0017230631679355619 -0.00022477978997132486 0.002489847407898013 -0.0074690976071722318 0.001898408204201838 0.0066966528444022729 0.00030250965558081149
leaf_weight=2481.1137733610813 6393.949984778068 1738.435306748841 222.46824639104307 5711.7293102951953 5097.3294484509388 7866.3353142620763 1754.1771222163225 1473.3120143290143 794.95479776896536 740.46837500389665 3507.7131264468189 526.30886192817707 1025.3957206746563 162.90204365202226 927.3192259860225 450.5203679271508 221.4017824473558 1350.7960749681806 1181.5499517836142 164.09399455809034 646.71446443616878 5293.1906570008723 1029.6667759866687 1434.1895090965554 2561.9952211802593 1615.6847736701602 228.21330142370425 3453.3846211357741 1061.8755530968774 4008.7349589996738
leaf_count=4142 10036 2868 446 8778 8306 12616 2764 2488 1274 1200 5363 961 1773 309 1470 871 500 2291 1761 338 1007 8532 1557 2218 3877 2499 416 5175 1704 6475
internal_value=-4.75685e-05 0.00255703 -0.00269807 -0.00143474 -0.00351654 0.00107437 -0.0015817 -0.00130181 0.00294332 9.93418e-06 0.00210254 0.00457404 0.00759446 -0.00911256 0.000140833 -0.0082093 -0.00445627 -0.00969741 -0.00679288 -0.00223744 -0.00211262 -0.00735253 0.00166394 -0.00241127 0.00301307 0.00647513 -0.0207344 0.00381839 0.00256254 0.00215063
internal_weight=65125.9 32844.5 32281.4 26315.2 16569.5 25425.2 10500.1 11472.2 14925.1 7058.75 9745.75 6238.04 7419.35 1917.08 8583 5966.18 5990.11 1800.41 2140.6 1345.64 4189.7 5743.71 6844.56 2361.51 4918.15 2356.15 449.615 4483.05 1708.59 5482.05
internal_count=104015 51735 52280 42431 27329 39926 16361 19023 23565 10949 15102 9739 11809 3073 13288 9849 10060 3207 3373 2099 6853 9403 10420 3688 7576 3699 916 6732 2711 8963
is_linear=0
shrinkage=0.0398117


Tree=19
num_leaves=31
num_cat=0
split_feature=18 21 21 18 21 18 21 18 18 1 0 21 21 18 12 11 21 18 14 11 16 14 21 0 8 11 0 19 1 11
split_gain=239.334 152.13 121.823 106.863 108.939 105.283 88.7375 56.8928 56.3693 51.4175 45.8018 40.3263 37.9734 42.3057 37.1133 43.7206 34.8272 54.0774 43.6684 33.7053 34.6151 32.5412 32.4603 31.5343 31.5258 31.3541 31.3486 30.9898 36.4828 59.7743
threshold=-0.096240367740392671 -0.080499205738306032 -0.16880095750093457 0.081946276128292098 0.16850437223911288 -0.29062251746654505 0.040417451411485679 0.010823292657732965 0.20948536694049838 -0.43892045319080347 -0.035511363297700875 0.22422055155038836 -0.2669259756803512 -0.13916920125484464 0.29885648190975195 -0.25086447596549982 0.35819034278392797 0.42243160307407385 0.078696340322494521 -0.27546288073062891 -0.019920930266380307 0.33580423891544348 0.44587936997413641 -0.029829545877873894 0.097684215754270567 0.33123157918453222 0.48153407871723181 -0.20291815698146817 0.44744317233562475 0.031309140846133239
decision_type=2 2 2 2 2 2 2 2 2 2 2 2 2 2 2 2 2 2 2 2 2 2 2 2 2 2 2 2 2 2
left_child=2 23 5 6 26 -1 7 21 9 11 -9 -6 -7 -14 15 -4 -10 22 -19 -8 -21 -3 -18 -2 27 -11 -5 28 29 -17
right_child=1 3 14 4 8 12 19 10 16 25 -12 -13 13 -15 -16 24 17 18 -20 20 -22 -23 -24 -25 -26 -27 -28 -29 -30 -31
leaf_value=-0.0041085721943157644 0.0057256928702542577 -0.00075757588221796038 0.0015089502524913043 0.0055269097747623081 -0.0032035491415179562 0.0073952219613606061 0.01090105783540783 0.00032110780695171324 0.0056361691901085764 -7.8887210050365372e-05 0.0091913802351032744 -0.025556204137957783 -0.0017300916087664496 0.0090617361727809518 -0.016371479194851591 -0.040111509928133858 -0.0011748354905978778 0.0017837066548502391 0.016151690297751591 -0.010396156289129261 -0.003827439043010718 -0.011457224370584699 -0.011966267049131422 0.012596276262941374 -0.0032558475638779887 -0.0083034442988285124 0.022672424705570567 -0.0080912427145659899 -0.0010013990829499488 -0.00063709272155642249
leaf_weight=7387.0345677073346 3296.1710338781122 5544.2784249079414 969.63654285331722 8952.6071475219214 279.25639655569103 2037.0345719977049 153.48992784158327 1911.7688406361267 3115.7127608802402 4134.4214155022055 1746.9079866689863 217.31104880059138 2683.2869529178133 678.5085901072016 610.33845916541759 146.37312430725433 1404.898522643256 2344.756436902564 344.81806550384499 1762.3773896914208 4715.4501675640931 441.16942540509626 605.3242819418665 1664.9500519986032 2148.6061796069844 844.19860241829883 127.96720471174922 4648.7755447186064 118.37946724484209 90.449016872327775
leaf_count=12272 5198 8582 1578 14127 439 3420 244 2884 4993 6326 2833 441 4306 1066 1061 373 2077 3585 622 2923 7331 664 956 2737 3316 1328 283 7640 167 169
internal_value=-8.53381e-05 0.00160943 -0.00351654 0.000761675 0.00254523 -0.0010309 -0.00168896 0.000748366 0.000242842 -0.00283831 0.00462714 -0.0144349 0.00317575 0.000543582 -0.00712756 -0.00633532 0.00240804 0.000227565 0.00389295 -0.00521608 -0.00568298 -0.00163765 -0.00464291 0.0081363 -0.00740509 -0.00154621 0.00589342 -0.00913395 -0.0200635 -0.0277616
internal_weight=65126.3 43607.8 21518.4 38646.7 22371.3 12785.9 16275.4 9644.12 13290.7 5475.19 3658.68 496.567 5398.83 3361.8 8732.56 8122.22 7815.51 4699.8 2689.57 6631.32 6477.83 5985.45 2010.22 4961.12 7152.58 4978.62 9080.57 5003.98 355.202 236.822
internal_count=103941 68573 35368 60638 35177 21064 25461 14963 20767 8534 5717 880 8792 5372 14304 13243 12233 7240 4207 10498 10254 9246 3033 7935 11665 7654 14410 8349 709 542
is_linear=0
shrinkage=0.0398117


Tree=20
num_leaves=31
num_cat=0
split_feature=3 12 14 10 11 11 15 0 16 10 15 17 12 19 10 10 19 4 17 19 19 10 15 17 16 4 3 21 13 19
split_gain=22.6152 33.9539 28.4983 29.1158 25.1642 36.9233 33.867 32.0783 54.9384 26.5264 26.6932 32.9511 25.4469 24.5603 47.9208 31.4243 28.2813 44.2188 39.6146 27.4286 31.2568 25.8671 25.6666 25.5957 25.0155 22.678 22.6392 32.9057 21.4593 26.8701
threshold=-0.50170147418975819 0.16277873516082766 0.97774556279182445 -0.12760225683450696 0.32479527592659002 -0.072631645947694765 0.51306450366973888 0.47301135957241064 -0.04335354641079902 0.25840707123279577 0.6689247488975526 0.39781390130519872 0.12933676689863208 0.0069352795835584411 0.23094420135021212 -0.069567926228046403 -0.15445105731487271 -0.20984914898872373 0.5797497332096101 -1.0000000180025095e-35 -0.034933861345052712 0.54320544004440319 -0.049915514886379235 -0.23434128612279889 -0.41968518495559687 0.19422595947980884 0.085171408951282515 -0.063225399702787385 -0.055626837536692612 -0.21746502071619031
decision_type=2 2 2 2 2 2 2 2 2 2 2 2 2 2 2 2 2 2 2 2 2 2 2 2 2 2 2 2 2 2
left_child=1 -1 3 -3 5 7 -7 13 -9 10 12 -12 -6 15 -15 16 17 18 26 20 22 -16 -17 -18 -21 -8 27 -2 29 -19
right_child=4 2 -4 -5 9 6 25 8 -10 -11 11 -13 -14 14 21 19 23 28 -20 24 -22 -23 -24 -25 -26 -27 -28 -29 -30 -31
leaf_value=-0.00032044005228969548 0.011548343948039629 -0.0066755671610545103 -0.0067169769025608962 0.01284075196205379 -0.0072889920337125295 0.00055569280598656112 0.010640473313268091 0.010808299549801966 -0.013209392986798144 0.0011325274322600894 -0.013814061037267393 -0.00091210649902728075 0.00079914188517249581 0.0030096960135678652 -0.0049596903752041092 -0.00044828450270451296 0.011864773445774334 -0.013133095927201351 0.018542410219949682 0.0014557062149802328 0.0057032655379080869 0.00026509975927711029 -0.0071591793097201392 -0.010004307757400214 -0.013834951826853297 -0.00040921721224309031 -0.0080048045833432252 -0.0074767345466773289 -0.021492972937808712 -7.6771476846499773e-05
leaf_weight=1692.6899660816416 332.88114903657697 104.1093328128336 136.9210318105761 927.48323459026869 921.49109272973146 32270.333463203628 849.13679427839816 694.93948161951266 142.64935255260207 1834.0315681605134 821.21786525985226 505.73932058434002 1651.1211757187266 4389.4950971932849 3067.3990230059717 5153.7704168594209 45.384942322620191 362.97909895144403 170.34832553938031 240.79434723127633 1028.0736367822392 2873.8523890620563 1048.5659603548702 1822.736198413535 440.10861223505344 425.82865128957201 320.50165168091189 185.65373015706427 110.73494643357117 638.25948585628066
leaf_count=2606 586 177 223 1440 1492 50937 1351 1281 256 2867 1408 821 2577 7527 5121 7742 89 554 309 336 1552 4624 1578 3136 678 717 488 308 196 973
internal_value=-0.000124729 0.00330431 0.00837244 0.0106229 -0.000284934 -2.90336e-05 0.000813302 -0.00125386 0.00616924 -0.00278623 -0.00462619 -0.0091166 -0.00217426 -0.00154772 -0.000123575 -0.00277672 -0.00563752 -0.00239286 0.00354079 -0.00130554 -0.000555936 -0.00244747 -0.00163398 -0.00915597 -0.00865451 0.00705209 -0.000349964 0.00463019 -0.00771637 -0.00522764
internal_weight=65209.2 2861.2 1168.51 1031.59 62348 56614.4 33545.3 23069.1 837.589 5733.6 3899.57 1326.96 2572.61 22231.5 10330.7 11900.8 3989.48 2121.36 1009.38 7911.31 7230.41 5941.25 6202.34 1868.12 680.903 1274.97 839.037 518.535 1111.97 1001.24
internal_count=103950 4446 1840 1617 99504 90339 53005 37334 1537 9165 6298 2229 4069 35797 17272 18525 6639 3414 1691 11886 10872 9745 9320 3225 1014 2068 1382 894 1723 1527
is_linear=0
shrinkage=0.0398117


Tree=21
num_leaves=31
num_cat=0
split_feature=18 21 21 18 21 18 21 18 0 4 18 21 0 21 0 21 18 21 18 17 21 5 9 3 0 0 12 15 21 0
split_gain=219.247 136.488 118.778 111.073 88.6268 83.3794 57.9521 75.6706 56.3351 54.8558 53.6765 48.1981 52.2736 47.2697 57.6146 45.2321 44.5702 42.2324 46.9061 41.7758 39.2172 37.6455 41.8802 39.5515 36.9706 35.7482 63.5669 35.9239 35.709 35.2157
threshold=-0.058091631159186356 -0.036173962056636803 -0.096071708947420106 0.055483173578977592 0.085720460861921324 -0.13294097036123273 -0.18414206057786939 -0.36954462528228754 0.46448864042758947 0.45299275219440466 0.17105530947446826 -0.51055508852004994 0.34801135957241064 0.053773691877722747 0.46448864042758947 0.18110773712396624 -0.68872055411338795 0.28192485868930822 0.27762436866760259 -0.045016538351774209 -0.4301373809576034 0.37500000000000006 0.0039888673927634963 0.38928070664405828 0.48153407871723181 0.058238636702299125 0.021926815621554855 0.63211214542388927 -0.69698184728622425 0.43892045319080358
decision_type=2 2 2 2 2 2 2 2 2 2 2 2 2 2 2 2 2 2 2 2 2 2 2 2 2 2 2 2 2 2
left_child=2 8 5 13 24 6 7 11 -2 -7 15 16 21 -3 -15 -6 -1 25 -19 -8 -9 -13 23 -23 -5 26 -12 -28 -18 -17
right_child=1 3 -4 4 10 9 19 20 -10 -11 17 12 -14 14 -16 29 28 18 -20 -21 -22 22 -24 -25 -26 -27 27 -29 -30 -31
leaf_value=-0.0065220266414114337 0.0062611221221520177 -0.00059101370093692942 -0.0071922263193758169 0.0062842598153866188 0.00089167908120123317 0.0038738655467907405 -0.00062967231307302796 0.010904003537769132 0.028340238738709462 0.02545116159160566 0.006801271141773875 -0.0030739813597513944 -0.025599566189235291 -0.0051487760855107399 -0.030215886076209519 -0.0038419230509067872 0.011029996298229237 -0.0046882233491051277 0.0027372688928573095 -0.010062918612086072 0.00098753815721070435 -0.032825449334185165 0.00064630114332260569 -0.0020414860708297508 0.03073492989344468 0.0097970276480710862 -0.0093949306365139693 0.011372225228810288 -0.00067585700635939769 -0.01858280380790622
leaf_weight=1413.9322819178924 6593.8786919016857 6146.2558354622452 7358.4721139981411 5071.2840679592919 4697.3420334560797 2070.3273709309287 1140.5518076114822 668.23414391244296 143.01324183621909 158.72716848528944 1783.4192097357009 1491.0024189676624 215.70669091877062 3723.3149884035811 103.60493307199795 2870.6055032899603 521.23135139979422 1814.3671344345203 4814.8554407563061 2149.6105185532942 5409.7588539123535 185.86007850954775 157.26336812868249 101.98783681786153 52.532686267164536 1881.7249837524723 737.46183886588551 112.64016515575349 1456.8382581995102 239.32360619981773
leaf_count=2395 10496 9453 11929 7862 7261 3164 1870 1187 284 314 2861 2454 430 5911 242 4519 821 2769 7421 3523 8751 401 261 184 161 2970 1248 218 2290 431
internal_value=-5.2447e-06 0.00178191 -0.0029788 0.000752585 0.00221551 -0.00115341 -0.00223169 -0.00089752 0.00693771 0.00594219 0.000950982 -0.00424322 -0.0088338 -0.00277043 -0.00621381 -0.00157281 -0.00124058 0.00271992 0.000682207 -0.00685504 0.00216066 -0.00636165 -0.0159156 -0.0238296 0.00683488 0.00566766 0.00258411 -0.00612744 0.00259309 -0.00525757
internal_weight=65285.1 40785.6 24499.5 34048.7 24075.6 17141 14912 11621.8 6736.89 2229.05 18951.7 5543.82 2151.82 9973.18 3826.92 7807.27 3392 11144.5 6629.22 3290.16 6077.99 1936.11 445.111 287.848 5123.82 4515.25 2633.52 850.102 1978.07 3109.93
internal_count=104081 64107 39974 53327 37721 28045 24567 19174 10780 3478 29698 9236 3730 15606 6153 12211 5506 17487 10190 5393 9938 3300 846 585 8023 7297 4327 1466 3111 4950
is_linear=0
shrinkage=0.0398117


Tree=22
num_leaves=31
num_cat=0
split_feature=18 21 18 21 21 1 18 18 21 0 0 21 18 5 17 11 21 0 0 3 3 12 9 18 11 21 18 11 18 15
split_gain=210.722 124.838 119.463 115.13 66.8741 75.7832 75.0321 65.1109 52.0082 49.4063 48.3009 47.1176 48.4057 44.2435 43.8216 43.5884 42.766 48.6883 42.4682 43.6996 41.1441 43.2897 38.9128 38.3204 35.3514 34.1627 47.09 33.7392 32.8643 32.3162
threshold=-0.0995199680328369 -0.047568157315254204 0.031402070075273521 -0.10396550968289374 0.10657939687371255 -0.48437499999999994 0.12257515639066698 -0.32173828780651087 -0.191458985209465 -0.026988636702299115 0.40767045319080358 -0.51055508852004994 -0.68872055411338795 0.37500000000000006 -0.045196317136287682 0.23185022920370105 0.083113092929124846 0.27414773404598242 -0.066761363297700868 -0.48477418720722193 0.39443531632423406 0.061869639903306968 0.095992520451545729 -0.99757909774780262 -1.0951772332191465 -0.69698184728622425 -0.43540009856224055 0.14865697175264361 0.12257515639066698 0.0061520736198872336
decision_type=2 2 2 2 2 2 2 2 2 2 2 2 2 2 2 2 2 2 2 2 2 2 2 2 2 2 2 2 2 2
left_child=3 9 16 7 5 -4 10 11 -9 28 -6 12 24 -13 -10 -8 -3 -18 23 -20 22 -22 -15 27 -1 -14 -27 -5 -2 -21
right_child=1 2 4 18 6 -7 15 8 14 -11 -12 13 25 20 -16 -17 17 -19 19 29 21 -23 -24 -25 -26 26 -28 -29 -30 -31
leaf_value=0.0041276549323496269 0.0020669733047814381 -0.0020242330661645012 0.031209887864908855 0.033795549101919613 -0.0029202308873613747 0.0041081115419124396 0.0035787485693126982 0.0031438395182551582 0.0031332800410785889 0.010047509672022531 -0.016681198016690046 -0.0056882468510307416 0.011128528129330352 -0.032410482631946846 -0.0059324879151975204 -0.00073101516228719834 -0.0057268585459762178 -0.023362740064046515 -0.00080402223765032135 -0.0095381256846217566 0.0097245579761611623 -0.023468156428758019 -0.0029176954121742974 -0.0061028978911291023 -0.010191106064850282 -0.0045722150120099088 0.010661025919035363 -0.0078700790012052064 0.011726436720088176 -0.021646985115136307
leaf_weight=326.7590183125576 4027.2481553347316 7283.3375061197439 117.1740376574453 24.519753420492634 2937.4709103525383 8792.4702236837475 8256.7075509727001 5248.4996086480096 1217.8027096766746 2992.4855315349996 426.30578278342728 2763.6165995410411 503.93000527692493 249.88352727913298 2515.5502397405216 6696.49328997056 1587.0916861662408 259.80972538341302 395.22781200730242 878.10758194362279 135.78332379250787 41.608656581025571 107.08145912946202 3345.8814276156481 1076.6398334724363 1121.7823075010674 392.34737100440543 23.090108855627477 606.39018815837335 762.67002647044137
leaf_count=680 6316 11398 275 87 4517 13641 12892 8559 1936 4843 722 4598 806 519 4026 10503 2515 524 544 1491 193 115 169 5342 1699 1769 636 45 1018 1371
internal_value=-9.55256e-05 0.00147378 0.000498511 -0.00335868 0.00182042 0.00463929 0.000439402 -0.00161769 0.000599255 0.00608738 -0.0048873 -0.00456655 -0.00125518 -0.00792727 -0.00296657 0.00165126 -0.00342976 -0.00876488 -0.00832977 -0.0128568 -0.0180066 -0.00152179 -0.025002 -0.00546298 -0.00681037 0.00267027 -0.00039557 0.0192009 0.00344705 -0.0156454
internal_weight=65113.8 43983 36356.9 21130.8 27226.6 8909.64 18317 15701.3 8981.85 7626.12 3363.78 6719.43 3421.46 3297.97 3733.35 14953.2 9130.24 1846.9 5429.5 2036.01 534.357 177.392 356.965 3393.49 1403.4 2018.06 1514.13 47.6099 4633.64 1640.78
internal_count=103749 69164 56987 34585 42550 13916 28634 25705 14521 12177 5239 11184 5590 5594 5962 23395 14437 3039 8880 3406 996 308 688 5474 2379 3211 2405 132 7334 2862
is_linear=0
shrinkage=0.0398117


Tree=23
num_leaves=31
num_cat=0
split_feature=18 21 21 18 18 21 21 21 21 18 18 0 0 3 4 0 4 9 21 18 13 0 12 18 21 12 19 4 18 18
split_gain=188.969 123.178 119.526 88.2269 70.3374 66.1824 57.8624 55.5886 52.9071 65.1517 51.8626 44.0932 42.5641 40.3671 50.2399 40.0083 54.1889 39.6777 37.8518 43.1653 37.4238 37.1013 35.8786 35.1377 34.9194 36.5135 34.317 33.7966 32.4787 32.3473
threshold=0.010823292657732965 0.038461927324533469 -0.0042239350732415906 -0.18711137771606443 0.13985770940780642 -0.2385708466172218 0.1874077841639519 -0.32622727751731867 0.28813365101814276 0.27762436866760259 -0.57647010684013356 0.43323864042758947 0.19460227340459826 0.47986222803592687 -0.30144415795803065 0.47585226595401769 -0.22463172674179074 0.26700791716575628 0.61126464605331432 0.60444065928459179 -0.14558554440736768 0.41051135957241064 0.070154376327991499 -0.13517671078443524 -0.055729217827320092 0.089525442570447936 -0.14722679555416104 0.27995325624942785 0.57462233304977428 0.096665639430284514
decision_type=2 2 2 2 2 2 2 2 2 2 2 2 2 2 2 2 2 2 2 2 2 2 2 2 2 2 2 2 2 2
left_child=2 12 3 7 6 -5 20 10 -6 15 -1 -4 -2 14 -9 16 -10 -16 28 22 27 -8 -20 -7 -25 26 -26 -3 -11 -29
right_child=1 4 11 5 8 23 21 13 9 18 -12 -13 -14 -15 17 -17 -18 -19 19 -21 -22 -23 -24 24 25 -27 -28 29 -30 -31
leaf_value=-0.005222836751167137 0.005061936924807703 -0.00911848770995345 -0.00663664212088972 0.0080103270523812237 0.00464954454778855 -0.0035453579715628413 -0.0061102268012329913 -0.0021550199074156264 -0.01222282769133266 0.0030574625406503586 0.0019747147997416703 -0.024838630695251687 0.013107597364616643 0.0020021437069019524 -0.011988372899729857 -0.026346278372797589 0.00081206845024764471 0.00047029492327709319 0.0062150457397444478 0.0032204340596976707 0.00095449317127234369 -0.025178912122284677 -0.015784093193892131 0.0031593279665394379 -0.0058363257836514517 -0.012544677328944303 0.0025624155138020796 -0.0037575978203489798 0.014501089961405868 0.016111703168937477
leaf_weight=2622.883943140856 6518.8630399068352 1199.7782936835429 5553.8535335698398 1815.8067697089864 7853.8608997523552 3265.8919771471992 1681.3109397988301 1867.4635687512346 775.30771056911908 3118.0347398414742 3853.6360878058476 177.99943222675938 1238.0600866243476 790.95494175504427 2972.1121098928852 91.639647340402007 1280.0446904696291 458.81183243787382 120.42921757360455 703.22585678845644 6423.5077559867641 139.33643929741811 452.84514066181146 5710.2546262168325 1126.6805472054984 390.03826016536914 2182.5673861746909 349.13941991492175 409.89298018231057 142.94740132067818
leaf_count=4402 10314 1918 9067 3009 12519 5208 2680 3138 1235 4748 6201 363 2076 1221 5075 208 1929 685 180 1143 9753 262 701 8692 1713 645 3291 582 665 261
internal_value=-8.64136e-05 0.00206308 -0.00221735 -0.00110411 0.000685086 0.00101088 -0.0018992 -0.00353909 0.0024213 -0.00010823 -0.000954964 -0.00741441 0.00642353 -0.00625471 -0.0074993 -0.00579804 -0.00426833 -0.0103313 0.00246354 -0.00330915 -0.000439359 -0.00821135 -0.0109758 -1.76562e-05 0.00121685 -0.00177797 -0.000335737 -0.00561779 0.00457583 0.00292096
internal_weight=65287.2 32498.2 32789 27057.1 24741.3 14491.2 9936.02 12565.9 14805.3 6951.42 6476.52 5731.85 7756.92 6089.34 5298.39 2146.99 2055.35 3430.92 4804.43 1276.5 8115.37 1820.65 573.274 12675.4 9409.54 3699.29 3309.25 1691.87 3527.93 492.087
internal_count=103884 51174 52710 43280 38784 22558 15456 20722 23328 10809 10603 9430 12390 10119 8898 3372 3164 5760 7437 2024 12514 2942 881 19549 14341 5649 5004 2761 5413 843
is_linear=0
shrinkage=0.0398117


Tree=24
num_leaves=31
num_cat=0
split_feature=18 21 21 18 21 18 0 18 21 0 21 3 18 0 16 17 21 18 21 21 0 18 3 3 20 21 0 12 21 18
split_gain=189.191 98.6028 96.98 82.8639 79.8838 79.8267 69.2097 64.7242 47.0529 46.1464 43.6389 53.6266 42.6475 42.4953 34.9373 38.7226 40.495 33.6975 44.5547 35.5253 33.0753 32.8099 32.5863 45.2485 48.8723 32.1009 32.0449 31.7805 31.5442 50.7608
threshold=-0.021325975656509396 0.053773691877722747 -0.030147684738039967 -0.14464228600263593 -0.18414206057786939 0.12257515639066698 0.48437500000000006 -0.32173828780651087 0.1724154204130173 0.41903407871723181 -0.15350548923015592 0.49308374524116522 0.096665639430284514 0.24005681276321414 -0.033525530248880379 0.052243635058403022 0.13428267836570743 0.60444065928459179 0.65608206391334545 0.70056700706481945 0.48153407871723181 -0.067185379564762102 0.23870303481817248 0.49308374524116522 0.0093396361917257326 -0.32622727751731867 -0.03267045505344867 0.083882216364145293 -0.54591426253318776 -0.68872055411338795
decision_type=2 2 2 2 2 2 2 2 2 2 2 2 2 2 2 2 2 2 2 2 2 2 2 2 2 2 2 2 2 2
left_child=2 6 3 4 7 9 12 28 13 14 11 -5 26 -7 -3 -16 -17 18 -10 -19 -6 -12 -4 24 -24 -9 -2 -20 29 -1
right_child=1 5 22 10 20 8 -8 25 17 -11 21 -13 -14 -15 15 16 -18 19 27 -21 -22 -23 23 -25 -26 -27 -28 -29 -30 -31
leaf_value=-0.0063368756057493722 0.00083205331977021597 -0.0069345202596535075 -0.0091985789303352938 0.00869489839274502 -0.0067776326018906836 0.0039200090811708941 0.028877401341483786 0.0076507956006857053 0.0004373301013536299 -0.01210727392342415 -0.0020178481445891185 -0.01870955370508821 0.0086559231772752945 0.015507807458179245 -0.0046386551161530076 0.0071992483909017876 -0.0019557048417311851 0.014596543989299344 0.0041650359331499923 9.0269236035350234e-06 -0.028299616775445839 0.0038603159005070977 0.0054593289507635107 -0.01345366080596213 -0.0058264385149939656 0.00038870087080162212 0.0057673873298484607 -0.027488101342420572 -0.0064523946952666335 0.0038476004126186476
leaf_weight=1372.9655162687413 4643.5904210361186 1575.5177318558563 3558.4435626222985 1874.7623184052063 4188.0345244230703 3746.2089090645313 139.66636662103701 1271.6925535741029 11229.040222556912 741.81294410512783 3565.5201126883039 72.155804012552835 2928.9243631842546 544.36003236589022 1847.5932554857573 1472.6345883278409 1500.2504108446883 495.7465780430939 53.600757330423221 511.89540868159384 71.70072557264939 2526.4950497153914 1017.7300377226202 524.76434636535123 1361.3790098894387 3612.0689366451697 3779.3685103061143 104.8695913804695 3230.5035437085899 1653.5135509605752
leaf_count=2323 7102 2580 5865 3034 6780 5985 324 2152 17240 1298 5468 143 4779 945 2839 2239 2271 812 72 828 158 3774 1597 899 2176 5775 5922 223 5452 2626
internal_value=-2.64259e-05 0.00194511 -0.00235491 -0.00115723 -0.0028648 0.000480059 0.00496561 -0.0010773 0.00198688 -0.003029 0.00210906 0.00721699 0.00454422 0.00555532 -0.0018878 -0.000180037 0.0026156 0.000732883 9.94714e-05 0.00752845 -0.00746903 0.000428445 -0.00665417 -0.00342884 -0.000977794 0.00234141 0.00306974 -0.0180887 -0.00374621 -0.000794472
internal_weight=65216.8 35315.1 29901.7 23439.4 15400.5 23823.5 11491.5 11140.7 16685.7 7137.81 8038.93 1946.92 11351.9 4290.57 6396 4820.48 2972.88 12395.2 11387.5 1007.64 4259.74 6092.02 6462.32 2903.87 2379.11 4883.76 8422.96 158.47 6256.98 3026.48
internal_count=103681 55459 48222 37685 25266 37332 18127 18328 26105 11227 12419 3177 17803 6930 9929 7349 4510 19175 17535 1640 6938 9242 10537 4672 3773 7927 13024 295 10401 4949
is_linear=0
shrinkage=0.0398117


Tree=25
num_leaves=31
num_cat=0
split_feature=18 21 18 21 21 18 18 1 10 10 10 1 21 14 21 18 14 11 21 0 18 18 1 3 21 8 18 20 11 20
split_gain=162.661 113.688 94.0937 91.2516 76.7035 66.9822 64.3116 51.8 47.443 45.5931 52.3238 45.2926 43.1795 41.8641 39.5727 62.3989 38.8013 38.4918 36.5471 48.1832 34.7554 34.1612 33.5334 51.6106 38.5509 34.8497 33.1117 32.2271 35.7431 30.417
threshold=-0.067185379564762102 -0.036173962056636803 0.055483173578977592 -0.10091163590550421 0.10952898114919664 -0.18711137771606443 0.13985770940780642 -0.46164773404598231 -0.21656433492898938 0.061032863333821304 0.23642656207084659 -0.48437499999999994 -0.25519281625747675 -0.056525845080614083 0.35819034278392797 0.42243160307407385 0.078696340322494521 0.18241227418184283 0.049217317253351218 0.46164773404598242 -0.0069711019750684491 -0.61250972747802723 0.063920453190803542 -0.48477418720722193 0.011100866366177799 -0.12010980769991873 -0.090686492621898637 -0.54909017682075489 -0.67890766263008107 -0.09936881065368651
decision_type=2 2 2 2 2 2 2 2 2 2 2 2 2 2 2 2 2 2 2 2 2 2 2 2 2 2 2 2 2 2
left_child=3 7 18 5 8 9 13 -2 17 -1 -11 -10 -7 -6 -8 -16 -17 -4 20 -20 -3 27 23 -5 26 -24 29 -12 -29 -25
right_child=1 2 4 22 6 12 14 -9 11 10 21 -13 -14 -15 15 16 -18 -19 19 -21 -22 -23 25 24 -26 -27 -28 28 -30 -31
leaf_value=-0.006348490146461945 0.025227469672106286 -0.003929940684746629 0.023520688255020811 0.00049543876585234927 -0.0011803579495176231 0.010514083797495528 0.0035842301056211814 0.0053931868428206201 0.028998187098413713 0.0031302998976043706 -0.0039684488530609373 0.0040864577671062569 0.0010331574217451235 -0.0098937013634119424 -0.0054924623607285807 0.0012317124686731038 0.014513121700323602 -0.0037475757515321255 -0.0045346691837667638 -0.025775249957288165 0.0020370763296316003 -0.0012056301374621724 -0.0099668349142057969 -0.022659886484023246 -0.02266532207876178 -0.0016947424831279727 -7.3867922774258836e-05 -0.0085720823784669348 -0.033209608544490218 -0.0084924861946613899
leaf_weight=3644.2666769009084 169.46923353604507 2778.8181279175915 327.15315094683319 622.45445140695665 3068.4702734058956 879.80425668845419 8284.6282218516571 7051.6044680167688 68.577864334802143 2998.3364568141988 1049.9434332994279 6021.2094357217429 4302.1528441382106 1184.1822197664296 2386.682972947252 2310.0651374262525 363.30078112927731 85.809865632094443 3995.6492767853197 129.65589024312794 3362.3504790039733 3399.1335646866355 1073.7688097272767 315.52953147992957 437.56562076252885 2988.9379365186905 465.03212227183394 396.6416783167515 101.75547297426965 1112.3777630541008
leaf_count=6298 317 4261 591 847 4504 1487 13130 11118 180 4803 1821 9336 6748 2011 3708 3535 628 150 6294 288 5180 5325 1787 582 799 4777 714 646 215 1843
internal_value=6.64302e-06 0.00150835 0.000550078 -0.00261559 0.00190934 -0.00101233 0.000537495 0.00603132 0.00558659 -0.00269224 -0.000983964 0.0046053 0.00273107 -0.00369697 0.00189714 -0.000868807 0.00327593 0.0179638 -0.00263262 -0.00550766 -0.000669803 -0.00348762 -0.00641176 -0.00963046 -0.0123005 -0.0039803 -0.00937714 -0.00829273 -0.0161881 -0.0122915
internal_weight=65375.3 41587.6 34366.6 23787.7 24100.1 16772 17597.3 7221.07 6502.75 11590.1 7945.81 6089.79 5181.96 4252.65 13344.7 5060.05 2673.37 412.963 10266.5 4125.31 6141.17 4947.47 7015.67 2952.96 2330.51 4062.71 1892.94 1548.34 498.397 1427.91
internal_count=103923 65231 53796 38692 37773 27343 27516 11435 10257 19108 12810 9516 8235 6515 21001 7871 4163 741 16023 6582 9441 8007 11349 4785 3938 6564 3139 2682 861 2425
is_linear=0
shrinkage=0.0398117


Tree=26
num_leaves=31
num_cat=0
split_feature=18 11 20 18 12 18 11 20 11 15 20 15 1 10 20 10 15 19 12 11 15 11 18 0 10 18 17 20 11 17
split_gain=157.749 55.4266 67.215 52.8303 50.3796 41.233 63.3116 53.7545 36.4257 35.8742 44.4402 33.8905 33.5311 33.0163 31.7172 30.4687 46.4298 50.5538 31.3128 29.7936 29.0823 28.8822 39.4035 29.8026 28.5616 26.4764 51.2853 37.7859 36.2641 35.6998
threshold=1.0000000180025095e-35 0.33123157918453222 0.030311418697237972 0.19194141775369647 0.15563751012086871 -0.32173828780651087 -0.33609098196029658 -0.016956363804638382 -0.020528846420347687 0.067734252661466612 0.1306615546345711 0.70814901590347301 0.20596590638160708 0.052284536883234985 -0.23524740338325498 0.33279427886009222 0.64900922775268566 0.68791252374649059 0.14105203002691272 -0.44484813511371607 -0.15821044892072675 -0.47221750020980829 -0.99757909774780262 -0.18039772659540174 0.12366606667637826 0.13454841822385791 -0.093880340456962572 -0.030719152651727196 0.18241227418184283 -0.17078959196805951
decision_type=2 2 2 2 2 2 2 2 2 2 2 2 2 2 2 2 2 2 2 2 2 2 2 2 2 2 2 2 2 2
left_child=5 2 8 4 -4 14 20 -8 12 10 -5 -6 -2 -12 19 16 18 -18 -3 -1 -7 -16 23 -23 25 28 -27 -28 29 -10
right_child=1 15 3 9 11 6 7 -9 24 -11 13 -13 -14 -15 21 -17 17 -19 -20 -21 -22 22 -24 -25 -26 26 27 -29 -30 -31
leaf_value=0.0024943338897544364 0.021039299713525028 -0.0058999412195739837 -0.0018936285338253119 0.024425442189403276 0.0071736496569929521 0.0072840112500934962 -0.00024197055096741318 -0.0042452364764560902 -0.0058164225883347498 0.0015717248588605023 0.01090432257887926 -0.009136433424347664 0.0067561622785030119 0.0015862237163007584 -0.0040807674143962334 0.0036838459627733578 -0.0063803267405454622 -0.029779453999348903 0.0037761995632408243 -0.0045279767089547529 -1.3393844520588934e-05 0.024620995363668702 -0.014088021183005412 -0.0058954572783481637 3.1288407827831411e-05 0.02192105437502884 -0.010879081349712067 0.0078614549803839896 -0.000358304458407598 0.0078509069538954621
leaf_weight=1361.2204952141037 355.99393247172702 844.28785190102644 8939.5963693353115 177.43398642668035 1627.9994203214301 1767.3086064754752 12222.676165572484 9381.36749909434 299.61337453266606 4586.9049095185474 1040.1606623639818 184.1149346906459 982.99710263859015 1403.8482756207231 1776.3265862745466 1042.6405951665947 1236.3806405377109 125.08356108726002 1248.9709740327671 2958.9528293698095 1640.2430935454322 34.190261538256891 1218.0748789543286 86.156187616987154 2054.0352578648599 364.35002622532193 147.01862493285444 1404.5151353587862 2007.3348578525474 2823.0689225851092
leaf_count=2353 679 1395 14179 356 2579 2750 19638 14798 443 7113 1723 295 1585 2159 2861 1584 1995 283 1912 4761 2577 113 2214 149 3140 636 280 2035 2907 4346
internal_value=-8.88683e-07 0.00194002 0.00259048 0.00110685 -0.000660321 -0.00196928 -0.00118974 -0.00198698 0.00512389 0.00373178 0.00740521 0.00529974 0.0111811 0.00569813 -0.0045639 -0.00214571 -0.00393941 -0.00951952 -0.000164988 -0.00230755 0.00381461 -0.00760267 -0.0119519 0.00726495 0.00417468 0.00537133 0.00934011 0.00578546 0.00381019 0.00645993
internal_weight=65342.9 32896.3 28399 17960.1 10751.7 32446.5 25011.6 21604 10438.9 7208.35 2621.44 1812.11 1338.99 2444.01 7434.92 4497.36 3454.72 1361.46 2093.26 4320.17 3407.55 3114.75 1338.42 120.346 9099.94 7045.9 1915.88 1551.53 5130.02 3122.68
internal_count=103838 51624 44455 28404 17053 52214 39763 34436 16051 11351 4238 2874 2264 3882 12451 7169 5585 2278 3307 7114 5327 5337 2476 262 13787 10647 2951 2315 7696 4789
is_linear=0
shrinkage=0.0398117


Tree=27
num_leaves=31
num_cat=0
split_feature=18 21 21 18 18 21 0 21 18 0 10 10 9 0 0 18 10 18 0 21 18 9 21 10 14 14 21 10 1 11
split_gain=145.576 98.0666 96.931 78.3157 53.6429 68.582 54.9729 53.1082 51.7997 50.8977 46.7641 51.9283 42.1917 41.978 41.7052 40.7776 40.773 51.7712 39.7284 36.4802 63.8161 34.5298 34.4093 39.8205 33.4293 32.6256 30.6521 30.2459 29.2671 28.7455
threshold=0.010823292657732965 -0.0042239350732415906 0.030313904397189621 -0.18711137771606443 0.096665639430284514 0.1724154204130173 0.48153407871723181 -0.128083661198616 -0.0995199680328369 0.42471592128276831 0.061032863333821304 0.23642656207084659 0.1760922968387604 0.18892045319080356 0.23437500000000003 0.20948536694049838 0.16792481392621997 0.15868259221315387 0.43892045319080358 0.38361217081546789 0.42243160307407385 -0.26939235627651209 0.14894911646842959 -0.22074530273675916 -0.075843300670385347 0.13144785165786746 0.22422055155038836 0.31249344348907476 -0.26846592128276819 0.33123157918453222
decision_type=2 2 2 2 2 2 2 2 2 2 2 2 2 2 2 2 2 2 2 2 2 2 2 2 2 2 2 2 2 2
left_child=1 3 13 10 22 6 16 12 27 21 -1 -12 -5 24 -14 18 17 -6 29 -17 -21 -3 23 28 -2 -22 -20 -9 -4 -7
right_child=2 9 4 7 5 15 -8 8 -10 -11 11 -13 14 -15 -16 19 -18 -19 26 20 25 -23 -24 -25 -26 -27 -28 -29 -30 -31
leaf_value=-0.0067218138391896441 0.00087162045787738817 -0.016158395879930568 -0.0015199619119348974 0.0057857357451025016 0.00358903784802751 -6.3742290873765328e-05 0.029441605361019751 -0.0061076893707814987 0.0014036561102712198 -0.02413652866958135 0.0023973593597299897 -0.0039830362674695731 -0.0081681424701105128 0.013009464261273702 0.008959553286219479 0.0046653881496677247 -0.00060612691521156053 0.013230846818695413 -0.0023115842243946558 -0.0075687233258799544 0.0013182757295509087 -0.0048154541295629743 -0.0083864122464384801 -0.0028267721993566401 0.0069156823080954149 0.015803554459242031 -0.021815001415860985 0.0050577214018489103 0.01169448125738686 -0.0081851573606367845
leaf_weight=4166.9203359711682 2459.148846607306 430.18274554423988 456.46076839719899 4368.3372412566096 2920.969097364461 3921.1972943583969 94.79301760555245 2988.4798362673027 5920.501006484963 208.70961593894754 3203.6710749836639 5297.6130388820311 710.23333103547338 1062.4253839353332 271.76132185256574 3707.347023918177 1732.5825810042443 1257.7903321085032 255.06360693427268 1380.7766487537883 2436.859517785022 5132.6766436651815 1237.6582134563942 4109.2067765922984 3569.2020458746701 225.50954899890348 238.91441999736708 398.90992448397446 543.28870002261829 789.15524711844046
leaf_count=7200 3716 821 711 7057 4572 5920 215 4621 8942 416 5089 8518 1160 1782 434 5805 2701 2147 387 2169 3704 8229 2045 6237 5763 406 460 583 857 1243
internal_value=-0.000149612 -0.00200536 0.00174577 -0.00100316 0.000587955 0.00164859 0.00514579 0.000976237 -0.000839837 -0.00669806 -0.00328989 -0.00157633 0.00411817 0.00584256 -0.00319683 1.22549e-05 0.00450871 0.00661679 -0.00269723 0.00183968 -0.000771251 -0.00583189 -0.00256582 -0.00108493 0.00448054 0.00282059 -0.0128913 -0.00473066 0.00584898 -0.00150032
internal_weight=65496.3 33098 32398.3 27326.4 25307.6 18961 6006.14 14658.2 9307.89 5771.57 12668.2 8501.28 5350.33 7090.78 981.995 12954.8 5911.34 4178.76 5204.33 7750.49 4043.15 5562.86 6346.61 5108.96 6028.35 2662.37 493.978 3387.39 999.749 4710.35
internal_count=103910 53070 50840 43604 39579 29729 9635 22797 14146 9466 20807 13607 8651 11261 1594 20094 9420 6719 8010 12084 6279 9050 9850 7805 9479 4110 847 5204 1568 7163
is_linear=0
shrinkage=0.0398117


Tree=28
num_leaves=31
num_cat=0
split_feature=18 21 21 18 18 21 10 0 11 0 17 18 21 0 8 20 4 8 21 0 11 18 21 11 4 12 9 0 16 21
split_gain=128.227 87.6065 86.4949 68.7779 67.9409 74.0435 65.2755 55.6339 45.4318 43.9621 41.3227 34.9111 42.232 36.2201 33.5862 45.3756 32.1049 32.0525 31.7168 45.2295 31.4853 30.6619 47.5946 39.7707 31.9494 37.2405 28.6045 29.5718 39.0298 40.5336
threshold=-0.058091631159186356 -0.10091163590550421 -0.036173962056636803 -0.28176027536392206 0.055483173578977592 0.085720460861921324 -0.033625600859522813 0.46448864042758947 -0.33609098196029658 0.39630682766437536 -0.045196317136287682 0.17105530947446826 0.18110773712396624 0.43892045319080358 -0.0068748693447560063 0.15766175836324695 0.29329334199428564 -0.0112419999204576 0.040417451411485679 0.45880682766437536 0.2277663201093674 -0.68872055411338795 -0.69698184728622425 -1.0951772332191465 0.17912877351045611 0.34745569527149206 0.33978445827960974 0.17755681276321414 0.085587874054908766 0.25519932806491857
decision_type=2 2 2 2 2 2 2 2 2 2 2 2 2 2 2 2 2 2 2 2 2 2 2 2 2 2 2 2 2 2
left_child=1 3 7 6 18 9 16 -2 -5 -6 -10 12 -7 -14 15 -3 -1 -12 -4 -20 -13 23 -23 -8 25 -24 27 -22 -29 -30
right_child=2 14 4 8 5 11 21 -9 10 -11 17 20 13 -15 -16 -17 -18 -19 19 -21 26 22 24 -25 -26 -27 -28 28 29 -31
leaf_value=-0.020603085134945298 0.0047889643899311531 -0.0068191064021932103 -8.7574915550379636e-05 0.0069092384197046242 0.0048725840345472029 0.00086567805744645118 0.0041961000406919293 0.026182963494099792 0.004714641715202101 0.020000735794579005 -0.0052599554206931749 0.0039480250259086797 -0.0036678156883166108 -0.018767592455529294 -0.0033343762523232266 -0.020708245948290339 0.0024261033695149458 0.0013547686796625085 -0.0036257460295361591 -0.021561330530742259 -0.004975363363909191 0.010177992820636425 -0.0037537957387848079 -0.010515978399301087 -0.0062458600257049891 0.0041537016889169262 0.0056218945011934354 0.014288095940946856 0.01014441867008614 -0.0035314517012313387
leaf_weight=426.28735210630111 6591.1081186224474 3053.0400070177857 5332.3416819778504 2034.5318280740175 4876.5327985929325 4688.9972874778323 345.63506465486716 151.23183138191234 2110.2083927895874 283.20307408517692 2269.4127863728208 5868.8021800820716 2853.8974033535924 232.46409670531284 4152.8013440369396 400.20305044867564 104.63787406322081 2283.7385949695017 4533.4514476018958 187.355673777638 2128.8490266194567 500.82592624262907 1891.2644208124839 1207.2928503446747 1867.683821187471 1786.0121288823429 1003.989851838327 274.86122017260641 387.04722688812762 1541.9445880510611
leaf_count=838 10415 4987 8245 3119 7458 7254 700 291 3393 541 3879 9178 4488 415 6512 788 197 3590 7055 381 3373 796 3060 1940 3051 2826 1552 430 624 2363
internal_value=-4.49967e-06 -0.00228439 0.00135694 -0.000674773 0.000540413 0.00168531 -0.00329813 0.0054608 0.00177982 0.00588993 0.000171265 0.000528904 -0.00151357 -0.00509149 -0.00581558 -0.0087052 -0.0161753 -0.00195864 -0.00220161 -0.00456003 0.00194831 -0.00229631 -0.000986115 -0.00719522 -0.00208008 8.52707e-05 -0.000262934 -0.00168014 0.001533 -0.000588917
internal_weight=65369.7 24433.6 40936.1 16827.5 34193.7 24140.6 8129.64 6742.34 8697.89 5159.74 6663.36 18980.9 7775.36 3086.36 7606.04 3453.24 530.925 4553.15 10053.1 4720.81 11205.5 7598.71 6045.79 1552.93 5544.96 3677.28 5336.69 4332.7 2203.85 1928.99
internal_count=103739 39676 64063 27389 53357 37676 13408 10706 13981 7999 10862 29677 12157 4903 12287 5775 1035 7469 15681 7436 17520 12373 9733 2640 8937 5886 8342 6790 3417 2987
is_linear=0
shrinkage=0.0398117


Tree=29
num_leaves=31
num_cat=0
split_feature=18 21 21 18 18 21 21 21 0 16 0 17 18 5 12 18 11 18 10 0 18 21 12 19 9 0 21 21 18 13
split_gain=133.361 92.0837 77.9674 65.9703 50.7244 72.496 58.2083 42.8549 56.6892 44.259 42.5254 49.4845 40.9439 37.8135 37.5542 39.7657 36.9092 35.0218 33.6893 32.6544 47.9686 48.3638 34.2066 32.7101 32.0609 31.3102 31.1967 30.3454 34.0419 29.8583
threshold=-0.096240367740392671 -0.09352626651525496 -0.17240890115499494 -0.36954462528228754 0.081946276128292098 0.090935196727514281 0.053773691877722747 -0.54591426253318776 0.35085226595401769 0.055706547573208816 0.34232954680919653 0.31871135532855993 -0.68872055411338795 0.37500000000000006 0.22738707810640338 0.57462233304977428 -0.38441003859043116 0.20200974494218829 0.78729167580604564 -0.026988636702299115 1.0000000180025095e-35 -0.043670143932104104 -0.22858204692602155 -0.15636944770812986 0.29960297048091894 0.39914773404598242 -0.32622727751731867 0.39338980615139013 0.42243160307407385 0.24562707543373111
decision_type=2 2 2 2 2 2 2 2 2 2 2 2 2 2 2 2 2 2 2 2 2 2 2 2 2 2 2 2 2 2
left_child=2 24 3 7 6 18 19 12 9 13 11 -4 -1 -9 15 -7 -5 -16 25 23 21 -21 -23 -3 -2 -6 -11 -19 -29 -30
right_child=1 4 10 16 5 14 -8 8 -10 26 -12 -13 -14 -15 17 -17 -18 27 -20 20 -22 22 -24 -25 -26 -27 -28 28 29 -31
leaf_value=-0.0054852813781633954 0.0081525733442921085 -0.0067634668117777649 -0.0028926983632563243 0.0068927099292941212 0.0062051712322366368 0.0011138043132153414 -0.004292899252499394 -0.0042069025749626072 -0.022375530839864963 0.012663576611139883 -0.012694779467499136 -0.011166482087639523 0.0037178616228407744 -0.017184846215926104 -0.0088600229074578454 0.011326191309920648 0.00028650944830737636 0.0045976718481875751 -0.0050470140023705775 0.0055577414754626915 0.0069285799872138773 0.012342874073129811 -0.0049534514269885628 0.0002177609168272404 -0.001841688340854796 0.022207150631448007 -0.0054705174204757396 -0.012770604155983903 0.012340261957816945 -0.0032361613805632532
leaf_weight=1368.2263004456181 3606.5172764490126 1405.5832012359751 6624.3354770311853 1744.4110307563096 4397.5952014246723 13424.047044298844 5716.4175716108875 1315.9798748714384 306.21061013394501 288.3180316046346 1084.4353554100962 1356.0956348008476 1614.5514860129915 467.8958540558815 1055.2687236518832 583.87070817057975 5337.9443047156092 1078.0894434927031 360.60234161291737 1388.4934747266816 2384.3608452707995 147.64148606348317 2243.1915096687153 3915.3520138157764 567.10395784245338 163.07702004688326 228.08774427312892 431.5073788468726 193.55798252741806 911.78620566055179
leaf_count=2314 5830 2152 10658 2732 6870 20799 9042 2160 570 483 1766 2260 2542 823 1765 938 8697 1760 521 2127 3740 247 3442 5965 901 331 377 703 365 1304
internal_value=-6.80107e-05 0.00119246 -0.0026158 -0.000591883 0.000598057 0.00183656 -0.00102859 -0.00380866 -0.00748724 -0.00506538 -0.0054244 -0.00436167 -0.000518544 -0.00799411 0.000639133 0.00157961 0.00195298 -0.00291805 0.00608462 0.000605901 0.00257002 -0.000228415 -0.00364282 -0.00166808 0.00678217 0.00701595 0.00482546 -0.000392885 -0.00394003 -7.54373e-05
internal_weight=65710.6 43974.1 21736.5 12671.6 39800.4 22599.4 17201 5589.27 2606.49 2300.28 9064.87 7980.43 2982.78 1783.88 17678.1 14007.9 7082.36 3670.21 4921.27 11484.6 6163.69 3779.33 2390.83 5320.94 4173.62 4560.67 516.406 2614.94 1536.85 1105.34
internal_count=104184 68802 35382 20698 62071 35356 26715 9269 4413 3843 14684 12918 4856 2983 27634 21737 11429 5897 7722 17673 9556 5816 3689 8117 6731 7201 860 4132 2372 1669
is_linear=0
shrinkage=0.0398117


Tree=30
num_leaves=31
num_cat=0
split_feature=11 14 16 10 17 15 4 21 0 12 11 17 3 5 0 19 5 16 15 17 17 17 10 11 0 16 20 20 17 10
split_gain=21.583 25.3465 24.1571 26.8692 28.6071 30.5998 30.2467 38.4348 22.2052 30.7532 29.4473 21.5783 23.8929 19.4127 20.3343 17.8092 41.2845 19.6576 17.1928 16.3165 16.2421 26.2653 16.1413 15.9806 15.729 55.794 24.1051 20.2762 18.8371 18.619
threshold=0.33803871273994451 -0.058011801913380616 0.087764117866754546 0.25840707123279577 0.39781390130519872 0.64900922775268566 0.28666102886199957 0.2760582715272904 0.43607954680919653 0.15563751012086871 0.031309140846133239 -0.29231986403465265 0.0040751453489065491 1.0000000180025095e-35 -0.026988636702299115 -0.095171336084604249 -1.0000000180025095e-35 0.11549492552876474 1.434723496437073 0.48673234879970556 0.28804257512092596 0.55292677879333507 0.13103125989437106 0.18467285484075549 0.47585226595401769 -0.036072596907615655 0.20309355109930041 -0.10040592402219771 0.5296275019645692 -0.12201903015375136
decision_type=2 2 2 2 2 2 2 2 2 2 2 2 2 2 2 2 2 2 2 2 2 2 2 2 2 2 2 2 2 2
left_child=1 8 22 4 5 11 7 18 9 -1 -10 12 -4 -5 -15 20 17 -17 -6 -8 23 -22 -2 -12 29 26 28 -27 -26 -3
right_child=2 24 3 13 6 -7 19 -9 10 -11 15 -13 -14 14 -16 16 -18 -19 -20 -21 21 -23 -24 -25 25 27 -28 -29 -30 -31
leaf_value=0.0010113387524945286 0.016005709556393136 -0.0026873415056867778 0.015989143132470761 -0.0025880132923029762 0.015056163172709445 -0.013115546160730572 -0.0010757429376932099 -0.0076652883898725615 0.0098282720378082156 0.0073931618957192684 0.0017613163889031798 -0.0055018442558963264 -0.0079350405653891409 0.012876614205602134 -0.00021959114345860255 -0.012890289400072955 -0.021180650919890614 0.010826238781405194 -0.0023718344164769859 -0.02052099923813408 0.017834735995133424 -0.0065802106073897682 -0.00010641626761915614 -0.017218979103492193 0.015017438072103062 0.0047618318723999286 -0.0045581002218966597 -0.013007353516441989 -0.002627204895723509 -0.00030252307965360692
leaf_weight=20249.29213257425 126.48463894450106 6231.1596792821074 119.99061725789215 994.61263092129957 359.3549236995168 870.14123199007008 161.27239563001785 203.98364814149681 139.01600323454477 1225.2173713302473 118.95444257475901 1630.160902305739 66.32911073951982 296.32919262489304 398.16987704474013 32.950498660793528 264.23793351382483 112.56112500466406 94.798086896538734 77.775232519488782 90.238696498447098 96.713726155343466 213.3293260546634 90.043017170042731 583.69247841334436 113.39178140892182 129.50685292819981 278.00485222437419 93.452361677424051 30085.455699476297
leaf_count=31064 233 10313 208 1546 563 1455 252 322 222 1858 218 2513 125 482 577 66 463 206 120 143 182 144 367 178 1108 218 232 531 191 47717
internal_value=-0.000154035 6.75483e-05 -0.00250337 -0.00318745 -0.00511777 -0.00714264 0.000976757 0.00537823 0.00112549 0.00139268 -0.00469078 -0.003999 0.00743624 0.000924659 0.00582209 -0.00765761 -0.0130015 0.00330095 0.0114716 -0.00988544 -0.00125956 0.00635759 0.00709712 -0.00805035 -0.000564815 0.00382822 0.00964015 -0.00782794 0.0125247 -0.000715373
internal_weight=65546.6 59933.9 5612.73 5272.92 3583.81 2686.62 897.184 658.137 22419.2 21474.5 944.715 1816.48 186.32 1689.11 694.499 805.699 409.75 145.512 454.153 239.048 395.95 186.952 339.814 208.997 37514.7 1198.05 806.652 391.397 677.145 36316.6
internal_count=103817 94911 8906 8306 5701 4301 1400 1005 34601 32922 1679 2846 333 2605 1059 1457 735 272 683 395 722 326 600 396 60310 2280 1531 749 1299 58030
is_linear=0
shrinkage=0.0398117


Tree=31
num_leaves=31
num_cat=0
split_feature=18 21 21 18 10 21 4 18 21 4 0 18 10 1 9 14 18 21 18 10 16 17 21 14 10 4 1 21 18 9
split_gain=125.435 85.4698 82.1485 57.6175 49.4251 49.2015 63.4874 46.2423 52.7969 47.4926 45.6238 44.0135 41.2581 36.0268 34.1624 33.8637 32.4981 31.6387 50.31 30.9648 30.8694 38.6567 33.2943 30.3828 28.6944 32.6312 28.5469 28.6626 27.8709 53.2614
threshold=0.010823292657732965 0.030313904397189621 -0.0087966057471930963 -0.18711137771606443 0.061032863333821304 -0.18414206057786939 0.30632472038269049 0.096665639430284514 0.17567463219165805 0.44943946599960333 0.43039773404598242 0.20948536694049838 0.23642656207084659 -0.20028409361839292 0.13829810917377475 -0.075843300670385347 -0.13264068961143491 0.38361217081546789 0.42243160307407385 0.12745893746614459 -0.033525530248880379 0.14587228745222094 0.15220832824707034 0.12012485042214395 -0.075681474059820161 0.12489546835422517 -0.43892045319080347 0.22422055155038836 -0.058091631159186356 0.15290720760822299
decision_type=2 2 2 2 2 2 2 2 2 2 2 2 2 2 2 2 2 2 2 2 2 2 2 2 2 2 2 2 2 2
left_child=2 13 3 4 -1 6 14 20 9 19 28 26 -6 -2 -5 -15 24 -13 -19 -9 -3 -22 -23 -20 25 -7 27 -10 29 -4
right_child=1 7 10 5 12 16 -8 8 11 -11 -12 17 -14 15 -16 -17 -18 18 23 -21 21 22 -24 -25 -26 -27 -28 -29 -30 -31
leaf_value=-0.0063010037150360351 0.012384022004978852 -0.006867436151971152 -0.012236153518971027 0.0048452546658553242 0.0025711435206215911 -0.0033666070464262281 0.015376496210013782 0.0053331077032716728 -0.0012509303893474559 0.014595552807333276 -0.021933814779459899 0.0047049571706892172 -0.0031305777394222199 0.00069408633898008804 -0.0052895598168180187 0.0067594327916690065 0.00089174882220020087 -0.0063489327350250537 0.0013124415230883807 -0.0010181054684822804 -0.0048645541461328923 0.0049344156990966444 -0.0047167078127259348 0.01474179682671025 -0.00053333860120636926 -0.01746632574467839 -0.0016490374119142975 -0.0201243185710379 -0.002656316551343873 0.00017345652416308547
leaf_weight=4091.0628454668913 1025.5371466069482 1639.4090797560057 1665.1652419178281 1933.0966446868842 3180.6873843913199 723.08570082322694 702.05233489186503 3921.5711228427244 247.47411742911208 632.49025737203192 223.47151657193899 3699.2356090013636 5279.568609388778 2433.8032502144342 669.81094337289687 3665.8461449721362 8337.9436590599362 1398.2823524230625 2414.5000354598742 1725.4769456151407 1923.1382693278138 2072.1806392944418 725.58039502089377 252.02786455838941 1538.8282964361133 389.39560576027725 4577.3998580023181 232.67756694997661 3332.6644220597809 797.69915946340188
leaf_count=7019 1714 2683 3060 3077 5056 1207 1218 6241 371 1092 431 5785 8524 3695 1091 5904 12611 2185 3688 2708 2965 2999 1127 436 2327 656 6938 438 5136 1223
internal_value=1.39744e-05 0.00176317 -0.00171987 -0.000771915 -0.00273531 0.000954227 0.00517436 0.000679437 0.00165848 0.00463368 -0.00590375 0.000187575 -0.000982179 0.00560163 0.00217925 0.00436756 -0.000330703 0.00206666 -0.000356924 0.00339683 -0.00224772 -0.000584763 0.00238417 0.0028363 -0.00412815 -0.00885096 -0.00268532 -0.0114446 -0.0051006 -0.00828257
internal_weight=65451.2 32586.6 32864.5 26845.5 12551.3 14294.2 3304.96 25461.4 19101.1 6279.54 6019 12821.6 8460.26 7125.19 2602.91 6099.65 10989.3 7764.05 4064.81 5647.05 6360.31 4720.9 2797.76 2666.53 2651.31 1112.48 5057.55 480.152 5795.53 2462.86
internal_count=103605 50969 52636 42786 20599 22187 5386 39656 29882 10041 9850 19841 13580 11313 4168 9599 16801 12094 6309 8949 9774 7091 4126 4124 4190 1863 7747 809 9419 4283
is_linear=0
shrinkage=0.0398117


Tree=32
num_leaves=31
num_cat=0
split_feature=18 21 21 18 18 21 1 21 0 17 0 0 19 20 11 4 13 11 14 17 1 18 0 3 3 18 19 15 21 9
split_gain=116.591 92.0788 72.8638 65.3234 54.6905 64.1577 47.3388 45.9723 32.9904 32.0642 40.1893 31.7056 34.4915 31.1124 31.6811 30.5024 29.7359 29.7017 29.0428 28.6851 38.1606 49.6599 34.8797 26.5761 26.356 25.4056 37.5697 27.9899 26.7688 53.157
threshold=-0.096240367740392671 -0.090928677469491945 -0.17240890115499494 -0.20172158628702161 0.081946276128292098 0.085720460861921324 -0.27982954680919642 0.038461927324533469 0.35653407871723181 0.31871135532855993 0.33948864042758947 0.40198864042758947 0.4767290353775025 -0.017895364202558991 -0.27546288073062891 0.085113108158111586 -0.52183625102043141 0.2277663201093674 0.44127011299133306 -0.16377823054790494 0.24005681276321414 0.010823292657732965 0.45596592128276831 0.49308374524116522 0.48704174160957342 -0.26967006921768183 -0.19750742614269254 0.052235024049878127 -0.026396335102617737 -0.021311077289283272
decision_type=2 2 2 2 2 2 2 2 2 2 2 2 2 2 2 2 2 2 2 2 2 2 2 2 2 2 2 2 2 2
left_child=2 23 3 24 7 11 -5 18 13 10 25 12 -6 -9 -15 -14 -11 -7 19 22 21 -21 -3 -2 -1 26 27 -4 -27 -30
right_child=1 4 9 6 5 17 -8 8 -10 16 -12 -13 15 14 -16 -17 -18 -19 -20 20 -22 -23 -24 -25 -26 28 -28 -29 29 -31
leaf_value=-0.0026601602363532893 0.0077053231283931442 -0.0058709507289386332 0.020571460973157041 0.01318802530239847 0.0068244034460642668 0.002098322585488675 0.0016377866918892397 0.0024036287334448475 -0.010120027665267737 -0.023319678339300657 -0.011281582288236554 0.021161126901002369 0.0033886439991149026 0.012624746883288974 -0.0047839185189903592 -0.011479525034551947 -0.0075868781658070174 -0.0011716400697644926 -0.0083304335217532829 0.001135485200355774 -0.0023048315179267391 0.0089847730177951609 0.018119558698645524 -0.0020613818417794705 0.0043554649245093734 -9.6896714909693499e-05 -0.011724113312479405 -0.010884322319249259 -0.015973043880163743 -0.00083671336194403854
leaf_weight=8966.5248831418576 3847.9453534816857 1278.808256413904 70.301118095987476 730.81908520858269 3663.0765569204232 10374.694275312475 2086.8387623282615 1505.3686780034332 1019.1506906736176 204.89486625976861 1010.1217718315311 162.27602984046098 572.2358165869955 123.56739682774059 4267.8940249535954 287.13222359656356 1241.8742105060956 7569.5783873976907 502.50313052919228 4048.5146846802672 2361.580236265203 1832.4711848589359 53.079693366657011 472.42862280283589 889.15510219300631 4070.0705897989683 814.27065121824853 29.305681533413008 518.00069731089752 1064.8505976954475
leaf_count=14699 6220 1938 159 1183 5647 16163 3408 2168 1689 426 1633 329 861 198 6776 464 2026 11788 785 6185 3534 2934 104 712 1390 6312 1357 60 908 1754
internal_value=-4.34326e-05 0.00113509 -0.00242829 -0.000474908 0.000529002 0.00180936 0.00481618 -0.00117515 -0.00366266 -0.00515211 -0.00406148 0.00593255 0.00515695 -0.00246817 -0.00415115 -0.00190976 -0.0105273 0.000718412 0.000539587 0.00104829 0.00192992 0.00363921 -0.00426489 0.00661954 -0.00200619 -0.00287122 -0.00886118 0.0104115 -0.00183029 -0.00613603
internal_weight=65639.3 43942.3 21697 12673.3 39621.9 22629 2817.66 16992.9 6915.98 9023.69 7576.92 4684.72 4522.44 5896.83 4391.46 859.368 1446.77 17944.3 10077 9574.45 8242.57 5880.99 1331.89 4320.37 9855.68 6566.8 913.877 99.6068 5652.92 1582.85
internal_count=103810 68495 35315 20680 61563 35252 4591 26311 10831 14635 12183 7301 6972 9142 6974 1325 2452 27951 15480 14695 12653 9119 2042 6932 16089 10550 1576 219 8974 2662
is_linear=0
shrinkage=0.0398117


Tree=33
num_leaves=31
num_cat=0
split_feature=18 21 21 18 18 21 21 0 17 18 0 16 21 18 21 9 0 11 4 17 14 4 20 0 20 12 4 18 15 20
split_gain=107.485 83.9299 69.8026 47.261 42.3505 55.0659 50.7954 40.0156 43.0339 39.4372 36.5115 30.9795 29.271 48.7434 32.9792 27.4825 26.5989 24.7493 31.1611 27.0859 24.3328 27.5008 36.7453 24.2835 23.7196 23.5013 23.1495 36.8946 28.2285 23.1434
threshold=-0.096240367740392671 -0.09352626651525496 -0.16880095750093457 -0.20172158628702161 0.081946276128292098 0.16850437223911288 0.10952898114919664 0.33948864042758947 0.31871135532855993 0.19685667008161548 0.29119317233562475 -0.30478011071681971 0.38361217081546789 0.42243160307407385 0.57476150989532482 0.28533792495727545 0.47301135957241064 -0.25086447596549982 -0.41095972061157221 -0.062958434224128709 0.057149948552250869 -0.24637155234813687 0.58284866809844982 0.44460226595401769 0.035874240100383765 0.14552886784076693 -0.35158383846282953 -0.13916920125484464 0.05837941728532315 -0.013428404927253721
decision_type=2 2 2 2 2 2 2 2 2 2 2 2 2 2 2 2 2 2 2 2 2 2 2 2 2 2 2 2 2 2
left_child=2 15 3 -1 6 -6 29 8 17 23 26 -10 -11 25 -15 -2 -8 18 19 -4 21 22 -16 -7 -25 -14 -5 28 -28 -3
right_child=1 4 7 10 5 9 16 -9 11 12 -12 -13 13 14 20 -17 -18 -19 -20 -21 -22 -23 -24 24 -26 -27 27 -29 -30 -31
leaf_value=-0.0017807097775336702 0.0076951293388074398 0.0018995673597605569 -0.019447367969377124 0.0058329090764209822 0.0039803042784402618 -0.0018657242638172109 -0.0050300061035516092 -0.012293645463369895 -0.030996186761655452 0.0039717898425578844 0.011278181238175136 -0.0082791069214707969 -0.0011149812357575213 0.0076764883501717132 -0.0057045118920122217 -0.0015435723645041441 -0.025134166610548535 -0.0036149150865395678 0.0078137930133328481 0.0048391144646580337 0.0099136701001148499 -0.0075023188746310273 0.01309083147348898 -0.0027431974619914622 -0.021018941774140765 -0.011164440541245196 -0.0027109092518788772 0.009160967080848079 -0.020292589304508703 -0.0013434241129263737
leaf_weight=9974.9426779819187 3596.7518136163708 5789.6042233568151 102.52273458859418 932.26545783190522 9310.0902182689169 4501.1924611929571 2624.3728788978187 1033.6106848487398 64.204221917898394 4223.8187208343297 739.65431881789118 1232.444688427262 717.43536052363925 1080.3288134412142 297.62489332898986 570.66574240883347 62.079451154917479 5584.4237567654345 637.2366356929997 104.87625631166156 217.29430566576775 847.36603242927231 266.23578025097959 269.84122044499964 170.01056456612423 745.42370458727237 826.091773055261 289.01389345701318 131.42768254282419 8607.5650503868237
leaf_count=16300 5812 8937 184 1497 14601 6868 4084 1690 162 6628 1185 2040 1073 1660 453 904 137 8910 1033 177 380 1301 405 375 347 1210 1328 492 258 13300
internal_value=-5.18567e-05 0.00107988 -0.00234441 -0.000474704 0.000511891 0.00163958 -0.00098228 -0.0050763 -0.00403587 -1.5959e-06 0.00393745 -0.0105274 0.00165482 -0.000705136 0.00244656 0.00642014 -0.00595397 -0.00265267 0.00353237 -0.00847772 -0.0011343 -0.00313342 0.00347029 -0.00280865 -0.0112473 -0.0064436 0.00124157 -0.00227016 -0.0060282 -3.59042e-05
internal_weight=65550.4 43897.7 21652.7 12893.4 39730.3 22646.7 17083.6 8759.32 7725.71 13336.6 2918.45 1296.65 8395.53 4171.71 2708.85 4167.42 2686.45 6429.06 844.636 207.399 1628.52 1411.23 563.861 4941.04 439.852 1462.86 2178.8 1246.53 957.519 14397.2
internal_count=103731 68475 35256 21060 61759 35301 26458 14196 12506 20700 4760 2202 13110 6482 4199 6716 4221 10304 1394 361 2539 2159 858 7590 722 2283 3575 2078 1586 22237
is_linear=0
shrinkage=0.0398117


Tree=34
num_leaves=31
num_cat=0
split_feature=18 21 21 18 21 18 21 4 0 18 21 21 12 21 18 4 0 0 4 0 16 17 4 10 19 10 17 21 18 12
split_gain=95.0965 83.0034 77.8253 52.7488 52.1019 46.7404 48.8791 46.3032 43.5598 42.4302 46.7493 43.327 39.7029 35.6939 62.8952 41.4627 51.0262 35.5392 35.0071 34.6951 34.5879 45.2744 46.0817 32.3494 31.5279 31.0498 30.3071 29.7544 34.2313 32.2819
threshold=0.010823292657732965 0.044654425233602531 -0.0042239350732415906 -0.14464228600263593 -0.18023100495338437 0.13985770940780642 0.18414857238531115 0.4213260561227799 0.43892045319080358 -0.53630343079566944 -0.49115955829620356 -0.58160585165023793 0.44835335016250616 0.28813365101814276 0.27269172668457037 -0.23193810880184171 0.47017045319080358 0.47585226595401769 0.085113108158111586 0.40767045319080358 -0.040957257151603692 0.052243635058403022 -0.46789334714412684 -0.11658992245793341 0.25205020606517797 -0.22074530273675916 -0.050445850938558572 0.61126464605331432 0.60444065928459179 0.075826186686754241
decision_type=2 2 2 2 2 2 2 2 2 2 2 2 2 2 2 2 2 2 2 2 2 2 2 2 2 2 2 2 2 2
left_child=2 12 3 4 9 6 20 -5 -4 11 -11 -1 17 -7 15 -15 -17 -2 -6 -8 -3 22 -22 -20 -24 -12 -9 -16 29 -29
right_child=1 5 8 7 18 13 19 26 -10 10 25 -13 -14 14 27 16 -18 -19 23 -21 21 -23 24 -25 -26 -27 -28 28 -30 -31
leaf_value=-0.0012927615981895039 0.0037520770541277552 -0.0052175036614942813 -0.0050833744942964023 0.00032811196209865781 -0.0024611676083482986 0.0034475674724665454 -0.0054133902410107258 0.014688792780948968 -0.023666055852999184 0.0076892070081027745 0.022773216030237121 -0.011037333134545453 0.016741142400072552 -0.012926691367949534 0.0038880766254367656 0.00097663851297397639 -0.023735015938291207 0.023608985185600076 -0.021456434602667711 -0.02232647787204381 0.0097696281350792228 0.0040967835385761295 -0.007431222314085946 -0.007223766503310098 0.0042871393136427252 -0.00083645419734704239 0.0030330088505106279 0.0045150995340526969 0.0028657214551035754 -0.014860624334216005
leaf_weight=2138.7312895894283 7904.8295063712867 1799.2131551918574 5609.469714686973 9860.7942841707263 2371.8897792610805 7856.9574061643798 1792.3708836201113 560.23361163004301 162.10750086291227 1239.7048549389001 37.247038161731325 1058.4671844359254 375.24654027447104 803.99013141309842 3601.9447460722877 1234.5639975627419 96.43975610320922 96.801856826990843 275.14242013904732 176.67446613661014 337.837862023036 3264.2442016155692 1752.8597782623256 1786.435265594162 417.31893360684626 7023.7119490952464 933.32437002728693 158.9135962035507 695.15035526861902 436.6366191462148
leaf_count=3526 12347 2938 9070 15066 3976 12427 2821 959 334 2038 122 1851 644 1286 5494 1840 218 201 500 312 527 4804 2770 2723 629 11227 1448 228 1138 676
internal_value=-0.00012144 0.00139584 -0.00162744 -0.000733684 -0.002209 0.000219203 -0.00194914 0.00133521 -0.00580707 -0.000784091 0.000719078 -0.00464364 0.00480284 0.0016122 -0.000446533 -0.00607014 -0.00160114 0.00414049 -0.0058505 -0.00745344 -0.000475872 0.00103094 -0.00295297 -0.0095927 -0.00512061 -0.000547184 0.00774651 0.0020397 -0.00305402 -0.00968942
internal_weight=65859.3 32802 33057.3 27285.7 15931.3 24425.1 9540.52 11354.4 5771.58 11497.9 8300.66 3197.2 8376.88 14884.6 7027.64 2134.99 1331 8001.63 4433.47 1969.05 7571.47 5772.26 2508.02 2061.58 2170.18 7060.96 1493.56 4892.65 1290.7 595.55
internal_count=104140 51300 52840 43436 25963 38108 14801 17473 9404 18764 13387 5377 13192 23307 10880 3344 2058 12548 7199 3133 11668 8730 3926 3223 3399 11349 2407 7536 2042 904
is_linear=0
shrinkage=0.0398117


Tree=35
num_leaves=31
num_cat=0
split_feature=3 12 10 12 11 93 10 5 16 4 11 0 15 15 4 12 20 3 20 0 15 19 12 16 11 14 10 10 19 1
split_gain=22.213 30.9132 28.1297 27.8984 22.6521 22.235 18.2907 30.823 35.7832 23.7398 18.2538 29.4291 32.5957 26.0037 19.9313 17.695 27.8414 31.0936 26.6118 34.7876 23.4493 23.4535 25.951 21.4073 21.1405 21.2455 20.6136 35.0529 34.5151 23.9903
threshold=-0.50170147418975819 0.16277873516082766 -0.13361927121877668 0.80170953273773204 0.33123157918453222 1.0000000180025095e-35 0.25840707123279577 -1.0000000180025095e-35 0.15066941082477572 -0.31447555124759669 -0.06483959779143332 0.48153407871723181 0.106766514480114 0.52996158599853527 0.38260257244110113 0.075826186686754241 0.44696696102619177 0.45167937874794012 0.67905259132385265 -0.092329546809196458 -0.20659754425287244 0.01067691156640649 0.21129216998815539 0.30356156826019293 -0.43176123499870295 0.61507520079612743 0.63155806064605724 0.23642656207084659 0.84684705734252941 -0.43323864042758936
decision_type=2 2 2 2 2 2 2 2 2 2 2 2 2 2 2 2 2 2 2 2 2 2 2 2 2 2 2 2 2 2
left_child=1 -1 -3 -4 5 10 7 8 -6 -10 11 15 -13 -12 -15 16 -2 -18 20 -20 -17 22 -22 26 25 -24 27 29 -29 -23
right_child=4 2 3 -5 6 -7 -8 -9 9 -11 13 12 -14 14 -16 18 17 -19 19 -21 21 23 24 -25 -26 -27 -28 28 -30 -31
leaf_value=-5.3560388549269211e-05 -0.0023310229284450837 -0.0094961487259402153 0.012830378722726967 -0.0029705792967941206 0.011421081942064924 -0.0122956125586835 0.00072523730979314686 -0.0079350978283873816 0.0032535850013429212 -0.0062719320530543266 0.00053387451260629654 0.011716065954598695 -0.0078469881365331347 0.0084367203243934097 -0.0038842736907258291 0.0040373913273949822 0.018246282912387689 -0.0061483734776789202 -0.02364707009327684 -0.0016249078124671678 -5.0382053752490706e-05 -0.0087272000975645182 0.010537520158606649 -0.0082959148647977921 -0.013040961551075654 -0.0056775782186714628 0.0066072933895364033 -0.0048328656922534347 0.014806785712306524 0.0052468818277672932
leaf_weight=1696.7217011390021 11374.987341202097 88.433184796012938 904.82304904249031 193.30338833341375 275.74260001105722 176.98943881830201 1799.3667469497304 1729.5182170269545 601.10747910419013 1114.045377957751 31992.878441873123 517.99861673428677 136.18657700926997 1058.4863162437687 221.41229759936687 2419.1050520995632 169.24570953578223 97.927061079535633 114.56563819665462 394.52221308357548 1795.6064172645565 168.4418502835324 110.51582712284289 302.41489394311793 540.89365735917818 579.85475074441638 1074.0311216061236 1791.3642982390011 103.68875220150221 1965.4755512897391
leaf_count=2601 18092 156 1420 273 463 281 2787 2815 963 1729 50091 955 246 1658 375 3945 285 150 226 596 2712 315 166 468 829 867 1716 2833 182 3378
internal_value=3.37126e-05 0.0034197 0.00820708 0.0100149 -0.000124464 0.00011146 -0.00254797 -0.00412579 -0.000695228 -0.00292266 0.000161186 -0.000682965 0.00733036 0.000762099 0.00621778 -0.000927192 -0.00201461 0.00962689 0.000189324 -0.00827483 0.000624507 -0.000370215 -0.00314926 0.00119677 -0.00747741 -0.00251519 0.00183875 0.000497611 -0.00338977 0.0039573
internal_weight=65509.7 2883.28 1186.56 1098.13 62626.4 57106.6 5519.78 3720.41 1990.9 1715.15 56929.6 23656.8 654.185 33272.8 1279.9 23002.6 11642.2 267.173 11360.5 509.088 10851.4 8432.29 3026.87 5405.42 1231.26 690.371 5103 4028.97 1895.05 2133.92
internal_count=103573 4450 1849 1693 99123 90366 8757 5970 3155 2692 90085 37961 1201 52124 2033 36760 18527 435 18233 822 17411 13466 4574 8892 1862 1033 8424 6708 3015 3693
is_linear=0
shrinkage=0.0398117


Tree=36
num_leaves=31
num_cat=0
split_feature=18 21 21 18 18 21 1 18 21 17 4 17 19 21 4 11 18 1 0 21 12 4 20 21 18 4 14 9 12 1
split_gain=90.5111 72.108 60.8587 55.2722 51.0203 36.2941 53.4982 39.6764 37.335 37.0021 39.263 36.0455 35.5467 35.2872 42.1215 34.5895 33.7309 33.5552 32.9814 31.858 30.6095 31.3041 29.7386 29.5295 35.0154 29.4184 29.3979 28.694 28.0061 30.7647
threshold=-0.096240367740392671 -0.038129488006234162 -0.16880095750093457 0.02152569126337767 -0.36954462528228754 0.058017183095216758 -0.47869317233562464 0.17105530947446826 0.22846730053424838 0.43157629668712622 -0.46789334714412684 0.25539334863424307 -0.1799083277583122 -0.52831456065177906 0.18670212477445605 -0.38441003859043116 -0.43540009856224055 -0.17471590638160703 -0.026988636702299115 -0.56286215782165516 -0.18398513644933698 0.01222305651754141 -0.54909017682075489 0.35819034278392797 0.29825963079929357 0.47179107367992407 -0.058011801913380616 0.2021846026182175 -0.22858204692602155 -0.055397728458046906
decision_type=2 2 2 2 2 2 2 2 2 2 2 2 2 2 2 2 2 2 2 2 2 2 2 2 2 2 2 2 2 2
left_child=2 18 4 12 13 6 -5 8 9 10 11 -7 17 16 -15 -6 -1 -3 19 -2 -14 -22 -16 28 27 26 -12 -25 -9 -30
right_child=1 3 -4 5 15 7 -8 23 -10 -11 25 -13 20 14 22 -17 -18 -19 -20 -21 21 -23 -24 24 -26 -27 -28 -29 29 -31
leaf_value=-0.0016882462647657152 0.021528225218963977 -0.0016399082760210496 -0.0046736468526541149 0.029818198584370313 0.0066243370439163195 0.008995839089629221 0.0032290143150535602 0.012743534151646458 -0.0065325378740840939 0.0039237866334827986 -0.001370012017744305 -0.01053441324377526 0.0022677140678862965 -0.0032078728188910392 0.0024312198387446168 0.00024399469869115575 0.012641009879705661 -0.019267418305103531 0.0072928812180304359 0.0016594478870545729 -0.00092903533384568768 -0.0075722873150394074 -0.018044935551990014 -0.011634327064356345 0.0012293915673500647 0.0069450782398970731 -0.0072286478383126931 0.0023999287826238706 0.0057866621178026224 0.00024036350358088034
leaf_weight=2931.0989077398553 80.742856850614771 326.5719620444579 8858.7008540396346 72.365032529691234 1735.3781630013837 777.86785173905082 5604.9973181115929 446.48543732333928 1829.4454505521571 2320.5689052274683 3406.9669626030372 136.71854676993098 1886.9092376105255 1703.0799695317401 119.58588180365041 5519.7101422861451 234.36091360053979 338.60146869567689 3413.4080272710416 4914.2310267154826 2741.3322677060496 1883.4338446948677 592.40060660522431 643.15660446428228 3928.9037991088117 391.69130795681849 2251.0464490097947 319.41182752163149 2948.3506675238023 3387.1279344499344
leaf_count=4771 162 445 14283 181 2728 1177 8507 749 2923 3436 5206 254 3045 2788 210 8966 372 603 5389 7656 4152 2953 1109 1001 6014 649 3586 479 4576 5385
internal_value=-4.28875e-05 0.000993287 -0.0021452 0.000208223 -0.00038745 0.000996577 0.00382995 0.000283001 -0.0014152 -0.000375361 -0.00182843 0.00564798 -0.00290113 -0.00323506 -0.00680749 0.00180744 -0.000440988 -0.0113424 0.00429794 0.00219629 -0.00195642 -0.00369011 -0.0146243 0.00190067 -0.000452341 -0.00299941 -0.00374679 -0.00705941 0.0035919 0.00284948
internal_weight=65744.7 44050.3 21694.3 35642 12835.6 28465.1 5677.36 22787.7 11114.3 9284.86 6964.29 914.586 7176.85 5580.53 2415.07 7255.09 3165.46 665.173 8408.38 4994.97 6511.68 4624.77 711.986 11673.4 4891.47 6049.7 5658.01 962.568 6781.96 6335.48
internal_count=103755 68528 35227 55321 20944 44123 8688 35435 17231 14308 10872 1431 11198 9250 4107 11694 5143 1048 13207 7818 10150 7105 1319 18204 7494 9441 8792 1480 10710 9961
is_linear=0
shrinkage=0.0398117


Tree=37
num_leaves=31
num_cat=0
split_feature=18 21 21 18 10 10 18 21 21 1 21 18 0 4 0 0 9 19 18 10 21 18 18 14 5 10 18 21 11 21
split_gain=83.4398 70.819 62.791 51.2233 45.4271 49.2377 44.4901 43.9118 41.6502 37.1004 35.8056 50.7113 37.8604 47.8339 32.1424 31.088 29.7472 28.1859 27.617 27.3975 26.9758 36.1966 26.0227 25.6826 25.5412 25.0031 23.7489 28.6517 24.1025 24.7164
threshold=1.0000000180025095e-35 0.028358378447592262 -0.0042239350732415906 -0.18711137771606443 0.061032863333821304 0.23642656207084659 0.13985770940780642 0.18414857238531115 -0.2734443843364715 -0.1889204531908035 0.28192485868930822 0.27762436866760259 0.47585226595401769 -0.23193810880184171 0.41051135957241064 0.43607954680919653 -0.23326290398836133 -0.25786091387271876 -0.14464228600263593 -0.093864645808935152 0.4320081770420075 0.42243160307407385 0.2262433543801308 0.047491220757365234 -1.0000000180025095e-35 1.3936032652854922 -0.61250972747802723 -0.41678440570831293 -1.5165494084358213 -0.37953490018844599
decision_type=2 2 2 2 2 2 2 2 2 2 2 2 2 2 2 2 2 2 2 2 2 2 2 2 2 2 2 2 2 2
left_child=2 9 3 4 -1 -6 7 -3 -5 17 25 12 13 -12 -9 16 18 -2 -4 -18 -13 -22 -14 -23 -21 -8 28 -28 -7 -30
right_child=1 6 15 8 5 26 10 14 -10 -11 11 20 22 -15 -16 -17 19 -19 -20 24 21 23 -24 -25 -26 -27 27 -29 29 -31
leaf_value=-0.00587523297340929 -0.0040389826119211622 -0.0003438055983596944 -0.026634993441322058 0.0078621008620171576 0.0030718907303794846 0.0065716135196023278 0.0039158371743006817 -0.0049669221678165197 0.00029873070629576562 0.0035899865248787007 -0.010679659757265874 0.0061106569003772024 -0.036042260038880856 0.00098303538804849996 -0.021616725475716553 -0.021261770378228857 -0.0078260823221187065 0.013899132670193064 -0.0063770079548303412 -0.0064662845478856076 -0.008140357662682951 0.00010953606711155694 -0.00023683069029674237 0.0099415234801137429 0.00090778630717532093 -0.014277416288818418 0.0029914356675011032 -0.0040990674344346294 -0.0066191578634809626 -0.023952167770234886
leaf_weight=4175.9483088523848 135.54350999905728 8810.8448199777631 129.82108976412565 1215.1599408512702 3178.2860196564579 145.34085644909646 7738.6052168570459 1770.4414504294982 13196.138398688287 6193.5215720194392 864.23259166197386 1670.6267170011997 50.572736344882287 1398.9632956766291 164.90522510383744 140.4466405758867 1602.9965181830339 940.07470314891543 385.68306502746418 1053.763223842252 644.40812568669207 2131.6514978765044 45.719334709690884 475.49957789969631 2242.0481422239682 71.670791914919391 1429.9390982558252 2270.3349909392418 1355.6838476873236 108.67746713710949
leaf_count=7195 187 13466 327 2053 5094 284 12254 2782 20304 9634 1349 2542 151 2085 294 291 2756 1606 616 1520 1013 3204 68 769 3596 120 2235 3538 2216 223
internal_value=-2.6483e-05 0.00138028 -0.00145435 -0.000658328 -0.00250113 -0.000814471 0.000399469 -0.00155305 0.000962746 0.00483753 0.00179159 -0.000215543 -0.00495638 -0.00359606 -0.0069019 -0.00529065 -0.00468235 0.011529 -0.0133963 -0.00363567 0.00207975 -4.56591e-05 -0.0246304 0.00206284 -0.00150555 0.00365512 -0.00315123 -0.0013504 -0.00711546 -0.00866546
internal_weight=65737.5 33107.3 32630.3 27075.5 12664.2 8488.26 25838.1 10746.2 14411.3 7269.14 15091.9 7281.67 2359.49 2263.2 1935.35 5554.76 5414.31 1075.62 515.504 4898.81 4922.19 3251.56 96.2921 2607.15 3295.81 7810.28 5309.98 3700.27 1609.7 1464.36
internal_count=103772 51524 52248 43142 20785 13590 40097 16542 22357 11427 23555 11181 3653 3434 3076 9106 8815 1793 943 7872 7528 4986 219 3973 5116 12374 8496 5773 2723 2439
is_linear=0
shrinkage=0.0398117


Tree=38
num_leaves=31
num_cat=0
split_feature=18 21 21 1 0 18 21 18 0 10 10 19 18 18 0 18 21 10 1 18 21 16 21 21 10 17 4 0 10 18
split_gain=80.0683 65.4582 48.775 48.0019 45.6625 42.6166 51.2836 42.1116 32.9265 32.5486 32.4758 32.8836 67.9211 44.1582 34.0205 32.4583 44.6618 34.0648 37.8196 28.6327 37.1825 32.5903 28.2518 28.2018 27.6955 26.9904 38.0387 30.4376 26.8703 28.6738
threshold=-0.058091631159186356 -0.053773691877722733 -0.036173962056636803 0.07528408989310266 0.45312500000000006 -0.13294097036123273 -0.18414206057786939 -0.3290975540876388 0.44460226595401769 0.010336820036172869 -0.18443161994218824 -0.14999118447303769 -0.17216216027736661 -0.38347558677196497 -0.36505682766437525 0.055483173578977592 0.085720460861921324 0.78729167580604564 -0.39914773404598231 0.60444065928459179 0.63261574506759655 0.34260569512844091 0.066817048937082305 -0.56286215782165516 0.82749569416046154 0.25539334863424307 -0.13304628431797025 0.14914772659540179 0.16792481392621997 0.096665639430284514
decision_type=2 2 2 2 2 2 2 2 2 2 2 2 2 2 2 2 2 2 2 2 2 2 2 2 2 2 2 2 2 2
left_child=1 5 4 -3 28 6 7 9 -8 23 -5 12 -12 14 -13 -4 17 18 22 20 -18 24 -17 -1 -21 -9 27 -27 29 -2
right_child=2 3 15 10 -6 -7 8 25 -10 -11 11 13 -14 -15 -16 16 19 -19 -20 21 -22 -23 -24 -25 -26 26 -28 -29 -30 -31
leaf_value=0.0041871989951200849 0.0047933410163044183 -0.01096022697570702 -0.0014973699748955568 0.014510517446476561 0.021127595438421194 0.0029422787771948801 -0.004336931039238664 0.0046083491479830575 -0.017695147789621703 -0.0016220605803323874 0.001523124396867443 -0.0017218618377868571 -0.028955553867193735 0.00015902906307366314 -0.032255793400488467 0.027719090221674944 0.00018738048864533485 -0.0084569878375432405 0.0042573399803660259 0.014688348749849011 -0.011669878488647742 -0.0017321088565893585 0.0014958964085720373 -0.015438478301558679 -0.0099020529317261387 -0.0025466886913255624 0.0034900222439295005 -0.018041593734164106 0.00057942840237379313 0.021065767722310356
leaf_weight=123.71346216392703 3499.2114158177283 1866.0254017467378 10144.275741743972 114.47198536200449 191.38074455561582 3726.860789479455 4228.96749361197 3079.4090782969724 273.43274697160814 5552.6386933835456 223.7938204400707 119.35342870326713 175.99895703839138 2082.6375203887001 74.99662142409943 149.96472399018239 17691.947697405354 261.09662216494326 4670.7072684558807 558.23173339490313 378.4422806276707 426.40704407542944 106.05799399490934 456.61966610932723 44.337993884924799 888.77832312998362 1344.7789352660766 219.07203867239878 2965.6438891476719 136.78464617894497
leaf_count=236 5524 3033 15731 226 337 5695 6791 5085 466 9002 392 212 355 3250 204 309 27495 387 7161 926 584 665 172 853 76 1422 2101 381 4547 281
internal_value=-7.16564e-05 -0.00186965 0.000999636 -0.00609266 0.00406987 -0.000867353 -0.00175313 -0.000351355 -0.00533713 -0.00261439 -0.00269816 -0.00369516 -0.0135453 -0.00170416 -0.0176868 0.000388341 0.00117824 0.00443514 0.00520184 0.000283336 -9.14195e-05 0.00658157 0.0188623 -0.0111996 0.0121903 0.00215501 -0.000946717 -0.00626976 0.00341745 0.00568804
internal_weight=65776 24551.5 41224.5 4657.28 6793.02 19894.3 16167.4 11665 4502.4 6132.97 2791.25 2676.78 399.793 2276.99 194.35 34431.5 24287.2 5187.83 4926.73 19099.4 18070.4 1028.98 256.023 580.333 602.57 5532.04 2452.63 1107.85 6601.64 3636
internal_count=103899 39704 64195 7672 10689 32032 26337 19080 7257 10091 4639 4413 747 3666 416 53506 37775 8029 7642 29746 28079 1667 481 1089 1002 8989 3904 1803 10352 5805
is_linear=0
shrinkage=0.0398117


Tree=39
num_leaves=31
num_cat=0
split_feature=18 21 21 18 21 21 18 0 9 18 15 21 17 4 5 10 0 10 12 18 11 10 12 21 10 15 4 12 4 12
split_gain=71.8099 57.7366 50.8486 46.2443 42.3216 36.8114 42.1629 34.1307 43.0085 33.3752 44.2669 41.4289 33.2831 35.0685 32.8803 42.9899 32.6368 32.2614 32.1247 31.6683 56.2633 31.498 31.2883 29.8484 29.1057 28.2866 31.9709 29.9985 27.5851 32.2124
threshold=0.010823292657732965 0.020210355520248417 -0.0042239350732415906 -0.18711137771606443 -0.2669259756803512 -0.32622727751731867 -0.44855967164039606 0.16619318723678592 0.28533792495727545 0.17105530947446826 0.043018432334065444 0.27053716778755194 0.43157629668712622 0.47179107367992407 -0.37499999999999994 0.24165926128625873 0.42471592128276831 0.07322536408901216 -0.038759291172027581 -0.26967006921768183 0.062496112659573562 0.089891273528337493 0.33294454216957098 -0.28061464428901667 0.23094420135021212 -0.045307219028472893 -0.46789334714412684 -0.197644367814064 0.4457684606313706 -0.15654087811708448
decision_type=2 2 2 2 2 2 2 2 2 2 2 2 2 2 2 2 2 2 2 2 2 2 2 2 2 2 2 2 2 2
left_child=2 -2 3 5 24 6 -1 14 19 11 21 12 13 25 -7 17 -4 -16 -13 20 -9 -11 -17 -21 -5 27 -27 -3 29 -14
right_child=1 9 16 4 -6 7 -8 8 -10 10 -12 18 28 -15 15 22 -18 -19 -20 23 -22 -23 -24 -25 -26 26 -28 -29 -30 -31
leaf_value=-0.0034251551988293757 0.0047304142957089301 -0.0017951181501644146 -0.0039931717722733956 0.014403607408770815 0.00025893386235073518 0.0039738952758632835 0.0029204555588782412 -0.029855083563206309 0.0068736895611381096 0.010583704522817827 0.00074209537154701951 0.0037886657211614887 0.013559398229032238 0.0079196814091222738 -0.0046852934746403818 -0.016145790896935217 -0.01837749659616511 0.0046325942082354379 -0.012749652815024928 0.0040146943834889438 -0.0026698543345172331 0.0018875249189177919 -0.0012867418317173021 -0.010659655503803617 0.0022947513938808266 0.0058400961154282637 -0.0017331052239224103 -0.0098385683968992745 -0.0073280003285563482 0.0024489669200518029
leaf_weight=3271.4819605342345 6299.7665233394364 1825.1811899427557 5527.2491768803447 532.99405178113375 13416.146527806646 905.94266635400709 3264.9896875859704 277.24583780427929 197.40788880933542 1384.1963463071734 9410.1715898852563 218.89860915625468 441.64408687478863 548.59761112974957 1665.808025768376 635.92542509885971 217.55305814545136 847.24558893567882 694.96067665051669 263.28991525724996 209.04257380985655 1281.4480150274467 350.51251851709094 795.63214551727287 741.29146310756914 1009.9850220499793 5232.7983190772356 1220.741700773011 322.91233360988554 2875.8259649894899
leaf_count=5395 10012 2855 8946 980 20547 1468 5202 566 310 2267 14545 323 662 921 2870 1083 405 1274 1145 379 345 1989 524 1310 1179 1477 8142 1979 561 4262
internal_value=0 0.00132066 -0.00130602 -0.000586955 0.000931417 -0.00234375 -0.000254543 -0.00454217 -0.00919223 0.000500983 0.00204056 -0.00079209 -0.000219775 -0.00142448 -0.00261671 -0.0043606 -0.00469468 -0.0015073 -0.00876354 -0.0114151 -0.0195115 0.00651972 -0.0111905 -0.00697408 0.00772028 -0.00201819 -0.000468099 -0.00513039 0.0030055 0.00411274
internal_weight=65886.9 32767.1 33119.8 27375 14690.4 12684.5 6536.47 6148.05 1742.62 26467.4 12075.8 14391.5 13477.7 9837.3 4405.43 3499.49 5744.8 2513.05 913.859 1545.21 486.288 2665.64 986.438 1058.92 1274.29 9288.71 6242.78 3045.92 3640.38 3317.47
internal_count=103923 51140 52783 43432 22706 20726 10597 10129 2910 41128 18801 22327 20859 15374 7219 5751 9351 4144 1468 2600 911 4256 1607 1689 2159 14453 9619 4834 5485 4924
is_linear=0
shrinkage=0.0398117


Tree=40
num_leaves=31
num_cat=0
split_feature=18 21 21 18 21 21 3 18 18 3 2 21 21 2 18 2 14 18 18 21 1 18 2 17 2 13 21 16 17 4
split_gain=65.9739 68.8521 49.4075 45.4782 60.5186 44.435 47.7932 41.82 40.0908 38.669 32.0236 30.9355 30.765 42.2767 30.3237 30.2423 29.8828 28.1756 27.3422 29.644 32.2005 29.8338 38.6471 32.5146 27.3186 27.1338 27.0373 25.6192 25.1664 48.029
threshold=-0.14464228600263593 -0.128083661198616 -0.18414206057786939 0.13985770940780642 0.18414857238531115 0.21999987214803698 0.21687450259923938 0.27269172668457037 -0.57647010684013356 0.49119704961776739 0.48153407871723181 0.50811395049095165 -0.51055508852004994 -0.14630681276321408 0.4593148678541184 0.41051135957241064 -0.013447920326143501 -0.32173828780651087 -0.054252579808235162 -0.0055373962968587867 0.48721592128276831 0.02152569126337767 0.42471592128276831 0.43157629668712622 0.47301135957241064 0.2057006433606148 -0.58160585165023793 0.33418332040309912 0.25539334863424307 -0.16428215801715848
decision_type=2 2 2 2 2 2 2 2 2 2 2 2 2 2 2 2 2 2 2 2 2 2 2 2 2 2 2 2 2 2
left_child=2 9 8 4 18 6 -5 -7 26 27 -4 14 13 -10 -9 16 -6 25 -3 20 24 22 -21 -23 -20 -14 -1 -2 -19 -30
right_child=1 3 10 5 15 7 -8 11 12 -11 -12 -13 17 -15 -16 -17 -18 28 19 21 -22 23 -24 -25 -26 -27 -28 -29 29 -31
leaf_value=-0.002066517942780417 0.0076499368965344356 -0.0026467193273771359 -0.0046852868542913116 0.0076225254639402064 -0.0030642879487479853 -0.0028212651430803721 0.00088466842603542679 0.0036687883038082785 -0.0038020823511152632 -0.0060650457151773789 -0.025386645318260018 -0.00075154482651761546 -0.0053856648613794999 0.011380575461310506 0.01624786370786005 -0.021388388729781875 -0.015919955098230638 0.0040000779551633611 0.0028515662982117537 -0.0021737525780879141 -0.0072051473658081592 -0.00070659588908583845 -0.015649562336436124 0.0045712087233598844 0.016829143125888797 0.0066951106892876996 -0.010488087518449526 -0.0031066802728076473 -0.0085080766835636239 0.0031995179358737954
leaf_weight=2006.6725586476969 3572.4858382779639 5647.3845185331302 5700.5473353989655 3423.1406147722155 1714.9342382294126 4171.2767190349987 3251.9602741065901 2488.0396537944907 401.73781188915018 378.54698953812476 73.194694868521765 2469.6956684374018 2093.8923932166072 823.31144972378388 307.06926166429184 166.40323937428184 305.04237703362014 2696.7468031775206 6035.5914414693834 3708.3283945084549 441.13523900520522 7390.4162596936803 324.47309028799646 2411.1892029084265 182.80933301639743 295.77542683889624 840.75735154503491 357.88959016848821 900.14880494994577 1287.5925928642973
leaf_count=3321 5862 8798 9356 5445 2576 6532 5063 3727 667 595 153 3777 3389 1359 540 294 589 4379 9174 5832 687 11412 562 3545 321 469 1483 554 1470 1963
internal_value=-6.29551e-05 0.000683597 -0.00218561 0.000214576 -0.000745208 0.00190043 0.0043733 0.000135426 -0.000650804 0.00545836 -0.0051674 0.00248605 0.000721806 0.00642577 0.00531773 -0.00703039 -0.00535254 -0.000273248 -0.000206385 0.000469933 0.00264235 -0.000580083 -0.00344061 0.000606233 0.00339668 -0.00377335 -0.00469628 0.00663733 0.00145583 -0.00168988
internal_weight=65868.2 48747.8 17120.4 44438.9 28327.7 16111.2 6675.1 9436.08 11346.6 4308.92 5773.74 5264.8 8499.21 1225.05 2795.11 2186.38 2019.98 7274.16 26141.3 20493.9 6659.54 13834.4 4032.8 9801.61 6218.4 2389.67 2847.43 3930.38 4884.49 2187.74
internal_count=103894 75885 28009 68874 43790 25084 10508 14576 18500 7011 9509 8044 13696 2026 4267 3459 3165 11670 40331 31533 10182 21351 6394 14957 9495 3858 4804 6416 7812 3433
is_linear=0
shrinkage=0.0398117


Tree=41
num_leaves=31
num_cat=0
split_feature=3 10 21 20 11 20 21 14 4 1 17 20 17 10 10 11 4 21 17 11 11 0 0 11 11 17 3 17 20 20
split_gain=19.9349 27.7538 20.2404 25.9896 20.1798 19.6405 23.8219 24.1019 21.9846 28.2801 27.4106 26.558 23.9326 20.7181 19.3486 21.454 29.7611 19.2982 19.0824 21.3289 18.2899 24.8165 21.8738 17.9959 17.9923 18.6726 20.3993 20.925 17.4795 21.5118
threshold=-0.50170147418975819 -0.055502755567431443 -0.13472266495227811 0.11316256597638132 0.31887546181678778 -0.36231037974357599 -0.41678440570831293 1.6842666268348696 0.27317175269126898 0.45312500000000006 -0.36139076948165888 -1.0592834949493406 0.29670645296573644 0.21621393412351611 0.50118607282638561 0.093385774642229094 -0.14873931556940076 -0.69698184728622425 0.029519631527364257 0.077625673264265074 -0.37641023099422449 -0.22301135957241056 0.47585226595401769 -0.25086447596549982 -0.072631645947694765 -0.14687904715538022 0.26693189144134527 -0.17600316554307935 0.31527754664421087 0.21381334960460666
decision_type=2 2 2 2 2 2 2 2 2 2 2 2 2 2 2 2 2 2 2 2 2 2 2 2 2 2 2 2 2 2
left_child=1 2 23 -4 5 6 7 8 10 11 -2 -10 -11 20 15 -8 -17 -13 -12 -20 21 -7 -23 -1 25 26 -22 -28 29 -5
right_child=4 -3 3 28 -6 13 14 -9 9 12 18 17 -14 -15 -16 16 -18 -19 19 -21 24 22 -24 -25 -26 -27 27 -29 -30 -31
leaf_value=-5.6397613035848514e-05 -0.012774938636813216 0.0071493829002755261 0.00475058434173912 -0.0025738474009611811 -0.0022863243191405622 0.02064295680780209 0.018453083870927253 0.014853983968167773 -0.0069666249479578835 -0.0096074792220412607 0.0033855666483734613 0.022915997933355952 0.012917920306767638 -0.0015739883861668972 -0.0033551690332198152 0.012011207591251516 -0.00097801576510233353 0.005299884079174773 -0.0016418117476034557 -0.019471547437747112 0.0048472724726880134 0.0015011209705469313 0.015934482967801412 -0.022110109167318089 0.00069086804720462289 -0.0018794006449022501 -0.0069976335057834564 0.011299480588274135 0.0058979697825382637 -0.02393961207348879
leaf_weight=109.41228880523704 317.07281410857104 1407.8767844932154 958.93772913177963 205.72058564203326 6045.587370251189 79.83827667683363 234.2661621842999 120.82030177186243 85.803198880865239 253.04990475194063 800.04704355576541 166.35268204775639 49.79875038319733 11511.193077089614 228.66812095860951 505.36741275875829 541.88627900590654 260.37918493768666 490.37203614611644 89.62329903524369 1405.8271181376185 2154.7101130883675 131.43390202603769 69.781144975684583 26950.3858218448 9830.8111824595835 487.30875704658683 72.415614955010824 89.624275301001035 82.004772370681167
leaf_count=166 566 2142 1420 308 9557 163 463 255 136 421 1275 297 84 17740 367 833 857 405 781 161 2312 3434 256 166 42216 15572 819 120 129 153
internal_value=4.09133e-05 0.00322612 -0.000515247 0.00129617 -0.000109461 0.000123825 0.00274589 0.000421199 -0.000543167 0.00464615 -0.00311002 0.0100095 -0.00448734 -8.46615e-05 0.00664542 0.00850953 0.00553236 0.0138703 -0.000508357 -0.00575128 0.000333255 0.00369388 0.00266367 -0.0114487 0.000123045 -0.00116999 0.0023261 -0.00384532 -0.00695771 -0.0113449
internal_weight=65736.4 2923.36 1515.48 1336.29 62813 56767.4 4143.51 2633.32 2512.5 815.384 1697.12 512.535 302.849 52623.9 1510.19 1281.52 1047.25 426.732 1380.04 579.995 41112.7 2365.98 2286.14 179.193 38746.7 11796.4 1965.55 559.724 377.35 287.725
internal_count=103574 4484 2342 2010 99090 89533 6901 4381 4126 1343 2783 838 505 82632 2520 2153 1690 702 2217 942 64892 3853 3690 332 61039 18823 3251 939 590 461
is_linear=0
shrinkage=0.0398117


Tree=42
num_leaves=31
num_cat=0
split_feature=18 21 21 18 1 12 21 1 14 18 9 21 0 20 20 11 17 0 20 17 8 15 3 3 0 21 18 18 19 21
split_gain=71.1242 59.3753 57.4883 34.1665 30.7127 38.8873 30.4838 48.9337 31.0855 35.7126 29.4676 29.2414 29.3172 28.9404 27.779 27.5067 26.2415 25.5506 24.3742 26.9458 30.6599 25.7278 25.5439 25.0167 53.5337 23.1212 56.2711 43.0292 46.4944 35.3357
threshold=1.0000000180025095e-35 0.038461927324533469 0.083113092929124846 0.12257515639066698 0.041193181648850448 -0.197644367814064 0.1724154204130173 -0.24005681276321408 -0.080301173031330095 0.15868259221315387 -0.17128694057464597 0.15546753257513049 0.40198864042758947 0.028709064237773422 -0.053737180307507508 -0.14025406539440152 0.20732057839632037 -0.32528407871723169 0.16258373111486438 0.58920609951019298 0.15832942724227908 0.083164360374212279 -0.33851151168346399 0.38402506709098821 -0.041193181648850434 -0.061080837622284882 -0.13294097036123273 -0.99757909774780262 -0.14815028756856916 -0.18414206057786939
decision_type=2 2 2 2 2 2 2 2 2 2 2 2 2 2 2 2 2 2 2 2 2 2 2 2 2 2 2 2 2 2
left_child=2 4 25 11 5 -2 7 -5 9 13 16 -3 18 -9 -11 -12 -4 -10 21 20 -20 -13 -21 24 -23 26 29 -27 -29 -1
right_child=1 3 10 6 -6 -7 -8 8 17 14 15 12 -14 -15 -16 -17 -18 -19 19 22 -22 23 -24 -25 -26 27 -28 28 -30 -31
leaf_value=-0.00033622688522459769 -0.0042730383791209159 -0.00048476717754979576 -0.009830409073267838 0.014158929737860747 0.0023342178996080326 0.0091046647290776855 0.00026959864812695262 0.0086841459539608867 -0.0075954464570739668 -0.0035582091448896672 0.0089991787018123409 0.0089257337070966624 -0.020189441598591876 -0.0038925110316240727 0.015878134541812174 -0.0075906593513959683 -0.039618541837299466 0.0017724502526848651 -0.020163306911670547 -0.015775585725846111 -0.00053580318600439933 0.021656485527832465 0.0074329295232465559 -0.017777571831037169 -0.0065757430894743214 0.021008909431885818 0.0030182047549662801 -0.0085480904003430516 -0.0014632737180755989 -0.0045391389379435846
leaf_weight=11659.450405729469 362.80489040538669 6036.8586246870691 222.28871256986167 603.87643728987314 5321.9467968522804 2595.038874826394 12492.661516574444 448.09415469889063 584.34321061067749 118.31583639420569 135.12501489545684 303.34824301244225 163.0684076877078 643.04068255971652 612.1232435713755 1276.8779518248048 36.215408629737794 1637.350736734923 346.52292637282517 52.69395910250023 190.43964286928531 88.295487424358726 218.2098278652411 114.77829032111913 396.66302682622336 69.314880138845183 6016.9296456101583 1812.3859309530817 7121.6830202981364 4314.9091009652475
leaf_count=19047 588 9176 369 1025 8161 4168 19190 658 900 224 221 493 304 971 959 2082 124 2679 605 117 277 174 334 237 579 158 9275 2810 11164 6923
internal_value=-2.13271e-05 0.00127126 -0.00134078 0.00030164 0.00418324 0.00741085 0.00130029 0.00403472 0.00236416 0.00614597 -0.00842604 -0.00185417 -0.00612912 0.00141149 0.012657 -0.00573243 -0.0197888 -0.000794676 -0.00424485 -0.00904984 -0.0138524 0.000280444 0.00105312 -0.00440839 7.92052e-05 -0.000945353 -0.000246688 -0.00263893 -0.00294211 -0.00148326
internal_weight=65995.7 33330.5 32665.2 25050.7 8279.79 2957.84 17139.8 4647.14 4043.27 1821.57 1670.51 7910.88 1874.02 1091.13 730.439 1412 258.504 2221.69 1710.95 807.866 536.963 903.085 270.904 599.737 484.959 30994.7 21991.3 9003.38 8934.07 15974.4
internal_count=103992 51819 52173 38902 12917 4756 26606 7416 6391 2812 2796 12296 3120 1629 1183 2303 493 3579 2816 1333 882 1483 451 990 753 49377 35245 14132 13974 25970
is_linear=0
shrinkage=0.0398117


Tree=43
num_leaves=31
num_cat=0
split_feature=18 21 21 0 0 18 21 21 4 3 16 18 12 9 4 9 18 16 14 18 15 12 9 18 11 9 11 8 15 18
split_gain=59.0925 60.1027 49.1231 48.7989 42.8943 33.8076 38.1635 37.0911 36.2209 43.6086 52.6216 32.0561 30.7668 29.3894 37.7208 27.4342 32.7226 27.0303 26.6982 25.5513 27.0443 25.0581 24.5143 30.8743 23.0405 36.0856 22.6035 22.0386 21.7876 21.6309
threshold=0.055483173578977592 0.088327828794717803 0.053773691877722747 0.47017045319080358 0.47017045319080358 -0.18711137771606443 -0.1420982554554939 -0.32622727751731867 0.44198071956634527 -0.41401703655719752 0.18935833126306537 -0.32173828780651087 -0.2823041677474975 0.18648433685302737 0.093124173581600203 0.22327942401170733 -0.26967006921768183 -0.3865386694669723 0.085947815328836455 0.17105530947446826 0.70814901590347301 0.53321897983551036 -0.3136573582887649 -0.11541661992669104 -0.31105181574821467 -0.66454771161079396 0.19999618083238604 -0.66760110855102528 1.0480030775070193 -0.054252579808235162
decision_type=2 2 2 2 2 2 2 2 2 2 2 2 2 2 2 2 2 2 2 2 2 2 2 2 2 2 2 2 2 2
left_child=2 4 5 22 24 7 13 11 9 10 15 -1 -10 -7 -15 16 27 -14 -18 20 -3 -22 23 -4 25 -2 -6 -9 -23 -8
right_child=1 19 3 -5 26 6 29 8 12 -11 -12 -13 17 14 -16 -17 18 -19 -20 -21 21 28 -24 -25 -26 -27 -28 -29 -30 -31
leaf_value=-0.0012427509373818075 -0.0037887124301471853 -0.00088237535303731837 -0.029923721630323769 -0.027359163154083564 0.036908631090020634 0.0049265612855773503 -0.0020779283300546752 8.5524721991349101e-05 -0.0013236610582051712 -0.0012647744835149073 0.0040162218026414363 0.0059162878290536583 0.0053716634476675441 -0.0095506236583306758 0.0064608850188095359 0.0027116742144660953 -0.028078501945848492 -0.021280118169348983 -0.0056457645139072494 0.0014578218140371129 0.00036925590562179069 -0.02641995442692208 -0.0031633129587260406 -0.0031933383555043169 0.003453857499302394 0.021192218456790854 0.0018540665799618669 -0.034702584612343407 -0.0028407338546801719 0.00082608489197769054
leaf_weight=5401.6556984557537 112.80291140696499 7292.6076238878304 77.802115485887043 95.738112424965948 48.732818087562919 4153.4783903635107 6997.6893483094173 29.179676454281434 275.38507806265261 4546.9712008755887 294.71081329893786 1160.9018849990098 45.97375786176417 510.50263582356274 351.72446829569526 107.14034728438128 64.669740052311681 403.99356199090835 471.12046600959729 11353.046864792588 193.51859621610492 132.95960564143024 4750.9336551047163 178.00683609128464 6917.3933800256345 231.34240279195365 48.971993127488531 163.70425420522224 115.44989998580422 9549.8229388026521
leaf_count=8676 200 11192 192 213 149 6652 10952 37 465 7292 451 1949 68 849 552 155 143 750 749 17644 276 260 7550 258 10697 408 76 372 201 14547
internal_value=-1.52502e-05 0.00144029 -0.00098766 -0.00461424 0.00448377 -0.0004453 0.000519995 -0.00204807 -0.00419141 -0.00305416 -0.00987658 5.5644e-05 -0.0123008 0.00354405 -0.00299407 -0.0147608 -0.0173849 -0.0182017 -0.0105614 0.00025727 -0.00150051 -0.010536 -0.00390864 -0.0149066 0.00401978 0.0134659 0.0257807 -0.0302261 -0.0177824 -0.000403289
internal_weight=66077.9 26446.8 39631.1 5102.48 7359.24 34528.6 21563.2 12965.4 6402.85 5677.5 1130.53 6562.56 725.352 5015.71 862.227 835.814 728.674 449.967 535.79 19087.6 7734.54 441.928 5006.74 255.809 7261.54 344.145 97.7048 192.884 248.41 16547.5
internal_count=103975 41103 62872 8213 11530 54659 33552 21107 10482 9199 1907 10625 1283 8053 1401 1456 1301 818 892 29573 11929 737 8000 450 11305 608 225 409 461 25499
is_linear=0
shrinkage=0.0398117


Tree=44
num_leaves=31
num_cat=0
split_feature=18 20 11 0 11 18 20 20 14 17 18 3 10 15 17 4 5 5 14 17 20 11 15 18 12 0 12 15 18 19
split_gain=61.9115 30.1303 45.832 34.8067 27.9244 45.8467 28.163 27.4488 30.745 27.1311 25.2023 40.7674 33.1394 34.9445 45.8186 33.4008 32.7296 26.3286 25.9274 24.6094 24.0817 24.0541 23.0955 27.8504 42.8789 32.104 30.9741 27.1744 23.0152 23.0043
threshold=1.0000000180025095e-35 0.061988044530153281 -0.020528846420347687 -0.20028409361839292 -0.33609098196029658 -0.40806765854358668 0.1560536324977875 -0.12763735651969907 1.3309726715087893 -0.28128147125244135 -0.3290975540876388 0.23870303481817248 -0.084775839000940309 -0.049915514886379235 -0.25230116397142405 -0.39595885574817652 -1.0000000180025095e-35 0.37500000000000006 0.082411233335733428 -0.14871278405189511 0.24473365396261218 -0.14025406539440152 0.87058371305465709 0.29731050133705145 0.15563751012086871 0.44460226595401769 -0.16700972616672513 0.17819508165121081 -0.097563583403825746 -0.13750577718019483
decision_type=2 2 2 2 2 2 2 2 2 2 2 2 2 2 2 2 2 2 2 2 2 2 2 2 2 2 2 2 2 2
left_child=4 2 3 -2 5 7 10 8 9 -1 11 17 13 15 -15 -12 28 19 -13 -6 -8 -22 23 24 26 -26 -3 -27 -17 -14
right_child=1 22 -4 -5 6 -7 20 -9 -10 -11 12 18 29 14 -16 16 -18 -19 -20 -21 21 -23 -24 -25 25 27 -28 -29 -30 -31
leaf_value=-0.012578814525455628 0.004504646270587785 0.0012929668847322389 0.0016164700835040757 0.016920512111110463 -0.016221938276407489 0.0034271337520997746 -0.012626762647661313 -0.0071060122818101656 0.011039941883743421 0.00042715049124753582 0.0042718563479512851 0.0056667414857884428 -0.0033160760520804708 0.013292096216578776 -0.0080602216418510422 -0.011650572462605067 0.0005302854568973172 -0.019550889424863927 -0.0053527519216219127 -0.003290758257578959 0.0048605920737163537 -0.010557693943083661 -0.0089276564681450548 0.003017477918312124 0.0059094463404212646 0.0071536552510515642 -0.0032178550238576233 -0.018707170530263082 -0.0023736749013516189 0.00083907514676801018
leaf_weight=260.25695419916883 1240.8361066582147 3573.3818037576275 13934.308315471164 491.82500282116234 265.91169252828695 4387.5974201131612 659.6383294435218 1310.7042362015927 297.27738664101344 1357.7284981760895 1253.6369721724186 641.19818427052815 2568.6412751062308 123.55543838860467 2574.3736063507386 823.96762494125869 1839.2532801644411 280.13831308344379 611.50014971825294 1059.0963458426995 347.30062367639039 218.29651034087874 397.48196530505084 4213.668626861996 1973.5818992136046 66.933429852011614 7201.923287497717 119.16332940966822 895.89801984047517 10846.331656132359
leaf_count=453 1937 5618 21187 864 443 6784 1051 2249 622 2065 2151 1059 3881 233 4345 1352 2991 516 1008 1768 597 395 619 6562 3066 127 11427 243 1334 16783
internal_value=-8.13967e-05 0.00112739 0.00239341 0.00841099 -0.00131252 0.000792556 -0.00195455 -0.00278168 0.000271042 -0.00196666 -0.00164066 -0.00511805 -0.00115377 -0.00326157 -0.00684726 -0.00119835 -0.00316303 -0.00921993 0.000270652 -0.00639501 -0.00772974 -0.00143836 -5.4222e-06 0.000225591 -0.000690455 0.00436373 -0.00172088 -0.00968821 -0.00702914 3.25586e-05
internal_weight=65835.4 33213.1 15667 1732.66 32622.3 7613.56 25008.7 3225.97 1915.26 1617.99 23783.5 2857.84 20925.7 7510.68 2697.93 4812.76 3559.12 1605.15 1252.7 1325.01 1225.24 565.597 17546.1 17148.7 12935 2159.68 10775.3 186.097 1719.87 13415
internal_count=103730 51650 23988 2801 52080 12173 39907 5389 3140 2518 37864 4794 33070 12406 4578 7828 5677 2727 2067 2211 2043 992 27662 27043 20481 3436 17045 370 2686 20664
is_linear=0
shrinkage=0.0398117


Tree=45
num_leaves=31
num_cat=0
split_feature=18 21 21 18 21 18 11 0 21 0 20 18 21 18 14 16 0 10 8 21 20 20 18 21 18 4 19 10 11 21
split_gain=52.0234 58.3314 49.0668 33.2684 42.1164 32.4795 45.078 32.3 31.7296 56.5614 27.634 27.2796 25.7987 35.6244 36.2241 34.4211 25.6023 31.8143 25.5047 30.4502 31.9015 40.3939 25.437 28.4329 31.8792 26.9163 26.3607 27.9217 24.7268 24.5951
threshold=-0.14464228600263593 -0.11504682525992392 -0.18414206057786939 0.02152569126337767 0.085720460861921324 -0.40806765854358668 -0.61777612566947926 0.48153407871723181 0.053773691877722747 0.45880682766437536 0.24473365396261218 -0.99757909774780262 -0.69698184728622425 -0.68872055411338795 1.3309726715087893 0.094420801848173155 0.47585226595401769 -0.12385947629809378 0.037917181849479682 -0.10091163590550421 0.035874240100383765 -0.089895855635404573 0.17105530947446826 0.35819034278392797 0.29825963079929357 -0.49624775350093836 -0.12409475445747374 0.0024718657368794088 0.13964598625898364 0.27053716778755194
decision_type=2 2 2 2 2 2 2 2 2 2 2 2 2 2 2 2 2 2 2 2 2 2 2 2 2 2 2 2 2 2
left_child=2 16 5 4 10 12 -7 11 9 -5 -3 28 13 14 -1 -14 17 -2 19 20 21 -13 29 25 -25 26 -24 -28 -4 -10
right_child=1 3 7 8 -6 6 -8 -9 22 -11 -12 18 15 -15 -16 -17 -18 -19 -20 -21 -22 -23 23 24 -26 -27 27 -29 -30 -31
leaf_value=-0.0077899634561094206 -0.0067823101128690333 -0.00096197223134387349 0.021935247985999641 0.0026089945073207075 -0.0077846096542819139 0.014539070904329239 0.00051280727631009243 -0.024958347669339281 -0.00061079326973792112 0.024273095826138603 0.013374369384724978 -0.0010599881907665549 -0.007213627565996022 0.0093812882132545353 0.006225295485550536 0.004122604359045383 0.019032731860555232 0.0049479654567157654 -0.0015495303997670226 -0.01060335155519309 0.0067537948155813607 -0.016506875942206626 0.0082588891641464032 -0.0071326366502535961 0.00076767763530166103 0.0038316443110837772 -0.017874227736980938 0.002010365583423373 -0.0084063050825257234 -0.0073355937876350384
leaf_weight=770.60294095345307 353.165763123543 12305.729357827688 67.89732660446316 6642.9583149984246 1449.4514911066508 334.42340160929598 6499.7267549037933 76.192321945447475 10529.45977562794 146.94291111303028 165.75249561108649 861.21748318814207 2390.2037216023309 491.27941101801116 406.54513025842607 476.32136287773028 142.02789051632863 4504.1792300558882 2285.8475947076222 1751.5921141413273 367.10637394420337 345.89193960558623 127.47109481575899 966.89376097777858 3908.6525111307856 6348.0948610076448 226.85177835961804 167.99186120799277 30.096385351382196 890.68100149929523
leaf_count=1195 583 18926 151 10129 2294 542 10496 153 16214 292 299 1386 3906 774 790 800 252 7203 3519 2972 610 642 189 1473 6005 9961 394 271 59 1434
internal_value=-7.00219e-05 0.000591868 -0.00195322 0.000124972 -0.00147937 -0.000426327 0.00130261 -0.00492117 0.000872409 0.00325506 -0.000716943 -0.00443544 -0.00302181 0.00089007 -0.00287324 -0.00528293 0.00464395 0.00402996 -0.00484529 -0.00704904 -0.0028808 -0.00597868 0.000167738 0.00146617 -0.000851203 0.00310808 -0.00521127 -0.0100703 0.0125556 -0.0011666
internal_weight=66031.2 48876.3 17154.9 43876.9 13920.9 11369.1 6834.15 5785.84 29956 6789.9 12471.5 5709.65 4534.95 1668.43 1177.15 2866.53 4999.37 4857.34 5611.66 3325.81 1574.22 1207.11 23166.1 11746 4875.55 6870.41 522.315 394.844 97.9937 11420.1
internal_count=103914 75919 27995 67881 21519 18503 11038 9492 46362 10421 19225 9339 7465 2759 1985 4706 8038 7786 9129 5610 2638 2028 35941 18293 7478 10815 854 665 210 17648
is_linear=0
shrinkage=0.0398117


Tree=46
num_leaves=31
num_cat=0
split_feature=18 21 21 1 12 18 1 17 1 18 10 21 4 4 1 12 18 14 21 21 10 4 12 17 11 1 19 12 5 14
split_gain=55.6047 51.217 50.424 36.7157 35.122 31.6136 30.3013 34.7853 29.955 28.0377 48.9946 44.8148 37.1088 31.5214 30.7416 39.6226 26.7112 32.9003 49.3527 34.2299 38.6205 33.7922 30.1749 26.224 25.9334 25.8181 30.9583 25.3545 25.3131 24.9916
threshold=1.0000000180025095e-35 -0.0042239350732415906 0.055735735222697265 -0.48437499999999994 0.44835335016250616 0.17105530947446826 -0.43323864042758936 0.43157629668712622 -0.43323864042758936 -0.29062251746654505 -0.033625600859522813 -0.30219061672687525 0.36638951301574713 0.45299275219440466 0.14914772659540179 0.19336192309856418 0.031402070075273521 -0.096646711230278001 0.27053716778755194 0.13428267836570743 -0.14285228401422498 -0.020373876206576821 -0.1634019464254379 0.060835611075162895 0.2357895374298096 0.47301135957241064 0.08404515311121942 0.39586620032787329 0.37500000000000006 -0.058011801913380616
decision_type=2 2 2 2 2 2 2 2 2 2 2 2 2 2 2 2 2 2 2 2 2 2 2 2 2 2 2 2 2 2
left_child=1 9 3 -2 -5 6 -4 29 -3 10 13 12 14 -1 27 23 22 19 21 20 -18 -19 -9 -16 -7 -12 28 -11 -27 -8
right_child=2 8 5 4 -6 24 7 16 -10 11 25 -13 -14 -15 15 -17 17 18 -20 -21 -22 -23 -24 -25 -26 26 -28 -29 -30 -31
leaf_value=-0.01537991261735986 0.022391188638075342 -0.019787828533451599 -0.0077163633560154007 0.0026269080815585627 0.013866398763822086 0.0032573458122283861 -0.00031945567416685104 0.0092351532272971458 -0.0040286001229513186 0.011294398315023203 -0.00088422975963874963 -0.00027825537734803269 0.016956033713515131 0.012605003631605582 0.0013979036906125793 0.0092524472657737715 0.017098258712594652 0.028961449209185103 -0.0045664037851606484 -0.0017879238898717256 -0.0025388967242068422 0.0072022506806242092 -0.0096933186806150602 -0.01874590160421126 -0.00048732670663872838 0.0082810389563098847 -0.019106083166061036 -0.0013711000398099779 -0.015492674435781239 -0.0050356261034256592
leaf_weight=559.95888376864605 111.07907087600324 152.40796490269713 1024.9099552599946 9344.9191028277855 416.93268042744603 6462.0387322594179 4508.4001974096755 137.28403041476849 5432.3702195103979 692.48709876311477 7287.7061098782578 17034.443143799901 347.67887117003556 30.810080565745011 150.95201644930057 185.48025066952687 341.75184565386735 198.0550901228562 191.94926628889516 1375.438369939453 243.13336528185755 295.68322834838182 437.09528380364645 217.42966204369441 5293.6875023184111 167.4515682940837 227.99644398270175 357.76229585753754 53.497147215995938 2911.0833214712329
leaf_count=1066 235 305 1719 14380 686 10046 6868 236 8808 1118 11695 26455 593 66 258 294 547 366 300 1852 314 479 724 377 8209 277 388 583 99 4687
internal_value=-1.71454e-05 -0.00117733 0.00112872 0.00350726 0.00317715 0.000119919 -0.00134464 -0.000695908 -0.00463363 -0.00046277 -0.00238168 0.000381877 0.0060165 -0.0129671 0.00319645 -0.00412657 0.00272921 0.0044181 0.0116086 0.00166851 0.009326 0.0178015 -0.00474246 -0.0112326 0.00157432 -0.00149301 -0.0102557 0.0070889 0.000597832 -0.00219356
internal_weight=66191.9 32898.4 33293.4 9872.93 9761.85 23420.5 11664.8 10639.9 5584.78 27313.7 8327.42 18986.2 1951.79 590.769 1604.11 553.862 3220.39 2646.01 685.688 1960.32 584.885 493.738 574.379 368.382 11755.7 7736.65 448.945 1050.25 220.949 7419.48
internal_count=104030 52382 51648 15301 15066 36347 18092 16373 9113 43269 13591 29678 3223 1132 2630 929 4818 3858 1145 2713 861 845 960 635 18255 12459 764 1701 376 11555
is_linear=0
shrinkage=0.0398117


Tree=47
num_leaves=31
num_cat=0
split_feature=18 11 18 8 20 10 0 20 15 12 18 11 10 12 11 20 18 11 10 20 18 8 20 15 20 20 13 18 0 10
split_gain=44.9178 32.6071 49.7584 35.1614 50.0483 29.6918 34.5884 28.3884 25.6729 31.2692 32.9275 26.4554 29.244 24.8936 24.8283 31.1771 30.0719 28.3485 27.3283 26.9179 26.2258 39.5674 37.5474 34.7553 32.9543 25.0251 27.4787 24.5028 24.3451 23.0876
threshold=-0.058091631159186356 -0.33609098196029658 -0.40806765854358668 -0.0068748693447560063 0.15766175836324695 0.21143111586570743 -0.24005681276321408 0.061988044530153281 0.7586328685283662 0.48039451241493231 0.29731050133705145 0.23185022920370105 0.20674671232700351 0.19336192309856418 0.33123157918453222 -0.47421868145465845 0.21241156756877902 0.42366224527359014 0.19766114652156833 -0.058481961488723748 0.096665639430284514 -0.080386541783809648 -0.1178031526505947 -0.051950845867395394 -0.067558705806732164 0.02633590251207352 0.33929362893104559 0.13985770940780642 0.19460227340459826 0.1600655019283295
decision_type=2 2 2 2 2 2 2 2 2 2 2 2 2 2 2 2 2 2 2 2 2 2 2 2 2 2 2 2 2 2
left_child=1 2 -1 4 -3 6 -4 14 9 10 11 -9 -13 -12 15 -2 19 -18 20 -16 21 -17 -22 -24 -25 27 -27 -26 -10 -19
right_child=7 3 5 -5 -6 -7 -8 8 28 -11 13 12 -14 -15 16 18 17 29 -20 -21 22 -23 23 24 25 26 -28 -29 -30 -31
leaf_value=-0.0026389219203386766 0.014324428811189121 -0.0034163672805359395 0.027515395598883791 -0.00049258633501245185 -0.019235082043215234 2.9703608632757112e-05 0.0057081376468737345 -0.00075701046654612662 -5.93702407489574e-05 0.0085711796010387222 0.0044427266410604601 -0.010513563513178273 0.012667160204172589 -0.0034644360379651215 -0.0015160817561783492 0.0062722639255656173 0.015641518391888806 -0.005848889755017737 -0.0010001220487424753 -0.011714390125438668 0.020240317983502475 0.00032157427157345148 0.013553377922060279 -0.0093469475270061293 0.0013754037518344457 0.0045720485248214818 -0.006049911320426862 0.010288469831774978 -0.014551354124945903 0.0055901774454563688
leaf_weight=3221.0447148351232 292.83395118475892 8418.369963510544 77.134315837174654 9032.293120394228 282.664011160261 1650.0463187807472 2024.6652439893223 13854.087032220676 358.22913898376282 601.3324096162105 3179.0779935813043 704.95295830490068 52.167626969516277 740.96040227240883 1907.8301913507748 2281.9915719629498 204.11776940256823 433.56725971808191 3432.8413628529524 481.04822044959292 209.69393147609662 7412.6475767862285 535.11029130569659 265.71846068406012 820.24097607075237 869.62984114035498 613.87093278160319 1244.9821682851762 331.6187484866241 610.61572060955223
leaf_count=5373 473 13781 165 14276 529 2445 3205 21716 532 977 4902 1107 81 1168 2965 3650 407 647 5226 777 385 11193 883 475 1193 1348 832 1832 543 914
internal_value=6.9693e-06 -0.00133476 0.000964605 -0.00224028 -0.00403928 0.00405811 0.00713931 0.000808042 -0.000279146 1.04509e-06 -0.000298326 -0.00116942 -0.00817777 0.00291722 0.0018043 0.00241053 -0.00117864 0.00372572 0.00217233 -0.00377457 0.00293868 0.00174932 0.00541746 0.00447684 0.0030398 0.00409066 0.000111361 0.00687106 -0.00755233 0.000773067
internal_weight=66145.4 24706.2 6972.89 17733.3 8701.03 3751.85 2101.8 41439.2 19822.4 19132.6 18531.2 14611.2 757.121 3920.04 21616.7 17979.6 3637.18 1248.3 17686.7 2388.88 14253.9 9694.64 4559.25 4349.55 3814.44 3548.72 1483.5 2065.22 689.848 1044.18
internal_count=104000 39774 11188 28586 14310 5815 3370 64226 31026 29951 28974 22904 1188 6070 33200 27490 5710 1968 27017 3742 21791 14843 6948 6563 5680 5205 2180 3025 1075 1561
is_linear=0
shrinkage=0.0398117


Tree=48
num_leaves=31
num_cat=0
split_feature=18 21 21 1 18 21 1 21 16 5 10 21 19 18 1 21 18 18 21 21 18 1 9 12 1 20 12 17 16 0
split_gain=43.8252 55.4383 36.4388 36.7037 36.6809 34.0167 43.7056 32.2701 31.2763 31.8333 29.7096 29.9883 30.076 28.761 33.8421 28.6381 26.1827 25.9135 47.1186 30.5373 41.989 28.5717 27.2734 26.3313 25.1945 40.403 26.0822 24.5242 28.3974 24.3066
threshold=-0.096240367740392671 -0.090928677469491945 -0.17240890115499494 -0.40482954680919642 -0.38347558677196497 -0.54591426253318776 -0.34232954680919642 -0.44406723976135248 0.060047440230846412 0.37500000000000006 0.13103125989437106 -0.56286215782165516 1.0000000180025095e-35 0.10021138936281206 0.052556818351149566 -0.32622727751731867 -0.13916920125484464 0.13985770940780642 0.18414857238531115 0.35819034278392797 0.29825963079929357 -0.41051135957241053 0.10609166696667673 -0.035305887460708611 0.30255682766437536 -0.36231037974357599 0.53321897983551036 0.31871135532855993 -0.30478011071681971 -0.32528407871723169
decision_type=2 2 2 2 2 2 2 2 2 2 2 2 2 2 2 2 2 2 2 2 2 2 2 2 2 2 2 2 2 2
left_child=2 10 4 -4 5 -1 -7 -6 9 24 -2 -12 -13 14 -14 -10 -9 18 -3 -19 22 -20 23 -21 26 -26 -8 -5 -29 -16
right_child=1 17 3 27 7 6 8 16 15 -11 11 12 13 -15 29 -17 -18 19 21 20 -22 -23 -24 -25 25 -27 -28 28 -30 -31
leaf_value=0.00016184114580511928 0.0089740492532042176 -5.9842197958037699e-05 -0.012021585974524763 -0.0016642908628073979 0.009892687042382017 -0.019489550459470359 -0.0087917571506843477 -5.4613241081060233e-05 0.012105142353591411 -0.014597635712633261 0.019255798842073787 0.0089259386864148881 0.0031867153386543495 0.005959883219375497 -0.0018522666433307398 -0.0055257097616708897 0.0076425186885303179 0.0026357050966269373 -0.019692610319427654 -0.00057460886994775457 0.00093840312528273816 -0.0044889984560663359 -0.00076791765701500773 -0.01761579527824924 -0.0089980204362486819 0.020587822374327859 0.007822924978160296 -0.025324394959774552 -0.0053836267268193962 -0.015146338344595993
leaf_weight=3001.4060353060486 1687.9245157804107 21550.904307668097 678.97041360929143 7002.5742094524903 638.80572457099333 290.41475883941166 680.98842721339315 6017.775089059025 276.68191039131489 483.38597723352723 103.65546228457242 559.93440791510511 569.76928645349108 586.84615626255982 434.2620763387531 220.43191286199726 741.1432573859347 10850.444490162074 176.59815108915791 209.12295755569357 3954.7796253743581 1998.9913515803637 566.1154101373395 444.9136506295763 87.470734617672861 119.36000204877928 144.40797131508589 80.672449700301513 1325.9903904737439 428.55370036268141
leaf_count=4834 2766 33127 1087 11159 1125 503 1124 9580 462 820 195 793 860 945 668 356 1163 16982 300 304 6001 3124 841 747 156 243 233 169 2179 728
internal_value=-4.58333e-05 0.000675174 -0.00150489 -0.00342221 -0.000123633 -0.00263769 -0.00622168 0.00168211 -0.00387401 -0.00667082 0.00490434 0.00222148 0.00117371 -0.00113016 -0.00415279 0.00444456 0.000836473 0.000204093 -0.000630341 0.00143887 -0.00106765 -0.00614461 -0.00736789 -0.0126048 -0.00244248 0.00862282 -0.00557223 -0.00265891 -0.00737021 -0.00893562
internal_weight=65913.3 44122.8 21790.5 9088.21 12702.3 5304.55 2303.14 7397.72 2012.73 1515.61 4370.95 2683.02 2579.37 2019.43 1432.59 497.114 6758.92 39751.9 23726.5 16025.4 5174.93 2175.59 1220.15 654.037 1032.23 206.831 825.396 8409.24 1406.66 862.816
internal_count=103574 68381 35193 14594 20599 8731 3897 11868 3394 2576 6955 4189 3994 3201 2256 818 10743 61426 36551 24875 7893 3424 1892 1051 1756 399 1357 13507 2348 1396
is_linear=0
shrinkage=0.0398117


Tree=49
num_leaves=31
num_cat=0
split_feature=18 21 21 0 18 10 21 20 3 15 0 16 19 15 4 15 0 19 20 1 18 21 1 13 15 19 21 18 0 21
split_gain=42.1778 47.3836 36.3893 47.0297 29.6243 57.4245 33.6405 34.655 42.3951 47.0756 32.3333 30.421 27.6264 27.5347 27.1709 59.3707 26.2542 25.4746 25.1855 27.9621 24.1061 36.3198 23.7359 37.2051 23.5312 31.0301 23.4407 22.7279 37.2366 25.6059
threshold=-0.058091631159186356 -0.10091163590550421 -0.0087966057471930963 0.46448864042758947 -0.28176027536392206 0.010336820036172869 -0.25519281625747675 0.030311418697237972 -0.41401703655719752 -0.20659754425287244 0.26846592128276831 -0.21232542395591733 -0.066379640251398073 -0.095230415463447557 -0.50133109092712391 0.073740400373935713 0.33096592128276831 0.071947943419218077 -0.17749825865030286 0.086647726595401778 -0.1117778606712818 -0.04204053804278373 -0.27414773404598231 -0.26887500286102289 -0.11062211915850638 -0.20291815698146817 -0.54591426253318776 0.036828249692916877 0.44176135957241064 0.10952898114919664
decision_type=2 2 2 2 2 2 2 2 2 2 2 2 2 2 2 2 2 2 2 2 2 2 2 2 2 2 2 2 2 2
left_child=1 4 3 -2 5 10 -6 8 11 17 18 -8 -12 -9 15 -3 -16 -10 19 -1 -18 -22 23 -13 -11 -26 -14 28 -4 -29
right_child=2 14 27 -5 6 -7 7 13 9 24 12 22 26 -15 16 -17 20 -19 -20 -21 21 -23 -24 -25 25 -27 -28 29 -30 -31
leaf_value=-0.013727147372187954 0.0023288222273008799 -0.0033269371176720733 -0.0012318040195444181 0.018029703701616964 0.0054189847741297082 -0.00063086584761658303 0.001064985816120163 0.011369897879182101 -0.0094103591948705503 0.0074683869549337627 0.011317373006163672 -0.018789576544541473 0.011011038225204533 -0.0013735133259609972 -0.0024340949746481213 -0.035342179748003785 -0.017123983233575196 0.0075778127260434439 -0.023357290338222394 0.0068251880971186328 0.0052782612994407702 -0.014403251283784387 -0.01980289015117077 0.0034721922850772182 -0.01250886244597205 0.0019902027003619403 -0.013826115983775955 0.0025477064018782679 -0.013207687600191765 -0.00022262540947092012
leaf_weight=248.45706268469803 9107.0509109289851 310.77043973910622 5919.0550742846681 264.02071366889868 2347.0880056450842 7224.8544179629534 374.80575849954039 623.14364963071421 862.59446435654536 1058.8412905682344 133.99373178149108 140.08073616283946 35.980257637798786 425.15227230801247 6438.9747404271038 87.587501070694998 349.03206331911497 124.07295768661425 297.77717171073891 121.27602677792311 293.53328551515006 213.98606641788501 332.80745027423836 278.79197498387657 212.68441195914056 2023.1019116044044 193.45507478690706 7386.7848242897308 393.51007096760441 18237.293907346088
leaf_count=443 14101 489 9172 448 3819 11585 555 987 1484 1646 198 226 78 594 10201 208 585 198 599 203 472 339 619 438 359 3140 349 11446 709 28121
internal_value=-8.5889e-05 -0.0013841 0.00069229 0.00286655 -0.000209946 -0.00191813 0.00139163 -9.95695e-05 -0.00140009 0.000429244 -0.0104762 -0.00809349 -0.00067331 0.00634833 -0.00396692 -0.0135479 -0.00335283 -0.00698068 -0.0153837 -0.006926 -0.0097236 -0.00353685 -0.012479 -0.00514808 0.002726 0.000358386 -0.00850443 5.02231e-05 -0.00207918 0.000578598
internal_weight=66060.6 24752.8 41307.7 9371.07 17059 8255.79 8803.16 6456.08 5407.78 4281.3 1030.94 1126.49 363.429 1048.3 7693.88 398.358 7295.53 986.667 667.51 369.733 856.551 507.519 751.68 418.873 3294.63 2235.79 229.435 31936.6 6312.57 25624.1
internal_count=103811 39814 63997 14549 27520 13455 14065 10246 8665 6827 1870 1838 625 1581 12294 697 11597 1682 1245 646 1396 811 1283 664 5145 3499 427 49448 9881 39567
is_linear=0
shrinkage=0.0398117


Tree=50
num_leaves=31
num_cat=0
split_feature=18 21 21 2 1 16 17 18 21 19 21 2 18 18 4 5 19 10 4 17 11 17 3 21 11 9 10 21 19 18
split_gain=50.0233 48.9735 43.9484 39.4207 37.795 36.2194 45.5201 34.8819 36.2515 34.5766 34.2132 34.9869 32.825 31.9984 31.539 29.0152 42.111 30.7642 38.079 33.7313 26.7403 30.1134 25.1904 29.1627 24.9793 24.3982 25.5103 23.7133 23.2023 22.4883
threshold=0.096665639430284514 0.085720460861921324 0.058017183095216758 0.43892045319080358 -0.43892045319080347 -0.033525530248880379 -0.122608944773674 -0.14464228600263593 -0.128083661198616 0.4767290353775025 -0.19978626072406766 0.48153407871723181 -0.78451398015022267 -0.57647010684013356 0.4213260561227799 0.37500000000000006 -0.11834263429045676 -0.075681474059820161 -0.23918534070253369 0.59970518946647655 -0.13697549700736997 0.0097799510695040243 0.48238080739974981 -0.69698184728622425 -0.61777612566947926 0.4498762339353562 -0.12007907778024672 0.16198595613241198 0.071947943419218077 0.02152569126337767
decision_type=2 2 2 2 2 2 2 2 2 2 2 2 2 2 2 2 2 2 2 2 2 2 2 2 2 2 2 2 2 2
left_child=2 4 7 5 -2 6 27 10 14 -6 13 12 -12 22 25 17 -17 18 19 28 -7 -22 23 -1 -15 26 -9 -4 -14 -23
right_child=1 -3 3 -5 9 20 -8 8 -10 -11 11 -13 15 24 -16 16 -18 -19 -20 -21 21 29 -24 -25 -26 -27 -28 -29 -30 -31
leaf_value=-0.0010526825491631868 0.027342620481786862 0.00059706494593615039 0.0043226549043298909 -0.014638770628404654 0.0069000104731190099 0.010098138199780617 -0.013256962541524451 -0.0068334055548449823 6.8484621044355865e-05 -0.00087097281753197595 0.019562227474095587 -0.022452481764039203 -0.008977953568240063 0.0080676070237048168 0.013154352190573471 0.0034555360537753353 -0.020272632458482796 -0.00076459098190126049 -0.012939152063646047 0.017192911650596342 -0.005404919369215784 -0.0044029375422341369 0.0066317232887002477 -0.0094519311388575385 0.00035425855722367078 -0.0082639008297545214 0.00498580266874382 -0.010267458773015466 0.0050978609138626436 0.0031892131699555789
leaf_weight=1413.1456809457159 71.056536770774983 17421.922257230617 522.65462878288236 432.12925255787559 3021.3465307003353 266.92404935637023 957.4030017608311 276.51996772154234 16904.791113857646 1266.1241564634256 45.464463888318278 109.98094271332957 474.89279289986007 684.73486344830599 506.62312299595214 152.90555621206295 315.53493548196275 3517.1318661730038 848.89653959637508 87.438504932681099 2067.1906966111856 841.64716324058827 284.42596627317835 1203.1851855916902 7129.3344170846976 241.08549787907396 2777.9333330069203 204.09290623967536 244.0421228207415 1963.2383488876512
leaf_count=2337 161 27075 796 765 4733 415 1654 443 25813 2023 104 204 849 1104 882 251 530 5376 1417 174 3279 1362 461 2049 11446 374 4361 348 432 2866
internal_value=-1.22014e-05 0.00154857 -0.000777904 -0.00360127 0.00529791 -0.00279836 -0.00777713 -0.000222914 0.000863986 0.00461641 -0.0015857 -0.00403567 -0.00348315 -0.000246098 0.00434918 -0.00384567 -0.012871 -0.00290942 -0.00729969 -0.000939297 -0.00110386 -0.00181825 -0.00378144 -0.00502615 0.00107956 0.00281452 0.00381517 -0.000154283 -0.00414674 0.00086597
internal_weight=66253.8 21780.4 44473.3 7255.28 4358.53 6823.15 1684.15 37218.1 20707 4287.47 16511.1 5796.29 5686.31 10714.8 3802.16 5640.84 468.44 5172.4 1655.27 806.373 5139 4872.08 2900.76 2616.33 7814.07 3295.54 3054.45 726.748 718.935 2804.89
internal_count=104084 33992 70092 11485 6917 10720 2798 58607 31873 6756 26734 9337 9133 17397 6060 9029 781 8248 2872 1455 7922 7507 4847 4386 12550 5178 4804 1144 1281 4228
is_linear=0
shrinkage=0.0398117


Tree=51
num_leaves=31
num_cat=0
split_feature=18 21 21 0 10 12 17 18 21 11 17 4 3 10 21 18 21 0 17 18 1 12 18 0 20 21 18 16 10 12
split_gain=43.0854 36.2328 35.2252 39.3384 35.1884 37.8214 33.8882 31.0951 32.4351 46.199 30.0833 28.1167 27.6354 26.9126 26.0409 25.4153 25.846 41.0114 34.7648 36.5163 36.2017 47.899 30.206 33.4648 26.4859 25.4584 34.4931 24.7675 24.7254 24.6731
threshold=-0.0995199680328369 -0.18414206057786939 -0.047568157315254204 -0.026988636702299115 -0.075681474059820161 0.3045740425586701 0.31871135532855993 -0.29062251746654505 -0.37953490018844599 -0.11691721528768538 0.25539334863424307 -0.16428215801715848 -0.3840250670909881 0.25840707123279577 -0.56286215782165516 0.031402070075273521 0.1724154204130173 0.48721592128276831 0.43157629668712622 0.15907739847898486 -0.066761363297700868 -0.076992567628622041 0.20928438752889636 0.43892045319080358 0.035874240100383765 0.38361217081546789 0.42243160307407385 0.23831269890069964 0.23094420135021212 -0.18398513644933698
decision_type=2 2 2 2 2 2 2 2 2 2 2 2 2 2 2 2 2 2 2 2 2 2 2 2 2 2 2 2 2 2
left_child=1 7 3 14 -3 6 -6 8 -1 -10 -9 12 -12 -7 -2 29 17 18 19 -17 -21 -22 23 -18 -25 -24 -27 -23 -5 -4
right_child=2 4 15 28 5 13 -8 10 9 -11 11 -13 -14 -15 -16 16 22 -19 -20 20 21 27 25 24 -26 26 -28 -29 -30 -31
leaf_value=0.00020210629397138629 0.017872864866030676 -0.0069556790176285854 0.0016349329120417275 0.0086773685657168358 0.00087580089543529008 -0.019513942006295661 -0.0068351645106156707 0.0057562154036218324 -0.010562178006696895 0.00067275891682994538 -0.01758775249131049 0.0030918825037308897 -0.0019457179233173896 -0.0038130452177136177 0.00038206923008889565 -0.00037726021042258938 -0.0015642975374045112 0.017772427418234666 0.0060772827057359287 0.014098498141902912 0.0094264484198114031 -0.0056731682925739027 0.0034953463846760552 -0.0036895830536633365 -0.021843392986340689 -0.0056973861593869676 0.0017276159627552044 0.0074423565964642979 0.00018311736450021731 -0.0028607088779593563
leaf_weight=5067.0575967836194 87.80711220682133 2783.8972209821222 2693.3091600420885 2308.4931950904429 4888.7643245775253 240.98343424941413 1054.5887327317614 2303.1654761236859 1225.6025434894254 1046.2865422243485 179.97202994325198 1433.0282860941952 885.55296841054223 514.14918811991811 4604.126539326855 8874.8069462208077 5050.5023026358103 208.344971157494 2385.3843493715394 499.18516272644047 846.05880589399021 929.26893706596456 3862.3693455421599 325.35143600474112 192.83953756967094 1500.5959190643625 2698.9781918461667 248.99158456386067 713.32240507798269 6543.6145599506563
leaf_count=8164 162 4790 4364 3721 7457 428 1676 3772 2080 1718 312 2181 1424 775 7155 13489 7695 444 3531 817 1281 1520 5988 465 400 2314 4158 394 1098 10093
internal_value=6.27022e-05 -0.00139331 0.000770246 0.00320769 -0.0032304 -0.00163961 -0.000534853 4.7131e-05 -0.0015772 -0.00547394 0.00252472 -0.000499542 -0.0052715 -0.009736 0.000900207 0.000255983 0.000860892 0.00205995 0.00175756 0.000829267 0.00500496 0.00246965 -0.000371465 -0.00261499 -0.0117854 0.00118221 -0.000956197 -0.00269014 0.00671216 -0.00154574
internal_weight=66196.4 21623 44573.4 7713.75 9482.38 6698.49 5943.35 12140.7 7338.95 2271.89 4801.72 2498.55 1065.52 755.133 4691.93 36859.6 27622.7 13992 13783.7 11398.3 2523.5 2024.32 13630.6 5568.69 518.191 8061.94 4199.57 1178.26 3021.82 9236.92
internal_count=103866 34777 69089 12136 15126 10336 9133 19651 11962 3798 7689 3917 1736 1203 7317 56953 42496 21476 21032 17501 4012 3195 21020 8560 865 12460 6472 1914 4819 14457
is_linear=0
shrinkage=0.0398117


Tree=52
num_leaves=31
num_cat=0
split_feature=18 21 21 3 3 12 4 10 9 18 4 3 9 3 21 18 21 3 12 21 5 4 5 10 0 0 18 1 11 18
split_gain=40.0987 41.5935 34.9707 34.1485 42.8534 31.2625 42.6282 32.1591 26.921 26.7286 31.0667 31.6748 34.0958 28.1744 35.0827 38.4619 39.6129 39.4851 32.0311 27.762 26.0598 25.5695 33.3889 35.0319 33.9678 31.2567 32.6509 25.1982 25.0996 25.0064
threshold=1.0000000180025095e-35 -0.13134286552667615 -0.0055373962968587867 0.23870303481817248 0.49119704961776739 -0.19084619730710981 0.21648090332746509 -0.088434629142284379 -0.12278068438172339 -0.18711137771606443 0.4213260561227799 -0.49308374524116511 -0.24459314346313474 0.48704174160957342 -0.32622727751731867 -0.68872055411338795 -0.69698184728622425 0.42316816747188574 1.0484276413917544 -0.18023100495338437 0.37500000000000006 -0.29481184482574457 0.37500000000000006 0.010336820036172869 -0.22869318723678586 0.44176135957241064 -0.59597384929656971 0.49005682766437536 -0.23313762247562406 -0.39134548604488367
decision_type=2 2 2 2 2 2 2 2 2 2 2 2 2 2 2 2 2 2 2 2 2 2 2 2 2 2 2 2 2 2
left_child=2 -2 9 5 -5 6 -4 -7 -9 13 11 12 -11 14 15 18 -17 29 -1 -12 -20 -16 23 27 -24 26 -25 -23 -6 -18
right_child=1 -3 3 4 28 7 -8 8 -10 10 19 -13 -14 -15 21 16 17 -19 20 -21 -22 22 24 25 -26 -27 -28 -29 -30 -31
leaf_value=-0.0094282101005249558 0.0087116042244089788 0.00065345954373260105 0.009188012249211468 0.0021263971866135531 0.0092305362381728887 -0.015295690213491886 -0.0074033790102038281 -0.013583681091964454 -0.0014719332667472334 0.021144681685533847 0.014276186261720177 -0.00068729632573008928 0.0029839713029376404 0.0039678386994002023 -0.00083976333839978681 0.011725441243161433 -0.0017975599549177759 -0.011293152671256789 0.013753571958985501 0.0027369053203204954 -0.0046507489597676869 -0.011427902262298471 -0.026263334831894324 -0.016571798367376493 -0.0060642251687466611 -0.017021162366401176 0.0018599667530231044 0.010836211927598607 -0.013139075738942478 0.0045490166719141306
leaf_weight=1041.9953774352325 998.54816928843502 32408.97760552098 374.73820968659129 2072.850852498319 54.38742575480137 816.06973881181329 529.2895190268755 371.55713858036324 994.54458244936541 147.88484883017372 386.75400620896835 11167.924989653402 1093.318129585241 1181.2335969832493 1869.7449446272803 479.07819131249562 1891.7871942736674 378.12906999059487 160.77425624080934 1526.2857438208302 243.41053456801455 1109.695087182452 211.7219823631458 116.0124819050543 353.30391112866346 132.51345454389229 1656.2032636782387 45.144497625762597 468.55556409875862 1947.9833288287045
leaf_count=1630 1682 49998 610 3239 105 1409 944 634 1523 247 696 17278 1565 1862 3125 774 3036 608 347 2351 405 1846 406 223 565 226 2548 70 777 3065
internal_value=-6.24348e-05 0.000907552 -0.00105018 -0.00387634 -0.000482174 -0.00667294 -0.000387533 -0.00920358 -0.00514364 -0.000451797 0.000728202 -6.17527e-06 0.00589554 -0.00176944 -0.00236815 -0.000290407 0.00146281 0.000169061 -0.00585564 0.00538127 0.0033177 -0.00466442 -0.00659485 -0.00478947 -0.015162 -0.00137915 0.000217432 -0.0101085 -0.0101356 0.00143371
internal_weight=66230.4 33407.5 32822.9 5681.99 2595.79 3086.2 904.028 2182.17 1366.1 27140.9 14322.2 12409.1 1241.2 12818.7 11637.5 6143.16 4696.98 4217.9 1446.18 1913.04 404.185 5494.34 3624.59 3059.57 565.026 1904.73 1772.22 1154.84 522.943 3839.77
internal_count=103794 51680 52114 9241 4121 5120 1554 3566 2157 42873 22137 19090 1812 20736 18874 9865 7483 6709 2382 3047 752 9009 5884 4913 971 2997 2771 1916 882 6101
is_linear=0
shrinkage=0.0398117


Tree=53
num_leaves=31
num_cat=0
split_feature=18 20 11 0 11 18 12 18 4 12 12 19 19 13 4 16 17 3 10 11 3 8 17 18 11 3 20 1 20 11
split_gain=36.4063 22.8718 33.8148 35.7613 22.8655 37.8041 45.2912 33.5901 31.5702 36.8697 32.1725 31.04 63.2806 26.4932 30.5013 24.3867 24.0651 24.0252 23.3424 31.2009 37.127 23.3687 22.411 24.5424 30.4944 21.6199 20.9627 20.0465 19.6892 26.2897
threshold=0.010823292657732965 0.061988044530153281 -0.020528846420347687 -0.19744318723678586 0.23185022920370105 0.19194141775369647 0.15563751012086871 0.22037483006715777 0.24534405022859576 -0.25145226716995234 -0.1634019464254379 0.14159815013408664 -0.01983541157096624 0.01015779795125127 -0.06100905314087867 0.10157046094536783 -0.24812670797109601 0.48238080739974981 0.086611285805702223 0.052952017635107047 0.22420950233936313 -0.0112419999204576 0.47191859781742101 0.10598503425717355 -0.034356418997049325 -0.50170147418975819 0.1306615546345711 -0.18039772659540174 -0.36231037974357599 0.1453855782747269
decision_type=2 2 2 2 2 2 2 2 2 2 2 2 2 2 2 2 2 2 2 2 2 2 2 2 2 2 2 2 2 2
left_child=25 2 3 -2 5 6 8 17 9 -3 22 12 -12 -13 -15 27 -10 -6 19 20 -7 -22 23 24 -11 -1 -20 -9 -27 -30
right_child=1 4 -4 -5 7 18 -8 15 16 10 11 13 -14 14 -16 -17 -18 -19 26 -21 21 -23 -24 -25 -26 28 -28 -29 29 -31
leaf_value=0.0036138881184718226 0.0031946334152962328 -0.013765892277303541 0.0013246622926275688 0.015622649484393384 -0.015888956085635519 0.021361813478238418 0.004631181373966395 0.01407540140385565 -0.013230571763726991 0.0019139918865094044 -0.0020579443432244466 0.009980531263787706 -0.015719070621758553 0.0025968521507802153 -0.018320872948076303 -0.0031564406539000187 0.0024365310674075219 0.0083420556766371865 0.015678236711098466 0.0031459991712883967 0.013948485332325324 -0.0049461656098733686 0.011439246542792485 0.0065568174128834301 -0.015769916359787618 0.00098811552195644586 -0.0012135383838214658 -0.0012553465450943627 -0.0013351379289241651 -0.0068163324175005407
leaf_weight=1502.0418470988516 1211.0636406247504 532.47241691267118 13908.248208175879 503.03432152816094 389.79643746349029 319.93557184457313 1718.3082318444503 215.31600661657285 116.21281365910545 330.93803341686726 1389.1145192066906 304.78739033662714 848.38780294940807 298.97265948494896 113.97594100574497 2228.9185590605484 2137.4575989722507 40.54606726183556 71.98369500215631 2828.8910383798648 118.94587703072466 218.82944640528876 273.11609236046206 384.44451050576754 221.15641288820188 5385.8223028921057 1968.4945927066728 253.69167291349731 25124.524054804118 1424.4895282102516
leaf_count=2326 1893 903 21078 871 628 613 2636 345 201 499 2171 520 1464 476 195 3408 3380 66 134 4290 217 323 419 583 373 8804 3031 376 39674 2202
internal_value=-5.02455e-05 0.000887982 0.00199008 0.00718835 -0.000107479 0.000572733 -0.00106495 -0.00316126 -0.00249917 -0.00434395 -0.0029864 -0.00520142 -0.00747435 0.00187736 -0.00448042 -0.00140074 0.00134702 -0.0128683 0.0031317 0.00508863 0.0126088 0.00261457 0.00239997 -0.000658246 -0.00584743 -0.000975269 -0.000242634 0.00640415 -0.0011971 -0.0016422
internal_weight=66383.9 32947 15622.3 1714.1 17324.7 14196.4 8669.34 3128.27 6951.04 4697.37 4164.89 2955.24 2237.5 717.736 412.949 2697.93 2253.67 430.343 5527.08 3486.6 657.711 337.775 1209.66 936.539 552.094 33436.9 2040.48 469.008 31934.8 26549
internal_count=104099 51093 23842 2764 27251 22428 13820 4823 11184 7603 6700 4826 3635 1191 671 4129 3581 694 8608 5443 1153 540 1874 1455 872 53006 3165 721 50680 41876
is_linear=0
shrinkage=0.0398117


Tree=54
num_leaves=31
num_cat=0
split_feature=18 21 21 12 0 0 3 17 18 12 20 18 12 4 21 1 15 12 10 10 11 10 18 12 11 10 17 16 10 17
split_gain=32.1056 38.7422 36.7706 31.0238 32.7777 28.8534 23.5387 42.2405 21.2248 19.5295 20.2565 29.651 31.5887 28.9419 26.4303 22.3067 21.7124 23.7301 22.0036 19.4254 19.1741 34.1194 31.7924 39.3267 31.4106 28.6436 26.1168 24.7936 23.867 21.2005
threshold=1.0000000180025095e-35 0.020210355520248417 0.083113092929124846 -0.197644367814064 -0.035511363297700875 -0.35369317233562464 0.23870303481817248 0.31871135532855993 -0.22926829755306241 -0.28576901555061335 0.061988044530153281 0.096665639430284514 0.021926815621554855 -0.50276798009872425 0.06909849122166635 0.37073864042758947 0.87058371305465709 -0.25145226716995234 0.54320544004440319 0.1600655019283295 0.13964598625898364 1.0000000180025095e-35 0.29731050133705145 -0.038759291172027581 0.037873391062021262 0.29867690801620489 0.55292677879333507 -0.058035384863615029 -0.24003081768751142 0.20732057839632037
decision_type=2 2 2 2 2 2 2 2 2 2 2 2 2 2 2 2 2 2 2 2 2 2 2 2 2 2 2 2 2 2
left_child=2 3 -1 6 -5 -4 -2 -8 -7 19 -11 12 13 -12 -13 -15 17 -16 -18 -3 21 24 23 28 27 -25 -26 -19 -22 -23
right_child=1 9 5 4 -6 8 7 -9 -10 10 11 14 -14 15 16 -17 18 20 -20 -21 22 29 -24 25 26 -27 -28 -29 -30 -31
leaf_value=-0.00059703291302530884 -0.0050974238433271783 0.0082137541207789651 0.0017434583083144124 0.0025480962944918772 0.0094071200538625634 -0.023942970943108717 0.0088753864618715175 -0.0074531838649954845 -0.0073267991998942099 0.0012694533713964312 0.0096404164448089767 0.01027552998161047 0.00099430720660409846 -0.0095899774157488914 -0.0077765003637849939 0.00069050477554686272 -0.012613544119554052 0.0018362189128170857 0.0077980505978201727 -0.0045876951659896562 -0.007781094316003513 -0.0032433650132005915 0.0018322890035937557 -0.010877782506888018 0.0047256912254076255 0.010772813656067226 -0.0071187604495220784 0.01814728421303434 0.0036046929873010478 0.0052459319934567801
leaf_weight=31099.731840122724 928.89298420771956 795.05003750580363 458.40099150862079 2843.8830408009235 1824.3925933390856 107.48042119096499 689.60514793440234 332.73170591960661 1100.8237724681385 10679.659635215416 117.28299688384868 333.14774777751882 1244.0421863346128 1863.1216139276512 534.74742271960713 391.97241233487148 347.97343148989603 239.51298922416754 66.510184062528424 202.88395050726831 355.46641582227312 1839.9872639841633 2634.1102290927665 1159.8898208561586 1604.4011101961369 63.193051075562835 310.69642331439536 405.0581464554416 983.44073967530858 568.56317257788032
leaf_count=49291 1446 1247 795 4355 2994 235 1034 517 1753 16142 192 508 1884 2983 847 640 563 435 83 295 517 2794 4035 1861 2533 100 452 769 1442 926
internal_value=-2.70344e-05 0.00084141 -0.000911758 0.00355607 0.00530324 -0.00658483 -0.000640103 0.00343719 -0.00971037 0.000163323 -5.26331e-05 -0.000992413 -0.00410805 -0.00675911 3.68533e-06 -0.00781553 -0.00034715 1.64741e-05 -0.00876658 0.00548916 0.000464565 0.00222328 -0.00121828 -0.00433808 0.00538038 -0.00934871 0.00266116 0.0126648 0.000393173 -0.00116398
internal_weight=66126.7 33360.2 32766.4 6619.51 4668.28 1666.71 1951.23 1022.34 1208.3 26740.7 25742.8 15063.1 3616.42 2372.38 11446.7 2255.09 11113.6 10699.1 414.484 997.934 10164.3 4968.22 5196.1 2561.99 2559.67 1223.08 1915.1 644.571 1338.91 2408.55
internal_count=103668 51594 52074 10346 7349 2783 2997 1551 1988 41248 39706 23564 5699 3815 17865 3623 17357 16711 646 1542 15864 7909 7955 3920 4189 1961 2985 1204 1959 3720
is_linear=0
shrinkage=0.0398117


Tree=55
num_leaves=31
num_cat=0
split_feature=18 21 21 11 3 21 10 0 13 17 18 21 0 21 0 10 18 21 20 20 21 18 21 11 21 16 19 0 21 20
split_gain=32.1542 36.1811 34.5788 36.1296 29.6582 35.5149 40.5433 37.7791 28.9633 27.1155 26.2748 37.981 39.4288 29.4054 44.6057 31.7672 28.3958 28.3587 38.6515 33.9673 27.2044 27.3378 30.626 26.0275 25.8414 25.7358 25.7049 25.1855 42.2198 24.6842
threshold=-0.29062251746654505 -0.2734443843364715 -0.35551452636718744 -0.032106699422001832 0.39443531632423406 -0.51055508852004994 0.34850478172302252 -0.063920453190803514 -0.017048680223524567 0.29670645296573644 0.096665639430284514 0.10952898114919664 0.47585226595401769 0.17567463219165805 0.46732954680919653 0.13807876408100131 0.20737238228321078 -0.038129488006234162 -0.053737180307507508 0.028709064237773422 0.3360277265310288 0.60444065928459179 0.70056700706481945 0.14239808917045596 0.63261574506759655 0.51062828302383434 0.24997129291296008 0.45312500000000006 0.22422055155038836 -0.1178031526505947
decision_type=2 2 2 2 2 2 2 2 2 2 2 2 2 2 2 2 2 2 2 2 2 2 2 2 2 2 2 2 2 2
left_child=2 4 -1 -4 5 -2 7 23 26 -6 11 -3 -13 14 15 17 27 -12 29 -20 -18 24 25 -7 -22 -23 -5 -15 -29 -19
right_child=1 10 3 8 9 6 -8 -9 -10 -11 13 12 -14 16 -16 -17 20 18 19 -21 21 22 -24 -25 -26 -27 -28 28 -30 -31
leaf_value=-0.00037126224585123626 0.021624046329095883 -0.00023586137695875696 -0.0090742799521097393 0.015217278735509057 0.002786683485003408 0.028113726618231156 -0.0030506068596130708 0.0053901858308713852 -0.0034641290145779363 -0.013331750668966897 0.020364970541906096 -0.0036857469250206206 -0.025532172410826413 -0.0016437025459453815 0.020686854739012845 -0.00044566945501308027 0.004392440522088749 0.0028122908964480949 0.010397738075958254 0.0026626900195375635 -0.00077561084664282468 0.016214101069675135 -0.0010006330206234471 -0.0039225467946583294 -0.011311898976579233 -0.0063142305916528713 -0.010042611583243309 0.0010649876247494547 -0.024235552688902359 -0.010530517280512672
leaf_weight=5354.5372614951339 186.02316414308734 29727.228493728675 1887.2103406051174 222.21012395282742 459.88964357797522 168.98567372385878 640.775999541278 1082.5345246826764 1170.3503498239443 195.70319784875028 123.86101141071413 3427.2803091065725 87.378105679177679 4458.0776049881242 167.30419716460165 3583.6583787853597 2869.7090531998547 399.70574388932437 1374.6461372522172 2604.5955146191409 3944.350666427752 384.70464715512935 547.0996025360655 31.760897922795266 358.04365023679566 67.049985977471806 42.60009692562744 191.93011077144183 163.5750155170681 391.2791936325375
leaf_count=8640 353 46112 3190 427 795 336 999 1754 1882 348 248 5287 179 6738 325 5502 4545 648 2049 4186 5954 604 885 49 557 109 87 285 324 674
internal_value=-0.000114841 0.000225635 -0.0023671 -0.00552547 0.00462656 0.00688974 0.00494512 0.00891878 -0.000700648 -0.00259314 2.63802e-09 -0.000702558 -0.00458585 0.00107838 0.00287022 0.00239694 -0.000119424 0.00446615 0.00384221 0.00543457 0.00130581 -0.000386465 0.00538048 0.0230231 -0.00177673 0.0124918 0.0100646 -0.00253154 -0.0120451 -0.00398888
internal_weight=66314.1 57637.2 8676.91 3322.37 2765.67 2110.08 1924.06 1283.28 1435.16 655.593 54871.5 33241.9 3514.66 21629.6 8645.05 8477.75 12984.5 4894.09 4770.23 3979.24 8170.96 5301.25 998.854 200.747 4302.39 451.755 264.81 4813.58 355.505 790.985
internal_count=104071 89845 14226 5586 4634 3491 3138 2139 2396 1143 85211 51578 5466 33633 13632 13307 20001 7805 7557 6235 12654 8109 1598 385 6511 713 514 7347 609 1322
is_linear=0
shrinkage=0.0398117


Tree=56
num_leaves=31
num_cat=0
split_feature=18 21 0 21 10 1 0 18 11 12 18 19 18 8 10 20 18 3 16 17 4 3 11 20 10 4 12 20 18 15
split_gain=29.9207 35.0794 41.9056 34.6763 44.7332 33.3763 27.5793 25.6625 24.8805 24.7865 24.1936 22.5991 39.0492 21.003 23.7908 20.7699 32.9748 35.8294 25.3947 29.898 41.8132 25.4311 23.8289 22.0648 22.6081 25.7706 22.0411 43.2261 31.4741 24.6662
threshold=0.059295460581779487 0.077898357063531889 0.45880682766437536 0.10657939687371255 -0.20189063996076581 -0.47869317233562464 -0.37073864042758936 -0.29062251746654505 0.18241227418184283 0.45808461308479315 0.11253532022237779 0.4767290353775025 0.10021138936281206 0.44340687990188604 -0.23741789162158963 -0.016956363804638382 -0.1645485237240791 0.48477418720722204 0.10849730297923089 0.42693801224231726 0.32526347041130071 -0.46854946017265314 -0.44484813511371607 -0.46630848944187159 -0.17500909417867658 0.34931121766567236 -0.09021726623177527 0.070124555379152312 -0.049812914803624146 -0.010000000242143868
decision_type=2 2 2 2 2 2 2 2 2 2 2 2 2 2 2 2 2 2 2 2 2 2 2 2 2 2 2 2 2 2
left_child=1 15 6 4 8 -6 -3 -8 -2 11 13 -7 -13 14 -5 16 22 18 23 20 -20 -21 -1 -18 25 -25 27 28 -17 -28
right_child=3 2 -4 10 5 9 7 -9 -10 -11 -12 12 -14 -15 -16 26 17 -19 19 21 -22 -23 -24 24 -26 -27 29 -29 -30 -31
leaf_value=0.0023369330573768878 0.018182375418985111 0.003023938300236657 -0.026444964696130387 0.0019430262236548456 0.0220708680580292 0.0022868506963517037 -0.020791530756155228 -0.0042937066553479552 -0.0019621347933949382 0.0092767620646492712 0.0006483883447473991 -0.027080868282707816 -0.0014432688937147406 0.011058781790943715 -0.0068574300332396683 -0.0044364123595323083 0.0142982494523367 -0.0046116066435590167 -0.0051553547460238018 0.018628855512236281 0.0069501193919557624 0.0024317200633487794 -0.0020416704485880497 0.011419976031974179 0.0025641142355749993 -0.0057840420408916699 0.0012611216180653053 -0.0087493839564040735 0.0021192404020371138 -0.0031581603718459847
leaf_weight=2510.4514235431561 403.7430893201381 764.8800158102531 81.718858474399894 644.51657195354346 83.367355329683051 5794.8995789337205 113.44680615630932 2685.4800712564029 108.34896759490948 629.00220755056944 15612.301272183773 52.566570273949765 1061.6512139680563 98.246313284151256 1690.2801171604078 2317.035638276604 292.02819647546858 1088.803550464334 1840.9286541081965 151.96386538003571 545.50026607851032 729.76078679377679 8495.2315897074295 882.49678400554694 4867.4834628497483 127.59952953015454 6105.2866974258795 1616.1038638319587 2228.6032755508786 2915.0847735699499
leaf_count=4187 713 1257 189 881 184 8800 243 4230 205 1017 24061 144 1628 157 2633 3512 512 1625 2858 219 900 1112 13539 1561 7612 255 9408 2587 3452 4441
internal_value=-1.95382e-06 -0.000681885 -0.00437936 0.00104483 0.0031944 0.00237557 -0.00350807 -0.00532251 0.0140545 0.00201028 6.87778e-05 0.00128403 -0.00378809 -0.00358077 -0.00442834 -0.000308769 0.000485427 0.00207427 0.00286821 2.10304e-05 -0.00229276 0.00608947 -0.00103489 0.00436129 0.00374817 0.0090467 -0.00143435 -0.00325951 -0.00123006 -0.000174475
internal_weight=66538.8 40359.9 3645.53 26178.9 8133.58 7621.49 3563.81 2798.93 512.092 7538.12 18045.3 6909.12 1114.22 2433.04 2334.8 36714.4 21532.2 10526.6 9437.76 3268.15 2386.43 881.725 11005.7 6169.61 5877.58 1010.1 15182.1 6161.74 4545.64 9020.37
internal_count=104122 63699 5919 40423 12691 11773 5730 4473 918 11589 27732 10572 1772 3671 3514 57780 34380 16654 15029 5089 3758 1331 17726 9940 9428 1816 23400 9551 6964 13849
is_linear=0
shrinkage=0.0398117


Tree=57
num_leaves=31
num_cat=0
split_feature=18 21 0 21 0 18 3 20 8 10 19 4 19 0 91 17 18 19 12 18 15 17 12 4 17 21 18 9 20 20
split_gain=26.2189 39.2517 38.3414 34.2309 46.8731 33.9549 24.7837 35.371 24.5921 24.0953 26.5583 42.6266 25.4178 24.7006 22.9264 25.9788 61.9184 39.2065 34.899 33.4972 24.531 26.8812 22.8711 21.8146 27.2766 26.7981 21.5138 33.2003 37.3887 36.3842
threshold=0.096665639430284514 0.085720460861921324 0.44176135957241064 0.1874077841639519 0.47017045319080358 0.21241156756877902 0.43606831133365637 0.23445555567741397 0.2501166313886643 0.13103125989437106 0.14159815013408664 -0.10926083102822302 0.1270038112998009 0.2173295468091965 1.0000000180025095e-35 -0.10797497630119322 -0.29062251746654505 -0.020971215330064293 -0.32004001736640925 -0.20737677067518231 -0.10675115138292311 0.003667481592856348 -0.25145226716995234 0.42992690205574041 0.40845750272274023 0.23694776743650439 -0.058091631159186356 0.2021846026182175 0.10518647357821466 0.071482531726360335
decision_type=2 2 2 2 2 2 2 2 2 2 2 2 2 2 2 2 2 2 2 2 2 2 2 2 2 2 2 2 2 2
left_child=1 14 6 4 9 23 22 -8 -9 10 11 12 -2 -12 26 16 -16 19 -18 -17 21 -19 -3 24 -5 -26 -1 29 -29 -28
right_child=3 2 -4 5 -6 -7 7 8 -10 -11 13 -13 -14 -15 15 17 18 20 -20 -21 -22 -23 -24 -25 25 -27 27 28 -30 -31
leaf_value=-0.00067171690060374148 5.727080152711787e-05 0.0077556417027138174 -0.016916012997826347 -0.0044596238626263222 0.019756138034823664 0.0012950023278949746 -0.0042268398045675519 -0.030448954187400498 0.0013367260252555469 -2.8470312130976803e-05 0.013780699357842992 0.0065857093956231891 -0.019400005609097746 -0.0027441613036560731 -0.012413759320002063 0.0093932003154850122 -0.0037637330829454014 -0.028312471742718771 0.01748613724542657 -0.0055859118136038968 0.002247566851805112 -0.0075829172092443751 -0.0024780361499077276 -0.011488146056103559 0.010965502335327532 -0.0010287429422091102 0.0034025406408769512 -0.0059524531685145772 0.0071534674613037037 -0.0013654434869073933
leaf_weight=22625.994022973347 2460.619346999214 333.07487901463173 286.23283478943631 2645.4497052129591 203.27801013411954 7552.9295207241084 698.92246599146165 114.79053612530697 41.42873316607438 3907.2146155266091 647.03730426041875 2403.9209471781505 59.38498802203685 158.04850871604867 239.10988487803843 258.56324883177876 158.86087939469144 190.50940879341215 310.91551629442256 965.52487814007327 96.734922786592506 260.12336081196554 3513.6979818639811 393.48417350882664 359.12822734820656 1019.2534857821884 8960.0463776615215 1656.8294318321859 385.22781562875025 3490.7729297797196
leaf_count=35968 3806 552 499 4105 368 11625 1129 270 58 6075 1054 3670 134 254 383 438 249 408 529 1474 152 450 5357 708 576 1464 13657 2488 551 5405
internal_value=-2.32298e-05 -0.00057671 -0.00388649 0.00110611 0.00283965 -0.000322966 -0.00292004 -0.0088581 -0.0234675 0.00238056 0.00401322 0.00284965 -0.00076497 0.0105271 -0.000154928 -0.00382131 0.00247132 -0.0063518 0.0105646 -0.0021616 -0.0147324 -0.0183128 -0.00149839 -0.00307767 -0.0021201 0.00235443 9.43494e-05 0.0012899 -0.00335555 0.00206391
internal_weight=66397.1 44587.4 4988.15 21809.7 9839.5 11970.2 4701.91 855.142 156.219 9636.23 5729.01 4923.93 2520 805.086 39599.2 2480.34 708.886 1771.46 469.776 1224.09 547.368 450.633 3846.77 4417.32 4023.83 1378.38 37118.9 14492.9 2042.06 12450.8
internal_count=103856 70017 7865 33839 15361 18478 7366 1457 328 14993 8918 7610 3940 1308 62152 4083 1161 2922 778 1912 1010 858 5909 6853 6145 2040 58069 22101 3039 19062
is_linear=0
shrinkage=0.0398117


Tree=58
num_leaves=31
num_cat=0
split_feature=18 21 21 11 3 12 21 10 0 18 21 21 12 18 12 11 10 21 10 18 16 14 1 10 3 18 21 1 21 0
split_gain=30.903 35.4533 35.0342 45.7792 33.0035 38.4227 34.3765 39.0268 30.7858 25.3868 33.9812 28.7328 24.5745 24.352 24.2561 23.5048 26.7342 23.2772 22.0699 21.9028 18.7154 31.5902 26.652 18.2654 18.1777 18.1702 30.0425 34.3533 24.9129 34.0256
threshold=-0.29062251746654505 -0.30219061672687525 -0.37953490018844599 -0.029706263914704319 0.37866973876953131 0.18221841007471087 -0.51055508852004994 0.3637023270130158 0.42187500000000006 0.60444065928459179 0.65608206391334545 0.70056700706481945 0.055008575320243842 -0.68872055411338795 0.083882216364145293 -1.0951772332191465 0.26433679461479193 -0.69698184728622425 2.0668153762817387 -0.36954462528228754 0.13247716426849368 0.49030672013759619 -0.18607954680919644 0.86865732073783886 0.48238080739974981 0.010823292657732965 0.038461927324533469 -0.19460227340459821 -0.0042239350732415906 0.43607954680919653
decision_type=2 2 2 2 2 2 2 2 2 2 2 2 2 2 2 2 2 2 2 2 2 2 2 2 2 2 2 2 2 2
left_child=2 4 13 -4 6 -6 -2 12 -5 10 25 -11 -8 15 -12 16 -1 -15 -18 20 21 -19 -22 -16 -17 28 27 -27 -3 -30
right_child=1 9 3 8 5 -7 7 -9 -10 11 14 -13 -14 17 23 24 18 19 -20 -21 22 -23 -24 -25 -26 26 -28 -29 29 -31
leaf_value=0.020344714712461177 0.022951567726503763 -8.0075226205049329e-05 -0.0088553911034614137 0.0014386468968552086 -0.010403066679478734 0.0087400872662388527 0.024962049216493531 -0.0033138818786097317 -0.021630936236910949 0.011678212001203846 0.0044599368675077872 -0.00072103703165063372 0.0068726003068380051 0.0091311383811295901 -0.031804304001838896 -0.0084396622430284521 -0.0072912332535237726 -0.0097930136521907647 0.015439726408043067 0.0068421234379020899 -0.011972462283169359 0.00050454223479899185 0.015623059167356129 -0.00096641549877056975 0.0052997012587676995 0.0085342996296439051 -5.573512816817885e-05 0.0015579603706370581 -0.0024782643394756425 -0.018302424818503193
leaf_weight=68.880996562307701 175.01794636854902 17255.470097013167 2149.1176415036898 1495.8100620765472 347.91840135515667 235.79281611915212 112.42021787865087 470.98008816747461 45.596040097996593 579.62732678826433 46.562074961024337 541.81632666406222 755.09832313703373 517.3534459755756 67.90106435387861 1076.2014443858061 225.73936530028004 612.24171148554888 38.297783034853637 597.75462173938286 31.64471251051873 1612.724017323344 156.54075023473706 44.943297881400213 138.83625715540256 1315.0655779031804 23776.157581630629 6456.5453432275681 5316.2358085915912 176.02527497662231
leaf_count=152 334 26646 3586 2418 578 410 226 735 111 919 64 855 1208 815 163 1662 447 1002 85 967 76 2489 261 62 243 2096 36607 9902 8406 334
internal_value=-4.86204e-05 0.00028641 -0.00224405 -0.0051677 0.00530538 -0.00254774 0.00833578 0.00565586 7.49377e-05 9.20597e-05 -3.22599e-05 0.00588908 0.0104648 -8.54844e-05 -0.0159979 -0.00417362 0.00464997 0.00173619 -0.00195205 0.000331169 -0.00138016 -0.00247245 0.00924252 -0.0235422 -0.00669981 2.89911e-05 0.000647367 0.00278765 -0.000827269 -0.00314947
internal_weight=66440.3 57673.6 8766.74 3690.52 2097.23 583.711 1513.52 1338.5 1541.41 55576.3 54454.9 1121.44 867.519 5076.22 159.406 1547.96 332.918 3528.26 264.037 3010.91 2413.15 2224.97 188.185 112.844 1215.04 54295.5 31547.8 7771.61 22747.7 5492.26
internal_count=103859 89545 14314 6115 3491 988 2503 2169 2529 86054 84280 1774 1434 8199 289 2589 684 5610 532 4795 3828 3491 337 225 1905 83991 48605 11998 35386 8740
is_linear=0
shrinkage=0.0398117


Tree=59
num_leaves=31
num_cat=0
split_feature=18 21 0 18 21 0 18 21 10 13 18 17 14 3 16 20 0 19 10 18 12 20 12 0 12 9 14 17 9 17
split_gain=22.4851 51.752 37.4664 29.0764 27.4461 25.6184 24.8601 26.9098 30.4291 29.8269 29.82 22.9154 44.4023 22.8682 24.6389 26.3785 23.96 23.4402 28.2112 30.9722 29.8559 25.9422 25.2549 25.1519 43.2114 29.424 24.7805 28.3534 25.273 22.1432
threshold=-0.14464228600263593 -0.067788291722536073 0.47585226595401769 -0.054252579808235162 -0.20434915274381635 0.46164773404598242 -0.32173828780651087 -0.51055508852004994 0.083186388015747084 0.19880526512861255 -0.43540009856224055 0.31871135532855993 0.24660960584878924 0.48704174160957342 0.33418332040309912 -0.47421868145465845 0.33948864042758947 0.35727423429489141 0.19766114652156833 -0.090686492621898637 0.075826186686754241 0.0093396361917257326 -0.087930243462324129 -0.15482954680919644 -0.044196683913469308 -1.0000000180025095e-35 -0.11299224942922591 -0.092837624251842485 0.30692286789417272 -0.12329210340976714
decision_type=2 2 2 2 2 2 2 2 2 2 2 2 2 2 2 2 2 2 2 2 2 2 2 2 2 2 2 2 2 2
left_child=4 2 13 -3 6 11 7 10 -9 -10 -1 -6 -13 14 15 16 -2 18 19 20 21 23 -23 24 25 -17 -21 -28 -29 -16
right_child=1 3 -4 -5 5 -7 -8 8 9 -11 -12 12 -14 -15 29 17 -18 -19 -20 26 -22 22 -24 -25 -26 -27 27 28 -30 -31
leaf_value=-0.00058800780241432323 0.014807835453571354 -0.0034679770592059554 0.0178658177032129 0.00022711020094339144 -0.0013562079064260207 -0.015383881605528497 0.0024015700857006237 -0.011449136785496203 -0.0037373945431702664 0.0097733258759842394 0.010249262029261958 -0.0037702811234575839 -0.022699372696290469 -0.0030552122880116474 -0.010218785491273412 -0.020834604667744012 -0.0057962533820778671 0.009021304769956261 -0.002164762897505028 -0.0039560984585961878 0.0081550045242066785 -0.004206906190392979 0.015663247989167909 -0.010410684477101792 0.025587271423543726 0.0098532458308894788 0.016570736609583667 0.0064429834864482777 -0.015328408868826162 0.0065084270429060596
leaf_weight=3116.3392429951346 513.05168155406136 3665.5834154890617 220.93308318464551 36702.940532251843 5067.7558563288767 213.25904057617299 4305.972139704274 676.62166496983264 1825.0224575893953 250.34251540654805 410.2094019385986 1219.5908247720217 191.85771297710016 909.38488962105475 328.23410112771671 59.407504254952073 75.560189879848622 923.20014030602761 1586.9124005839694 271.51109189912677 420.57376508496236 177.89941007958259 139.80288876243867 682.82877139316406 47.69283634563908 46.292398558114655 457.90486587991472 1719.7479470731923 39.295272342045791 143.73808956390712
leaf_count=4983 880 5776 397 56483 8158 348 6887 1209 2950 389 651 2011 365 1398 505 117 107 1465 2336 441 637 271 206 1030 113 70 792 2650 82 225
internal_value=5.62845e-05 0.000491006 0.0032548 -0.00011179 -0.00117668 -0.00316201 8.55721e-05 -0.00150595 -0.00442052 -0.0019062 0.000792383 -0.00264216 -0.00704213 0.00277302 0.00348551 0.00407363 0.0118557 0.00328984 0.0022791 0.00402506 -0.000336995 -0.00366194 0.00539869 -0.00724325 0.00580476 -0.00829221 0.00674658 0.00812771 0.00552447 -0.0049294
internal_weight=66409.5 49132.5 8763.97 40368.5 17277 6692.46 10584.5 6278.54 2751.99 2075.36 3526.55 6479.2 1411.45 8543.04 7633.65 7161.68 588.612 6573.07 5649.87 4062.96 1574.5 1153.92 317.702 836.222 153.393 105.7 2488.46 2216.95 1759.04 471.972
internal_count=103932 75981 13722 62259 27951 10882 17069 10182 4548 3339 5634 10534 2376 13325 11927 11197 987 10210 8745 6409 2444 1807 477 1330 300 187 3965 3524 2732 730
is_linear=0
shrinkage=0.0398117


Tree=60
num_leaves=31
num_cat=0
split_feature=18 21 11 3 21 18 3 9 1 21 10 18 3 9 18 21 12 12 14 10 8 4 20 9 19 16 18 21 11 10
split_gain=26.8853 37.9263 48.873 32.7389 32.7373 38.3987 32.522 30.2633 30.9806 28.9597 27.5134 24.3827 23.5412 22.6615 20.7591 24.039 20.346 19.6998 19.43 18.9882 23.482 20.4633 18.8337 24.3915 41.8535 37.2104 32.6073 31.7252 28.6021 30.8126
threshold=-0.29062251746654505 -0.37953490018844599 -0.032106699422001832 0.2314863055944443 -0.11504682525992392 -0.058091631159186356 -0.32622407376766199 -1.0000000180025095e-35 -0.32528407871723169 0.053773691877722747 0.43364687263965612 -0.38347558677196497 -0.48477418720722193 0.37067683041095739 -0.13294097036123273 -0.3104690015316009 0.081309322267770781 -0.31321325898170466 -0.06098371930420398 -0.049546325579285615 -0.066652651876211153 -0.069100182503461824 0.061988044530153281 0.30692286789417272 -0.0064797357190400353 0.32598403096199041 0.19194141775369647 0.23694776743650439 0.10784055665135385 -0.014301893766969441
decision_type=2 2 2 2 2 2 2 2 2 2 2 2 2 2 2 2 2 2 2 2 2 2 2 2 2 2 2 2 2 2
left_child=1 11 17 6 13 7 -4 9 -9 10 12 -1 -6 14 15 -2 18 -3 -5 20 21 -19 -7 25 -25 26 27 -24 29 -28
right_child=4 2 3 16 5 22 -8 8 -10 -11 -12 -13 -14 -15 -16 -17 -18 19 -20 -21 -22 -23 23 24 -26 -27 28 -29 -30 -31
leaf_value=-0.0011368734142544598 0.0062627606484902043 0.0078756227520098698 0.0042802424802962924 0.0039999197006420455 0.0044525598292482716 0.001128017181809637 -0.011427959285310802 -0.0093065903090834255 0.00080232217797800891 -0.016778041805198811 0.0084071012347181062 0.0062210088656671787 -0.0063801525556212903 -0.0038185504058856744 0.0049703810586153073 1.3454317586618496e-05 -0.0018907500223885691 0.0047137376600385993 0.02102025574110342 -0.008017200133726721 -0.032363879773796442 -0.019374088837871964 -0.0013696432687116888 -0.0073970021852359027 0.0065794609901035899 -0.0090697568045378547 0.011090105428684004 -0.0090118996981378829 -0.0006183881038230349 0.00175982976191093
leaf_weight=4243.8893407173455 1164.9256106311223 66.307722655707039 307.94346510514151 317.6233416745672 319.1203295995947 19559.649580910685 476.69296272029169 499.62403963843826 3726.5942887364654 281.55133461311925 207.49674671911635 805.35464579623658 2798.9269172993954 874.48234863206744 3876.2461676221574 4974.0361297571799 304.92811850667931 94.540930918534286 139.93595675565302 1840.0837458596798 84.990890057641082 44.62795841449406 9001.2839262087364 386.96748500701506 1512.4569466136163 830.0384364965139 773.64322538650595 907.06580227194354 4070.0688958750106 1852.7235121956328
leaf_count=6850 1921 112 489 472 454 29739 860 758 5729 496 306 1289 4479 1340 6183 8007 442 146 278 3051 212 94 14128 523 2280 1312 1258 1474 6320 2840
internal_value=-0.000108545 -0.00216134 -0.00520725 0.000183261 0.00020364 -0.000254677 -0.00534335 -0.00278847 -0.000483432 -0.00544109 -0.00424211 8.20739e-05 -0.00521083 0.00216428 0.00270531 0.0012436 0.00587795 -0.00904755 0.0107861 -0.00978163 -0.0201082 -0.00604234 0.00025804 -0.000621666 0.00360184 -0.00109198 -0.000665989 -0.00211281 0.00147162 0.00466979
internal_weight=66343.8 8726.92 3677.68 1547.12 57616.9 46727.2 784.636 7833.31 4226.22 3607.1 3325.54 5049.24 3118.05 10889.7 10015.2 6138.96 762.487 2130.55 457.559 2064.24 224.16 139.169 38893.9 19334.2 1899.42 17434.8 16604.8 9908.35 6696.44 2626.37
internal_count=103842 14295 6156 2541 89547 72096 1349 12222 6487 5735 5239 8139 4933 17451 16111 9928 1192 3615 750 3503 452 240 59874 30135 2803 27332 26020 15602 10418 4098
is_linear=0
shrinkage=0.0398117


Tree=61
num_leaves=31
num_cat=0
split_feature=18 10 18 16 21 0 10 0 21 10 10 12 16 20 20 0 13 21 0 18 18 11 15 12 9 21 4 18 13 4
split_gain=22.9268 31.1334 28.0968 28.8337 23.895 31.0306 31.2924 21.2992 21.0173 24.2981 24.0251 23.7893 20.6917 25.1106 30.0385 23.5895 22.7998 20.917 20.6321 19.2897 27.4516 29.5629 25.4678 24.3927 23.5236 30.2727 32.932 29.3754 33.2182 27.0211
threshold=-0.0995199680328369 -0.033625600859522813 -0.44855967164039606 -0.51790502667427052 -0.038129488006234162 0.38494317233562475 0.13103125989437106 0.45880682766437536 -0.69698184728622425 0.26433679461479193 0.54320544004440319 0.31285877525806433 -0.10597504302859305 0.1560536324977875 0.12106416374444963 -0.30255682766437525 0.0051056058146059522 0.026402853429317478 -0.072443179786205278 -0.78451398015022267 -0.28176027536392206 -0.37641023099422449 0.049162825569510467 0.24144082516431811 0.18290479481220248 -0.049862641841173165 -0.23193810880184171 -0.22926829755306241 -0.32749880850315088 -0.06100905314087867
decision_type=2 2 2 2 2 2 2 2 2 2 2 2 2 2 2 2 2 2 2 2 2 2 2 2 2 2 2 2 2 2
left_child=1 19 8 -4 5 -2 -7 12 9 -3 11 -11 15 14 16 -5 -14 -18 -16 22 23 -22 -1 -21 25 26 27 28 -23 -28
right_child=4 2 3 7 -6 6 -8 -9 -10 10 -12 -13 13 -15 18 -17 17 -19 -20 20 21 24 -24 -25 -26 -27 29 -29 -30 -31
leaf_value=0.020639051324550624 0.0015846290069171966 0.0071730504708014467 0.0063028931627263007 -0.0056989190023604688 3.8482287443518384e-05 0.015135017674132362 -0.0012672000431913828 -0.008609459102495224 -0.0052786696816580093 0.0043210722875782715 0.0020710524411960436 -0.014350083506634592 0.0054688702620310078 -0.0108836388989138 0.027241849446757199 0.00033153911276401703 0.001141450499705182 -0.0090739988702458561 0.0009303479330836996 -0.016075494999706199 0.0097181772047537952 0.022446716530291753 -0.0097461826928157361 0.00071974125920086214 0.0043084839535714164 -0.011090620902324074 -0.014129594036183515 -0.0011426733205362669 -0.0022396328971700254 -0.003305643102059034
leaf_weight=66.233619202626869 8016.7199152006069 525.92369215306826 1293.9234754326753 1355.7722062596586 36003.117588820867 503.57764675293583 260.77811731596012 375.27462675992865 2463.5665118714096 120.42024814034812 644.43238994374406 332.77944514516275 1899.31133728032 170.38967623922508 81.951247675926425 3782.5936094494537 2495.9148752111942 311.98757444438525 79.634028820553795 444.82126852404326 231.39239462953992 153.85125619510654 29.406021349132061 179.37158229609486 493.86580285220407 843.37487415305804 437.24197090300731 1046.7624831020366 131.4993372844765 1694.7083482667804
leaf_count=138 12454 833 2001 2174 55444 850 360 596 4079 181 1103 554 2981 267 174 5764 3750 481 128 833 353 263 58 327 830 1357 724 1794 258 2674
internal_value=-1.98748e-05 -0.00108122 -0.000170232 0.000811742 0.000494264 0.00235002 0.00976551 0.000110099 -0.00299663 0.000506275 -0.00284216 -0.00938699 0.000474146 0.00227715 0.00284886 -0.00129503 0.00216121 -0.000125441 0.0175358 -0.00357815 -0.0039189 -0.00287062 0.0108097 -0.011505 -0.00357592 -0.00452425 -0.00278573 0.00206733 0.0123274 -0.0058054
internal_weight=66470.6 21686.4 15933.9 11846.8 44784.2 8781.08 764.356 10552.8 4087.12 1623.56 1097.63 453.2 10177.6 5039.19 4868.8 5138.37 4707.21 2807.9 161.585 5752.53 5656.89 5032.7 95.6396 624.193 4801.3 4307.44 3464.06 1332.11 285.351 2131.95
internal_count=103783 34675 25066 18316 69108 13664 1210 16315 6750 2671 1838 735 15719 7781 7514 7938 7212 4231 302 9609 9413 8253 196 1160 7900 7070 5713 2315 521 3398
is_linear=0
shrinkage=0.0398117


Tree=62
num_leaves=31
num_cat=0
split_feature=18 21 11 4 20 0 21 17 11 9 0 18 10 15 4 21 12 12 3 12 20 19 13 10 12 5 17 18 10 12
split_gain=29.5254 36.6722 25.2747 26.2075 43.5811 19.5196 33.8197 18.6036 26.7099 34.935 22.0846 19.3935 33.7294 29.8919 26.6438 20.1551 18.3836 18.2678 18.2556 18.2538 23.2932 18.1901 17.5482 17.3483 22.7832 19.3476 16.0115 19.9446 20.879 16.9677
threshold=0.02152569126337767 0.090935196727514281 0.17927385121583941 -0.50407540798187245 0.11762282624840738 0.49289773404598242 0.10657939687371255 -0.18049762398004529 -0.21113686263561246 -0.25676304101943964 -0.095170453190803514 0.15907739847898486 -0.069567926228046403 0.027657450176775459 -0.11721936985850333 0.63261574506759655 -0.30177816748619074 0.060714693740010268 -0.50170147418975819 0.021926815621554855 -0.0092920693568885309 -0.2850061953067779 0.32447555661201483 0.29300302267074591 -0.16568896919488904 -1.0000000180025095e-35 -0.092837624251842485 -0.1739988103508949 -0.051448971033096307 0.18791881203651431
decision_type=2 2 2 2 2 2 2 2 2 2 2 2 2 2 2 2 2 2 2 2 2 2 2 2 2 2 2 2 2 2
left_child=1 18 3 4 22 7 -7 8 9 10 17 -10 -13 15 19 -14 -3 -5 26 -15 -21 -9 23 24 25 -2 -1 28 -28 -29
right_child=2 16 -4 5 -6 6 -8 21 11 -11 -12 12 13 14 -16 -17 -18 -19 -20 20 -22 -23 -24 -25 -26 -27 27 29 -30 -31
leaf_value=-0.0023526017239801711 -0.0065176947831212511 0.010819608668972611 -0.00059832763323159472 0.0030879557471614181 -0.00092909892365128236 0.026835579825223901 -0.0026826266597889713 -0.009212337764746642 -0.0057268084638204559 0.012667583802058515 0.008355383708117628 0.014158972347144224 0.007969212579532271 0.010284050475334944 -0.012379731576514711 -0.0095030922953644424 -0.0071468719125893669 -0.01593982411605965 -0.00077515063345976202 0.0079370334518071919 -0.011896836026891747 0.002106996522071791 0.0020977548287008118 -0.00249829244261185 0.03092946903381643 0.017394340070150793 -0.011328727533456246 0.0060348076788383888 0.0055939339459530951 0.02158604461728449
leaf_weight=453.42415989097208 66.401474872138351 48.651923842262477 12288.62490997673 101.37728616478853 426.72132881789003 75.947387163061649 100.34797829098534 178.59602055535652 1628.0224584137322 411.17879754235037 128.26920633064583 190.00509291572962 503.30286405759398 149.9120688753901 467.29088805313222 82.281122675631195 1737.2150996095734 163.43060488172341 32003.668978307862 105.2215099731693 196.34690478909761 13589.783884417033 122.0944461254403 32.832134676747955 175.76196334767155 53.920979954535142 132.46008728432935 515.62684395071119 260.88911215786356 123.47061266168021
leaf_count=693 103 112 18694 150 687 175 218 273 2550 689 188 339 827 217 711 151 2836 300 50479 142 303 20769 181 59 338 91 205 785 429 201
internal_value=-8.50958e-05 -0.000874108 0.000805238 0.00171575 0.00825079 0.00137541 0.0129911 0.00122388 -0.00110755 0.00518735 -0.00312232 -0.00269234 0.000290979 -0.00184709 -0.00620728 0.00490835 -0.00635358 -0.0092192 -0.000572304 0.000725361 -0.00474584 0.00192563 0.0162211 0.0204901 0.023184 0.00610019 0.00366656 0.00632005 -0.000686936 0.0104073
internal_weight=66513.1 35275.4 31237.7 18949 877.732 18071.3 176.295 17895 4126.64 804.256 393.077 3322.38 1694.36 1504.36 918.771 585.584 1785.87 264.808 33489.5 451.48 301.568 13768.4 451.011 328.917 296.084 120.322 1485.87 1032.45 393.349 639.097
internal_count=103895 55740 48155 29461 1459 28002 393 27609 6567 1327 638 5240 2690 2351 1373 978 2948 450 52792 662 445 21042 772 591 532 194 2313 1620 634 986
is_linear=0
shrinkage=0.0398117


Tree=63
num_leaves=31
num_cat=0
split_feature=18 21 12 18 21 15 12 4 21 12 20 3 11 12 18 21 18 10 21 0 12 12 12 11 1 12 1 20 5 1
split_gain=21.7506 48.4518 40.1989 18.6837 26.8615 25.7139 23.7745 22.0363 26.5921 19.3435 22.2349 45.6047 28.2476 28.2814 26.2822 25.628 25.9246 32.4459 30.6516 38.6398 42.0747 24.263 22.887 22.5498 21.4706 21.1005 20.7704 23.3965 26.9922 37.1017
threshold=-0.40806765854358668 -0.49115955829620356 0.12389937043190004 0.57462233304977428 0.63261574506759655 0.56352531909942638 0.075826186686754241 -0.48264713585376734 0.70056700706481945 1.169662654399872 -0.36231037974357599 -0.15633092820644376 0.090601436793804183 0.61929672956466686 -0.18711137771606443 -0.12478534132242201 -0.054252579808235162 0.44474849104881292 0.0045661521144211301 -0.072443179786205278 -0.18055460602045056 -0.18055460602045056 0.041566608473658569 -0.38441003859043116 -0.095170453190803514 0.061869639903306968 -0.078124999999999986 0.12106416374444963 0.37500000000000006 0.29119317233562475
decision_type=2 2 2 2 2 2 2 2 2 2 2 2 2 2 2 2 2 2 2 2 2 2 2 2 2 2 2 2 2 2
left_child=-1 2 -2 4 9 7 -6 -5 -9 10 11 22 21 -14 23 24 17 18 -17 -20 -21 -13 -3 -12 25 -16 -25 28 -28 -30
right_child=1 3 -4 5 6 -7 -8 8 -10 -11 14 12 13 -15 15 16 -18 -19 19 20 -22 -23 -24 26 -26 -27 27 -29 29 -31
leaf_value=-0.0024509939740790776 -0.0092312203730739902 0.016068833316797183 0.013358070760518703 0.028138007252425313 0.0038825856345732095 -0.0015315198116805488 -0.016373961672636456 0.01242936571377473 -0.0024892741626161233 -0.0093439413836962273 0.0019465342623487 0.00075467341749284745 0.0027083194282280501 0.018722149921725977 0.00056465282802122723 -0.0018390918586121817 0.00028964949978661878 0.0069833150138144682 -0.0038739806531662359 0.0019310705831558812 -0.028085701642172077 0.025756760828385333 -0.0036748072100437237 -0.0070536826439398402 0.0006020563403451671 0.0084481456928969245 -0.0011077488724408749 0.010579826979283172 -3.3331364922567218e-05 -0.023667988218296968
leaf_weight=5387.5082790717715 111.67045428010169 48.942718668607995 669.06542391155381 41.147937417961657 106.51268042379525 586.97503394994419 241.05882679333445 405.9448494547978 294.68407958932221 297.60861024190672 1371.8644095507916 90.257645168341696 1321.0350622859551 156.38224834413268 854.91804531030357 5233.5848955332767 36614.294736504555 494.00260272924788 794.10358219512273 90.906296286731958 215.20817033282947 169.31517956173047 1220.773144169827 1842.8956454192521 3218.6715412649792 1459.8354231218109 2622.5286627588794 177.85159836895764 205.04905792453792 163.04540788859595
leaf_count=8877 213 93 1100 100 143 918 391 620 444 445 2110 143 2078 288 1358 8035 56142 709 1312 142 439 335 1942 2953 5127 2262 4179 299 302 345
internal_value=-3.79316e-05 0.000176276 0.00972124 4.44887e-05 -6.21424e-05 0.00462475 -0.0103644 0.00931812 0.00637691 7.35349e-06 6.33579e-05 0.00336871 0.00747855 0.00497468 -0.000118686 0.00019498 -0.00013074 -0.00237373 -0.00315622 -0.00905385 -0.0200295 0.0185792 -0.00230561 -0.00251122 0.00273403 0.00561611 -0.00374327 -0.0017329 -0.00263428 -0.0120326
internal_weight=66507.6 61120.1 780.736 60339.4 59010.6 1328.75 347.572 741.777 700.629 58663.1 58365.5 3006.71 1736.99 1477.42 55358.8 48975.5 43442.1 6827.81 6333.8 1100.22 306.114 259.573 1269.72 6383.23 5533.43 2314.75 5011.37 3168.47 2990.62 368.094
internal_count=103844 94967 1313 93654 91572 2082 534 1164 1064 91038 90593 4879 2844 2366 85714 75526 66779 10637 9928 1893 581 478 2035 10188 8747 3620 8078 5125 4826 647
is_linear=0
shrinkage=0.0398117


Tree=64
num_leaves=31
num_cat=0
split_feature=18 21 1 21 10 16 3 12 11 17 1 18 18 21 21 3 16 18 10 16 10 19 3 4 18 18 17 21 0 18
split_gain=18.0972 24.0415 50.4658 22.2327 17.43 24.8437 16.9854 25.8516 23.8768 30.0748 46.0865 28.9428 27.4886 28.724 26.0096 27.4838 23.4543 22.7254 20.8423 21.0294 20.4606 26.3012 23.2096 25.8104 21.7877 20.8366 20.4585 18.9794 38.04 28.3996
threshold=0.60444065928459179 0.63261574506759655 0.38210226595401769 0.65608206391334545 0.86865732073783886 0.51062828302383434 -0.50170147418975819 0.16277873516082766 0.31887546181678778 -0.011254135053604839 -0.41051135957241053 0.090347733348608031 0.096665639430284514 0.23694776743650439 0.26498673856258398 -0.46541532874107355 0.15066941082477572 -0.26967006921768183 -0.13361927121877668 -0.29109238088130945 0.34045100212097174 0.54834127426147472 0.47986222803592687 -0.45759029686450953 0.10021138936281206 0.20200974494218829 -0.32503955066204065 0.1874077841639519 0.47869317233562475 0.097786504775285735
decision_type=2 2 2 2 2 2 2 2 2 2 2 2 2 2 2 2 2 2 2 2 2 2 2 2 2 2 2 2 2 2
left_child=1 6 -3 4 5 -2 7 17 12 16 11 -11 13 -8 15 -12 -10 -1 -9 -20 21 22 23 -18 -22 26 -25 28 29 -14
right_child=3 2 -4 -5 -6 -7 8 18 9 10 14 -13 27 -15 -16 -17 20 -19 19 -21 24 -23 -24 25 -26 -27 -28 -29 -30 -31
leaf_value=-0.017492512158713322 0.01803500720384401 -0.014681797592294347 0.013514646096139452 -0.00017648652090690643 -0.0018466773270189886 -0.0064115178275329391 -0.00033905207853174134 -0.0080952551990925992 0.0025114744639250157 -0.023963554072476387 0.020807381415285858 -0.002407595474953957 0.017058701542788976 -0.011692760236532171 -0.0013068358705650817 0.0044030885497233063 0.0013241376523785934 0.00096940182608390348 0.001431695252791735 0.013044414374048022 -0.0084643291364589531 -0.023843474262243484 0.0057093566041814129 0.0013456533089924263 0.0045699638716373203 -0.0042219998836938938 -0.01632240832259494 5.4166950626293661e-06 0.021545782957566109 0.0020104605803650723
leaf_weight=60.904829623177648 336.49755124491639 381.56145179690793 86.291311640059575 627.73591706296429 119.0134368397994 49.39009937539231 40717.406441435334 84.481097717653029 540.03617316309828 105.80047071713489 177.72185970982537 306.68231713725254 154.27371328487061 305.59633581363596 724.89693199971225 713.58614901360124 356.18566058878787 1659.1786226807162 400.23838497232646 673.66134716081433 283.60847069369629 116.86166450928431 176.51393340399954 106.62220088287722 466.87078590819146 619.53740035020746 768.84533508250024 7213.4403448351659 117.64891495578922 8290.867424163851
leaf_count=122 511 611 142 993 200 72 63648 156 843 201 289 479 289 522 1046 1072 562 2482 647 979 445 274 262 167 700 953 1272 11141 233 12819
internal_value=2.12276e-05 -6.63832e-05 -0.00860392 0.00490102 0.0107078 0.0144249 1.1927e-06 0.00296433 -0.000137746 -0.00263901 0.0011794 -0.00994867 0.00010462 -0.000438268 0.00424737 0.00862034 -0.00488531 -0.000152843 0.00742727 0.00898396 -0.00629274 -0.00823467 -0.00677437 -0.00809697 -0.000557119 -0.010329 -0.0141761 0.00151449 0.00277625 0.00238676
internal_weight=66742 65609.3 467.853 1132.64 504.901 385.888 65141.5 2878.46 62263 5463.77 2028.69 412.483 56799.2 41023 1616.2 891.308 3435.08 1720.08 1158.38 1073.9 2895.05 2144.57 2027.7 1851.19 750.479 1495 875.468 15776.2 8562.79 8445.14
internal_count=104132 102356 753 1776 783 583 101603 4386 97217 8565 3087 680 88652 64170 2407 1361 5478 2604 1782 1626 4635 3490 3216 2954 1145 2392 1439 24482 13341 13108
is_linear=0
shrinkage=0.0398117


Tree=65
num_leaves=31
num_cat=0
split_feature=18 21 0 21 1 16 18 8 10 12 18 12 11 21 0 4 11 18 18 10 4 12 18 14 4 12 1 12 10 4
split_gain=19.088 32.9735 41.3649 27.782 31.3177 28.4739 27.1459 34.1242 23.7116 37.655 31.7908 23.1251 22.6343 21.4107 26.7181 19.4821 19.4163 26.1797 19.5536 31.3302 28.1238 24.6544 24.2071 20.0648 23.9836 20.2639 19.8035 25.5131 18.9258 36.7141
threshold=0.096665639430284514 0.1874077841639519 0.46732954680919653 0.14894911646842959 0.38494317233562475 -0.10025285184383391 0.12685234844684604 0.0071329916827380666 -0.24003081768751142 -0.25831332802772516 0.053196527063846595 -0.16568896919488904 0.17633477598428729 0.030313904397189621 0.27982954680919653 -0.35746204853057856 0.32479527592659002 0.097786504775285735 0.15868259221315387 -0.19025152176618573 -0.49221940338611597 -0.22057747095823285 0.15789233893156054 0.13962062448263171 0.11699771881103517 0.18791881203651431 -0.16903409361839292 -0.22515151649713513 -0.12385947629809378 -0.23193810880184171
decision_type=2 2 2 2 2 2 2 2 2 2 2 2 2 2 2 2 2 2 2 2 2 2 2 2 2 2 2 2 2 2
left_child=3 2 16 8 5 -5 7 15 9 -1 11 -11 -12 -13 -15 -3 17 -2 20 -20 21 -19 23 -22 -25 -26 -21 -28 29 -10
right_child=1 6 -4 4 -6 -7 -8 -9 28 10 12 13 -14 14 -16 -17 -18 18 19 26 22 -23 -24 24 25 -27 27 -29 -30 -31
leaf_value=0.020601008107387062 0.016384962463060586 -0.0035653477596761726 0.01812117257806253 -0.020922706321497068 0.0035736325386330715 -0.0053347123426798898 -6.915449577405539e-05 -0.001116743617959895 0.00080577964754300279 -0.0091044303040240648 0.017264892590992138 0.0086484487563602639 0.00012265665629683059 0.0081554207077715948 -0.01399283798869699 -0.029950290765816307 -0.0032947399666693597 -0.010682346347352515 0.022089934687164851 0.012716931644560286 0.0017228529991304461 0.012838743612865843 -0.013379370246942031 -0.0099925846429167221 -0.0042457255550041413 0.013196415158921088 0.011217487761643561 0.0011780088242561082 -7.5229460126490262e-05 -0.0044457921382982414
leaf_weight=148.88244278240018 167.82465708418749 87.019056553952396 214.96181047300342 181.88809633662459 468.20155200804584 1324.3109702501679 11508.377986633917 374.61801295145415 3684.9516698098741 380.54013342235703 246.53513810632285 353.92491120123304 210.40983760135714 101.94624699873384 158.07764028746169 93.786607390269637 893.25720890599769 41.279096303274855 106.69627652631607 304.99062991095707 3557.1675985032925 406.88590988668147 160.73675455839839 513.76174870028626 216.2613281882368 125.99081832298543 424.19039715593681 2731.4032874077093 32791.886790482677 4826.1469232605305
leaf_count=265 293 137 396 373 751 2099 17601 565 6129 679 398 595 239 156 266 238 1425 79 220 487 5330 617 262 829 358 188 674 4221 50652 7731
internal_value=-6.96774e-05 0.000891429 0.00259284 -0.00054023 -0.00509799 -0.0078388 -0.000503152 -0.00871503 -0.000324339 0.00435373 0.00204468 -0.00198144 0.0101761 0.00275138 -0.00529516 -0.0207622 0.00215326 0.00272694 0.00236436 0.00459796 0.00074441 0.00972111 -0.000226806 0.000392851 -0.00490092 0.002973 0.00374561 0.00268766 -0.000511128 -0.00217805
internal_weight=66806.9 21929.2 9865.41 44877.7 1974.4 1506.2 12063.8 555.424 42903.3 1600.32 1451.43 994.489 456.945 613.949 260.024 180.806 9650.45 8757.19 8589.36 3567.28 5022.08 448.165 4573.92 4413.18 856.014 342.252 3460.58 3155.59 41303 8511.1
internal_count=104253 33920 15379 70333 3223 2472 18541 940 67110 2598 2333 1696 637 1017 422 375 14983 13558 13265 5602 7663 696 6967 6705 1375 546 5382 4895 64512 13860
is_linear=0
shrinkage=0.0398117


Tree=66
num_leaves=31
num_cat=0
split_feature=11 18 20 11 13 4 20 3 3 10 20 1 0 10 18 20 3 14 16 4 17 4 20 12 19 10 3 18 8 8
split_gain=16.0663 28.5277 30.6945 24.996 26.2964 29.7998 25.951 23.3308 22.9162 22.0761 22.033 52.6656 35.0867 25.9464 45.9873 37.1718 33.8527 30.2734 25.4474 32.2589 30.0232 26.7295 24.1306 23.847 29.9189 23.4061 22.5605 23.2827 22.1681 21.5772
threshold=0.33123157918453222 0.096665639430284514 -0.016956363804638382 -0.13366854190826413 -0.14558554440736768 -0.28810407221317286 0.22921405732631686 0.5026838779449464 -0.48477418720722193 0.010336820036172869 -0.035538826137781136 -0.27982954680919642 0.27982954680919653 0.07322536408901216 -0.18711137771606443 -0.084243051707744585 -0.41401703655719752 0.14407849311828616 -0.070631437003612504 -0.22463172674179074 -0.17078959196805951 -0.45013153553009028 -0.3510815948247909 0.023916522972285751 -0.12548762187361714 -0.12007907778024672 0.44014346599578863 -0.57647010684013356 0.054039105772972114 0.25569511950016027
decision_type=2 2 2 2 2 2 2 2 2 2 2 2 2 2 2 2 2 2 2 2 2 2 2 2 2 2 2 2 2 2
left_child=1 2 10 4 7 9 -5 8 -4 -6 12 -12 13 14 15 16 17 -1 19 -16 21 -20 26 24 25 -22 27 -18 -25 -8
right_child=-2 -3 3 6 5 -7 29 -9 -10 -11 11 -13 -14 -15 18 -17 22 -19 20 -21 23 -23 -24 28 -26 -27 -28 -29 -30 -31
leaf_value=-0.028706800448444134 -0.0020210271550038139 0.0014855451289789605 0.0038430624042093985 -0.0024406982958988127 0.024897845853690738 0.00071628476203159188 -0.015693429438228341 0.0083818348291142559 -0.0020686982848058056 0.0045427597148977941 -0.006475578619095864 0.0073883606247641597 0.0033383100585150272 0.00085009595619385005 0.011595033927551377 -0.020767665414270282 -0.0087904889333749823 -0.0051206283207053905 -0.02589854356622261 -0.0018240490587995862 0.0010623157815763909 -0.0038715725701115558 -0.0052437355029735832 -0.00060832417103437128 0.0042520871653728819 -0.0092340680447306964 -0.011977352071856172 0.012499680487301792 -0.013534394631427306 0.0019778780099908139
leaf_weight=115.62087302282453 5944.3740666907979 17636.092734956997 1151.6174820909509 9528.6229065193329 130.11130775348283 714.2209834282985 376.6217163298279 364.17201087507419 7657.43568446266 214.89560156140942 521.49902861716691 1813.4684423463186 4301.0597097104182 8333.2638595813187 528.96353814809117 228.48392646678258 61.929774485528469 240.66449827724136 92.419519629096612 528.21127992705442 778.58019486488774 285.57478111097589 1293.3064471207326 476.47251921216957 1839.208089526277 566.869612696697 56.784342829370871 338.28220703499392 336.73235655005556 129.37249276798684
leaf_count=238 9291 27250 1609 14758 235 1062 668 550 11990 315 784 2753 6826 12963 881 426 126 373 179 837 1281 432 2133 718 2863 853 124 557 542 189
internal_value=-5.46795e-05 0.000139253 -0.000413477 -0.00153848 -0.000149537 0.00563866 -0.00294523 -0.000846954 -0.00127612 0.0144146 0.000589573 0.0042103 0.000164986 -0.000689178 -0.00233798 -0.00694661 -0.00499419 -0.015379 -0.000308758 0.00508671 -0.00165931 -0.0116762 -0.00250146 -0.000574972 0.000995538 -0.00343348 0.00497104 0.00851764 -0.00644903 -0.01134
internal_weight=66584.9 60640.6 43004.5 20267.1 10232.5 1059.23 10034.6 9173.23 8809.05 345.007 22737.4 2334.97 20402.4 16101.4 7768.1 2335.07 2106.59 356.285 5433.03 1057.17 4375.86 377.994 1750.3 3997.86 3184.66 1345.45 456.996 400.212 813.205 505.994
internal_count=103806 94515 67265 31376 15761 1612 15615 14149 13599 550 35889 3537 32352 25526 12563 3977 3551 611 8586 1718 6868 611 2940 6257 4997 2134 807 683 1260 857
is_linear=0
shrinkage=0.0398117


Tree=67
num_leaves=31
num_cat=0
split_feature=18 21 12 12 21 5 3 15 18 13 4 12 10 19 11 18 5 21 21 15 3 12 19 18 10 12 11 20 18 17
split_gain=15.322 49.0856 43.1172 18.875 16.7641 38.6654 34.0067 30.0732 29.5056 26.9465 24.7177 23.0892 20.5484 31.8859 19.5558 23.6952 18.6998 16.3424 15.8753 14.754 14.7431 26.8198 31.0008 25.2476 24.8587 20.3699 18.7176 27.0667 26.1626 23.7131
threshold=-0.40806765854358668 -0.49115955829620356 0.12389937043190004 -0.018170382827520367 -0.54591426253318776 1.0000000180025095e-35 0.18699086457490924 0.076812595129013075 -0.44855967164039606 -0.011285899206995962 -0.01222570054233074 0.48039451241493231 0.26433679461479193 -0.042796092107892029 -1.5165494084358213 -0.78451398015022267 0.37500000000000006 -0.47482766211032862 -0.26105938851833338 -0.20890169590711591 -0.50268387794494618 0.061869639903306968 -0.01983541157096624 0.15333474427461627 -0.13361927121877668 -0.044196683913469308 0.33123157918453222 -0.36231037974357599 0.02152569126337767 0.39781390130519872
decision_type=2 2 2 2 2 2 2 2 2 2 2 2 2 2 2 2 2 2 2 2 2 2 2 2 2 2 2 2 2 2
left_child=4 2 3 -2 12 6 9 8 -8 10 11 17 13 -1 -14 -16 -15 -6 -12 -18 21 22 25 -24 -23 -3 27 -22 -29 -28
right_child=1 20 -4 -5 5 -7 7 -9 -10 -11 18 -13 14 16 15 -17 19 -19 -20 -21 26 24 23 -25 -26 -27 29 28 -30 -31
leaf_value=-0.0040288949019439933 0.0069721254352237191 0.007412889937650268 0.013702466738420476 -0.017743646243883904 0.0019274529701691192 -0.0099623721338676172 0.02208041568971001 -0.0025341531850997406 -0.00018310752196946885 0.0045643886312534375 -0.026423436603641555 0.0052797873614323036 0.010558405557282626 0.01786279134686599 -0.0081003562216278076 0.0012863755576221596 0.012370922096594383 -0.019238250647785001 -0.00053092360474162731 -0.00078333151671863724 0.0052609819847751309 -0.0054805687465429628 -0.016249390584807444 0.0051618019955007796 0.0094339258036545085 -0.0047794877161580363 -0.0035306320620497956 -0.00091580400247076978 0.00088528353933507622 0.0029418368278734696
leaf_weight=443.73304390290286 41.55960308923386 533.56005529733375 658.81256803800352 77.049088320811279 72.336183645296842 1061.2875828710385 198.28894765756559 303.19608207675628 146.16387351194862 260.89470601733774 122.94513604464009 202.97311347187497 113.53221208718605 209.22161738865543 886.63829394103959 752.83725145179778 161.35803076031152 111.79710815451108 50.670220254920423 348.54830755654257 1539.9797506460454 174.43027058662847 249.76315805967897 91.838049598620273 1033.11678034754 299.85669130634051 4508.7026691915235 25437.587382099126 25592.999336079345 1072.2162533813389
leaf_count=680 95 812 1104 135 101 1799 362 439 227 483 283 287 242 381 1437 1100 259 207 98 566 2476 271 417 141 1490 440 7036 39663 39274 1665
internal_value=-7.87397e-06 0.000172202 0.009799 -0.00929942 -0.00202176 -0.00435908 -0.000106581 0.00643338 0.013719 -0.00535513 -0.0100106 -0.00339799 3.84222e-05 0.0040504 -0.00264974 -0.00386582 0.00900647 -0.0121235 -0.0206438 0.00408036 4.02452e-05 0.00307658 -0.00118368 -0.0104725 0.00712323 0.00297523 -8.63562e-05 0.0001468 -1.21434e-05 -0.00226797
internal_weight=66757.9 61311.5 777.421 118.609 5446.42 2530.55 1469.27 647.649 344.453 821.616 560.722 387.106 2915.87 1162.86 1753.01 1639.48 719.128 184.133 173.615 509.906 60534.1 2382.57 1175.02 341.601 1207.55 833.417 58151.5 52570.6 51030.6 5580.92
internal_count=103970 95019 1334 230 8951 4286 2487 1028 589 1459 976 595 4665 1886 2779 2537 1206 308 381 825 93685 3571 1810 558 1761 1252 90114 81413 78937 8701
is_linear=0
shrinkage=0.0398117


Tree=68
num_leaves=31
num_cat=0
split_feature=18 21 11 21 3 17 11 21 10 18 3 3 4 17 11 10 11 1 21 19 10 14 18 21 21 18 21 9 1 5
split_gain=18.848 33.2009 35.4747 30.2786 30.2761 30.7579 29.9403 28.0837 26.1451 22.4604 22.3417 24.8035 20.1464 33.0261 20.146 19.5121 18.4471 16.9866 23.8102 22.4587 20.8828 20.7349 16.7908 39.2017 25.5716 33.45 29.4358 27.3513 28.2649 32.5408
threshold=-0.29062251746654505 -0.35551452636718744 -0.032106699422001832 -0.3104690015316009 0.37321612238883978 0.29670645296573644 -0.33609098196029658 -0.51055508852004994 0.38730666041374212 -0.38347558677196497 0.25294875353574758 -0.34452423453330988 -0.069100182503461824 0.41399396955966955 0.15166488289833072 0.14166230708360675 -0.61777612566947926 -0.08096591010689734 -0.026396335102617737 0.24997129291296008 1.2257474660873415 0.37957312166690832 0.13985770940780642 0.27053716778755194 0.3360277265310288 0.42243160307407385 0.55071184039115917 -0.17503517866134641 -0.30823864042758936 -1.0000000180025095e-35
decision_type=2 2 2 2 2 2 2 2 2 2 2 2 2 2 2 2 2 2 2 2 2 2 2 2 2 2 2 2 2 2
left_child=1 9 17 4 7 -6 -7 -2 12 -1 11 15 13 -9 -12 -4 -11 -3 19 -19 -20 -21 23 -5 -24 27 -27 -26 29 -29
right_child=3 2 10 22 5 6 -8 8 -10 16 14 -13 -14 -15 -16 -17 -18 18 20 21 -22 -23 24 -25 25 26 -28 28 -30 -31
leaf_value=-0.0010053905244228843 0.021175834096000198 -0.014289565059163716 -0.0056151174479424212 -0.00023846865230052513 0.0036094484977481664 0.0034043202893189613 -0.025481714832494371 0.01157625619288803 -0.0022105964699784845 0.017187759256418737 0.010874295321890588 -0.0095906919075166661 0.016231955915274626 -0.0085737238703078242 -0.0019890212101200395 0.012353779152719492 0.0028623953173865361 -0.0061770252067510894 -0.028248325970201622 -0.0042194488585924955 -0.00015970895390491827 0.015408642971978425 0.0022801353302774907 -0.013317950686152515 -0.014042406914665084 0.0077343789804907763 -0.0007932466936350184 9.9925390330956104e-05 -8.4841803691233166e-07 -0.017357414616517696
leaf_weight=4473.4851903854869 178.99344925675541 524.04563482350204 136.74950388108846 39234.107942625764 395.39746014843695 73.213469199487008 92.684545509167947 251.48450678214431 430.94053477817215 128.98282890289556 355.86320217279717 505.58998122671619 342.05252376233693 176.40039702388458 337.00541577138938 152.53331110021099 862.18040016165469 963.08776226267219 75.782814920414239 130.29326919314917 59.810941293719225 124.13096432783641 10835.80188657681 315.81999975373037 326.68900990986731 912.88803080841899 1884.4021304765483 303.5278467721073 1922.6988101956667 321.66790729237255
leaf_count=7163 338 871 229 60468 666 100 183 416 668 213 626 893 551 297 472 236 1336 1558 171 193 97 271 16863 497 561 1404 2846 449 2833 550
internal_value=-4.53104e-06 -0.00171297 -0.00479273 0.000256465 0.00508024 -0.00252368 -0.014707 0.00817194 0.00545266 0.000205686 -0.00015834 -0.00459026 0.00964182 0.00320258 0.00486965 0.00419778 0.00547766 -0.00835852 -0.00562495 -0.0034276 -0.0190054 0.00621402 8.46951e-05 -0.000360133 0.0011495 -0.00100783 0.00206862 -0.00399323 -0.00245278 -0.00945646
internal_weight=66828.3 8829.54 3364.89 57998.8 1941.17 561.295 165.898 1379.87 1200.88 5464.65 1487.74 794.873 769.937 427.885 692.869 289.283 991.163 1877.15 1353.11 1217.51 135.594 254.424 56057.6 39549.9 16507.7 5671.87 2797.29 2874.58 2547.89 625.196
internal_count=104019 14329 5617 89690 3219 949 283 2270 1932 8712 2456 1358 1264 713 1098 465 1549 3161 2290 2022 268 464 86471 60965 25506 8643 4250 4393 3832 999
is_linear=0
shrinkage=0.0398117


Tree=69
num_leaves=31
num_cat=0
split_feature=3 12 10 14 16 11 17 1 21 16 0 10 4 15 17 4 21 19 10 16 19 3 8 4 10 15 0 12 16 17
split_gain=15.2501 19.9956 18.7332 24.3984 17.8653 15.521 24.8584 43.7973 34.3281 21.8225 24.4922 22.9466 24.0814 24.5571 18.588 17.5932 15.6824 14.8956 14.7011 16.1167 19.1631 16.2572 14.056 13.8076 18.3934 13.7965 22.2094 26.8388 22.2448 13.718
threshold=-0.50268387794494618 0.20106918364763263 -0.13361927121877668 0.58540803194046032 0.51062828302383434 0.31887546181678778 0.22950524836778644 -0.38210226595401758 0.27053716778755194 0.087764117866754546 0.32244317233562475 0.25840707123279577 -0.49624775350093836 0.64900922775268566 0.48673234879970556 -0.49976514279842371 0.21999987214803698 0.68791252374649059 -0.093864645808935152 0.22897403687238696 0.31531602144241339 -0.30064630508422846 0.24437450617551806 0.21648090332746509 0.57634308934211742 0.54585254192352306 0.41051135957241064 0.3740480244159699 0.33418332040309912 0.40399827063083654
decision_type=2 2 2 2 2 2 2 2 2 2 2 2 2 2 2 2 2 2 2 2 2 2 2 2 2 2 2 2 2 2
left_child=1 -1 -3 4 -4 25 9 14 15 10 -7 12 -11 18 -8 -9 23 -15 -14 -20 -21 -22 29 -13 -25 -2 28 -28 -27 -10
right_child=5 2 3 -5 -6 6 7 8 22 11 -12 16 13 17 -16 -17 -18 -19 19 20 21 -23 -24 24 -26 26 27 -29 -30 -31
leaf_value=0.0002438057203612446 -2.0186415940317517e-05 -0.0085746715254044203 0.01718713147711359 0.00035366381040261773 7.6630514808634378e-05 -0.0020403866671882508 -0.00067501830474333635 -0.0058630851526992114 0.00027893316089692846 0.0051088344384980049 0.017342722156556266 -0.0069858204911734667 -0.0092518721032507825 -0.010447140527626445 -0.017060116732447443 0.014724075349990625 0.0044537365669399618 -0.030085520270837763 0.0034514019248114416 -0.0096027091715730414 0.012214224126235691 -0.0057376645482137322 0.0083051131629859852 0.011277038169270365 -0.0069357516439856682 0.013883323029548745 0.0095435719134227739 -0.011984722796749463 0.0023793387344873311 -0.014091340795184339
leaf_weight=1650.2141333812615 56090.517858489067 64.958131363033317 433.61942112760153 339.53247325285338 118.03035818971694 246.93720151402522 246.05771836184431 43.426489746198058 300.6987214575056 229.17576747050043 113.93199812190142 562.54815821989905 713.67431069689337 622.39491225488018 156.56068089371547 529.30587470228784 613.25683446775656 46.189240248058923 470.76483061967883 508.52464528300334 108.08925691561308 114.34737190126907 139.25148442038335 146.03896202787291 111.38436425663531 354.32722850563005 92.272470223950222 220.66444677428808 873.26122643391136 106.60361779562663
leaf_count=2451 87621 119 679 528 159 363 388 64 432 396 208 844 1174 985 260 829 945 138 697 738 165 178 192 260 165 609 164 380 1270 163
internal_value=2.93293e-06 0.00295846 0.00738249 0.00897731 0.0137935 -0.000119795 -0.00201606 0.00233121 0.00634703 -0.00346654 0.00537939 -0.00427771 -0.00633646 -0.00743949 -0.00824496 0.0127416 -0.000148171 -0.0138266 -0.00490732 -0.0020457 -0.0056054 0.00351802 -0.000815496 -0.00366812 0.00345649 8.31025e-05 0.00373877 -0.00510651 0.00612522 -0.00456187
internal_weight=66366.6 2606.35 956.14 891.182 551.65 63760.2 6129.16 1521.9 1119.29 4607.26 360.869 4246.39 2813.16 2583.98 402.618 572.732 1433.23 668.584 1915.4 1201.73 730.961 222.437 546.554 819.971 257.423 57631 1540.53 312.937 1227.59 407.302
internal_count=103564 3936 1485 1366 838 99628 9584 2328 1680 7256 571 6685 4471 4075 648 893 2214 1123 2952 1778 1081 343 787 1269 425 90044 2423 544 1879 595
is_linear=0
shrinkage=0.0398117


Tree=70
num_leaves=31
num_cat=0
split_feature=18 21 21 0 16 11 18 21 9 18 0 17 21 20 0 21 9 18 3 12 3 19 8 12 3 3 12 5 20 21
split_gain=15.7958 22.0425 19.318 52.0118 15.4948 15.0485 19.0566 36.0474 31.5894 22.1829 34.6267 21.6699 21.6529 24.5646 21.3423 21.0733 20.9215 20.067 25.9892 24.3775 26.0158 28.0966 23.7954 22.5379 26.9888 28.7283 23.4232 31.3606 28.5112 25.8362
threshold=0.60444065928459179 0.70056700706481945 0.65608206391334545 -0.37642045319080347 0.54199615120887767 0.33123157918453222 0.12257515639066698 0.10952898114919664 -0.098247431218624101 0.038896562531590469 0.49289773404598242 0.47191859781742101 -0.001277609961107373 0.24473365396261218 0.19460227340459826 0.042666306719183929 -0.004038431914523243 -0.18711137771606443 0.49119704961776739 0.12933676689863208 -0.41401703655719752 -0.1799083277583122 -0.25742644071578974 0.021926815621554855 -0.23148630559444425 0.27382043004035955 -0.094791311770677553 0.37500000000000006 -0.67234852910041798 -0.18414206057786939
decision_type=2 2 2 2 2 2 2 2 2 2 2 2 2 2 2 2 2 2 2 2 2 2 2 2 2 2 2 2 2 2
left_child=2 4 5 -4 -2 6 7 9 -9 12 11 14 17 -14 -11 -16 -13 18 19 20 21 -1 -22 26 -25 -26 27 29 -28 -24
right_child=1 -3 3 -5 -6 -7 -8 8 -10 10 -12 16 13 -15 15 -17 -18 -19 -20 -21 22 -23 23 24 25 -27 28 -29 -30 -31
leaf_value=-0.024800639851849188 0.011757324877931321 -0.0012417283951036036 0.010487244606586376 -0.021261329460477815 -0.0057056479194423351 -0.0021602977563521097 0.0012773420977665478 -0.010173433012065636 -0.0019845494396672951 -0.00043801615315702596 0.023947127404223049 0.021794552235005316 -0.0030325736399130754 0.0074560282497652492 0.010946923922149613 0.00090615928767097842 0.0037741256096430116 0.0010309299250337552 0.0047601247177185202 -9.4314230634971088e-05 -0.008212261281089657 -0.0052619657629025878 0.0069755622583080401 0.0055303443092259656 -0.020468271902670376 -0.0024187355118829197 -0.0072002614292519963 -0.016535935900959864 0.0079402668025696978 -0.0042270805200798206
leaf_weight=132.70900506293401 515.83005639095791 544.50394647137728 90.005871686385944 167.55521499039605 59.64379089907743 5370.7071074506966 14618.883329472621 908.17183673009276 3590.1407492491417 3970.2009427542798 63.234688679222018 107.43782686046325 6150.8400240018964 326.47765248420183 546.23195526015479 776.094006829313 376.00135641207453 15940.273092743591 1048.693047342007 6728.3196823887993 896.75037782022264 438.40141117060557 458.74975200672634 169.5524125212105 229.90439986577258 312.9547594016185 203.61515408754349 166.53797583351843 912.45694658032153 856.4729473326588
leaf_count=255 798 866 134 312 102 8314 22472 1550 5478 5997 144 179 9589 565 882 1222 519 24524 1631 10815 1487 742 848 258 381 484 305 273 1404 1339
internal_value=-0.000116921 0.00446625 -0.000198873 -0.0101394 0.00957576 -0.000151611 2.97222e-05 -0.000373333 -0.00373496 8.08548e-07 0.00226188 0.00181595 -0.000378827 -0.00244718 0.00103111 0.00531174 0.00946873 9.40827e-05 -0.00109312 -0.00164674 -0.00380534 -0.0114492 -0.00264145 -0.00102684 -0.00704742 -0.0111625 0.00071886 -0.00252218 0.00496383 -0.000193384
internal_weight=66677.4 1119.98 65557.4 257.561 575.474 65299.8 59929.1 45310.2 4498.31 40811.9 5839.2 5775.97 34972.7 6477.32 5292.53 1322.33 483.439 28495.4 12555.1 11506.4 4778.11 571.11 4206.99 3310.24 712.412 542.859 2597.83 1481.76 1116.07 1315.22
internal_count=103869 1766 102103 446 900 101657 93343 70871 7028 63843 8943 8799 54900 10154 8101 2104 698 44746 20222 18591 7776 997 6779 5292 1123 865 4169 2460 1709 2187
is_linear=0
shrinkage=0.0398117


Tree=71
num_leaves=31
num_cat=0
split_feature=18 21 16 14 18 0 16 21 11 12 19 14 0 9 1 5 21 12 11 5 12 9 11 10 12 10 18 21 1 11
split_gain=17.8961 43.0031 25.1057 35.5262 17.4715 28.9887 37.7118 29.9106 20.074 19.3345 17.3183 17.3453 16.5202 18.5585 16.4595 36.3924 32.184 25.8935 26.4442 18.5838 18.3658 16.3694 15.569 27.5958 17.8219 15.5893 15.5131 23.7103 27.154 26.8917
threshold=-0.44855967164039606 -0.51055508852004994 -0.019920930266380307 0.49030672013759619 -0.36954462528228754 0.41335226595401769 0.14797220379114154 -0.2669259756803512 -0.37641023099422449 0.28142367303371435 0.0048614367842674264 0.20132502913475039 -0.37073864042758936 -0.19451421499252317 0.38210226595401769 0.37500000000000006 0.090935196727514281 -0.063647799193859086 0.072399858385324492 -0.37499999999999994 0.60188677906990062 -0.38081625103950495 -1.0951772332191465 0.26433679461479193 -0.0081818182952702028 1.6836624741554262 0.02152569126337767 -0.0055373962968587867 -0.43892045319080347 -0.085794948041439043
decision_type=2 2 2 2 2 2 2 2 2 2 2 2 2 2 2 2 2 2 2 2 2 2 2 2 2 2 2 2 2 2
left_child=14 2 3 -2 5 6 7 10 9 12 -3 -12 -6 -14 16 19 17 -1 22 -16 -18 -13 23 -19 -24 -25 27 29 -29 -10
right_child=1 4 -4 -5 8 -7 -8 -9 26 -11 11 21 13 -15 15 -17 20 18 -20 -21 -22 -23 24 25 -26 -27 -28 28 -30 -31
leaf_value=0.011043351940228837 -0.0063794896128351345 -0.0079909152269307549 0.022722494851765779 0.0097708073476631564 -0.0046915052796266069 -0.021274781491388874 0.0085412759912067149 -0.016359591480693617 -0.0014486533147063498 0.0003801246863336875 0.017771301035602753 0.011844553695053444 0.012767009224481877 0.0031781872217798036 -0.0030227412304522608 -0.0094508659820916642 -0.031235274267430811 0.015190603921270668 -0.018321495634284087 0.014096101061303986 -0.0020213825657902093 -0.0041450622175842541 0.0078353467687849784 -0.0056253392302547753 -0.0047316214982479612 0.008779894812651113 0.00067057260126158807 -0.013917670056024931 -0.0021272486833568429 0.0015039272499196719
leaf_weight=160.29170584236272 261.72498543746769 354.71208757837303 112.6366956703132 692.0444148350507 149.25540994491894 89.842273078975268 341.18192175694276 260.15691728785168 9645.9497202427592 1732.6357780050021 49.676417670561932 81.702085404656827 618.59837311587762 709.90216068807058 114.01933288678993 189.7153891910566 51.418569147936068 153.58817314507905 128.06057691387832 311.96792121976614 62.609741167747416 375.12143030157313 145.85051622975152 400.36304820759688 2439.8780929434579 111.63379095797427 30805.574002441601 279.06285502447281 6074.6818176471861 9810.0938499786425
leaf_count=285 427 548 207 1079 229 193 536 460 15075 2685 118 126 987 1065 169 294 125 283 238 590 105 573 215 704 3891 199 47243 473 9650 15081
internal_value=0.000102645 0.000274141 0.00801542 0.00521944 0.000132898 -0.00396822 -0.00222327 -0.00574125 0.000242877 0.00328034 -0.00179526 0.00283924 0.0065466 0.00795449 -0.00237516 0.00342763 -0.00339235 -0.00255061 -0.00335391 0.00961049 -0.0206487 -0.000345727 -0.00248946 0.0027684 -0.00387774 -0.0019364 6.75448e-05 -0.000651344 -0.00275257 3.90863e-05
internal_weight=66714 62444.6 1066.41 953.769 61378.1 1552.39 1462.55 1121.37 59825.8 3210.39 861.212 506.5 1477.76 1328.5 4269.4 615.703 3653.69 3539.67 3379.37 425.987 114.028 456.824 3251.31 665.585 2585.73 511.997 56615.4 25809.8 6353.74 19456
internal_count=103853 96755 1713 1506 95042 2554 2361 1825 92488 4966 1365 817 2281 2052 7098 1053 6045 5815 5530 759 230 699 5292 1186 4106 903 87522 40279 10123 30156
is_linear=0
shrinkage=0.0398117


Tree=72
num_leaves=31
num_cat=0
split_feature=18 21 21 1 16 10 12 0 15 5 18 21 0 4 18 8 0 12 12 1 0 17 18 21 21 18 15 17 3 21
split_gain=13.7901 23.1581 20.894 37.118 19.2637 19.3933 15.9326 14.239 25.647 14.3661 13.2775 43.5497 46.1642 26.6854 29.0246 21.9153 21.4401 21.8668 24.8217 17.9021 17.1937 29.952 20.9092 60.92 39.3161 37.4616 22.4018 17.0837 22.2641 18.1699
threshold=0.60444065928459179 0.70056700706481945 0.63261574506759655 0.37926135957241064 0.54199615120887767 0.82749569416046154 0.083882216364145293 -0.15198864042758939 0.3794239610433579 -1.0000000180025095e-35 0.22037483006715777 0.22846730053424838 0.43892045319080358 -0.24637155234813687 0.13716869056224826 0.22418330609798434 0.12073863670229913 0.20106918364763263 0.50468838214874279 -0.24573864042758939 0.48153407871723181 0.4950381219387055 -0.041037458926439278 -0.16132759302854535 0.06909849122166635 0.094701088964939131 0.21352534741163257 -0.031281461007893079 -0.50170147418975819 0.34708946943283087
decision_type=2 2 2 2 2 2 2 2 2 2 2 2 2 2 2 2 2 2 2 2 2 2 2 2 2 2 2 2 2 2
left_child=2 4 10 6 5 -2 -4 -3 -9 -10 11 20 13 16 15 -15 17 -13 -19 -16 -1 22 23 26 -24 -26 -22 28 -12 -30
right_child=1 7 3 -5 -6 -7 -8 8 9 -11 27 12 -14 14 19 -17 -18 18 -20 -21 21 -23 24 -25 25 -27 -28 -29 29 -31
leaf_value=-2.1034500654268614e-05 0.015225262037804773 -0.012345390232575843 0.00092735299296389741 0.01104772055656459 -0.0074392704432798091 -0.0022340961653154689 -0.017506947950827193 0.014867263845042817 -0.010879071118803535 0.0038166823040455006 0.011561061109553048 -0.0070801646069668326 -0.019456575992074569 -0.011504191485571764 -0.00056896830448261338 0.0046133509824739854 -0.017136604434096026 0.013459164208266311 -0.010004473858464626 0.0086113427351914764 0.015299249523595258 -0.0078307132208537775 0.023375927064257895 -0.013338385529468554 -0.013835784536785274 0.011218389540501778 -0.0053034350810116761 0.0039000503339496218 0.0015093688144808333 -0.0035503341911444176
leaf_weight=52467.786852493882 429.7333456100896 97.679208847228438 85.226734786177985 84.096706096665002 58.414120809175074 108.67120587523095 277.8804809023859 111.37962408305611 167.93477827263996 162.26288601290435 202.57113557646517 929.93859368714038 249.39655681559816 411.65368790505454 768.60314098524395 152.85430578840896 231.05049804050941 154.13537932059262 63.477972557535395 534.70106000581291 301.903448124649 215.98403991479427 225.97463033453096 217.58827496320009 99.49174249812495 204.84577951871324 78.783561581629328 2982.7844040193595 2707.2571421628818 1848.3655864662724
leaf_count=81488 649 164 130 135 102 168 450 177 270 233 314 1412 493 690 1066 227 401 242 115 840 539 387 455 398 186 337 157 4533 4339 2741
internal_value=3.74632e-05 0.00429077 -3.92299e-05 -0.0081629 0.00938561 0.0117545 -0.0135017 -0.00162263 0.00171994 -0.00403425 2.25521e-05 -0.000186613 -0.0044599 -0.00302511 9.34019e-05 -0.0070685 -0.00712016 -0.0044602 0.00588215 0.00335872 9.45039e-05 0.00445641 0.0070627 0.00166061 0.0124645 0.00218068 0.0108298 0.00156486 7.1919e-05 -0.000555305
internal_weight=66632.4 1136.08 65496.4 447.204 596.819 538.405 363.107 539.256 441.577 330.198 65049.1 57308.2 3495.81 3246.41 1867.81 564.508 1378.6 1147.55 217.613 1303.3 53812.4 1344.57 1128.59 598.275 530.312 304.338 380.687 7740.98 4758.19 4555.62
internal_count=103838 1763 102075 715 919 817 580 844 680 503 101360 89433 5486 4993 2823 917 2170 1769 357 1906 83947 2459 2072 1094 978 523 696 11927 7394 7080
is_linear=0
shrinkage=0.0398117


Tree=73
num_leaves=31
num_cat=0
split_feature=18 21 18 9 21 0 12 17 18 1 10 16 3 8 18 16 4 21 21 9 18 21 1 10 14 21 21 10 20 21
split_gain=15.7854 23.4374 24.7404 31.6794 30.8981 37.708 28.5353 26.6961 23.1335 33.253 22.9464 19.6924 28.8623 19.5756 24.2826 26.0358 19.2221 25.8215 18.8515 18.5814 18.1592 23.8134 29.1299 22.8309 20.6245 23.7451 20.7975 17.686 17.6506 17.188
threshold=0.60444065928459179 0.4320081770420075 0.22037483006715777 -0.63125598430633534 0.22422055155038836 0.45880682766437536 0.43036021292209631 0.45868690311908727 0.42243160307407385 0.37073864042758947 -0.13361927121877668 0.34260569512844091 0.36766564846038824 0.22418330609798434 0.13985770940780642 0.14797220379114154 -0.24637155234813687 0.31647247076034551 0.3360277265310288 0.054223453626036651 0.02152569126337767 0.030313904397189621 -0.45596592128276819 0.16412365436553958 -0.069899469614028917 -0.063225399702787385 -0.059578342363238328 0.13103125989437106 0.18640130013227466 -0.0087966057471930963
decision_type=2 2 2 2 2 2 2 2 2 2 2 2 2 2 2 2 2 2 2 2 2 2 2 2 2 2 2 2 2 2
left_child=1 2 4 6 20 7 -4 13 9 19 28 12 -2 14 -6 16 17 -16 -12 -3 29 22 -22 -23 25 -24 27 -26 -9 -1
right_child=11 8 3 -5 5 -7 -8 10 -10 -11 18 -13 -14 -15 15 -17 -18 -19 -20 -21 21 23 24 -25 26 -27 -28 -29 -30 -31
leaf_value=-0.00013847791544917542 0.013583137943800495 -0.017488173579330565 -0.023304174839851567 0.0029855814644234313 -0.014690068398626601 -0.019686408044803535 0.0068041645259850477 0.0023189193557721227 -0.00091307260976547283 0.0089648906937991584 0.01078317473737243 -0.0020518630097562645 -0.0025589631742716544 0.0016724451657280002 0.005021110313264892 -0.0090331436135409164 0.010435789353693567 -0.021435973624143095 -0.0044209925994864504 -0.0051526212800332115 0.02183963161753796 0.0007021629585739034 -0.0081838937863263125 -0.0040839687742600592 0.015726705461522102 0.0017856121014606546 0.0022262272959781932 0.0049027232879259568 -0.0082378302303205055 -0.0023570652574007663
leaf_weight=28193.731624969398 472.64704161533155 374.41271905158646 89.36256811581552 5536.5299861605745 505.19671640277375 174.71339367364999 45.999670010991395 491.05744847480673 1668.1720071958844 109.74008523521479 443.46752275328618 437.80546602921095 239.19959089974873 399.32778418750968 110.76655700895935 553.20143222284969 225.22818727232516 43.970640901825391 139.98953065124806 476.60701889463235 79.056424108915962 11360.334081607056 427.9737978905905 1782.7093188157305 364.76575904595666 1757.2984325168654 2083.2938142374624 758.84840876213275 424.46989105944522 6845.2233352120966
leaf_count=44186 764 669 189 8583 812 365 72 692 2468 167 636 669 369 590 185 863 359 89 214 745 161 17379 697 2674 626 2579 3224 1198 672 10966
internal_value=-0.000102802 -0.000185865 -3.00631e-05 0.00246548 -0.000279958 -0.00387067 -0.0137295 -0.0027586 -0.00383233 -0.00858992 0.00116011 0.00442084 0.00830923 -0.0059122 -0.00802103 -0.00383289 0.00386201 -0.00577854 0.00702435 -0.0112618 -4.12083e-05 0.000961734 0.00315576 3.84767e-05 0.00267924 -0.000296781 0.00468714 0.00894718 -0.00272362 -0.000575192
internal_weight=66615.1 65465.4 62836.5 5671.89 57164.6 3511.39 135.362 3336.68 2628.93 960.76 1498.98 1149.65 711.847 1837.69 1438.36 933.167 379.965 154.737 583.457 851.02 53653.2 18614.3 5471.24 13143 5392.18 2185.27 3206.91 1123.61 915.527 35039
internal_count=103862 102060 98011 8844 89167 5477 261 5112 4049 1581 2214 1802 1133 2898 2308 1496 633 274 850 1414 83690 28538 8485 20053 8324 3276 5048 1824 1364 55152
is_linear=0
shrinkage=0.0398117


Tree=74
num_leaves=31
num_cat=0
split_feature=18 21 18 9 19 1 0 21 20 9 8 18 1 17 12 12 0 12 5 4 18 5 1 15 21 18 21 0 18 15
split_gain=16.0643 22.8895 23.4318 29.1434 22.5874 44.4688 22.5956 22.3089 21.233 20.4075 20.347 19.5432 18.8769 17.3801 28.2853 24.8345 24.2501 31.878 28.5901 21.9539 21.3303 21.0536 49.274 19.0909 17.6985 24.2911 16.4784 24.6862 26.7457 30.1969
threshold=-0.29062251746654505 -0.11504682525992392 -0.0995199680328369 0.1760922968387604 -0.20291815698146817 0.44460226595401769 -0.066761363297700868 -0.053773691877722733 -0.23524740338325498 0.35958603024482733 0.095548696815967574 -0.12176372483372687 -0.34232954680919642 -0.14414641261100766 0.07929102331399919 0.19336192309856418 0.16619318723678592 0.061869639903306968 1.0000000180025095e-35 -0.06100905314087867 0.018174973316490654 -1.0000000180025095e-35 -0.16619318723678586 -0.23194316774606702 -0.2385708466172218 -0.18711137771606443 -0.37953490018844599 -0.058238636702299111 -0.99757909774780262 0.061451612040400512
decision_type=2 2 2 2 2 2 2 2 2 2 2 2 2 2 2 2 2 2 2 2 2 2 2 2 2 2 2 2 2 2
left_child=8 9 3 4 5 10 -6 -8 -1 13 -3 12 -5 15 16 -2 17 23 24 20 21 22 -16 -15 -18 -26 -10 28 29 -28
right_child=1 2 -4 11 6 -7 7 -9 26 -11 -12 -13 -14 14 19 -17 18 -19 -20 -21 -22 -23 -24 -25 25 -27 27 -29 -30 -31
leaf_value=0.0002528232956495277 0.0089447978180570622 -0.032433675800207014 0.00024332013900732585 -0.007593645822951153 -0.0005494794799249925 0.0025969496352096222 -0.003089079540413544 -0.012697121307557837 -0.00052375672242330662 -0.0037004575295382924 0.00065228403968804109 -0.0057881656248791056 0.0084539510960279368 -0.0030185358379406827 -0.013185554228907591 0.00067976507979408392 0.00047691805795485403 -0.011294601223542112 0.0037303102421803336 0.007195328014576491 0.015614019753150401 -0.0033343050008047452 0.012047021262903395 0.0040076793968017782 -0.02846714589458893 -0.0076447577635168247 0.030612149413515574 -0.010941502534519445 -0.0037722243365846194 -0.007783515248511147
leaf_weight=4854.2191788560012 1314.1338917323155 108.29393280355725 41515.195675270981 94.14797868730966 2354.4232965185074 128.12088195572142 1155.6353048364399 565.60880151402671 1621.0458872326417 888.03628889855463 30.040913822362199 240.65543524047825 713.58002188487444 788.57879240927286 118.18147931271233 1020.6483797400724 169.37107203667983 255.63918669021223 295.08110842609312 1771.9518752634758 93.413300307118334 1146.0342120889109 423.63097512966488 2262.1728581934003 95.614281832124107 395.90688357979525 28.250894653610885 860.25458707497455 1435.8251236641081 24.261515003396198
leaf_count=7742 2170 274 63721 118 3560 169 1792 963 2579 1342 51 360 1065 1346 194 1648 246 402 467 2634 158 1771 692 3581 216 660 85 1454 2356 49
internal_value=6.45532e-05 0.000306162 -7.78878e-05 -0.00253488 -0.00396949 -0.0142889 -0.00312545 -0.00652353 -0.00151257 0.00193293 -0.0266613 0.00329582 0.00621395 0.00244371 0.00152108 0.00542789 -0.000662466 0.000964671 -0.00607979 0.00411889 0.000937031 -0.00029362 0.00584042 0.00216495 -0.0104534 -0.0139726 -0.00365307 -0.00575025 -0.00248173 0.0171411
internal_weight=66768 57944.1 46905.7 5390.51 4342.12 266.456 4075.67 1721.24 8823.86 11038.4 138.335 1048.38 807.728 10150.4 7815.58 2334.78 4262.36 3306.39 955.973 3553.21 1781.26 1687.85 541.812 3050.75 660.892 491.521 3969.64 2348.59 1488.34 52.5124
internal_count=103865 89600 72073 8352 6809 494 6315 2755 14265 17527 325 1543 1183 16185 12367 3818 6918 5329 1589 5449 2815 2657 886 4927 1122 876 6523 3944 2490 134
is_linear=0
shrinkage=0.0398117


Tree=75
num_leaves=31
num_cat=0
split_feature=18 11 17 4 21 18 18 21 0 16 17 11 21 0 10 17 18 10 17 17 0 18 13 19 17 16 1 10 0 10
split_gain=15.7887 16.8021 19.5523 43.9354 30.2496 21.3225 19.0588 21.6505 22.2131 21.9582 28.1816 24.5253 19.9503 36.0572 24.9142 29.1855 22.085 28.4389 19.4446 29.6841 18.8268 32.2362 27.9469 18.4638 25.6665 24.0143 23.2706 23.342 19.3878 19.331
threshold=0.57462233304977428 0.33803871273994451 0.40845750272274023 0.28666102886199957 0.2760582715272904 0.090347733348608031 0.096665639430284514 0.059972707182168968 0.43607954680919653 -0.033525530248880379 -0.122608944773674 -0.18502262979745862 0.17567463219165805 0.47017045319080358 0.13103125989437106 -0.084567815065383897 0.29731050133705145 -0.10232739523053168 -0.29666906595230097 -0.32180353999137873 0.47301135957241064 0.018174973316490654 -0.2320081368088722 -0.15307737886905667 0.34276571869850164 0.13007733225822452 0.25710226595401769 -0.23492655903100965 0.23437500000000003 -0.2429140508174896
decision_type=2 2 2 2 2 2 2 2 2 2 2 2 2 2 2 2 2 2 2 2 2 2 2 2 2 2 2 2 2 2
left_child=1 6 -3 4 -4 -5 7 20 9 10 -9 -11 13 14 15 18 -14 -18 19 -8 -1 22 -22 25 26 28 27 -25 29 -17
right_child=-2 2 3 5 -6 -7 12 8 -10 11 -12 -13 16 -15 -16 23 17 -19 -20 -21 21 -23 -24 24 -26 -27 -28 -29 -30 -31
leaf_value=-0.00017069645534253662 0.0041312949769649783 -0.0035085901907093019 0.011372990628418208 -0.022939584025163277 -0.0087061677613668974 -0.0011818247100310766 0.0092652448066481881 0.0002521214252378766 -0.010701424419439391 0.015078071998368615 -0.010146758982002695 -0.00089365197880926571 -0.0013231186777584994 0.019937680893576039 -0.00043586654962432406 -0.017025019037159823 0.0091726629380691812 0.00023665023768585261 0.013264665315436483 -0.014773597337494046 0.007510637532182657 0.021678335190582491 -0.0046361492006305061 0.014575544536912746 0.011106200745657938 -0.011309781013099649 0.0081977437258652624 -0.0031402769408145261 0.011461580303836271 0.00072626289225971477
leaf_weight=35323.829439202556 1367.0430506226839 4077.8567332838429 583.63343112485018 72.078497591079213 104.77967962773982 186.20162714016624 165.94896913296543 711.94505367055535 434.75040038698353 106.43370090902317 911.51534101658035 4380.9980981072877 6547.7989775884198 136.19906402460765 3305.4606969028246 57.233121852972545 763.66202528576832 1862.6842465247028 708.14754054858349 79.149887212784961 637.06701987946872 106.50922657281626 485.48749349475838 80.004523884505033 620.95206719997805 248.88184208748862 554.35002397256903 1092.1170025139581 188.2820937744109 845.53998207068071
leaf_count=55042 2100 6324 878 143 149 266 258 1111 717 175 1542 6695 9878 273 5114 120 1218 2847 1099 181 1102 211 835 138 1007 381 815 1712 277 1322
internal_value=-2.48797e-05 -0.000115181 -0.00231538 0.00271941 0.00788789 -0.0100145 6.94194e-05 -0.000377956 -0.00247727 -0.00180717 -0.00569964 -0.000347388 0.00118578 0.00262156 0.00219921 0.00406526 -8.41573e-05 0.00296392 0.010109 0.00025994 2.88289e-07 0.00474458 0.00226667 0.0023841 0.00448071 -0.00130333 0.00184308 -0.00135929 0.00135584 -0.0012209
internal_weight=66746.5 65379.5 5024.55 946.693 688.413 258.28 60354.9 43098.5 6545.64 6110.89 1623.46 4487.43 17256.4 8082.27 7946.07 4640.61 9174.15 2626.35 953.246 245.099 36552.9 1229.06 1122.55 3687.36 2347.42 1339.94 1726.47 1172.12 1091.06 902.773
internal_count=103930 101830 7760 1436 1027 409 94070 67430 10240 9523 2653 6870 26640 12697 12424 7310 13943 4065 1538 439 57190 2148 1937 5772 3672 2100 2665 1850 1719 1442
is_linear=0
shrinkage=0.0398117


Tree=76
num_leaves=31
num_cat=0
split_feature=18 21 0 3 11 19 17 20 18 10 17 4 10 10 0 14 14 11 18 10 21 17 0 21 8 1 16 17 19 10
split_gain=14.806 36.3488 26.9302 18.7496 27.7185 18.141 23.7347 39.4709 24.8181 19.8107 23.0186 24.8254 27.1547 24.4075 26.2321 18.8149 18.5167 18.2084 17.4151 25.5353 30.2356 28.8105 18.8568 19.3151 21.2536 22.0822 20.1208 19.1757 24.6529 17.4448
threshold=-0.18711137771606443 -0.1420982554554939 0.47585226595401769 0.4891828745603562 -0.41053757071495051 0.29309800267219549 -0.24812670797109601 -0.47421868145465845 -0.0040189226856455198 -0.21870213747024533 0.59158131480216991 -0.47994188964366907 -0.065624438226222978 0.055496709421277053 0.25142045319080358 0.06822033599019052 0.050522575154900558 1.2256585359573366 -0.054252579808235162 0.27562163770198828 0.077898357063531889 0.22260175645351413 0.49289773404598242 -0.016618707217276093 1.0000000180025095e-35 -0.11221591010689734 0.48344062268733984 0.22260175645351413 -0.10754640027880667 -0.23013168573379514
decision_type=2 2 2 2 2 2 2 2 2 2 2 2 2 2 2 2 2 2 2 2 2 2 2 2 2 2 2 2 2 2
left_child=-1 2 3 5 -5 6 -2 -8 9 -9 13 -12 -13 16 -15 -10 -11 -7 19 22 21 -21 23 -3 26 -26 29 28 -27 -25
right_child=1 18 -4 4 -6 17 7 8 15 10 11 12 -14 14 -16 -17 -18 -19 -20 20 -22 -23 -24 24 25 27 -28 -29 -30 -31
leaf_value=-0.0012192713947767086 -0.0040670294222700703 -0.0011564245590390781 0.016428686232394147 0.015062375915653254 -0.0082391405334948965 0.011233699591600192 0.019836391176077699 0.016608874571518162 0.0018500720277891344 0.017416698278350806 0.01154981514149123 -0.02219728377501913 -0.00028442898683962736 -0.0045220867133551473 0.0083682524258280253 0.018841494431827917 0.0036567904229142241 -0.0072404956446914708 0.00022677638210415819 0.010223802379765 -0.0095899547766084784 -0.0044296267116488153 -0.01782747354106879 0.0066340406681701684 -0.012678952143482932 0.0050711058144775889 0.0081276349340238131 0.0081091090784289714 -0.012442421842223423 -0.01379760712156153
leaf_weight=13708.419890187797 714.1455632589059 4993.8575031291693 186.8220214212779 47.561173590598628 423.74608142196666 622.74638736387715 175.03013157367241 76.480430728406645 203.05856625409797 140.48707478120923 41.271406588261016 147.2360329576768 167.57748106273357 1092.4495770293288 270.18236407544464 193.47100473637693 1122.2135579911992 58.858786895871162 39502.218778008129 725.07762471097521 182.81772029516287 256.72182634857018 79.193073182716034 39.868921443005092 173.64170537772588 208.63360305642709 47.256277858978137 325.46209709381219 206.41467124107294 703.41225755633786
leaf_count=22074 1121 7590 318 93 628 988 334 142 326 255 71 262 216 1691 412 326 1781 88 60409 1072 280 373 164 85 290 328 71 518 327 1220
internal_value=-5.5016e-05 0.000245883 0.00324005 0.0026444 -0.00458907 0.00336563 0.00235176 0.00365857 0.00256188 0.00125359 0.000583502 -0.00824225 -0.012195 0.00192003 -0.00174295 0.0113364 0.00580541 0.00920008 -0.000115395 -0.00181052 0.00352114 0.00633658 -0.00274902 -0.0024364 -0.00603556 -0.0017111 -0.0106204 0.00147941 -0.00398344 -0.0123
internal_weight=66836.3 53127.9 5683.34 5496.52 471.307 5025.21 4343.6 3629.46 3454.43 3057.9 2981.42 356.085 314.814 2625.33 1362.63 396.53 1262.7 681.605 47444.6 7942.36 1164.62 981.799 6777.74 6698.55 1704.69 914.152 790.537 740.51 415.048 743.281
internal_count=103853 81779 9052 8734 721 8013 6937 5816 5482 4830 4688 549 478 4139 2103 652 2036 1076 72727 12318 1725 1445 10593 10429 2839 1463 1376 1173 655 1305
is_linear=0
shrinkage=0.0398117


end of trees

feature_importances:
hist_prior_ret=462
dist_to_prior_close=443
minutes_since_open=188
rv_1m=149
session_range=131
ret_from_open=122
hist_prior_close=108
session_cos=96
hist_gap_pct=87
minutes_to_close=82
session_sin=82
dist_to_twap=64
hist_prior_range_pct=58
dist_to_session_high=54
dist_to_session_low=47
ret_30m=44
dow=30
ret_15m=26
pos_in_session_range=20
session_frac=13
hist_prior_close__isna=2
ret_30m__isna=1
hist_prior_ret__isna=1

parameters:
[boosting: gbdt]
[objective: custom]
[metric: custom]
[tree_learner: serial]
[device_type: cpu]
[data_sample_strategy: bagging]
[data: ]
[valid: ]
[num_iterations: 77]
[learning_rate: 0.0398117]
[num_leaves: 31]
[num_threads: -1]
[seed: 7]
[deterministic: 0]
[force_col_wise: 0]
[force_row_wise: 0]
[histogram_pool_size: -1]
[max_depth: -1]
[min_data_in_leaf: 60]
[min_sum_hessian_in_leaf: 0.001]
[bagging_fraction: 0.8]
[pos_bagging_fraction: 1]
[neg_bagging_fraction: 1]
[bagging_freq: 1]
[bagging_seed: 17422]
[bagging_by_query: 0]
[feature_fraction: 0.912418]
[feature_fraction_bynode: 1]
[feature_fraction_seed: 7040]
[extra_trees: 0]
[extra_seed: 6516]
[early_stopping_round: 0]
[early_stopping_min_delta: 0]
[first_metric_only: 0]
[max_delta_step: 0]
[lambda_l1: 0.5]
[lambda_l2: 49.393]
[linear_lambda: 0]
[min_gain_to_split: 0]
[drop_rate: 0.1]
[max_drop: 50]
[skip_drop: 0.5]
[xgboost_dart_mode: 0]
[uniform_drop: 0]
[drop_seed: 15215]
[top_rate: 0.2]
[other_rate: 0.1]
[min_data_per_group: 100]
[max_cat_threshold: 32]
[cat_l2: 10]
[cat_smooth: 10]
[max_cat_to_onehot: 4]
[top_k: 20]
[monotone_constraints: ]
[monotone_constraints_method: basic]
[monotone_penalty: 0]
[feature_contri: ]
[forcedsplits_filename: ]
[refit_decay_rate: 0.9]
[cegb_tradeoff: 1]
[cegb_penalty_split: 0]
[cegb_penalty_feature_lazy: ]
[cegb_penalty_feature_coupled: ]
[path_smooth: 1]
[interaction_constraints: ]
[verbosity: -1]
[saved_feature_importance_type: 0]
[use_quantized_grad: 0]
[num_grad_quant_bins: 4]
[quant_train_renew_leaf: 0]
[stochastic_rounding: 1]
[linear_tree: 0]
[max_bin: 255]
[max_bin_by_feature: ]
[min_data_in_bin: 3]
[bin_construct_sample_cnt: 200000]
[data_random_seed: 61]
[is_enable_sparse: 1]
[enable_bundle: 1]
[use_missing: 1]
[zero_as_missing: 0]
[feature_pre_filter: 1]
[pre_partition: 0]
[two_round: 0]
[header: 0]
[label_column: ]
[weight_column: ]
[group_column: ]
[ignore_column: ]
[categorical_feature: ]
[forcedbins_filename: ]
[precise_float_parser: 0]
[parser_config_file: ]
[objective_seed: 15521]
[num_class: 1]
[is_unbalance: 0]
[scale_pos_weight: 1]
[sigmoid: 1]
[boost_from_average: 0]
[reg_sqrt: 0]
[alpha: 0.9]
[fair_c: 1]
[poisson_max_delta_step: 0.7]
[tweedie_variance_power: 1.5]
[lambdarank_truncation_level: 30]
[lambdarank_norm: 1]
[label_gain: ]
[lambdarank_position_bias_regularization: 0]
[eval_at: ]
[multi_error_top_k: 1]
[auc_mu_weights: ]
[num_machines: 1]
[local_listen_port: 12400]
[time_out: 120]
[machine_list_filename: ]
[machines: ]
[gpu_platform_id: -1]
[gpu_device_id: -1]
[gpu_device_id_list: ]
[gpu_use_dp: 0]
[num_gpu: 1]

end of parameters

pandas_categorical:null
