tree
version=v4
num_class=1
num_tree_per_iteration=1
label_index=0
max_feature_idx=151
feature_names=minutes_since_open minutes_to_close session_frac session_sin session_cos dow ret_1m ret_5m ret_15m ret_30m rv_1m ret_from_open session_range pos_in_session_range dist_to_session_high dist_to_session_low dist_to_twap hist_prior_close hist_prior_ret hist_prior_range_pct hist_gap_pct dist_to_prior_close gex_net_total gex_abs_total gex_zero_level gex_dist_to_zero gex_dist_to_zero_pct gex_above_zero gex_top3_concentration gex_hhi gex_band_net gex_band_abs gex_band_share gex_pos_centroid gex_pos_centroid_dist gex_abs_centroid_dist gex_max_node_strike gex_max_node_value gex_max_node_dist gex_wall_above gex_wall_above_dist gex_wall_below gex_wall_below_dist gex_neg_pocket_above gex_neg_pocket_below vanna_net_total vanna_band_net charm_net_total charm_band_net max_pain max_pain_dist gex_snapshot_age_min gex_band_decay_5m gex_band_decay_pct_5m gex_dist_zero_chg_5m gex_band_decay_15m gex_band_decay_pct_15m gex_dist_zero_chg_15m charm_drift_to_close net_prem_1m call_prem_1m put_prem_1m otm_call_prem_1m otm_put_prem_1m flow_side_weighted net_prem_5m net_prem_z_5m net_prem_vel_5m net_prem_vel_z_5m net_prem_15m net_prem_z_15m net_prem_vel_15m net_prem_vel_z_15m net_prem_cum_session call_put_prem_ratio_15m otm_call_accel otm_put_accel otm_skew_momentum otm_skew_log_ratio otm_skew_level block_notional_15m sweep_notional_15m inst_block_weight dark_pool_share block_vs_sweep_z block_signed_bias has_gex_snapshot has_flow_prints ret_1m__isna ret_5m__isna ret_15m__isna ret_30m__isna rv_1m__isna hist_prior_close__isna hist_prior_ret__isna hist_prior_range_pct__isna hist_gap_pct__isna dist_to_prior_close__isna gex_net_total__isna gex_abs_total__isna gex_zero_level__isna gex_dist_to_zero__isna gex_dist_to_zero_pct__isna gex_above_zero__isna gex_top3_concentration__isna gex_hhi__isna gex_band_net__isna gex_band_abs__isna gex_band_share__isna gex_pos_centroid__isna gex_pos_centroid_dist__isna gex_abs_centroid_dist__isna gex_max_node_strike__isna gex_max_node_value__isna gex_max_node_dist__isna gex_wall_above__isna gex_wall_above_dist__isna gex_wall_below__isna gex_wall_below_dist__isna gex_neg_pocket_above__isna gex_neg_pocket_below__isna vanna_net_total__isna vanna_band_net__isna charm_net_total__isna charm_band_net__isna max_pain__isna max_pain_dist__isna gex_snapshot_age_min__isna gex_band_decay_5m__isna gex_dist_zero_chg_5m__isna gex_band_decay_15m__isna gex_dist_zero_chg_15m__isna charm_drift_to_close__isna net_prem_1m__isna call_prem_1m__isna put_prem_1m__isna otm_call_prem_1m__isna otm_put_prem_1m__isna flow_side_weighted__isna net_prem_5m__isna net_prem_vel_5m__isna net_prem_15m__isna net_prem_vel_15m__isna net_prem_cum_session__isna otm_call_accel__isna otm_put_accel__isna block_notional_15m__isna sweep_notional_15m__isna inst_block_weight__isna dark_pool_share__isna block_vs_sweep_z__isna block_signed_bias__isna
feature_infos=[-0.53977274894714355:0.46875] [-0.46875:0.53977274894714355] [-0.53977274894714355:0.46875] [-0.50589752197265625:0.50589752197265625] [-0.51000577211380005:0.5002143383026123] [-0.5:0.5] [-8:8] [-8:8] [-8:8] [-8:8] [-0.24949219822883606:8] [-3.1651206016540527:5.3968100547790527] [-0.40240135788917542:5.1225957870483398] [-0.61099040508270264:0.39928379654884338] [-0.16352225840091705:4.2705764770507812] [-0.27188938856124878:7.1668357849121094] [-3.4332911968231201:6.8585057258605957] [-0.76916438341140747:0.65935570001602173] [-2.0903298854827881:3.0228533744812012] [-0.31186875700950623:4.7921648025512695] [-1.8289365768432617:1.6395394802093506] [-2.2459993362426758:2.9006636142730713] none none none none none none none none none none none none none none none none none none none none none none none none none none none none none none none none none none none none none none none none none none none none none none none none none none none none none none none none none none none none none none none none none none none none [0:1] [0:1] none [0:1] [0:1] [0:1] [0:1] [0:1] none none none none none none none none none none none none none none none none none none none none none none none none none none none none none none none none none none none none none none none none none none none none none none none none none none none none none none
tree_sizes=13758 13755 13864 13849 13838 13879 13870 13853 13875 13886 13777 13887 13897 13836 13858 13893 13892 13841 13929 13869 13840 13881 13877 13884 13872 13849 13861 13893 13922 13967 13924 13808 13815 13882 13886 13845 13821 13830 13776 13807 13869 13830 13864 13827 13822 13884 13948 13917 13948 13881

Tree=0
num_leaves=127
num_cat=0
split_feature=18 21 21 18 18 21 18 21 18 17 10 0 10 21 0 21 21 18 11 18 8 18 21 18 0 12 3 12 20 8 16 21 10 12 21 18 21 16 21 0 21 8 10 0 16 20 17 18 10 20 15 15 17 21 21 0 11 10 20 10 18 9 14 8 12 18 20 0 3 14 3 15 11 17 21 8 18 11 20 7 19 19 16 0 0 20 10 18 3 0 21 14 21 0 14 12 10 3 10 21 18 3 18 3 21 21 20 9 0 14 21 19 10 10 0 18 18 11 16 21 17 8 20 17 10 9
split_gain=1346.47 537.416 471.628 403.87 382.339 297.883 435.81 275.685 206.646 147.344 142.714 134.694 140.418 133.036 134.236 132.38 120.104 121.247 115.843 115.83 113.716 113.555 148.964 107.797 135.46 253.541 231.949 110.158 126.308 174.341 155.638 186.129 105.103 102.295 100.895 99.1293 92.0656 87.9233 86.7983 96.8597 92.6531 105.529 104.981 85.4618 84.9154 84.1403 84.3691 83.1454 101.268 101.271 187.751 111.009 88.1915 80.4349 78.4486 152.208 119.663 359.278 144.512 139.822 78.2766 77.229 240.646 151.087 167.113 75.8451 75.0209 84.6012 161.579 261.245 78.642 74.8137 74.1524 74.0514 73.5366 75.6988 72.8318 83.7651 72.5436 71.4391 71.4114 113.506 91.6671 103.58 90.4831 69.8006 115.499 67.5419 87.5404 78.6107 67.4916 124.413 67.1247 65.6945 65.1031 64.5993 64.5851 95.6864 80.9252 63.4604 97.8543 63.3447 61.6203 84.9881 206.867 141.28 61.3211 60.8921 60.2572 79.6338 90.3506 84.5526 93.1275 118.148 119.392 59.7105 59.5799 61.8353 59.5113 59.2594 58.8948 59.3411 58.793 57.9614 61.6956 57.5867
threshold=-0.022219847887754437 -0.0029202514560893174 -0.017922391183674332 -0.1062190495431423 0.081946276128292098 -0.17616025358438489 -0.29062251746654505 0.16654884815216067 0.19194141775369647 0.31871135532855993 -0.0071063253562897435 0.31960226595401769 -0.10982105508446692 0.15025279670953753 0.39346592128276831 -0.060943951830267899 0.28029850125312811 0.29825963079929357 -0.11488875746726988 -0.058091631159186356 0.0012543179909698667 -0.53630343079566944 -0.48591549694538111 0.031402070075273521 0.39346592128276831 -0.13744425028562543 -0.3840250670909881 0.45808461308479315 -0.1251377537846565 0.1062302626669407 -1.0377127528190611 -0.039433170109987252 0.18070320039987567 0.10303601995110513 -0.27670359611511225 0.010823292657732965 0.04595810920000077 -0.028503899462521073 -0.35228140652179712 0.2173295468091965 -0.54021719098091114 -0.32031804323196406 -0.025388123467564579 0.14914772659540179 -0.36295339465141291 0.2848306298255921 0.13300014287233355 0.15868259221315387 0.21141593903303149 -0.053737180307507508 0.37635175883769995 1.3073118329048159 -0.3045088499784469 -0.11504682525992392 -0.5983908176422118 0.30823864042758947 -0.93440908193588246 0.17242474108934405 0.15766175836324695 0.24094343930482867 -0.18711137771606443 0.18243587017059329 0.32982325553894049 -0.16610513627529142 -0.18624356389045713 -0.1645485237240791 -0.037971185520291321 -0.38778407871723169 -0.46216037869453425 0.014800142496824266 -0.41401703655719752 0.912542223930359 0.094652242958545699 0.22950524836778644 0.39285203814506536 -0.22559025883674619 -0.68872055411338795 -1.0676110982894895 -0.42653231322765345 0.055194512009620673 -0.034142112359404557 -0.049559865146875375 -0.19412776082754132 -0.49005682766437525 0.058238636702299125 0.035874240100383765 -0.15263624489307401 -0.1739988103508949 0.39443531632423406 0.22869318723678592 0.022165881469845775 -0.16054291278123853 0.059366494417190559 0.41051135957241064 -0.13825353980064389 -0.16437964141368863 -0.19020418077707288 -0.49934628605842585 -0.19618349522352216 0.61061280965805065 0.60444065928459179 -0.17175004631280896 0.10598503425717355 0.35627987980842596 0.23499875515699389 0.37387366592884069 0.17777300626039508 -0.010017415974289177 -0.22585227340459821 0.041547387838363654 -0.096795249730348573 0.13792286068201068 0.13235635310411456 -0.10258838161826132 -0.17471590638160703 0.052002390846610076 0.42243160307407385 0.37686622142791754 -0.10807168483734129 0.65585392713546764 0.43157629668712622 -0.046037983149290078 -0.2197015583515167 0.2834028452634812 -0.19020418077707288 0.37487071752548223
decision_type=2 2 2 2 2 2 2 2 2 2 2 2 2 2 2 2 2 2 2 2 2 2 2 2 2 2 2 2 2 2 2 2 2 2 2 2 2 2 2 2 2 2 2 2 2 2 2 2 2 2 2 2 2 2 2 2 2 2 2 2 2 2 2 2 2 2 2 2 2 2 2 2 2 2 2 2 2 2 2 2 2 2 2 2 2 2 2 2 2 2 2 2 2 2 2 2 2 2 2 2 2 2 2 2 2 2 2 2 2 2 2 2 2 2 2 2 2 2 2 2 2 2 2 2 2 2
left_child=2 23 3 5 13 6 10 47 71 11 38 60 53 35 -15 -5 73 74 -16 20 85 54 72 -2 27 -26 -27 108 -29 30 -30 -32 -28 -19 -8 93 -37 96 39 40 -1 -42 -43 79 -11 46 -39 92 49 50 -49 -52 90 -13 76 -56 -57 -58 59 -59 80 62 63 -45 -65 -14 67 -54 -69 -70 -68 102 -23 101 -18 -76 77 -12 -24 -40 81 84 -83 -84 -7 -4 107 88 123 -89 -51 -92 -6 -3 -20 -74 97 -38 -99 116 -101 -10 103 -9 -105 -106 -103 -87 122 115 111 112 113 -111 -115 -110 -35 -118 -86 -102 -94 -122 -25 124 -36 -73
right_child=1 4 19 15 7 9 34 8 16 44 21 12 65 14 18 -17 17 33 94 -21 -22 22 78 24 25 26 32 28 29 -31 31 -33 -34 99 87 36 37 45 43 -41 41 42 -44 61 -46 -47 -48 48 -50 52 51 -53 66 -55 55 56 57 58 -60 -61 -62 -63 -64 64 -66 -67 70 68 69 -71 -72 125 95 -75 75 -77 -78 -79 -80 -81 -82 82 83 -85 118 86 -88 89 -90 -91 91 -93 120 -95 -96 -97 -98 98 -100 100 119 106 -104 104 105 -107 -108 -109 109 110 -112 -113 -114 114 -116 -117 117 -119 -120 -121 121 -123 -124 -125 -126 -127
leaf_value=-0.062073525352823601 0.02842032148511054 -0.030618389000210185 -0.063949093323771494 0.027210868076540589 0.042904223749004634 -0.047640748117388901 0.035993244589502149 -0.030303876590274989 0.051220657723958118 -0.29403182824267837 0.0023565391266200993 -0.095184487988493577 -0.098776650136689223 -0.043943001444603447 -0.070180995645478958 -0.0056604631589678824 -0.0021831020410022694 0.034775443999183517 -0.24575412575518615 -0.030742077852032763 -0.043222387477489528 0.032137130084617001 0.0092075676964816239 0.087633829590072709 0.02654097381467262 0.1708102905089425 1.7038210001099112 0.071107309824841439 0.18511353052618135 0.16369554144193968 1.450154525039846 0.26764365957066677 0.49673048643226464 -0.0047179153559311219 -0.12556262777888022 0.014723199090276154 -0.029215173260187348 -0.028847824804064025 -0.059412472502408289 0.0007386573454090373 -0.10357927958573894 -0.85848694319029217 -0.18302216376307964 -0.29777537410407984 -0.074713729210755503 0.17028579891854898 0.012227696840971155 -0.081618596230709162 0.025298681006897202 0.090420660670297873 0.46069126076790506 0.019719204865119657 0.068048520872318594 -0.23652767171763758 -0.048824171430887436 -0.12034011693992346 -0.05468268593928207 -0.47427737913139517 -0.35018222857090253 -1.7877890481654124 -0.014245106405268144 -0.016631410010405676 -0.14027217152275731 -0.37543081266412603 -1.4865371753183145 -0.01496154266915049 0.24295276928472501 0.1021299198737375 1.315795110770738 0.10493499033009128 0.063904524235923035 -0.33183769085999271 0.0029909486134660356 0.089498066557613845 -0.22402634262986568 -0.038919864294264334 0.0024577027145783335 -0.059700654336789956 -0.032308448937261335 -0.27424342864531909 -0.026535504954904501 -0.11042868443208496 -0.19187069867922463 -0.7598258182147718 -0.11549280384428075 -0.61962304765499776 -0.10994344696323881 0.0022161504155243398 0.032769678977775753 0.050025684554104638 0.12901015960853865 0.73845996826467764 0.010420287688662263 -0.16196501064606661 -0.80533716134762845 -0.26142643706010615 -0.035325365014656787 -0.61798915237789653 -0.11239931178719678 -0.063031709029248151 0.13185373349547946 -0.0018934904137250185 -0.0086406820467966154 -0.043862646320532918 -0.90111814308319738 -0.23585754808677811 0.051233707584805603 -0.15989405489017511 0.16631231178426895 0.089851092472472707 0.077746968158112162 0.39396199478562455 0.070948882075459352 0.15232805002476582 0.90399631914593648 0.032518789405339671 0.11827687056173768 0.025464758616448133 -0.38881487916672691 -0.00071031649879847367 0.11832701192789932 0.031295355736005455 0.030969235831879188 -0.072872143284422222 -0.0059926828250625574 -0.061859236775100218
leaf_weight=53.177426685928367 2738.56833648053 904.50854173814878 459.43492469540797 2752.2005656422116 1207.1669811424799 415.69955148652662 1427.5114107950358 164.74785092438105 690.0257746623829 15.542690233327447 282.7786495416658 96.584990171366371 153.37189984915312 722.28460245009046 9.8270219936966914 1878.9367054146715 1406.8898808340309 1715.1286177280126 4.4345603014808148 2138.3035101774149 1157.6439233123092 773.58239580935333 505.1136769609293 190.34252752305474 11.932582847308369 3.8498581012245277 1.7656021497677996 105.16158062836621 4.7384067268576473 40.779015576466918 2.6128518749028444 2.4178529098862764 1.7809708431595934 627.46669445827138 40.916063349344768 1858.8144168355502 16.133999986457642 768.45057896035723 127.70591296406928 168.44306509918533 11.520388457225637 4.2521269338903949 4.3931351020000857 6.8648386209970305 618.44367430033162 23.846158960252069 1118.3023726287065 84.494096367270686 939.54584661789704 11.997554618050346 9.6407615040661785 10.405759962159207 16.603051617741588 61.132394407992251 712.78236327064224 48.699469871819019 10.561363011016512 1.7618380626663559 3.0402396869612858 2.0064392536878586 2431.4861079794355 13.052240146207621 32.710429931175895 2.8102432800224015 2.6357150581898221 275.24065936205443 21.935748077579774 8.4773332662880438 2.8991807146230668 3.1710322330472991 783.32495945726987 10.648389958892951 17.414378717541698 208.67793666780926 20.003594216308556 373.46523829421494 569.16661970259156 649.21231142175384 1570.7438561071176 14.933246905799022 867.50998991983943 19.234158719889823 7.2630431294674072 5.0109013228211516 22.090382711961865 5.8336479488061741 375.97762910590973 966.70724933070596 272.77044809877407 464.94161896582227 6.9243119091261178 5.273283997550605 2614.1975847644499 34.771516481880099 4.1625597460661066 14.063193758018313 707.13740181352478 5.9011331130750495 5.741880956338715 288.61068219167646 32.368948543909937 690.75745480344631 3263.0765199443558 30.967186518246308 4.4393443372100583 8.2726588530931604 275.67055351892486 5.4471822185441834 31.922698816400953 9.2516817232826707 257.05693943891674 15.184987842105327 46.221007497399114 3.6041500958381212 4.2804158569779283 391.70703730662353 74.652628315263428 491.21456642949488 10.82481618830934 332.43551124841906 84.303207525750622 451.47621126787271 1383.9304031616775 208.98200451082084 558.79506417165976 20.834187535918318
leaf_count=123 4995 1602 1041 4938 2220 916 2934 340 1347 87 672 230 381 1508 18 3117 2378 3212 22 3976 2452 1406 854 389 17 13 64 254 17 124 72 13 18 1063 113 3202 23 1357 312 341 26 69 20 37 1504 81 1890 205 1711 27 77 18 27 266 1590 128 23 17 20 77 4278 18 100 20 79 419 100 19 74 8 1689 70 25 534 89 693 988 1352 2965 90 1677 49 26 73 56 72 1227 1751 480 913 24 73 4876 118 65 70 1316 70 15 569 104 1251 5669 70 78 36 584 21 101 20 605 107 88 11 70 816 194 822 77 639 230 723 2631 446 1020 61
internal_value=-4.89479e-06 0.0139551 -0.017024 -0.0107041 0.00770087 -0.0185304 -0.00862635 0.0151057 0.00580279 -0.0374252 -0.0257497 -0.031152 -0.0737512 -0.012636 -0.0506004 0.0138613 0.0150361 0.00776 -0.296437 -0.0462592 -0.0627855 -0.0212691 -0.00863773 0.0415669 0.0558973 0.299427 0.716676 0.0538845 0.131562 0.254852 0.60327 0.954211 1.2262 0.0179776 0.0157109 -0.00745615 -0.00155563 -0.013012 -0.0777866 -0.0389356 -0.12963 -0.300211 -0.542501 -0.12426 -0.0804752 -0.00218435 -0.00448127 0.031038 0.0477132 0.0694695 -0.0185357 0.235553 0.0802688 -0.150666 -0.0372018 -0.061832 -0.199456 -0.410682 -0.920782 -1.2981 -0.0245159 -0.221729 -0.280799 -0.6291 -0.99097 -0.0452009 0.0748914 0.218196 0.382607 0.735317 0.0690841 -0.0132331 0.0261938 0.0359206 -0.0124267 -0.0488754 -0.024377 -0.0408081 -0.0221746 -0.0836219 -0.0429942 -0.0725843 -0.244971 -0.4444 -0.0600083 -0.089443 -0.119473 0.00416933 -0.0138193 0.0177888 0.256387 0.412207 0.0237339 -0.0356697 -0.544729 -0.113671 -0.0410724 -0.180234 -0.38212 0.00234875 -0.0215333 0.0291107 -0.0118797 -0.0620939 -0.179121 -0.491852 0.0132504 -0.409646 0.0486398 0.0708123 0.105636 0.195175 0.144057 0.327998 0.587988 0.0430428 0.0154668 0.0379284 -0.209852 0.0111828 0.0163635 0.0452067 0.0378928 -0.0296347 -0.0144318 -0.156351
internal_weight=51740.9 28423.6 23317.3 19174.6 23176.5 14543.5 9544.05 16992.2 10730.4 4999.44 5603.43 4365.45 586.33 6184.32 740.709 4631.14 7227.37 5362.24 18.4241 4142.64 2004.34 5160.93 2880.92 5247.11 2508.54 19.329 7.39643 2489.21 155.71 50.5481 9.76911 5.0307 3.54657 3561.88 3940.62 5443.61 4504.33 2645.51 442.499 241.786 73.3431 20.1657 8.64526 200.713 633.986 1910.6 1886.75 6261.84 1904.69 965.147 104.541 20.0465 860.606 157.717 2280.01 778.852 66.0693 17.3699 6.80852 3.76828 3779.12 58.0735 45.0212 12.3108 5.44596 428.613 836.411 31.1506 14.5475 6.07021 805.261 3502.99 805.06 1865.13 1800.36 393.469 1501.16 931.991 2075.86 142.639 1347.63 480.123 31.5081 12.2739 448.615 846.693 387.258 2513.11 1081.46 1431.65 24.1952 12.1976 4357.14 939.28 8.59712 31.4776 734.914 27.777 11.643 1846.75 653.415 1656.45 3471.5 208.427 43.6792 12.712 966.428 11.2808 2333.5 759.229 335.599 78.5422 63.3573 17.1362 7.88457 423.63 1193.33 565.867 32.9152 364.804 3149.98 535.779 1574.27 808.693 599.711 31.4826
internal_count=99578 53616 45962 37173 43191 29118 19079 31904 19803 10039 11422 8448 1296 11287 1613 8055 13479 9763 105 8789 4813 10187 5320 10425 5430 112 95 5318 480 226 102 85 82 6603 7657 9674 7954 4752 1235 579 238 115 89 656 1591 3328 3247 12101 4052 2341 300 95 2041 496 4867 1855 265 137 114 94 7152 254 236 136 99 800 1917 128 101 82 1789 6324 1501 3716 3160 782 3012 2024 3819 402 2874 1197 148 99 1049 2361 1320 4723 2059 2664 124 97 8049 1720 87 95 1424 108 85 3391 1312 3182 6193 524 184 114 1835 93 4838 1818 901 296 189 101 81 917 2079 1016 133 743 5829 953 3020 1579 1133 131
is_linear=0
shrinkage=0.095553


Tree=1
num_leaves=127
num_cat=0
split_feature=18 21 21 18 18 21 18 21 18 21 21 18 10 21 18 17 21 21 0 10 12 8 20 16 1 7 1 21 0 20 10 13 18 18 21 20 93 21 12 21 8 1 17 0 10 21 10 12 21 3 18 18 12 18 1 16 3 20 10 0 8 21 18 18 4 19 10 21 21 21 0 21 18 13 0 16 21 14 18 1 10 20 21 21 20 4 18 0 4 21 12 21 0 17 8 21 21 10 18 16 0 21 4 21 21 5 1 4 16 12 4 20 13 0 10 5 3 1 19 12 18 14 21 10 5 1
split_gain=1040.39 428.608 396.588 314.718 275.518 256.719 306.634 236.818 156.192 126.594 120.026 111.703 107.932 107.584 148.267 102.943 99.1476 94.9465 90.0235 94.9935 88.5865 86.3494 96.4216 124.643 345.549 413.38 84.9715 132.144 84.2289 205.347 266.774 199.113 81.135 80.4977 156.741 82.5127 72.5051 72.4337 72.344 154.288 108.029 70.7729 78.6189 67.9853 65.7149 65.4981 109.331 87.5833 78.2141 63.3735 59.7325 58.5773 58.2278 58.218 74.4487 122.455 152.785 228.323 222.905 57.3415 56.543 56.2393 64.4123 56.5054 53.8387 53.7203 142.718 112.979 56.2581 53.1036 52.6456 52.0472 51.3192 51.1118 59.957 50.7752 87.5365 50.7191 49.9501 115.708 73.6641 49.7313 53.2768 49.3981 74.1485 49.1783 49.0695 61.9281 48.8679 70.4661 56.3582 48.7977 58.2212 90.2069 58.5658 53.0086 48.2265 47.9278 98.3822 58.2391 53.6028 65.0556 78.2204 51.9895 47.0391 46.6793 107.002 45.632 45.4207 45.1031 84.1714 55.5689 107.809 48.1293 45.0717 49.1219 44.1009 43.7024 43.5412 157.413 43.0193 56.7346 42.9677 48.1146 50.1891 67.7831
threshold=-0.021325975656509396 -0.0087966057471930963 -0.017922391183674332 -0.1062190495431423 0.055483173578977592 -0.17616025358438489 -0.29062251746654505 0.092238876968622222 0.13985770940780642 -0.091580517590045915 0.18219304829835894 -0.058091631159186356 -0.24949025362730023 0.28029850125312811 0.29825963079929357 0.31871135532855993 -0.28387385606765742 0.051114177331328399 0.30823864042758947 -0.13045069575309751 0.10303601995110513 -0.085278403013944612 0.29044693708419805 -0.33036650717258448 0.41903407871723181 0.30252511799335485 -0.44176135957241053 0.07484121993184091 0.39630682766437536 0.061988044530153281 -0.018707348965108391 -0.011475662235170601 0.20928438752889636 -0.58566099405288685 -0.46953795850276941 -0.46630848944187159 1.0000000180025095e-35 0.39285203814506536 -0.13744425028562543 0.037500461563467986 -0.0027398661477491255 -0.1264204531908035 -0.13335970044136045 -0.046874999999999993 0.13595711439847949 -0.55763766169548024 0.037357047200202949 -0.12337907403707503 -0.52238604426383961 0.1945394575595856 -0.26967006921768183 -0.13916920125484464 1.0484276413917544 0.075347539037466063 -0.13494318723678586 -0.24566707015037534 -0.41401703655719752 0.044256864115595825 -0.17861767113208768 0.43892045319080358 -0.017951972782611843 0.59366494417190563 0.60444065928459179 0.42243160307407385 0.25939466059207922 -0.24961624294519422 -0.016586592420935627 -0.16855326294898984 -0.096795249730348573 0.24411802738904956 0.25710226595401769 -0.40053725242614741 -0.36954462528228754 -0.12244479358196257 0.37073864042758947 0.33184720575809484 0.70145350694656383 0.11584529280662538 -0.38347558677196497 -0.33380682766437525 0.25714080035686498 0.30266089737415319 0.21350427716970447 -0.11207768321037291 -0.0027625103248283263 -0.39595885574817652 -0.1645485237240791 0.43892045319080358 0.31272041797637945 -0.36339856684207911 0.66906803846359264 0.18871147185564044 0.098011363297700896 -0.042787285521626466 1.0000000180025095e-35 0.133249506354332 0.16003043204545978 0.31660322844982153 -0.20172158628702161 -0.41592551767826075 -0.19744318723678586 -0.33209386467933649 -0.41095972061157221 -0.48591549694538111 -0.15741654485464093 -1.0000000180025095e-35 -0.21448864042758939 -0.24637155234813687 -0.45453062653541559 0.34567753970623022 -0.12514853850007054 -0.36231037974357599 -0.17884581536054608 -0.16051135957241056 -0.033570837229490273 0.37500000000000006 -0.48704174160957331 0.1548295468091965 0.25585715472698217 0.23253859579563144 -0.68872055411338795 1.3075391054153445 0.2741092741489411 -0.20679561793804166 1.0000000180025095e-35 -0.021306818351149556
decision_type=2 2 2 2 2 2 2 2 2 2 2 2 2 2 2 2 2 2 2 2 2 2 2 2 2 2 2 2 2 2 2 2 2 2 2 2 2 2 2 2 2 2 2 2 2 2 2 2 2 2 2 2 2 2 2 2 2 2 2 2 2 2 2 2 2 2 2 2 2 2 2 2 2 2 2 2 2 2 2 2 2 2 2 2 2 2 2 2 2 2 2 2 2 2 2 2 2 2 2 2 2 2 2 2 2 2 2 2 2 2 2 2 2 2 2 2 2 2 2 2 2 2 2 2 2 2
left_child=2 53 3 5 17 6 33 12 10 88 73 21 38 32 37 18 97 36 50 83 77 22 -4 -24 25 -25 27 60 81 -30 31 -31 91 45 72 -36 -3 44 39 -6 -41 69 -43 -39 -15 120 48 -48 -47 -23 114 -18 -45 59 55 -55 57 58 -57 -2 -14 63 -63 -22 -38 66 67 -52 -67 105 -49 -72 109 96 -75 76 85 107 79 80 -37 122 -83 -20 -85 -64 87 -21 -5 90 -90 92 -10 -94 95 -95 -9 98 -8 108 -101 102 -102 -99 -69 106 116 -16 -100 -35 111 112 113 -111 -7 -116 -34 -79 119 -74 121 -1 123 124 -12 -126
right_child=1 4 11 9 7 15 16 8 13 -11 28 -13 26 14 20 -17 51 -19 19 86 61 49 23 24 -26 -27 -28 -29 29 30 -32 -33 41 34 35 78 64 43 -40 40 -42 42 -44 52 -46 46 47 70 -50 -51 65 -53 -54 54 -56 56 -58 -59 -60 -61 -62 62 75 -65 -66 68 -68 104 -70 -71 71 -73 118 74 -76 -77 -78 117 -80 -81 -82 82 -84 84 -86 -87 -88 -89 89 -91 -92 -93 93 94 -96 -97 -98 103 99 100 101 -103 -104 -105 -106 -107 -108 -109 -110 110 -112 -113 -114 -115 115 -117 -118 -119 -120 -121 -122 -123 -124 -125 125 -127
leaf_value=-0.054792976251541788 0.028917124780112023 0.0039942095355485286 -0.078947912003421591 0.024460405786149733 0.10518538329739478 -0.12096453023458807 0.027180515878948357 -0.017903680746885114 0.013261595394962649 0.0003776669516109036 -0.038542199201896617 -0.025884886471654753 0.20109143114044956 -0.015214733229267753 0.04855464659505139 -0.068221151298712729 -0.0025636939999986045 -0.026743215728765556 -0.081060475017179362 -0.05940328744748586 -0.0027658121605458139 -0.068566474685116285 -0.15245425832888168 -1.989585562856274 0.11560795022308809 -0.047512795181792043 0.02988407664416088 0.045651772347833956 -0.054181451414512229 -0.28819835367343327 -0.13422867096691407 -1.526176012672454 0.63290494691286103 -0.0087672426777971116 0.0064042213802592892 -0.42452894850753359 -0.042866433699963312 -0.014817220217064622 0.073341764895796108 0.22527879425431196 0.97606962766435701 0.002626058025231537 0.046994894090367695 -0.063912266944198257 0.029730897713593007 -0.12323601800696013 -0.24062680933522054 -0.03219593500400586 -0.48529772688837991 -0.02941937510125818 -0.084790629296055506 0.038443632190636561 -0.20073499379630746 0.063552854187936422 0.046327588425343992 0.28745032253431091 0.13946818618231827 0.14566218767020925 1.6273899471781816 0.14441751025117486 0.66920551763910552 -0.043633743806393087 0.10253788060085195 0.04182772811782913 -0.21420976822383395 -0.0018804023949415829 -0.017437826847033652 -0.29308269332251985 -0.027434111094549348 0.037106737584243765 -0.057864666289529874 -0.24795316510501025 -0.090784565957815366 0.013525257738699122 -0.027790953850176162 -0.010294399171141822 0.013306720404668458 0.23000342900896842 -0.024669074886033086 -0.04653122368786497 -0.13155535560058623 -0.051780871056180795 -0.24151302728001309 -0.34817754011510826 -0.11897569511802122 0.3640407109009019 -0.017216925823287099 -0.23780227955600838 0.3672817304678806 0.053131258302417377 0.04946468518725633 0.0021067870936038922 0.027398569228973185 0.11143298212596882 0.093884019902146745 0.45045549787599998 -0.12129312498786128 0.14088662992239867 0.41798574886097639 0.03197740090208398 0.10272604959894244 0.096604692437757503 0.49910023745340876 0.0024485267907825214 -0.8121191681468708 0.081293298010045242 0.10430927248981937 0.015530919762696049 0.10585523170790918 0.18663631228044641 -0.0060753886563916356 0.046441936952446278 0.073591507300761749 0.59296566236879877 -0.029524083542790867 -0.12769516135474285 0.21353356267953622 0.065507369275965746 0.051050401274011517 0.50361116696241615 -0.0044166565078298118 -0.0086144190389734962 -0.070958128167807638 -0.004259745353919253 -0.36311436523462082 -0.04545478520580605
leaf_weight=671.13935846823733 3259.8457747923676 2316.6917474303627 453.9165544003481 1471.2012849957682 13.629249172750862 72.073569971369579 623.81127008970361 340.3855160883395 1119.1505850525573 3044.7072548420401 175.15472317393869 2190.2947153049754 5.2642091367160919 1384.2780152801424 604.51620469824411 659.94154075637925 2355.9588069035672 2402.7027005419368 104.25139531563036 169.4738464661641 612.67792580649257 654.39254526351579 33.757664150558412 1.8624279184732579 3.0784663110971451 1.71481462335214 3879.9784569293261 21.364197093644179 61.622389157884754 2.4586745674023378 9.2667630016803724 2.4289495740085858 5.4698740179883298 672.41691512335092 543.54631031362806 10.372108155279419 120.42134333134163 305.50176462880336 30.868731621070765 3.6736436071805665 3.7063461026409623 642.10746700176969 847.97922079230193 216.96510802523699 375.95635584567208 14.41689038090408 21.386875057243742 337.76189971342683 8.7217270000837726 908.4098882554099 8.3562293732538837 365.86079465341754 32.082962237065658 94.252751265768893 1587.7147864368744 2.334077248349784 25.45494432374835 5.6970790936611593 2.255865654326044 38.40462464443408 5.1867176708765328 416.83001535665244 17.320536690414887 445.35520541423466 18.400081443949603 1522.6143677816726 47.007837193785235 4.0771909686736763 1634.1666292267619 221.21073837403674 34.559368983027525 21.135362917790189 6.9083769706776348 2006.3943936449941 379.41988005139865 293.67318942805286 77.005173147423193 18.522857634932734 1334.4396249417914 633.7138951967936 29.973172118072398 45.52504739863798 18.543444026377983 18.457289610058069 43.564669107552618 10.82260154315736 335.03946310142055 18.792907438357361 11.61104487872217 334.82505725114606 9.0363303639460337 1698.9047760351095 355.72380476619583 9.1113719331333431 117.29227550618816 8.2214344238163886 45.789501177379861 24.663285490591079 8.4105748550500739 103.05297044734471 10.148030886310154 117.68113780929707 8.1960087227635068 451.02071877638809 4.0227220966480655 189.31096168060321 34.298784613143653 1052.2182128174463 9.1974928370909748 5.9809682493796554 309.08833406760823 219.08227829867974 34.668892799410969 5.8325991391902789 435.68908184044994 51.146116680116393 5.2481075928080827 66.625291966600344 98.937850614427589 7.8014369603479281 522.03327306418214 383.80796735815238 145.60308776493184 757.41866854461841 10.178533454425635 14.307112446869722
leaf_count=1358 5972 3889 1110 2646 33 219 1205 679 2104 4995 291 4036 22 2344 1197 1582 4297 4443 226 333 1039 1578 152 83 12 3 7073 43 110 14 24 77 65 1171 933 80 209 527 68 16 67 1295 1603 462 645 44 103 703 77 1896 17 716 118 190 3186 13 73 17 74 117 65 754 49 792 79 2768 80 22 2954 412 67 101 19 3337 598 494 152 78 2351 1427 82 75 81 114 115 77 513 84 77 638 15 2928 664 25 260 66 120 73 65 222 27 285 74 790 63 426 80 1776 23 21 497 391 76 61 791 142 23 146 221 73 918 846 300 1335 71 27
internal_value=0.000179364 0.0123819 -0.0144279 -0.00879471 0.00707447 -0.015595 -0.00667927 0.0122282 0.00679947 0.0123212 -0.00935896 -0.0409446 0.0330281 0.012604 0.00377388 -0.0329774 0.0134781 -0.013242 -0.0277537 -0.0595103 0.0158659 -0.0569527 -0.091833 -0.231977 -0.591731 -1.17029 0.0311878 0.183391 -0.0340237 -0.130863 -0.446406 -0.979165 0.0225609 -0.0205544 -0.0125447 -0.0265101 -1.34427e-05 -0.0150924 0.168043 0.303341 0.636315 0.0380534 0.0279158 -0.0451771 -0.00557697 -0.0360794 -0.0687952 -0.0572339 -0.266131 -0.0458628 -0.0219353 0.00294469 -0.0821823 0.0377851 0.0520903 0.121503 0.27018 0.569886 1.03526 0.0303172 0.450544 0.00142273 -0.0173894 0.0159664 -0.0667013 -0.0169034 -0.103039 -0.336808 -0.0151262 0.071038 -0.0466742 -0.131933 0.013611 0.00168301 0.00692198 0.00991215 0.0665533 0.0313734 -0.0354506 -0.0566903 -0.211444 -0.0276138 -0.108675 -0.122315 -0.190079 0.207753 -0.0393616 -0.0782699 0.0322008 0.0640213 0.230249 0.013432 0.0253493 0.0527974 0.119177 0.27939 -0.0304718 0.0345781 0.0477913 0.0975232 0.084618 0.1239 0.287723 0.0100315 -0.58185 0.102799 0.190115 0.0276243 0.261336 0.00796469 0.0276091 0.0669634 0.160911 0.400545 -0.0507744 -0.0401452 0.443228 0.102867 0.0747156 0.223211 -0.0269425 -0.0380382 -0.0227751 -0.0153368 -0.0569067 -0.181802
internal_weight=53289.9 29036.7 24253.2 20005.8 24020.8 15134.4 10005.7 19162.5 15198.9 4871.38 4014.5 4247.43 3963.67 11184.4 5930.35 5128.67 4078 4858.22 4468.73 689.58 3615.57 2057.13 494.33 40.4134 6.65571 3.57724 3911.79 31.8151 1242.51 75.7768 14.1544 4.88762 5254.03 5927.73 3912.76 2552.05 2455.51 2314.78 51.878 21.0092 7.37999 1945.63 1490.09 554.55 1760.23 2014.96 437.982 414.844 23.1386 1562.8 3779.15 2721.82 249.048 5015.96 1717.71 129.995 35.742 10.287 4.58994 3298.25 10.4509 1873.68 815.652 1058.03 138.821 3220.24 63.464 16.4561 3156.78 455.538 393.457 55.6947 1360.72 2771.99 2385.81 398.822 105.148 1741.88 2008.5 674.059 40.3453 1166.73 64.0685 166.273 62.022 28.1431 523.306 188.267 1826.67 355.472 20.6474 3308.4 1609.5 490.349 134.625 17.3328 386.175 1356.18 880.497 256.686 239.078 136.025 18.344 475.684 8.09991 234.328 45.0168 1656.73 17.6081 1247.07 574.653 265.565 46.4825 11.8136 558.909 486.835 10.718 85.1481 113.648 14.7098 1576.98 1054.95 1102.66 957.059 199.64 24.4856
internal_count=100050 53389 46661 37791 43747 29420 19397 35127 27740 8371 7139 8870 7387 20601 10650 10023 7777 8620 8441 1385 6554 4834 1360 250 98 86 7203 130 2405 225 115 91 9951 11620 7403 4873 4177 4096 184 116 83 3904 2898 1107 2989 4217 1095 974 121 3474 7056 5013 580 9642 3553 367 177 104 87 6089 87 3357 1526 1831 288 5904 182 102 5722 1006 871 168 2530 4734 3935 772 278 3197 3940 1589 162 2180 156 455 229 126 930 417 3376 730 92 6047 3119 1015 351 91 799 2764 1901 696 608 386 101 863 85 594 168 2973 88 2217 1046 549 158 82 1152 933 88 224 313 92 3122 2204 2024 1724 389 98
is_linear=0
shrinkage=0.095553


Tree=2
num_leaves=127
num_cat=0
split_feature=18 20 11 18 11 11 18 11 20 18 93 20 10 12 15 20 11 11 2 11 11 17 4 15 12 19 19 18 17 20 18 18 10 16 20 11 2 18 11 4 11 17 14 17 18 14 11 1 5 17 11 11 15 2 4 18 11 5 10 8 16 14 1 20 3 12 5 20 18 11 11 15 17 18 10 11 13 4 11 12 12 20 3 18 13 17 18 18 15 4 10 18 10 12 14 11 16 15 2 10 13 12 14 20 10 18 18 20 11 1 3 18 10 16 11 10 16 12 12 18 1 4 12 3 12 20
split_gain=807.493 138 165.242 154.949 133.939 122.681 118.206 199.966 219.859 124.244 109.722 87.8499 85.8622 105.321 80.4003 81.8489 87.6198 78.0118 78.97 74.5933 65.77 82.8935 109.114 65.2077 65.1974 58.4723 72.147 58.1362 61.7931 56.073 53.0563 52.0954 107.185 51.2224 49.6165 92.2293 73.2446 75.4457 67.1333 65.4083 60.8343 49.1961 48.2087 48.2004 48.1941 81.7158 63.8198 47.4122 47.2199 102.139 72.3274 51.4416 98.8291 45.9191 45.6819 74.8228 45.4519 45.3063 45.1226 44.9758 98.7671 179.618 184.604 43.4784 68.2384 61.8244 63.9904 42.5198 42.3255 49.3204 73.3922 97.7389 42.1378 48.2596 46.5467 43.3437 41.9969 49.8629 40.9869 40.8783 71.9162 40.6881 70.9357 56.0771 41.3719 47.9057 40.6339 46.21 40.6108 75.0508 65.9373 40.4584 93.3547 132.95 195.944 171.361 68.1484 66.222 120.838 49.8216 40.1491 102.997 40.0694 39.8089 50.382 60.0271 79.7766 39.1923 55.426 39.1771 55.5988 39.0016 49.882 41.4272 41.291 38.871 38.6098 38.8905 38.5762 39.1213 48.6646 46.7867 39.3855 37.653 48.3188 37.4341
threshold=-0.021325975656509396 0.061988044530153281 0.18240458518266681 0.12257515639066698 -0.14790470153093335 0.10621998459100725 -0.32173828780651087 -0.32647790014743799 -0.13978719711303708 -0.1117778606712818 1.0000000180025095e-35 -0.23524740338325498 -0.047400783747434609 0.12933676689863208 0.021513056941330436 -0.0069802755024284116 -0.043002849444746964 -0.013598706107586621 -0.2201704531908035 0.0088422554545104521 -0.4387098997831344 0.61541780829429638 -0.38544754683971399 0.86013057827949535 -0.15528301894664762 0.01067691156640649 -0.013687848113477228 0.084646522998809828 0.0067237163893878469 0.2848306298255921 0.20948536694049838 -0.39134548604488367 0.048718269914388664 -0.70104333758354176 -0.3162167221307754 -0.13463886827230451 0.40482954680919653 -0.20172158628702161 -0.13800445944070813 -0.21726810187101361 -0.13463886827230451 0.56058537960052501 -0.041666263714432709 0.30522796511650091 -0.68872055411338795 1.6433210372924807 -0.42671133577823633 0.27982954680919653 -1.0000000180025095e-35 0.48845821619033819 -0.16670423001050946 -0.25325688719749445 -0.26575268805027003 0.37642045319080358 0.23103451728820804 0.15989314764738086 0.17927385121583941 1.0000000180025095e-35 -0.19618349522352216 -0.46156041324138636 -0.34577827155590052 1.3075391054153445 -0.37926135957241053 0.21040020138025287 0.31995254755020147 0.10875357314944269 1.0000000180025095e-35 -0.15606956183910367 -0.20737677067518231 -0.059221733361482613 -0.15539957582950589 -0.21350998431444165 0.31871135532855993 -0.14547633379697797 0.034643070772290237 -0.26551301777362818 -0.15109408646821973 -0.48768429458141321 0.2324701473116875 -0.19091480970382688 -0.29147513210773462 -0.079722423106431947 -0.48918287456035608 -0.22926829755306241 -0.4090247750282287 -0.28128147125244135 -0.24400845170021054 -0.12176372483372687 -0.075330261141061769 -0.31447555124759669 -0.094126004725694642 -0.99757909774780262 0.08200299367308618 -0.19542024284601209 0.22283426672220233 -0.20821057260036466 -0.16408021748065946 0.0092242704704403895 0.058238636702299125 0.0074729998596012601 -0.08274351060390471 -0.10165237262845038 -0.049839032813906663 -0.17417909950017926 0.54746273159980785 0.19778967648744586 0.27269172668457037 0.079801581799983992 -0.17833337932825086 -0.061079544946551316 -0.49308374524116511 -0.077967457473278032 -0.12842295318841931 0.22148434072732928 0.11434834823012353 -0.13639734685420987 -0.099716871976852403 0.15563751012086871 0.060714693740010268 0.02152569126337767 0.40767045319080358 -0.49001491069793696 -0.22629502415657041 0.17939373850822452 -0.0090280161239206774 -0.3510815948247909
decision_type=2 2 2 2 2 2 2 2 2 2 2 2 2 2 2 2 2 2 2 2 2 2 2 2 2 2 2 2 2 2 2 2 2 2 2 2 2 2 2 2 2 2 2 2 2 2 2 2 2 2 2 2 2 2 2 2 2 2 2 2 2 2 2 2 2 2 2 2 2 2 2 2 2 2 2 2 2 2 2 2 2 2 2 2 2 2 2 2 2 2 2 2 2 2 2 2 2 2 2 2 2 2 2 2 2 2 2 2 2 2 2 2 2 2 2 2 2 2 2 2 2 2 2 2 2 2
left_child=6 2 10 4 63 -5 11 81 19 12 17 44 13 48 15 76 107 18 41 34 31 33 -23 30 -18 26 -15 28 116 56 78 32 59 -22 35 39 37 -36 -39 -9 -38 43 -30 103 45 123 -46 -31 49 -10 88 -51 -53 -25 -4 -56 118 -48 -40 -13 61 62 -61 64 -3 66 -65 -44 69 70 -52 -72 75 -74 -75 -14 77 -11 -7 80 -59 82 83 -8 -83 -86 102 -88 -50 90 -90 97 93 -93 95 -95 -97 98 -35 -96 -89 -102 -77 -2 105 -105 -107 108 -17 110 -47 112 113 -21 -113 -71 -19 -118 119 -6 121 122 -121 -1 -125 -114
right_child=1 3 54 5 29 23 7 8 9 14 -12 20 72 25 -16 16 24 27 -20 111 21 22 -24 53 -26 -27 -28 -29 42 47 -32 -33 -34 91 36 -37 40 38 58 -41 -42 -43 67 -45 46 109 57 -49 50 51 68 52 -54 -55 55 -57 -58 79 -60 60 -62 -63 -64 65 -66 -67 -68 -69 -70 115 71 -73 73 74 -76 86 -78 -79 -80 -81 -82 84 -84 -85 85 -87 87 100 89 -91 -92 92 -94 94 99 96 -98 -99 -100 -101 101 -103 -104 104 -106 106 -108 -109 -110 -111 -112 114 125 -115 -116 -117 117 -119 -120 120 -122 -123 -124 124 -126 -127
leaf_value=-0.062948045064419533 0.10718342989882257 0.055203913653476218 0.011045585035526139 0.024603001420197869 -0.040807402817564432 -0.0037045835727172898 0.054957427330279099 0.093424648492487619 -0.051543277066238381 0.1318498512729302 -0.054558787510274966 -0.027470531129667582 0.009653570880439815 -0.51252934777729242 -0.032767641638420081 0.034307174480558644 -0.033142624855405735 0.089395582976979235 0.071733644579732067 -0.036622861717721722 -0.19578512048226229 -0.043739674285282158 -0.49611504687808222 -0.026219535258142461 -0.1254834654034917 -0.084570121351233138 -0.15812880637008273 0.033131305095422406 0.022477914660621122 -0.24705439299885401 0.010857191832250137 0.0021324262425510302 -0.030363632759016958 0.44597789978763175 -0.03469742989570649 0.052615856105924896 0.048174467086752902 0.14579285403095141 0.14837046131203724 0.48609612469259716 0.30366202566324751 0.15005445987690252 0.051782577469668301 -0.00051533242909681306 0.017496949949693183 -0.053822640422688701 -0.0043979195995358248 -0.059392419649235181 0.0080813524446250538 -0.074666010741430783 -0.049871489622788139 -0.13006932083490719 -0.57658628993036476 -0.13969408038435269 -0.024767830220614819 0.016891644261332519 -0.052434120186788974 -0.37310310578857342 0.015811048009234694 -0.20243186680933864 -0.11974653026511699 -0.011646833966937165 -1.2680315675207401 -0.14291156732331514 -0.0073775593458381573 0.017874527758331735 -0.016036539107201403 0.19787129702061793 -0.03926229937317692 -0.16843008012852861 -0.078560449434135593 -0.69246390835154137 -0.036972986571986381 -0.064175415576694803 -0.28432134653582225 -0.18741330191391697 0.00035554432695415473 0.024956979258485484 -0.049122783753735938 -0.030166155275031654 -0.020424662433235801 0.018074910191106484 0.032289577848818606 0.36099698345956444 0.12444306206171425 -0.01460204027654022 -0.010871613674990592 -0.037062597475210353 -0.35387614618918362 -0.0084215847637262413 -0.061540585473689811 -0.057939604482182556 -0.039444803696178546 -0.23516794366864416 -0.31276966993282795 -0.48823949075661566 -1.4782497957103371 -0.028514213794188198 -0.035589893566490963 -0.099996922784853517 -0.0462767307220881 -0.37494157574087883 -0.046636101572338932 0.039124372538429264 -0.0081172310144772622 0.34774269613368275 0.068637873456862994 -0.021665462985184826 -0.0063693392381172489 -0.01651735193040655 0.1523009544937341 0.051404217350890895 0.0060064933542213015 -0.17356529955218375 0.0025574363720109535 -0.03389058647272522 -0.0065029074021254168 0.11267505336250089 0.010696049139068648 -0.099270221238467238 0.016474455835874598 -0.022356980457725023 0.032552963319191365 0.048777318003667122 -0.037330554128410381 -0.019244864519318148
leaf_weight=431.55723724374548 73.981625880696811 451.15775292599574 5220.2313148520188 4050.9532812690595 510.83767381648067 886.21685798058752 11.335823762463408 7.9886352568864822 898.42773147649132 41.552179021062329 145.07598429918289 12.806584495818241 507.91716971877031 7.9745265975361699 1176.6825397907523 394.55383392900694 607.93069292069413 39.793335876893252 675.45764369470999 189.68013451737352 21.314609060296789 10.563045650720598 8.3573764178436232 291.44886994373519 78.115678275004029 30.480775643954985 15.775836487766355 2664.583712631138 1397.2225190914469 14.652976921875959 3521.7841879454209 439.92913555132691 1014.8582885148935 7.4821061114780631 217.49072690238245 143.3474948189687 20.947414353489876 41.820452855550684 23.073768181726336 7.5381678938865644 13.774557371740228 29.607818841002882 63.149890859378502 370.93206536525395 667.26969002920669 15.04635344003327 1157.8904355976265 62.829434127663262 469.47824480081908 13.163417159928942 9.5087458580965194 10.910286332713442 7.6414821710204697 35.46518540289253 939.40512929367833 673.86314273264725 279.7604534549173 8.1868775092298183 515.9825929364888 2.9277813186636195 21.776016648043882 4.2419837634079158 2.9893224893603456 40.543091146508232 242.00772352667991 716.13473788311239 276.34236271004193 25.346250660368241 605.56544888089411 27.082726559834555 4.364918035804294 4.9804557313909736 469.87095835397486 23.475470963865519 13.786317616584709 19.207286087446846 948.3994881240651 577.27428624720778 227.44053928973153 800.17947939911392 13.241065518115645 1607.4119708925718 436.70773259585258 10.38141065451782 21.851754535455257 663.63784091558773 1718.1682790018385 233.84295248007402 11.807538444991225 79.980507785337977 16.732950310455635 124.23912279342767 660.01033292070497 5.2691479487111792 13.114456845563835 1.9790155476657676 1.8390601587016115 79.266724451677874 10.093532296130432 40.943905497086234 31.365824401495047 11.238202034845015 212.33088344964199 548.0716873841593 191.91563155176118 12.8200894924812 30.593027290888131 899.16835164907388 1335.781767059816 49.190547048463486 43.197465403936803 230.20938011829276 1504.9135512401117 21.563659140258096 502.52817013964523 67.962530564051121 1285.4989747833461 23.773605157039128 553.07429601997137 21.072492575272918 454.91574802505784 2072.3176769256825 232.38825442059897 70.437025057268329 334.97515004058369 829.42977593257092
leaf_count=897 178 799 8998 7613 931 1587 32 16 1850 109 282 21 844 76 2228 662 1167 87 1471 381 85 15 75 502 205 73 56 4999 2464 72 6250 723 2005 62 411 349 30 132 92 68 78 96 136 582 1105 34 2048 118 854 41 21 29 77 100 1600 1117 528 60 904 12 56 10 73 122 400 1236 503 97 1261 94 12 70 902 50 72 73 1623 998 428 1574 63 2759 843 66 64 1226 3000 400 74 158 34 259 1325 23 79 21 65 136 29 100 74 79 393 961 347 78 60 1600 2168 86 149 409 2705 90 909 145 2159 60 990 67 840 3812 439 144 670 1444
internal_value=0.000100165 0.0108118 0.0174839 0.00437321 -0.00761919 0.0122657 -0.0126378 -0.00885481 -0.0129832 -0.0198164 0.0272014 -0.0242137 -0.0301857 -0.0444 -0.010356 -0.00493963 -0.0134497 0.0288137 0.045345 0.00553775 -0.0380388 -0.0572586 -0.249342 0.00218395 -0.043834 -0.174604 -0.286464 0.0229888 0.0134332 -0.0168298 0.00510195 -0.025377 -0.0368414 -0.0532468 0.0284817 0.0773061 0.0190663 0.0130429 0.0310351 0.290543 0.152141 0.0311175 0.0268677 0.0280957 -0.0146349 -0.0331652 -0.00799599 -0.0966827 -0.0411486 -0.0576255 -0.0292798 -0.222999 -0.325697 -0.0389437 0.00670038 -0.00732962 -0.0152979 -0.0166186 0.0218381 -0.17955 -0.240664 -0.47752 -0.796255 0.0147639 0.0332651 0.00230214 -0.0327013 0.0948286 -0.049479 -0.102901 -0.241311 -0.424077 -0.02016 -0.0454664 -0.148577 -0.0154354 0.0130304 0.0323736 -0.0130444 -0.033773 -0.160154 0.0149101 0.0408892 0.20408 0.0096883 -0.00990172 -0.0211856 -0.0167476 -0.00402882 -0.0563571 -0.186612 -0.0498059 -0.0564913 -0.115938 -0.228137 -0.620591 -1.07549 0.00796936 0.169913 -0.155682 -0.0529428 -0.1373 -0.0590318 0.0405313 0.0340825 0.0478712 0.154533 -0.00549454 0.00289005 0.0445669 0.0973822 -0.00139285 -0.00699823 -0.0513065 0.0179919 -0.0737323 -0.00133434 -0.00420755 -0.0125719 -0.0164998 -0.0120078 -0.0176059 0.0209371 -0.0432702 -0.0221699 -0.00295009
internal_weight=54032 29352.7 14411.3 14941.3 5928.03 9013.31 24679.3 18604.1 15852.8 11582.5 7577.82 6075.17 5523.04 2281.84 6059.46 4882.78 3315.55 7432.75 1933.38 4270.29 2484 984.472 18.9204 4962.36 686.046 54.2311 23.7504 5499.37 2834.78 4201.85 4635.44 1499.53 1059.6 965.552 991.964 158.874 833.09 798.368 580.877 15.5268 34.722 1257.92 1485.72 1228.31 3591.17 944.404 2646.77 77.4824 2227.61 930.143 1297.46 31.7152 18.5518 326.914 6833.5 1613.27 4124.37 1979.5 539.056 44.7417 31.9351 10.1591 5.9171 1726.19 693.165 1033.02 316.885 88.4961 719.465 113.899 18.8541 9.34537 3241.2 507.133 37.2618 2734.07 1567.23 618.826 1113.66 821.607 21.4279 2751.33 458.425 21.7172 2292.9 685.49 2226.15 1994.62 577.999 108.521 28.5405 944.237 847.395 187.385 63.1456 9.08722 3.81808 96.8424 17.5756 54.0584 276.447 42.604 231.538 857.382 783.4 591.485 43.4131 2629.5 1730.34 107.434 58.2438 3278.32 2545.59 211.244 732.738 95.0453 1349.07 1309.27 3844.61 3291.53 2780.69 2325.78 253.461 836.969 405.412 2334.34
internal_count=99693 53109 25772 27337 10857 16480 46584 34580 29590 21572 14057 12004 10812 4925 10760 8532 5802 13775 3773 8018 5174 2274 90 8867 1372 205 132 10002 5003 7797 8265 2900 2177 2184 2080 433 1647 1539 1128 84 108 2302 2697 2206 6830 1980 4850 190 4720 1997 2723 147 106 602 11715 2717 7607 3745 996 172 151 95 85 3060 1199 1861 625 233 1603 342 103 82 5887 1024 122 4863 2730 1107 2015 1697 123 4990 941 98 4049 1290 4019 3553 1120 266 108 2099 1872 547 288 109 86 227 91 179 553 153 466 1624 1446 1099 138 4430 2830 269 183 5938 4620 471 1318 239 2306 2219 7079 6089 5158 4318 506 1711 814 4149
is_linear=0
shrinkage=0.095553


Tree=3
num_leaves=127
num_cat=0
split_feature=18 21 21 18 18 21 21 18 21 18 18 15 21 0 20 18 21 21 18 21 9 14 21 18 17 14 10 21 18 17 14 0 15 4 18 4 9 20 20 16 21 0 9 17 15 0 10 7 1 1 18 21 10 14 15 18 4 15 1 18 21 18 3 10 0 16 21 0 15 10 14 14 17 14 0 14 3 16 18 4 21 16 17 21 10 0 3 1 14 18 10 17 8 14 21 3 14 10 14 21 10 18 15 20 1 17 4 21 4 14 17 14 9 10 17 21 1 18 0 18 21 3 17 8 17 21
split_gain=674.383 277.201 266.315 283.95 221.061 133.284 123.208 215.508 94.1807 90.398 83.6136 86.4579 77.0052 72.3987 70.0052 66.5175 65.1926 64.3342 95.6483 66.3397 62.1274 58.9038 58.8681 56.8573 78.6896 94.1721 60.1787 54.1972 94.8586 53.9326 53.7665 52.8872 51.9272 56.4237 50.6815 52.583 49.4942 56.684 73.1684 103.2 49.4889 72.4117 93.8963 48.8428 47.8159 72.425 141.999 116.688 166.798 47.4913 47.3633 47.0321 46.7005 44.27 43.8688 43.4893 43.9227 63.0527 42.723 48.5549 72.7135 70.6518 42.6814 42.5995 42.4474 56.4041 72.6093 42.3642 52.7219 77.6419 45.6638 40.9584 40.5461 114.299 85.7329 39.5888 39.4846 39.4367 49.886 53.764 51.7033 57.8555 43.3503 58.8001 41.6889 38.7089 38.469 38.0516 41.2053 37.6955 73.8419 59.0717 37.051 36.3647 64.8361 41.5628 111.337 35.9835 35.7163 35.2374 39.0896 36.2683 35.1362 34.266 33.8347 66.3442 33.7715 70.0035 57.2289 33.595 54.7192 47.5985 43.4048 38.7711 36.7213 33.3043 32.9474 32.8609 65.2244 48.5467 43.5134 129.682 79.0953 44.9677 32.6438 32.3269
threshold=-0.021325975656509396 -1.0000000180025095e-35 -0.049210797995328896 -0.096240367740392671 0.081946276128292098 0.089631509035825743 -0.17240890115499494 -0.29062251746654505 0.051114177331328399 -0.058091631159186356 0.17105530947446826 0.083018433302640929 0.18219304829835894 -0.095170453190803514 0.19267047941684726 -0.13264068961143491 -0.22977098822593686 -0.35228140652179712 -0.57647010684013356 -0.52238604426383961 -0.63416436314582814 0.18122744560241702 0.013379053678363563 -0.61250972747802723 -0.14871278405189511 0.73860287666320812 0.085402298718690886 0.34319798648357397 0.42243160307407385 0.22950524836778644 0.020743974484503273 0.42187500000000006 0.97715821862220775 -0.48264713585376734 0.015367750544101002 0.31903387606143957 -0.092045374214649187 -0.0095200175419449789 0.29044693708419805 -0.42868421971797938 0.022165881469845775 0.39346592128276831 -0.060379147529602044 0.31871135532855993 0.81728109717369091 0.21164772659540179 0.22582113742828372 1.0537316799163821 -0.14346590638160703 -0.29971592128276819 -0.13916920125484464 0.57362079620361339 -0.22693054378032682 0.55280610918998729 0.70046851038932811 -0.38347558677196497 0.24534405022859576 -0.021482334472239014 -0.25426135957241053 0.053196527063846595 0.024121406488120559 0.075347539037466063 -0.35627987980842585 -0.077579490840435014 -0.22869318723678586 0.36929303407669073 -0.091580517590045915 -0.35937499999999994 0.60062211751937877 -0.16016089171171186 0.31050579249858862 0.41690783202648168 0.242557168006897 -0.037208391353487962 -0.078124999999999986 0.67747801542282116 0.37321612238883978 -0.017824602313339707 0.02152569126337767 -0.10926083102822302 0.14373438060283664 0.10975220426917077 0.13300014287233355 0.11896439269185068 -0.071763131767511354 0.44176135957241064 -0.38928070664405817 0.49573864042758947 0.082411233335733428 0.084646522998809828 0.088691044598817839 0.27286781370639807 0.06538891047239305 0.42614305019378668 -0.32298436760902399 -0.49934628605842585 0.67747801542282116 -0.21741037070751187 0.041547387838363654 0.50941765308380138 0.70206227898597728 0.29731050133705145 -0.024569892324507233 0.24473365396261218 -0.23721590638160703 0.42693801224231726 -0.4771131426095962 0.14699359238147738 -0.20984914898872373 0.2168904393911362 -0.091471306979656206 0.092069961130619063 -0.18673921376466748 0.35259374976158148 -0.045016538351774209 -0.071559194475412355 0.43892045319080358 -0.20172158628702161 -0.25142045319080347 -0.17216216027736661 -0.5054381489753722 0.16406177729368213 0.44167985022068029 0.12405987828969957 0.14587228745222094 -0.091580517590045915
decision_type=2 2 2 2 2 2 2 2 2 2 2 2 2 2 2 2 2 2 2 2 2 2 2 2 2 2 2 2 2 2 2 2 2 2 2 2 2 2 2 2 2 2 2 2 2 2 2 2 2 2 2 2 2 2 2 2 2 2 2 2 2 2 2 2 2 2 2 2 2 2 2 2 2 2 2 2 2 2 2 2 2 2 2 2 2 2 2 2 2 2 2 2 2 2 2 2 2 2 2 2 2 2 2 2 2 2 2 2 2 2 2 2 2 2 2 2 2 2 2 2 2 2 2 2 2 2
left_child=2 64 3 6 8 85 7 17 34 13 12 20 14 52 21 43 117 18 -1 75 76 -7 -15 24 25 -19 93 29 99 44 -21 32 -14 -34 35 63 37 -24 39 -39 71 97 -43 49 -13 46 -46 48 -48 115 -18 -30 -4 92 77 56 -32 -58 59 -36 61 -61 -44 -3 89 66 -66 -53 69 -69 -70 -11 -38 74 -74 -20 -12 84 79 -79 -81 -82 98 -84 106 -6 -23 88 -28 91 -91 -2 103 -25 -95 -96 -97 102 -80 101 -101 -29 -42 -54 -5 125 -10 -108 -109 111 112 -51 -111 -114 -113 -8 -105 120 -119 -120 121 122 123 -9 -60 -106
right_child=1 4 9 104 5 10 15 16 54 40 11 27 31 22 -16 -17 50 23 19 30 -22 86 36 26 -26 -27 87 28 51 -31 55 -33 33 -35 58 -37 72 38 -40 -41 41 42 62 -45 45 -47 47 -49 -50 109 -52 67 53 -55 -56 -57 57 -59 124 60 -62 -63 -64 -65 65 -67 -68 68 70 -71 -72 -73 73 -75 -76 -77 -78 78 82 80 81 -83 83 -85 -86 -87 -88 -89 -90 90 -92 -93 -94 94 95 96 -98 -99 -100 100 -102 -103 -104 116 105 -107 107 108 -110 110 -112 114 113 -115 -116 -117 -118 118 119 -121 -122 -123 -124 -125 -126 -127
leaf_value=-0.02459440621606063 0.026950712197347484 0.015434139494721224 0.097278388829374868 0.041607463842454499 0.02810971577669635 0.014950192723992452 -0.046852773715543951 0.58329246000468471 0.0032855779463464053 -0.0045205904673450625 -0.0018999092909674422 0.00706164344155034 -0.010726612053503696 -0.042659052078279587 -0.030920522716537148 -0.0068016646828980391 -0.010691315788106311 -0.54917427090813375 0.010761056070290431 0.089434388767252251 0.030387811112709676 -0.19834528329231108 -0.079828681957636885 -0.042621199210909795 -0.056184997668202619 -0.084664075486163934 0.015382893730989212 -0.029149459336307592 0.032711868424420962 0.039814073387251021 -0.018177192814186959 -0.076559602832820345 -0.0032944945844047475 -0.2988535549682827 0.024706245765662334 -0.070340097694222822 -0.055954992652914724 -0.14462390610532147 -0.14621209690694209 -0.74191936469978681 -0.040925818211191366 -0.035144921883323722 -0.18631365397853786 -0.057788823468710067 -0.066044532207456333 0.036816695670387325 0.14583201121903314 0.095162118955424771 1.1952140629970225 -0.019903483410449702 0.026821818961225215 -0.11560547410085743 -0.042855125779370645 -0.14408022313528615 -0.11445586600333094 0.0028186495606083981 -0.048608234821409003 -0.22028469783213056 -0.0083697167508939817 0.48472811461020132 0.058270576719920752 0.078671162204679027 -0.60640539945221494 -0.034085141463521124 0.065187115836544296 -0.0011940031565974571 0.030587402285543401 0.1855946293721483 -0.02329016598003078 0.016732344902579206 0.092353886352516706 -0.12327174381270198 -0.12465526643122915 -0.066150249378378601 -0.64240105422316685 0.055884496371845511 -0.15367277468860704 -0.0085213005247744399 -0.03283239284667077 -0.054685791836536518 -0.056629244535907723 -0.37009210822341693 0.027545447723584214 -0.012230974152943164 -0.017862963054263589 0.14867672201986395 -0.031448817193339591 -0.11186350487612533 -0.025446147468837148 0.09113849495974273 0.023193024438852818 -0.0085160385201914525 -0.012488757529430431 -0.039079029858912394 -0.050339298769867223 -0.57960260838735078 -0.12912660031677642 -0.024859233031187544 0.030067613974221478 -0.092155514081139769 -0.0082054833930836936 0.0015834552666031346 -0.26197185965601916 -0.007886964051175822 0.019540413017993759 0.049374867078379132 -0.05767618369111039 -0.099376302439140529 -0.41086862961659509 -0.016043503541897399 0.013169240270256889 -0.034861026666662798 -0.20791590978972058 -0.041840363900453759 -0.10431649327595031 -0.15875392472513686 0.14035292651735903 -0.0078817507447744139 0.10840988068996686 0.037145119492863657 0.006521647000420786 -0.024139041013912576 0.099277349202045909 0.20726018364062207 0.020520454300156896 -0.0056626706145041601
leaf_weight=2197.5171995788114 974.27005019469652 380.02426827687304 25.097798126167618 613.41611578012817 2969.3775594061008 2638.8596213462297 472.89698601525743 6.0660501593956706 68.285390796256252 1835.6445928597823 37.912001171847805 2660.2616182840429 2152.0177626301302 897.56046854821034 380.18191859894432 1544.2553476834437 1426.9734548940323 6.9908826519967979 574.60825802874751 47.186168251326308 2381.2539167711511 16.71942823077552 41.589792553917505 586.67391574406065 44.844333350192755 8.7823962823022139 356.53644968639128 664.62380342185497 700.17649242246989 669.8751917949412 503.0674138936447 122.37270943587646 11.412568023195492 11.221134815830736 332.74646185082383 135.13121685793158 281.84915910067502 5.5579524969216418 23.110256336512975 5.088425959344022 16.031276791705753 15.043745458824562 5.182564566610381 519.03414799971506 6.9393195357406539 87.314828189671971 2.5866011306643495 4.504643464111723 2.8625363907776746 1391.8147043907084 389.64685391529929 26.012703806394711 1139.232829081011 29.01092686818447 42.723616806790233 761.15582339267712 104.83064091647975 23.051612072740681 778.01292337093037 7.7405188274569792 53.741911405930296 7.7608306258916855 4.7874038460431603 269.1036349455826 804.37089186639059 317.18760308169294 1809.9815629360965 24.408582724630833 534.8773971531773 577.76201423525345 31.318419769755565 25.188626215211116 5.8419370409101248 37.67945855774451 5.9609198373509553 257.72232886089478 25.626695235958323 297.55556960462127 630.72827012790367 268.0098653602181 11.399908061837779 9.8581099405419064 575.06983186420985 821.18054642248899 579.8854526252253 23.157286169007421 45.185276217758656 33.437231452786364 604.61818068148568 173.4224953885423 913.33013041235972 760.45385561452713 865.45389914768748 47.097607680014335 10.122284166514872 7.2048205609899041 14.902419439866206 1268.5252527729608 92.502211630344391 115.17725985427387 91.069596324930899 732.80609441420529 10.99286300933454 72.671709598624147 1048.6788853507023 446.44828935398255 339.73755228146911 13.687197794322858 8.9120578387519327 110.64791936380789 512.59023330418859 180.70474574540276 24.409715803456493 27.398368413676508 115.22200150205754 24.542214711080305 15.407974668429231 276.42240206396673 97.348340510972776 824.50980903324671 1291.7308841753984 47.189974757959135 22.065707802772522 7.164442781242542 655.30288162874058 827.77911498234607
leaf_count=4164 1684 616 89 1114 5269 4593 842 64 138 2933 64 4646 3827 1769 683 2536 2558 70 1014 115 4402 67 90 1140 85 24 588 1097 1195 1223 926 276 25 61 537 286 588 16 69 76 59 27 22 1146 16 143 8 11 78 2491 709 69 2286 113 106 1237 196 93 1283 67 106 14 62 451 1658 465 3406 111 885 1023 69 64 17 89 68 487 86 489 1153 509 19 68 1027 1319 1017 75 74 100 1146 427 1660 1161 1647 87 15 78 44 2276 149 275 148 1239 63 172 1842 755 653 40 74 164 944 324 95 52 294 83 49 528 259 1502 2302 97 47 28 1060 1315
internal_value=2.8415e-05 0.00972541 -0.0115263 -0.00561681 0.00522885 0.0107133 -0.010779 -0.00496217 -0.0100216 -0.0279466 0.00697972 0.0124271 -0.00251009 -0.0386668 0.00734889 -0.0232665 0.0112252 -0.016447 -0.0103857 0.00334226 0.0278789 0.0127672 -0.0564544 -0.0321508 -0.12221 -0.300116 -0.0287787 0.00696922 -0.00138856 0.0154945 -0.00904257 -0.0157548 -0.0122839 -0.151547 0.00386758 -0.0164132 -0.0867 -0.156701 -0.24826 -0.450142 -0.0163015 -0.0304464 -0.186921 -0.0307779 0.0095763 0.0726292 0.247584 0.472069 0.750589 -0.0258482 -0.00260322 0.013066 -0.0278293 -0.0293856 -0.0197142 -0.0124892 -0.0310199 -0.0808425 0.01257 0.0400574 0.112244 0.28848 -0.405917 -0.00504999 0.0285723 0.0366458 0.0412628 0.00150365 0.00424446 0.0239331 -0.0166095 -0.00622799 -0.0704107 -0.14977 -0.399351 0.0248116 -0.0640108 -0.018585 -0.0125401 -0.0371728 -0.0664655 -0.206036 -0.00568425 0.00412023 -0.034707 0.0291007 -0.0780523 -0.0138234 -0.010247 0.0201659 0.03413 0.0113789 -0.0277125 -0.0510067 -0.111616 -0.214601 -0.287633 -0.027261 -0.024656 -0.0184955 -0.055294 -0.013007 -0.133758 -0.038401 0.0216164 0.0163119 -0.0572476 -0.0688698 -0.227541 -0.0201587 -0.00207706 -0.0273615 -0.0502053 -0.121485 -0.0621512 -0.0527031 0.0182395 0.0210118 0.0325917 0.0448 0.0108752 0.0775731 0.213967 0.393963 0.00481215 0.00839986
internal_weight=54951.8 29880 25071.8 18439.3 24127 17747.9 15503 10579.5 6379.1 6632.51 14755.3 9377.37 5377.97 3451.11 3080.95 4923.52 4389.12 6190.35 4469.14 2271.62 2444.79 2700.76 1304.24 1721.21 60.6176 15.7733 1660.59 6932.58 3498.23 3434.34 1439.29 2297.02 2174.65 22.6337 2619.56 784.259 406.678 75.3464 33.7566 10.6464 3181.4 1320.56 25.0137 3379.26 2764.47 104.208 16.8931 9.95378 5.44914 2860.23 1816.62 1894.56 2146.88 2121.78 3759.54 1392.11 630.95 127.882 1835.31 401.99 69.2433 15.5013 9.96997 649.128 5753.02 2931.54 2614.35 1194.38 1168.37 602.171 566.196 1860.83 331.331 49.4823 11.8029 832.331 63.5387 3716.81 2706.3 586.823 289.268 21.258 2119.48 1396.25 1010.51 2992.53 61.9047 994.592 961.155 2821.48 1086.75 1734.72 2092.77 666.001 79.3271 32.2295 22.1072 1295.55 723.23 1603.68 206.247 1397.43 27.0241 1227.31 2936.32 2322.91 430.622 362.337 22.5993 2362.79 675.046 1687.74 162.456 51.8081 295.927 497.439 88.0797 2572.5 1198.28 921.858 1374.22 82.4862 35.2962 13.2305 1433.32 1876.46
internal_count=99724 53380 46344 33700 42919 31738 28674 19703 11181 12644 26394 16788 9606 7138 5417 8971 8094 11609 8232 4068 4552 4734 2782 3377 179 94 3198 12236 6111 6125 2567 4189 3913 86 4420 1353 1013 251 161 92 5506 2509 111 6435 4902 256 113 97 86 5289 3267 3352 4356 4267 6761 2452 1215 289 3067 724 187 81 84 1067 10461 5529 5064 2157 2088 1134 954 2997 762 174 85 1501 150 6655 4733 1085 596 87 3648 2346 1922 5344 141 1834 1734 4932 2087 2845 4154 1364 224 137 122 2398 1302 2759 423 2336 122 2507 5026 3912 905 767 114 4364 1255 3109 311 147 618 925 221 4827 2289 1761 2538 236 139 92 2343 3157
is_linear=0
shrinkage=0.095553


Tree=4
num_leaves=127
num_cat=0
split_feature=18 21 21 18 18 21 18 11 21 0 3 0 18 21 14 21 18 1 3 21 18 11 18 10 16 3 12 20 10 21 11 21 5 21 21 3 0 10 13 3 21 13 21 11 18 13 1 19 12 21 11 0 12 19 14 3 20 3 18 12 19 1 21 10 21 1 10 12 13 10 18 19 5 18 1 18 0 5 4 0 20 12 16 5 18 11 4 10 7 10 21 15 10 19 10 10 19 12 5 10 4 16 18 12 12 5 13 3 12 21 12 12 16 4 16 21 18 20 13 19 1 18 21 1 11 13
split_gain=518.992 272.98 253.327 223.338 154.851 140.012 182.988 121.163 104.795 73.0057 66.084 63.6637 54.8501 74.3825 60.9771 50.4162 53.549 69.348 67.3328 46.2201 78.4582 76.6949 45.7718 131.315 105.981 72.417 54.4615 46.8598 44.9128 86.6677 65.2058 46.5019 44.7681 43.8035 43.2293 44.2479 42.5352 42.1868 41.366 57.6806 41.01 52.1815 40.4497 46.355 39.9942 44.0133 39.7328 39.5387 55.896 60.6795 95.2533 51.3808 38.9199 38.7805 38.5156 55.6365 38.4177 41.0641 37.7766 37.5236 67.1575 109.478 165.348 64.2227 111.013 42.8394 53.3317 37.0914 42.444 40.9892 36.884 39.5001 54.855 36.6424 36.6351 36.5566 38.0797 36.4877 36.2639 35.7032 35.4332 71.1694 60.5947 47.0608 35.4174 75.7145 39.2457 42.7897 62.297 34.9497 78.331 62.3413 34.8622 34.4047 34.3042 34.2223 50.6692 41.7174 71.7503 35.3974 141.604 39.0784 34.1938 46.7638 50.137 78.6484 86.4878 66.1005 36.461 47.2281 47.0642 34.0818 33.506 33.5011 51.6232 49.4199 41.9391 43.129 47.1478 33.4947 51.5429 77.2738 68.3866 79.4117 33.7806 33.4799
threshold=1.0000000180025095e-35 -0.0087966057471930963 0.031627366319298751 -0.096240367740392671 0.081946276128292098 -0.17240890115499494 -0.29062251746654505 0.2324701473116875 -0.049210797995328896 0.41051135957241064 0.18699086457490924 0.33948864042758947 0.17105530947446826 0.18023752421140674 0.12773295491933825 -0.32298436760902399 -0.20172158628702161 -0.23153409361839292 0.41401703655719763 -0.37578354775905604 -0.57647010684013356 -0.04526878893375396 0.08779925107955934 -0.18052469193935392 0.14912935346364978 0.42316816747188574 -0.197644367814064 0.26404768228530889 0.22110789269208911 0.15677122026681903 0.047871932387351997 0.55048367381095897 0.37500000000000006 0.15351200848817828 -0.18805310875177381 0.29405258595943456 -0.063920453190803514 -0.1060076281428337 -0.093595445156097398 0.1945394575595856 0.029662062413990501 0.10401501134037973 -0.52238604426383961 0.054648077115416534 -0.32173828780651087 0.22686929255723956 -0.14630681276321408 -0.12409475445747374 -0.0090280161239206774 0.089631509035825743 0.11434834823012353 -0.066761363297700868 -0.044854201376438134 0.30666792392730718 0.59283784031867992 -0.15633092820644376 0.19267047941684726 0.48477418720722204 -0.1645485237240791 -0.13938822597265241 -0.19387444108724591 0.45880682766437536 -0.096795249730348573 -0.1619106978178024 -0.025744493119418618 0.035511363297700889 -0.21300138533115384 0.5582847297191621 0.19885134696960452 -0.073850743472576127 -0.35214525461196894 -0.14192452281713483 1.0000000180025095e-35 -0.058091631159186356 0.32528407871723181 0.57462233304977428 -0.0099431821145117266 0.37500000000000006 0.27995325624942785 0.35937500000000006 -0.17417909950017926 0.48937678337097174 0.30163355171680456 -1.0000000180025095e-35 0.052002390846610076 -0.0022761931177228685 -0.46114358305931086 -0.1060076281428337 -0.079093854874372468 -0.20679561793804166 -0.12478534132242201 -0.011559139937162398 -0.14006734639406201 0.13400998711586001 0.045767780393362052 0.23064638674259189 0.14159815013408664 -0.01299599790945649 1.0000000180025095e-35 0.075591403990983977 0.052858233451843269 -0.21513642370700833 0.29825963079929357 -0.043287592008709901 -0.074757002294063554 0.37500000000000006 0.36277985572814947 0.49797412753105169 0.10020583122968675 0.4320081770420075 -0.23315609246492383 -0.15882790088653562 -0.37251636385917658 -0.36894176900386805 0.19776070863008502 -0.23433388024568555 -0.1739988103508949 -0.23524740338325498 -0.17344394326210019 -0.14722679555416104 -0.1576704531908035 -0.040325462818145745 -0.035522120073437684 -0.12357954680919646 0.12602679431438449 0.035964736714959152
decision_type=2 2 2 2 2 2 2 2 2 2 2 2 2 2 2 2 2 2 2 2 2 2 2 2 2 2 2 2 2 2 2 2 2 2 2 2 2 2 2 2 2 2 2 2 2 2 2 2 2 2 2 2 2 2 2 2 2 2 2 2 2 2 2 2 2 2 2 2 2 2 2 2 2 2 2 2 2 2 2 2 2 2 2 2 2 2 2 2 2 2 2 2 2 2 2 2 2 2 2 2 2 2 2 2 2 2 2 2 2 2 2 2 2 2 2 2 2 2 2 2 2 2 2 2 2 2
left_child=1 3 22 5 33 6 19 12 10 73 80 59 13 14 56 125 18 -18 -17 20 -1 54 26 24 25 -24 -2 -25 29 47 46 75 -16 67 35 -28 -36 -13 39 -23 -11 -42 43 77 45 -44 -31 -14 49 50 -49 -50 -20 113 -21 -56 -6 -58 -39 60 61 62 -7 -64 92 -62 -67 68 69 84 -68 72 -72 112 -51 76 -30 -22 -45 -35 82 94 83 -5 85 -4 -87 88 -88 90 -61 -92 -65 -70 -82 97 -97 -15 99 100 101 -99 103 104 -32 106 107 -106 110 -110 -104 -86 -3 -19 116 -116 -115 -118 -119 120 -10 122 -122 -124 -121 -8
right_child=2 9 4 8 7 11 15 -9 119 40 -12 37 28 95 32 16 17 53 52 21 42 38 23 27 -26 -27 34 -29 31 30 102 -33 -34 79 36 -37 -38 58 -40 -41 41 -43 44 78 -46 -47 -48 48 51 74 -52 -53 -54 -55 55 -57 57 -59 -60 89 65 -63 63 64 -66 66 70 -69 93 -71 71 -73 -74 -75 -76 -77 -78 -79 -80 -81 81 -83 -84 -85 111 86 87 -89 -90 -91 91 -93 -94 -95 -96 96 -98 98 -100 -101 -102 -103 108 -105 105 -107 -108 -109 109 -111 -112 -113 -114 114 115 -117 117 118 -120 124 121 -123 123 -125 -126 -127
leaf_value=-0.021473700413019967 0.0049808504770196636 -0.098844509660365301 -0.034775129794876583 0.12116678750248938 0.023685469555855362 -0.091601230847119366 0.038505503429759939 -0.002093709759318039 -0.0028924572756289187 -0.06844697499891908 0.0063314853378866895 -0.080489455029343793 0.030332116931417494 -0.0034150589089740405 -0.006516500305550353 -0.019572283008252318 0.040522105407821384 0.01593164265108022 0.070245863413021914 -0.05432054086761761 0.047876938328306924 0.012640579829021736 0.69032790298475166 0.03269431980466754 0.041308055668237302 0.15810298696731548 0.22706305852222877 0.1613290414929163 0.0011394286795428537 0.11978827577840233 0.011749029175677432 -0.03635202219757596 -0.13218844925060258 -0.025609386126031166 0.01219061015829332 0.053318261858994957 0.036748761104934032 -0.067121096643097095 -0.01141016512412309 0.19396505888272644 -0.10400032885500378 -0.36319316604892576 -0.016468191772709407 -0.11573565468256099 0.040118981372532211 0.10143966297611758 0.039894794341508229 0.48739846081313432 -0.014053672173913897 0.20215541870560111 0.10776657951804958 0.079200267273196845 0.0017334469643214717 0.10481392514793403 -0.059623285551676723 0.011932574694179994 -0.02825395812532833 0.10361186235251202 -0.010037384424779538 -0.0093214619482405118 -0.052020691340561191 -0.013514729365423063 -0.18302801823190726 -0.47247921416711974 -0.20014694082681286 0.07120926810226498 -0.093654036746521688 0.088136886014956742 0.0070501355688279812 -0.0048976959085413625 -0.095225441355673526 -0.0086257420103279803 -0.014474095368832696 -0.020766745277206809 0.070779896979252063 0.1042822983314981 0.044270380455786108 0.0061372342595084322 0.013974192068685038 -0.09801725950483052 0.029852867082195582 0.1576464952472684 0.0064472575180151244 0.050410241581565762 0.036228665398212838 -0.023555821677287651 -0.14236690028395912 -0.071696438127312342 -0.43638143389821671 -0.010838844177800963 -0.10092239855488587 -0.47559192154059887 -1.1292190816446077 -0.04270465278887578 -0.00087031751792098194 -0.014724850451251423 0.10124583387338737 -0.2730713543801303 -0.023636281502226974 -0.073472036287492368 -0.041745234173732951 -0.72144540124910994 -0.045445609198981753 -0.011884777008626869 0.60823467414626653 0.025927759621432532 0.0863451607482775 0.14708481003085944 -0.11590418687992833 0.01383001411705889 0.050697112638351874 -0.029404070845060606 -0.035246044629907464 -0.088398180779109006 -0.021770339856439658 -0.28002937427613717 0.060673381037005848 -0.0039333420027281331 -0.11612626867219722 0.0092990539491238245 -0.090759701334590145 -0.034883866889065737 -0.086707134577456615 -0.57306223324691719 -0.030984166077477813 -0.011827446858333448
leaf_weight=2177.4704820491606 1506.4020685374271 78.412468401016667 487.00052422960289 119.11479580821469 2757.1543056488736 48.423491251305677 774.75973433360923 6483.2986301833298 418.50579398160335 84.069229002459906 1828.2168198429281 253.809679196449 299.89500415266957 908.22810023545753 630.74904881743714 1124.4385876060696 673.03442789765541 691.00349164020736 129.87433204578701 789.81688884168398 394.85113843588624 62.209043629351072 5.9147947838064301 2300.4024091488682 9.31948362092953 4.3395289063919336 18.220233080675825 24.851247455924749 896.35208655660972 63.299955270602368 1100.6959488120629 199.78529376420192 25.383250975050032 768.50343236781191 1172.3222104753368 46.234694849234074 1447.5238161722664 169.42089709336869 773.36686975555494 20.473246776615269 21.065662403823811 10.682043643901123 1025.8719438101398 37.524725656374358 144.50726510619279 28.074878103332594 531.62361715151928 9.2659747569123301 82.156337651191279 22.772469057817943 16.290889848023653 147.81916110112797 180.81201149721164 32.017814799561165 168.15642384404782 235.45003613294102 222.59472739731427 22.247335986467078 283.49069818260614 37.825701811700128 397.45602911617607 75.010685546789318 6.494024652172814 2.7912491876631984 4.4268385072937209 58.609283852623776 58.865677306195721 35.096837822115049 1525.0151588168228 1017.815794513328 127.30474779347423 1108.3078712015413 193.92006242880598 2756.0807915204205 118.0544090452604 37.484351115068421 235.21693073725328 374.26949279615656 37.390065155923367 66.901741803623736 1025.2217498593964 33.55434084800072 201.73510529880878 319.2002459281357 105.33039849274792 18.068161551840603 17.501316898851659 18.196501308819279 11.060007707332259 3158.3505251031602 10.641156611847693 6.4227332852315149 2.7063132607145235 136.53824834572151 484.59992305736523 77.992482062196359 58.3883771460969 4.7660796236013994 385.72937750595156 37.20261675096117 15.159217122709377 4.2515246933326143 48.805319663370028 754.17269524408039 6.0705288208555412 87.819418076425791 24.756123727653176 5.7935912047978491 26.753878909163177 262.01418344664853 553.81436210812535 219.53791361104231 1947.5441458601272 53.49564210488461 14.553971444023775 11.978154980693942 86.273910170421004 512.68897539598402 35.035258856718428 1049.964775296743 27.649657591478899 233.00718528369907 5.695880323648451 6.6236600937554613 230.15160535438918 139.98755530663766
leaf_count=4113 2549 243 818 324 4813 103 1524 11271 583 179 2958 532 528 1501 1034 1988 1237 1217 245 1624 728 131 78 4248 15 15 77 80 1444 178 1793 352 76 1459 2017 73 2588 352 1252 79 53 77 1820 91 268 61 1056 78 160 86 39 335 297 83 343 390 407 59 427 85 757 148 24 26 17 137 154 78 2445 1676 294 1841 317 4863 221 94 437 641 62 153 1765 103 321 576 198 24 58 35 85 5511 46 60 59 234 781 111 140 25 718 65 24 57 126 1214 66 159 57 17 79 432 1026 388 4030 134 24 69 183 790 92 1738 59 386 11 72 407 253
internal_value=-5.08181e-05 -0.00935651 0.00908405 -0.00494268 0.00409216 -0.0106091 -0.00406534 0.00820311 0.0108959 -0.0298155 0.0197638 -0.0222933 0.0144582 0.00734777 0.0146841 0.0107214 0.00554512 0.0152335 -0.00866704 -0.0145918 -0.00885708 -0.0263729 0.0255659 0.0362799 0.274529 0.481703 0.0195579 0.0341517 0.0210698 0.0260111 0.0198058 0.00601412 -0.0116269 -0.0118354 0.0277184 0.104301 0.0257819 -0.049247 -0.00449768 0.0590192 -0.10446 -0.196397 0.00457314 0.0205974 -0.00667227 -0.0131759 0.0485897 0.0567792 0.0766586 0.118896 0.252552 0.04573 0.0305402 0.00334548 -0.0420241 -0.0178427 0.0204569 -0.0155907 -0.0315836 -0.0186832 -0.0286816 -0.0924144 -0.182648 -0.437165 -0.591019 -0.0240381 -0.0167949 -0.00723419 -0.00821592 -0.017991 -0.0203448 -0.0172356 -0.0466924 -0.0279818 0.0933478 0.0133177 0.010177 0.0276381 -0.0501937 -0.0315424 0.0309881 0.0230852 0.0499392 0.069871 -0.0331318 -0.0478709 -0.143966 -0.190431 -0.26293 -0.0121782 -0.0867912 -0.25178 -0.862271 0.0029021 0.0199599 -0.0106085 0.0346361 -0.0152318 -0.0390898 -0.134062 -0.22362 -0.507914 0.0138113 0.00677916 0.0183077 0.0754886 0.191322 0.396285 0.0293512 0.00131955 0.0427207 -0.00795973 -0.0377651 0.000920053 -0.0135439 -0.140623 -0.00838743 -0.0014278 -0.01139 -0.00711662 -0.0240503 -0.0562644 -0.177028 -0.358773 0.00199409 0.030717
internal_weight=55740.7 27614.8 28126 22716.9 21590.4 16733.7 10729.4 17163.9 5983.24 4897.85 4011.64 6004.28 10680.6 5149.85 3658.13 4459.95 3545.21 2110.08 1435.12 6269.43 4219.96 2049.47 6535.53 2344.83 19.5738 10.2543 4190.7 2325.25 5530.71 4161.87 3465.62 1368.84 656.132 4426.57 2684.3 64.4549 2619.85 706.721 856.049 82.6823 115.817 31.7477 2042.49 844.035 1198.45 1053.95 594.924 696.254 396.359 166.384 25.5569 229.975 310.686 1437.05 1193.42 403.606 3002 244.842 452.912 5297.56 2084.32 139.853 64.8419 16.4184 9.9244 1944.46 1547.01 3591.16 3556.06 1894.51 1488.4 1429.53 321.225 4782.04 140.827 1169.05 1131.57 769.121 74.9148 835.405 2183.43 1543.38 640.05 438.315 876.695 551.827 64.826 46.7578 28.5613 3213.24 54.8896 17.0639 5.49756 1661.55 1509.82 1491.72 136.381 1355.34 447.109 61.3794 24.1768 9.0176 2870.7 1979.31 1225.14 124.44 36.6202 11.8641 891.388 288.768 602.62 324.868 2025.96 1405.03 714.026 26.5321 687.494 633.998 547.724 1971.6 691.482 272.976 39.9692 12.3195 1280.12 914.747
internal_count=99827 50158 49669 40713 37929 30629 19739 30278 10084 9445 6828 10890 19007 9030 6389 8136 6359 3829 2530 11603 7784 3819 11740 4436 108 93 7304 4328 9977 7650 6203 2327 1110 7651 4755 150 4605 1311 1462 210 309 130 3671 1522 2149 1881 1234 1447 919 424 117 495 542 2592 2357 733 5279 466 779 9579 3877 377 229 126 102 3500 2743 6039 5961 3282 2606 2452 611 9136 307 1975 1881 1369 153 1612 3870 2649 1221 900 1606 1020 202 178 143 5702 191 106 85 2679 2546 2641 251 2390 889 171 106 82 4969 3306 2092 299 140 83 1663 511 1152 586 4273 2509 1292 93 1199 1065 882 3256 1111 528 142 83 2145 1777
is_linear=0
shrinkage=0.095553


Tree=5
num_leaves=127
num_cat=0
split_feature=18 21 21 18 18 21 18 21 11 21 1 21 11 18 17 18 11 17 9 3 18 20 16 21 21 13 18 0 17 18 12 18 1 21 11 10 4 18 0 0 18 21 4 18 12 1 0 20 11 21 17 17 10 18 12 21 18 21 18 14 1 10 15 10 16 18 12 21 16 1 0 21 1 18 3 1 3 16 15 12 12 20 1 15 12 10 1 20 12 10 4 1 0 17 21 15 18 16 18 21 17 16 3 1 11 18 9 17 13 18 9 12 10 12 17 20 1 14 11 15 17 0 18 1 21 16
split_gain=422 209.942 193.158 175.264 137.401 109.923 127.218 97.2571 92.4247 89.2285 54.4053 52.0284 67.9718 51.076 50.3048 49.4769 48.8438 69.8112 82.1678 48.4033 46.593 68.0961 53.3041 57.3797 45.7774 48.4429 46.1438 45.0375 44.1594 43.6677 43.3445 42.5872 44.8883 44.711 41.6122 41.0538 39.341 38.3831 72.4864 46.8966 70.5888 37.8353 45.1933 43.2872 40.8363 42.5121 37.442 37.0901 36.595 36.1323 35.7605 35.2695 42.1522 34.4315 63.0232 48.229 61.1743 39.955 39.9029 38.7298 33.356 32.8594 35.4384 32.5713 51.0866 33.7202 32.2654 32.2114 31.9211 35.6943 31.4849 31.1851 32.5472 41.8336 31.1589 47.8598 30.668 30.6502 31.7647 36.4634 34.5381 33.8378 34.2727 30.867 30.3946 39.0563 102.605 30.3604 55.3982 30.0458 75.9101 68.9156 29.2566 30.6186 36.9512 29.1139 32.2435 28.943 28.1439 27.7406 27.6098 27.5891 27.4572 27.3964 66.7748 38.159 40.342 72.9247 27.1281 27.0102 40.2576 30.9997 29.6965 40.3861 36.4789 39.7356 76.9539 34.7405 27.3777 26.9273 34.2331 26.5359 26.3362 27.5063 25.9545 25.9459
threshold=1.0000000180025095e-35 -0.001277609961107373 0.048565475270152099 -0.096240367740392671 0.081946276128292098 -0.11504682525992392 -0.30736744403839106 -0.060943951830267899 0.24440586566925052 -0.22455625236034391 -0.42471592128276819 -0.37578354775905604 -0.031534584239125245 -0.68872055411338795 -0.045196317136287682 0.10598503425717355 -1.0676110982894895 -0.48241765797138209 -0.80672344565391529 0.1945394575595856 0.29585492610931402 0.19267047941684726 -0.2299297749996185 0.17697831243276599 -0.55763766169548024 0.24914342910051349 -0.40806765854358668 0.41335226595401769 0.48655256628990179 0.15635996311903003 0.41517437994480139 -0.20172158628702161 0.25710226595401769 -0.32298436760902399 0.35733713209629064 0.023531490005552772 -0.01222570054233074 -0.61810606718063343 0.24573864042758944 0.063920453190803542 -0.59597384929656971 0.63198998570442211 -0.33341428637504572 0.60444065928459179 -0.0179645512253046 0.10937500000000001 0.44744317233562475 0.22255595773458484 0.32666736841201788 -0.32298436760902399 0.32606464624404913 0.28804257512092596 0.085402298718690886 0.57462233304977428 0.17963979393243792 0.37387366592884069 0.21241156756877902 0.29235431551933294 0.42243160307407385 -0.056525845080614083 -0.083806820213794694 0.051651319488883025 0.39478494226932531 -0.19419323652982709 -0.055205121636390679 -0.1739988103508949 -0.04905088618397712 -0.48591549694538111 -1.605677008628845 0.07528408989310266 0.35653407871723181 -0.13134286552667615 -0.20312499999999997 0.053196527063846595 -0.31995254755020136 -0.055397728458046906 0.45529152452945715 -0.028503899462521073 -0.19046851247549054 1.0000000180025095e-35 -0.15654087811708448 0.20309355109930041 -0.31107954680919642 0.68049922585487377 0.43036021292209631 -0.088721506297588335 -0.11789772659540175 0.047028858214616782 -0.003013150417245924 -0.1862443536520004 -0.31447555124759669 0.19460227340459826 -0.044034091755747788 -0.23434128612279889 -0.16855326294898984 -0.14054531604051587 -0.44855967164039606 0.53921747207641613 -0.041037458926439278 -0.0055243594106286755 -0.28523874282836909 0.17164089530706408 0.44014346599578863 -0.2201704531908035 0.40308102965354925 0.22423640638589862 0.25857613980770117 0.22950524836778644 -0.4090247750282287 -0.058091631159186356 0.13251453638076785 -0.15882790088653562 0.46080182492733007 -0.099376786500215517 -0.025204947218298909 0.0093396361917257326 0.01278409129008651 0.4845114946365357 -0.10578445717692374 -0.15765745192766187 0.48709189891815191 -0.34801135957241053 -0.14361403882503507 0.48153407871723181 0.033899035304784782 -0.14082737267017362
decision_type=2 2 2 2 2 2 2 2 2 2 2 2 2 2 2 2 2 2 2 2 2 2 2 2 2 2 2 2 2 2 2 2 2 2 2 2 2 2 2 2 2 2 2 2 2 2 2 2 2 2 2 2 2 2 2 2 2 2 2 2 2 2 2 2 2 2 2 2 2 2 2 2 2 2 2 2 2 2 2 2 2 2 2 2 2 2 2 2 2 2 2 2 2 2 2 2 2 2 2 2 2 2 2 2 2 2 2 2 2 2 2 2 2 2 2 2 2 2 2 2 2 2 2 2 2 2
left_child=1 3 15 5 77 6 11 19 20 31 124 13 37 16 -11 71 68 18 -18 46 21 22 -6 -24 95 26 30 47 -21 -25 -26 33 63 60 50 -35 -32 38 -13 40 -39 43 44 61 45 -43 -5 -17 125 -41 70 66 -53 55 -55 56 57 87 -57 -56 67 -22 -63 64 -33 -65 -31 -8 69 -1 122 92 73 -73 -59 -76 -19 78 80 81 -4 82 -80 -79 85 -51 -87 88 -10 90 -52 -92 -2 -94 -95 -15 -97 -50 102 -74 -44 -89 -30 104 105 -58 107 -107 -42 110 112 -112 113 118 115 -115 -117 -114 -12 -62 -121 -61 -7 -124 -3 -14
right_child=2 10 4 7 8 34 9 -9 53 14 109 12 48 24 -16 27 17 76 -20 28 41 -23 23 29 25 -27 -28 -29 98 51 36 32 -34 35 -36 -37 -38 39 -40 49 108 42 100 -45 -46 -47 -48 -49 97 84 89 52 -54 54 59 58 103 74 -60 121 119 62 -64 65 -66 -67 -68 -69 -70 -71 -72 72 99 -75 75 -77 -78 83 79 -81 -82 -83 -84 -85 -86 86 -88 101 -90 -91 91 -93 93 94 -96 96 -98 -99 -100 -101 -102 -103 -104 -105 -106 106 -108 -109 -110 -111 111 -113 117 114 -116 116 -118 -119 -120 120 -122 -123 123 -125 -126 -127
leaf_value=0.18387987816835938 0.027448993635597444 -0.075550584642587293 0.012849332664850657 0.028059874250667399 -0.059058634146774723 -0.025562679174812419 0.1217622411673725 -0.0041144149530749864 0.06957528355465864 0.0095047219513668801 -0.11346376994851125 -0.33090834294234822 0.061803438240801083 0.022923831807837195 -0.013908235400074321 0.030314527259483037 -0.028639033877849378 -0.039046727829318416 -0.32729200680827919 0.0012832884820749512 0.043391888816182923 -0.0032745948712917974 0.023467628537565795 -0.011059832571183892 -0.053343701356408875 0.093749580363456292 -0.00046856073883207378 0.15860132158822496 0.059700917257520136 0.018263238601074233 0.024789679652761815 0.26998536594558492 -0.0060995505074741569 -0.030090832559752284 -0.14408270739401638 0.0083691945581515111 -0.042695177941219152 0.13362363477764097 -0.034573554359459108 -0.045187596559176778 -0.020842814675350083 0.26381982636208556 -0.091393652159024938 0.10216383601805372 0.014553735505780608 0.03513470235929373 0.12146443902659902 0.11872971628747614 -0.17946991553698052 -0.091507827578102552 0.0021661773320630412 0.066886091640827386 -0.023161529999764095 0.10938430770003225 -0.014961039464713019 -0.035445243717614101 0.045506183142814939 -0.020948375631853661 -0.00405004911006981 -0.069596443754222692 0.0363219609305633 0.01308389860434162 0.1233379633957436 0.087098940463934113 0.01174374650945669 0.028517604667236275 -0.019621179739123151 0.033022770801011209 -0.0031356012303459476 -0.0010851243730971162 -0.048621338283998665 0.017265688766467176 0.017866107149085608 0.059327519076246303 -0.24237614552507208 -0.048609762699075069 0.0062474169219955368 -0.0065242280814333071 -0.22276205731660192 -0.015901405263893775 -0.047259593030420752 -0.029120036685251378 -0.079023888066419426 -0.071386866546052363 -0.072697388902605992 -0.50880286372780681 -0.095464734969646747 -0.01903553135283725 -0.0051160203633708731 -0.040218751640244285 -0.49823836996920345 -0.099411653623590029 0.023046882093910707 0.24689630336697529 0.078518483492695551 -0.018577878094066896 0.035694028702113141 -0.021608718653556337 0.024925746431519423 0.0023761956854605241 -0.010251231741060145 -0.10102912735225432 0.19914044972759637 0.0060039946891931794 0.0062100291930047187 0.39145459540854644 0.071574622861574608 0.086868614937980398 -0.060707895458081522 -0.019412580656655035 0.026005614639535025 -0.025836453149155357 0.0023693567485590411 -0.096212968625479581 -0.061027654181121348 -0.092789167185001756 -0.4566384959618518 -0.086643386470538333 -0.035981062829751789 -0.00027782512063765892 -0.10431058242165685 0.04294175370251789 -0.010953084331232691 0.041358226935239085 -0.21563432461331597 -0.0090598995319441673
leaf_weight=17.916560523561202 504.71653776825406 45.430010552168824 258.80749553756323 1839.1817671566969 85.673530374187976 1467.2033234270057 41.188868901692331 2861.0905009426642 92.955574018065818 1217.3986274647759 44.131267641205341 11.519729676772842 48.310379599803127 750.34653552889358 2667.075097988476 1942.601854715962 17.600881606340408 770.58681722218171 15.358355200849472 1413.4145235039759 711.1516825966537 2725.6987471781904 3631.2268485368695 982.37406487285625 422.63022010913119 35.824648947571404 827.15581740566995 24.811025369446725 46.525934845791198 719.16194553405512 168.541061071679 13.03876182343811 272.61274693417363 431.87562599102966 24.625328739755787 605.59280530107208 144.98323864594568 21.918652616790496 19.507473440724425 155.67385795584414 461.82261186360847 13.20485720864963 45.429204232641496 73.689620905788615 102.45949679194018 16.259961232542992 38.797128755133599 43.215748729417101 19.15138371149078 26.820224721799605 17.105594233726151 207.4795924895443 59.074554113554768 61.499190201167949 300.52967934508342 734.02406160708051 138.1736802457599 77.991214573965408 749.72261082066689 19.11572344659362 170.81555794517044 939.93877894012257 25.886444774107076 99.238277666736394 14.06502146029379 914.13329287618399 284.30792664887849 338.03591374726966 258.10654156620149 17.156762770842761 304.46507976553403 776.89818958670367 2204.0228791465051 300.52670112566557 17.335632290458307 33.530733884894289 162.38417197286617 2661.4988065465586 16.395316450973041 251.69755511044059 129.24261441396084 133.54877748445142 150.06284420867451 67.25087015517056 67.118706623907201 8.8111032331362384 13.749202889273873 136.43537322350312 2142.2003109412035 477.54513851914089 6.7887414627475691 9.3562455093488079 44.851015434949659 16.548855067230761 42.103613309795037 426.20003120577894 128.41953069658484 23.026549789821729 157.15995135449339 2039.0097345894901 216.32409897493199 51.17347337747924 17.701809219899587 751.99205262959003 310.78179176838603 12.114111303817483 44.486010272987187 17.382388854632154 238.90051986207254 2558.4343398181954 125.96070711384527 584.60282234603073 194.1258544921875 55.523914765100926 166.92797755158972 12.740922289667653 8.9106359451543522 48.460679622367024 634.6056465706788 308.53802177228499 30.293698927853256 253.67655228369404 1470.8902791445144 95.874891221290454 16.754734839894809 803.08043386798818
leaf_count=71 863 105 452 3193 187 2714 102 4647 215 2090 123 72 132 1286 4771 3599 22 1398 89 2274 1274 4827 6346 1596 813 80 1394 80 91 1217 297 64 530 776 82 1024 264 68 30 273 840 68 113 162 179 26 112 105 67 57 39 385 83 160 475 1345 230 121 1206 35 324 1645 80 233 23 1608 401 608 575 23 537 1275 3887 561 76 62 278 4506 68 413 233 241 322 127 142 84 34 212 3550 860 70 33 68 73 84 720 209 31 221 3264 355 116 67 1320 486 83 84 40 506 4538 262 1003 308 132 384 31 76 133 1449 512 72 551 2417 166 74 1335
internal_value=0.000135175 -0.00819829 0.00834076 -0.00456982 0.00342771 -0.00961668 -0.00546028 0.00894628 0.00709077 0.00319949 -0.0271104 -0.0156093 -0.0286327 -0.00959132 -0.00655535 0.0209906 -0.0256574 -0.0360326 -0.169845 0.0195993 0.0123424 0.00922215 0.0149366 0.0160349 -0.00260326 -0.0134467 -0.0160057 0.0339634 0.0075413 0.0040299 -0.0333874 0.0149119 0.0281847 0.0058371 -0.023771 -0.00759773 -0.00633729 -0.0454166 -0.148405 -0.0420468 -0.0291806 0.0249664 -0.0016425 0.0309867 0.0435119 0.140502 0.0300697 0.0323146 -0.00930625 -0.0758768 -0.0229553 0.0157354 0.0465682 -0.00247566 0.0185119 -0.00499809 0.000659708 -0.00786439 -0.0196146 0.00854647 0.0215602 0.0277816 0.016218 0.0372318 0.138552 0.0343675 0.00747266 0.0429974 0.00829372 0.0922387 -0.0193235 0.016581 0.0142207 0.0290655 -0.0594136 -0.117112 -0.031098 -0.0133163 -0.0282096 -0.0429455 -0.00714026 -0.0654487 -0.0942342 -0.00816706 -0.116227 -0.173434 -0.26557 -0.00508195 -0.00195662 -0.0465351 -0.133128 -0.277835 0.0371009 0.0832896 0.128536 0.0106499 -0.00585681 -0.0945777 0.0470655 0.0104352 -0.0247248 -0.0418476 0.10001 0.0177524 0.0345478 0.0757384 0.131045 0.217116 -0.03454 -0.0258464 -0.0345869 -0.0165535 -0.0455365 -0.053377 -0.0868279 -0.141331 -0.250286 -0.0155284 -0.0412153 0.00550144 -0.00997658 0.0345771 -0.0163548 -0.00769505 -0.11506 -0.00490827
internal_weight=56343.1 27950.9 28392.3 23454.3 20453 17080.4 13206.5 6373.87 16784.5 7123.9 4496.61 6082.62 1919.41 4163.21 3884.47 7939.31 1259.11 965.93 32.9592 3512.78 10839.3 8695 5969.3 5883.62 2904.1 1599.13 1563.31 2010.63 1634.8 2252.4 736.155 3239.43 1313.09 1926.34 3873.85 1037.47 313.524 1025.84 31.0272 994.815 722.642 2144.34 393.678 1750.67 131.924 29.4648 1877.98 1985.82 893.569 272.173 3849.23 1270.02 266.554 5945.12 634.821 5310.3 3826.55 2551.62 1483.75 573.322 888.872 1676.98 965.825 1040.48 27.1038 1013.37 1003.47 379.225 293.18 35.0733 3338.43 5928.68 5320.46 1077.42 128.858 50.8664 932.971 3668.5 939.755 551.704 388.05 300.007 166.458 2728.75 116.499 49.3805 22.5603 2422.76 2235.16 510.796 33.2506 16.145 608.22 103.503 58.6525 1304.97 554.62 42.1779 221.388 4243.03 261.753 187.609 64.2277 1274.93 522.938 212.156 73.9825 29.4965 700.723 4434.42 1875.99 710.564 1165.43 922.84 244.103 77.1755 21.6516 242.587 678.737 509.647 338.832 272.792 3033.97 1566.77 62.1847 851.391
internal_count=99600 50068 49532 41450 35673 30845 23927 10605 29311 12737 8618 11190 3671 7519 6861 13859 2456 1787 111 5958 18944 15042 10215 10028 5063 2848 2768 3784 2653 3682 1374 5876 2458 3418 6918 1800 561 2106 102 2004 1414 3902 741 3161 273 94 3305 3704 1565 590 6836 2086 468 10367 1221 9146 6595 4352 2551 1061 1618 2999 1725 1928 87 1841 1618 710 669 94 5834 10075 8987 1836 259 138 1676 6362 1729 1044 685 631 390 4633 317 175 118 4093 3765 1002 142 103 1088 225 157 2215 929 98 379 7151 468 328 158 2243 923 437 207 123 1346 8439 3901 1265 2636 2195 623 239 107 441 1572 908 584 586 5297 2583 179 1467
is_linear=0
shrinkage=0.095553


Tree=6
num_leaves=127
num_cat=0
split_feature=18 21 18 21 18 21 18 11 18 19 21 12 18 11 21 0 5 18 3 17 14 21 21 18 21 0 11 9 18 20 10 17 14 9 21 10 15 19 18 3 8 17 5 12 0 19 12 18 3 10 11 18 19 21 14 0 18 21 11 9 8 10 12 19 1 11 20 12 12 8 12 19 0 17 0 0 1 10 10 12 18 17 21 14 0 3 18 20 15 9 5 1 1 21 12 11 0 0 0 8 0 21 19 19 18 18 1 3 19 14 10 12 10 17 18 18 11 9 3 17 18 21 1 20 19 19
split_gain=335.665 184.571 193.455 180.777 100.23 77.1074 136.607 73.2196 43.4084 46.3568 41.0661 41.0181 40.7242 40.0741 38.0149 36.7151 36.6989 75.0346 35.5729 34.7943 36.7802 34.7339 34.2948 35.6566 32.7662 38.8642 47.1741 45.2858 32.5011 50.1012 94.0609 90.081 46.4484 47.4112 35.7603 36.5248 39.5033 35.3261 34.9904 32.4669 32.0417 31.7613 35.7827 34.0832 31.6997 39.4289 31.6884 31.6698 38.8647 31.4606 48.6896 34.7063 44.0426 47.0867 47.3209 66.4184 30.8556 49.0393 41.9795 30.6354 30.1873 30.0235 92.4542 29.5568 39.9246 43.5337 35.7833 36.3094 29.0924 34.919 28.8194 48.0171 32.7414 31.0537 39.5535 32.4999 28.7896 28.6607 28.5568 28.4553 35.5256 28.1298 45.3719 33.3272 65.3619 60.6208 28.0003 27.9938 35.4734 29.7912 27.7064 27.5988 38.5118 27.5538 30.1772 27.2844 27.0557 79.3276 26.8498 26.8097 26.8064 27.16 42.0924 28.9244 43.6565 55.635 29.0011 28.5715 27.0243 37.0376 39.5623 26.8235 41.8153 38.7214 37.6738 36.7887 56.6947 39.0574 27.1591 38.3014 41.5145 40.5385 37.9056 29.6015 32.5039 28.1781
threshold=1.0000000180025095e-35 -0.045254118740558617 -0.096240367740392671 0.029662062413990501 0.081946276128292098 -0.18414206057786939 -0.32173828780651087 0.2324701473116875 -0.054252579808235162 -0.24961624294519422 -0.35228140652179712 0.25452257692813879 -0.13294097036123273 -0.04526878893375396 -0.57622820138931263 0.40198864042758947 0.37500000000000006 -0.1645485237240791 0.17939373850822452 0.41399396955966955 0.21170444786548617 0.23955512791872027 -0.42662395536899561 -0.13916920125484464 0.022165881469845775 0.21164772659540179 -0.24114079028367993 -0.25858902931213373 0.17105530947446826 0.14324882626533511 -0.24621929973363874 0.35481087863445288 0.1663678660988808 -0.036189164966344826 0.28624004125595098 0.2461061775684357 -0.019193547777831551 0.43389350175857549 0.28306050598621374 -0.012224378995597361 -0.0068748693447560063 0.48655256628990179 0.37500000000000006 -0.10391652584075926 -0.2201704531908035 -0.0064797357190400353 0.69165807962417614 -0.29062251746654505 0.18699086457490924 -0.047400783747434609 -0.19090207666158673 -0.20737677067518231 0.017167205922305587 -0.15741654485464093 -0.011947102844715117 -0.43323864042758936 -0.68872055411338795 -0.72811383008956898 -1.4897925853729246 -0.060379147529602044 0.13808652013540271 -0.22196891903877256 -0.16437964141368863 -0.034142112359404557 -0.23721590638160703 0.20933894813060763 -0.079722423106431947 -0.026666666381061074 0.028816466219723228 0.37808060646057134 0.025443110615015033 0.46576604247093206 0.092329546809196486 0.57629799842834484 -0.11505682021379469 -0.063920453190803514 -0.049715908244252198 -0.085030119866132722 0.31011937558650976 -0.1424814164638519 0.11658803746104242 0.4740759432315827 0.1988378316164017 -0.086245007812976823 -0.049715908244252198 -0.38928070664405817 0.27269172668457037 -0.15040439367294309 -0.15159754455089566 -0.079390194267034517 1.0000000180025095e-35 -0.18323864042758939 -0.026988636702299115 0.61061280965805065 0.20106918364763263 -0.040803423151373856 0.2173295468091965 0.098011363297700896 0.086647726595401778 -0.40372067689895624 0.43892045319080358 -0.13134286552667615 -0.0046812506625428787 0.4767290353775025 0.094701088964939131 0.097786504775285735 0.31107954680919653 0.28063790500164038 -0.22805814445018766 -0.072871383279561983 -0.15648397058248517 -0.197644367814064 -0.07583740726113318 0.14587228745222094 0.023945228196680549 0.048116011545062072 -0.066508453339338289 -0.089417174458503709 0.12502200156450274 0.31871135532855993 0.059295460581779487 -0.039433170109987252 -0.24857954680919644 -0.09894146770238875 -0.25786091387271876 -0.12548762187361714
decision_type=2 2 2 2 2 2 2 2 2 2 2 2 2 2 2 2 2 2 2 2 2 2 2 2 2 2 2 2 2 2 2 2 2 2 2 2 2 2 2 2 2 2 2 2 2 2 2 2 2 2 2 2 2 2 2 2 2 2 2 2 2 2 2 2 2 2 2 2 2 2 2 2 2 2 2 2 2 2 2 2 2 2 2 2 2 2 2 2 2 2 2 2 2 2 2 2 2 2 2 2 2 2 2 2 2 2 2 2 2 2 2 2 2 2 2 2 2 2 2 2 2 2 2 2 2 2
left_child=1 2 5 100 21 6 10 28 9 -3 56 24 15 -12 -4 16 19 -18 -16 20 49 -5 47 46 -10 26 -26 -28 29 32 31 -31 33 81 35 36 44 -38 -36 -37 -33 42 87 -44 -30 77 61 48 -8 50 -7 52 53 -52 55 -55 58 -58 -1 -23 -11 62 -24 -63 65 66 67 -65 -43 -70 73 72 -72 75 -75 -21 -53 -46 79 80 -32 82 -6 -83 -85 -86 -41 88 -20 -89 -14 -76 -93 -40 -95 -80 97 -13 -29 -51 101 102 107 104 111 -106 -105 -2 109 110 -107 118 113 -113 -115 116 -116 -117 122 121 -121 125 -103 -124 -125 -120
right_child=3 8 14 4 7 12 22 -9 11 60 13 96 90 -15 18 -17 17 -19 41 70 -22 59 23 -25 25 -27 27 98 34 30 78 40 -34 -35 38 39 37 -39 93 86 -42 68 43 -45 45 -47 -48 -49 -50 99 51 76 -54 54 -56 -57 57 -59 -60 -61 -62 63 -64 64 -66 -67 -68 -69 69 -71 71 -73 -74 74 91 -77 -78 -79 95 -81 -82 83 -84 84 85 -87 -88 89 -90 -91 -92 92 -94 94 -96 -97 -98 -99 -100 -101 -102 103 -104 106 105 108 -108 -109 -110 -111 -112 112 -114 114 115 117 -118 -119 119 120 -122 -123 123 124 -126 -127
leaf_value=0.043094105823175521 0.055923759466784788 -0.13756443283171119 0.081414129783288117 -0.0076599127008393983 0.035418923591710928 -0.15467086632429169 0.049605615999435262 -0.0016611491869934997 -0.0041567572597219432 -0.032186776014078877 -0.045683434434726826 -0.0031826280874557617 -0.017241737062339769 -0.0088437799499348317 0.021880499898343293 -0.056415101453831933 -0.10790912954480275 -0.012363490419759753 0.11757452447013943 -0.03796283200670713 0.0050528265278976456 0.017933390718959705 -0.057061956362862779 0.030800799834175736 0.0713500294302713 -0.051420194702017877 -0.11170602071368216 -0.020192082796723288 0.036241002158016157 -0.037988409161730699 -0.091899897843579936 -0.44578673281019876 -0.042602217193647672 0.0094012335409601397 -0.0070794173132357396 0.044284757810522712 0.018381287027201439 0.089256865625270465 0.022738415892703364 -0.026563266786830384 -0.15228145784435471 0.020925513127929125 0.022926810138600925 -0.064959290084979276 0.26653529729997594 0.059902821891583816 -0.098262446890260299 0.026243558690487577 0.24700451275617652 -0.094269800496415285 -0.047257958428328875 -0.032217870093224181 -0.023485985675743497 -0.1049112672491222 -0.11165543350797749 -0.53763155313783229 0.031711178861004143 -0.0077884165635133179 -0.026009417237522394 -0.066473742609489836 -0.012759004287581081 -0.0038737227040986071 0.27738109010278528 -0.029023934867671932 0.0043198430266876871 -0.020170088259001278 0.025546568933208457 0.10395432531797337 0.20858051304899919 0.027858509907778346 -0.093389982863431392 -0.01923619284298015 -0.25202476579087069 -0.032156865871345426 -0.034191683119700743 -0.15891447387485183 0.011330736296307018 0.092711942555406573 0.01300889591257467 -0.016583686731112782 0.012439136797477287 0.02993224645706075 -0.095710422509885207 0.0656597291121222 0.11411887227763741 0.48365787746533956 0.015669020868062107 0.012302889505219398 0.013385617415097967 -0.026969099903507168 0.0066311718023923626 0.17518093777254373 0.028508841865155721 0.0023936820878860351 -0.093502157277644896 0.10321238153349872 -0.042691901978494311 -0.32028165145729282 0.020282917343413923 -0.0052922995837572052 0.079679978223380965 0.075888978847718641 0.028208560815414809 0.013570794402172803 0.15977619014024444 0.073772423158532677 -0.027163915689426402 0.16186442401244452 0.041564509024345775 0.067796867929963645 -0.043678524099157331 0.015060341960301735 0.010598559079739327 0.033186185616573896 0.29755289796576367 -0.0059473124303126134 0.091841551431649293 0.092331887850331917 0.039007847972363265 -0.036414945909895628 0.050624784868260032 0.011965736112175095 -0.08629991907670051 -0.0978673292095502 -0.0020951827843118873 0.12099078247140853
leaf_weight=84.024399354821071 71.020712729427032 33.418063180521131 76.664173431228846 4398.7037654910237 483.22819224547129 27.535353573737666 28.776782439555973 6574.798951607896 2269.0019104136154 2570.0693416680442 617.35196374752559 14.323050502687694 817.45305501658004 483.73226162919309 2349.1241329532349 260.01090208836831 124.44020470813848 188.4113437278429 29.795348871615715 242.81683454744052 836.20369195344392 48.809995981515385 14.667492098873483 489.39058224658947 54.133734846138395 324.45044429402333 44.302491726004519 1161.8762809372274 463.54300874867477 27.347252925741486 29.391802596743219 8.6319700510939565 129.86442188161891 2510.7446241811849 912.5673194952542 146.66441915696487 1568.3406954681268 65.839708984247409 1358.6393981588772 291.26007120020222 7.0690418328158549 248.69101529335603 54.262977493577637 138.0410355287604 16.119627877138555 135.70999300421681 26.04493242118042 356.15634696872439 12.88283250259701 30.380606556194834 61.19337829167489 348.81763213849626 150.6467631070409 6.7667242623865587 33.915295043261722 6.3421743749640882 317.81574083515443 2798.6831190664088 1194.2054176256061 166.42339235905092 1033.2823951563332 2222.6457305594813 13.253911045030689 19.966924764215946 1378.2335992018925 94.363985836156644 208.13122209475841 136.8575735577615 17.029464256600477 21.891878321766853 58.61734165600501 76.213240240584128 14.848714777268468 156.20563348592259 28.454130296362564 21.055499587557279 225.6965501854429 20.94242251990363 133.32022863544989 1072.2622907161713 688.03548128029797 58.674431314342655 23.669627253082581 40.546267563011497 9.1374819725751895 7.4219503715867168 277.75954826921225 321.21018672036007 629.43651562649757 384.17682102345861 963.78611743950751 22.433558822027408 54.336839806288481 455.62277336523402 30.351088006398641 38.640143218217418 81.224475581664592 12.640517188236116 169.03148615546525 1047.8287795750657 69.590693187899888 36.373291192110628 816.1131219167728 475.46940143837128 31.651161713059992 30.859505287837237 238.17291125957854 35.364957196405157 826.39017488446552 58.472296157968231 128.41827159048989 450.98254541226197 1332.7555268347496 362.3194845051039 15.662318322341887 55.347216183785349 51.241154505871236 101.23225446441211 125.8868067683652 211.48894410731737 63.339740440249443 500.84972056210972 57.768505307845771 34.812406592769548 293.90123659162782 55.793338315794244
leaf_count=195 128 97 158 7381 923 97 69 11324 3627 5031 1271 22 1367 851 4019 493 305 328 76 431 1466 80 25 888 109 643 112 1991 820 44 77 72 250 3969 1439 250 2816 144 2323 459 21 388 90 265 80 264 57 674 61 83 108 542 307 23 86 68 518 4817 2256 329 1868 3743 71 30 2439 138 317 316 64 29 123 119 70 249 69 73 433 45 206 1877 1190 87 72 73 23 63 466 477 986 624 1532 77 72 761 70 87 140 70 313 1653 154 86 1434 834 101 81 427 108 1485 123 200 796 2130 583 87 120 106 236 206 348 102 779 137 90 459 168
internal_value=-0.00014266 -0.00752181 -0.00278073 0.00713424 0.00302067 -0.00752498 -0.00263297 0.00631074 -0.0200708 -0.0276959 -0.0130332 -0.0133456 -0.016363 -0.0295427 0.0153165 -0.0216912 -0.0192684 -0.0506025 0.0140808 -0.0164018 -0.0116408 -0.00950784 0.00878645 0.00644732 -0.0117644 -0.0215745 -0.0147465 -0.0182234 0.0110752 0.0056409 -0.00622836 -0.143416 0.0129467 0.0152818 0.0160511 0.0233033 0.0292391 0.0213162 0.00817771 0.00441448 -0.320846 0.00411873 -0.00124539 -0.0396827 0.0494749 0.084506 0.00353223 0.0356759 0.113509 -0.0188651 -0.032492 -0.0282498 -0.0572728 -0.103648 -0.175095 -0.326254 -0.00888288 -0.00373576 -0.0213838 -0.0468875 -0.0266304 0.00421806 0.100241 0.00352068 0.0124887 0.0368575 0.0518461 0.0862876 0.0332043 0.108698 -0.0358701 -0.0728614 -0.127618 -0.0251761 -0.00167019 -0.0482182 -0.0150341 0.171135 -0.00312397 -0.00672081 0.0079482 0.0388759 0.0290041 0.0813678 0.133029 0.288333 -0.00585642 0.00416089 0.0183239 -0.00900738 -0.00430411 0.0431182 0.0730461 0.0157515 -0.00366241 0.0338461 -0.0710526 -0.152766 -0.0149986 -0.0079329 0.0211076 0.0204597 0.0356829 0.0179116 0.0205661 0.0375552 1.43407e-05 0.0920143 0.0336793 0.00355667 -0.0201045 0.0156736 0.0218445 0.036245 0.0524657 0.083383 0.142747 0.0573691 0.0050408 0.0139632 -0.0159586 0.0261074 -0.0150389 -0.0239525 -0.0126686 0.0646568
internal_weight=57071 28339.7 20571.9 28731.4 22200.1 16301.6 10497.2 17586.1 7767.75 3636.77 5495.81 4130.98 5804.41 1101.08 4270.32 4023.17 3763.16 312.852 4193.66 3450.31 2775.33 4613.94 5001.37 4603.56 4022.8 1753.79 1429.34 1375.21 11011.3 5267.99 2004.7 43.0483 3263.29 3133.42 5743.36 2986.18 2270.5 1634.18 2757.18 715.684 15.701 1844.54 1556.92 192.304 636.315 172.772 4114.17 397.816 41.6596 1939.12 860.914 833.379 258.864 108.218 47.0242 13.1089 4394.73 3116.5 1278.23 215.233 3603.35 4088.12 27.9214 4060.2 1837.55 459.32 364.956 156.824 287.612 38.9213 674.982 149.679 73.4661 525.302 261.43 263.872 574.514 37.0621 1961.65 1789.69 717.427 622.678 506.898 115.78 57.1057 16.5594 569.02 1364.62 659.232 705.387 1781.24 105.225 76.7704 1844.61 485.974 171.96 108.188 26.9636 1330.91 1078.21 6531.28 6461.69 922.499 5539.19 4825.55 1075.79 713.642 106.386 1044.14 217.75 159.278 3749.75 2369.54 1036.78 585.802 223.483 66.9035 156.579 1380.21 957.359 274.829 682.53 422.855 386.482 328.714 181.68
internal_count=99702 50109 36086 49593 38085 28910 18736 30295 14023 6996 9908 7027 10174 2122 7176 7275 6782 633 7018 6149 4866 7790 8828 8024 6795 3168 2525 2416 18971 9034 3574 137 5460 5210 9937 5344 4169 2960 4593 1175 93 2999 2518 355 1209 389 7136 804 130 3400 1664 1567 592 285 177 91 7786 5335 2451 409 6899 7079 96 6983 3240 801 663 346 481 93 1283 312 193 971 467 504 975 125 3437 3144 1267 1241 995 246 159 86 925 2163 1062 1101 2899 218 149 3154 831 293 232 92 2304 1736 11508 11354 1670 9684 8423 1990 1261 236 1889 404 281 6433 4058 1928 1132 549 193 356 2375 1603 450 1153 772 686 549 374
is_linear=0
shrinkage=0.095553


Tree=7
num_leaves=127
num_cat=0
split_feature=18 21 18 21 18 21 18 21 21 2 21 18 4 2 17 21 5 18 1 17 18 1 9 11 12 4 17 4 18 21 21 16 16 12 10 3 9 15 18 21 12 4 10 17 10 21 10 19 21 10 3 11 12 12 17 18 3 2 11 10 1 16 21 10 16 10 17 19 11 19 12 18 2 18 13 1 3 17 10 9 10 12 2 21 12 18 15 2 19 21 10 12 20 12 19 20 10 11 16 20 3 17 3 20 12 4 11 10 19 4 12 11 19 8 21 9 15 21 10 17 12 19 10 21 18 19
split_gain=286.198 165.445 161.349 155.781 88.834 85.6655 89.6249 70.8176 62.4987 52.2326 49.3169 93.6281 57.2478 68.8049 46.9765 42.3652 40.8104 40.2721 44.9387 43.1218 40.2099 53.6276 72.4637 39.7348 39.5398 39.3294 42.132 50.274 115.377 38.5533 37.4785 36.8691 60.171 83.4427 36.6686 49.9994 40.6518 36.3388 35.2802 35.3341 40.4285 50.7417 35.1025 38.0168 37.7046 35.8272 34.7066 43.8457 95.5513 40.8929 40.0452 56.3235 64.0796 34.6581 33.731 40.848 51.5768 34.9759 39.1458 34.1252 47.0093 74.2979 39.0179 33.7163 33.5139 33.3431 33.2592 36.8452 38.8042 36.2753 33.0958 34.1551 32.1057 32.0445 67.5266 60.9233 37.8324 31.8531 50.7242 50.1506 61.3608 39.9066 35.0769 33.4688 96.3957 31.5412 46.1121 31.0481 30.9089 30.6368 30.4348 31.969 39.1362 32.0623 30.2398 29.6403 29.0933 29.0181 57.6558 36.1472 33.8196 50.5029 32.978 31.5175 29.577 35.376 28.9721 28.8895 49.8157 77.7186 28.8106 28.6662 28.5416 51.3649 28.378 28.3723 29.9898 28.1965 30.8042 36.9512 31.4056 28.0651 27.878 33.0418 27.6658 30.8773
threshold=-0.0995199680328369 -0.062899474054574953 0.031402070075273521 -0.11504682525992392 -0.32173828780651087 0.10820900276303293 0.13985770940780642 0.053128369152545936 -0.2991530299186706 0.44176135957241064 0.28624004125595098 0.27762436866760259 -0.26055346429347986 0.43892045319080358 0.43157629668712622 0.22195540368556979 -1.0000000180025095e-35 0.20928438752889636 -0.08096591010689734 -0.12329210340976714 -0.18711137771606443 -0.14062499999999997 0.26451103389263159 0.18470544368028644 0.19337335973978045 0.06094936095178128 -0.16377823054790494 -0.44220972061157221 -0.0019346683839103205 0.32267147302627569 -0.37578354775905604 0.02188151050359011 0.50778752565383922 0.16649514436721805 -0.16917743533849713 0.13290300965309146 -0.019298200495541092 -0.15360214561223981 -0.57647010684013356 -0.52238604426383961 0.31916524469852453 -0.17199221253395078 -0.023240475915372368 -0.22220624238252637 0.58118796348571788 -0.32298436760902399 0.39106588065624243 -0.040019819512963288 -0.43950435519218439 0.34499423205852514 0.38928070664405828 -0.29582828283309931 0.046140652149915702 0.34567753970623022 0.43157629668712622 0.13895370811223987 0.15633092820644381 0.45028407871723181 -0.033843578770756715 -0.16917743533849713 -0.0042613637633621684 0.2265904098749161 0.020005025900900367 -0.092273939400911317 -0.29509294033050532 0.76062875986099254 -0.14414641261100766 -0.19387444108724591 -0.30193874239921564 0.55113697052001964 -0.29650086164474482 0.078328154981136336 0.39346592128276831 0.42243160307407385 0.26824057102203375 0.21164772659540179 0.47986222803592687 -0.3045088499784469 1.2290249466896059 -0.38350443542003626 0.79190927743911754 0.0678444840013981 -0.12357954680919646 0.15677122026681903 -0.079925671219825731 -0.99757909774780262 0.018440860323607925 0.44460226595401769 -0.048353029415011399 0.18871147185564044 -0.24949025362730023 -0.25560891628265375 -0.0017909078742377458 -0.2759405374526977 -0.073047429323196397 -0.17749825865030286 -0.20211965590715406 0.31429775059223181 0.095835383981466307 0.02633590251207352 0.43187998235225683 -0.035236589610576623 -0.45167937874794001 0.014412305783480408 0.12389937043190004 -0.24637155234813687 -0.013598706107586621 0.3033579289913178 0.013927378691732885 -0.49221940338611597 0.36833047866821295 -0.27154210209846491 0.24997129291296008 0.31881651282310491 0.25323729217052465 -0.10847900435328482 -0.059900153428316109 0.048565475270152099 -0.24621929973363874 -0.092082552611827836 -0.21308176219463346 -0.15445105731487271 0.56331881880760204 -0.43950435519218439 -0.054252579808235162 -0.079807955771684633
decision_type=2 2 2 2 2 2 2 2 2 2 2 2 2 2 2 2 2 2 2 2 2 2 2 2 2 2 2 2 2 2 2 2 2 2 2 2 2 2 2 2 2 2 2 2 2 2 2 2 2 2 2 2 2 2 2 2 2 2 2 2 2 2 2 2 2 2 2 2 2 2 2 2 2 2 2 2 2 2 2 2 2 2 2 2 2 2 2 2 2 2 2 2 2 2 2 2 2 2 2 2 2 2 2 2 2 2 2 2 2 2 2 2 2 2 2 2 2 2 2 2 2 2 2 2 2 2
left_child=3 87 7 4 30 54 14 25 46 111 17 12 16 -14 15 70 23 97 114 77 21 22 -10 -12 -13 26 27 28 -3 -26 38 -15 33 -33 35 36 -5 94 -1 40 -40 107 95 44 45 -44 47 50 49 -49 -6 -52 -53 85 55 57 65 117 -59 60 61 -56 -62 -25 -22 -57 -28 -68 -69 90 -7 106 -16 75 110 -31 -77 78 79 -20 83 88 -83 -81 -85 86 -36 -2 -79 -74 91 93 -93 -70 -38 -32 -23 99 -99 100 102 -102 103 -8 105 -100 -72 108 -42 -110 -75 -9 113 -55 -19 116 -61 -4 -119 120 -120 -117 123 -48 125 -27
right_child=1 2 5 34 8 6 10 9 20 -11 11 24 13 31 72 -17 -18 18 19 -21 64 96 -24 63 29 124 66 -29 -30 73 42 32 -34 -35 53 -37 37 -39 39 -41 41 -43 43 -45 -46 -47 122 48 -50 -51 51 52 -54 112 59 56 -58 58 -60 115 62 -63 -64 -65 -66 -67 67 68 69 -71 71 -73 89 74 -76 76 -78 81 -80 80 -82 82 -84 84 -86 -87 -88 -89 -90 -91 -92 92 -94 -95 -96 -97 -98 98 104 -101 101 -103 -104 -105 -106 -107 -108 -109 109 -111 -112 -113 -114 -115 -116 121 -118 118 119 -121 -122 -123 -124 -125 -126 -127
leaf_value=-0.016188634405350049 0.018772451203658766 -0.39588028524591323 0.011840748058329187 -0.041840382035242665 0.023838586737742182 0.032361181181471632 0.10119561373796858 0.039305561887641033 -0.041691400446772914 -0.15263251593285973 -0.043418210680945764 0.015584691654060385 0.00055307004359795816 -0.0078770332363181685 0.008552177997601813 -0.045045122458202455 -0.026255585148156901 0.06013789699812716 -0.052822477929653874 0.0285526895098452 0.01991393259749713 0.078200983844121552 0.039536606566320284 -0.24805427159718177 0.10037841728345723 -0.048467425712233413 0.047799890528540334 -0.017765350023905176 -0.022467573899111418 -0.016909901179221424 -0.04703756376167955 -0.11906757289738168 -0.02948090758238834 -0.514427411381428 0.16423495210211383 -0.0043957779869092228 -0.33678836493051034 -0.087747529362168925 -0.0022944327580589853 -0.0099630556053800397 0.064381098151644861 0.0078128595928892638 -0.073822688641796252 -0.015683761332457115 -0.025596166232912481 -0.24747672815631935 0.044470024370522963 0.35904990928241576 0.042303463316462134 0.087484945195053981 -0.0036904725517108213 -0.35650105877430543 -0.033263560191505406 -0.29738809898888946 0.35843028423921192 0.0568529179821642 0.012878377867077328 0.19366621513249838 0.032772578995694107 0.038313759699303125 0.14158266483639259 0.072689580641277257 0.025144787243970356 -0.092364337413552822 -0.0013574168316317623 -0.00045838956215170324 -0.019531937729775344 -0.035234675340552683 0.057755376161532299 -0.090631043103880204 -0.013721418698110619 -0.0085891969888322265 -0.017971441958145783 0.15698825217490511 -0.0084730287416144145 -0.049261327837623818 -0.28532951679208834 -0.092763996968120099 -0.05726769076573382 0.071945964408510685 0.042684373259406806 -0.036198645783413384 -0.17911111131341068 0.10201549418808466 0.55254052475418725 -0.019900666055474883 -0.00406248700491562 0.0830225814754212 0.0029747825954011312 -0.12932128913745186 0.0091377315918408798 0.056022125836946393 -0.072305967557735024 0.20617201308970018 -0.10130163332622817 -0.15212237607380116 -0.0032039502866283041 0.12056980763419631 -0.084778076393370802 0.004881821062409978 0.027823272485574337 0.16930222487163707 0.0076323412682218813 0.00078586341152961131 -9.2193316921242765e-05 -0.012875356812066261 -0.060223014856789492 0.045479706172352245 0.093398621116883532 0.44748053750314398 0.040500192408068313 -0.022829380364420421 -0.043778822963459946 -0.010948940860074913 0.018742347966230262 -0.011013776798156093 0.15380559023811932 0.0531023208605736 -0.037147028135007053 -0.014043988689258331 0.022942774128446409 0.026146201876583675 0.022455453724205932 -0.037752941185785274 -0.0077068883926717808 0.00095835788481035483
leaf_weight=2247.6925723511958 5742.8658728678711 10.238782136933876 2979.0031939656474 197.01964318414684 711.21213320503011 140.56983739591669 77.280742374714464 67.628365188138559 733.75446903775446 26.435180698172189 98.807595648686402 2620.5750405231956 1155.5594730336452 25.13276045571547 1353.7173674282385 425.47632439702284 511.83474679209758 398.29976143303793 19.608892031130381 812.59178139676806 966.18928927613888 39.485514263156801 114.0154139167862 18.619550585979596 30.157557371887378 351.67210822645575 159.56757495342754 242.31268101814203 23.640017950558104 543.26565086445771 159.13041950075421 14.127297012018973 18.947419743286446 7.2273005605675271 19.592131923651323 159.02637428801972 10.613940442330206 111.08063357579522 483.40085620444734 1102.4142844714224 42.692316092550755 209.12009609222878 31.679132933379151 1454.0789724170463 67.534207195276394 16.653252521064132 52.972157656215131 12.257245469023475 357.80386239709333 9.3164564870530722 100.19622134882957 9.0195269571850094 13.554805212887002 10.816594508825803 10.817262358614242 495.93426386709325 1406.4772718588356 17.116048478870653 59.205837943824008 99.770188226480968 29.227174314088188 30.527393677271903 191.20650485204533 42.684446971979924 2231.6863426017808 110.90860338613857 538.00271427375264 178.15690460090991 42.950823172926903 30.201063434244134 245.47454742563423 1675.3915339309024 150.23888750560582 20.773228191770613 751.14545712422114 12.716084619867617 12.050771250156684 31.574792520725168 34.336862267460674 9.1444865746889281 42.799936255323701 53.137023018323816 21.607762797968462 10.108125015511179 7.3842985574156037 4426.7447030306794 47.579964225529693 68.334392784512602 411.27070681273472 25.166481211897917 2479.9388794671977 71.287866234779358 29.197975221439265 19.024858415941708 10.596120872185564 28.525190310319886 1678.2789777942235 27.216599606443197 104.59078225144185 2100.0215011353139 59.506371307768859 37.014823340927251 387.985467862105 44.844765297602862 376.11514277383685 155.91478993161581 248.37482102180365 100.50154445320368 14.305069008492866 9.0684679565019888 188.21042181062512 2406.8861696061213 280.91606986778788 11.220166958402841 249.47862959024496 275.39848693634849 25.063243907294236 84.825489024748094 91.140242832130753 1348.9440322767477 533.3749928137986 551.79476070590317 230.34531104366761 231.79599884548225 2071.9130674351472 167.48449944576714
leaf_count=4057 9708 77 4778 377 1156 223 171 119 1358 95 179 4472 1821 30 1962 792 868 768 47 1407 1545 91 198 82 70 639 317 377 58 855 319 53 31 73 72 313 63 279 791 1903 71 342 64 2582 130 74 81 79 720 20 148 64 50 63 70 1101 2260 64 105 157 85 83 316 88 3847 159 855 317 65 75 378 2949 208 69 1164 20 67 81 59 19 71 78 78 35 72 7860 64 149 683 79 4155 127 69 73 26 91 2935 84 238 3578 80 116 584 49 599 243 473 156 29 70 379 4332 523 17 431 479 79 193 160 2275 914 820 373 366 3271 306
internal_value=3.3765e-06 0.00468014 0.00206531 -0.00969383 -0.00423083 0.00612226 0.00198492 -0.00891629 0.0026916 -0.0225549 0.00636 0.000423549 -0.0171906 -0.00482529 -0.00984605 -0.0173465 -0.0395756 0.0129385 0.0233256 0.0139476 -0.00207972 -0.0109937 -0.0306427 -0.0816358 0.00841535 -0.00359116 0.00255597 -0.0332585 -0.139984 -0.00360667 -0.0129294 -0.0988948 -0.155458 -0.263114 -0.0235947 -0.0485824 -0.0698118 -0.110837 -0.00801891 0.00132119 0.0158586 0.0393304 -0.0246575 -0.019937 -0.0723693 -0.136288 0.0186234 0.0274467 0.0543734 0.243994 0.0151127 -0.034802 -0.166963 -0.0210354 0.0139574 0.0114379 0.0229719 0.00688455 0.0704403 0.0286993 0.0592631 0.151676 0.0413416 -0.141862 0.00505676 0.046257 0.00536769 0.00334253 0.00768222 0.0105765 -0.0122117 -0.0151382 0.00353382 -0.00576639 0.00482834 -0.0237418 -0.165747 -0.00450575 0.0387229 0.0769047 0.115047 -0.0149822 -0.0788937 0.226744 0.304196 -0.0189058 0.045113 0.0195479 -0.00395834 -0.034667 0.0117906 0.051717 0.017987 0.105302 -0.224244 -0.0636808 -0.00126243 0.00644646 -0.0114007 0.0108441 0.0313754 0.0829772 0.0214227 0.0644408 -0.0173375 -0.042003 -0.0372147 0.0785329 0.127615 0.237794 0.0527072 -0.0210913 -0.0523306 -0.15461 0.0442689 0.0202152 0.0624873 0.00589744 -0.00268151 -0.00513435 0.014018 0.013713 -0.00204268 -0.0220821 -0.0126799 -0.0324024
internal_weight=57620.4 38876.6 33065.4 18743.9 13458.7 24148.8 15808.1 8916.54 7491.88 2500.95 11543.7 6071.83 1892.94 1220.99 4264.41 2735.29 671.946 5471.83 2101.34 1453.56 5763.41 2565.53 847.77 160.112 4178.89 6415.59 3824.52 276.191 33.8788 1558.32 5966.8 65.4348 40.302 21.3546 5285.21 488.337 329.31 132.291 4209.2 1961.5 859.088 375.687 1757.6 1569.95 115.867 48.3324 1728.47 1213.36 379.378 21.5737 833.983 122.771 22.5743 4796.87 8340.73 7126.93 2013.32 5113.61 76.3219 1213.81 261.778 41.3447 220.434 61.304 3197.88 606.843 3548.33 3388.76 2850.76 2672.6 2309.81 2169.24 1529.12 1528.16 960.129 568.033 24.7669 640.973 123.383 89.0457 69.4368 517.59 74.7448 26.6369 17.4924 4493.92 67.1721 5811.2 442.845 175.405 2642.4 162.462 100.486 61.9757 21.2101 187.656 1717.76 3370.49 663.837 2706.65 606.632 96.5212 510.111 122.126 636.621 260.506 493.849 166.567 66.0659 23.3735 208.984 2474.51 302.953 22.0368 647.778 952.027 124.833 5037.29 2058.28 1973.46 624.515 827.193 515.113 284.768 2591.07 519.157
internal_count=99605 66238 56381 33367 23710 41054 26956 15327 13031 4546 19892 10321 3225 2008 7064 4815 1217 9571 3829 2630 9974 4582 1556 349 7096 10781 6565 512 135 2624 10679 187 157 126 9657 1058 745 368 7419 3362 1459 668 3260 2850 268 138 3057 2237 819 99 1418 262 114 8599 14098 12009 3520 8489 169 2089 554 153 401 170 5392 1260 6053 5736 4881 4564 4023 3800 2249 2554 1612 942 87 1223 303 244 197 920 156 126 107 7996 136 9857 764 287 4489 334 196 138 89 410 3026 5742 1164 4578 1000 196 804 220 1080 481 851 326 170 99 448 4451 603 80 1199 1535 236 8320 3542 3349 1074 1299 820 447 4216 945
is_linear=0
shrinkage=0.095553


Tree=8
num_leaves=127
num_cat=0
split_feature=18 21 21 18 18 21 18 21 21 18 14 21 13 17 4 13 18 10 12 3 21 10 5 3 3 14 18 0 19 9 19 0 17 16 19 21 5 4 21 7 17 14 10 21 10 16 10 18 0 21 1 21 1 10 10 19 18 18 17 16 3 5 9 17 4 17 4 3 10 18 13 18 5 12 10 8 18 19 10 18 21 9 12 16 3 21 21 14 10 20 20 17 5 18 3 16 12 18 12 21 10 20 19 18 4 14 9 12 4 17 12 1 10 17 19 21 16 4 10 3 10 4 5 14 21 10
split_gain=229.336 159.641 124.601 104.43 77.0492 69.373 95.4432 53.4035 47.4263 68.5867 54.0444 45.6091 44.5477 43.5091 41.4761 64.4662 40.3497 43.508 39.7118 39.4118 37.9463 37.7886 42.8615 36.3525 34.562 34.4492 34.4303 33.9426 33.5232 39.1967 33.4456 44.7452 45.1111 43.0453 36.0257 33.4374 58.7111 79.43 55.0026 52.9453 49.5121 68.3499 42.9158 32.5602 31.8595 56.9566 55.2169 31.7765 30.9637 30.2711 30.6607 30.1124 51.8835 33.8025 32.0623 38.4861 31.8732 31.1556 30.295 29.839 44.1241 42.9211 44.1749 29.6329 31.5296 29.6154 35.2338 48.2643 29.5244 29.286 28.6354 28.6041 70.4837 28.5118 33.4592 38.308 28.4308 28.164 28.1318 32.1797 41.0222 42.573 27.9756 34.7122 88.6366 36.7057 27.8772 27.5215 27.5156 32.4167 27.4817 27.3318 40.6102 30.3195 28.6638 27.1243 27.029 49.4573 44.2936 33.6778 26.9262 52.5122 26.739 29.3474 35.7382 31.2295 26.7177 27.3144 27.6128 26.5502 26.4732 43.173 26.1104 25.9156 30.4489 31.5378 25.8269 34.3985 28.2435 47.5301 35.1114 46.2949 32.2412 39.6941 46.5164 60.0595
threshold=1.0000000180025095e-35 -0.01075213076546788 0.048565475270152099 -0.096240367740392671 0.13985770940780642 -0.18414206057786939 -0.29062251746654505 0.18545226007699969 0.35496698319911962 0.42243160307407385 0.092069961130619063 -0.091580517590045915 -0.13993303477764127 0.2834028452634812 -0.16428215801715848 -0.31806653738021845 0.29585492610931402 1.2290249466896059 -0.20571183413267133 0.24585780501365664 0.44618900120258337 -0.20679561793804166 1.0000000180025095e-35 0.1945394575595856 0.49797412753105169 0.014800142496824266 -0.21447290480136869 0.34232954680919653 0.90477326512336742 -0.36298632621765131 -0.10754640027880667 0.39914773404598242 -1.0000000180025095e-35 0.010968393646180631 -0.05466064624488353 0.013379053678363563 1.0000000180025095e-35 -0.49001491069793696 0.1274383366107941 -0.1454219967126846 0.47350065410137182 0.35733576118946081 0.051651319488883025 0.2741092741489411 0.034643070772290237 -0.052705878391861909 -0.16551596671342847 0.11253532022237779 0.36505682766437536 0.57362079620361339 0.35653407871723181 0.18871147185564044 -0.11789772659540175 -0.13045069575309751 0.20249937474727633 0.19067786633968356 0.19611540436744693 0.27269172668457037 -0.30019415915012354 0.028595220297575 -0.35627987980842585 -1.0000000180025095e-35 -0.10847900435328482 0.57155185937881481 -0.12514853850007054 0.052243635058403022 -0.38544754683971399 -0.069061897695064531 0.97825676202774059 0.10598503425717355 -0.03316839970648288 -0.18711137771606443 0.37500000000000006 0.31916524469852453 -0.15835549682378766 0.10859011113643648 -0.0396803431212902 -0.14722679555416104 0.026220351457595829 -0.53630343079566944 -0.48591549694538111 0.2887187004089356 0.39586620032787329 0.32365196943283087 -0.47986222803592676 0.092238876968622222 -0.30734016001224512 -0.062469677999615662 0.79190927743911754 0.19267047941684726 -0.3510815948247909 0.40399827063083654 0.37500000000000006 0.13454841822385791 0.47986222803592687 0.024114983156323436 0.051166381686925895 0.17340224981307986 0.093996569514274611 0.15677122026681903 -0.083065483719110475 0.049524733796715743 -0.061374567449092858 -0.04185087047517299 0.01222305651754141 -0.058011801913380616 0.0057630145456641921 -0.18624356389045713 -0.27446910738945002 -0.17600316554307935 0.16962835937738421 -0.20312499999999997 0.27436698973178869 0.48655256628990179 0.2364953085780144 -0.55763766169548024 0.19776070863008502 -0.27446910738945002 -0.16016089171171186 -0.399487555027008 0.31660322844982153 -0.47416162490844721 1.0000000180025095e-35 0.34999513626098638 -0.251933604478836 0.18940615653991702
decision_type=2 2 2 2 2 2 2 2 2 2 2 2 2 2 2 2 2 2 2 2 2 2 2 2 2 2 2 2 2 2 2 2 2 2 2 2 2 2 2 2 2 2 2 2 2 2 2 2 2 2 2 2 2 2 2 2 2 2 2 2 2 2 2 2 2 2 2 2 2 2 2 2 2 2 2 2 2 2 2 2 2 2 2 2 2 2 2 2 2 2 2 2 2 2 2 2 2 2 2 2 2 2 2 2 2 2 2 2 2 2 2 2 2 2 2 2 2 2 2 2 2 2 2 2 2 2
left_child=1 3 69 5 7 6 78 12 16 20 49 23 18 116 15 -15 51 28 109 30 87 22 -9 44 -21 102 -16 71 29 -18 35 34 -33 -34 63 -3 59 39 40 -38 41 42 -39 70 45 -5 -47 -24 65 -11 73 52 53 -6 55 96 58 -55 -53 60 61 -37 -63 64 95 66 67 77 -30 -2 -23 72 -7 74 75 -51 -27 -14 86 -80 -81 -82 83 -68 -85 -86 -1 -10 89 -71 -17 93 -93 94 -72 -32 97 -54 99 -98 101 -69 -26 104 105 -104 -36 108 -108 -4 -31 -112 -73 114 -25 -116 118 -118 119 -8 122 -122 123 -120 125 -125
right_child=2 19 4 11 8 27 13 21 9 10 -12 -13 48 14 26 90 17 -19 -20 24 -22 43 47 113 25 76 -28 -29 68 110 31 32 33 -35 106 36 37 38 -40 -41 -42 -43 -44 -45 -46 46 -48 -49 -50 50 -52 56 54 57 -56 -57 -58 -59 -60 -61 -62 62 -64 -65 -66 -67 82 100 -70 88 91 112 -74 -75 -76 -77 -78 -79 79 80 81 -83 -84 84 85 -87 -88 -89 -90 -91 -92 92 -94 -95 -96 -97 98 -99 -100 -101 -102 -103 103 -105 -106 -107 107 -109 -110 -111 111 -113 -114 -115 115 -117 117 -119 120 -121 121 -123 -124 124 -126 -127
leaf_value=-0.01201621237698295 0.012527289090348613 -0.023576537920814305 -0.083820332680101278 0.03590228730682854 0.065472136883678062 -0.01520992126043999 -0.085086313093828705 -0.032592970912108631 0.0024652120741809735 0.018807176289017936 0.05005247062757541 0.0014228819042567844 -0.086612500456227301 -0.0013835073489616809 -0.014370578979118248 0.036748893670322878 -0.04165423252904276 -0.040838876176737524 -0.027162935072751585 -0.0074599474573309194 -0.034584007686911715 -0.054391883537329155 -0.23000900982690781 0.0087636150299092667 -0.033189775161982432 -0.033015852366283703 0.022376428673304579 -0.031851417161697551 0.20404444837254063 0.041681245720313481 0.091155982522298007 -0.045305046410944905 -0.081955103212405608 -0.31715918451558861 -0.040171977374655235 0.0016770287379443232 -0.11189723437935697 -0.59329191605702458 0.051686930669868875 -0.50245467208864047 -0.082681807478868802 -0.045006785966044169 -0.19441755564843974 -0.046595315461328182 0.02013243590064585 0.31391203236072468 0.090624684770251332 -0.076199711394283484 -0.014952902790028871 0.17008669436551427 -0.070813247690434719 -0.048361924249645354 -0.003801491245339266 0.015237526993983185 -0.011789454006081241 0.043884767500853024 0.010288059699282221 0.11218682509255357 -0.0031353301682772949 -0.086637298644302821 -0.0018320549362546242 -0.056373954817630113 -0.34875713558049976 -0.044223504884350902 -0.016324582009903985 0.012674403574733227 -0.012176644196217428 0.22621970376776027 0.047795751180593371 0.02782308952174924 -0.013732557596053055 -0.0094176508898457263 -0.081836277103631574 -0.018084655716631721 0.0050593547921435949 0.013325737487763176 0.082994075994530778 -3.4302873386735612e-05 -0.013908285719889394 0.018655600871934117 -0.012907447474013558 0.023352889602107185 0.036036029852749632 -0.28171591022130688 0.014119254074912648 -0.1249344320270897 -0.046420967892917019 -0.024753530587341466 0.0010903548748206079 0.096367123534592203 -0.072858598499087129 0.029334472572182968 -0.049001071493894349 -0.088242611675610996 0.088709724160527942 0.016037381885694854 -0.03985890178348242 0.031101495085250678 0.021868324034830796 -0.17467667466356471 0.021668477211683565 0.049661406520864745 -0.36019460783281432 -0.042587544700494917 -0.073856833010892131 -0.11784968243197333 0.083083813595366096 -0.020177632448428101 -0.044176704251350916 0.016812142962036529 0.050435208521169693 -0.030023785149352885 0.013422281684241205 0.049548714678868906 0.027077235707658302 -0.063742366067512726 0.025709634236628361 -0.050706586273836819 0.032809984966379914 0.024823430839294822 -0.11283230071801507 0.011976746006296191 0.020653881215622186 0.26452839218708818 0.053602597718853041 0.075298824699511518
leaf_weight=623.22706201986875 6167.0663889154093 342.32747327280231 23.937835904303938 282.06894057046156 255.59046227904037 2174.0927520551486 56.594386278302409 288.31629195914138 1090.8797072375892 831.90071017853916 270.2270289399894 3647.6159712760709 38.961336213047616 712.35613530396949 321.62610262748785 21.559496968868189 66.498568848706782 78.501044191769324 955.64978285972029 2077.1234435399529 577.41380615334492 100.83700918441173 16.830452807829715 930.86044229147956 167.13800279935822 43.601697289384902 819.49756468378473 844.06951937824488 18.080704085412435 770.08297108882107 52.29052487690933 110.18190155783668 18.61548927042168 11.58455262321513 719.13301972846966 13.630426168441771 6.0634513412369415 5.4053726649144682 18.604323139996268 7.3205779559211788 66.29056977678556 8.3788733631372434 5.7921843299409375 219.12625045340974 836.25129894691054 12.066133485757744 52.477149499347433 45.753880327451043 756.20558128447738 24.213483180850744 59.326397747034207 145.8329194401158 789.18008900235873 434.86175706528593 553.80231102288235 330.30235578166321 2192.9544296942186 31.088538941810839 1667.340876900591 91.580886417534202 176.43123964546248 9.2760251249419508 9.7436790759675223 115.78929850051645 249.187205738388 2493.2621619732818 988.16442890604958 18.012008250574581 28.513114415924065 1717.6437455081614 484.51116757991258 3178.0988082381664 154.26288539089728 519.14841282519046 608.13491386140231 33.252520031528547 32.047032825066708 222.90399945841637 2608.3736648905324 829.18250492948573 1681.2917795949616 356.27840494131669 95.435442972695455 14.534356028190812 50.64146326831542 24.036135483649559 331.38694848003797 488.57783173874486 353.45100854872726 64.577724391012453 191.56422475713771 366.86792184680235 70.214256897917949 46.284076877171174 24.532832323340699 249.40636134054512 74.298753969487734 692.73123713897076 88.054687457275577 21.14599439909216 189.22891980456188 81.784620112273842 10.219841750687921 47.772508084774017 27.144401135854423 10.749387475894762 48.295479967491701 474.96480744227301 20.684285325580277 340.18889492261223 107.16980784514453 136.09918698633555 530.54040838766377 114.88393908028957 47.893971752375364 112.62066851102281 105.69849181943573 105.57076690299436 366.94271826068871 91.61958724365104 26.946009834297001 493.5786157817347 676.38570329884533 25.693879603873938 135.62889325618744 38.624348216922954
leaf_count=1091 10133 568 60 494 524 3871 127 482 1666 1364 523 5823 82 1150 520 68 133 130 1674 3633 1056 201 76 1464 274 101 1307 1429 73 1309 140 189 46 69 1464 15 17 64 47 73 152 13 22 381 1429 76 130 99 1233 89 119 270 1339 687 902 641 3697 80 2685 206 277 22 75 181 433 3950 1667 78 53 3126 805 5356 326 810 1040 53 68 369 4745 1408 2835 560 177 79 70 68 673 888 541 140 381 577 133 102 69 364 127 1115 180 72 262 140 66 66 53 27 95 819 39 569 197 212 861 189 65 204 192 203 675 154 71 757 1248 121 259 71
internal_value=1.70874e-05 -0.00603675 0.00597735 -0.00267471 0.00204754 -0.0064141 -0.00156656 -0.00535302 0.00658563 -0.00132914 0.00996105 0.00815728 -0.0013206 0.00964774 -0.000195445 -0.0152382 0.0107935 0.0269961 -0.0169211 -0.0211078 -0.0136339 -0.0205747 -0.0484191 0.0184185 -0.0121087 -0.0403746 0.0119606 -0.0138879 0.0318219 0.0283108 -0.0287702 -0.0224226 -0.0743355 -0.176116 -0.0185886 -0.0459513 -0.064117 -0.121201 -0.0918361 -0.33343 -0.123952 -0.254974 -0.404667 -0.0130764 0.0303262 0.0547178 0.135079 -0.119545 0.00281295 0.00470244 -0.00469922 0.00810184 0.014905 0.0375201 0.00847794 0.0141299 0.00253336 0.0220466 -0.0068208 -0.0414058 -0.0211049 -0.120559 -0.211883 -0.000557117 0.00862002 0.00601416 -0.00359058 0.016271 0.110205 0.0158828 -0.00627881 -0.0113653 -0.0196724 -0.00129398 0.0117405 0.0805227 0.0154529 -0.0132066 -0.00888178 -0.00623057 0.000740319 -0.00653064 -0.0129736 -0.0174019 -0.0740678 -0.031145 -0.0240238 -0.0059362 0.0255459 0.0303769 -0.0611704 -0.00128796 0.0165026 -0.0153772 -0.00852274 0.029401 0.00818271 0.012486 -0.0261747 -0.0711096 0.0431652 0.0831955 -0.0567501 -0.0969472 -0.149446 -0.242013 -0.0280664 -0.0119663 0.0433739 0.00977625 0.033 0.00535219 -0.00613428 0.00669987 0.00209739 -0.03607 0.0192516 -0.0121979 0.0227648 -0.0169128 0.0261421 0.00521513 0.0348667 0.0517147 0.0860137 0.152752
internal_weight=58028.4 28784.2 29244.2 23537.4 20941.4 17500.7 10619.6 7956.22 12985.2 4503.07 2346.2 6036.74 6292.95 4189.89 2066.6 925.48 8482.13 1204.95 1319.78 5246.77 2156.87 1663.27 350.901 2389.12 2415.8 338.673 1141.12 6881.06 1126.44 1079.85 2830.98 2070.13 140.382 30.2 1929.75 760.845 418.518 117.855 104.471 13.384 85.867 19.5764 11.1976 1312.37 1182.86 346.612 64.5433 62.5843 4973.17 2075.98 1244.08 7277.18 3271.06 721.541 2549.52 1995.71 4006.13 465.95 1813.17 300.662 209.081 32.6501 19.0197 666.673 550.884 4216.96 1723.7 550.891 46.5938 8302.74 1093.25 6036.99 2328.36 1184.75 665.601 57.466 75.6487 261.865 6429.74 5475.13 2866.75 2037.57 1172.81 1077.38 89.212 74.6776 954.614 1579.46 2135.67 1782.22 213.124 992.41 437.082 555.328 509.044 301.697 1665.41 1481.91 183.499 95.4447 289.026 99.7966 263.024 95.8861 48.1136 20.9692 1263.08 543.945 68.9798 364.127 1013.35 243.269 3708.64 1206.26 1091.38 160.515 2123.28 211.269 1912.01 148.214 1763.8 520.525 1243.28 566.89 199.947 64.3182
internal_count=99388 50011 49377 40333 35437 30459 18616 13403 22034 7608 3998 9874 10478 7304 3426 1599 14426 2107 2303 9678 3610 2925 657 4051 4288 655 1827 11843 1977 1851 5390 3839 304 115 3535 1551 983 388 298 90 251 99 86 2268 2129 700 206 175 8175 3475 2111 12319 5667 1291 4376 3474 6652 767 2955 595 389 112 97 1118 937 6942 2992 931 126 13940 1887 10414 4197 1992 1182 142 169 451 11312 9548 4803 3395 2061 1884 217 138 1764 2554 3807 3266 449 1686 710 976 874 504 2833 2454 379 199 480 218 486 212 146 93 2417 953 134 629 1718 409 6217 1922 1733 269 3878 395 3483 281 3202 828 2374 1126 451 192
is_linear=0
shrinkage=0.095553


Tree=9
num_leaves=127
num_cat=0
split_feature=18 21 18 21 18 21 18 21 21 12 21 18 14 0 11 12 12 18 18 12 0 8 18 15 16 18 18 3 19 9 14 10 12 18 3 12 21 0 10 11 8 10 0 18 18 15 18 18 10 21 11 19 20 9 10 11 3 10 15 20 21 10 0 12 14 3 12 3 11 19 18 21 0 18 11 10 11 12 21 18 20 5 0 16 5 18 12 21 18 3 13 12 21 18 11 15 21 9 20 12 11 19 16 10 10 0 14 21 18 3 5 12 12 10 16 21 12 10 0 15 16 10 13 18 21 11
split_gain=181.529 94.4843 88.6363 84.6684 75.1309 70.8169 55.1836 42.4906 42.3835 42.1576 39.8627 55.8015 44.6085 37.2697 36.6577 33.0795 60.3142 36.0931 46.1255 44.8522 71.4689 47.5592 40.8975 88.9215 50.7015 33.0706 32.4361 31.7658 71.3204 141.504 275.204 187.566 33.166 30.3576 29.9802 28.8061 28.2967 69.6624 37.6703 59.1484 57.5964 35.0241 28.2241 53.7789 41.8266 64.7167 37.5933 36.44 78.4772 109.486 182.601 32.839 41.4619 31.7916 30.455 28.9457 28.3344 27.4544 27.0501 32.6318 26.3326 37.1716 26.3213 61.6255 49.0195 45.7729 33.0741 40.0406 30.6985 30.3235 30.2002 28.2283 34.1403 32.6735 28.0857 27.3718 72.0967 27.0216 26.2313 34.2974 26.9068 32.6098 25.835 44.2412 33.9906 40.4543 45.1525 47.7885 40.2043 46.2128 33.8165 27.5187 27.0759 26.7154 25.4764 25.517 25.2654 25.0832 24.9472 24.856 24.8465 25.0415 24.717 43.0197 24.7059 24.6199 24.3346 24.2803 54.0216 36.5469 29.838 57.4393 31.2774 29.1094 28.5652 27.879 36.4979 45.1256 25.896 41.1688 118.393 89.7393 25.8614 23.968 23.9571 23.8458
threshold=-0.021325975656509396 -0.053121849894523614 -0.18711137771606443 -0.012707656715065239 0.055483173578977592 0.10527571663260461 0.17105530947446826 -0.078859824687242494 -0.24020045250654218 0.34567753970623022 0.34319798648357397 0.42243160307407385 0.078696340322494521 -0.098011363297700868 0.50783318281173717 0.017547169700264934 -0.16658090054988858 -1.0000000180025095e-35 0.02152569126337767 -0.15528301894664762 -0.29119317233562464 -0.14184614270925519 0.011439860332757236 -0.040698925033211701 0.11671760305762292 -0.067185379564762102 -0.054252579808235162 0.46541532874107366 0.18187437206506732 0.0763886794447899 0.59283784031867992 0.73004019260406505 1.2009319663047793 0.29585492610931402 -0.44795000553131098 0.51698684692382824 0.07484121993184091 0.23437500000000003 -0.24949025362730023 0.12308412790298463 -0.10452034696936606 0.051651319488883025 -0.10085227340459822 -0.063414389267563806 -0.99757909774780262 0.03380184434354306 -0.0995199680328369 -0.29062251746654505 0.18494497239589694 0.015647463500499729 0.29047197103500372 -0.14999118447303769 -0.0017909078742377458 0.27037966251373297 -0.20679561793804166 0.0066382568329572686 0.49484245479106909 -0.13639734685420987 -0.21581413596868512 0.079801581799983992 0.23955512791872027 0.22582113742828372 0.041193181648850448 0.021926815621554855 -0.03870920650660991 0.40927968919277197 0.27799314260482794 0.49308374524116522 0.33364200592041021 0.43389350175857549 0.19778967648744586 0.24869069457054141 0.34801135957241064 0.23687382787466052 0.27159899473190313 -0.13045069575309751 0.061655681580305106 -0.083316180855035768 0.017928909510374073 -1.0000000180025095e-35 0.061988044530153281 1.0000000180025095e-35 -0.2201704531908035 0.36929303407669073 0.37500000000000006 0.27269172668457037 0.34973700344562536 -0.16855326294898984 0.13895370811223987 0.28738254308700567 -0.49705778062343592 0.10020583122968675 -0.091580517590045915 0.19778967648744586 -0.056527221575379365 -0.22503072768449781 0.0948462449014187 -0.11969593539834021 0.068699739873409285 -0.07735849171876906 -0.14119699597358701 -0.071787007153034196 0.12641841173172 0.088691044598817839 -0.12447212263941763 0.41619317233562475 0.13516274839639666 -0.30734016001224512 -0.36954462528228754 0.47986222803592687 0.37500000000000006 -0.083316180855035768 -0.043287592008709901 0.0289442352950573 -0.083469584584236131 -0.48591549694538111 -0.0076901083812117568 0.26866638660430914 0.34232954680919653 -0.03839477710425853 0.11431784555315973 1.0000000180025095e-35 -0.30332900583744044 0.27008198201656347 0.57362079620361339 0.19121120870113376
decision_type=2 2 2 2 2 2 2 2 2 2 2 2 2 2 2 2 2 2 2 2 2 2 2 2 2 2 2 2 2 2 2 2 2 2 2 2 2 2 2 2 2 2 2 2 2 2 2 2 2 2 2 2 2 2 2 2 2 2 2 2 2 2 2 2 2 2 2 2 2 2 2 2 2 2 2 2 2 2 2 2 2 2 2 2 2 2 2 2 2 2 2 2 2 2 2 2 2 2 2 2 2 2 2 2 2 2 2 2 2 2 2 2 2 2 2 2 2 2 2 2 2 2 2 2 2 2
left_child=1 2 7 82 9 57 14 107 -4 13 33 27 124 15 60 16 -5 -18 22 20 -20 -22 -19 -24 -25 -10 42 32 -29 30 31 -30 -12 62 -16 -27 41 97 39 -39 -41 78 43 44 45 -3 -44 48 49 -46 -51 52 55 54 -54 -49 -53 -6 -28 -60 94 -62 63 65 70 77 67 68 123 -67 -64 -72 -73 -74 -71 76 -66 102 79 -15 81 -80 84 92 85 91 87 -87 89 -86 -91 93 -84 -2 -7 -96 -58 -38 -43 -79 -61 -102 103 -8 -56 -59 -82 108 -1 110 -109 114 -113 118 -112 116 117 -110 119 -114 121 -121 -118 -65 -13 -85
right_child=3 26 8 4 5 6 10 -9 25 -11 11 12 -14 36 34 -17 17 18 19 -21 21 -23 23 24 -26 35 58 28 29 -31 -32 -33 -34 -35 -36 -37 37 38 -40 40 -42 98 46 -45 47 -47 -48 51 -50 50 -52 56 53 -55 104 -57 96 105 59 100 61 -63 64 66 75 69 -68 -69 -70 74 71 72 73 -75 -76 -77 -78 99 80 -81 106 -83 83 125 88 86 -88 -89 -90 90 -92 -93 -94 -95 95 -97 -98 -99 -100 -101 101 -103 -104 -105 -106 -107 -108 109 115 -111 111 112 113 -115 -116 -117 122 -119 -120 120 -122 -123 -124 -125 -126 -127
leaf_value=-0.0089905103353913711 0.011550575514617065 0.21109946003625024 0.020850664146098145 -0.0088763356710278175 0.027908056905544314 -0.022142450515165196 0.04444752554372032 -0.044655221180209523 -0.0015921352323218505 -0.056464810138457742 -0.0056118670882709405 0.017170073456483803 0.043031602901880288 -0.016089129739289297 -0.15711310681902513 0.021844029510950751 0.0089863088932147853 -0.053653499957220921 -0.024557600052090761 -0.029006187845311428 -0.10946465904147491 -0.43712628762654293 -0.10200608308716211 -0.18471441857601098 -0.60385822729911409 0.011511124104888885 0.016080329794573189 -0.012558262753367707 -1.4300590822707524 -0.059747776921378629 -0.0082061403270024171 -0.23481310581437573 -0.076939377406414447 0.026615608971029697 -0.034334584651386682 0.091657726685886981 0.091004612510461394 -0.01380550477075815 -0.033963951691636372 -0.086305568754733095 -0.40841421715014126 -0.088418693897590814 -0.044356264007381338 -0.094517260707284195 -0.058265407676909478 -0.0026151046456282345 -0.01662859165074651 -0.062275659197153131 -0.02791955998231254 -0.84198984263114907 -0.033522355965620025 0.0016470756478686888 0.067784741728802042 0.080393803573848302 -0.12342509416052838 -0.1969733801905566 -0.019200113233922053 0.010053487976330825 -0.0056272545089829607 -0.013217046750185424 -0.023695225736138158 0.024583497459603081 -0.0082603882297509427 -0.0056030476676924975 0.26920705260551608 0.026546280448379318 0.021408489649859377 -0.15619459222619833 -0.08564288690101679 0.20220113721832958 0.041605495767995403 -0.0087162483205734508 0.016967894634594777 0.10457266050093106 0.030291708176750053 0.030341632860043943 0.048390976868349443 -0.11181054907501545 0.0087349262946430084 0.040950112963798822 -0.019756332913529118 0.071045593676252433 0.039577762246797023 0.029558119630126615 0.021473165247435602 -0.254237525552238 0.021061029447033773 -0.048712143536621053 0.01637014212280697 -0.014098421491971425 -0.10055536151668942 0.049102588515580428 0.018550060045672716 0.099171693144792628 0.082303729758732194 0.0007067294764659855 -0.10035442211566944 0.0036235696050656296 -0.0075899305575555477 -0.018536832843179446 -0.029493208783651661 -0.089705422126358667 -0.017967726103584429 -0.013427851149515739 -0.027315434073929903 0.06457872947837473 0.017977195815147486 -0.012234522404189005 -0.21936092711711769 0.0090332083618706368 -0.075836167429068457 0.035244718004026107 -0.023090147648758743 -0.016874540810240292 -0.20702145319799922 0.005493782338993722 0.038909711891470203 0.033986173012920749 0.021569032142285244 -0.60744218963445218 -0.057302375856010272 -0.15135745147133076 0.14188460350783527 -0.063248575457936218 -0.0038757267660207268 -0.029619597188660376
leaf_weight=4384.5195210090606 1961.2421489339322 18.455740814213641 1300.2399120862829 1292.3409994543763 1140.075959387701 464.6926139552379 269.83548598049674 280.37535653880332 5428.4144565076567 154.93978245998733 1827.3493554303423 820.85607544344384 316.61934512841981 122.78938500524964 21.282361871912144 186.3731846465962 85.918940786272287 50.571446166024543 22.77833799214568 316.22251804615371 8.3632065256824735 8.4120974200777692 37.02190203149803 6.0241265820804966 5.5573514419374987 1740.0147599141346 379.46354256395716 138.20130659407005 2.5669695690739882 41.312018405064009 6.0428950488567352 2.3287635144079104 59.962337706587277 1038.5989870501217 102.82031978934538 40.396756759029813 30.340738485800102 20.243912582634948 347.33353641815484 10.98497611936182 9.4809339703060669 55.638182696304284 840.30928820034023 71.572463736287318 19.239553168998103 35.289178019855171 968.18149055971298 60.808763607405126 231.42374350212049 4.6352796274004486 4.9360188841819763 1454.2261363379657 24.673117807134986 25.585396824288182 27.176212491118349 18.918782700668089 204.71496999287046 4001.366418153164 2286.0591422036523 350.73432132659946 1024.2205546332989 167.17587417084724 674.22627178451512 290.34475828066934 15.414716848288661 529.3624649719568 107.69716927339323 22.9104328508256 74.763300901744515 17.19992273778189 312.69962415704504 434.79742508346681 167.27980393101461 49.719668320263736 17.278613686561584 478.52532220073044 77.163269642391242 29.223261500941589 689.86729725042824 410.21944022644311 567.49937417020556 84.959972339798696 919.46274247136898 85.405772362020798 74.71311535872519 13.869816907215862 44.542712584137917 35.818677917937748 205.62305455550086 68.171717404853553 107.06033516942989 213.02842552226502 1464.1718499363633 30.718193518463522 33.324121732497588 4196.3083839842584 41.49585641163867 489.33218287979253 91.813512288732454 183.54100550047588 175.31384160392918 100.57748412212823 240.8902700280305 203.19919205887709 177.96460115234368 75.747173794778064 212.13628433062695 3236.153945847298 10.012813918991016 619.56798902829178 69.069038503803313 70.294482846860774 47.282670058077201 320.7798057293985 19.402428078465164 1591.1590624244418 229.51022484584246 13.951939216582103 21.115951427607797 6.8857760322280255 42.365453946287744 9.4049564036540669 23.714898649253882 84.269159135525115 1228.155683591147 211.00678934506141
leaf_count=7672 3162 71 2238 2050 2107 761 486 519 8946 267 2933 1324 592 195 67 304 105 77 34 514 20 66 85 22 63 2739 677 197 77 89 7 11 117 1761 223 87 79 37 632 24 72 113 1668 160 36 60 1574 114 451 78 6 2593 59 51 70 72 384 6535 3717 567 1756 269 1029 432 79 912 210 81 151 63 530 664 241 116 21 752 176 72 1010 739 937 160 1603 135 104 66 67 72 303 95 245 367 2619 69 99 6843 93 795 134 300 281 205 361 308 256 142 320 5766 42 1021 135 105 80 520 80 2563 391 50 57 76 88 29 68 165 2075 311
internal_value=-9.59387e-05 -0.00585184 -0.00234052 0.00480349 0.00255819 0.0051296 0.00193397 -0.00800811 0.00497779 -0.00758233 0.00637031 -0.000298602 0.00972142 -0.00609641 -0.00526444 -0.0162201 -0.0201352 -0.0469039 -0.0576532 -0.0413145 -0.135591 -0.280932 -0.115148 -0.17761 -0.4 0.00210651 -0.0149499 -0.011731 -0.0488088 -0.142665 -0.434925 -0.928227 -0.00794555 0.0119506 -0.0563422 0.0134042 0.000396701 -0.0137993 -0.0443933 -0.130191 -0.242369 0.00618954 -0.0204926 -0.0137074 -0.0111873 0.0708169 -0.0295448 -0.0131605 -0.0467703 -0.192066 -0.444781 -0.00882303 -0.0361075 -0.0171075 -0.0284865 -0.09582 -0.00340045 0.0147797 -0.00781445 -0.0109489 -0.00417044 -0.0168499 0.00837768 0.000613803 0.015628 0.0109132 -0.0257519 -0.0366936 -0.0302012 0.0323542 0.00719106 0.0180382 0.00663515 0.0374859 0.117629 0.0397175 0.0871915 -0.00208989 0.00939062 0.0276637 0.00308414 0.0156999 0.0156611 0.0223521 0.00913383 0.0138664 -0.0467746 -0.108931 -0.0146188 -0.0403559 -0.0671734 0.0165064 0.0266877 0.0129775 -0.000939513 0.00138411 -0.033284 0.00896512 -0.0384947 -0.0319012 -0.0302576 -0.05172 0.00675024 0.0194711 -0.0407206 0.0110941 -0.00939971 -0.00704118 -0.00318831 -0.0124281 -0.0159049 -0.0353708 -0.0230802 -0.0324151 -0.106072 0.0103999 0.038311 -0.0702936 -0.0710104 -0.090388 -0.143428 -0.355849 0.0491538 -0.0188331 0.00453693 -0.0122675
internal_weight=58767.7 27026.4 19504.6 31741.3 26306.5 20989.3 15772.2 10995.6 8509.07 5317.16 9762.33 4443.39 2365.63 5162.22 6009.82 2019.58 1833.21 540.87 454.951 355.776 39.5536 16.7753 99.1748 48.6034 11.5815 7208.83 7521.75 2077.76 190.452 52.2506 10.9386 4.89573 1887.31 5318.94 124.103 1780.41 3142.64 907.716 388.043 40.7098 20.4659 2234.92 4229.61 2421.12 2349.54 53.7449 1808.49 2295.8 260.235 28.8109 9.5713 2035.56 335.127 255.399 229.814 79.7275 1700.44 5217.19 3292.15 2912.68 5885.72 1191.4 4280.34 2070.52 2209.83 1490.53 579.985 472.288 449.377 563.841 1638.72 964.497 651.797 216.999 34.4785 571.103 92.578 926.689 2087.47 533.009 1554.46 774.827 5434.84 2680.05 2754.79 2299.22 94.2312 49.6885 455.568 249.945 175.232 2204.99 2383.63 1991.96 4694.33 4229.63 246.211 519.673 147.452 212.764 626.626 275.891 713.925 473.035 205.141 4077.11 779.636 10715.2 6252.87 4462.32 3842.75 606.601 518.129 447.835 88.4715 1868.35 277.19 23.9648 127.055 105.939 58.6562 16.2907 253.225 374.614 2049.01 296.413
internal_count=99721 46515 33272 53206 43988 35134 26350 19262 14010 8854 16332 7422 3991 8587 10018 3340 3036 986 881 634 120 86 247 170 85 11772 13243 3431 381 184 95 88 3050 8910 290 2826 5247 1639 765 133 96 3608 7796 4554 4394 131 3242 4263 571 120 84 3692 622 436 385 186 3070 8784 5447 4770 9728 2025 7149 3562 3587 2523 1039 829 748 996 2580 1551 1021 357 84 1007 255 1527 3361 934 2427 1170 9218 4668 4550 3803 205 138 747 444 340 3598 4222 3231 7703 6942 477 874 247 372 1053 486 1155 794 326 6677 1257 18743 10786 7957 6936 1170 955 850 215 3114 551 92 330 273 193 105 459 597 3399 446
is_linear=0
shrinkage=0.095553


Tree=10
num_leaves=127
num_cat=0
split_feature=11 11 19 21 11 15 14 19 10 17 19 9 10 21 11 13 4 17 20 21 17 21 19 5 13 12 4 15 1 17 9 9 19 19 10 19 14 10 19 12 17 17 13 1 17 19 10 12 10 17 11 17 8 21 15 17 10 1 4 9 12 17 1 15 20 10 17 17 5 9 10 10 19 9 15 17 12 0 9 12 4 17 5 1 21 11 19 10 9 17 15 1 0 9 13 19 19 21 21 21 9 20 12 20 11 0 1 19 20 11 21 1 1 10 15 15 13 21 19 4 19 12 0 12 21 11
split_gain=17.1354 31.2067 25.9489 24.1168 22.3057 32.0053 28.7912 21.5833 26.4222 22.812 30.1236 21.626 21.3075 30.457 37.9634 86.0358 24.026 42.2846 36.4554 31.3879 27.9486 39.132 23.954 23.7397 23.0073 28.9005 21.9575 27.6987 24.5592 33.884 21.896 19.6808 19.5975 64.2368 19.5211 55.5261 58.051 44.8782 31.577 35.8072 27.1552 62.866 39.8836 36.4157 26.7937 30.1676 27.2891 24.0739 20.1735 18.4846 18.3594 18.5744 18.0423 17.7672 17.2894 19.2937 41.1226 43.7086 18.4705 22.4723 17.5282 21.6169 25.106 21.5783 19.1706 17.0853 34.1403 23.3244 43.5784 26.9444 21.1273 34.4697 30.4672 27.1181 23.5542 21.0278 62.8661 36.2107 28.1248 20.6687 18.8997 27.3663 25.2621 17.7195 17.6245 16.9969 16.8647 30.9825 16.6684 19.9854 22.902 16.5993 42.5374 16.3755 21.6727 23.3841 16.3142 16.0889 15.9417 15.886 19.8961 18.5836 46.5794 29.0796 52.4412 28.1652 25.3923 24.1796 21.6747 20.7116 17.4045 16.8189 23.9347 30.4835 38.5252 16.6769 15.5375 15.4085 15.1473 15.0847 15.0812 16.1985 16.1893 35.0899 28.9806 37.178
threshold=-0.092292886227369295 -0.32647790014743799 -0.2850061953067779 0.017928909510374073 0.33364200592041021 0.49616743624210363 0.76223704218864452 0.40130960941314703 0.0048360608052462348 -0.21915000677108762 1.1094259619712832 0.34369966387748724 0.27436698973178869 0.70145350694656383 0.44561402499675756 0.11800288408994676 0.24534405022859576 0.4950381219387055 -0.47421868145465845 -0.045254118740558617 0.40845750272274023 0.2741092741489411 -0.026889803819358345 -1.0000000180025095e-35 0.2094443961977959 0.43986850976943975 -0.471088096499443 0.32288017868995672 -0.0071022729389369479 -0.18049762398004529 -0.044852314516901963 0.5297532081604005 0.23246346414089206 0.66105756163597118 -0.15443726629018781 0.053977342322468765 0.099499750882387175 -0.18829546123743054 -0.11169658973813056 -0.070691823959350572 0.28804257512092596 0.17391773313283923 -0.42770248651504511 0.13778409361839297 0.40399827063083654 -0.22805814445018766 -0.20000332593917844 0.08575186133384706 -0.20884062349796292 -0.35107149183750147 -0.76106908917427052 0.56623038649559032 -0.33714155852794642 -0.012707656715065239 0.60062211751937877 -0.059793973341584199 0.063296455889940276 -0.27130682766437525 -0.25349488109350199 -0.044852314516901963 0.12389937043190004 -0.24460664391517636 0.06960227340459825 0.39478494226932531 0.20560259371995929 0.22582113742828372 -0.22220624238252637 -0.17600316554307935 -1.0000000180025095e-35 -0.38350443542003626 0.63611635565757763 0.97825676202774059 -1.0000000180025095e-35 0.64824029803276073 -0.17051459103822705 -0.30019415915012354 0.48937678337097174 0.31392045319080358 -0.051436092704534524 0.5582847297191621 0.23822072893381122 -0.14871278405189511 -1.0000000180025095e-35 -0.27130682766437525 -0.20500099658966062 -0.40661865472793574 0.0089619513601064699 0.1648802384734154 -0.66683775186538685 -0.21915000677108762 -0.12595238536596295 -0.072443179786205278 0.19460227340459826 -0.87197420001029957 -0.50995877385139454 0.63647219538688671 0.90477326512336742 0.017928909510374073 -0.19196415692567823 -0.57622820138931263 -0.079390194267034517 -0.13652861863374707 0.23477987945079806 -0.084243051707744585 -0.40661865472793574 -0.20880681276321408 -0.30539773404598231 -0.040019819512963288 -0.082238689064979539 -0.41615712642669672 -0.38816855847835535 -0.075284089893102632 -0.25426135957241053 0.066292144358158125 -0.25191244482994074 0.25576804578304296 -0.57194292545318592 -0.0811510495841503 -0.29441663622856135 -0.26055346429347986 0.46576604247093206 0.26368781924247747 0.029829545877873901 0.43036021292209631 -0.33209386467933649 -0.4387098997831344
decision_type=2 2 2 2 2 2 2 2 2 2 2 2 2 2 2 2 2 2 2 2 2 2 2 2 2 2 2 2 2 2 2 2 2 2 2 2 2 2 2 2 2 2 2 2 2 2 2 2 2 2 2 2 2 2 2 2 2 2 2 2 2 2 2 2 2 2 2 2 2 2 2 2 2 2 2 2 2 2 2 2 2 2 2 2 2 2 2 2 2 2 2 2 2 2 2 2 2 2 2 2 2 2 2 2 2 2 2 2 2 2 2 2 2 2 2 2 2 2 2 2 2 2 2 2 2 2
left_child=1 50 3 -2 5 6 88 52 -9 98 -11 -12 13 16 -15 -16 20 18 19 -18 24 -22 -19 -20 25 86 27 -26 29 49 -24 54 97 -34 35 36 40 -37 44 48 41 43 -43 -3 45 46 -38 -41 -40 -29 -1 65 -7 -39 60 56 57 -56 59 -58 61 62 -28 -62 -65 66 91 68 119 -70 72 80 74 75 -67 76 78 79 84 -78 120 -82 -83 -81 -74 -84 -6 -88 89 -4 -91 92 -52 -77 95 -95 -59 -30 -10 100 -69 102 111 104 110 107 109 -105 -107 -104 -103 112 -101 114 -114 -110 -71 -53 -36 -68 121 -72 123 -122 125 -125
right_child=2 34 4 -5 12 7 -8 8 9 10 11 -13 -14 14 15 -17 17 22 23 -21 21 -23 30 -25 26 -27 31 28 32 -31 -32 -33 33 -35 118 37 38 53 39 47 -42 42 -44 -45 -46 -47 -48 -49 -50 -51 51 117 -54 -55 55 -57 58 96 -60 -61 63 -63 -64 64 -66 70 67 99 69 116 71 -73 73 -75 -76 93 77 -79 -80 83 81 82 85 -85 -86 -87 87 -89 -90 90 -92 -93 -94 94 -96 -97 -98 -99 -100 101 -102 103 106 105 -106 108 -108 -109 115 -111 -112 -113 113 -115 -116 -117 -118 -119 -120 -121 122 -123 -124 124 -126 -127
leaf_value=-0.0076652525062558385 -0.020909307152218715 -0.061258085531004827 -0.0004102856365899596 -0.1415549811216234 0.023946001588232627 0.10577161338911639 0.086899817389885517 -0.084138381928880152 0.051641794936648555 0.010230936528758573 0.17315947791028186 0.043531620470294102 0.004327313237894764 -0.027705349034101698 0.016086374696014125 -0.37767204473435145 -0.042527044390947295 -0.036037315515263638 0.011066341586487598 -0.1874568192589007 0.028776612515754686 -0.041672238319066648 -0.079596515865009723 -0.027819723598110482 -0.084270932567039145 -0.026458959613230984 0.0093141074876122391 -0.019217474943097002 0.094843231860221228 0.014228748876384197 -0.23464202144273988 0.02583460978335668 0.25859587808605566 -0.0044037000629456565 -0.03539469145633363 0.16884235974320691 -0.13363879635765172 0.053869056614627112 0.062893917900292307 -0.18537796519329719 -0.022303529154609231 -0.099356949099422984 -0.35147179793009264 0.046060223486925705 0.034342981270753623 0.0075762612255067113 -0.022668818637999355 -0.05399944666446202 -0.026276295330358617 -0.14983044234451343 0.212022804851177 -0.0076590455207293656 0.023455113038685905 -0.048015013499618751 -0.2565583049690085 -0.016038023782545843 -0.0071021533025875348 -0.10617530494135234 -0.0066213120635743861 -0.16202375814945719 0.083237636754931593 -0.018965316948591559 -0.14836558519648377 -0.011319652694951452 0.042822533081461084 0.042778962433405079 -0.026714962442175888 0.012712304585925619 -0.026296150862126607 -0.080618263883698846 0.079841871987326549 -0.0099660155274420067 -0.04034482864054878 0.067567043713124164 -0.0057939372779662653 -0.041096078336701293 0.014429986457010279 -0.045155887154065925 -0.16991543025630826 0.042019461253105725 -0.064875067706543332 -0.0064055988947084325 0.15727994067681708 0.18209325185642219 -0.12892040014980852 0.02446848889376603 0.16669936995513843 0.0065254056342566261 0.0017431485250758718 -0.020863313719279158 -0.13896834350214321 0.025288878866266563 0.04586453182373966 0.0075220953851664772 -0.011801670486451688 0.093012415822485761 -0.0027636063385928517 0.010243706854945491 -0.024298037394367231 0.0081046692052666059 0.070127823715994436 0.22904095057031146 0.035315427477420606 0.15463239187454283 0.025266650113208763 -0.06690471703644732 0.10499058740560334 0.031922128475959682 0.0053144266347242295 -0.058999918220140203 0.081802159634506932 -0.018780243028199414 -0.059214047534647686 -0.019373410125678808 -0.26831383598519698 0.070059018073272944 -0.23541877768787828 -0.07865852091235849 -0.0032336556724340089 0.072581675938661092 0.023655664652222359 0.0035282438648002973 0.026356200680549627 0.33143673503061793 0.073701536664828815 0.097965129147696811
leaf_weight=1325.502005043556 55.771793520078063 244.63137702411041 86.867223794339225 19.973284721840173 94.986871018540114 23.841327488538809 34.500600167782977 29.025133636780083 26.67830342752859 264.54588015202899 17.650051565724425 34.941235072445124 1690.1586736236932 52.027154175448231 8.9737355465767923 9.4134828693931905 59.717545219813474 36.919861804461107 311.17668600729667 17.039526125532575 423.97716126171872 84.413263045833446 21.10931174014695 261.43335445958655 25.032751245656982 71.747112004086375 12.650933683034962 20.139307156205177 24.17024132469669 142.07249599823263 14.805431210901586 93.095257662585936 13.837550601689147 18.045117519213818 134.09112631634343 23.404299549059942 25.710712664527819 40.667009036755189 26.094759774859995 18.893683780566789 331.9158580614021 14.388290628092365 9.8535218345932645 30.789984110393561 217.23237399186473 340.119214038481 84.233384990948252 39.982848677667789 132.5874970672885 19.231841645785607 17.641149840201251 593.68509800743777 832.22468536451925 23.009130673715845 14.202681664726695 284.9806019681273 16.863157926010899 44.091238377382979 122.09230523277074 16.675165812950581 25.269044674001634 368.85563321597874 25.310262367944233 459.55255384754855 66.649686233140528 207.74525326560251 23.96220660675317 149.1275712850038 26.634040605043992 12.796266894554721 30.027967631816864 326.63245422218461 141.35993578482885 40.117439476656727 157.07906326837838 108.2987401636783 39.934292822377756 44.853669600212015 20.876990114338696 16.537699328735471 40.788506374345161 70.042036710190587 17.127951606060378 17.368218102259561 23.468871896388009 18.184417335200123 24.194735603756271 19.852984958910383 32225.839514481369 35.632636960363016 25.62941381148994 95.114862551330589 59.942949698423035 498.30507732369006 900.63635889464058 29.41307587036863 20.515391692519188 107.48630702472292 212.31368533091154 21.469222647487186 88.088781249825843 15.492772271158175 75.658873512176797 19.117869425099343 197.30114664579742 35.445068889297545 32.762223169440404 56.938047455740161 1586.8730437924387 27.519428337458521 16.421939536929131 161.71242237580009 16.60414732794743 22.234008844709024 15.957331214449367 35.617656199960038 13.396776197594589 27.838764257845469 10613.133379582199 28.212452932493761 55.700555280898698 132.19765109743457 91.329243441927247 11.419755114126021 40.185366425197572 14.694670695113016
leaf_count=2379 99 486 137 58 139 57 74 77 42 385 62 58 2617 74 16 70 114 50 460 66 655 128 42 469 60 127 44 27 54 218 62 166 72 28 189 77 78 67 61 77 562 36 63 53 410 548 123 77 197 56 69 918 1340 58 65 471 28 107 195 56 52 542 81 694 135 318 40 237 43 25 59 475 221 79 236 218 64 78 72 24 86 112 55 59 89 26 80 32 53829 50 78 160 95 700 1443 88 28 145 373 41 166 68 127 57 298 69 83 107 2617 55 30 236 27 28 78 70 64 67 17905 58 114 184 123 66 78 32
internal_value=0.000139399 -0.00211582 0.00130925 -0.0539097 0.00141932 0.00231106 0.00168971 0.0162397 0.00202456 0.00675499 0.0235721 0.0886568 -0.00443983 -0.00874726 -0.0703071 -0.184738 -0.00743205 -0.02288 -0.0150328 -0.07625 -0.00321375 0.0168731 -0.0912857 -0.00662512 -0.00798795 0.0218018 -0.0112619 0.00955456 0.0167766 -0.00711594 -0.146619 -0.0162043 0.043534 0.109655 -0.00511616 -0.0149555 -0.0192481 0.058451 -0.00340032 -0.0349158 -0.0413545 -0.0622642 -0.206208 -0.0488946 0.0068519 -0.00633909 -0.0495755 -0.0978587 -0.0110189 -0.0840469 0.00257245 0.00464741 0.0259068 0.0163335 -0.0189101 -0.0329756 -0.0533136 -0.109221 -0.0244341 -0.0856839 -0.0112214 -0.0262278 -0.0937025 -3.90906e-05 -0.00428467 0.00629554 0.0116312 0.00895196 -0.0347438 -0.0954447 0.00136143 0.0142051 -0.00347391 -0.00839381 0.0217 -0.0101186 -0.0330294 0.0206601 -0.0676931 0.0618511 0.0294504 0.000113271 0.0259123 0.115864 -0.0538399 0.0904424 0.0472678 0.0956955 0.00159454 -0.030187 -0.0715111 0.0526711 0.0855287 -0.0055336 -0.00277443 0.0125339 -0.0742541 0.0267274 -0.0153392 0.0107679 0.0343123 0.00834632 -0.0110707 0.0120746 0.0439885 0.0078092 0.0330839 0.0640835 0.00515955 0.0094281 0.155028 -0.036601 -0.0734654 -0.106805 -0.164779 0.00680856 -0.163131 -0.0110213 -0.00364276 0.025639 0.0407846 0.0184101 0.0575418 0.0804131 0.127109 0.205087
internal_weight=59312.3 20244.1 39068.2 75.7451 38992.5 33849.7 32408.5 1441.22 585.154 556.129 317.137 52.5913 5142.77 3452.61 70.4144 18.3872 3382.19 722.202 649.367 76.7571 2659.99 508.39 72.8346 572.61 2151.6 210.782 1940.82 370.016 344.983 181.444 35.9147 1570.8 163.539 31.8827 12350.7 1603.51 1516.43 87.0804 884.854 217.559 631.579 299.663 24.2418 275.421 667.296 450.063 109.944 58.8765 158.682 39.3711 7893.39 6567.89 856.066 63.6761 1477.71 519.421 234.44 78.8093 155.631 33.5383 958.288 406.817 37.9612 551.471 526.202 5946.37 2852.04 2679.34 105.002 52.8271 3094.33 848.331 2245.99 1881.17 364.824 1841.05 304.4 118.694 185.706 73.8402 521.698 146.143 105.354 33.9059 164.829 35.3124 139.035 44.0477 32374 148.129 61.2621 172.699 77.5841 1536.65 1428.35 527.718 64.6066 131.657 238.992 2574.34 237.216 2337.13 373.918 1963.21 229.216 1733.99 135.941 76.0559 1657.94 103.178 31.9147 237.977 76.2647 54.7955 32.5615 1622.49 26.193 621.524 10747.2 52.1747 375.555 162.226 213.33 122 66.2998 26.1144
internal_count=99722 34478 65244 157 65087 56562 54168 2394 997 920 505 120 8525 5908 160 86 5748 1263 1109 180 4485 783 154 929 3702 378 3324 660 600 301 104 2664 299 100 21067 2973 2771 202 1571 412 1200 638 99 539 1159 749 201 154 258 83 13411 11032 1397 125 2498 950 479 200 279 84 1548 667 125 881 829 10047 4948 4624 230 132 5099 1410 3689 3135 554 3056 607 225 382 147 935 279 193 83 310 81 251 112 54094 265 128 324 164 2449 2231 788 135 199 415 4394 403 3991 675 3316 396 2920 265 164 2756 182 98 410 174 133 105 2687 89 985 18094 98 656 243 413 290 176 98
is_linear=0
shrinkage=0.095553


Tree=11
num_leaves=127
num_cat=0
split_feature=18 21 21 18 21 18 18 11 16 17 21 18 21 0 20 11 12 14 12 11 0 12 20 15 21 16 21 11 18 14 21 13 11 17 0 17 18 21 10 13 10 21 18 21 18 16 0 14 17 21 5 15 20 20 18 18 10 12 21 20 20 17 12 16 1 1 13 12 1 10 21 11 0 10 16 10 0 21 1 12 10 17 11 0 16 18 16 5 21 8 10 14 20 12 11 15 10 17 20 11 1 5 0 8 20 12 1 8 1 17 8 5 12 11 5 10 12 15 1 0 20 10 11 10 12 12
split_gain=167.327 96.5103 92.5263 90.2446 51.3762 60.8237 51.1776 39.8543 30.5229 35.1244 37.4821 30.5313 27.3246 25.9112 25.8588 39.5353 32.9237 25.6011 25.4477 26.0084 33.2886 36.5396 43.8719 25.1084 24.445 24.364 24.162 31.4952 23.9966 29.7587 29.7214 38.575 36.0885 25.0547 23.6003 24.3699 23.3908 36.3525 32.8184 50.6821 46.8834 27.7564 32.2538 26.3183 25.9888 24.5907 33.5285 24.5431 24.2887 24.6997 24.2609 23.1963 32.6692 28.5645 29.9521 27.4051 28.947 41.5973 36.8553 27.4248 30.884 42.4147 53.2045 30.9562 27.2326 26.6915 30.6768 41.5113 51.4987 57.8695 30.2845 25.9244 24.7426 44.9374 24.5996 25.718 24.3462 48.4292 23.0561 45.4557 119.652 132.274 95.956 22.677 44.5923 47.7988 90.4966 22.4433 22.3713 22.3688 22.3361 22.276 22.2478 22.0905 27.0907 27.0364 29.6319 40.4443 28.0828 50.3177 22.0751 22.0706 42.7796 25.7172 21.9718 31.481 26.3707 21.6071 21.4836 69.2264 72.9704 21.3173 34.7964 33.2866 27.7537 21.1737 21.1127 21.0167 20.7824 20.5578 20.1639 24.5166 22.8496 36.2984 23.5768 40.342
threshold=0.010823292657732965 -0.043344222009181969 0.053128369152545936 -0.13294097036123273 -0.18414206057786939 -0.32173828780651087 0.096665639430284514 0.22845830768346789 -0.028503899462521073 0.13300014287233355 0.14373438060283664 0.018174973316490654 -0.30734016001224512 0.43892045319080358 -0.017895364202558991 -0.39760364592075342 -0.19542024284601209 0.11584529280662538 0.12933676689863208 0.18240458518266681 0.018465909175574783 -0.024974271655082699 -0.019019757397472855 0.56381720304489147 -0.14568338543176648 0.076401401311159148 -0.34188778698444361 -0.04526878893375396 -0.53630343079566944 1.2113604545593264 -0.52238604426383961 0.11333744227886201 0.089527316391468062 -0.48241765797138209 0.41619317233562475 0.31871135532855993 0.60444065928459179 0.70145350694656383 1.0466883778572085 0.27089986205101019 0.34499423205852514 0.36408625543117529 0.21241156756877902 0.18545226007699969 0.29731050133705145 0.63127139210701 -0.018465909175574776 -0.095160752534866319 0.052243635058403022 0.20957040786743167 -1.0000000180025095e-35 0.083018433302640929 -0.016956363804638382 -0.039991538971662514 -0.083368375897407518 -0.29062251746654505 0.18494497239589694 -0.36462549865245814 0.1163570247590542 0.24473365396261218 0.17469773441553119 0.20732057839632037 -0.20342481136322019 -0.31615465879440302 -0.13494318723678586 -0.27698864042758936 -0.1284895986318588 -0.24325328320264814 -0.14914772659540174 -0.055502755567431443 0.029662062413990501 -0.24114079028367993 -0.40482954680919642 1.1238545179367068 0.15469212085008624 -0.029475308023393151 -0.10085227340459822 0.024121406488120559 -0.061079544946551316 0.19337335973978045 -0.12627044320106504 -1.0000000180025095e-35 0.28189022839069372 0.0071022729389369496 0.015578399412333967 -0.17216216027736661 0.13619568943977359 -0.37499999999999994 0.63198998570442211 -0.07582389190793036 -0.067612394690513597 0.31729663908481603 -0.13978719711303708 -0.14939965307712552 -0.090018827468156801 0.1390245780348778 -0.053422123193740838 -0.092837624251842485 -0.16312379390001294 0.091997392475605025 0.49857954680919653 1.0000000180025095e-35 -0.10085227340459822 -0.15510394424200055 -0.021669291891157624 0.01384219527244568 -0.11789772659540175 0.26300002634525305 -0.08664772659540175 -0.14044297486543653 -0.19288735091686246 -1.0000000180025095e-35 0.43036021292209631 0.27642433345317846 -0.37499999999999994 -0.053422123193740838 0.083596341311931624 -0.17741166800260541 0.37642045319080358 0.33664773404598242 -0.2197015583515167 0.36016364395618444 -0.36581803858280176 0.063296455889940276 -0.0090280161239206774 -0.01299599790945649
decision_type=2 2 2 2 2 2 2 2 2 2 2 2 2 2 2 2 2 2 2 2 2 2 2 2 2 2 2 2 2 2 2 2 2 2 2 2 2 2 2 2 2 2 2 2 2 2 2 2 2 2 2 2 2 2 2 2 2 2 2 2 2 2 2 2 2 2 2 2 2 2 2 2 2 2 2 2 2 2 2 2 2 2 2 2 2 2 2 2 2 2 2 2 2 2 2 2 2 2 2 2 2 2 2 2 2 2 2 2 2 2 2 2 2 2 2 2 2 2 2 2 2 2 2 2 2 2
left_child=1 3 13 4 5 26 8 -8 -4 17 11 -11 108 24 15 -5 101 -10 19 20 -13 22 25 -20 -2 -22 28 -28 29 33 32 91 -30 -1 35 -6 41 38 39 40 -38 42 43 -9 45 -43 -47 48 49 -45 -39 52 53 54 -3 56 57 -54 -59 60 -57 62 -62 -63 90 70 67 -67 -69 -70 -55 89 -58 -74 76 -76 -53 -78 79 80 -44 82 -82 84 -79 -86 -87 -68 -46 -66 -61 -32 -36 94 -17 119 97 -97 99 107 -65 102 -16 -104 -51 106 -106 -98 109 110 -7 114 113 -113 -80 -64 -111 -29 -34 -95 122 -122 -35 -124 125 -125
right_child=2 51 6 14 34 12 7 36 9 10 -12 18 -14 -15 16 93 -18 -19 23 -21 21 -23 -24 -25 -26 -27 27 117 30 -31 31 -33 118 120 92 -37 37 50 -40 -41 -42 44 78 47 88 46 -48 -49 -50 104 -52 74 55 65 -56 59 72 58 -60 64 61 63 115 100 71 66 87 68 69 -71 -72 -73 73 -75 75 -77 77 83 111 -81 81 -83 -84 -85 85 86 -88 -89 -90 -91 -92 -93 -94 95 -96 96 98 -99 -100 -101 -102 -103 103 -105 105 -107 -108 -109 -110 116 -112 112 -114 -115 -116 -117 -118 -119 -120 -121 121 -123 123 124 -126 -127
leaf_value=-0.079525726377354167 0.028834453751426251 -0.048321174285914432 -0.021606370666316991 0.10365172232990025 -0.0098360496121251799 0.053616719136617905 0.0077237365592633294 0.0066198487983657982 -0.019668153838147521 -0.024930412769263589 -0.012318192310094898 0.0092696423773481074 0.00018101839624145487 0.054894390703561204 -0.026303977683834412 0.081664849579830293 0.0044662988868942651 0.027790522856204567 0.1673930592950906 -0.0023886695892434058 0.092540011988115831 0.0046179578045394956 0.057427108074657465 0.023856327407379946 0.010968049315302115 0.29047811645824473 -0.037034320912913941 0.078264402752912091 0.021893521111647194 0.003206713774626268 -0.041942846103473409 0.053029282343254901 -0.11007506252915041 -0.0038025116860110567 -0.1176817746742784 -0.029031395424191954 0.26923783926837364 -0.045894507747410024 -0.028659906369867715 0.027545372186663957 0.076020895131505256 -0.058800387774642589 0.030889704448883362 -0.0081531176656646481 -0.0031528642577990538 0.040130647824869088 -0.046485736736595985 0.0038661574678432527 -0.01031888982107294 -0.03593424819185722 0.017749939190605142 -0.014946683787794488 -0.023418953842273701 -0.0019401006766857558 -0.0021968592842762464 -0.013208276424499564 -0.00017431010623633625 -0.35835506908446679 -0.081955979235397616 -0.12017332831121094 0.085840038317320205 -0.049367104543182855 -0.081882863673345477 -0.27600783384944322 0.03489105103612844 0.025654443963501347 -0.0507161490510111 0.023147354709016268 0.41947949550643332 0.081029333656456912 -0.11376165891549 0.0064104129168864677 -0.19973914551981911 -0.02206155878764134 -0.030242953039498564 -0.0035266084339055882 -0.032001206115270582 -0.054548407215753499 -0.036637332416347736 0.0074341103667935633 0.20947351927396968 0.054756328018299223 0.72731991880849056 -0.06268959851787019 -0.088514488041859157 -0.58817388735868292 -0.11627105602090013 0.01696108769078121 -0.037366223755672584 0.14279188865470258 -0.010851362977048267 -0.0062776177261607271 -0.032368444397751626 -0.0057590390570982086 0.018808413142620013 0.015112493416272316 0.11279679353790924 0.13787461236731807 -0.061726212084875318 0.0070866489017523404 -0.10248099366619232 0.002719983591013087 -0.033153634323814615 -0.20562839612567604 -0.12121565200091765 -0.21769931908148982 -0.0092115239639274076 0.035151607475101057 0.0064610342065966782 -0.045756293358255908 0.31971541091694283 -0.020000939249564854 0.0555552102914827 -0.11532961761722391 0.027353254082526219 -0.024389697282887698 0.02535532403919805 -0.0086943981433579391 0.0031732783015155676 0.026480558996024417 -0.077877356420851876 -0.0091300990893896945 -0.14020483126699174 -0.015038615401009548 -0.033286301910390739 0.10591795683596664
leaf_weight=59.362828007200733 773.44268777093384 166.78029745502863 1075.9237392970826 41.400662026135251 3329.2852575868601 26.615038450574502 10043.261204415816 1032.5472185905091 1180.8738468053052 157.75580103043467 763.95034286298323 402.84326045948546 3267.9832046830561 133.66213341231924 210.41925389948301 65.500626933760941 2723.6593133405549 111.32656256586779 19.939506247406825 410.96716728503816 12.489109146292323 105.21900601289235 186.10558376275003 24.845007322612219 7578.0438401072752 11.786791119608095 586.88145664078183 25.269427671912126 723.14706802309956 776.19014740630519 188.81941414647736 87.867821036255918 29.954130935948342 935.5383170285495 32.891609132057056 741.4741542810807 14.637215118855236 109.25543433730491 59.488757259794511 241.42737882677466 47.78468126791995 198.31264381937217 231.52502577216364 147.31646481098142 1322.1186773465015 70.718052706914023 90.98552326625213 545.35777199361473 740.17787026870064 162.88775606558193 105.01949632912874 337.26421443978325 18.201477311551571 94.914526967913844 551.95450090768281 3425.2708354714559 88.879146448220126 9.0684738588752243 9.0261920869816077 20.687422955641523 32.233363132341765 34.803889102884568 80.372679164167494 13.088326254161077 60.799912321381271 73.037800401332788 46.677655527833849 15.511182242655194 9.283974352758376 9.2322233021259326 27.497421903652139 258.42443440121133 18.304661010624841 40.753251920687035 555.09092700527981 814.86386930430308 400.36406263301615 25.380991495214403 77.404833778855391 579.56436070078053 8.1795137407025305 18.459631323814392 5.7366548303980371 66.363765366841108 12.666896733338946 6.8319768951041615 8.0821911107050237 562.77877145586535 200.15673437796067 24.478863006457686 78.365248467656784 1030.6924732195912 167.51496080309153 1348.6717704064213 1068.3976366883144 57.616087070433423 60.189091639360413 42.161031058756635 41.71704244276043 760.20551075565163 16.286169528728351 157.10494869912509 13.057584732770918 20.938563016010448 40.163965895073488 15.138735400629228 36.819028251455165 75.37407452694606 1003.4087157286704 38.728160922648385 13.855565406265667 168.22818632377312 40.671620077453554 40.734228902263567 276.01907593675423 219.88032799982466 567.83203552977648 446.84173719445243 25.339003406465054 206.55157875467557 102.72755952645093 89.120846615522169 23.627979625947773 115.07670547498856 462.07110549346544 30.59967513603624
leaf_count=118 1327 305 1920 99 5651 45 16700 1790 1918 272 1237 619 5509 250 291 150 4222 172 69 545 27 145 313 41 12389 60 1133 71 1145 1438 383 157 73 1512 87 1348 75 209 106 370 94 379 359 249 2169 101 144 821 1069 260 163 526 23 141 890 5784 141 61 19 60 73 51 180 65 121 119 72 23 68 17 79 398 92 70 924 1350 640 53 129 870 34 27 73 149 26 71 27 992 327 68 125 1615 269 2166 1776 87 154 125 77 1140 35 208 18 80 104 65 74 118 1669 84 79 262 84 101 432 325 902 736 35 342 211 142 70 249 796 70
internal_value=-0.000216487 -0.00524008 0.00487943 -0.00191164 -0.0060885 -0.00253458 0.001493 0.00392796 -0.00758823 -0.00312001 0.00450006 0.01419 0.00525586 0.0133079 0.00712731 0.0124576 0.000686736 -0.0155091 0.0195182 0.0166471 0.0276019 0.0508148 0.0737622 0.0890327 0.0126311 0.191892 -0.00921893 -0.022261 -0.00625525 -0.0123895 0.00135306 -0.00741651 0.0161392 -0.0190779 -0.0149438 -0.0133491 -0.00181724 0.0165118 0.0349328 0.0476959 0.123703 -0.0035787 0.000760166 -0.00535563 -0.0132059 -0.0362769 -0.00837266 -0.0127136 -0.0206765 -0.0395777 -0.0144247 -0.0140552 -0.0109508 0.000925478 -0.013001 -0.01512 -0.0511409 -0.126701 -0.226615 -0.013543 -0.0161548 -0.0414021 -0.0274547 -0.111923 0.00886326 0.0129236 0.0200113 0.0669187 0.152666 0.25778 -0.0278832 0.0216787 -0.0318987 -0.0791187 -0.0224038 -0.0143991 -0.0351318 -0.0481361 0.0122924 0.0224903 0.0552841 0.223391 0.440273 -0.101424 -0.148542 -0.231661 -0.34555 0.0116167 -0.00770539 0.0669751 -0.0347053 -0.0118633 -0.0469249 0.011405 0.0225378 0.0065123 0.018452 0.0676472 0.0131115 0.0167285 -0.183624 -0.0247821 -0.0427196 -0.139972 -0.0575692 -0.0949427 -0.0687406 0.0700448 0.0152735 0.0288558 0.14761 -0.00188265 -0.0232662 -0.0391559 0.0130839 -0.0400728 0.0206482 -0.00379646 -0.0568923 -0.00142698 -0.016972 -0.0461909 -0.0133408 -0.0273774 -0.0227187 0.0104054
internal_weight=59674.5 30055.2 29619.3 21821.7 14928.7 10657.6 21134.1 16670.1 4464.03 3388.1 2095.9 1331.95 4918.42 8485.15 6892.96 3767.79 3125.18 1292.2 1174.2 1129.41 718.444 315.6 210.381 44.7845 8351.49 24.2759 5739.13 1058.99 4680.14 2594.32 2085.82 1307.38 778.44 1818.13 4271.17 4070.76 6626.84 577.613 363.338 303.849 62.4219 6049.22 4166.93 2720.41 1882.29 360.016 161.704 1687.86 1142.5 402.326 214.275 8233.5 6006.59 1557.67 718.735 4448.92 184.233 36.2961 18.0947 4264.69 3821.94 396.665 332.486 64.1784 442.756 838.934 716.522 107.065 34.0274 18.5162 122.412 343.703 147.937 59.0579 2226.91 1369.95 856.954 519.69 1446.52 843.465 263.901 32.3758 13.9162 119.326 52.9621 27.5811 14.9142 609.456 1522.28 85.2788 99.0527 1219.51 200.407 3726.38 1133.9 2592.49 1037.26 99.7771 937.486 895.769 29.3745 401.52 244.415 33.9961 255.009 92.1217 76.983 135.563 1650.44 647.031 40.4706 603.058 249.634 208.962 353.424 300.253 606.56 472.111 55.2931 1555.22 1758.76 191.848 1566.91 631.375 607.747 145.676
internal_count=99757 50813 48944 36650 25597 18242 34978 27640 7338 5418 3328 2091 8288 13966 11053 6234 4819 2090 1819 1709 1164 545 400 110 13716 87 9954 1940 8014 4606 3408 2155 1253 3168 7355 6999 10940 1017 645 539 169 9923 6803 4432 3120 624 245 2642 1821 752 372 14163 10397 2706 1195 7691 406 103 80 7285 6513 729 578 151 772 1511 1291 227 108 85 220 587 303 162 3766 2274 1492 966 2371 1363 493 134 107 326 177 124 98 1064 2496 189 185 1998 356 6135 1926 4209 1701 212 1489 1412 100 597 389 98 503 243 178 272 2779 1110 124 1008 447 363 561 505 986 807 108 2508 3050 353 2697 1185 1115 319
is_linear=0
shrinkage=0.095553


Tree=12
num_leaves=127
num_cat=0
split_feature=18 11 20 18 11 20 11 10 18 15 10 8 1 5 14 17 19 10 11 5 18 10 10 12 9 11 0 17 11 16 11 20 11 16 5 20 16 10 9 17 17 14 11 17 17 16 11 11 18 0 12 11 17 8 10 13 13 10 18 12 11 18 14 20 10 11 12 9 5 8 12 1 11 11 11 0 10 1 11 10 10 19 9 12 12 17 16 17 16 11 10 0 0 16 0 20 19 17 12 11 20 5 16 13 12 12 1 17 17 16 10 0 1 1 16 10 12 0 12 15 9 19 17 10 14 12
split_gain=134.614 57.3503 48.042 62.5504 50.3542 41.2752 40.285 29.351 42.1204 28.3729 30.1257 45.7915 29.0124 27.9588 29.6142 27.4892 29.6367 30.6478 33.1713 30.6824 27.3521 53.9541 27.2976 36.7767 25.3032 42.8229 43.2106 30.2524 24.8284 24.4788 24.3418 24.3001 78.8871 45.3599 24.2691 22.8636 32.4648 24.3975 37.6698 22.5322 27.8172 24.704 22.483 40.4183 34.5038 33.4481 27.3567 23.2218 22.0368 32.2732 30.6913 58.2485 40.8669 45.2535 28.1862 22.7138 22.0269 21.8401 34.9036 35.6783 30.5681 28.0056 29.8429 32.1299 30.7617 34.8725 27.7582 50.7249 31.4694 43.3743 29.7888 55.8115 25.8781 25.5954 24.645 24.5086 23.6995 23.3017 23.2633 26.8112 22.6409 21.8154 21.7678 21.5368 39.6431 62.6148 48.8388 34.6779 32.7739 31.5246 24.8421 24.3176 47.8908 56.7559 21.7338 20.834 20.5543 20.4083 20.4028 29.4207 26.5524 20.6956 20.3271 20.2216 19.7016 19.6917 32.444 21.35 20.2759 32.6179 19.6135 20.8909 47.6719 22.6516 19.5994 19.5467 36.3827 49.3939 31.5639 28.0836 19.5364 19.5134 20.6735 20.5937 19.4391 26.9371
threshold=0.055483173578977592 0.12308412790298463 -0.022945314645767208 -0.077967457473278032 0.0066382568329572686 0.10518647357821466 0.10330088809132577 -0.057377880439162247 -0.21447290480136869 0.036874039098620422 0.18494497239589694 0.18746118247509005 -0.32812499999999994 -1.0000000180025095e-35 0.035603554919362075 -1.0000000180025095e-35 0.025938472710549835 0.22582113742828372 -0.25911061465740198 1.0000000180025095e-35 0.19194141775369647 0.054892854765057571 0.40960384905338293 0.24144082516431811 -1.0000000180025095e-35 -0.25325688719749445 -0.43892045319080347 -0.12415504083037375 -0.26551301777362818 0.2830826342105866 -1.4897925853729246 0.097820434719324126 0.091997392475605025 0.033183731138706214 -0.37499999999999994 -0.0048093076329678288 -0.23490719497203824 0.063296455889940276 0.19750041514635089 0.40399827063083654 0.025564504787325863 -0.047610096633434289 0.035242158919572837 0.052243635058403022 0.47191859781742101 -0.0070022596046328536 -0.1627935394644737 0.094652242958545699 0.015367750544101002 -0.34232954680919642 -0.197644367814064 -0.19090207666158673 0.49848985671997076 -0.5351959466934203 0.10868435353040697 -0.51809281110763539 -0.55172860622405995 -0.12447212263941763 -0.20737677067518231 -0.23315609246492383 -0.17443595826625821 -0.36954462528228754 0.38926157355308538 -0.3510815948247909 0.38351710140705114 -0.60798770189285267 -0.015694682486355301 -0.047139935195446007 0.37500000000000006 0.022678069770336155 -0.0076901083812117568 0.19460227340459826 0.066491063684225096 0.04572690092027188 0.14590447396039966 0.41619317233562475 0.27436698973178869 0.31392045319080358 0.17927385121583941 -0.15443726629018781 0.28037296235561376 0.64061400294303905 -0.23451159894466397 -0.026666666381061074 -0.17483704537153241 -0.084567815065383897 -0.13777005672454831 0.060835611075162895 -0.072605200111865983 0.0066382568329572686 -0.0046834342647343865 0.33948864042758947 -0.029829545877873894 -0.062563914805650697 -0.25142045319080347 -0.3510815948247909 -0.14192452281713483 0.65514886379241954 0.1890794783830643 -0.29035288095474238 0.18323166668415072 -1.0000000180025095e-35 -0.18612717837095258 -0.36181713640689844 0.075528874993324294 -0.097164094448089586 -0.23721590638160703 0.55537179112434398 0.55537179112434398 -0.14408324658870694 -0.19618349522352216 -0.015625000465661284 -0.16335227340459821 -0.098011363297700868 -0.32288756966590876 0.97825676202774059 1.0484276413917544 0.33096592128276831 0.82572329044342052 -0.24730414897203443 0.36421146988868719 1.0000000180025095e-35 -0.078095786273479448 -0.15263624489307401 0.22283426672220233 0.18336191773414615
decision_type=2 2 2 2 2 2 2 2 2 2 2 2 2 2 2 2 2 2 2 2 2 2 2 2 2 2 2 2 2 2 2 2 2 2 2 2 2 2 2 2 2 2 2 2 2 2 2 2 2 2 2 2 2 2 2 2 2 2 2 2 2 2 2 2 2 2 2 2 2 2 2 2 2 2 2 2 2 2 2 2 2 2 2 2 2 2 2 2 2 2 2 2 2 2 2 2 2 2 2 2 2 2 2 2 2 2 2 2 2 2 2 2 2 2 2 2 2 2 2 2 2 2 2 2 2 2
left_child=2 5 3 30 7 31 29 13 9 12 11 -11 81 97 39 16 35 18 -18 -20 42 -22 23 24 25 -19 -27 56 -14 95 -1 -2 33 -33 -24 36 -10 38 -38 40 121 -41 44 -44 83 -45 -46 -47 49 50 54 -52 53 -53 -17 -51 -28 58 78 73 -61 115 63 66 65 80 67 68 69 -63 71 -68 -72 -60 96 -62 -76 -73 -32 -80 -64 114 -48 84 85 -7 94 90 -86 -90 -88 92 -89 -94 -87 -5 -65 -4 99 100 -37 -101 -67 -100 -50 -98 107 -107 -108 -110 111 -16 -113 -114 -9 116 118 -118 -59 -120 -97 122 -15 -123 -23 -126
right_child=1 -3 4 6 -6 20 -8 8 15 10 -12 -13 28 14 110 48 17 22 19 -21 21 124 34 -25 -26 26 27 -29 -30 -31 57 32 -34 -35 -36 98 37 -39 -40 41 -42 -43 43 45 46 47 82 -49 104 55 51 52 -54 -55 -56 -57 -58 61 59 60 75 62 64 74 -66 102 70 -69 -70 -71 72 77 -74 -75 76 -77 -78 -79 79 -81 -82 -83 -84 -85 88 86 87 91 89 -91 -92 -93 93 -95 -96 120 105 -99 103 101 -102 -103 -104 -105 -106 106 108 -109 109 -111 -112 112 113 -115 -116 -117 117 -119 119 -121 -122 123 -124 -125 125 -127
leaf_value=0.048950785380984352 0.016697187810348142 0.0011601505038307031 -0.017617205097213526 0.067923203710593238 -0.020978288547547252 -0.083178957976826159 -0.0014747957610905065 -0.019313814855129136 0.025297347186974788 -0.25159621467563209 -0.029998382153942453 -0.036024330585525337 0.0039621447576877978 -0.023071050707671969 -0.027252217906773638 0.0018062031011610055 0.037082243590194797 -0.03474635089814971 0.016225950946035076 -0.027612850252873546 0.028523718364024699 -0.005138514779995617 -0.048219449306969753 -7.5581383692781886e-05 -0.019040498506079587 0.0036361469346866686 -0.1582785510884141 -0.12524481869834528 -0.024073147306243717 0.10353567565000853 -0.031051033975508128 0.38119797699431268 0.020093919758070209 0.084587903309617199 0.011769418069492228 0.16579369180558859 -0.23759532474108619 -0.0181507161498091 -0.023099830289908897 -0.12300671556366864 0.008224471716034059 -0.029761330084287642 0.0080580248341577468 -0.10093033333223693 0.1185444241739305 -0.015023593842420255 -0.054531240119551599 -0.087098641845639688 -0.00093516957659477823 0.014751478699861261 -0.023308598318161865 -0.078016064812648736 -0.081672002477998704 -0.38700101442775192 -0.051895552802458694 -0.0079137551125871876 -0.40914304224956183 -0.0073793218611806904 0.16115611485802026 0.042135573959704624 -0.01048740425420929 0.31129223107768439 0.1977465113030078 -0.019482880121409706 -0.0067985178425915525 0.013085061205253769 0.082211012907741562 0.015056760526471936 0.04569196905272839 0.079990997401847369 0.09233065989490237 -0.20274881789196963 0.0028415273434505492 0.016103465302292216 -0.061396155308762322 -0.073354624355634182 -0.006917197761326036 -0.06016637497320964 -0.23189452711677738 -0.044590611342602032 0.037747006394446385 -0.12546277922912788 0.028389131574879593 0.0083152879208302673 -0.026805496528896151 0.03002895817919515 0.031475549930279643 0.0082982807378156071 -0.25720841615300927 -0.043293889672301404 0.14131423462640477 0.071360527146121455 -0.027018717296167661 -0.1999575430139772 0.20406730253851235 0.013773551454575168 0.0079326362178427055 -0.093323288969860863 0.022488679025394157 0.0069276642563413284 0.044527305694014606 0.034929560073319418 0.052740995590559142 -0.037353618115835818 0.031026993981736795 0.0043717598049840996 -0.012785923493145135 0.06882817615006942 -0.0098934677818169735 -0.11792013185335425 -0.0014219393552951244 0.012534478245645079 0.18103152785024137 0.060648779610994567 -0.10307582667704465 -0.031476204822803867 -0.012065557558066741 0.19425274821550803 -0.022882861219600079 -0.17418752020901623 -0.023690275657412954 0.048161193978393566 -0.081049589038983294 -0.019345739412523693 0.038136521573274032 -0.0026517307676200848
leaf_weight=75.95755746238865 4242.654907577089 13211.851680373773 2420.3919293144718 61.400579852401279 2229.6710646282881 62.718906072899699 2686.9824187252671 201.93940642930102 86.921975415665656 14.190094330115242 260.13039531093091 22.963324214098975 981.02711949916556 169.26678305235691 53.807397537282668 360.52644893608522 317.82796006032731 81.997655502520502 369.98025625536684 237.94594399933703 1160.9356183659984 1168.8340954801533 69.80445673270151 217.12805144314189 112.71546635823324 13.131506753969004 7.5948050970910082 30.702643345110122 405.51823493582197 26.181359063019045 452.83119035686832 9.2867522229207697 72.922327108215541 9.8364855533000064 433.25982272822876 24.195268242852762 13.727760040783325 53.690822061151266 15.700528068351558 27.402060469379649 455.08248237730004 280.77711259503849 469.21859572443645 53.920491711003706 27.712406226200983 422.3075529106427 29.019446892314591 44.015857610385865 514.63629976159427 529.87473817844875 180.26913221285213 8.2781583120813611 53.916870868648402 9.4469761757645738 116.0360284273047 1667.3208906233776 7.7665573304984701 3979.1973213386955 18.217603397904895 93.404082496301271 845.54513386345934 12.258620178792627 15.953058105078524 718.04561301996 487.35674556577578 795.29206320573576 16.198306433740072 320.81305930169765 38.837956366944127 18.788783619645983 28.652158662560396 17.272557275602594 983.10210640029982 26.905200511217117 142.44051325635519 59.511773702804931 151.10098448791541 27.659908898174763 11.026717558386737 18.81601577962283 16.6189059689641 23.19514113443438 397.44898228405509 1160.0970817414345 364.61156253656372 11.083041386213155 108.57663524895906 210.12527962983586 10.771077772020364 14.892656420241108 21.864327978575602 30.757668485864997 60.582438125857152 23.1256324442802 17.019466045079753 3286.0794847852085 1223.700442351168 31.611855301307514 107.89446681854315 423.2008474181639 51.276775616686791 571.95662723132409 138.59853273758199 94.922104696393944 263.40003073541448 665.13181082287338 1211.1570044644177 48.90393475885503 59.247779999510385 44.261081497417763 1453.6640676199459 183.1078575582942 24.165263747563586 37.567353831138462 27.972782098455355 333.12351845309604 21.493598997592926 18.28581556736026 27.255333900102414 18.668199294363149 129.61688745755237 50.882468954659998 85.275617446983233 187.04969809018075 271.73402478790376 316.07443512615282
leaf_count=183 7115 21187 4046 123 3952 135 4279 310 155 73 434 35 1617 257 97 546 600 132 588 381 2056 1847 124 334 184 16 23 75 652 72 822 64 113 20 638 78 65 95 26 72 766 440 751 140 70 654 62 109 801 795 278 18 107 64 213 2439 58 6794 69 170 1451 68 59 1221 793 1295 37 516 58 35 62 63 1619 31 266 139 222 44 55 66 26 72 642 1771 600 25 180 326 60 40 61 64 90 84 68 5300 2150 85 154 610 78 972 253 148 405 977 2031 94 88 111 2387 294 83 69 71 562 32 80 57 67 202 108 174 274 462 490
internal_value=-0.000157675 0.00538524 -0.00385027 -0.000611337 -0.00761047 0.0105532 0.00730804 -0.00554267 -0.00217801 -0.0146535 -0.0417887 -0.121088 -0.00969035 -0.011069 -0.00487469 0.00124605 0.00753121 -0.000282851 0.0121267 -0.000859948 0.0057008 0.0125482 -0.0121309 -0.0286453 -0.0532662 -0.0802178 -0.141716 -0.185124 -0.00421585 0.014059 -0.00433417 0.0177698 0.0660917 0.232978 0.00323724 0.0178472 -0.014742 -0.0573226 -0.12598 -0.0160712 -0.00870705 -0.0385024 4.16787e-05 -0.0121608 0.00479632 -0.030495 0.0286295 -0.0220976 -0.00441444 -0.00822425 -0.0256386 -0.0525871 -0.124864 -0.248451 -0.0112629 -0.00242219 -0.294422 -0.00465109 -0.0153977 -0.00551971 -0.00932614 -0.00322944 0.000441536 -0.0026545 0.0126664 0.0225433 0.00954011 0.0313084 0.104324 0.175541 0.00155721 -0.0622765 0.00551979 0.0759778 -0.00685356 -0.0147409 -0.0335221 -0.117336 -0.0366293 -0.11698 0.117596 -0.0393578 0.0224758 -0.000354083 -0.0111493 0.00538019 0.0171503 0.00943769 -0.0343759 -0.136066 0.0508099 -0.0071478 -0.0157922 -0.0763463 0.136262 0.0133431 -0.004863 -0.0186471 0.0222584 0.027527 0.0846415 0.0230786 0.0190656 -0.00523624 0.00983317 -0.00161578 -0.00739954 0.00893412 -0.0163133 -0.0567199 0.00312705 0.0253758 0.0373165 0.109075 -0.0301098 -0.00923343 -0.0073933 0.0816079 -0.00830688 -0.0857709 0.0123286 -0.0244353 -0.0427972 -0.00458778 0.00195865 0.0161267
internal_weight=60049.6 24004 36045.6 19371.9 16673.7 10792.1 6190.26 14444 8983.98 1936.94 297.284 37.1534 1639.65 5460.05 3008.05 7047.05 3343.34 1899.86 925.754 607.926 6457.45 2917.58 974.101 471.037 253.909 141.193 59.1955 46.064 1386.55 3503.28 13181.6 4334.7 92.0456 19.1232 503.064 1443.49 170.041 83.1191 29.4283 1255.74 947.557 308.179 3539.87 989.462 2550.41 520.244 454.181 466.323 3703.71 2925.67 728.474 251.911 71.642 17.7251 476.562 2197.2 15.3614 13105.7 1526.26 1043.58 998.461 11579.4 7181.39 5727.57 1453.82 966.463 1463.58 390.698 69.8854 31.0474 1072.89 61.1308 1011.75 45.1228 4263.99 905.057 293.541 44.9325 482.674 29.8427 32.572 253.107 426.468 2096.23 936.129 545.853 483.134 455.032 390.275 25.6637 130.441 324.591 293.833 83.7081 28.1025 3477.1 3970.45 2452 1273.45 1070.63 75.472 995.157 933.891 202.817 778.036 3252.4 2028.7 714.036 1314.67 103.509 1752.31 298.648 244.84 61.7326 229.912 4398.02 4064.9 39.7794 4025.12 45.9235 3415.7 492.475 254.542 237.932 1756.64 587.808
internal_count=99496 39286 60210 32642 27568 18099 9976 23616 14464 3264 542 108 2722 9152 5021 11200 5534 3153 1569 969 10787 4855 1584 822 488 304 172 156 2269 5697 22666 7312 197 84 762 2381 341 186 91 2091 1579 512 5932 1654 4278 903 774 763 5666 4460 1226 467 189 82 759 3234 81 22483 2803 1860 1760 19680 12088 9662 2426 1633 2502 677 161 103 1825 144 1681 100 7160 1590 488 107 943 121 85 453 704 3504 1733 1033 898 805 700 100 241 564 500 174 93 5625 6672 4131 2040 1738 156 1582 1548 302 1206 5451 3301 1071 2230 199 2930 543 446 152 381 7592 7030 112 6918 124 5502 813 431 382 2799 952
is_linear=0
shrinkage=0.095553


Tree=13
num_leaves=127
num_cat=0
split_feature=18 11 20 18 12 20 11 15 17 3 18 11 0 20 1 0 13 18 16 4 12 0 11 7 15 20 4 20 13 16 20 15 16 17 0 5 11 16 3 11 12 19 17 15 20 17 9 5 17 9 18 9 4 4 9 18 3 20 11 18 12 18 19 19 4 9 17 11 19 1 18 0 12 11 1 17 12 8 9 4 19 12 19 12 11 3 13 19 0 8 20 12 12 11 19 19 8 16 0 11 11 9 16 19 18 16 19 18 12 19 20 18 12 20 18 17 13 11 3 3 20 17 11 12 11 3
split_gain=116.1 36.7466 42.5436 50.7836 43.1141 32.8162 34.5186 42.8256 31.5053 39.5673 31.2752 40.7183 38.835 31.7056 49.1488 38.2408 58.0801 58.2211 36.8161 33.4864 30.1533 85.4476 106.391 92.0054 35.579 38.1021 29.8326 60.2537 52.0675 29.6164 29.5923 63.5066 47.2782 28.4588 30.27 69.9632 27.306 27.0781 27.0603 29.44 31.4301 34.1217 43.7215 50.7712 27.8648 26.8299 27.538 26.2624 26.0642 34.4579 64.0663 56.9178 25.9735 25.0201 28.203 24.8556 50.4646 24.6564 24.3781 26.4712 23.7489 40.4503 32.3545 50.3767 53.1171 43.0429 82.2104 89.2347 36.3815 30.4046 37.0218 29.3739 54.7844 29.1889 39.5698 28.125 27.2727 24.623 23.6119 23.4882 36.6589 30.3765 90.9314 65.9559 25.0867 24.4621 35.7688 28.0514 23.9104 27.589 23.4486 23.2423 23.212 24.6207 22.5743 22.4647 33.9479 38.9937 22.4149 22.3123 22.2569 22.2289 29.8864 22.2057 50.8883 36.6302 23.2926 22.127 21.8775 24.7849 21.8483 26.4641 21.8287 35.4227 32.8181 30.5922 48.1592 27.0713 37.1722 26.9028 28.3856 27.0271 36.4614 28.8866 36.8842 22.6742
threshold=0.010823292657732965 0.18240458518266681 0.061988044530153281 0.19194141775369647 0.15563751012086871 -0.022945314645767208 -0.17833337932825086 -0.064508449286222444 0.65514886379241954 0.30716200172901159 -0.1645485237240791 0.089527316391468062 -0.36505682766437525 -0.47421868145465845 -0.044034091755747788 -0.11221591010689734 -0.022590432316064831 -1.0000000180025095e-35 0.1239287704229355 -0.044784568250179284 0.17963979393243792 0.36505682766437536 -0.094716545194387422 -0.13551358878612516 0.03380184434354306 -0.082238689064979539 -0.28132256865501398 -0.02647908870130777 0.27943235635757452 -0.070201866328716264 0.1306615546345711 -0.049147466197609894 0.0445495042949915 -0.14871278405189511 -0.092329546809196458 1.0000000180025095e-35 0.44561402499675756 0.14647535979747775 -0.41864693164825434 0.41656731069087988 0.03241280838847161 0.84684705734252941 -0.3402488231658935 0.29801075160503393 -0.2197015583515167 -0.17078959196805951 -0.015741643495857712 -1.0000000180025095e-35 -0.015964332036674019 -0.010017415974289177 -0.13020855188369748 0.14705029129981997 -0.044784568250179284 -0.16428215801715848 0.072027262300252928 -0.14547633379697797 -0.19453945755958554 -0.16744834184646604 0.63027250766754161 0.60444065928459179 -0.16170954704284665 0.031402070075273521 0.14159815013408664 -0.01983541157096624 0.085113108158111586 0.05676951818168164 0.27286781370639807 -0.13800445944070813 0.01067691156640649 -0.28835226595401758 0.1432982608675957 -0.15198864042758939 -0.12109205499291419 -0.10300112515687941 0.36221592128276831 0.42474471032619482 0.08575186133384706 -0.39176027476787562 -0.038475852459669106 0.069023612886667265 1.2113447785377505 0.039279589429497726 0.45836177468299871 0.0094511150382459181 0.081798490136861815 0.30064630508422857 -0.20119217783212659 0.18187437206506732 -0.27414773404598231 0.41665513813495642 0.19858354330062869 0.32477416098117834 0.24144082516431811 0.8175647258758546 -0.12548762187361714 -0.020971215330064293 0.071852270513772978 -0.12853026390075681 -0.24005681276321408 0.27642433345317846 0.14922460168600085 0.55485790967941295 0.35991859436035162 0.23845902085304263 0.10021138936281206 0.19077771902084353 -0.026889803819358345 -0.1062190495431423 -0.051326472312211983 0.10185924544930459 0.28163591027259832 0.23687382787466052 0.5018296241760255 -0.12763735651969907 -0.68872055411338795 0.5296275019645692 -0.51419541239738453 -0.40661865472793574 -0.4823808073997497 0.49119704961776739 -0.61606615781784047 -0.26380698382854456 0.071545470505952849 0.083596341311931624 0.27159899473190313 -0.15633092820644376
decision_type=2 2 2 2 2 2 2 2 2 2 2 2 2 2 2 2 2 2 2 2 2 2 2 2 2 2 2 2 2 2 2 2 2 2 2 2 2 2 2 2 2 2 2 2 2 2 2 2 2 2 2 2 2 2 2 2 2 2 2 2 2 2 2 2 2 2 2 2 2 2 2 2 2 2 2 2 2 2 2 2 2 2 2 2 2 2 2 2 2 2 2 2 2 2 2 2 2 2 2 2 2 2 2 2 2 2 2 2 2 2 2 2 2 2 2 2 2 2 2 2 2 2 2 2 2 2
left_child=5 2 45 4 60 10 7 -7 -8 -10 112 20 107 18 -15 94 -17 33 36 99 26 24 23 -23 -22 53 27 29 -29 -12 31 32 -5 34 -18 -36 52 55 39 40 -3 -42 -43 -44 101 -2 91 58 -35 -50 -51 -52 -14 54 -26 56 95 -56 59 108 61 78 63 -62 65 71 67 -67 77 70 -63 72 -65 74 98 -71 -70 -66 -4 80 81 82 83 -32 -85 -83 87 -87 -84 -90 -81 -47 -21 -94 -16 96 97 -9 -64 -20 -82 102 -40 106 105 -105 -48 -13 109 -46 111 -110 113 114 -1 -115 -117 118 -116 120 -119 122 -122 125 -125 -124
right_child=1 38 3 30 -6 6 8 37 9 -11 11 12 13 14 15 16 17 -19 19 92 21 22 -24 -25 25 -27 -28 28 -30 -31 79 -33 -34 48 35 -37 -38 -39 44 -41 41 42 43 -45 47 46 103 -49 49 50 51 -53 -54 -55 57 -57 -58 -59 -60 -61 62 69 73 64 68 66 -68 -69 76 75 -72 -73 -74 -75 -76 -77 -78 -79 -80 90 100 85 88 84 -86 86 -88 -89 89 -91 -92 -93 93 -95 -96 -97 -98 -99 -100 -101 -102 -103 -104 104 -106 -107 -108 -109 110 -111 -112 -113 -114 115 117 116 -118 119 -120 -121 121 -123 123 124 -126 -127
leaf_value=-0.023759455958930135 0.0019338289901636584 -0.00013022135124944451 0.12920540445099837 0.30399210743896071 0.013203908715078762 0.0018091991515983132 -0.012114624989669582 -0.082175184713056904 -0.20684560794921988 -0.002209085051960092 0.032977947990972631 0.06898793821138173 0.19931017713284141 -0.0024803947805674196 -0.076423225485409904 0.0054934853613608486 -0.074806973021271053 0.025967572695604516 0.070915431040748461 -0.10105389933479929 0.058736769378633313 0.12300394171900431 0.051681010638875188 0.64883332289790108 0.043709931960781712 -0.055588252570914348 0.00070306216001834196 0.3016230794766368 0.048943476179865136 0.0030385799319919771 0.01293611668815978 0.025992193692580434 0.055986059651240878 -0.043867943661220543 -0.12851364853493941 -0.46208698066671727 0.017574410055413998 0.07783328230231551 0.02050813565326234 -0.007140820366251628 0.024890817042842 0.0032971117567056414 -0.0065747322328933685 -0.32284891772998214 0.004102903777829338 0.028485434389389806 0.0098366084852345385 -0.010214940215156662 -0.067302236350443023 -0.04950404114328974 -0.56153217655932197 -0.16079436069188352 0.054517783050325931 0.05699348440660252 0.0073645333267305952 -0.0049869120137946577 -0.0027904428256239921 -0.082138350975529212 -0.062295458189174716 0.041489517886777849 -0.0042443180683668751 0.017461178264366533 0.18446374488085066 -0.22869056055741804 6.09106840343475e-05 -0.10063910109990214 -0.060474974866554683 -0.49954060657808269 0.0135451948747696 -0.0087030754360165122 0.13943975329146857 -0.027182292480090183 -0.050846488302516146 -0.0024999171784344659 -0.0048384669215481482 0.019503541586923506 -0.07813924473504949 -0.11745846816393955 0.029383021297652141 0.021908856581407718 0.16920950421728659 0.0068714902072474146 0.076255810944175884 0.14588185119854427 0.049696124697860777 0.051986858269223161 -0.14480057941320323 -0.051686467005564563 0.35879507401851274 0.11610420274755474 -0.0042694806670838933 -0.01702557346710451 -0.0038343668977930765 -0.080725358496513785 -0.01231551976843564 -0.037793927911673138 -0.043034231395727165 -0.27363209796740201 0.061813368705259511 0.0040111226043806998 0.044639179932226707 0.050774118090349651 -0.020762639238017865 -0.022634820132306586 0.018715839718378254 -0.12365586482334677 0.029180676436360381 0.0096079140621245923 -0.0070490060110421117 0.053545978275873075 -0.021420194625276858 0.016815715144883073 0.0045794010692623297 -0.015588372722844359 0.081122173231192585 -0.03239363135170735 -0.18945251068253519 0.010728049102242622 0.0086572858837117555 0.019167670153523719 0.10329962315171119 -0.012222936847440229 0.11597777710618508 -0.0028634221657993916 -0.13583901587027561 0.015925564104870074
leaf_weight=649.95761932234745 1625.7621036783094 1018.6652733391384 23.104219790431671 13.407150254934097 1518.8519365602406 4859.3726521894569 6376.8448267776985 27.618964027496986 16.236222138511948 16.609456915408373 493.82670761307236 84.91039702296257 16.792400521691889 912.92466451239306 55.61483353341464 71.959586812066846 14.882570249843409 28.878357209148817 48.683105229167268 36.013814105186611 147.23192738567013 6.2878299669828248 24.4629149697721 5.8721738664899021 72.583601723657921 77.342521939892322 3075.0924791548168 11.60091294127051 19.341307863593102 780.72201975260396 1202.0212217748631 190.27482370147482 14.588958097505381 54.854117091628723 16.596915075439028 8.7142329015769082 95.485031188116409 25.784570922260173 480.58604946441483 947.7074110993417 1373.5192467547022 43.007510848343372 8.9112214630004036 8.9107789035188016 274.65394588618074 1676.087629908463 2435.0475678121438 3944.688424519496 30.819197272299789 11.475969336926939 6.1830691443756205 7.5599531364860013 34.680743566364981 101.84814769530203 60.079499816056341 782.83665055397432 389.15075833664741 48.85274833033327 51.492072459659539 152.37692488066386 1461.4176957650343 124.7289415578125 17.382068994222209 18.575232525472529 24.524603277444839 12.206656635855326 72.105287986341864 8.6085746111348254 334.16110529773869 2077.8641567797167 26.356599198887125 401.79951161018107 84.767368543776684 648.04026394011453 75.928931106231175 379.63886134210043 30.611469756579027 39.876351832877845 205.54975261096843 404.66058495361358 20.760058706160635 638.91093362856191 13.319778990000485 44.887850990751758 58.680995751754381 35.30951738730073 22.616268236539327 64.399744415073656 9.8089741833973694 8.9875141829252225 1344.5994742759503 106.28130844514817 187.37328898021951 46.424248507712036 431.36719364800956 376.27582655847073 64.863111761864275 15.213982166722415 61.625640694634058 483.03177584416699 35.905243698041886 122.06237245793454 237.34476219571661 212.37549277860671 327.53026290039998 37.624627610901371 746.23205551330466 176.19443331891671 1139.0965575289447 139.54741844919045 462.7501380200265 672.94852377101779 1818.0392016610131 1797.2158158287639 69.319972670287825 72.969196250080131 22.508315880550072 746.86607861495577 750.45332383422647 418.63918196957093 38.326513713225722 3245.9463463854045 24.708242134307511 96.773609816445969 22.299479755456559 103.64909771829844
leaf_count=1059 2654 1423 68 71 2433 7755 10574 59 62 26 895 166 62 1432 119 95 27 45 87 91 259 16 41 69 117 143 4980 68 35 1312 1899 333 22 85 42 74 139 53 755 1396 2188 69 20 60 448 2830 3856 6322 56 19 63 25 62 176 86 1144 672 102 120 269 2404 157 63 79 34 28 125 79 490 3427 76 693 165 1116 125 582 61 99 333 604 67 986 24 128 97 62 77 107 61 21 2216 175 296 91 659 657 116 76 119 740 52 226 406 329 555 95 1322 293 1845 235 785 1024 3145 2980 145 104 82 1233 1148 711 89 5490 65 147 63 139
internal_value=0.000170518 0.00439398 0.00695104 0.00341158 -0.00119106 -0.00396876 -0.00762293 -0.00273058 -0.0126079 -0.103827 -0.00128693 0.0032375 -0.00581511 -0.00935898 -0.0173564 -0.0356613 -0.0658837 -0.0948383 0.00451424 -0.0034854 0.00850765 0.0297023 0.167903 0.390704 0.0193844 0.00307947 0.00585722 0.0179522 0.146535 0.0146886 0.0119583 0.046129 0.177223 -0.118613 -0.188057 -0.251759 0.0482505 -0.0158684 1.8719e-05 0.00711665 0.0126489 0.0217591 -0.0470568 -0.168707 -0.00311997 0.0127569 0.0159248 -0.00514295 -0.092245 -0.13782 -0.219876 -0.354867 0.103781 0.0193816 -0.0015588 -0.017419 -0.0285041 -0.0324012 0.0017564 0.00295949 -0.00476847 0.00162195 -0.0102915 -0.0156772 -0.0318867 -0.0502851 -0.109906 -0.272967 -0.00614083 -0.00173921 0.0395975 -0.0391007 -0.084412 0.0063281 0.0434105 -0.00431779 0.00547097 -0.0714594 0.0400225 0.010027 0.0167022 0.014618 0.0232833 0.0193042 0.0919397 -0.000548135 -0.0394834 -0.0143752 0.178273 0.249534 0.00177138 0.0257244 -0.0308602 -0.019588 -0.0198854 -0.0490776 -0.0876869 -0.15329 0.0904069 0.0103382 0.0915917 0.0132709 0.00678649 0.0112623 -0.00589494 -0.0383262 0.0143943 0.0291551 0.000743251 0.0209119 -0.00291681 0.00179004 -0.00485824 -0.006994 -0.0034749 -0.0184294 -0.0708248 -0.00107233 0.0149213 -0.00387637 -0.00614746 -0.00973331 0.0182926 0.00466328 -0.028815 0.0360337
internal_weight=60631.1 30016.1 18937.8 11770.9 7647.73 30615 12950.8 6541.12 6409.69 32.8457 17664.2 7786.56 2861.42 2600.32 1651.83 738.906 251.924 179.964 948.484 801.526 4925.14 544.561 36.6229 12.16 507.938 360.707 4380.58 1305.49 30.9422 1274.55 4123.14 218.271 27.9961 151.086 40.1937 25.3111 146.958 1681.74 11078.3 3400.72 2453.01 1434.35 60.8295 17.822 7677.55 7166.94 5541.18 6837.55 110.892 56.0382 25.219 13.743 51.4731 283.364 181.516 1655.96 873.123 108.932 2892.87 2841.37 6128.87 2837.24 3291.63 2488.65 1027.24 598.063 92.9205 20.8152 429.174 2608.59 151.086 505.142 103.343 802.977 154.937 2457.5 364.773 64.401 228.654 3904.87 2155.61 2098.94 1337.71 1305.59 103.569 761.236 122.326 99.7093 32.1163 18.7965 1749.26 1782.37 269.811 233.798 486.982 483.972 107.696 42.8329 79.0077 531.715 56.6653 839.993 717.931 3758.81 577.53 250 3181.28 261.105 2689 414.201 2274.8 1812.05 9877.67 8059.63 6166.94 1892.69 95.4775 5516.98 819.773 4697.21 4278.57 3531.7 285.757 247.43 119.073 128.357
internal_count=99851 48990 31399 19583 12756 50861 21194 10532 10662 88 29667 13067 4768 4309 2741 1309 531 436 1568 1305 8299 1009 126 85 883 624 7290 2310 103 2207 6827 426 93 391 143 116 263 2777 17591 5156 3760 2337 149 80 12435 11816 9162 11048 248 163 107 88 124 481 305 2724 1580 188 4726 4606 10323 4643 5680 4257 1853 1169 232 107 684 4242 233 937 244 1423 307 4009 551 133 401 6401 3581 3462 2230 2124 225 1232 246 169 106 82 2820 3005 478 387 778 908 251 135 182 827 119 1387 1161 6157 979 424 5178 459 4337 683 3654 2869 16600 13455 10289 3166 186 9230 1293 7937 7226 5993 503 414 210 204
is_linear=0
shrinkage=0.095553


Tree=14
num_leaves=127
num_cat=0
split_feature=18 21 21 18 18 21 18 21 1 18 10 11 14 21 1 1 19 3 10 1 10 18 15 4 1 10 16 12 19 1 1 15 19 11 20 19 21 10 4 12 8 21 15 15 10 19 20 9 3 10 3 21 10 18 20 4 20 4 20 8 20 21 18 9 11 10 11 10 21 1 21 4 5 18 18 3 15 1 3 18 20 10 20 9 12 10 5 19 18 21 3 13 19 1 16 15 12 21 12 12 16 20 21 13 15 18 11 4 1 18 12 21 11 10 12 11 10 19 14 3 18 12 21 21 8 15
split_gain=96.74 66.8617 61.8071 47.5117 39.513 36.5402 44.6699 35.0975 31.4985 31.7255 30.6681 29.7972 29.1643 27.3837 27.1453 26.869 25.6263 34.3138 26.3734 25.0723 23.9228 33.3314 33.1911 29.7735 26.7285 24.9455 31.7987 25.9384 33.1365 43.0709 24.7547 25.483 36.8288 27.5585 24.7449 23.8393 22.129 21.9648 21.8648 40.5854 37.8886 28.3588 23.701 27.9153 37.8756 30.9356 29.6808 28.1709 26.3936 22.1958 25.4247 21.7884 21.4438 21.2373 31.3215 26.0767 35.4047 63.0269 53.6947 96.5082 28.8683 24.2943 29.7302 24.6113 23.9919 65.7939 52.1207 22.466 21.9539 34.8698 27.1368 21.926 23.6908 21.9107 21.5768 20.9914 45.7047 36.7607 28.4011 22.3801 20.5968 20.4041 20.3633 20.0339 22.2803 30.5787 31.9489 19.9192 25.2259 19.6295 33.4159 22.8919 19.4602 79.9872 19.4152 19.4009 28.4138 23.9405 26.2486 22.9057 24.187 19.2208 19.1964 19.1922 24.2099 21.783 19.5354 20.0198 19.1035 25.9926 21.1956 19.1621 20.8051 19.1022 18.9657 36.7479 18.8248 27.2738 28.4661 26.1712 24.7692 23.2467 22.4717 22.0398 21.8895 20.4382
threshold=-0.096240367740392671 -0.069417897611856447 -0.12156524136662482 0.02152569126337767 -0.29062251746654505 0.10266834869980813 0.12257515639066698 -0.0068410797975957385 -0.37926135957241053 -0.052385110408067696 -0.033570837229490273 0.26669405400753027 0.38926157355308538 -0.22455625236034391 -0.44744317233562464 0.41619317233562475 -0.1893181577324867 -0.49647271633148188 -0.23676705360412595 -0.35653407871723169 0.79190927743911754 0.094701088964939131 -0.01713517680764198 -0.085229709744453416 -0.42471592128276819 -0.088721506297588335 0.10049235448241235 -0.16658090054988858 -0.18108136206865308 -0.20880681276321408 -0.27698864042758936 -0.10675115138292311 -0.18375552445650098 0.064142227172851576 0.2848306298255921 -0.22195809334516522 0.0045661521144211301 -0.24949025362730023 0.21648090332746509 -0.2603659182786941 -0.13857932388782498 0.18023752421140674 -0.23194316774606702 -0.023018433712422844 -0.22918041795492169 -0.01983541157096624 0.10344028100371362 -0.24589471518993375 0.48477418720722204 0.31011937558650976 -0.31359797716140742 0.024121406488120559 0.33734548091888433 0.29731050133705145 0.02633590251207352 -0.33341428637504572 0.1690488085150719 -0.20984914898872373 0.097820434719324126 0.479446291923523 0.1690488085150719 0.63198998570442211 0.53901666402816784 0.13547397404909137 0.024514570832252506 0.043069487437605865 0.013549434486776592 0.048718269914388664 0.3833546936511994 0.22869318723678592 0.44618900120258337 -0.14091055840253827 0.37500000000000006 0.21669483184814456 0.12685234844684604 -0.060979206115007394 0.15291090309619906 -0.063920453190803514 0.43187998235225683 0.21241156756877902 0.26866652071475988 -0.083065483719110475 0.23152447491884234 0.18968351185321811 -0.197644367814064 0.034643070772290237 -1.0000000180025095e-35 -0.1799083277583122 -0.040325462818145745 0.013379053678363563 -0.36766564846038813 0.1397732347249985 0.21820498257875445 0.45312500000000006 0.18412414938211444 0.68049922585487377 0.081309322267770781 0.19218578189611438 -0.051326472312211983 -0.12109205499291419 0.084931932389736189 0.030311418697237972 0.5283210575580598 0.29499800503253942 0.34412442147731787 0.24711910635232928 0.16445721685886386 -0.46789334714412684 0.33664773404598242 -0.018067889846861359 -0.21308176219463346 -0.035522120073437684 -0.079544544219970689 0.48291525244712835 -0.23315609246492383 0.035242158919572837 0.29126545786857611 -0.020971215330064293 0.31729663908481603 0.41864693164825445 -0.13517671078443524 -0.20342481136322019 -0.33209386467933649 -0.29163077473640436 -0.056119127199053757 0.012296467088162901
decision_type=2 2 2 2 2 2 2 2 2 2 2 2 2 2 2 2 2 2 2 2 2 2 2 2 2 2 2 2 2 2 2 2 2 2 2 2 2 2 2 2 2 2 2 2 2 2 2 2 2 2 2 2 2 2 2 2 2 2 2 2 2 2 2 2 2 2 2 2 2 2 2 2 2 2 2 2 2 2 2 2 2 2 2 2 2 2 2 2 2 2 2 2 2 2 2 2 2 2 2 2 2 2 2 2 2 2 2 2 2 2 2 2 2 2 2 2 2 2 2 2 2 2 2 2 2 2
left_child=2 14 4 7 10 20 15 12 9 51 -1 53 16 116 52 38 17 18 -3 -4 21 22 113 -22 -23 26 30 -28 29 -29 -26 -32 -33 -34 36 -27 81 -10 39 -7 49 -42 -41 44 -44 48 -47 -48 95 50 -40 -9 -2 54 74 60 57 -57 -59 -60 -55 62 67 -63 65 66 -62 -58 103 70 -70 72 -69 -71 -8 76 77 -76 -77 -80 92 -24 -46 89 85 86 -85 88 -39 -21 -91 -92 -17 -94 -65 96 97 99 -99 100 -45 -15 -73 104 105 -56 -107 -108 110 -110 111 -18 -113 -5 115 -93 117 120 119 123 121 -6 -121 124 -119 -118
right_child=1 3 19 5 13 6 11 8 37 -11 -12 -13 -14 101 -16 80 108 -19 -20 83 23 24 34 -25 25 35 27 28 -30 -31 31 32 33 -35 -36 -37 -38 87 40 42 41 -43 43 45 82 46 47 -49 -50 -51 -52 -53 -54 55 68 56 61 58 59 -61 64 63 -64 94 -66 -67 -68 71 69 73 -72 102 -74 -75 75 78 -78 -79 79 -81 -82 -83 -84 84 -86 -87 -88 -89 -90 90 91 114 93 -95 -96 -97 -98 98 -100 -101 -102 -103 -104 -105 -106 106 107 -109 109 -111 -112 112 -114 -115 -116 -117 125 118 -120 122 -122 -123 -124 -125 -126 -127
leaf_value=-0.028823412065362281 0.13797166782466552 0.011131512885055124 -0.03598248322552234 -0.0022825258267230742 0.088751678214686575 -0.10775612356014384 0.10537127388853548 -0.050558227211524802 0.023527954081292112 -0.028836088941827542 -0.0051560501357509197 -0.0028946206487259511 -0.038079956787590206 -0.0053019227396781717 0.011663791079268114 0.019573932294403247 0.092967330602108891 -0.016157772779139289 0.14866446082139945 -0.011370789846849454 0.020256397619464739 0.084484010584005259 0.061813387139840262 -0.038572674212732132 0.14502183497322418 -0.018937967144355396 0.061613317795338234 -0.0076280125848639888 0.005595878687129849 -0.215577928382854 0.017054199576441921 0.026456139504057726 0.21409404416537337 0.081925990165067894 0.073985616735618917 0.013499943556792965 0.0064965672472603354 -0.13102686341494185 -0.24452945114086994 0.082613235608481508 -0.0083524146327387562 -0.053788559991972087 -0.10822967083629095 0.080006476522583192 -0.010391562713209086 -0.057988000606667568 0.052040890136545628 -0.0156350282836124 0.099004746082198058 -0.021468646277257745 -0.079965443168417624 -0.21876507863517478 0.018030679655490781 -0.050028848263873466 0.0097506770761831927 -0.10065073034270072 0.020385134747472874 0.052112668419327199 0.45180945229454045 0.039109254780691348 0.37937106284655076 -0.0048936066683602482 0.048936753697759253 -0.033406168356543815 0.026938364204100784 0.036915695341075173 0.067974091596260486 0.0027151372881934225 -0.031177560759961979 0.042689484172016283 -0.13642078678607256 -0.0048346828851614787 0.09640452938124762 -0.025744755149430792 0.23967369598223837 -0.015348678648931871 0.022964662389982123 0.052850211930018424 0.059323636667723917 -0.039034522095762081 -0.020533579156256247 0.015733597067586463 -0.064356552648555845 0.012990764624593169 -0.0044105506358990817 -0.027924692774592003 0.14407950564178862 -0.0083835872887994944 -0.02649333909377808 -0.14217639123278891 -0.012869776923333917 -0.047820285411600487 -0.015419617940361131 0.28347835680279376 -0.14113561084489562 -0.071627359169763358 0.042907416588218276 -0.015704932639285782 -0.12298014298671144 -0.0039922205548826801 0.013806941509905007 0.013629713361222193 -0.047719034671320361 -0.0050842922711101706 0.052662285994097252 -0.00196838025614695 -0.11367805928493829 -0.021861481525018909 0.0072076912489410245 -0.041589211617869791 0.0085071637697930972 -0.046575286688909819 0.039978799461061788 -0.080398327692061525 -0.03367030889136461 -0.22336168056833716 0.0065815971716663554 0.034014533063605051 0.051361182452312137 0.00089324819992334993 0.096056395342408424 0.0039620761354765164 -0.11772244401324693 0.0099938205151541767 0.14746604705754895 -0.027558885636441124
leaf_weight=539.94180008454714 27.119772892445326 34.720226407051086 423.80292696657125 2828.3637988072587 28.514213962946087 34.692629936151206 26.093039208557457 15.309393787407318 186.76268633233849 353.86876630946063 6700.0557245400269 5118.9119254829129 158.8314461853588 3128.6764341943199 5494.8925557307666 232.27857635344844 47.744054174982011 785.79220030561555 19.197330504190177 3723.6640827332158 120.62193068373017 49.622786867548712 131.61574746842962 213.9380848450819 21.028535717749037 220.94427800446283 48.940860083093867 21.124725103378296 130.03279354795814 14.951128966291433 210.32819755328819 113.32158417976461 17.348137501161546 82.355962838279083 55.845510821207426 2730.3842249492882 2078.3717780518346 23.523379354737699 13.657114401343277 25.41140259266831 508.55582725326531 166.25458300986793 45.129507375764661 64.934348093462177 449.08199186285492 133.14270532084629 61.677343912888318 476.23861919913907 26.554062251001596 22.649976519751363 24.827363418648019 13.450864295009522 27.278407573699951 36.798739514313638 2563.2733762863791 16.366395507357083 493.95271236717235 62.494468636228703 8.9734370983205753 11.168673652457072 9.9622826861450466 242.82623074529693 156.6348568466492 47.914306074264459 537.5578417427605 72.857937900931574 9.6900842674076539 79.642113732988946 244.94991700258106 100.14523971255403 23.521569057484157 465.94243260973599 34.501429746043868 70.900190503685735 16.261114283814095 243.92289009212982 265.12119450466707 23.299034660565667 104.01014837704133 24.193423800170422 101.87225290690549 268.90206468699034 73.481427140068263 33.687262756400742 897.95450285624247 34.885549958329648 33.919005091069266 3998.5243890153943 145.59120756213088 21.173013511695899 591.5267106667161 41.457243484328501 19.952080987161025 12.103570599108933 22.213480427628383 27.060468257172033 174.11262165103108 113.51564985769801 24.362861056812108 549.74969177390449 216.9485064210603 577.90197592915501 119.15696651535109 1850.4392308067763 101.35438793431967 628.07950611005072 27.567311319406144 90.863437296822667 269.20535075641237 154.91603454668075 2098.7851787793916 28.786814127466641 136.22767347202171 27.185974646825343 260.11981523176655 14.335000727907753 573.33809414634015 52.333244513487443 311.83624373690691 33.608163674827665 26.481559463893063 1543.5887873079628 22.834287547739223 275.54318505187985 21.631590976030566 219.64058376743924
leaf_count=979 78 48 686 4474 70 84 59 24 296 576 11215 8065 265 5311 8794 362 98 1145 67 6237 171 106 233 327 68 318 90 30 230 61 384 203 70 165 104 4416 3134 65 61 70 755 288 113 130 674 232 109 777 70 30 61 57 33 59 4117 40 770 97 75 18 68 375 280 73 857 125 17 120 414 146 74 738 72 110 69 369 430 36 178 35 152 388 142 51 1445 55 101 6539 223 71 1127 120 32 72 68 53 270 189 68 760 306 890 193 2887 193 1027 68 147 426 251 3319 51 218 61 430 66 866 77 558 56 62 2462 65 428 64 361
internal_value=-7.47394e-05 0.00259043 -0.00549873 0.00106048 -0.00201381 0.00302453 0.000448022 -0.00517833 -0.0106399 -0.0369045 -0.00693075 0.00289867 0.00173631 0.00320244 0.0123418 -0.00903903 0.00353133 -0.0110306 0.061308 -0.0135513 0.00783706 0.00876859 0.00397829 -0.0171431 0.0158081 0.0148294 0.0316499 0.00133636 -0.0164912 -0.0958557 0.0462354 0.0409643 0.0642454 0.106483 0.011937 0.0110475 0.0104917 -0.00831463 -0.0118282 -0.00753261 -0.0263118 -0.0196762 -0.00605358 -0.00703658 -0.025568 -0.00137102 -0.0177916 -0.00769616 0.00780315 -0.0975832 -0.141787 -0.131138 0.0785695 0.00626187 0.00336663 0.013874 0.00774575 0.0628188 0.0971893 0.229083 0.0299734 0.00439981 0.00998132 -0.0194706 0.034842 0.0796741 0.230081 0.00479519 0.0010106 -0.0194515 -0.0409337 -0.00616459 0.0317135 0.013894 0.0223772 0.0189792 0.0375334 0.13163 0.00362085 0.0398487 0.0153778 0.0310418 -0.0181798 -0.0118569 0.000356447 0.0422557 0.0797233 -0.00975965 -0.0417921 -0.0144944 -0.0269518 -0.024084 0.0295159 0.0979675 -0.0688058 0.00560746 0.00754902 0.00111316 -0.0354631 0.00727076 0.0293628 -0.00233298 -0.0137008 0.0027325 0.00698796 0.00556008 -0.00875494 -0.0441187 0.00802247 -0.0105229 0.0114527 0.0401344 0.0243137 -0.0030716 -0.0448596 -0.0952723 0.00981657 0.0141696 0.0296463 0.0128234 0.00718203 0.00558824 -0.04644 0.0226351 0.0685179 -0.00282815
internal_weight=61088 40955.6 20132.5 35406.3 14055.9 26935 17549.8 8471.24 4737.03 382.629 7240 13951.6 3734.21 6815.93 5549.29 3598.25 3575.37 839.71 53.9176 6076.53 9385.23 9050.67 5390.28 334.56 3660.38 3610.76 659.432 215.05 166.109 36.0759 444.382 423.354 213.026 99.7041 2534.74 2951.33 2478.89 4354.4 3232.04 2496.09 735.945 674.81 2461.4 2435.99 567.693 1868.3 671.059 537.916 1197.24 61.1345 38.4845 28.7603 54.3982 8832.65 6404 2428.65 1761.79 99.003 82.6366 20.1421 666.867 1662.78 1349.83 312.954 630.068 92.5103 19.6524 1193.2 5701.09 439.517 268.471 699.243 114.144 171.045 702.901 676.808 304.681 39.5601 372.126 128.204 366.206 400.518 522.563 5652.72 1000.45 102.492 67.6063 4167.64 169.115 4652.28 928.612 907.439 264.334 32.0557 70.1278 1170.68 1143.62 969.511 137.879 831.633 281.883 3706.58 585.099 5261.58 3411.14 3309.78 746.51 118.431 2735.67 424.121 2311.54 212.759 165.014 2855.55 315.912 55.7922 3109.35 2316.37 717.787 405.95 1598.58 1572.1 56.4425 349.508 73.9648 792.979
internal_count=99788 65935 33853 57030 23464 43362 28329 13668 7780 657 12194 22469 5888 11270 8905 5860 5623 1260 115 10389 15033 14535 8394 498 6141 6035 1301 411 321 91 890 822 438 235 3859 4734 3755 7123 5242 4047 1195 1043 3963 3893 929 2964 1118 886 1846 152 122 81 111 14404 10359 4045 2919 230 190 93 1126 2689 2173 516 1067 210 85 1893 9183 744 488 1123 192 256 1176 1117 535 105 582 213 618 621 816 9703 1652 207 152 6827 288 8051 1814 1743 466 104 141 1776 1723 1453 257 1196 436 6201 931 8439 5552 5359 1242 215 4363 677 3686 367 269 4535 616 186 5069 3842 1248 690 2594 2532 121 569 141 1227
is_linear=0
shrinkage=0.095553


Tree=15
num_leaves=127
num_cat=0
split_feature=18 21 21 18 0 21 18 0 18 17 12 17 21 21 0 9 4 14 21 18 4 0 3 18 15 21 17 12 21 17 13 12 21 18 18 21 18 5 17 21 16 9 0 12 0 11 4 17 17 14 14 17 17 17 12 16 21 20 12 18 20 15 12 17 11 4 12 18 5 18 12 18 20 11 12 18 21 12 17 21 5 3 9 18 21 21 4 14 21 16 1 12 3 4 21 21 15 12 0 11 20 16 21 18 21 15 3 17 18 11 4 20 3 9 11 11 12 3 18 3 14 14 15 20 16 11
split_gain=79.029 52.6352 51.9161 45.0148 34.471 32.4305 31.4104 30.5154 30.2249 31.7069 31.3026 29.0199 30.0299 27.3171 37.4037 27.0877 24.5898 28.6322 24.5674 39.0091 39.6671 36.3998 24.8199 24.4321 31.6867 31.002 48.2239 36.6626 23.769 31.0153 23.6196 34.5407 23.0707 22.7507 22.4815 22.0296 33.2256 32.8644 55.8943 57.539 42.2493 34.7698 24.2031 61.6218 24.6699 22.4883 21.8658 26.2662 30.4188 23.9206 41.4096 29.2807 30.2235 21.4369 29.1852 21.4293 21.4243 20.995 20.4005 20.7619 20.289 24.2148 19.9847 29.5317 29.0745 34.4727 24.8192 23.5488 29.069 19.9384 24.6848 22.6475 39.5243 50.7287 30.8674 29.22 32.4384 27.3668 53.6729 80.9036 21.2791 59.3216 20.2676 19.9218 35.3912 30.5396 27.2183 34.3878 23.4366 23.1742 19.5594 19.5446 35.3095 25.043 63.7095 48.1641 19.4551 33.0552 28.8554 19.2915 19.1222 26.4905 25.3375 23.3731 19.1197 21.668 19.0214 31.2738 85.4862 23.6974 18.949 34.5411 28.1214 26.7635 40.6418 25.6083 18.8742 24.2105 18.8382 38.6183 28.2775 19.2567 18.678 36.4755 18.5426 18.2578
threshold=-0.0995199680328369 -0.067136447876691804 -0.10722472146153449 0.031402070075273521 -0.066761363297700868 0.087024141103029265 -0.30736744403839106 0.44460226595401769 0.13985770940780642 0.43157629668712622 -0.29650086164474482 0.42607507109642034 -0.067136447876691804 0.077246513217687621 0.44176135957241064 -0.17548873275518415 0.20911728590726855 -0.098132669925689683 0.28624004125595098 0.27762436866760259 -0.22463172674179074 0.43892045319080358 -0.16406177729368207 0.19685667008161548 0.60062211751937877 0.22195540368556979 0.14587228745222094 0.14448256045579913 -0.22977098822593686 -0.045196317136287682 -0.28856037557125086 -0.19091480970382688 0.22195540368556979 -0.12602812796831128 0.22276604920625689 -0.5054381489753722 -0.57647010684013356 0.37500000000000006 1.0000000180025095e-35 -0.4544967114925384 -0.099716871976852403 0.31043659150600439 0.37642045319080358 0.38576330244541174 0.42471592128276831 -0.6359727382659911 0.069023612886667265 -0.17078959196805951 -0.29666906595230097 0.38034582138061529 0.053472200408577926 -0.050445850938558572 0.63677549362182628 -0.28128147125244135 0.051166381686925895 0.57929909229278576 1.0000000180025095e-35 0.18856135755777362 0.29114350676536566 0.023945228196680549 -0.019019757397472855 0.21352534741163257 -0.17251000553369519 0.47350065410137182 -0.14434412121772763 0.01222305651754141 -0.14739279448986051 0.02152569126337767 0.37500000000000006 -0.99757909774780262 -0.14483132958412168 -0.22926829755306241 0.29044693708419805 -0.1088595539331436 -0.25145226716995234 -0.20960088074207303 0.14699359238147738 -0.335345908999443 0.042931107804179199 -0.065180923789739595 0.37500000000000006 0.41401703655719763 0.64824029803276073 0.60444065928459179 0.63198998570442211 0.65585392713546764 -0.10926083102822302 0.28375855088233953 0.81740963459014904 0.35018315911293035 0.035511363297700889 0.070154376327991499 0.39443531632423406 -0.30799929797649378 -0.4544967114925384 -0.41279838979244227 0.34412442147731787 0.29114350676536566 0.024147727526724342 0.12308412790298463 -0.055901374667882912 0.44238618016242987 0.13786780834198001 0.13895370811223987 -0.0055243594106286755 -0.026874040253460404 0.38928070664405828 0.01427441416308284 -0.3290975540876388 0.022197627462446693 -0.4010626077651977 0.14324882626533511 -0.44795000553131098 -0.10847900435328482 -0.051978677511215203 0.10330088809132577 0.060714693740010268 0.17175004631280902 -0.090686492621898637 -0.46216037869453425 0.095784857869148268 0.15299423784017566 0.66059908270835888 -0.077603098005056367 0.2830826342105866 -1.0676110982894895
decision_type=2 2 2 2 2 2 2 2 2 2 2 2 2 2 2 2 2 2 2 2 2 2 2 2 2 2 2 2 2 2 2 2 2 2 2 2 2 2 2 2 2 2 2 2 2 2 2 2 2 2 2 2 2 2 2 2 2 2 2 2 2 2 2 2 2 2 2 2 2 2 2 2 2 2 2 2 2 2 2 2 2 2 2 2 2 2 2 2 2 2 2 2 2 2 2 2 2 2 2 2 2 2 2 2 2 2 2 2 2 2 2 2 2 2 2 2 2 2 2 2 2 2 2 2 2 2
left_child=2 90 6 13 69 7 35 -5 9 10 -7 12 33 46 62 -13 17 60 22 20 -20 -22 23 24 25 26 -10 -27 -8 30 31 -30 100 -6 -23 36 125 42 39 -39 -41 91 -37 -44 -45 -38 47 48 -3 50 55 -52 -53 54 -14 -49 -50 -31 59 -48 -11 -62 67 66 65 -65 -64 68 -15 70 -4 74 75 -74 77 80 82 -71 79 -79 104 -82 -77 84 -21 -85 89 88 -88 -87 118 92 -40 -93 -95 -96 -86 98 -98 -47 101 102 103 124 105 -73 -76 -108 109 -109 111 115 -112 -113 -115 -102 117 -34 119 121 -121 -2 123 -24 -12 -1
right_child=1 3 4 5 11 8 28 -9 18 16 32 15 53 14 -16 -17 -18 -19 19 83 21 34 122 -25 -26 27 -28 -29 29 57 -32 -33 116 -35 -36 37 45 38 41 40 -42 -43 43 44 -46 99 58 49 56 -51 51 52 -54 -55 -56 -57 -58 -59 -60 -61 61 -63 63 64 -66 -67 -68 -69 -70 71 -72 72 73 -75 106 76 -78 78 -80 -81 81 -83 -84 85 96 86 87 -89 -90 -91 -92 93 -94 94 95 -97 97 -99 -100 -101 110 -103 -104 -105 -106 -107 107 108 -110 -111 112 113 -114 114 -116 -117 -118 -119 -120 120 -122 -123 -124 -125 -126 -127
leaf_value=0.0091736905349120729 -0.1708206966677471 0.026559912602629607 0.12462144486246826 0.0076596140477560503 -0.016985588859124684 0.029957212110032317 0.007999132094844966 0.058299207383203037 0.012823438144192321 0.022951411297152811 -0.04091796123995517 0.011672884167933073 0.072983445871331099 -0.024237755714622406 -0.12742775140620297 -0.092778289380772511 -0.014903410602317898 0.042940264662055472 -0.027988092110271243 0.0042169990135419609 0.0036492431845760666 -0.11308091727120642 -0.066027133031797247 0.025688009609828456 -0.046799751654289033 -0.019100130359746476 0.078334952386265588 0.045113333362638057 0.12351332916851777 -0.0094886601117946511 -0.003855045068309151 0.017243260403685429 -0.056037087924235028 0.016480320548220805 -0.0152525851144335 -0.0058288640830836723 0.046972036008749253 -0.03119655025028132 -0.029611030827053911 -0.10907495358643567 -0.29857581768947705 0.088926260558451015 0.0066373668624140295 -0.063455708347353826 -0.17109965855391568 0.009755065768621082 -0.0080418994934799929 -0.00065078705023151415 -0.027748815161565063 -0.026663670963437247 0.064332270973500749 0.012904252885854383 0.11372908155129738 -0.039324972238719405 -0.019969298286883607 0.070217885980384281 -0.10351152647277745 0.025865306807344605 -0.036045854335972127 0.02651400362806176 0.0061013927746502239 -0.032882268317886237 -0.057331407660051757 -0.042127305740187269 -0.052360740083449313 0.13564825603488201 -0.0061223918875194334 0.042199018601686872 0.04268014846053296 -0.021844811344025002 0.0046499673026538851 -0.0072908333253484808 0.2061340602800901 0.014689360548682497 0.0018056444436376085 -0.0085865990686813908 -0.11272633318580755 -0.074213771884706389 -0.022154165936632678 -0.41843029379914926 0.23220199475809783 0.0092464441156562393 0.073314280356930078 0.038956026714146462 -0.0058430525084294423 0.047226023638913109 -0.070544828842221768 0.080266510238001201 -0.007966231923246107 -0.0058523363672000981 0.0067776685449864611 -0.016097827648707208 0.070978870660766441 -0.021756037721869459 -0.068217003047557498 -0.34884324587758614 -0.049570592234174357 -0.032434086141994944 -0.2495393072157564 -0.064079056783548319 0.066582120680878945 3.4767537878659684e-05 -0.13836115696849177 0.025503362351341628 -0.035941755299826156 0.07928483113878447 -0.00995305532111509 -0.34776247787916781 -0.02294843875940129 -0.14368564557762536 0.0072183019907326694 0.028468893047403344 -0.017611427766415149 -0.0079634524697708813 -0.10936331370280455 0.01098496684874224 -0.064719130038853032 -0.0011566792449816052 0.021157472434724479 -0.051031888078977912 0.044931526401335749 -0.028437802690321014 0.036426059655483428 0.0026057808378250448 -0.13569197912981851 -0.012503990640162851
leaf_weight=445.10573228111025 17.184413726907223 79.790135893039405 21.698072263039649 7462.8718608332565 622.7306113676168 167.61748463357799 3485.901446993812 108.83900306525175 863.59124781645369 398.64500688225962 148.18326636822894 27.754217834444717 34.147078429698013 248.47561118809972 24.993775028269738 93.41623560024891 417.45712996169459 220.53478371305391 809.19432688842062 3204.252424113336 1158.8643578287447 39.153618606971577 70.400877370964736 1092.1131541406503 91.714814426144585 453.23917818884365 115.34040700946935 96.774017459014431 27.549042080179788 2996.3992202101508 619.09092814603355 683.05980932025705 111.17080396180972 260.91640630085021 47.766822149744257 2745.7386237604078 149.4566305190092 80.895464121131226 92.358276113169268 48.795596605283208 13.691857444355263 25.782072427449748 119.43277259950992 71.051285044755787 27.366302909562364 873.39409984159283 2749.4340772771975 3125.6664571504807 208.74584308825433 218.06633258447982 130.83252750860993 876.7687028106302 26.39355856901966 751.64788247365505 211.42914361006115 37.670950056635775 40.131701542530209 159.32573261263315 222.05460835050326 166.18003962491639 583.27679655747488 191.29566184210125 93.68699230265338 20.919960116967559 313.5078605186427 16.416054407483898 966.23126161110122 111.55242228263523 75.710829603835009 51.963508092914708 49.702636266825721 50.864844443160109 17.154060325003229 41.382918421993963 300.87879084132146 2218.1292296022875 25.447244793642312 15.310266675311142 25.631009759264998 10.093093914212657 15.448682004120199 31.994945568381809 26.083394636865705 352.48746521014255 172.07921800820623 161.31485475623049 85.919680469436571 26.560568617889658 150.13048864633311 135.15688193135429 3710.7265532771125 116.52773910749238 46.291982374386862 43.910099915694445 10.937561850994827 11.619060931028796 13.926678463816645 134.84983050380833 12.645249745924955 31.629835484316573 103.4947987489868 169.07864148588851 24.966734285349958 40.537637053756043 49.785796447889879 50.134932086104527 194.07381384144537 9.3721607886254805 71.356737215886824 15.200400940375401 578.43325049954001 68.902052932069637 1454.9808985623531 108.95136510708835 52.921707582310773 279.14091552526224 120.09640040120576 213.78094778407831 1869.1377977995435 40.653068511979654 80.31548974069301 17.692813165485859 141.59930208674632 3492.6100535875885 20.986385044176131 1684.9600076295901
leaf_count=911 54 126 55 11840 998 272 5568 193 1371 572 264 55 80 401 72 209 613 366 1330 5027 1720 101 135 1784 150 688 226 158 93 5027 982 1099 204 404 89 4600 251 147 132 118 72 57 173 127 90 1369 4319 4929 336 365 274 1330 65 1363 289 65 97 237 368 247 792 275 162 34 606 57 1549 187 147 79 79 88 67 73 471 3564 62 28 37 74 66 52 56 560 258 285 168 52 248 190 5951 180 90 58 19 73 20 203 63 59 183 267 77 73 85 103 300 61 124 45 880 114 2351 157 123 419 228 303 3061 75 126 31 274 5676 71 2775
internal_value=4.6668e-05 0.0024235 -0.00490134 0.00105769 -0.013009 0.00313751 -0.0019601 0.00840118 0.000968229 -0.00497779 -0.010095 -0.0229032 -0.0199395 -0.00447464 -0.0148518 -0.0680958 0.0053416 0.0114545 0.00349119 -0.000640045 -0.0115305 -0.000798157 0.0076858 0.0146319 0.00714798 0.0104469 0.0206502 -0.00761612 0.0020784 -0.00251232 0.00970404 0.0215905 -0.0120407 -0.0070455 -0.0598455 -0.00681575 -0.0010677 -0.012101 -0.0349954 -0.0849988 -0.153432 -0.0141275 -0.00828547 -0.0388615 -0.0944519 0.0127766 -0.00200362 0.00208103 -0.0238884 0.0040313 0.0056449 0.0222312 0.0160353 -0.0313075 -0.00661184 0.000203808 -0.0404181 -0.00767789 -0.00819318 -0.00604566 0.0054687 -0.0034893 -0.0132364 -0.0187634 -0.0427826 0.0347172 -0.0107462 0.00453529 -0.0083345 -0.00697505 0.0422883 -0.00809614 -0.00387324 0.0725727 -0.0233812 -0.00573679 -0.00882713 -0.071401 -0.120795 -0.217153 0.0292397 0.0843916 -0.00757578 0.00438009 0.0011205 0.0169678 0.00300324 -0.0192457 -0.0310551 0.0228477 0.0109199 -0.0228029 0.00381711 -0.043237 -0.0896547 -0.216526 -0.0284064 -0.0521877 -0.147288 0.00704365 -0.00905181 -0.0284119 -0.0491365 -0.0378662 0.0113709 0.0352628 -0.0148556 -0.0322625 -0.0766068 -0.226429 -0.00607143 0.00858682 -0.01052 -0.0203754 -0.0416911 0.0262251 -0.0323679 -0.0201876 0.0184849 -0.0130864 0.0119573 -0.0999035 0.00258563 0.00121619 -0.0534764 -0.00794536
internal_weight=61360.8 41456.8 19904 35721.1 5293.75 25967.8 14610.3 7571.71 18396.1 5474.45 3663.24 2002.04 1880.87 9753.23 1871.49 121.17 1811.21 1393.75 12921.7 6504.3 2054.98 1245.78 6417.38 2712.77 1620.66 1528.94 978.932 550.013 7971.33 4485.42 1329.7 710.609 3495.63 883.647 86.9204 6638.95 3184.55 3454.4 490.81 143.383 62.4875 347.427 2963.59 217.85 98.4176 1054.48 7881.73 4744.07 328.668 4415.4 4197.33 1033.99 903.162 997.224 245.576 3163.34 248.878 3155.72 3137.67 2915.61 1173.22 774.572 1846.5 1410.76 350.844 37.336 1059.92 435.739 324.186 3291.71 71.4007 3220.31 2526.43 58.537 693.88 2467.89 2269.66 102.998 51.0344 25.4034 198.229 47.4436 2244.21 4449.32 3537.75 911.57 559.082 262.611 236.05 296.472 5735.71 321.645 138.65 182.994 66.4667 22.5566 333.501 161.422 26.5719 905.024 3050.58 403.753 234.674 209.707 150.786 101 590.882 290.003 95.9293 24.5726 2646.82 613.411 2033.41 230.775 161.873 382.636 445.048 324.952 2024.98 155.846 120.969 34.8772 3704.61 3563.01 169.17 2130.07
internal_count=99721 66447 33274 57149 8967 41413 24307 12033 29380 8604 5986 3398 3134 15736 3215 264 2618 2005 20776 10314 3240 1910 10462 4377 2593 2443 1597 846 13006 7438 2174 1192 5714 1402 190 11301 5365 5936 946 337 190 609 4990 390 217 1679 12521 7587 559 7028 6663 1669 1395 1732 369 4994 433 5264 4934 4566 1639 1067 3143 2408 697 91 1711 735 548 5569 134 5435 4216 140 1219 4076 3682 218 139 102 394 118 3620 7074 5571 1503 943 468 416 475 9298 552 222 330 150 92 544 286 83 1428 4979 752 485 408 276 191 1001 530 230 106 4227 996 3231 394 280 602 735 507 3347 286 201 85 6085 5811 335 3686
is_linear=0
shrinkage=0.095553


Tree=16
num_leaves=127
num_cat=0
split_feature=18 21 18 21 21 0 0 21 18 21 1 21 0 0 17 15 20 12 12 18 21 18 21 17 1 8 16 18 18 0 11 18 16 1 17 12 17 18 8 20 0 1 17 17 11 19 19 1 14 15 20 19 1 14 21 20 20 17 3 12 1 17 15 12 20 12 14 18 20 16 13 19 19 16 17 11 3 12 21 14 19 11 7 17 17 13 3 18 12 13 16 12 16 15 3 0 20 18 11 17 18 21 0 21 12 18 1 12 1 17 17 12 21 21 20 21 19 19 12 11 0 18 11 1 13 18
split_gain=63.3412 52.3081 41.8582 41.6477 39.2016 38.9245 28.87 27.7339 25.4424 28.4252 43.1751 28.4011 25.7519 23.4871 70.6291 31.4739 35.7395 43.1444 29.6526 22.602 23.7679 26.9289 28.5605 25.5723 45.7988 37.0466 25.56 22.5878 36.5552 48.3087 22.4718 21.7511 35.0558 21.4227 32.9454 31.7442 20.7594 26.2136 84.683 20.1118 21.0155 20.4481 22.2018 37.4188 20.0883 19.8995 37.1831 29.9577 48.9345 28.7804 19.8491 24.4522 23.0283 22.8863 19.6628 19.3011 18.9612 25.1202 18.9224 18.5894 29.3372 18.4334 18.0329 19.6418 17.6476 17.5277 27.8694 17.3605 26.9155 26.7856 17.3574 22.2343 18.8436 17.0159 22.6814 21.8071 18.7048 21.8154 19.5714 16.9865 16.8205 38.0154 70.3801 16.8146 17.4436 17.1467 16.8068 16.4021 23.3874 16.3255 16.5828 16.3074 16.1415 16.0916 15.9349 18.77 15.9274 25.4918 33.1225 15.835 15.7891 29.6251 36.1097 15.7231 16.5947 20.3035 21.3381 30.8835 22.5655 44.1341 31.1736 22.2209 20.4645 17.9976 30.452 22.5948 17.6707 23.315 17.1176 17.0005 16.8041 28.724 15.6467 17.6338 16.2299 15.5207
threshold=-0.067185379564762102 -0.033566594123840325 0.055483173578977592 -0.067136447876691804 0.10006098076701166 -0.072443179786205278 0.42755682766437536 -0.11207768321037291 0.19778967648744586 0.23499875515699389 -0.44176135957241053 0.3323871791362763 0.37073864042758947 -0.16903409361839292 -0.3402488231658935 -0.14054531604051587 -0.0061094509437680236 -0.10648941993713378 -0.19542024284601209 -0.12602812796831128 -0.16132759302854535 -0.36954462528228754 -0.43950435519218439 0.31871135532855993 -0.20312499999999997 0.13215030729770663 -0.0239800252020359 0.23687382787466052 0.26564061641693121 0.39346592128276831 -0.0088778249919414503 0.57462233304977428 0.33184720575809484 0.49289773404598242 0.28804257512092596 -0.20797599107027051 -0.13486984372138974 0.20200974494218829 0.1467973664402962 0.21807647496461871 0.18892045319080356 -0.046874999999999993 -0.081116065382957445 -0.055731339380145066 -0.054212065413594239 -0.1655360013246536 -0.073047429323196397 0.058238636702299125 -0.093674797564744935 0.27647465467453008 -0.053737180307507508 0.4767290353775025 0.43039773404598242 -0.016404977068305012 0.63198998570442211 -0.13652861863374707 -0.020612128078937527 0.47191859781742101 0.48704174160957342 -0.23315609246492383 -0.15198864042758939 0.49151445925235754 0.34412442147731787 0.16962835937738421 -0.042871212586760514 0.051166381686925895 0.092069961130619063 0.22276604920625689 0.19858354330062869 0.0445495042949915 0.041140098124742515 0.11995649337768556 -0.20579023659229276 0.080607060343027129 -0.093880340456962572 0.28539839386940008 -0.43606831133365626 0.027552886866033081 0.17044034600257876 -0.086245007812976823 -0.16911990195512769 0.052300408482551582 0.06331884860992433 0.27286781370639807 -0.01776211708784103 0.36396901309490209 0.028511213138699535 -0.22151045501232144 -0.20797599107027051 0.06084707938134671 -0.0022110695717856284 0.0118238995783031 0.2664193212985993 -0.13450845330953595 -0.35627987980842585 0.23437500000000003 -0.037971185520291321 0.22304980456829074 0.0066382568329572686 -0.14414641261100766 0.38635124266147619 0.4320081770420075 -0.22869318723678586 0.022165881469845775 0.0118238995783031 -0.054252579808235162 0.37926135957241064 -0.25353345274925226 -0.22585227340459821 0.59557241201400768 -0.17600316554307935 -0.20797599107027051 0.17697831243276599 0.07484121993184091 0.076517753303051009 0.11896439269185068 -0.14568259567022321 -0.16160489618778226 0.060714693740010268 0.050093738362193115 -0.2201704531908035 0.032646587118506439 0.33364200592041021 -0.18323864042758939 0.36951065063476568 0.13895370811223987
decision_type=2 2 2 2 2 2 2 2 2 2 2 2 2 2 2 2 2 2 2 2 2 2 2 2 2 2 2 2 2 2 2 2 2 2 2 2 2 2 2 2 2 2 2 2 2 2 2 2 2 2 2 2 2 2 2 2 2 2 2 2 2 2 2 2 2 2 2 2 2 2 2 2 2 2 2 2 2 2 2 2 2 2 2 2 2 2 2 2 2 2 2 2 2 2 2 2 2 2 2 2 2 2 2 2 2 2 2 2 2 2 2 2 2 2 2 2 2 2 2 2 2 2 2 2 2 2
left_child=3 6 103 19 13 -5 -2 -8 9 44 -11 12 -10 14 30 125 18 79 59 20 21 -1 -23 39 25 -25 86 -14 29 -29 -4 54 -33 35 99 -21 -20 70 -39 41 -41 42 65 93 61 47 64 48 -43 -48 51 52 55 -53 100 -16 96 67 -12 -17 -61 -6 -56 -64 -47 66 -22 69 -69 -58 -38 72 -72 75 -75 80 77 -76 -79 -18 81 -46 -83 84 -74 -85 -26 -49 -89 90 -37 -60 -86 -44 95 -68 -52 98 -98 -35 -13 102 -102 -3 105 -105 107 -107 109 111 120 -109 116 -113 115 -115 117 -108 -106 -119 -110 -122 -78 -124 -125 -15
right_child=1 2 4 5 8 -7 7 -9 11 10 58 31 27 15 50 16 17 -19 36 33 23 22 -24 24 26 -27 -28 28 -30 -31 -32 32 -34 34 -36 89 37 38 -40 40 -42 45 43 -45 73 46 49 87 -50 -51 56 53 -54 -55 62 -57 57 -59 91 60 -62 -63 63 -65 -66 -67 94 68 -70 -71 71 -73 83 74 76 -77 122 78 -80 -81 -82 82 -84 85 92 -87 -88 88 -90 -91 -92 -93 -94 -95 -96 -97 97 -99 -100 -101 101 -103 -104 104 118 106 112 108 110 -111 -112 113 -114 114 -116 -117 -118 119 -120 -121 121 -123 123 124 -126 -127
leaf_value=-0.0062055449283167129 0.0089542728642332987 0.00029934922699102707 -0.13255068588240132 -0.0047849216727964342 -0.023260762305406513 -0.022317755421516823 0.1441364565225679 0.032999217660768958 0.0083226488710382782 -0.088477993549621839 -0.012390057742938311 -0.0073300049707641438 0.015278048438946501 -0.021925628538185669 0.032908836404998559 0.039102164909857524 0.065042089872845113 0.028002364027443664 0.03474165304931081 -0.02484573866940518 0.12202219446905778 0.022549261697530226 0.00092484931433378756 -0.25136009285455835 -0.1182376113633611 -0.028868532627090607 0.013207018107776174 0.042900801294010131 0.041866076125279914 0.30703578177344998 -0.039184853171357212 0.027043943827648995 -0.0074482756727243544 0.18320179663547403 -0.021702337485655601 0.010521995216124593 0.044942665819298261 -0.28320102216116705 0.048202857150389668 0.1077176774003209 0.0062658945619209431 0.0018136907829241356 -0.067433374481682976 -0.024760578737687628 -0.0034605320011692801 -0.069918465030395033 0.003104744986373322 -0.042553794975648408 0.21512252947812671 -0.089609398183261343 0.014336706134877336 -0.019928583704873579 0.084967002356062124 -0.1588353783172255 -0.0053932254833178967 -0.018299471391668591 0.0064636993145497776 0.031992904868519051 0.071047032824901102 0.021043244222273817 -0.094288167748016516 0.027078751981762381 -0.12939698367035835 -0.035015452359087727 0.011455948604462675 -0.014680290458327944 0.088000208715934836 0.072807051253799798 -0.0051950941748912871 -0.027683965806093499 -0.0088142516655946371 -0.013121289149695466 0.041303384326125556 -0.016015255048778817 0.0010685150873222654 0.063986638641924942 -0.00026805532756424386 0.060655319271599603 0.011855678881370285 0.14968632979832133 0.011017810509295857 -0.31680860346431339 0.0082228246376757404 0.094029756277563423 0.013304053889643412 0.026549672323100276 -0.031862554538063019 0.095781733232988817 0.0057153228274582973 0.039421275844839475 -0.0163398544466914 -0.002604652065380025 -0.041764360254882678 -0.2315306917174052 -0.050820586502698967 1.4251500799403362e-05 0.007644168945941731 0.020050524097155971 0.17273338407394398 0.056663424084098774 0.01478309708327284 0.0010614283404173309 0.11440304442987803 -0.083150684820091608 0.023897902877316284 -0.045907818734410168 0.013005746344631541 -0.098660015160650094 -0.0072720505527420548 -0.12775095439880177 -0.001523004084354371 -0.0068353517380231729 -0.036742973242788045 -0.047843179695017765 0.0025102557058358627 -0.14890304697788684 0.0017928941521230511 0.15019318045249236 -0.0035606249322687358 0.024927001220792326 -0.15481143433715921 -0.039456629077587894 -0.007754491142597496 -0.14794496226252352 -0.033340746944860389 0.022384377722626615
leaf_weight=5284.9270108278142 7060.7586944665527 3754.1453739962308 26.932673251372762 2953.2858571115648 505.21718307444826 1907.9347090469673 23.167970530223101 135.58759603812359 3459.9340934401844 64.966389038949274 1884.9469928500475 1955.9055820513749 179.66575903154444 269.25300865143072 82.070188648300245 21.771442830562592 66.772637107642367 687.15724700409919 385.81366194807924 275.43001037160866 21.452336031361483 613.18293428292964 6059.3265977590345 14.460106482496487 21.310063637909479 12.743071168661116 120.04278642451391 13.264979226398284 100.34665152465459 11.636041998979634 154.7211367986165 598.92401408904698 482.70829722844064 17.355716061312705 24.120424836874008 1651.0129830033984 125.53291963250376 10.608448799001055 16.659557363018394 26.092371476697735 59.394855802762322 19.695793479681015 12.939662711927669 638.82092381850816 300.40904416353442 109.22515620465856 991.90391500468832 41.806577340932563 17.244270741706714 29.715084872674197 121.30042551807128 27.334124903427437 24.169815824367106 17.410409507807344 177.30005676858127 331.05750919727143 995.80601561267395 338.63017225591466 45.771911853342317 28.135993515490554 58.40785204351414 73.904032046790235 23.314090576488525 124.52998394123279 28.75564632716123 326.36369944002945 29.539746760739945 76.989836196997203 79.395726408809423 263.58155560167506 196.64704230579082 329.10614375420846 151.02684662735555 811.44996670051478 417.44661914289463 62.169320345739834 1967.9841159411008 141.73722704988904 162.87008749204688 34.485046323388815 1673.1920252061682 9.5552990585565585 13.221553089795632 56.76319183385931 214.56044069794007 91.137374849291518 282.88523676735349 31.113728273543529 138.13576527044643 153.75631839281414 237.38053455972113 61.00513933703769 60.646643975633197 10.645814426126888 30.552291265921667 70.165748117142357 16.978091180324554 54.250661596655846 31.534675614559092 20.804093834012747 112.05664673133288 1376.5281800493831 46.461006327415816 33.506572860176675 247.53175315610133 248.99465363309719 94.528921289602295 29.645331175765023 99.256579804234207 34.231243892689236 1919.8413302634144 572.14097019808833 100.70956376334652 131.45749968045857 101.84697013907135 23.359683425049298 621.11502533452585 24.059547869488597 1223.6331574451178 17.523340165615082 22.710143716540188 120.25882302504033 86.953042098321021 18.654790070140734 29.019117835909128 95.913815416861326
leaf_count=8934 11255 5930 78 5080 783 3181 70 205 5455 141 2919 3027 259 464 139 30 119 1108 643 430 53 1024 9815 69 58 19 188 19 173 64 235 1024 729 60 29 2537 202 63 48 66 84 28 31 1003 455 221 1579 73 67 65 157 51 77 55 268 534 1433 511 88 46 120 125 68 188 51 485 58 133 117 385 323 498 247 1392 591 119 2963 239 237 99 2715 67 33 131 280 155 478 75 191 284 393 90 93 65 52 95 19 73 103 34 169 2125 120 69 416 427 147 95 144 91 3084 807 148 222 158 72 897 82 1889 28 75 187 114 61 43 182
internal_value=0.000209992 0.00252423 0.000863023 -0.00385634 0.00310011 -0.0116771 0.00986986 0.050016 0.000821048 -0.00294552 -0.0126904 0.00444854 0.010688 0.010078 0.00353897 0.0160183 0.0198025 0.0367027 0.0121374 -0.00167112 -0.00304217 -0.00110844 0.00292197 -0.0105197 -0.0315234 -0.148623 -0.0236269 0.037279 0.0683714 0.1697 -0.0536385 -0.000338217 0.0116011 0.0069724 0.0615639 0.00545942 0.0153578 0.00933376 -0.0802961 -0.00689377 0.0381498 -0.00844018 -0.0179439 -0.0292639 0.000242473 -0.000702453 -0.00598534 0.0237438 0.101567 0.00025951 0.007802 -0.00949839 -0.002497 -0.0756243 -0.00373806 -0.00793215 0.0120482 0.0086668 -0.0101551 -0.0357829 -0.0559681 -0.0166776 -0.0261609 -0.050727 -0.0522518 -0.00216358 0.0244155 0.00303474 0.0328834 -0.000662275 0.0114399 0.00753882 0.0164314 0.00197486 -0.00194361 0.00891789 0.00208533 0.0153466 0.0347429 0.0946706 0.00714971 -0.0126886 -0.127637 0.0251894 0.0153901 0.0529273 -0.0383459 0.00959678 0.0229409 0.00958282 0.00711069 0.0285271 0.000898009 -0.143865 0.00740553 0.0260367 0.0381804 0.0658135 0.115641 0.116355 -0.00162951 0.00560303 0.0445089 -0.00448323 -0.00766081 -0.0107236 -0.0101091 -0.0135974 -0.0109361 -0.0237204 -0.00562861 -0.0193834 0.00326153 -0.0163725 -0.0373571 -0.0639566 0.00870597 0.0396943 0.00103756 0.098471 -0.0378196 -0.0587786 -0.00244996 -0.0337561 -0.0798373 -0.0100682
internal_weight=61459.1 39175.6 31956.1 22283.5 22535.6 4861.22 7219.51 158.756 16993 8330.47 2056.69 8662.58 3764.85 5542.56 2642.16 2900.4 2535.23 788.415 1746.82 17422.3 15042.4 11957.4 6672.51 3085 451.441 27.2032 424.238 304.913 125.248 24.901 181.654 4897.73 1081.63 2379.86 62.2802 2317.58 1638.5 1252.69 27.268 2633.56 85.4872 2548.08 1140.48 662.406 6273.78 1407.6 1159.6 247.996 36.9401 1021.62 2460.51 482.042 437.298 44.7445 3816.1 413.128 1978.47 1754.4 1991.72 108.315 86.5438 579.121 325.144 147.844 137.981 478.074 151.71 1415.77 156.386 1259.39 1225.42 1099.89 770.782 5694.66 3636.11 2058.55 2824.66 722.054 304.607 101.258 1996.38 323.186 22.7769 574.134 426.234 147.901 304.195 211.056 169.249 2042.15 1888.39 106.777 275.207 23.5855 130.258 99.7055 224.064 102.763 48.5128 38.1598 3490.95 1535.05 158.518 9420.5 5666.35 4195.19 4161.68 3303.74 3054.75 892.682 2162.07 858.45 857.936 828.805 256.664 154.817 757.227 136.112 1471.16 41.5829 242.226 142.969 2102.61 134.627 47.6739 365.167
internal_count=99267 62312 50782 36955 35814 8261 11530 275 26863 13175 3238 13688 5970 8951 4100 4851 4205 1326 2879 28694 24927 19773 10839 5154 812 88 724 515 256 83 313 7718 1753 3767 123 3644 2683 2040 111 4342 150 4192 1842 1099 9937 2350 1916 434 95 1644 3787 856 750 106 5965 673 2931 2579 3097 196 166 908 524 256 272 743 258 2068 250 1818 1929 1727 1229 9029 5640 3389 4248 1067 476 218 3270 555 100 906 620 286 536 339 266 3214 2930 178 373 96 205 153 352 195 122 94 5441 2414 289 14968 9038 6733 6664 5362 4935 1445 3490 1354 1302 1259 452 294 1154 257 2305 110 406 262 3181 218 104 646
is_linear=0
shrinkage=0.095553


Tree=17
num_leaves=127
num_cat=0
split_feature=18 21 21 18 18 21 21 2 21 4 12 15 17 1 18 3 3 12 12 1 15 3 14 19 11 3 21 18 21 12 8 12 15 14 4 2 4 2 21 5 3 17 11 18 18 8 12 12 17 21 4 8 15 19 11 15 2 2 20 12 5 13 17 20 8 14 13 15 4 12 2 14 19 2 12 17 20 19 17 18 18 19 4 18 4 14 18 1 15 1 13 17 21 15 20 17 8 15 1 11 17 13 20 20 19 3 18 18 19 3 2 21 3 19 19 21 21 3 18 12 14 5 2 15 1 19
split_gain=51.0526 42.5131 42.2627 27.5112 26.936 29.3505 27.8093 39.9932 26.038 30.6069 30.2843 26.8123 26.3677 25.0036 23.8269 34.4046 28.199 118.682 159.582 134.166 35.9894 25.7662 22.9746 24.3239 37.1255 67.657 22.4902 42.1856 22.7893 26.672 19.8203 27.2981 31.9628 153.137 285.887 172.803 345.589 23.6408 20.1767 19.6652 19.5995 18.6092 26.7852 30.1564 39.2553 45.1138 30.4369 36.3483 30.0383 26.1333 26.6854 70.2825 22.2756 40.5395 17.7768 21.6599 42.5187 18.5995 19.3608 38.9194 32.2129 28.7698 22.8156 28.7948 22.8291 20.5853 18.1031 36.932 27.37 17.1787 16.8649 20.3786 27.3457 22.2262 21.7183 19.6078 18.3917 23.3623 38.2944 18.1463 18.3412 16.8221 27.8919 19.917 28.2988 16.3209 17.9429 27.852 16.233 20.915 16.231 16.2243 16.3861 28.4559 23.7599 18.9239 16.1912 16.172 15.9933 34.0382 15.8324 15.8212 15.6892 27.7324 22.2051 30.9541 21.7866 19.5814 24.3678 24.5157 20.8792 26.6939 28.8271 26.8973 19.0299 29.2114 18.3943 18.4504 15.6512 20.4305 24.3887 23.8406 20.9776 22.3552 20.1536 18.4768
threshold=0.010823292657732965 0.057632595300674445 -0.001277609961107373 0.13985770940780642 -0.18711137771606443 -0.078859824687242494 -0.18805310875177381 0.42187500000000006 0.23955512791872027 -0.46457822620868677 0.34973700344562536 -0.088317971676588045 0.35481087863445288 -0.39062499999999994 0.13454841822385791 -0.47156198322772974 0.20948321372270587 -0.094791311770677553 -0.22972555458545682 0.50710228085517894 0.39478494226932531 -0.31995254755020136 -0.05503988824784755 -0.081198815256357179 0.079126350581645979 -0.25997406244277949 0.3833546936511994 0.38635124266147619 0.48774063587188726 -0.24574614316225049 0.60481193661689769 0.10303601995110513 0.46856373548507696 0.06822033599019052 -0.50133109092712391 -0.20596590638160703 -0.48264713585376734 -0.026988636702299115 0.41700278222560888 -0.37499999999999994 0.45167937874794012 -0.0032000574283301826 0.25355045497417456 0.078328154981136336 0.084646522998809828 -0.043756144121289246 -0.097164094448089586 -0.10648941993713378 -0.12368761375546454 0.1163570247590542 -0.38004273176193232 0.31056569516658789 -0.17510753124952314 -0.080658581107854829 0.28539839386940008 0.45622888207435613 -0.25710226595401758 0.21164772659540179 -0.47421868145465845 -0.1774213835597038 -1.0000000180025095e-35 -0.22644174844026563 0.55537179112434398 -0.11019899323582648 -0.031445359811186784 0.12024372816085817 -0.33760556578636164 1.0000000180025095e-35 -0.10127499327063559 -0.12582046538591382 0.22301135957241061 -0.066927552223205553 -0.27766506373882288 -0.20312499999999997 -0.22057747095823285 0.58683302998542797 -0.33771762251853937 0.051171923056244857 0.30522796511650091 0.15989314764738086 0.011439860332757236 -0.18719889968633649 -0.4942971915006637 0.015367750544101002 -0.38004273176193232 0.51556801795959484 -0.14188373088836667 -0.43607954680919642 0.079884793609380736 -0.39630682766437525 0.080426938831806197 0.22950524836778644 0.23499875515699389 0.33641320466995245 0.24285500496625903 0.52096217870712291 0.07607517391443254 -0.18818740546703336 -0.32812499999999994 0.43085922300815588 0.39781390130519872 0.27673339843750006 -0.067558705806732164 -0.08558246865868567 0.24724351614713672 0.45529152452945715 0.038896562531590469 0.08779925107955934 0.037188343703746803 0.10916468873620035 -0.0071022729389369479 0.010814055800437929 0.28738254308700567 -0.06933232024312018 0.55113697052001964 -0.11504682525992392 1.0000000180025095e-35 0.093194048851728453 -0.067185379564762102 0.51698684692382824 0.45612968504428869 0.37500000000000006 0.37357954680919653 -0.162050686776638 -0.29971592128276819 -0.07025104388594626
decision_type=2 2 2 2 2 2 2 2 2 2 2 2 2 2 2 2 2 2 2 2 2 2 2 2 2 2 2 2 2 2 2 2 2 2 2 2 2 2 2 2 2 2 2 2 2 2 2 2 2 2 2 2 2 2 2 2 2 2 2 2 2 2 2 2 2 2 2 2 2 2 2 2 2 2 2 2 2 2 2 2 2 2 2 2 2 2 2 2 2 2 2 2 2 2 2 2 2 2 2 2 2 2 2 2 2 2 2 2 2 2 2 2 2 2 2 2 2 2 2 2 2 2 2 2 2 2
left_child=2 70 4 8 5 -1 7 54 9 11 88 12 97 -4 22 -16 17 18 -17 -20 -19 -22 41 24 -24 -26 91 30 29 -29 31 -28 33 34 -33 -36 -37 -34 -39 -9 -18 42 43 46 45 -45 47 -11 -44 -50 -51 -52 53 -43 55 57 -57 58 65 60 -60 69 63 90 -65 -6 -59 68 -68 -61 71 72 -2 76 -75 81 -73 78 -78 80 -72 82 -76 84 -83 86 -41 -88 -10 -90 -63 -5 93 94 -93 98 -85 -3 -94 -100 101 -31 103 104 107 114 -104 -74 110 -110 111 112 -109 -114 -106 -116 -105 -118 124 120 -120 -121 123 -122 125 -8
right_child=1 3 13 26 6 -7 118 39 10 14 -12 -13 -14 -15 15 16 40 20 19 -21 21 -23 23 -25 25 -27 27 28 -30 100 -32 32 37 -35 35 36 -38 38 -40 85 -42 52 48 44 -46 -47 -48 -49 49 50 51 -53 -54 -55 -56 56 -58 66 59 61 -62 62 -64 64 -66 -67 67 -69 -70 -71 79 73 102 74 75 -77 77 -79 -80 -81 -82 83 -84 96 -86 -87 87 -89 89 -91 -92 92 95 -95 -96 -97 -98 -99 99 -101 -102 -103 106 116 105 -107 -108 108 109 -111 -112 -113 113 -115 115 -117 117 -119 119 121 122 -123 -124 -125 -126 -127
leaf_value=-0.0031394537758500313 -0.069025928552678598 0.051378011734838802 -0.041766751356531191 0.0034145763953077656 0.016102701559383575 -0.023447182411298464 -0.025332216015601754 -0.0099321676991285003 -0.048651822211437823 -0.020892927332868908 -0.095080931743141445 0.018532806915402825 -0.095038416125341169 -0.0089577522559438003 0.036994726792114095 -0.056773337003349494 0.0039686777569290397 -0.0045003940876817321 -0.95095422919752814 -0.12883024498852313 -0.19879798151492137 -0.040031663357897027 -0.022479512743308186 -0.0043661461560293114 -0.29092143969369233 0.01809379250559099 -0.0090451831935556577 -0.061159197558498267 -1.2967111127360264e-05 0.042256201219489482 0.028492041715787585 -0.0061275470767654132 0.015972857852465661 -0.022365548264543435 -0.18600058452849771 -0.16016937009903992 -1.9823728067186104 -0.012865986580644046 -0.063916480023639408 0.072401238746224603 -0.049075623637746021 0.14195195126080296 -0.0028000358870894698 0.01165573383821205 0.0084701951643028819 0.24231568022486571 0.034662506403641352 -0.11807936448751662 -0.041442690523237867 -0.036813118387766013 -0.36324413236862552 -0.019251489008493869 0.0038591270797119774 0.0062511933993904872 -0.015803123728038663 0.016066978234895741 0.17186536180846235 0.010333238569986391 0.02650828754360544 -0.036508875676590141 0.16693517909309269 0.0093415970886997751 -0.10030031451599733 -0.010393312066251156 -0.13239603076201331 0.088995868325113942 0.043670696934551466 0.029214873025185439 0.23128905097401764 0.0066568255657944754 0.075860733854918844 0.060853135066193137 -0.0015591077450965707 -0.02441714174129745 0.14244852718820117 0.088962606666967994 0.03574108784635259 -0.0058060561807801161 -0.0027721400475770822 0.089385259011587517 0.014157217636668357 -0.096337574037472853 0.030942595005214547 0.011711030018369289 0.031139793133215764 0.027802709398370793 0.28922279462251543 0.067733904525545618 -0.091697828583938198 -0.0049732829381323616 -0.046608441497840353 0.013429864074568382 0.048966059047476765 0.076870206091583348 0.087458711886530718 -0.0063860777549011013 0.031521655818431506 -0.02915062094705833 0.014649781067754155 -0.078269071480820809 0.10183827195820609 0.0021359423306688856 -0.0093431011314813774 -0.018618584254057782 -0.021549048608393268 0.027693905056957988 0.017949551786283085 -0.018449417332303694 0.027663404716132253 0.15295535135310062 0.072762738708579022 -0.028072675026898298 0.11752327154940058 0.025704352961313213 -0.044421532241484943 -0.18384109664556336 -0.15538898574539944 -0.037208778688787199 0.0045612560929537173 0.11232161408265448 -0.020553862869289473 -0.01713783718939331 0.018628133763370743 -0.098308910648556014 -0.00082017808118474954 -0.0018816201809294495
leaf_weight=11224.795702572097 48.412682021851651 33.382633857079782 220.66168380819727 7281.5046725636348 208.1345236323541 689.19799354602583 663.08641483285464 23.03067622880917 114.17831719457172 237.02787662658375 45.964320055558346 931.43723912735004 36.229976929724216 5102.6539455588209 67.741268083220348 11.217372706043536 162.62146874552127 96.623760465299711 4.1217051198473191 3.24807233735919 16.973794541554525 20.80240373313427 566.07042149361223 1401.1359593480593 12.383703650208192 11.285433020209892 692.91530738701113 29.233742383075878 2419.1120920106769 212.45856813853607 76.801157040521502 8.663266181945799 82.467113276594318 52.778331164736301 2.5688403130043271 1.7121370434761023 1.8386720578419087 129.91708662582096 159.84170558839105 38.309141772333533 100.48501164908521 29.385754234506749 105.06776790949516 16.189556224155243 323.97875383798964 13.912971715908496 68.665972022106871 40.014941905625165 75.163131215143949 14.016608536243437 11.353473412338646 9.8185925016878155 2636.2613724484108 59.342805493972264 263.74558881984558 57.645181975793093 20.933477779268287 410.8498489864869 48.968459628522396 88.442376855993643 20.596237861784175 184.79592382139526 34.051805284922011 24.919393926858902 31.85076495737303 41.681584769743495 13.879166997969152 207.42961429490242 14.919230547035111 1223.4948701993562 44.054216951131821 49.533606043551117 961.39977639133576 101.8580967115704 23.921810817089863 36.022358447429724 418.20094321982469 1220.8033225930994 531.03138800966553 30.045050099492073 1428.6702121521812 32.61106418480631 118.26013373816386 1150.3510440208483 27.693454949418083 31.454490951262414 10.826301946886817 10.574612151132895 25.09702416555956 530.73195287131239 61.441459318855777 753.05862565524876 111.23423574178014 79.977979162707925 40.385768805164844 617.70110813505016 568.80698260862846 62.658222734928131 783.59620539902244 35.756717227748595 25.359102582442574 157.74385025084484 369.41570884909015 262.58371121645905 115.99909798312001 71.888180117006414 934.25654656847473 84.004166103666648 35.476107623195276 23.559228512691334 46.903278009383939 132.03145631996449 39.261843369225971 108.62200193107128 47.154854906140827 18.894570631324314 18.505237689125352 34.467233419418335 4468.0445084477542 32.324729341082275 99.156846191151999 19.01086813211441 58.443839495186694 51.315753720002249 4912.8882957823807 577.11588032217696
leaf_count=18718 91 53 373 11644 323 1151 1040 28 203 341 99 1431 85 8550 107 19 216 143 80 9 64 31 896 2246 68 19 1105 70 3763 349 121 10 130 87 11 6 80 203 288 66 168 87 156 19 522 66 104 96 126 19 75 12 3907 101 428 74 74 566 65 146 75 274 76 31 89 91 22 312 67 1941 102 83 1458 181 71 77 639 1950 783 69 2136 77 201 1968 46 44 58 23 67 745 111 1199 186 161 80 900 905 86 1154 71 59 231 545 373 172 112 1413 122 52 69 98 215 107 143 71 71 59 48 6730 82 153 26 80 119 7865 862
internal_value=0.000144064 0.00290514 -0.00257965 0.000596425 -0.000982019 -0.00431985 0.00186469 0.00989148 -0.00389666 -0.00215604 -0.0212592 0.012779 -0.0270608 -0.0103328 -0.00476374 -0.0250887 -0.0354414 -0.0679939 -0.286478 -0.615162 -0.0360184 -0.113262 -0.00300511 -0.0112568 -0.0275293 -0.141174 0.0031784 -0.0027901 0.00355108 0.0239211 -0.0177338 -0.0209517 -0.0395678 -0.0996513 -0.360766 -0.830471 -1.22864 -0.0283778 -0.0412141 0.0650201 -0.0162374 0.00149659 -0.0102616 -0.00112917 0.0183605 0.120024 -0.02121 -0.0354078 -0.0396176 -0.0742434 -0.141557 -0.2085 0.00546721 0.0521169 0.00772732 0.0100555 0.0590533 0.00854382 0.00389322 0.00024878 0.0694289 -0.00268608 -0.0275377 -0.0189843 -0.079428 0.0286616 0.0225931 0.0436619 0.142735 0.00367743 0.00837172 0.00653964 0.000946562 0.0109102 0.0180639 0.0203181 0.00424941 0.00290376 0.0141504 0.0176384 0.0160859 0.0189643 0.0505754 0.0163885 -0.0365938 0.0851139 0.114442 0.18433 -0.0160085 -0.00914409 -0.00459523 0.00567701 0.0124573 0.0229348 0.0173662 0.00651146 0.018302 -0.000584294 0.0151217 0.0104263 0.0305517 0.0253124 0.00200878 -0.00328595 0.00155436 -0.024355 0.0101686 0.00620269 0.0221666 0.0789519 0.0137629 0.00584431 0.0253976 0.0507636 -0.0453828 -0.0861002 -0.0292181 -0.0800283 -0.000397515 0.00373064 0.0030591 0.0626981 -0.0286819 -0.0476281 -0.00357791 -0.0144567
internal_weight=61976.6 30785.9 31190.7 21651.2 25867.4 11914 13953.4 3071.97 7894.59 7178.62 715.972 1063.71 132.271 5323.32 6114.91 483.835 416.094 152.987 18.5872 7.36978 134.4 37.7762 5631.08 1990.88 589.74 23.6691 13756.6 4053.41 2843.91 424.795 1209.5 1132.7 439.787 67.5612 14.7829 6.11965 3.55081 372.226 289.759 114.195 263.106 3640.2 915.21 699.79 354.081 30.1025 345.709 277.043 215.42 110.352 35.1887 21.1721 2724.99 88.7286 2957.78 2694.03 78.5787 2615.46 1968.38 1718.56 69.5647 1649 337.059 303.008 56.7702 249.816 647.078 236.228 28.7984 1311.94 9134.7 7631.93 3352.84 4279.09 2059.52 1957.67 2219.57 2170.04 949.232 1502.77 1472.72 1921.64 142.182 1779.46 60.3045 91.1645 59.7101 21.4009 670.007 555.829 246.237 9703.22 2421.71 873.422 793.444 1548.29 1719.16 96.0409 930.587 819.353 395.562 370.202 3304.42 2000.75 1685.19 253.937 1303.67 1431.26 469.858 59.0353 410.823 363.919 231.888 147.884 182.049 66.0494 315.556 52.9725 10881.4 4728.3 4676.96 51.3356 208.916 150.473 6153.09 1240.2
internal_count=99614 48881 50733 34374 41810 19869 21941 4984 12466 11352 1114 1655 224 8923 9697 837 730 346 108 89 238 95 8860 3229 983 87 21908 6513 4472 709 2041 1920 815 194 107 97 86 621 491 219 384 5631 1536 1148 607 85 541 437 388 232 106 87 4095 188 4765 4337 148 4189 3222 2808 140 2668 581 505 120 414 967 401 89 2087 14507 12200 5219 6981 3526 3345 3455 3372 1422 2307 2238 3268 272 2996 123 191 147 81 1015 812 385 15395 3751 1440 1279 2311 2873 139 1411 1225 639 580 5128 3170 2690 426 1958 2264 806 121 685 587 372 250 314 142 480 107 16957 7190 7082 108 352 272 9767 1902
is_linear=0
shrinkage=0.095553


Tree=18
num_leaves=127
num_cat=0
split_feature=18 21 21 18 21 13 18 11 13 10 9 3 21 18 10 19 19 3 19 10 11 3 9 21 14 17 10 4 18 19 4 4 18 12 20 19 19 11 14 12 3 10 21 10 16 12 10 19 0 10 19 12 17 8 10 14 3 17 18 12 19 12 3 18 18 12 20 10 21 0 11 4 3 18 17 21 12 20 13 5 12 13 3 18 12 10 12 0 4 19 16 11 12 3 17 20 16 12 17 21 9 4 21 18 19 16 12 12 16 21 4 18 21 12 14 10 0 4 11 10 12 4 9 20 16 0
split_gain=49.3037 36.6792 35.701 39.8694 33.7585 25.3129 31.4653 25.3 20.098 22.9752 19.2351 25.0843 58.5574 18.3783 20.6787 27.7136 28.3687 36.1742 25.4543 22.3977 17.7186 48.9735 17.6454 17.3455 22.5877 19.7484 34.3042 36.4875 27.2124 26.0835 25.523 23.7683 59.6044 28.9044 22.5862 20.1621 19.7314 42.8292 24.2663 27.1215 27.9829 19.9672 19.895 27.0485 19.4437 19.2533 25.2457 18.3238 30.5055 26.6043 21.8914 20.3187 63.4713 42.6248 57.037 63.2947 19.4217 39.6349 18.4613 26.866 18.3179 18.0612 22.0945 18.0588 30.786 18.0532 18.0067 24.3898 17.5875 17.506 17.5025 20.6561 17.4281 24.3634 17.3096 24.6564 37.4214 38.7612 47.3697 32.4109 31.1317 21.4946 21.2955 21.275 48.0368 24.3575 26.0737 25.0851 22.634 49.4445 28.6319 22.4311 22.3312 29.6218 39.3004 62.2298 48.9397 57.976 26.1142 32.2951 21.4266 33.5908 20.965 25.0544 24.1312 26.8779 20.7795 30.9335 20.0689 20.0584 22.9117 19.5498 30.3819 19.4685 19.3742 24.8012 27.6226 20.3466 30.7507 20.7337 38.9261 19.1898 19.0184 18.5011 37.0492 35.4969
threshold=0.081946276128292098 0.17044034600257876 0.035541675984859473 -0.14464228600263593 -0.096795249730348573 0.3399252593517304 0.12685234844684604 0.17071087658405307 -0.077337011694908128 -0.11168071627616881 0.030121816322207454 -0.14074952155351636 0.18871147185564044 -0.68872055411338795 -0.049528613686561578 -0.013687848113477228 0.062695985659956946 0.24585780501365664 -0.20579023659229276 -0.10099031776189803 0.19339570403099063 -0.48704174160957331 0.12683856487274173 -0.083758417516946779 0.40709307789802557 -0.18894721567630765 -0.11168071627616881 -0.40606333315372461 0.026488136500120166 0.39276662468910223 0.12489546835422517 -0.49001491069793696 0.04206181317567826 -0.063647799193859086 0.074003290385007872 -0.22195809334516522 -0.061374567449092858 0.15814604610204699 0.044519303366541869 -0.13938822597265241 -0.24585780501365659 -0.21083208918571469 -0.04138869792222976 -0.079255942255258546 0.18092852085828784 -0.11429388076066969 -0.1619106978178024 -0.10066525638103484 -0.16619318723678586 -0.22693054378032682 -0.19387444108724591 -0.2603659182786941 0.025564504787325863 0.07607517391443254 -0.12447212263941763 -0.13528162240982053 -0.47156198322772974 0.31871135532855993 -0.019389361143112179 -0.15311034768819806 0.35727423429489141 -0.19542024284601209 0.3620197474956513 -0.022219847887754437 -0.054252579808235162 -0.28004002571105951 -0.052729601040482514 0.045767780393362052 -0.027700018137693402 -0.48437499999999994 0.043576823547482497 0.0040748808532953774 0.49308374524116522 -0.11541661992669104 0.25539334863424307 -0.22455625236034391 -0.09021726623177527 -0.32660517096519465 -0.16232989728450772 1.0000000180025095e-35 0.0026758147869259123 -0.37145586311817164 0.20203755795955661 -0.29062251746654505 0.62676388025283825 0.010154555551707746 0.20315036922693255 -0.49005682766437525 -0.30799929797649378 0.20455641299486163 -0.33036650717258448 -0.30739991366863245 -0.011006289627403019 0.41401703655719763 0.029519631527364257 -0.25341320037841791 0.080607060343027129 -0.034185249358415597 -0.28128147125244135 -0.251933604478836 -0.24027834087610242 -0.44622801244258875 -0.251933604478836 -0.57647010684013356 0.013927378691732885 -0.24013892561197278 -0.21829045563936231 -0.19313322007656095 0.015578399412333967 -0.69111531972885121 -0.26754547655582422 -0.57647010684013356 -0.52238604426383961 -0.22972555458545682 -0.029778599739074704 -0.13825130462646482 0.13210227340459826 -0.20984914898872373 -0.26551301777362818 0.18940615653991702 0.051166381686925895 0.36079095304012304 -0.0040315543301403514 -0.11614860594272612 0.015578399412333967 -0.36505682766437525
decision_type=2 2 2 2 2 2 2 2 2 2 2 2 2 2 2 2 2 2 2 2 2 2 2 2 2 2 2 2 2 2 2 2 2 2 2 2 2 2 2 2 2 2 2 2 2 2 2 2 2 2 2 2 2 2 2 2 2 2 2 2 2 2 2 2 2 2 2 2 2 2 2 2 2 2 2 2 2 2 2 2 2 2 2 2 2 2 2 2 2 2 2 2 2 2 2 2 2 2 2 2 2 2 2 2 2 2 2 2 2 2 2 2 2 2 2 2 2 2 2 2 2 2 2 2 2 2
left_child=2 -2 3 4 74 6 7 8 -3 -10 11 12 -9 -6 18 -16 17 -17 19 -15 22 -22 -20 72 25 26 70 66 30 60 36 32 -30 -34 -33 65 37 44 41 -40 -41 -38 43 -43 47 -36 -47 50 -49 -50 56 52 -52 54 55 -54 57 -27 59 68 -29 -58 -63 64 -37 69 67 -28 -53 -32 -25 -72 -5 -74 83 76 77 78 -76 114 -78 -81 -79 85 88 86 -1 102 89 90 -85 -90 93 98 95 96 97 -95 99 -89 -91 -102 103 -87 -105 -106 113 108 -108 110 -100 -82 -113 -93 121 116 -116 118 -117 120 122 -77 -120 124 -109 -125
right_child=1 5 -4 23 13 -7 -8 10 9 -11 -12 -13 -14 14 15 16 -18 -19 20 -21 21 -23 -24 24 -26 28 27 29 31 -31 35 34 33 -35 45 63 38 -39 39 40 -42 42 -44 -45 -46 46 -48 48 49 -51 51 58 53 -55 -56 -57 61 -59 -60 -61 -62 62 -64 -65 -66 -67 -68 -69 -70 -71 71 -73 73 -75 75 79 80 82 -80 81 111 -83 -84 84 -86 87 -88 92 91 100 -92 106 -94 94 -96 -97 -98 -99 109 -101 101 -103 -104 104 105 -107 107 123 -110 -111 -112 112 -114 -115 115 117 -118 -119 119 -121 -122 -123 -124 125 -126 -127
leaf_value=-0.03127813759065412 0.0078582497286850822 -0.052646817603836535 -0.0078199814625120531 0.0082281248903562539 0.065522480704498218 -0.005639918537334177 0.0049925901788196187 -0.040022800593927002 -0.01701068865154436 0.032199726142763015 -0.019967008546642972 -0.037987686227841169 -0.3058857540294454 -0.13676364582975417 0.0079098567294519535 -0.023687329091409658 -0.016756586963184317 -0.2194225185568367 -0.027194222413515625 -0.010111547096071805 0.021322362363307465 -0.22466668436673903 0.016023443002976024 -0.019377827653837713 -0.018998573904142065 0.1106803167980758 -0.1344883959649254 0.0045108438106860925 0.13705765205563911 0.041549438493847103 -0.039701677905764246 0.023135962525581016 -0.069153353233407405 0.048083060986641987 -0.013272229623335883 -0.012588099297994019 0.036620153851372912 -0.097472856361636884 0.13106499475234931 0.056088631725037065 0.0050958441309073383 0.10664269125678719 -0.0088079728881578761 0.0093365555646942391 -0.067456095031476704 0.090200653926947066 0.0065266889908115137 0.024323950520932485 0.023573841309530531 -0.025900918544260739 -0.0024883795388150505 -0.0082728655173908133 0.12268493202697207 0.054949350025989926 0.050213703451546583 0.54479323105560151 -0.028325967424485989 -0.0024110674840702767 0.034570062239680587 0.013478127878130467 -0.05253937517168368 0.013882470696372599 -0.047054933639140199 -0.017601897317194325 0.01242804725274926 -0.016522491164666458 -0.011589775305870378 -0.033087515535915053 -0.074671036485737627 -0.15027948945027142 -0.091283454804736194 -0.005710159441498496 -0.061378365468354852 -0.001715548856189113 0.21867388715840086 0.028934565387543944 -0.044139435216870027 0.042244851404993122 0.045643765620394204 -0.12219664394339293 -0.023939292845423881 -0.039377941362114428 -0.033056244725770387 0.12213797559062929 0.13531221980969904 -0.015652750896900547 0.0058038639361187435 0.18415727855479994 0.016254476955105044 -0.0069615421439333594 0.021740971527692617 0.0036801477732804643 -0.0021126736927452533 0.4594635229685673 -0.022301719945888237 0.024911414930054214 0.090967428727279268 0.095945811510004447 -0.0074572097358645674 -0.0025618229048165529 -0.20251716362083083 -0.032646818357294285 0.010485688712364638 -0.046107287558129373 -0.066506567833698529 -0.25678194991986031 -0.07415667018500248 0.040487450646283861 0.0053334957674105211 -0.017253087695820277 0.073131907234551999 0.029810925647970363 -0.0038854814154999579 0.065122312536885704 0.044735174184163812 -0.015470389823639262 -0.020967031843666557 -0.016055970043926195 -0.14226520422664482 -0.014567559074454827 -0.24370392290844284 -0.029043448124055224 -0.034815265832158236 -0.10881154607184201 -0.013466396659809395 -0.011203570257973456
leaf_weight=524.99120336968917 10001.920746067306 65.588143687229604 7853.5603829508182 5568.084557101829 23.217110046301968 4496.6178148014005 7470.45887625264 18.468804628006186 196.50114925822709 151.53158260637429 101.72700911690481 46.404294449370354 12.211981543223372 35.06818395270966 510.90681920247152 21.201868328498676 656.23273842700291 13.893336231936699 591.39284709491767 20.148316640174016 13.765214871382343 13.270599068026057 97.960969005362131 284.02916015288793 526.89881602372043 37.199269935139455 29.17922548588831 814.27434360969346 47.988998670014553 171.77792862534989 36.058310693944804 700.01909176120535 29.850596511154436 47.91850513278041 435.22208345239051 850.4624344460899 158.06293198582716 38.1138764974894 23.321532034082338 175.85484754329082 224.11159255483653 31.323691344354302 582.78288115048781 129.08231008553412 34.291022066492587 38.094957436202094 197.0501423261594 201.49911613378208 116.60170696058776 589.47649810952134 80.541492722812109 121.0280547325965 6.51990176376421 32.077818608377129 10.111787915229796 6.8309283461421746 299.24085570476018 99.682696127449162 248.2323179935338 686.24619492632337 53.040099408011883 305.83848502731416 63.958327823434956 687.29268374363892 947.43951526458841 123.39408652437851 177.83701756200753 80.834948861855082 51.462692821864039 20.791427259799093 79.064960058662109 38.713289618492126 70.62291023042053 466.85780423239339 18.628480625804514 169.83640414930414 179.05342345230747 67.747229675995186 56.186169679975137 34.678650347050279 363.29968983039726 157.48544411186595 65.772249118424952 25.304500585072674 24.479698617826216 78.434027132228948 253.68501849158201 14.848663958255203 542.69990317674819 72.305438452283852 869.03778824210167 207.35807844740339 4056.4190734556178 8.2552076280117053 53.049125814810395 96.754024606081657 38.952270542737097 8.0100165745243412 69.285734809935093 16.085008380818181 15.224579410394652 32.345110633526929 66.671849876875058 40.303269862546586 14.322098431992346 13.606281537329776 106.37926136620808 191.96821816486772 37.055893720942549 288.00200660910923 56.044060138636269 271.61344151420053 2291.858207485755 59.903827256523073 97.150437074364163 95.419091789633967 140.43787697388325 316.85157317854464 25.091267847688869 25.384086042642593 16.162126507028006 72.336718794773333 38.452377181500196 34.381128115695901 287.12290603294969 608.79295061028097
leaf_count=964 15806 119 12597 8777 51 6815 11756 32 301 241 149 75 71 99 790 43 1088 57 966 30 27 63 188 429 840 91 84 1267 131 289 53 1015 78 76 653 1351 244 104 64 302 344 79 942 172 65 90 297 318 190 894 115 170 16 55 14 66 470 137 456 999 87 401 109 1048 1368 166 230 121 103 62 169 49 136 663 78 251 308 121 86 98 568 250 105 62 72 132 441 61 886 120 1420 342 6703 66 79 139 79 19 89 27 59 63 111 65 24 63 225 333 52 464 118 424 3523 103 172 134 226 490 78 30 73 110 52 96 435 914
internal_value=-3.03058e-05 0.00354118 -0.00204385 -0.000632946 -0.00416432 9.93883e-05 0.00330616 -0.0178413 -0.00475328 0.00428902 -0.0477736 -0.0836779 -0.149944 -0.0157488 -0.0167723 -0.00887801 -0.0213476 -0.10334 -0.0289947 -0.090949 -0.0240604 -0.0982315 -0.0209529 0.00256848 0.000257617 0.00125458 -0.008044 -0.000603797 0.00314898 0.00769983 0.000647924 0.0148433 0.0544181 0.00244675 0.011147 -0.00670596 0.00516162 0.000891766 0.0148856 0.0337458 0.027695 0.00596138 -0.000543018 0.0290155 0.00219667 -0.00131179 0.0205428 0.00304735 -0.00821842 -0.0176148 0.00806374 0.0160196 0.0507518 0.128324 0.224852 0.350914 -0.00414296 0.0283291 0.0116741 0.00496919 0.000907683 -0.0109101 0.00306632 -0.00444471 0.000565573 -0.0374466 -0.0306418 -0.0609285 -0.0284784 -0.0815918 -0.0324538 -0.0634171 0.00663701 -0.00972782 -0.00242251 -0.0072407 -0.00298855 0.0360182 0.0906091 -0.0190424 -0.00563227 -0.0548901 0.00494999 3.49685e-05 0.00638919 -0.00343013 -0.0191189 -0.00093413 0.00530687 0.0169966 0.0247587 -0.000386657 0.000510399 0.0169497 0.0468953 0.0716282 0.151643 0.287916 0.00298855 0.0854731 -0.0400848 -0.0894076 -0.0328587 -0.0530735 -0.0951031 -0.162621 -0.00631888 -0.0114542 -0.0530271 -0.00328956 0.0282445 -0.00324595 -0.000285603 0.0177415 -0.0120527 -0.0196065 0.00570342 -0.0313413 -0.0551695 -0.0906951 -0.114663 0.0112675 -0.0790846 -0.00606042 0.00806754 -0.0166548
internal_weight=62603.9 22561.4 40042.4 32188.9 15312.6 12559.5 8062.89 592.433 413.621 348.033 178.812 77.0851 30.6808 1997.06 1973.84 1202.23 691.328 35.0952 771.606 55.2165 716.39 27.0358 689.354 16876.3 10770.7 10243.8 1728.75 1326.94 8515.08 1039.09 7018.93 1496.14 125.758 77.7691 1370.39 2665.44 4353.49 3028.95 1324.54 423.288 399.966 901.252 743.189 160.406 2990.84 670.367 235.145 2956.55 907.577 706.078 2048.97 1243.05 136.082 55.5404 23.4626 13.3508 805.92 136.882 1106.97 858.737 867.314 669.038 369.797 2485.19 1797.9 180.244 287.851 110.014 172.491 56.8497 401.807 117.778 6105.57 537.481 13315.5 4503.44 3314.16 208.334 74.8147 1189.29 3105.82 192.164 133.519 8812.08 3114.36 5697.72 778.676 4919.04 3089.88 1014.22 894.342 2075.66 4705.71 649.286 205.021 151.972 55.2175 16.2652 444.265 30.9337 119.875 47.5697 213.338 146.666 68.2316 27.9284 1532.96 1265.7 143.435 413.332 125.33 2926.77 2563.47 267.262 997.122 754.949 237.588 517.361 200.509 105.09 79.7058 242.173 63.5436 1122.27 479.091 643.174
internal_count=99816 35365 64451 51854 25405 19559 12744 988 661 542 327 178 103 3402 3351 1978 1188 100 1373 129 1244 90 1154 26449 16873 16033 2725 2078 13308 1643 10968 2340 285 154 2055 4048 6920 4773 2147 710 646 1437 1193 251 4669 1040 387 4604 1402 1084 3202 1994 266 151 96 82 1208 228 1728 1272 1354 980 510 3767 2719 281 435 205 273 115 647 218 9576 799 22003 7177 5213 390 164 1964 4823 348 226 14826 5182 9644 1405 8239 5110 1724 1482 3386 7844 1141 382 303 164 85 759 88 242 122 395 284 152 87 2500 2055 277 671 207 4515 3947 445 1616 1255 398 857 367 233 203 361 130 1778 768 1010
is_linear=0
shrinkage=0.095553


Tree=19
num_leaves=127
num_cat=0
split_feature=18 21 21 18 11 18 21 4 1 19 18 12 1 19 19 20 12 0 20 11 0 13 21 0 18 19 19 21 0 11 0 4 19 21 19 0 11 11 14 18 12 1 12 0 11 8 20 0 9 0 21 0 12 15 16 21 16 4 18 18 21 19 20 16 5 21 19 1 18 18 20 18 9 20 12 12 18 21 19 11 1 20 4 21 11 12 9 20 0 19 15 21 8 18 21 19 0 19 13 19 19 4 18 11 8 11 5 16 0 11 18 0 15 0 19 18 19 12 20 20 20 18 19 19 21 4
split_gain=42.6075 34.7508 29.4807 22.7666 26.263 20.4242 20.3466 29.3806 20.0351 19.1553 17.0129 16.6939 40.3824 23.5173 20.2512 43.2254 16.4868 26.1716 16.7889 16.1614 22.6711 16.9288 16.07 28.5976 22.4996 15.8972 21.6929 21.1025 34.9161 27.5922 20.9494 23.0533 30.518 40.5524 21.1544 26.4591 20.6916 19.2842 18.889 50.5809 18.874 19.8605 25.1294 26.1033 18.5368 16.3566 15.5269 32.8741 32.7621 22.9449 21.8411 41.9924 20.326 19.4971 18.8278 18.2746 44.6738 19.9614 17.3205 32.4274 48.4628 16.174 14.7669 25.1935 17.967 15.8316 18.1882 41.2157 106.896 19.2831 29.6102 25.973 20.1594 14.6334 24.5046 24.6805 24.0973 30.329 21.6426 22.894 21.2174 20.4343 19.2636 22.8203 20.3225 17.5775 16.2992 27.4784 18.583 44.6742 28.8029 23.0078 17.7109 16.0956 23.0352 15.3218 14.7146 19.5243 14.6066 14.5454 16.2934 21.7657 14.5063 14.3705 22.1197 14.3605 13.8462 19.3961 25.2603 20.0282 13.922 13.7496 13.5924 13.5795 25.1499 22.2497 27.1398 21.9759 31.5135 21.2694 18.5897 17.3446 17.1624 17.0269 17.9535 16.8695
threshold=0.02152569126337767 -0.0068410797975957385 0.015647463500499729 -0.14464228600263593 -0.38063052296638483 -0.21447290480136869 -0.34188778698444361 -0.49807056784629816 -0.37926135957241053 -0.2850061953067779 -0.39134548604488367 -0.13744425028562543 -0.28835226595401758 0.043034194037318237 0.14159815013408664 0.14453024417161944 -0.11650657281279563 0.41903407871723181 0.14140970259904864 -1.4897925853729246 0.39346592128276831 -0.53955775499343861 -0.1420982554554939 0.45312500000000006 -0.14188373088836667 0.29309800267219549 0.11995649337768556 -0.25776432454586024 -0.12357954680919646 0.29047197103500372 -0.17187499999999997 -0.11721936985850333 -0.05466064624488353 -0.16523864120244977 -0.16911990195512769 -0.36505682766437525 0.015686240047216419 -0.040803423151373856 0.075070600956678404 0.016325897537171844 0.056946827098727233 -0.024147727526724335 -0.058198969811201089 -0.066761363297700868 -0.24114079028367993 -0.023564673028886315 0.052408747375011451 -0.066761363297700868 0.080854207277297988 -1.0000000180025095e-35 0.22621519118547442 0.063920453190803542 -0.20797599107027051 -0.015353302471339701 -0.099716871976852403 0.057632595300674445 0.16013843566179278 -0.4771131426095962 0.096665639430284514 0.028804156929254535 0.15025279670953753 -0.14192452281713483 0.19267047941684726 0.046620326116681106 1.0000000180025095e-35 0.17044034600257876 0.36286306381225591 0.45880682766437536 0.36599983274936682 0.27170178294181829 0.32828423380851751 0.24711910635232928 -1.0000000180025095e-35 -0.24013996869325635 0.15020011365413669 0.41517437994480139 -0.28176027536392206 -0.36339856684207911 0.72458770871162426 0.039423458278179176 -0.40767045319080347 -0.36231037974357599 -0.26055346429347986 -0.40053725242614741 0.16445721685886386 0.53321897983551036 0.07859713584184648 -0.36231037974357599 -0.08096591010689734 -0.066379640251398073 -0.081420890986919389 -0.69111531972885121 0.096550773829221739 -0.53630343079566944 -0.37578354775905604 -0.063054207712411867 -0.12926135957241056 0.44822725653648382 -0.46498560905456537 0.08404515311121942 0.24997129291296008 0.044752327725291259 0.19611540436744693 -0.024490808136761185 -0.47737716138362879 0.34123151004314428 -1.0000000180025095e-35 0.070125617086887373 -0.16619318723678586 0.12308412790298463 0.068872988224029555 0.44460226595401769 -0.22272657603025434 -0.20880681276321408 0.99546822905540477 0.10598503425717355 0.37158706784248358 0.20106918364763263 0.05771592631936074 -0.12763735651969907 -0.1178031526505947 0.17105530947446826 0.10917907580733301 -0.12926788628101346 0.70145350694656383 -0.10127499327063559
decision_type=2 2 2 2 2 2 2 2 2 2 2 2 2 2 2 2 2 2 2 2 2 2 2 2 2 2 2 2 2 2 2 2 2 2 2 2 2 2 2 2 2 2 2 2 2 2 2 2 2 2 2 2 2 2 2 2 2 2 2 2 2 2 2 2 2 2 2 2 2 2 2 2 2 2 2 2 2 2 2 2 2 2 2 2 2 2 2 2 2 2 2 2 2 2 2 2 2 2 2 2 2 2 2 2 2 2 2 2 2 2 2 2 2 2 2 2 2 2 2 2 2 2 2 2 2 2
left_child=1 3 111 4 5 6 10 -8 105 -4 19 12 13 -11 15 -15 17 18 -13 20 -1 -21 23 24 -5 26 30 -28 38 -30 31 32 33 -26 35 -33 40 -27 -29 -40 41 98 -43 -44 -36 -38 47 106 55 58 52 -52 54 -53 -51 -49 57 -57 59 60 -48 -60 63 64 -63 -64 69 68 -68 71 -71 -67 -73 74 78 -76 77 -75 79 86 -77 82 83 -81 -84 -78 88 92 89 103 91 -91 -88 -90 -95 -86 97 99 -32 -79 112 -102 -65 104 -6 -3 -14 -108 110 -110 -109 -2 -101 114 115 119 120 118 -118 -18 -117 -122 123 -123 125 -125
right_child=2 8 9 22 73 -7 7 -9 -10 11 -12 16 46 14 -16 -17 113 -19 -20 21 -22 -23 -24 -25 25 37 27 28 29 -31 36 34 -34 -35 44 -37 45 -39 39 -41 -42 42 43 -45 -46 -47 49 48 -50 50 51 53 -54 -55 -56 56 -58 -59 61 -61 -62 62 65 102 -66 66 67 -69 -70 70 -72 72 -74 76 75 80 85 96 -80 81 -82 -83 84 -85 95 -87 87 -89 93 90 -92 -93 -94 94 -96 -97 -98 -99 -100 100 101 -103 -104 -105 -106 -107 107 108 109 -111 -112 -113 -114 -115 -116 116 117 -119 -120 -121 121 122 -124 124 -126 -127
leaf_value=0.046726529468385472 0.0088988295750095023 -0.023864486063777956 -0.070160733341774778 0.091147868053914644 -0.011206408586717733 0.015770152447798755 0.073797544505477777 -0.021008928086501434 -0.0072735196011961597 0.023653783343025175 0.0126019433114404 -0.0010794238346911824 0.035023648043912156 0.046475284742017633 0.023539970038186187 0.23609648869220887 -0.10479669128955153 -0.10462195106015228 -0.029179087921741027 0.003989021619042475 -0.055952201017464821 -0.012544302394395558 0.00023142442643781411 0.088817358145245592 0.24657022976837034 0.049454208952479109 0.0019809461311268164 -0.040041222657299751 0.0021124884724921878 -0.089190975807012671 0.018982179728491439 0.015740079296245036 0.0013568466966260232 0.048915148906774612 0.1072300972677917 -0.11324717610017 0.015984747218454613 0.0065259643075775177 -0.26520491127963158 -0.021793744548426409 0.011495107049220103 -0.001515061937011449 -0.047946447362600113 -0.21174136914642128 0.022365140908785552 0.10829429130640392 0.15376952987976736 0.031605114275512054 0.011717790567633009 0.042729847947882593 -0.16995601016606982 0.013210258968215375 0.0030699043523496035 -0.068279867709448536 -0.047557967619314967 0.12727574351831064 0.029357946633911374 0.28962342205410613 -0.0046424830782155532 -0.011658272264151746 0.011544698813245121 0.031392996289844745 -0.017845819750266723 -3.4694475725056669e-05 0.088797036078979874 0.01290289584280031 0.050676510755565396 0.0021877298257173411 -0.376264034100672 0.11064976052713697 0.023104916424585082 -0.0073007969412895949 -0.12778261093226845 -0.11674950603883702 -0.020704538427951769 -0.068154090858286151 -0.0064933715212200727 -0.0088413610200144526 -0.078841014478279015 -0.038304416662270108 0.0093438261732060688 -0.01935783446749962 0.0093858450211633578 0.036479930209819593 -0.085276002479804477 0.065829687400594736 0.14753962390700229 0.010278282115304949 -0.074043657064741628 0.077750308663685375 0.076824252702717283 -0.013652543300909536 0.050661820834818426 0.035992433758174111 -0.015949276976325154 -0.016618870149971213 -0.033125956380413581 0.022843887627489054 -0.024533631730960889 -0.034351647187393197 -0.082387682143414104 0.015403592990501048 0.037144615871850237 0.028830484209573314 0.096546813579282922 -0.093910264581643796 0.016869610192967035 0.032099269508853057 -0.0040865908722792525 -0.13144149868827537 -0.011551704039895198 0.069361434003137212 -0.11030616518927014 0.0017561637406429144 -0.036087194006628784 0.063684641684433441 -0.0063641510141646653 -0.012144333788045768 0.046550126673782173 -0.016761555610302382 0.008467094763396972 -0.074698404070351027 -0.026180616824645845 0.034675661104923532 -0.065379919520243704 -0.0039519029105085706
leaf_weight=115.65555878519081 4810.0369246078189 401.02474362077191 32.587949482141994 27.324946988956071 19.630619966308586 856.08854818274267 29.681756344856694 595.51815891894512 6174.0704981706804 278.59990738250781 1043.9763634447008 639.83423191786278 133.13457558664959 27.421228752471507 31.654029935598373 17.959535923204385 25.162783771054819 25.720065893838182 279.11431348242331 1169.1825101083377 21.790460736956447 1086.8345343068941 8732.0007840223843 38.326470099273138 16.133372463868 161.93860378616955 733.11322296748403 36.246344252838753 209.17959168506786 33.380261934828013 118.21510864736047 35.979902220307849 25.357676103711128 22.603852413245477 24.45441979856696 21.808810065500438 47.333092413726263 235.94581531360745 14.855703218374401 15.591785281896591 465.42131684313063 32.857357412576675 22.416710189078003 14.783639327855779 279.33682299638167 27.525383740896359 24.609853770118207 32.81978097918909 103.26471647375729 22.453502939548343 20.898222674964927 54.743335762643255 486.27337720489595 48.196673959260806 148.50532596802805 19.384923189412802 26.715626746416092 12.966405006009152 619.41483325196896 1017.2023263246519 134.17711886763573 321.35573594190646 215.82743916229811 415.88753246632405 59.215482927043922 267.27163656766061 10.569835773203524 95.126594310160726 8.9989397693425399 39.121344632585533 281.59589672100265 28.700263053062372 21.981152486754581 27.99014751741197 985.56077628245112 32.656587896170095 4576.8627981527243 502.05700515594799 27.252180185285397 41.80749886657577 515.608291047276 527.4447552098427 342.94661717198323 239.10854418703821 33.801181620685384 29.045189354219474 21.600121709867381 182.08074251306243 29.648636138765141 25.087763791554607 38.541138477041386 393.10056081577204 83.547719633439556 102.4470066037029 307.16903804533649 205.35843617352657 422.63432003627531 128.0725908994209 166.4277900904417 49.553296003257856 27.510250490042381 69.47351359797176 121.49818271119148 137.25020319374744 88.382624211255461 27.59970204171259 437.03968190576416 79.165574773913249 19.562171831727028 26.003219160949811 369.65526901627891 33.075822500977665 40.529004713403992 14540.587451404892 221.54779439826962 33.431004981859587 150.8650599271059 157.42115902947262 305.01057463278994 449.42492850322742 518.41672079323325 27.759457120089792 492.76066234253813 121.4792330377968 35.678669691784307 624.82269839325454
leaf_count=231 7560 626 61 68 42 1301 75 967 10250 392 1618 963 205 42 43 77 57 62 455 1954 57 1816 13295 83 71 265 1139 69 319 71 165 54 32 43 59 63 74 357 73 19 722 38 45 62 372 67 78 47 143 52 69 77 772 90 276 49 33 69 881 1605 182 544 305 564 125 392 24 142 65 96 401 37 67 74 1610 65 7385 809 57 69 756 849 506 365 73 54 64 283 65 53 81 688 128 159 540 329 732 201 226 82 59 104 192 209 209 61 647 114 29 68 540 68 97 22624 358 61 202 226 510 742 718 58 744 194 71 878
internal_value=-0.000120021 -0.00246364 0.00251727 -0.000928319 -0.00336334 0.00236858 -0.000445936 -0.0162901 -0.00867142 0.00118148 0.00242555 0.00128052 0.00562857 0.0368089 0.0833051 0.124118 -0.000134442 -0.0124243 -0.00968652 -0.00199558 0.0295799 -0.00395535 0.00226396 0.00852474 0.00737251 0.00649114 0.00349054 -0.00677859 -0.0276659 -0.0106165 0.011631 0.0290611 0.0814108 0.134155 0.0195068 -0.0323247 0.0032757 0.0241416 -0.0882577 -0.1436 -0.00107169 -0.0176893 -0.0627641 -0.11577 0.0296319 0.0507987 0.00367706 0.0130417 0.0489664 0.00102115 -0.0138235 -0.0504531 -0.00680506 -0.0247752 -0.0350138 0.0902547 0.122154 0.196462 0.00418561 -0.00534931 0.0345073 0.00868037 0.0130833 0.0217758 0.0405779 0.0047971 0.0113614 -0.0232379 -0.144961 0.017696 0.0341864 0.000898687 -0.0605835 -0.00611791 -0.00192439 -0.0116608 -0.00923687 -0.02091 0.00330873 0.00415166 0.0044942 -0.00454661 0.00445408 0.0249708 -0.00538 -0.00601081 0.012651 0.0329904 0.00747542 0.0171273 -0.000415406 -0.00784857 0.0716611 -0.00784209 -0.00278529 -0.026737 -0.0186235 -0.011043 -0.0063001 -0.0174391 -0.0401533 -0.0124943 0.00835097 0.0499144 0.0761609 -0.0286481 0.00637988 0.00219636 -0.0106901 -0.0772033 -0.00368651 0.00933549 -0.0693194 0.000519311 -0.00514847 -0.00279193 0.000834433 0.0182495 0.028906 -0.0217054 -0.00490574 -0.00623539 -0.0121302 -0.00351095 -0.000810818 0.00231182
internal_weight=62937.4 33333.7 29603.7 26731 15172.5 4918.73 4062.64 625.2 6602.69 24760.6 3437.44 24728 6078.97 355.635 77.0348 45.3808 18649 944.669 918.949 2393.46 137.446 2256.02 11558.6 2826.56 2788.23 2760.91 2363.02 1042.37 309.254 242.56 1320.66 425.675 64.0949 38.7372 361.58 57.7887 894.98 397.884 66.6938 30.4475 820.122 354.701 70.0577 37.2003 303.791 74.8585 5723.34 1259.71 195.151 4463.62 781.07 123.838 657.232 102.94 170.959 91.8867 59.067 32.3513 3682.55 1175.99 158.787 2506.56 1887.15 917.957 380.571 969.193 753.366 114.695 19.5688 638.67 320.717 317.953 50.6814 10253.8 4380.03 1533.83 5873.73 1267.82 2846.21 2818.95 548.265 1390.47 863.022 280.916 582.106 4605.91 1428.49 287.229 1141.26 701.993 456.729 418.188 105.148 439.265 409.616 239.16 1239.83 817.196 284.643 689.123 187.066 96.9838 537.386 245.263 108.013 428.624 1064.56 931.426 494.386 45.5654 448.821 4843.11 90.0823 17704.4 3163.78 2942.23 2467.65 613.297 455.876 474.588 1854.35 1820.92 1302.5 809.74 781.981 746.302
internal_count=99750 53604 46146 42667 24816 8019 6718 1042 10937 38518 5676 38457 9534 554 162 119 28923 1480 1418 4058 288 3770 17851 4556 4473 4405 3783 1690 551 390 2093 694 146 114 548 117 1399 622 161 92 1258 536 145 107 431 141 8980 1944 341 7036 1336 236 1100 167 328 198 151 118 5700 1865 260 3835 2954 1425 669 1529 1224 231 89 993 497 496 104 16797 7200 2431 9597 2158 4769 4712 821 2191 1342 434 908 7439 2521 475 2046 1282 822 741 192 764 699 402 2084 1352 391 1151 342 163 756 460 251 687 1603 1398 751 97 654 7628 179 27443 4819 4461 3662 938 712 799 2724 2663 1945 1201 1143 1072
is_linear=0
shrinkage=0.095553


Tree=20
num_leaves=127
num_cat=0
split_feature=14 10 21 19 11 17 21 4 20 1 12 20 4 21 11 20 3 16 11 17 11 20 4 20 14 9 1 15 0 19 19 11 19 3 10 14 12 3 12 20 9 20 9 1 14 4 12 19 19 19 0 10 17 3 21 20 21 19 20 19 15 20 8 17 17 0 16 0 12 12 12 11 10 20 20 19 17 9 11 10 7 11 17 19 17 17 3 13 10 12 4 12 12 10 13 19 3 13 9 21 4 20 17 12 1 21 12 10 19 11 1 17 11 3 17 19 10 21 15 19 19 17 94 9 12 20
split_gain=13.559 22.6322 24.5116 21.8729 21.6239 35.3188 26.906 49.5915 22.1422 19.2199 17.7309 15.5011 21.7414 16.6042 37.8434 15.7993 20.6844 27.7951 19.9094 17.7288 23.3357 14.0499 14.3472 18.3956 14.3402 14.0203 13.4173 17.6271 12.6989 12.6406 12.6339 12.562 22.2396 12.2401 23.462 31.3002 12.1952 23.6986 19.1844 15.9683 15.445 17.5237 16.5454 13.8905 12.1945 11.74 21.2471 18.761 16.7685 19.7441 21.2216 15.8802 26.9026 21.4337 17.4975 13.5998 31.2406 21.8078 12.8311 12.4456 21.9914 12.2451 12.2051 15.117 12.0707 13.2148 22.128 12.7519 23.513 16.9147 16.8118 16.2458 14.1465 19.6063 21.9404 13.8617 12.7766 12.6881 12.4922 12.1708 14.8466 11.5749 11.4244 11.3848 15.9435 19.1475 11.6721 12.9846 12.7326 11.3288 15.268 11.187 26.8325 19.613 16.143 10.9088 39.8919 10.8791 11.2796 26.7777 41.5595 15.6441 14.1212 13.4962 26.1821 16.3465 26.9712 18.0094 13.0743 22.3237 21.8338 11.9042 10.9868 12.7798 26.5481 20.4554 30.9475 57.283 44.8451 29.0927 22.3768 19.917 15.5849 15.3018 16.1198 34.3775
threshold=-0.13528162240982053 -0.19618349522352216 -0.2460605129599571 0.071947943419218077 -0.084764756262302385 0.46551848948001867 -0.04138869792222976 -0.19485294818878171 0.079801581799983992 -0.18039772659540174 -0.11081189289689063 -0.066364951431751237 0.34343302249908453 -0.18023100495338437 -0.013598706107586621 -0.10949517786502837 -0.37866973876953119 0.18092852085828784 0.094652242958545699 0.43157629668712622 0.12027980014681817 0.22255595773458484 -0.052903147414326661 -0.038972415030002587 -0.10704841837286948 -0.031837211921811097 -0.0099431821145117266 0.0092242704704403895 0.27414773404598242 -0.16911990195512769 -0.2850061953067779 -0.14119699597358701 -0.14815028756856916 -0.41401703655719752 -0.020908495411276814 0.55280610918998729 -0.2603659182786941 0.47445212304592138 -0.21308176219463346 0.18085687607526782 -0.072225470095872865 -0.016000446863472458 0.061150977388024337 -0.066761363297700868 -0.069899469614028917 -0.30799929797649378 -0.043287592008709901 -0.27766506373882288 0.68791252374649059 0.025938472710549835 0.39062500000000006 0.18940615653991702 -0.29666906595230097 -0.36201974749565119 0.5283210575580598 0.02633590251207352 0.033899035304784782 0.062695985659956946 0.047028858214616782 0.12473992630839349 -0.040698925033211701 0.16678980737924579 0.44567444920539862 -0.076657559722661958 -0.015964332036674019 -0.12926135957241056 0.10049235448241235 0.035511363297700889 0.19586049020290378 -0.2603659182786941 -0.18624356389045713 0.17634440213441852 -0.085030119866132722 -0.13978719711303708 -0.10173228010535239 0.0048614367842674264 0.14587228745222094 0.19321843236684802 0.40308102965354925 -0.17861767113208768 -0.020994463004171845 0.18240458518266681 0.59970518946647655 0.08404515311121942 0.242557168006897 0.35481087863445288 0.27382043004035955 0.37323825061321264 -0.15648397058248517 -0.1774213835597038 -0.20237678289413449 -0.074757002294063554 -0.015694682486355301 -0.22918041795492169 -0.077337011694908128 -0.13066414743661878 0.26693189144134527 -0.54757764935493458 -0.95475101470947255 -1.1624392867088316 0.37729673087596899 0.46430839598178869 -0.39105421304702753 0.98150944709777843 -0.24857954680919644 -0.65828529000282276 0.7997141182422639 0.42818993330001837 0.54539003968238842 -1.0676110982894895 0.29687500000000006 -0.14871278405189511 -0.071672614663839326 0.34452423453330999 0.65514886379241954 0.27593496441841131 0.28581996262073522 -0.1420982554554939 -0.1236482337117195 0.20455641299486163 0.37158706784248358 0.65514886379241954 1.0000000180025095e-35 0.022196600213646892 -0.011006289627403019 -0.13652861863374707
decision_type=2 2 2 2 2 2 2 2 2 2 2 2 2 2 2 2 2 2 2 2 2 2 2 2 2 2 2 2 2 2 2 2 2 2 2 2 2 2 2 2 2 2 2 2 2 2 2 2 2 2 2 2 2 2 2 2 2 2 2 2 2 2 2 2 2 2 2 2 2 2 2 2 2 2 2 2 2 2 2 2 2 2 2 2 2 2 2 2 2 2 2 2 2 2 2 2 2 2 2 2 2 2 2 2 2 2 2 2 2 2 2 2 2 2 2 2 2 2 2 2 2 2 2 2 2 2
left_child=45 2 -2 4 5 6 8 31 10 82 89 12 13 -6 -15 16 17 18 -16 20 -18 22 36 25 -23 -24 91 -28 -9 -12 33 -8 -33 34 35 -3 -13 38 40 -40 43 -42 -43 -38 -35 47 48 -1 49 -47 55 52 54 -54 -48 56 -51 61 -59 60 -60 -57 63 -58 65 77 79 68 69 -66 -69 -72 73 75 -75 -71 -73 -49 -70 80 -67 -17 -7 84 -76 -86 87 -87 -89 90 -4 93 -93 94 -5 96 -11 98 -32 100 -100 102 108 105 -105 106 107 -104 109 -101 -111 -109 113 114 122 119 117 118 -117 121 -119 123 -99 -115 -125 -126
right_child=1 30 3 26 11 9 7 28 -10 95 29 21 -14 14 15 81 19 -19 -20 -21 -22 24 23 -25 -26 -27 27 -29 -30 -31 97 32 -34 44 -36 -37 37 -39 39 -41 41 42 -44 -45 -46 46 51 64 -50 50 -52 -53 53 -55 -56 57 62 58 59 -61 -62 -63 -64 -65 67 66 -68 70 78 72 71 76 -74 74 83 -77 -78 -79 -80 -81 -82 -83 -84 -85 85 86 -88 88 -90 -91 -92 92 -94 -95 -96 -97 -98 112 99 101 -102 -103 103 104 -106 -107 -108 111 -110 110 -112 -113 -114 115 -116 116 -118 120 -120 -121 -122 -123 -124 124 125 -127
leaf_value=-0.065651591622537156 0.092065839773495958 -0.16725695594589043 -0.05397760975316529 -0.020030928588100391 -0.011542369146665628 0.031053807171214334 -0.06741176620454542 0.036155929731983873 0.071407256453967463 0.18844274610718845 -0.060735540320319491 0.044241417254824333 -0.012798127043856099 0.16656664093345175 0.071728931322605313 0.024816100996940749 0.045596974263644764 0.048626259941739365 0.23852626910021116 0.069167750226606844 -0.07403494683290103 0.015184869096533106 -0.0081362520813166132 0.0035243948285468328 0.087499354499596615 -0.081110256846167753 0.091701890916077847 -0.018965111684681756 -0.035880070777912776 -0.0080205492781041578 -0.0095818762283875186 -0.089193790526850392 -0.27562205171281329 -0.048473298940294209 0.012725906366746861 -0.023770913814885625 0.086806512650806134 0.089914231579539858 0.01887598200513212 -0.017980331453026899 0.026729450514752333 -0.026021227806166253 -0.10577122096693563 -0.0052278556836548844 -0.0022316187046971759 -0.00016245358374000047 -0.036590565869452411 -0.0071873441650633025 -0.040525521922134072 0.006644167237723206 0.098343589526254271 0.0045217868038855136 -0.0012520001121629199 -0.021600805401791996 -0.13059911614360137 -0.097833071429044197 0.11884344090162288 -0.038613067005368581 0.11267021404671904 0.0026203169558370403 0.018620370598265795 -0.0081040392536825268 0.00084783456924889986 0.047862390155306446 0.043064223144870656 0.025278148453649223 -0.00020568246177286634 -0.068618068219401335 0.07197018494919652 -0.14242544227348003 0.019465796013353732 -0.048768826565603933 -0.001314835233227154 0.02288283934305255 -0.01245582840888569 -0.035609406139629728 -0.0030059787733065862 -0.07538881694778754 0.0011754599600163078 0.012787732477052741 0.15065864964989958 -0.043305784213757741 -0.062116543857883851 -0.087159408218278001 -0.094411423604976799 -0.029222477095378833 -0.010332032604920559 -0.12158128151810163 -0.030909682634651006 0.023254009627253058 0.021064272628665608 0.062754804516969104 -0.020342378886722579 -0.016543531665038171 -0.12940873008303097 0.024638718909288378 0.016354148991599593 0.00016642765469603518 0.17662416428643127 0.0015674359941172634 -0.007089727760287115 0.047991277527582428 0.0034794436106168856 -0.1259686223683473 0.02656285329806882 0.0039793289355857025 0.08452014739687512 0.01401961838969853 0.013772073306487552 -0.17355179564395226 -0.044469468968228815 0.09180421562397259 0.0010780351093295107 -0.0035280723674208708 -0.048205173145884822 0.05946989666198009 -0.0010823554675805753 -0.008516378776143578 0.32054379064441652 -0.044053779108662712 0.07452932837160306 0.052948397822772678 -0.069408651754832545 -0.0055528529794869764 -0.0933243707684933 -0.019723050462216077
leaf_weight=48.720989995170385 29.144676455412991 22.926330227288418 51.276323542697355 21.298351380508393 57.583680034615099 23.707889929413795 15.865630918298846 28.001276401220821 31.025919865467586 21.560542805003934 81.612672507064417 111.61582459509373 102.53244575974531 20.042154422146268 12.686130231129939 174.36835043819156 30.697981257457286 51.780793277197517 15.724522753851486 47.058526358683594 26.10178062284831 67.288084917818196 57.839257007464767 1174.570179886301 39.996484184754081 41.1642120819306 23.428328330628574 25.344368336489424 83.843844059621915 86.567735925316811 483.53194808273111 13.188088990747927 11.944798114942389 57.46613885613624 35.809372499585152 33.751836597919464 21.967119351960719 32.731177924200892 1005.7049148498336 117.11600772780366 42.376285345177166 132.22617028409149 28.270306656369939 37.352720515802503 446.93704157939646 3632.0674718826776 73.266206621890888 71.150029710493982 78.455971838324331 387.20092394063249 24.835480374284089 722.41644189693034 1184.376147517818 790.10693012422416 23.858715759241022 27.797147678444162 35.691982664633542 48.363078217953444 25.396033096476458 435.96192802709993 156.58319589495659 27.717917680740356 31.738119317567907 129.60355099744629 32.555488159647211 16.482846775674261 1156.4123426850419 30.982269962201826 33.50797009607777 23.047476043109782 271.37936838320456 65.597696123411879 192.75338678760454 71.557316529680975 299.39113769656979 23.002319566439837 333.69733840390109 38.079599192948081 66.822726515354589 33.457516640424728 18.76973703445401 24.076274544233456 20.970690612564795 31.547666375525296 54.566818702500314 114.90797003835905 126.59744868054986 35.372804859071039 25.400795014225878 144.27563522185665 43.793106906116009 42.243207269464619 180.69868076557759 136.65420724940486 30.666614427231252 38.732271430781111 27.38339276611805 12001.824791807565 20.184608502779156 56.762889149831608 21.791762895649299 74.612500044167973 299.39969920471776 19.344615599373356 18.291181925451383 4258.9314178383211 56.176784867304377 34.424020073260181 58.529584325500764 15.941577912773935 45.424114477005787 39.11951007694006 24288.438662874047 2359.460769556812 103.47020114818588 13.658398715429941 844.72859527042601 84.503297447576188 10.524759973050093 207.11277549189981 42.952635488472879 47.371573990443721 27.706586809246801 642.7276964802295 62.951953685726039 604.14406349672936
leaf_count=92 70 73 95 34 95 44 30 49 65 77 148 175 156 69 23 270 63 85 71 95 58 94 88 1673 87 89 55 43 141 115 873 27 66 103 41 40 51 78 1537 177 72 208 70 54 605 5521 124 123 133 617 56 1066 1727 1203 69 64 98 87 64 672 208 34 67 219 62 23 1820 60 63 69 371 114 253 104 415 39 443 82 93 41 60 47 44 67 116 168 172 92 35 242 66 79 293 206 79 53 37 18926 79 84 33 135 437 51 30 6960 118 53 78 52 84 86 38297 3623 172 28 1296 127 60 347 91 83 50 907 147 911
internal_value=0.000108766 0.000754028 0.00708803 0.00652595 0.00870152 -0.00626388 -0.0163133 -0.0506805 -0.0041687 0.0379643 -0.0102033 0.011837 0.0263787 0.0352731 0.0421612 0.0351879 0.0553625 0.0917921 0.166779 0.0265605 -0.00849982 0.00900339 0.00767913 0.000152696 0.0427578 -0.0389938 -0.0131696 0.0330607 -0.0172882 -0.0339014 0.000127231 -0.139121 -0.182603 -0.0136647 -0.0454153 -0.0833743 0.0139135 0.0114683 0.00951303 0.014963 -0.0135905 -0.0262668 -0.0407808 0.0282983 -0.00769317 -0.00293029 -0.000928353 -0.00779246 0.00276863 0.00347255 0.0134223 -0.00761428 -0.0118742 -0.00942442 -0.0605998 0.0117019 0.0225335 0.00285642 0.00771534 0.0114949 0.0324007 -0.0536615 0.0534136 0.0638679 -0.006866 8.93438e-06 0.00289061 -0.0118966 -0.0181749 -0.0225005 -0.00171119 0.00142747 -0.0247495 -0.0303114 -0.0265201 -0.0901917 -0.0107263 -0.0315471 0.0253869 0.0549137 0.0937626 0.0161269 -0.0113028 -0.0317808 -0.028938 -0.0425975 -0.0328937 -0.0487982 -0.0845088 0.00628764 -0.0187897 -0.018885 -0.00417929 -0.0359694 -0.0853772 0.0639675 0.0939513 0.000304303 0.00429551 0.0056448 0.0802957 0.00498966 0.00431549 0.0053158 -0.0502998 0.00578494 0.0235476 0.0140826 -0.0220305 -0.0403794 -0.0798667 0.0559471 -0.000225856 -0.00208574 -0.000415851 -0.00619344 0.00599333 0.0455213 0.176362 -0.00930273 0.0194859 -0.0073427 -2.1903e-08 -0.00815134 -0.0164373 -0.0268496
internal_weight=63178.2 52127 4686.1 4656.95 4196.62 723.75 591.395 152.844 438.551 132.355 407.525 3472.87 562.653 460.12 402.537 382.494 184.05 80.1914 28.4107 103.858 56.7998 2910.22 2802.93 1273.57 107.285 99.0035 460.334 48.7727 111.845 168.18 47440.9 40.9985 25.1329 596.891 92.4875 56.6782 1529.36 1417.74 1385.01 1122.82 262.193 202.873 160.496 59.3198 504.403 11051.2 7835.44 3215.76 5041.41 4962.96 1330.89 2794.02 2071.61 1974.48 97.1249 1306.05 584.235 721.819 666.304 617.941 181.979 55.5151 197.034 165.296 3167.04 1334.35 1225.12 1832.69 1131.03 1030.7 701.657 670.674 998.145 805.392 759.342 46.0498 399.295 109.23 100.331 68.7101 35.2526 198.445 44.6786 687.785 656.237 356.846 302.279 175.682 60.7736 239.345 95.0694 411.561 222.942 188.619 51.965 87.6762 48.9439 46844 5502.47 5018.93 41.9764 4976.96 4902.35 4725.69 37.6358 4688.05 429.12 372.943 176.658 118.129 61.3657 73.5435 41341.6 17053.1 12133 4920.14 996.368 151.639 24.1832 3923.77 127.456 3716.66 12029.5 3669.28 1309.82 667.096
internal_count=99729 82723 7643 7573 6784 1299 1044 313 731 255 666 5485 1032 876 781 712 395 179 94 216 121 4453 4272 1850 181 177 789 98 190 263 75080 123 93 862 154 113 2422 2247 2169 1714 455 350 278 105 708 17006 12029 4977 7840 7707 2186 4189 3123 2930 193 2130 1001 1129 1031 944 272 98 384 317 4885 2149 1944 2736 1748 1592 988 928 1530 1277 1169 108 557 205 156 124 83 317 88 1065 998 583 467 295 127 403 161 691 372 319 113 167 114 74218 9153 8280 112 8168 8033 7735 81 7654 694 576 298 220 136 139 65065 26768 19148 7620 1602 306 88 6018 218 5671 18976 5588 1965 1058
is_linear=0
shrinkage=0.095553


Tree=21
num_leaves=127
num_cat=0
split_feature=18 21 21 10 18 15 0 0 14 18 21 13 18 21 10 21 15 10 4 14 16 4 21 17 16 10 4 20 14 10 10 21 18 0 16 20 10 17 5 4 0 19 17 9 19 21 20 10 4 20 0 18 18 0 18 21 0 0 0 20 20 5 0 10 21 10 18 21 21 0 10 4 18 17 0 14 20 20 18 0 21 0 13 21 21 17 10 12 10 5 19 13 12 18 4 19 14 20 9 4 18 9 4 17 5 10 17 16 0 20 15 15 9 10 12 21 10 0 0 12 12 12 12 16 19 4
split_gain=32.0252 35.3698 30.1019 23.652 28.7234 31.5785 20.5662 18.9091 18.7491 17.2611 51.9958 17.0338 17.0306 21.0139 20.9834 20.8816 29.1563 35.1065 18.8047 27.8246 18.4616 18.6165 17.3327 16.8896 15.6653 15.0296 14.8383 24.3583 15.2142 21.2407 22.1376 14.1941 18.7532 31.3718 31.756 34.2191 27.6209 27.3362 14.8971 31.5296 18.8212 17.6052 17.0926 14.5722 18.8233 17.3459 24.3938 23.9 17.8114 17.6099 17.0881 27.4237 18.584 16.8415 22.9817 31.4509 19.8893 16.7917 16.547 15.912 23.6973 17.4887 14.7563 28.438 18.0843 29.233 13.6039 27.8776 26.8455 25.3787 23.1404 24.2664 21.3819 21.1647 20.8947 20.9416 26.4102 25.8453 23.4402 37.8465 58.2184 35.7615 22.6363 20.3372 20.2683 19.0577 19.0337 18.7809 18.7267 18.1409 17.9625 32.87 17.1257 20.7555 16.7779 26.1563 37.5216 19.134 23.9923 18.1751 25.9598 29.1255 30.2701 17.9064 30.0213 25.833 18.169 17.2336 16.5155 27.8721 17.5822 19.0212 17.8542 21.5435 16.4878 16.3686 16.3167 18.872 16.1985 16.07 16.0569 15.7089 18.862 25.901 15.6004 17.1434
threshold=-0.067185379564762102 -0.083758417516946779 -0.099076699465513215 0.1763909310102463 0.096665639430284514 0.42401689291000372 0.29687500000000006 0.41619317233562475 -0.090702880173921571 -0.68872055411338795 -0.81610596179962147 0.32507324218750006 0.60444065928459179 0.65585392713546764 1.0466883778572085 0.65585392713546764 0.36724270880222326 0.41895695030689245 -0.11721936985850333 0.3030760139226914 0.35991859436035162 -0.45013153553009028 0.81740963459014904 0.65514886379241954 -1.605677008628845 -0.092273939400911317 -0.49001491069793696 -0.54909017682075489 1.3075391054153445 0.26866638660430914 2.0910676717758183 -0.55763766169548024 -0.36954462528228754 0.36505682766437536 0.06580157577991487 -0.42653231322765345 0.023531490005552772 0.57245075702667247 0.37500000000000006 0.42568224668502813 -0.45028407871723169 0.057392572984099395 1.0000000180025095e-35 -0.074571631848812089 0.54631143808364879 -0.16132759302854535 0.030311418697237972 0.092131324112415328 -0.37454032897949213 -0.092963997274637208 0.18323864042758944 -0.1739988103508949 -0.26244951784610743 -0.03835227154195308 -0.20172158628702161 -0.33209386467933649 0.052556818351149566 0.20028409361839297 0.12073863670229913 -0.67234852910041798 -0.28103819489479059 1.0000000180025095e-35 -0.20028409361839292 1.0466883778572085 -0.2460605129599571 0.53299695253372203 0.096665639430284514 0.14373438060283664 0.17371910810470584 0.43607954680919653 0.83306974172592174 0.069023612886667265 0.19778967648744586 0.49151445925235754 0.33096592128276831 0.18122744560241702 0.15986795723438266 0.19267047941684726 0.13895370811223987 0.14914772659540179 0.024121406488120559 0.18892045319080356 -0.4090247750282287 0.23955512791872027 0.053128369152545936 0.34276571869850164 -0.13237105309963224 0.01384219527244568 -0.24949025362730023 1.0000000180025095e-35 -0.22805814445018766 0.13564893603324893 -0.12109205499291419 0.011439860332757236 -0.30799929797649378 0.43389350175857549 -0.047610096633434289 0.35361006855964666 -0.24589471518993375 0.25240264087915426 0.19635087251663211 0.34369966387748724 0.32526347041130071 0.20732057839632037 1.0000000180025095e-35 -0.19223657995462415 -0.004170861328020691 0.033183731138706214 0.10369317978620531 -0.020612128078937527 0.35177420079708105 0.20891705155372622 0.10654987394809724 -0.14182486385107038 -0.23544310778379438 0.3323871791362763 -0.17292137444019315 -0.37073864042758936 0.34232954680919653 -0.030754717066884037 -0.17251000553369519 -0.15882790088653562 -0.10391652584075926 0.12641841173172 1.0383461713790896 -0.29481184482574457
decision_type=2 2 2 2 2 2 2 2 2 2 2 2 2 2 2 2 2 2 2 2 2 2 2 2 2 2 2 2 2 2 2 2 2 2 2 2 2 2 2 2 2 2 2 2 2 2 2 2 2 2 2 2 2 2 2 2 2 2 2 2 2 2 2 2 2 2 2 2 2 2 2 2 2 2 2 2 2 2 2 2 2 2 2 2 2 2 2 2 2 2 2 2 2 2 2 2 2 2 2 2 2 2 2 2 2 2 2 2 2 2 2 2 2 2 2 2 2 2 2 2 2 2 2 2 2 2
left_child=2 3 9 4 5 7 23 -2 -8 24 -11 -5 15 14 -14 66 -17 -18 20 22 -15 -22 -20 -4 -1 -24 27 -26 -28 -30 -31 -12 33 34 35 37 -36 -33 39 -37 42 -41 -40 44 45 53 49 -48 -49 50 51 52 -47 59 55 57 -56 -55 -54 -34 61 -61 63 -46 65 -64 67 88 70 -69 74 -72 73 94 75 77 78 82 79 -77 -81 -82 85 -75 -78 -68 -85 -88 92 -76 91 -84 93 114 95 97 -97 108 -99 103 -101 102 -102 106 105 -105 -96 -108 110 -110 111 -70 113 119 -3 118 -79 -118 -74 -113 -116 -93 123 -123 -90 -126
right_child=1 12 6 11 -6 -7 8 -9 -10 10 31 -13 13 18 -16 16 17 -19 19 -21 21 -23 25 -25 26 -27 28 -29 29 30 -32 32 43 -35 36 38 -38 -39 40 41 -42 -43 -44 -45 62 46 47 48 -50 -51 -52 -53 58 54 56 -57 -58 -59 -60 60 -62 -63 64 -65 -66 -67 68 69 72 -71 71 -73 115 83 89 76 84 116 -80 80 81 -83 90 86 -86 -87 87 -89 124 -91 -92 121 -94 -95 99 96 -98 98 -100 100 101 -103 -104 104 -106 -107 107 -109 109 -111 -112 112 -114 -115 120 -117 117 -119 -120 -121 -122 122 -124 -125 125 -127
leaf_value=0.036494126238079419 0.013728325046692066 0.036778637710701861 -0.0058297545601570626 0.0069093146457048504 0.11514554661768163 0.11882454339670562 -0.094444571191629675 0.078234894499424001 -0.019689860502320321 0.11679458714566278 0.0089215334504012082 -0.018031461804297055 0.037506216540851726 0.037420027703176297 -0.011399450850405659 -0.0020367844854651462 -0.1801729180520539 -0.032171937826926289 -0.05884544201064059 0.069749507380381354 -0.077469592246849892 0.0088078326397271929 0.051527958579434999 -0.070538350977399966 -0.020972358125299184 -0.022136580974454527 -0.015139750914547825 -0.11377237943377032 0.04429922119033048 -0.017498399459573703 0.081215823008078739 -0.14776174700502401 -0.036914718338713723 -0.040102218726498162 -0.049093535909242925 -0.004588453942511268 0.024419358648108291 -0.036031360496034934 -0.13172311988652333 0.028706400888090788 -0.01305763939099213 0.13355075599205893 -0.030316149863854124 -0.0023039652209381439 0.10079833104080452 0.0081417613061624886 0.044810499785339561 -0.060315731655472909 0.0094705479880207357 -0.024750373624308052 -0.024078009793771518 0.00071549199207086346 0.19082885886851955 -0.0022885722879217502 -0.018441432115613297 -0.016578699766445958 0.023080802144288638 0.034802091714285291 0.051623025349240688 0.07373118599573146 0.013608783038561152 0.021129742134921421 -0.16160769901693178 -0.037044555518801377 -0.006500594367202117 -0.032135515466414501 0.0283911738778241 -0.011568630239376074 -0.0052093185771933635 -0.10399994747875071 0.012430866169555634 -0.038163861138804815 0.0051587463039182877 0.016933884375063022 0.037364360988081602 -0.01911656425052799 0.04307766771850409 -0.081714242946232946 -0.0016192537408360056 -0.045736354130027995 -0.11580317343610834 -0.37690751307338921 0.019384570398324096 -0.017630128103134753 -0.0024608631919235341 0.11129933514928418 0.041475882272878309 -0.0033143988643025285 -0.001344780607735126 0.0034820127143135307 0.011211522752673201 -0.01321398257456011 -0.00011613298278963119 0.050082022603541533 -0.00032535438963666151 -0.21219817546651243 -0.018118443952755886 -0.01226845510964098 -0.14943345945611242 -0.013835376159238116 -0.049319333896002862 0.0036319301557958469 -0.27278277414764224 -0.027751616035380778 -0.0052872820035905731 -0.16309790773486932 0.084922344856937809 0.017741682100566383 -0.12670312995094746 -0.023588899181657075 0.019648715312502237 -0.062581224282078809 -0.010387495026011041 -0.026909484332195931 -0.041762436611270652 -0.0013236524480262401 -0.032689380161543748 0.0086525349580546685 0.025404878464466787 -0.20825406325948204 0.017591991832192625 -0.047722585849035964 0.0042133524698896776 -0.18217786440147601 0.076895968910145579 0.0090089863820411627
leaf_weight=60.245875782333314 1647.1984438636573 113.0117558890488 5907.1933038003044 1965.5340701198438 26.144553065416403 25.844944405951537 30.587256091763265 41.218461607466452 744.22513297537807 33.074001097120345 1513.2532628405606 283.87390676187351 383.57016493135598 171.16856036521494 97.848885208950378 108.80284179735463 21.398446304257959 43.371362343430519 97.991345688700676 28.039202753221616 27.734166227979586 95.571567047154531 29.698840031865984 35.487718306132592 129.08326970192138 122.67083386646118 933.27855615550652 31.228140016552061 103.45356838114094 204.67644308076706 21.473527002264746 23.390165095101111 45.326039453968406 250.41009130969178 50.034658645279706 1178.0000625300454 447.97701671859249 113.49502475175541 23.284254761179909 48.796797733171843 477.42099020094611 20.573846790939569 43.252700816257857 5711.3484225505963 22.015583692118526 22.209022296476178 158.94926499738358 39.99579489894677 161.51367623161059 471.86527045920957 141.25005299365148 204.74847972183488 15.789593749912454 225.45647029753309 122.32810572325252 742.53519349487033 660.9784945405554 213.08760964195244 16.734598245238885 114.30988674703985 1170.4760812172899 121.46923370065633 21.812244583386928 30.375896021723747 85.966342688072473 54.696723751723766 115.80535219667945 1657.9099424736341 333.04208027373534 25.992948526982218 144.31465567171108 206.89859557978343 2419.0972509757848 597.10636620270088 385.1711657398846 150.13889680756256 113.59843625465874 28.802198204793967 213.21603243646678 47.637930828612298 11.448639657697642 8.9646469264989701 256.59036614594515 524.95272477297112 384.51554104825482 31.979368953267112 119.38484451151453 283.01566323824227 13756.653892093222 234.18141040450428 4589.3956620133249 253.64787045889534 446.10704324394464 190.9769947581226 755.93060395529028 14.92835578531958 21.620467245578766 24.553023980930448 21.371443362906575 655.60995071730576 11.428265239810573 14.59147175750695 10.85922587465029 31.407632140209898 238.24464865005575 21.480515616480261 41.302647330216132 202.06028317660093 27.424775945721194 149.80066273512784 161.78081010899041 13.895085513591768 54.524901767610572 29.341387569904327 77.113682866445743 3883.4671914649662 172.81011580186896 234.20019002817571 424.99595846398734 15.916118810069745 85.076992127113044 45.307038227561861 26.927800764678977 18.072177304537036 45.569600437185727 126.56882606795989
leaf_count=124 2654 170 9667 2985 78 71 71 84 1148 88 2335 409 586 283 160 155 74 61 170 50 64 116 59 65 172 189 1541 82 191 403 44 69 61 431 104 1938 756 178 61 80 724 65 60 8986 56 32 256 71 216 795 225 310 58 348 218 1161 1033 328 28 227 1769 185 68 42 124 81 189 2540 520 75 206 311 3800 842 624 231 164 56 404 75 30 61 432 778 575 80 189 410 21054 333 7127 381 607 342 1160 69 29 29 62 972 24 18 58 47 318 67 93 294 72 243 256 22 84 38 143 5916 242 388 650 67 107 73 45 62 91 189
internal_value=7.13226e-05 0.00168848 -0.00277562 0.0102298 0.0185975 0.0170333 -0.00815733 0.0153767 -0.0228075 -0.000552118 0.00043001 0.00373372 0.000754049 0.0127133 0.0274078 0.000396888 -0.0324915 -0.0826757 0.00027979 -0.0173994 0.0171321 -0.0105575 -0.0276946 -0.00623674 -0.010374 -0.00722493 -0.0124268 -0.0397594 -0.00889582 0.00862195 -0.00754773 0.000156755 -0.000841173 -0.00798558 -0.00463856 -0.0102071 0.0168001 -0.0560167 -0.00665338 -0.000858541 -0.0198292 0.0609468 -0.0670036 0.000963127 0.00480929 0.00609645 -0.00358386 0.0172168 -0.00432109 -0.0122515 0.00234239 0.016987 0.0761335 0.00960612 0.00380842 -0.00457405 0.0164954 0.015615 0.121725 0.0174159 0.019241 0.0468592 -0.022682 0.0201243 -0.0370131 -0.0705075 0.000560984 -0.00143662 0.00232157 -0.0130819 0.00666769 -0.0171902 -0.000677953 -0.00587988 0.00782194 0.00625999 -0.00701127 0.00840634 -0.0243173 -0.0462773 -0.104878 -0.236046 0.0102385 0.00317902 0.00787638 0.0469769 -0.00562756 0.00989277 -0.000111344 0.024617 0.00917477 -0.00629406 0.0131347 0.0259236 -0.0107422 -0.0218298 -0.0994865 -0.0182593 -0.0773723 -0.00585902 -0.0183309 -0.0947201 -0.162565 0.00080644 -0.0199357 -0.0840152 0.00691784 0.0295444 -0.0146531 -0.0402504 -0.00707216 -0.0168801 -0.0504243 -0.0865278 0.00894243 0.00269832 -0.0138777 -0.00881837 0.00820665 -0.142884 -0.0103083 -0.0256295 -0.0597033 -0.0880455 -0.000983281 0.027443
internal_weight=63518.6 40519.4 22999.1 3989.81 1740.41 1714.26 6717.49 1688.42 774.812 16281.6 14798.2 2249.41 36529.6 1054.29 481.419 35475.3 173.573 64.7698 572.875 278.4 294.474 123.306 250.361 5942.68 1483.44 152.37 1423.19 160.311 1262.88 329.604 226.15 14765.1 13251.9 2676.64 2426.23 1928.21 498.012 136.885 1791.33 1247.37 543.958 69.3706 66.537 10575.2 4863.89 4649.02 1233.06 360.459 201.509 872.597 400.732 259.482 54.7332 3415.97 1964.39 1181.08 783.307 438.544 32.5242 1451.58 1406.26 235.779 214.867 52.3915 162.475 76.509 35301.7 16525 18776.8 1683.9 7673.62 351.213 11103.1 4375.57 7322.41 6703.06 929.52 5773.54 431.406 218.19 68.0512 20.4133 5337.73 1524.46 498.114 147.785 927.353 402.401 14841.1 619.353 5189.94 600.545 912.286 466.179 2851.11 868.199 36.5488 831.65 45.9245 1982.92 692.489 36.879 22.2875 1290.43 291.133 52.8881 999.294 243.363 785.726 177.225 608.5 446.72 113.677 59.1526 275.202 6727.56 435.813 407.01 2844.09 29.8112 162.191 343.955 90.307 63.3792 13928.8 172.138
internal_count=99857 62782 37075 6281 2887 2809 10951 2738 1219 26124 23567 3394 56501 1677 746 54824 290 135 931 468 463 180 418 9732 2557 248 2433 254 2179 638 447 23479 21144 4466 4035 3175 860 247 2928 2083 845 145 121 16678 7692 7321 1991 543 287 1448 653 428 118 5330 3088 1837 1251 676 86 2242 2181 412 371 98 273 149 54534 25318 29216 2615 12089 517 17127 6761 11572 10615 1540 9075 801 397 166 91 8389 2219 739 269 1377 599 22703 957 8120 993 1369 762 4542 1491 98 1393 91 3051 1072 100 82 1979 432 114 1547 387 1302 315 987 731 211 127 420 10366 686 630 4450 89 250 561 180 135 21334 280
is_linear=0
shrinkage=0.095553


Tree=22
num_leaves=127
num_cat=0
split_feature=18 21 18 21 0 14 13 10 18 19 17 12 12 12 17 3 12 11 15 5 0 1 19 17 8 1 16 17 19 21 3 17 17 10 12 12 3 9 19 1 18 21 18 11 10 10 3 1 10 11 12 0 11 21 17 21 10 12 9 1 0 14 18 21 12 19 3 18 19 18 0 10 16 17 15 10 13 16 18 17 17 9 10 15 13 10 1 12 21 10 18 1 15 18 21 21 3 12 12 12 9 17 1 9 10 18 21 10 11 10 21 1 21 10 3 12 5 10 21 0 9 21 12 15 18 21
split_gain=29.1464 31.1687 25.8037 23.5602 23.1044 18.9215 18.8157 17.3806 19.1702 19.1441 16.6889 17.345 35.3833 28.7222 20.8744 21.1212 24.82 29.0954 27.9418 23.5614 20.0678 47.543 27.4014 19.6519 27.5505 18.7466 19.0875 23.3451 18.2752 17.5888 17.5854 17.4783 21.6425 22.6167 18.0612 58.045 32.2562 17.2651 16.3336 22.5406 26.8387 20.1392 16.1303 16.0232 19.7359 15.7803 17.6138 15.6619 15.5805 15.5247 15.5077 28.0508 18.5741 17.2437 16.8865 26.9954 21.9186 19.1676 25.4887 15.3738 15.244 25.1088 24.5068 15.039 18.8252 19.7259 25.8997 22.9841 24.599 21.3048 16.873 15.7714 15.1281 14.9202 24.8752 20.0209 34.1497 16.3127 14.8473 14.834 14.7661 19.1892 20.6414 21.7542 24.5719 18.1368 29.2024 14.715 15.8202 22.4556 15.1114 14.6138 14.6073 14.5937 25.7194 22.076 22.9109 20.0474 29.4457 22.8084 19.6871 18.9077 18.5733 28.2507 42.9248 18.1595 18.0532 16.4704 15.24 14.4113 15.7617 23.7408 14.178 14.1381 14.0689 13.9409 13.9167 13.8889 14.758 13.8524 13.8516 19.5692 14.9305 17.8415 14.2568 14.1348
threshold=0.081946276128292098 0.035541675984859473 -0.096240367740392671 0.092238876968622222 0.33948864042758947 0.54037609696388256 -0.52624902129173268 0.034643070772290237 -0.14728643745183942 -0.24292998015880582 -0.29231986403465265 -0.10165237262845038 -0.068490568548440919 -0.19542024284601209 -0.0046742411796003571 0.30064630508422857 -0.26490566134452814 -0.092292886227369295 -0.044539170339703553 0.37500000000000006 -0.13494318723678586 -0.044034091755747788 0.071947943419218077 0.242557168006897 0.020924207754433159 -0.29971592128276819 -0.06509824842214583 0.62257298827171337 0.32083949446678167 -0.065180923789739595 0.18699086457490924 -0.23434128612279889 -0.14687904715538022 -0.047400783747434609 -0.35208117961883539 -0.25560891628265375 0.27382043004035955 0.1089567504823208 0.4767290353775025 0.25710226595401769 0.10021138936281206 -0.17616025358438489 -0.29062251746654505 0.24897039681673053 0.2461061775684357 -0.025388123467564579 0.44014346599578863 0.19460227340459826 -0.15835549682378766 -0.39760364592075342 0.22738707810640338 0.2173295468091965 -0.30193874239921564 -0.1420982554554939 0.19002588838338855 -0.099076699465513215 -0.18052469193935392 0.11817038059234621 0.12140238657593728 0.10937500000000001 0.33380682766437536 -0.1293377950787544 0.053196527063846595 -0.11504682525992392 -0.011006289627403019 -0.073255930095911012 -0.48477418720722193 -0.39134548604488367 0.72458770871162426 -0.58566099405288685 0.32812500000000006 0.87605199217796337 0.2407113462686539 0.01427441416308284 -0.24269585311412809 -0.13448865711688993 0.11333744227886201 -0.35435637831687922 -0.030963981524109837 0.39781390130519872 -0.23108730465173719 -0.074571631848812089 -0.07583740726113318 -0.19738095253705976 -0.011475662235170601 -0.17471311986446378 0.20028409361839297 0.21395654231309894 -0.2991530299186706 -0.031570088118314736 -0.21447290480136869 -0.083806820213794694 -0.13450845330953595 0.29585492610931402 0.44618900120258337 0.3833546936511994 -0.093194048851728425 0.19337335973978045 0.51698684692382824 -0.022715837694704529 -0.15404683351516721 -0.072486694902181611 -0.10085227340459822 0.25307670235633856 0.23064638674259189 0.45690877735614782 0.4320081770420075 0.44817189872264868 0.18240458518266681 0.15333022922277453 -0.12156524136662482 -0.098011363297700868 -0.19196415692567823 -0.0023268510121852155 -0.1485595032572746 0.38576330244541174 -0.37499999999999994 -0.13448865711688993 0.04595810920000077 0.063920453190803542 0.07859713584184648 0.24411802738904956 -0.25353345274925226 0.073740400373935713 -0.14949298650026319 0.59366494417190563
decision_type=2 2 2 2 2 2 2 2 2 2 2 2 2 2 2 2 2 2 2 2 2 2 2 2 2 2 2 2 2 2 2 2 2 2 2 2 2 2 2 2 2 2 2 2 2 2 2 2 2 2 2 2 2 2 2 2 2 2 2 2 2 2 2 2 2 2 2 2 2 2 2 2 2 2 2 2 2 2 2 2 2 2 2 2 2 2 2 2 2 2 2 2 2 2 2 2 2 2 2 2 2 2 2 2 2 2 2 2 2 2 2 2 2 2 2 2 2 2 2 2 2 2 2 2 2 2
left_child=1 2 6 4 38 -6 -1 10 9 109 -8 13 25 14 20 19 28 -18 23 -16 31 -22 -23 -19 -25 37 114 -28 -17 42 -21 -12 33 -33 -34 36 -36 48 73 -40 -41 -42 47 -10 -45 -31 -47 59 -13 -44 54 113 -53 -54 56 87 -51 112 -59 -14 78 62 117 64 71 70 67 68 69 -67 72 -11 -66 75 77 76 -2 -75 116 -79 -15 92 83 -83 85 -85 -87 88 89 -56 -90 -76 -82 95 97 -5 108 99 102 105 -98 106 -99 104 -104 -95 -102 -107 -97 -9 -111 -112 -58 -52 -27 -71 -3 118 -62 -57 125 122 -122 124 -124 -118
right_child=3 60 -4 93 5 -7 7 8 43 63 11 12 29 80 15 16 17 18 -20 30 21 22 -24 24 -26 26 27 -29 -30 45 -32 32 34 -35 35 -37 -38 -39 39 40 41 -43 49 44 -46 46 -48 -49 -50 50 51 52 53 -55 55 119 57 58 -60 -61 61 -63 -64 -65 65 66 -68 -69 -70 115 -72 -73 -74 74 91 -77 -78 79 -80 -81 81 82 -84 84 -86 86 -88 -89 90 -91 -92 -93 -94 94 -96 96 100 98 -100 -101 101 -103 103 -105 -106 107 -108 -109 -110 110 111 -113 -114 -115 -116 -117 120 -119 -120 -121 121 -123 123 -125 -126 -127
leaf_value=0.0030345540002410312 0.15280301189559214 -0.046868113798589295 0.0031212760574884984 0.00017899497166327005 0.025709952184112966 0.10505449775615708 -0.06542697985224917 -0.0084921600492111528 0.0096707855205722983 0.0098637578406694324 -0.098329871218046108 -0.098024057624073777 -0.01849867291148586 0.00092946504504337678 -0.0075225985409486844 -0.023096642120818946 -0.019801541676348844 0.046250495484467989 -0.015770980658124698 -0.14537181408341515 -0.07918089270854349 0.00050277432430569265 0.10698651042944479 0.22003134147034023 0.059690777612168872 0.13773981392330684 0.032451894885951453 -0.039355666459222852 0.052858412317564274 -0.040949522952593485 -0.01732846949690648 -0.029600134301318422 0.0031384428068001635 0.053417692981848071 -0.098493969559020469 -0.030473899310763674 -0.32206523239506912 0.044555145641436478 0.0074790783287854426 -0.10786074529898508 0.019980769999379758 -0.024196005561832587 0.034996907572118693 -0.033910166620306034 0.037019754829904668 -0.01829633292597125 0.074679076684962473 -0.085617403787110233 -0.00086654431124534635 -0.020291345196859097 -0.12605628256580778 -0.047543038696512961 0.084670134341643666 -0.010572770687974386 0.033897258401017531 -0.024530408501919846 0.028447958392279399 0.015262924261863643 0.15255842305764347 0.043958684143894707 -0.027079940258916146 -0.010849082771538687 -0.0068840758722911698 -0.015865058070523189 -0.029827784702190684 -0.061559115646153809 -0.0053548219785647163 0.040274318763906837 0.055447022801820595 -0.029021284934311959 0.013539245101541652 -0.048531320682042904 0.026308508310867371 -0.0097682058075097833 -0.022282053687789478 0.012291423326302448 0.028065714461331184 0.039725507057201834 -0.0021567298493903844 0.12429526955217914 -0.034637955875911695 -0.035020529214754743 -0.022644729697790696 -0.090613105511701722 -0.063700747593315524 -0.34979307490375822 -0.11313965467804814 0.054534730878445459 -0.052920696075519719 -0.027117340125461402 -0.0094123441661035923 0.0033699023113960879 0.010769565974270466 0.0047449159150629609 -0.00075925216996681512 -0.015183041835259857 -0.084918082427283839 0.0025661299141038181 0.039256039566485518 0.031461558814416278 0.044365556088800558 -0.026994701480420359 -0.18192504604702209 0.0032602417614907174 -0.035413929490429388 0.11930748679019494 -0.0039337241705443456 0.014269654109505751 -0.058011056714682999 -0.0082477852071309032 0.0037162449774495957 0.13773590038878919 0.0019155308278859587 -0.036852367904231478 0.048097017978540511 0.036571557844661408 -0.018580162279621022 -0.012082259594336632 -0.12168864557746904 -0.1413888116656675 -0.057924876957124137 -0.047647411440693427 0.06352661230490543 -0.0048554733093830087 0.013110359244654863 0.02735525473843068
leaf_weight=4543.7077635750175 22.969280751422048 96.850001859711483 12885.470704865176 11132.353283812176 259.45590400439687 29.689736949978396 44.114677715813741 40.038821915281005 1842.9283682584064 1213.6046572020277 38.645943727926351 27.204600156168453 591.781736456207 107.64075693639461 535.96328813151922 184.07252480834723 76.994059159071185 149.92297300382052 49.401051025022753 19.75443163223099 38.781627548043616 48.553616916644387 37.017598578589968 15.408337490633128 27.167623941437341 19.94135564705357 193.32741766527761 50.326971412054263 32.105841794516891 236.22336817963514 19.362394101917744 92.439651320921257 28.653882384300232 41.938340410590172 13.992499004816638 61.35030397574883 11.016805123770608 25.553796976804733 773.04936950025149 27.260632251622155 123.61074160784483 367.73881617595907 101.76943008240778 161.31951298273634 43.656905459589325 70.388569782371633 23.329089384409599 28.599640390370041 30.758728917688131 197.99393402505666 30.239307013223879 43.168899352662265 29.57399127620738 35.898089218651876 166.78724427090492 18.225819511222653 281.44363173178863 30.54565055470448 20.046077948412858 36.262369564152323 21.235077326535247 826.41077988990583 71.229785287287086 892.39974068163428 587.66845475800801 66.269200134091079 3670.613219338702 226.54346633353271 50.564996345317923 53.320196412503719 115.42813899903558 41.76217509212438 44.769567124545574 41.032746861455962 230.8636465651216 2209.8919046717929 118.00864895514678 88.6618004408665 4623.1323035090463 23.99960585415829 189.99956106988247 68.89926944556646 109.75863941689022 18.783323714742437 55.024081593030132 9.317289760103451 11.228525686892679 34.074783083051443 78.663837020867504 79.352667811559513 856.59543793543708 1573.5590675693238 93.961142706801184 830.31494791281875 2864.1790420089383 155.31674784433562 23.56764053623192 318.68874645337928 128.72121493553277 706.76774112449493 118.72278512618504 135.66091935685836 22.515260030864738 92.309496848611161 82.279218162526377 23.893508767243475 165.50216402311344 31.522923669777811 153.64413383079227 19.211136847734451 19.111537767457776 32.308140280889347 535.97934452036861 37.599346569739282 81.531083554029465 61.326403707265854 1230.9339275743114 22.543429558514617 61.454930849024095 19.562466549454257 32.90718444227241 73.110381832462735 66.033066653180867 497.40034075616859 226.56346277776174 61.989238182781264
leaf_count=7278 72 155 19752 17054 406 67 92 70 2701 1906 86 62 986 144 785 256 119 264 71 60 86 69 92 66 50 62 322 94 51 405 27 130 43 69 31 87 72 38 1224 74 180 567 167 249 79 107 54 71 38 298 78 72 59 52 265 27 490 45 65 70 39 1280 101 1408 904 146 5860 342 86 75 154 65 60 61 376 3499 184 145 7102 64 290 112 179 43 92 61 28 56 126 134 1295 2234 143 1225 4415 226 57 438 228 1105 181 190 82 116 126 63 254 57 259 26 24 90 841 59 126 92 2172 35 161 59 72 132 121 771 344 125
internal_value=2.23798e-05 -0.00150859 -0.000210592 0.00275281 0.00796079 0.0342598 -0.0023628 -0.00395588 -0.00130502 -0.003648 -0.00784639 -0.00741855 -0.00367097 -0.0142691 -0.00699431 -0.000129775 0.0134718 0.0304228 0.0467393 -0.0128626 -0.0253088 0.00626656 0.0462552 0.0632028 0.120332 0.0221975 0.0320899 0.0173102 -0.0112622 -0.00678384 -0.0829492 -0.0391644 -0.0295529 -0.00318607 -0.059738 -0.0815079 -0.201056 -0.0176732 0.00658943 -0.00280174 -0.0182168 -0.0129546 -0.00463355 0.0068326 -0.018317 -0.0277807 0.00468912 -0.0180003 -0.0467934 -0.00123053 -0.00274173 -0.0299181 -0.00014738 0.0318688 -0.000641107 -0.00817408 0.00817045 0.0147468 0.071058 -0.0147369 -0.0068923 -0.0179121 -0.0505502 -0.00427656 -0.00258017 -0.00527176 -0.00267153 0.0186894 -0.00221292 -0.0188982 -0.0195441 0.00783233 -0.0257054 0.00941639 0.00322547 0.0145521 0.0493716 0.039899 -0.0052843 0.0587583 -0.0308434 -0.0371111 -0.0552489 -0.0768486 -0.106751 -0.164501 -0.22748 -0.00564659 -0.00747509 0.0139085 -0.0131703 5.03588e-05 -0.0194536 0.000943953 0.0052195 -0.000887552 -0.0167099 0.0128951 -0.00123763 0.01865 -0.00270076 0.00201573 -0.0115194 -0.0344855 -0.0682305 0.00836403 0.0160987 0.0605308 -0.0366494 0.0354312 0.0613741 0.0887749 0.0111293 -0.0775854 0.0668074 0.0055097 -0.011586 -0.0797544 -0.0979222 -0.0859792 -0.0099859 -0.00080343 0.00336521 0.00606322 0.0247535 -0.0163105
internal_weight=63643.6 40767.8 32856 22875.8 5889.79 289.146 19970.6 15426.9 9182.84 7134.94 6244.02 6199.9 4012.75 2187.16 1522.54 1110.15 535.072 318.894 241.9 575.08 412.39 124.353 85.5712 192.499 42.576 428.644 345.127 243.654 216.178 3584.1 39.1168 288.037 249.391 134.378 115.013 86.3596 25.0093 83.5171 5600.65 1291.66 518.61 491.35 3254.16 2047.9 204.976 329.941 93.7177 656.644 57.9633 2597.52 2495.75 176.48 108.641 65.4721 2319.27 1253.26 1066.01 868.015 50.5917 628.044 7911.79 1002.87 176.463 7024.27 6131.87 4876.5 4128.64 458.024 231.481 180.916 747.866 1255.37 632.438 4308.99 1958.12 2350.87 140.978 153.694 6908.92 112.661 664.613 556.972 273.011 163.252 94.3532 39.3291 20.5458 1215.47 1181.4 246.14 935.259 1804.42 283.961 16986 5101.19 11884.8 752.414 2237.01 644.514 1592.5 443.454 419.886 515.793 197.104 104.794 885.731 284.225 55.4164 308.961 110.67 70.6308 51.4197 817.423 67.8387 101.472 114.647 2285.79 105.233 82.69 37.7883 2188.94 896.014 822.904 789.997 292.597 1292.92
internal_count=99527 64298 51688 35229 9153 473 31936 24658 14337 11308 10321 10229 6623 3606 2514 1749 877 570 451 872 765 247 161 380 116 742 604 416 307 5881 87 518 432 199 233 190 103 138 8680 2045 821 747 5315 3029 328 566 161 1127 100 4188 4021 320 183 111 3701 1962 1739 1441 110 1056 12610 1616 336 11098 9690 7719 6601 741 399 313 1118 1971 964 6635 2880 3755 256 270 10994 209 1092 948 515 336 224 132 89 1876 1820 399 1421 2610 433 26076 7855 18221 1167 3440 990 2450 682 625 762 324 208 1345 435 120 485 210 140 114 1331 137 188 167 3892 235 200 86 3737 1440 1308 1236 465 2297
is_linear=0
shrinkage=0.095553


Tree=23
num_leaves=127
num_cat=0
split_feature=18 21 21 18 10 18 3 1 10 4 12 18 21 20 10 15 18 18 18 5 4 19 16 1 10 11 4 18 4 21 18 21 0 12 12 19 10 12 3 3 11 4 12 11 0 21 18 12 18 20 3 1 20 19 20 21 20 10 4 21 4 12 1 9 0 21 14 3 20 20 19 20 10 3 4 1 19 10 14 3 21 9 11 3 14 20 19 18 10 19 21 3 18 12 11 1 15 15 1 10 8 1 21 5 1 4 5 5 18 1 16 21 4 10 16 18 15 12 12 18 21 18 4 10 18 5
split_gain=27.1848 23.3336 18.9638 21.1174 18.905 21.6493 35.714 20.8122 15.0214 20.0324 35.7321 26.8689 45.7314 27.6404 22.1065 19.3872 16.9688 18.0484 28.1759 28.0963 27.0503 38.2227 24.6472 30.3395 24.1212 26.3367 19.6096 16.6294 20.0236 14.7823 14.7776 25.8849 30.8563 17.1585 19.6994 17.2215 23.8563 25.7045 18.2725 17.1025 15.7839 14.7516 29.3913 33.1424 29.2778 16.7888 17.0422 15.8375 27.401 20.3619 20.8144 15.7387 17.2723 15.691 16.5728 14.6426 14.1673 20.1615 14.1391 14.0743 31.637 13.9096 14.3819 13.6437 30.4431 31.9304 13.6301 13.3454 18.1069 14.4098 23.5008 25.6149 20.7146 26.2676 19.553 18.7192 18.8929 16.0366 14.1025 13.532 12.8399 29.6338 15.2227 13.0985 12.769 16.7454 16.4924 22.9148 22.4566 17.8201 16.42 19.656 13.3431 13.2834 12.6689 20.3865 12.5532 22.4747 19.4553 21.299 12.5022 12.4946 13.4023 12.4473 34.4165 12.4426 37.5264 14.9932 13.8825 21.5179 18.8404 16.822 13.4015 12.8153 12.2021 21.4222 12.0966 14.0607 31.6687 22.8547 12.0717 14.1318 16.3174 14.4552 15.0016 13.6359
threshold=-0.096240367740392671 -0.078859824687242494 -0.19196415692567823 -0.36954462528228754 0.1763909310102463 0.096665639430284514 0.40927968919277197 -0.41903407871723169 -0.07583740726113318 -0.27446910738945002 -0.2603659182786941 -0.13916920125484464 -0.02965554408729076 0.0048714033327996739 -0.17674618959426877 -0.077718894928693757 -0.22926829755306241 -0.20960088074207303 -0.18711137771606443 0.37500000000000006 0.34343302249908453 -0.013687848113477228 -0.10807168483734129 0.47017045319080358 0.51817670464515697 0.081798490136861815 0.020367002114653591 -0.1169452592730522 0.069023612886667265 -0.14568338543176648 0.096665639430284514 0.13496058434247973 0.43892045319080358 0.51698684692382824 0.9349113702774049 1.0383461713790896 0.31660322844982153 0.01384219527244568 0.3620197474956513 -0.41864693164825434 0.2324701473116875 -0.45013153553009028 -0.22057747095823285 0.076548647135496153 0.0071022729389369496 0.3323871791362763 0.20737238228321078 -0.13542595505714414 0.10598503425717355 -0.067558705806732164 0.44795000553131109 -0.28267045319080347 -0.020612128078937527 0.043034194037318237 0.14453024417161944 0.11896439269185068 -0.016956363804638382 -0.1619106978178024 -0.29481184482574457 -0.2991530299186706 -0.25349488109350199 0.34567753970623022 0.48721592128276831 0.074167940765619292 0.086647726595401778 -0.065180923789739595 -0.086245007812976823 -0.47721910476684565 -0.039991538971662514 0.1560536324977875 -0.12239116430282591 0.0093396361917257326 0.21611186116933825 0.48704174160957342 -0.32718469202518458 0.33096592128276831 -0.11001310497522353 0.26320272684097296 -0.12042204290628432 -0.35044753551483149 0.0022847056388854985 -0.092045374214649187 0.16754004359245303 -0.060979206115007394 -0.13082375377416608 0.19267047941684726 0.36286306381225591 0.22037483006715777 0.36016364395618444 -0.14192452281713483 0.24411802738904956 0.42757956683635717 0.2262433543801308 -0.16170954704284665 -1.4897925853729246 -0.40767045319080347 0.34412442147731787 0.62255761027336132 0.41335226595401769 0.075591403990983977 -0.058295348659157746 0.32244317233562475 0.3323871791362763 0.37500000000000006 0.43607954680919653 -0.49001491069793696 1.0000000180025095e-35 -0.37499999999999994 -0.57647010684013356 -0.15482954680919644 -0.56537106633186329 -0.033566594123840325 -0.14873931556940076 0.22582113742828372 -0.099716871976852403 -0.26244951784610743 -0.024569892324507233 -0.11650657281279563 -0.15528301894664762 0.17573304474353793 -0.16132759302854535 -0.29062251746654505 -0.069100182503461824 0.31011937558650976 -0.53630343079566944 1.0000000180025095e-35
decision_type=2 2 2 2 2 2 2 2 2 2 2 2 2 2 2 2 2 2 2 2 2 2 2 2 2 2 2 2 2 2 2 2 2 2 2 2 2 2 2 2 2 2 2 2 2 2 2 2 2 2 2 2 2 2 2 2 2 2 2 2 2 2 2 2 2 2 2 2 2 2 2 2 2 2 2 2 2 2 2 2 2 2 2 2 2 2 2 2 2 2 2 2 2 2 2 2 2 2 2 2 2 2 2 2 2 2 2 2 2 2 2 2 2 2 2 2 2 2 2 2 2 2 2 2 2 2
left_child=2 4 3 94 5 7 -7 -2 9 10 14 15 -13 -14 -4 29 105 22 19 20 -19 -22 -18 26 25 67 63 28 80 -12 31 33 96 35 -35 36 61 -38 -39 -36 41 42 44 45 -32 46 -44 48 -43 50 -50 53 -53 -51 -55 -26 -17 -58 -37 60 -9 62 -3 64 65 -24 -46 68 -20 70 71 79 73 -71 -74 -72 -77 -73 -78 -69 83 -82 -83 -27 86 92 87 -54 -88 -89 91 -87 -86 101 95 -1 98 -98 -33 103 -34 102 -92 -100 -105 106 114 112 109 111 -110 -109 113 -107 -10 -116 -45 118 -118 -120 -112 123 -123 -122 -125 -124
right_child=1 30 8 -5 -6 6 -8 59 16 -11 11 12 13 -15 -16 56 17 18 24 -21 21 -23 23 -25 55 27 -28 -29 -30 -31 40 32 100 34 39 58 37 38 -40 -41 -42 47 43 116 66 -47 -48 -49 49 51 -52 52 84 54 -56 -57 57 -59 -60 -61 -62 -63 -64 -65 -66 -67 -68 69 -70 72 75 77 74 -75 -76 76 78 -79 -80 -81 81 82 -84 -85 85 90 88 89 -90 -91 93 -93 -94 -95 -96 -97 97 -99 99 -101 -102 -103 -104 104 -106 107 -108 108 110 -111 120 -113 -114 -115 115 -117 117 -119 119 -121 121 122 125 124 -126 -127
leaf_value=-0.063309557101424482 0.067709624970851659 0.0008156156584618289 0.10713120021469308 0.0037950644397824911 0.0018129278359759256 0.0016748034303294937 0.19311746759638249 -0.0052843632512224788 -0.040168045715838423 -0.017827279163491458 -0.0024626315152451532 -0.012569281324976677 -0.061533452945511637 -0.20295432019482246 0.009550114527399782 -0.001574739282963557 -0.0099024523436888161 -0.0016301033579329783 -0.02114813698051413 -0.12097708931428182 -0.019506069556817544 -0.16223987671570822 0.057952674155294016 0.12851006464504999 0.027081319583022526 -0.0460321083292725 -0.0015370268801461571 -0.096209532126957958 0.00965566362678596 0.03608079778423201 -0.0030155637431574299 -0.019737739950772246 -0.043233093577005582 0.040280582509069178 0.023246900994773306 0.074225702984048111 -0.0071652411824266286 -0.033146095923432831 -0.10749026896590086 -0.032415997373441668 -0.001224274615831482 0.08935815172115609 0.035434030526585072 0.057547342756224036 -0.16909681951581632 0.065084940792242696 0.0027677790304635637 7.3666382102643494e-05 -0.053414491419222276 0.016775681742546674 0.012984320322734605 0.033052147346737511 -0.0069585599543170486 0.028492427819655122 0.12535458308087477 -0.032792034054298147 -0.11967044452303274 -0.018786044082410237 0.012121326504633417 0.009757797699441401 0.13092749853940794 -0.024064236893626113 -0.014992229631783167 0.021258431293913922 -0.0016797701842608881 0.21587177175333325 -0.047839908157592752 0.017487368235152005 0.033208683061046435 -0.0082870135894047587 0.00099509643816177986 -0.00037725171471763219 -0.10509677968737303 0.089505906329300985 -0.025833950525670005 0.081028041710413556 -0.011799587498952565 0.064500665280608369 0.027056548477991355 -0.036200212588698273 -0.0039824381811703535 -0.05265599036317916 -0.18439589263306269 -0.0038712607124873491 0.015014341011543617 -0.02727073415507519 -0.12874756357088846 -0.018175183299564825 -0.003714047823138601 0.032753591722369454 0.09432245156772559 0.027050616309829575 0.061616932023797498 0.055909178220895049 -0.0052497267036817992 0.036864781692853663 0.027092796377368882 -0.015355028882200583 0.019661882744806441 -0.0080863191009933177 -0.15920452133477567 -0.0020469414417080951 0.0073314486753852997 -0.0080321358693689338 0.18796903708594165 0.015550902668541899 0.04912279312535494 -0.10801337674634424 -0.092155230128229931 0.0092157174108194202 -0.0010050473341339449 -0.00094021258399111811 -0.0038795576441922651 0.08847313999887467 -0.20065575163137001 -0.047780941841238926 -8.6732736533900529e-05 0.0074435437541687773 -0.029692024115600377 -0.17474965820839947 -0.060478901995015266 -0.048024693414149187 -0.017592441030146715 0.048932674526608162 -0.031686257805972548 0.025240100305836934
leaf_weight=19.845453955349512 59.261062519508414 13502.63707659347 40.698452339274809 5990.0150308321463 2618.2853467094246 19.319527509855106 15.161913345917126 31.909966354840435 37.284448496066034 1813.3726946188835 157.35126716981176 279.66262875113171 45.874674280174077 17.26136559213046 43.810285104322247 474.09539782011416 221.72838966990821 188.24118601623923 71.562053303932771 27.443225475377403 49.614928316092119 25.469607491977513 32.182441279292107 25.068723195348866 380.16987720050383 117.45993370434735 162.91220218071248 25.283643353846855 153.49892615969293 204.39239469857421 85.768173441290855 1209.8256187506486 19.460058589815162 202.29170389543287 109.32521345466375 46.076657908735797 450.94585983478464 132.75419083668385 39.050977755337954 90.149654983310029 7218.1247466177447 35.165064350119792 426.59317692380864 36.786000970052555 16.252305705565959 107.82771887397394 224.87209264806006 6757.3305344757391 99.352898614713922 185.71287017164286 72.057461950927973 212.28256149869412 1029.9030126944417 38.180405871127732 28.450927968136966 38.798771411180496 21.619352933485061 90.423768574954011 119.53719890466891 2309.370632862905 27.038121867226437 217.29265153233428 544.89418180985376 114.12411647161935 28.973357379436493 18.339277637423947 19.421187341213226 46.392446999438107 223.55984204565175 306.61634323303588 1027.0250201122835 244.26768228749279 32.838946750969626 25.572978304931894 181.92629927070811 46.18490798084531 109.80170708009973 38.433968329336494 342.06228023080621 331.9411259049084 33.583970446139574 15.030290929484179 19.719897892675363 159.51305539708119 1085.9263198185945 283.61623617028818 20.627605791087262 78.172105848789215 33.28679895401001 274.07460719544906 26.439190455479547 74.659159932052717 58.289797520730644 53.069117189035751 5220.3976195431314 129.78022275888361 207.52746707736515 246.77751343615819 60.273757059010677 253.61689651745837 16.374093869933859 328.08871590718627 40.370887266006321 13.96421664953232 15.922901747515423 87.781548538827337 26.699547163909301 26.441741215880029 30.350041910191067 356.80416346993297 286.43380504986271 22.939242537831888 287.52559128927533 28.520249393302947 15.893418586696496 18.453351095318794 141.66653849883005 1018.6299879996805 22.611399282584898 17.54356419260148 154.13927061331924 85.347900076420046 169.46299204858951 23.546174935763702 118.03969096997753 110.36000172339845
leaf_count=51 109 20637 94 9348 3937 35 56 48 57 2875 259 462 82 69 50 723 340 302 102 73 100 79 49 71 542 181 220 65 222 373 110 1918 31 289 163 86 623 190 92 136 11062 76 644 66 59 193 333 10496 195 261 92 323 1509 50 74 58 63 153 177 3663 78 322 889 156 31 71 30 67 335 466 1594 348 78 57 275 111 167 75 523 488 48 23 68 225 1651 423 62 91 47 426 56 104 107 98 8452 250 312 336 92 358 64 469 62 17 65 115 45 66 68 595 414 29 386 61 67 27 214 1553 29 68 291 146 218 36 198 174
internal_value=1.57186e-05 0.00140651 -0.00277205 -0.000100988 0.00748483 0.0134972 0.0870898 0.0123981 -0.00581993 -0.0112299 -0.00249585 -0.00647295 -0.0293486 -0.10199 0.0570539 0.0017669 -0.00325722 -0.000264433 -0.00246353 -0.0310901 -0.0212438 -0.0691794 0.01517 0.0299014 -0.000348103 -0.00291758 0.0225338 -0.0226623 -0.0186854 0.019166 0.000584901 -0.0014448 -0.0115467 -0.000105248 0.0193359 -0.000628669 -0.000973126 -0.019254 -0.0505914 -0.0016474 0.00234978 0.00434835 0.0116453 0.0144418 -0.0335504 0.0301498 0.0242372 0.00291426 0.00763182 0.00687971 -0.0251082 0.00832395 0.00668764 0.031362 0.0708762 0.0212758 -0.00889525 -0.0392359 0.0298402 0.0109666 0.0565671 -0.000170292 0.000197854 0.0429759 0.0733396 0.117583 -0.104771 0.000489862 0.0197471 -0.00157847 0.00187184 -0.0131265 -0.015436 -0.000372712 -0.0384792 0.00841125 0.0235911 0.00842916 0.0174848 -0.0293851 -0.0314407 -0.0684313 -0.129188 -0.0220061 0.00501112 0.0100465 -0.00179567 0.000196956 -0.0527702 0.0212118 -0.000433609 -0.0157073 0.0174745 0.0116686 -0.00445534 0.0227464 -0.00994246 0.00392469 -0.0140316 0.00587623 -0.0974775 0.00549925 0.0426491 0.0454768 0.0952448 -0.0109479 -0.0438668 -0.00909018 -0.0138251 0.000886057 -0.0199918 -0.0571082 0.00699963 0.0342011 -0.0800016 -0.121174 0.00475349 0.00304151 -0.0212495 -0.0946074 -0.0175323 -0.0246238 -0.0118676 -0.0401789 -0.0176915 -0.000520711
internal_weight=64030.2 42730.2 21300 11360 5080.35 2462.06 34.4814 2427.58 9939.93 3188.56 1375.19 1290.68 342.799 63.136 84.5087 947.882 6751.36 4865.34 4262.01 290.769 263.326 75.0845 603.329 381.6 3971.24 3552.28 356.531 524.09 498.806 361.744 37649.9 17498.7 2043.74 15455 401.767 15053.2 14887.6 622.751 171.805 199.475 20151.2 12933 2117.97 1996.53 121.442 759.293 651.465 10815.1 4057.73 4022.56 171.41 3851.15 3598.81 252.344 66.6313 418.969 586.139 112.043 165.614 2368.32 58.9481 14264.8 14047.5 193.619 79.4951 50.5217 35.6735 3028.19 295.122 2733.06 2186.11 661.035 546.955 332.189 214.765 1525.07 498.049 282.702 451.864 378.334 345.307 68.3342 34.7502 276.973 3386.52 1950.46 1436.06 1382.15 53.9144 352.247 806.243 358.275 1144.22 447.968 5370.02 149.626 2007.91 454.305 1553.6 343.778 35.8342 394.899 66.8101 90.1609 29.8871 1886.02 98.3308 1787.69 1383.87 406.185 977.68 49.381 403.827 116.302 71.6312 34.3468 1237.24 1200.45 181.822 40.155 947.33 660.896 365.171 295.725 141.586 279.823
internal_count=99663 65756 33907 18101 7926 3989 91 3898 15806 5203 2328 2184 613 151 144 1571 10603 7610 6672 554 481 179 938 598 6118 5518 527 832 767 632 57830 26797 3193 23604 588 23016 22753 905 282 299 31033 19971 3299 3100 199 1170 977 16672 6176 6100 287 5813 5428 385 124 600 939 216 263 3789 126 21848 21526 307 151 120 89 4686 437 4249 3373 978 876 523 353 2395 801 423 690 555 545 139 91 406 5105 2970 2135 2026 109 517 1212 527 1758 685 8753 301 3098 648 2450 532 95 587 118 174 82 2993 196 2797 2235 690 1545 95 562 176 151 94 1930 1864 311 97 1477 1063 538 525 234 392
is_linear=0
shrinkage=0.095553


Tree=24
num_leaves=127
num_cat=0
split_feature=18 21 21 0 19 18 21 0 21 18 18 16 16 18 20 17 17 12 3 20 0 0 0 19 9 16 21 19 4 4 17 19 13 13 5 9 13 21 21 1 0 17 1 13 13 12 19 4 21 21 11 3 16 18 0 20 18 1 12 18 21 17 1 4 11 12 15 12 20 0 1 4 13 0 20 18 3 17 18 20 11 18 0 0 20 12 1 12 17 11 1 18 12 19 12 21 3 1 18 0 13 0 17 4 20 3 11 12 20 16 3 20 12 4 0 12 13 1 0 17 0 1 20 17 17 12
split_gain=22.4391 24.1009 20.464 18.1562 15.3399 14.2738 15.17 16.5724 26.2094 19.7534 18.4336 38.4292 35.5042 17.4502 15.9299 18.4893 31.7275 25.1406 18.1709 23.6696 17.1489 16.7359 15.4999 16.8937 53.0345 15.3489 15.1495 20.8396 22.4197 17.0539 17.644 19.5061 22.0005 18.6492 15.6807 15.8318 14.894 14.8157 14.5868 22.5331 13.7825 13.6531 28.163 19.9606 13.1667 13.5157 15.8382 33.0968 32.6834 21.2033 22.0106 42.6651 22.365 18.9147 22.0024 18.7452 14.8804 18.7392 17.4538 13.0235 27.515 25.2081 22.9549 21.6181 36.2593 21.8046 24.7835 22.7688 20.201 20.007 19.7923 19.0059 18.8997 20.6621 24.9043 17.1606 25.0254 24.9846 19.3006 23.9541 28.9813 18.6112 31.4134 18.5357 32.0329 30.7096 25.6098 30.7928 48.9886 16.7533 16.6829 17.2185 16.3648 16.0232 20.8092 16.0206 15.4824 15.6945 15.4625 22.2643 21.8772 15.4179 19.2541 15.031 14.7099 17.6559 15.689 14.539 19.8517 18.3251 16.8606 14.4199 21.2473 25.0922 24.784 21.121 16.1494 16.1001 15.2058 18.2283 24.9027 20.5963 14.8049 14.4259 13.9469 17.111
threshold=0.02152569126337767 -0.0055243594106286755 0.037500461563467986 0.42755682766437536 -0.092415567487478242 -0.13020855188369748 -0.72811383008956898 1.0000000180025095e-35 -0.40053725242614741 -0.12176372483372687 -0.012221254408359526 0.10049235448241235 -0.31615465879440302 -0.11541661992669104 0.074003290385007872 -0.078095786273479448 1.0000000180025095e-35 0.41517437994480139 0.27382043004035955 0.21040020138025287 -0.49573864042758936 -0.38210226595401758 0.041193181648850448 -0.11923863366246222 0.11401654407382013 -0.062563914805650697 -0.060943951830267899 -0.14192452281713483 -0.31447555124759669 -0.49624775350093836 0.17391773313283923 -0.030200237408280369 -0.044723985716700547 -0.55565896630287159 -0.37499999999999994 -0.0055825512390583745 0.36277985572814947 -0.13851312547922132 -0.0811510495841503 -0.098011363297700868 0.43607954680919653 -0.15622752904891965 0.32528407871723181 -0.5678991675376891 -0.52232581377029408 0.083596341311931624 3.6604857444763188 -0.36894176900386805 -0.24020045250654218 -1.1624392867088316 -0.93440908193588246 -0.4823808073997497 -0.91294860839843739 -0.78451398015022267 0.27130682766437536 -0.36231037974357599 -0.21447290480136869 0.33380682766437536 0.5781589448451997 0.27762436866760259 0.28624004125595098 0.43157629668712622 0.25142045319080358 0.20911728590726855 -0.1627935394644737 0.095311604440212264 1.0400614738464358 -0.20797599107027051 0.2848306298255921 -0.27414773404598231 0.43892045319080358 -0.48522816598415369 0.30744887888431555 0.12073863670229913 0.21381334960460666 0.13985770940780642 0.12502200156450274 -0.25618436932563776 0.22037483006715777 0.22255595773458484 -0.10036084428429602 0.15789233893156054 -0.18607954680919644 -0.16335227340459821 0.014412305783480408 0.20106918364763263 0.080965910106897368 -0.09021726623177527 -0.20059686899185178 0.30174377560615545 -0.45312499999999994 0.22423640638589862 0.19337335973978045 -0.15307737886905667 -0.14939965307712552 0.19522988796234134 0.44410437345504766 0.29119317233562475 0.24711910635232928 -0.41619317233562464 0.2397967800498009 -0.12357954680919646 0.53189271688461315 -0.10926083102822302 -0.080934900790452943 -0.28738254308700556 0.43085922300815588 0.16649514436721805 0.28163591027259832 0.14647535979747775 -0.47445212304592127 0.094185918569564833 -0.17483704537153241 -0.11721936985850333 -0.39346592128276819 0.03241280838847161 0.025491684675216678 0.26846592128276831 -0.34232954680919642 0.14587228745222094 -0.43892045319080347 0.41619317233562475 0.1306615546345711 0.060835611075162895 -0.031281461007893079 0.15020011365413669
decision_type=2 2 2 2 2 2 2 2 2 2 2 2 2 2 2 2 2 2 2 2 2 2 2 2 2 2 2 2 2 2 2 2 2 2 2 2 2 2 2 2 2 2 2 2 2 2 2 2 2 2 2 2 2 2 2 2 2 2 2 2 2 2 2 2 2 2 2 2 2 2 2 2 2 2 2 2 2 2 2 2 2 2 2 2 2 2 2 2 2 2 2 2 2 2 2 2 2 2 2 2 2 2 2 2 2 2 2 2 2 2 2 2 2 2 2 2 2 2 2 2 2 2 2 2 2 2
left_child=1 5 40 -3 -5 44 -7 9 -9 -8 26 12 -12 -11 15 20 21 -18 19 -16 -15 -17 -14 24 -24 -23 27 28 38 -29 31 32 33 -31 35 -30 -19 -13 39 -10 -2 42 43 -20 45 -1 49 -48 -49 50 51 -47 -53 54 -51 -55 58 -58 -57 60 61 75 90 65 70 67 71 -63 72 -70 -65 -67 73 -69 -75 95 124 81 79 83 -81 96 98 111 85 86 -85 -88 -89 -64 91 -62 -61 -74 -95 -4 -78 -98 99 -83 -101 102 -94 -73 105 -103 -106 108 109 -92 -111 115 117 -114 -115 118 -116 122 119 120 -79 -121 -113 -119 -77 -126
right_child=2 3 59 4 -6 6 7 8 10 13 11 37 22 14 18 16 17 36 41 -21 -22 25 23 -25 -26 -27 -28 29 34 30 -32 -33 -34 -35 -36 -37 -38 -39 -40 -41 -42 -43 -44 -45 -46 46 47 48 -50 53 -52 52 -54 55 -56 56 57 -59 -60 92 62 63 89 64 -66 66 -68 68 69 -71 -72 103 93 74 -76 76 77 78 -80 80 -82 82 -84 84 -86 -87 87 88 -90 -91 107 -93 101 94 -96 -97 97 -99 -100 100 -102 104 -104 -105 106 -107 -108 -109 -110 110 -112 112 113 114 116 -117 -118 123 -120 121 -122 -123 -124 -125 125 -127
leaf_value=-0.0044742130544847625 0.0060715207737764712 -0.0059938311077365825 -0.0030648726741907403 0.0046892431474520775 -0.055243285086327705 0.071863410969707872 0.025466537051557978 0.084692472176661482 0.14572012449941721 -0.027748604595244915 -0.0018380190486870724 0.037178733570749085 0.008839338221981085 0.02988852373567712 -0.023683259137963587 0.0068691354043828954 -0.00049787500717130126 0.12222256764721523 -0.028629052851942841 -0.11033855050862897 -0.011813436028616087 0.11165330912675259 0.28142362060167864 0.061189592537811054 0.011216751188022157 0.036619592794367606 -0.0033805118479603769 -0.030239539248536704 -0.0011523492151855081 0.10247381118752484 -0.0082955026823569779 0.0059044979847433648 0.12766905696516434 0.016280298724933865 0.020893193686238942 -0.085283769832319611 0.020028102283452909 -0.012832587920078183 0.016128143227206758 0.046964965977282287 0.043083999789580676 0.000918513426162812 0.046888163811484286 -0.14581549900339288 -0.0036393524417604618 -0.0023860513771984024 0.062411079640065356 -0.1943314720273403 -0.017599844937163014 -0.0018639700432121005 0.0054084229202472018 0.3007266914044594 0.087287048539016324 0.033614239514084411 -0.061806096124316222 -0.0050965191096934591 0.032138969045127433 -0.031855323600594676 0.016109494983647905 0.0083025846145231095 -0.13702804437519744 0.054790675380997522 0.012653130229237863 0.14494691267230239 -0.008157405147351986 -0.015646670314575385 -0.045171314447493914 0.026375934508658713 0.0035061000726042141 -0.12235162382607086 0.017911657679820434 0.070797731230473435 0.016946098310473209 0.011409559056853492 -0.049450509933651056 0.0029879632080086968 -0.023741768255189231 0.093527338252894804 0.016866724719947886 -0.006468036318707817 -0.15687787719094365 -0.0026156290725494989 -0.0041957167319915121 -0.037419881697037069 -0.0037342748284692278 0.033552797251442647 -0.02772895752094021 -0.071225015280765566 -0.32390373374801162 -0.049171127548094794 -0.0027398280997283212 -0.012883670686987952 -0.012854136474299956 -0.061554921849943121 -0.0035071098392633697 -0.018080061629820184 0.095888091046338511 -0.002007850950390412 -0.12725101071938391 -0.050660795147611737 -0.15931534867119587 0.012803149831264316 -0.091065353572221105 0.027344296193351218 0.011607743907254144 0.09099272927101261 -0.0086231835085036432 -0.003590444868695428 -0.043456234058048181 -0.099780538282848205 -0.024740642694933934 -0.0063512767172939502 0.0010055317617968737 0.0033880519707678229 -0.053260951270004638 -0.011072713200442534 -0.16877949922888813 0.0050815092791952629 0.050216413212820714 0.011737488537786899 -0.0016633409407471786 -0.10238241370016438 0.063899024011343369 -0.033945179550267067 0.012345540788537397 0.050248444214727905
leaf_weight=1572.0090082865208 6528.6071142434375 6480.6755524955224 5437.7310814042576 53.170717742759734 124.38769847562071 26.909837090759538 235.72625469975173 36.792918307124637 24.96743989281822 240.61044895020314 116.82249625283293 65.010774649796076 43.891483967890963 95.084680566098541 172.09327062149532 178.51515590737108 2389.540723508806 22.803399880416691 32.269748851656914 33.564954071305692 1189.3605917971581 27.525843690731563 12.31278847216163 183.78120261989534 13.290024578571318 215.13402884115931 1815.9655330647947 130.06860509642866 84.73438647761941 25.122903425712138 545.79652415658347 803.02596141758841 21.295963063486852 175.83931306912564 270.35615975619294 25.603218514006585 30.214504178380594 278.07186489272863 96.481457762303762 124.29972711659502 91.86870526347775 472.21061742375605 21.196667672717012 22.584368295385502 12825.516717043938 15.024607867002485 17.022410179488361 15.689360508462412 22.90504178206902 258.1236837382894 35.02099286171142 10.130697989836333 9.2878805674845371 259.99739787215367 70.234440181520768 1021.4562943560304 314.76400547614321 45.607295710593462 539.24241945438553 3728.5462995272828 19.917514423490502 92.062858435907401 474.55952231038827 20.891830108594149 973.24268453149125 44.513628110289574 31.323160817264579 716.77370372635778 21.259626865386963 20.863850765512325 23.699589282274246 152.09380803897511 332.74170251924079 280.23949509486556 76.549628072301857 1869.9621856465237 70.609104381408542 36.806350339553319 461.97731467802078 26.869902070611715 19.786685744998977 53.858708225190639 139.65032482566312 42.472846181713976 261.58106966689229 20.754612624645233 14.403791934251784 14.310402938979676 14.016309383325281 41.593165779253468 520.62858241598587 20.820086255320348 384.62497738294769 59.379463223041967 746.72761346795596 737.60093614505604 25.684333855402656 29.615489363670349 30.168323712656274 63.284240422421135 23.049834129051305 124.89524455717765 29.605186784523539 147.814817842911 554.95669012598228 32.277752812835388 938.83854416350368 749.13317037350498 269.53244356263895 29.718415931100026 241.86130914615933 43.651568740606308 63.896240831702016 20.111939609050751 21.283570682513528 178.54174552543554 26.094138531130739 282.93071311782114 161.70672830706462 32.006472826004028 67.444725215435028 22.924147916492075 63.782122645992786 121.37279372429475 1091.0994933227776 120.40636136522517
leaf_count=2585 9927 10462 8287 86 228 55 363 75 72 362 161 100 60 163 236 263 3618 60 43 88 1829 64 67 345 15 312 2634 192 128 61 770 1236 62 257 424 58 37 392 124 192 152 631 34 77 20184 24 39 74 30 368 57 61 21 393 168 1589 469 66 798 5710 63 142 659 62 1406 70 51 1084 24 60 29 279 455 370 159 2953 121 77 697 41 65 65 209 61 385 33 19 26 79 72 687 37 558 102 1000 1194 58 34 79 97 73 173 67 216 923 74 1372 1146 464 67 351 52 95 22 35 258 82 376 252 39 78 52 116 170 1602 244
internal_value=9.07874e-06 -0.00167466 0.00190353 -0.00682956 -0.0368828 -0.000416945 0.00238885 0.00219473 0.00621947 -0.00145857 0.00559632 0.0197799 0.0411011 -0.00270801 -0.00146358 0.000848056 0.00513014 0.000933393 -0.0142281 -0.0383812 -0.00865638 0.0293022 0.061167 0.0720191 0.144422 0.0456434 0.00313956 0.00824634 0.0231348 0.00272907 0.00550749 0.0129083 0.0379018 0.0277367 0.00847583 -0.0214616 0.0649453 -0.00307665 0.0456078 0.0643712 0.00659852 -0.00505218 -0.042155 -0.0784681 -0.00211636 0.00251497 0.00670538 -0.0428382 -0.0920325 0.00781313 0.0593314 0.112875 0.20384 0.00634476 -0.0149225 0.00957596 0.00628417 0.0237521 0.00220702 0.000585017 -0.000692243 0.000774701 -0.0102818 0.0076045 -0.00423091 0.0120505 0.0334143 0.00859931 0.00666648 -0.0573373 0.0781749 0.0409235 0.00793805 0.0170272 -0.0015951 -0.00140279 0.00245387 -0.00472904 -0.000226648 -0.00533673 -0.0715514 -0.0254336 -0.0380253 -0.00321161 -0.0218425 -0.0658451 -0.0914082 -0.143257 -0.20047 0.00744499 -0.0152577 -0.0747801 0.00452092 -0.000591298 -0.00791198 -0.00486818 0.00502963 0.0427553 -0.0654528 -0.0513515 -0.0810477 -0.00228158 -0.0187395 0.0495981 0.0018252 0.0294831 -0.00107045 -0.0138552 -0.021049 -0.0133369 -0.0333913 0.00275493 -0.00663858 -0.0406927 -0.0809708 0.0149455 -0.118374 0.00206265 0.0296145 0.00836184 0.0317996 -0.035159 0.0347247 -0.0065563 0.00819213 0.0161825
internal_weight=64222.8 33989.1 30233.6 6658.23 177.558 27330.9 10298.9 10272 4893.53 5378.44 4856.74 713.181 370.098 5142.71 4902.1 4148.18 2863.73 2442.56 753.92 205.658 1284.45 421.175 253.275 209.384 25.6028 242.66 4143.56 2327.59 626.442 1701.15 1571.08 1025.28 222.258 200.962 380.694 110.338 53.0179 343.083 245.749 149.267 6620.48 548.261 76.0508 54.8541 17032 4206.52 2634.51 55.6168 38.5944 2578.89 69.4642 34.4432 19.4186 2509.43 328.358 2181.07 1921.07 360.371 1560.7 23613.1 17819.4 15451.6 2367.76 3740.18 1017.83 2722.34 375.745 2346.6 2254.54 42.1235 44.5914 344.422 2212.41 1073.56 356.789 11711.4 5536.11 2454.65 2018.73 1556.75 46.6566 435.92 310.011 1510.09 367.539 105.958 85.2034 42.7305 28.3267 516.153 1851.61 40.7376 5793.74 1138.85 806.107 6175.33 125.909 55.2998 170.361 140.193 86.3341 2065.2 414.23 299.909 1650.97 157.173 1493.8 1810.87 1061.74 792.208 271.58 1142.55 643.123 131.386 67.4896 499.43 47.3777 511.737 320.888 159.182 104.251 54.9306 107.434 404.304 3081.47 1211.51
internal_count=99499 53362 46137 10776 314 42586 15660 15605 7425 8180 7350 1140 648 7817 7455 6346 4354 3715 1109 324 1992 639 487 427 82 376 6210 3576 998 2578 2386 1616 380 318 610 186 97 492 388 264 10079 785 154 120 26926 6742 4157 143 104 4014 163 106 82 3851 536 3315 2922 535 2387 36058 27181 23635 3546 5509 1497 4012 616 3396 3254 84 91 565 3170 1613 529 18126 8645 3846 3110 2413 106 736 523 2307 603 218 185 124 105 731 2815 100 8877 1557 1102 9481 213 92 314 235 170 3167 625 495 2542 247 2295 2715 1569 1105 418 1704 948 234 139 756 117 714 498 246 155 91 168 546 4799 1846
is_linear=0
shrinkage=0.095553


Tree=25
num_leaves=127
num_cat=0
split_feature=18 21 10 12 0 15 21 10 11 3 12 20 3 0 3 12 1 18 0 19 1 18 1 20 13 1 12 21 20 12 9 18 12 21 9 18 21 0 9 9 18 21 12 12 9 3 3 18 18 3 18 21 1 21 13 14 10 0 3 11 15 12 18 11 16 18 10 9 12 10 18 21 20 20 0 12 18 10 14 3 13 0 0 9 16 0 10 21 10 19 3 11 19 18 1 0 11 8 12 3 0 20 11 0 16 12 3 19 15 12 18 20 12 10 3 13 18 13 10 14 18 12 16 3 20 18
split_gain=17.1425 22.328 19.6277 27.2699 19.3433 25.639 18.2412 19.8202 18.1063 19.4626 17.5778 29.5159 18.1831 17.2087 16.9177 15.6855 14.3694 20.2354 18.161 16.74 31.7523 30.4128 20.9001 28.5748 16.8067 16.3733 21.1137 31.6245 17.3084 14.4867 21.7336 14.1172 19.613 71.3185 15.62 14.0259 14.2676 21.7214 17.0326 13.3063 12.8605 16.3082 16.8698 18.5413 15.0381 25.2051 21.6806 45.0055 21.3088 22.1489 19.9889 18.0202 17.3254 16.5731 20.914 17.7461 14.7459 13.9331 26.695 15.7085 43.4285 14.1783 13.7085 15.0835 17.3709 13.1397 16.924 13.0361 13.6672 19.3758 12.7984 13.1209 12.7756 26.1438 43.4422 25.3904 16.7346 25.7706 32.0662 19.7909 15.5086 17.0856 13.9521 30.1898 15.8778 13.7714 12.7427 51.1683 46.6115 25.7239 33.3728 56.1653 13.7762 13.2975 32.8419 32.3642 39.9291 31.1114 12.3289 17.1254 23.884 15.3185 14.1608 12.2787 12.2818 11.9851 16.0747 14.4065 13.8578 21.1838 11.9576 11.9248 11.8271 11.5445 16.0516 11.5301 11.5283 17.8573 20.4104 20.8035 25.3055 33.8529 33.873 17.8202 18.3891 15.7162
threshold=1.0000000180025095e-35 0.015647463500499729 -0.095800213515758501 -0.1424814164638519 0.12642045319080356 0.061451612040400512 -0.04138869792222976 -0.055502755567431443 0.12602679431438449 0.060979206115007407 -0.12582046538591382 0.078978471457958235 0.10916468873620035 0.22869318723678592 -0.36766564846038813 -0.15882790088653562 0.25710226595401769 -0.13573190569877622 0.024147727526724342 -0.19387444108724591 -0.2201704531908035 -0.0995199680328369 -0.13778409361839292 1.0000000180025095e-35 0.22686929255723956 0.33380682766437536 -0.26175528764724726 -0.0029202514560893174 -0.02647908870130777 -0.22286449372768399 0.050457600504159934 -0.0040189226856455198 -0.11766152083873747 0.061602313071489341 -0.24027834087610242 -0.13294097036123273 -0.15350548923015592 0.39346592128276831 -0.13472918421030042 0.050457600504159934 -0.36954462528228754 -0.42662395536899561 0.66906803846359264 0.62676388025283825 -0.027720079757273194 0.31359797716140753 0.18699086457490924 -0.13916920125484464 -0.20860014855861661 0.42316816747188574 -0.1739988103508949 -0.25776432454586024 0.27982954680919653 -0.23433388024568555 -0.11127173528075217 0.52884504199028026 -0.11341140046715735 0.26846592128276831 -0.33851151168346399 0.081798490136861815 0.067596007138490691 0.056946827098727233 -0.20172158628702161 -0.11820790544152258 -0.11363377049565314 -0.1645485237240791 -0.08119435608386992 0.046522239223122604 -0.01299599790945649 0.24094343930482867 -0.20379465818405149 -0.2991530299186706 -0.03162131737917661 0.029037673026323322 -0.089488636702299104 -0.19091480970382688 -0.079553481191396699 -0.149049237370491 -0.1055624596774578 0.48238080739974981 -0.26421360671520228 -0.20312499999999997 -0.03267045505344867 0.11145270243287088 0.019814147613942627 -0.10937499999999999 -0.14006734639406201 0.11095651611685754 -0.1619106978178024 -0.088733751326799379 -0.41864693164825434 0.27642433345317846 0.12473992630839349 -0.067185379564762102 -0.029829545877873894 0.24005681276321414 -0.15155746787786481 0.10119085013866426 0.18336191773414615 -0.15633092820644376 -0.03835227154195308 -0.11614860594272612 -0.32647790014743799 -0.14062499999999997 -0.40411406755447382 0.20106918364763263 0.48477418720722204 0.46576604247093206 -0.24039170891046521 0.43036021292209631 -0.052385110408067696 0.22921405732631686 -0.23544310778379438 0.034643070772290237 -0.45167937874794001 -0.11689209938049315 0.12257515639066698 0.3399252593517304 -0.097429685294628129 -0.017890935763716694 0.27170178294181829 0.10875357314944269 0.21733717620372775 0.40927968919277197 0.60622903704643261 0.12685234844684604
decision_type=2 2 2 2 2 2 2 2 2 2 2 2 2 2 2 2 2 2 2 2 2 2 2 2 2 2 2 2 2 2 2 2 2 2 2 2 2 2 2 2 2 2 2 2 2 2 2 2 2 2 2 2 2 2 2 2 2 2 2 2 2 2 2 2 2 2 2 2 2 2 2 2 2 2 2 2 2 2 2 2 2 2 2 2 2 2 2 2 2 2 2 2 2 2 2 2 2 2 2 2 2 2 2 2 2 2 2 2 2 2 2 2 2 2 2 2 2 2 2 2 2 2 2 2 2 2
left_child=6 2 3 8 -5 14 35 10 9 13 11 16 -13 15 -6 -2 17 18 -8 22 29 -22 39 -24 72 26 27 -18 -27 -21 -31 34 33 -33 -9 36 40 -38 -39 -19 113 105 43 44 46 53 50 62 51 -50 -43 -47 -51 54 55 70 -52 58 59 60 61 -55 63 -48 -65 66 -59 -56 69 -69 71 -46 -23 76 80 82 -74 78 -78 85 -75 -82 -76 84 -84 -80 87 89 -89 -12 91 -91 93 94 95 96 -88 -98 99 101 -101 -58 -102 -64 -105 -42 107 -107 -109 -110 -95 -37 -26 114 -1 -36 -3 118 119 123 121 -121 -123 124 -118 -119
right_child=1 116 -4 4 5 -7 7 31 -10 -11 86 12 -14 -15 -16 -17 25 19 -20 20 21 24 23 -25 112 28 -28 -29 -30 30 -32 32 -34 -35 115 111 37 38 -40 -41 41 42 -44 -45 45 48 47 -49 49 52 56 -53 -54 57 67 -57 98 65 -60 -61 -62 -63 103 64 -66 -67 -68 68 -70 -71 -72 -73 73 74 75 -77 77 -79 79 -81 81 -83 83 -85 -86 -87 92 88 -90 90 -92 -93 -94 110 -96 -97 97 -99 -100 100 102 -103 -104 104 -106 106 -108 108 109 -111 -112 -113 -114 -115 -116 -117 117 125 -120 120 -122 122 -124 -125 -126 -127
leaf_value=0.0060696416215354262 -0.03254642547419636 -0.0021035260370926216 0.0041428551966246003 0.020734416197414497 0.14477810871761385 0.028169597739700715 0.13303972838395831 -0.013413200917388976 -0.058109295393345757 0.022677286589700016 -0.012384916747769641 -0.11729125842593291 -0.029031137247205959 0.030514463347916694 0.05046295469627806 0.016132496184779733 -0.034415298480213144 0.025573302650259491 0.0075419488948961664 0.036052891693411838 -0.024302158707603026 0.0076927876555619107 -0.14590970073376214 -0.027314144115352882 0.048866556656833177 0.037576446417836348 -0.013089444293524061 -0.16990212946294761 -0.012985700940658226 -0.016795675170293897 -0.09363082538925431 -0.2418088489297989 -0.0090792319627086473 -0.00056091178080180416 0.010798728310985562 0.0042648689250913002 -0.0048719192568330433 -0.007742030688172032 -0.059204875789329023 -0.025559383211710161 0.0053106719938910652 -0.0075742776900874836 -0.061321330760352025 0.070328319313426785 -0.005199900859688765 -0.027798722645894839 0.011563694411994009 0.1244649680335365 -0.0089052274361677772 -0.037692270655793503 0.038958894066747733 0.0097910955117092059 -0.10086249851409636 -0.015808700954554469 -0.0017015558243389298 0.031601259921555318 0.06685872517058053 -0.061482844116124348 -0.0031231829178817051 0.0036887828906299147 -0.16673732589166851 -0.087002052640371905 -0.008478879939882061 0.11261282793521284 0.031049541993112832 0.022782459603760716 0.0055480149710734278 0.14585614425749621 0.029868833526514135 0.023211386397682093 0.010656583220505748 -0.04514925220872399 0.019380009656275798 0.0044420979082759743 0.014719329858933171 -0.00053126125673919414 0.056413643017969008 0.04907865732716192 0.38840883260062337 0.10149029956380125 -0.012986555597348215 -0.1333626432738427 0.23659228936689072 0.049116501432410753 0.086638429302260622 0.17850235415250021 -0.0074958717124926919 -0.29897034957233465 -0.030459387269057454 -0.32251949427332161 -0.039114253080290991 -0.010733991234863242 -0.055007042013661904 0.032914913894482464 -0.0023828264230287598 -0.025782450081293824 -0.35651628582198625 -0.096178376814002625 0.018992107444164175 0.014191346948920379 -0.044659407387674634 -0.007631533327968283 -0.16996669116479582 0.076434529023319042 0.0087917407911193551 0.035074323911253646 0.096567746060719967 -0.073352240902160387 -0.04734467437334923 0.067961420746021683 -0.0053586699198993485 -0.016955707603664105 -0.0063094890498984549 -0.0018199629942462282 -0.024891404916863175 -0.0007258059864641694 0.0031404219543479436 0.029213674553085447 0.0013997140901469501 0.030603976268438641 -0.01343183841466695 0.22837449963061776 0.032829413980216077 0.024613947049545316 0.054654832092489426 -0.0033657299322560619
leaf_weight=220.39121902408078 196.99329286557622 9281.9687031789217 4888.9813241037773 275.33435090980493 41.526275711017661 93.50199958065059 19.394151437445544 644.64564453647472 34.924866206245497 497.09632914839312 452.63783241354395 23.224742983817123 184.62873590621166 86.382167462841608 33.084932367550209 83.832193616079167 49.775320157408714 94.496484446688555 22.207839855691418 35.021023773006164 154.21279985958245 156.38559123850428 21.950302356621251 96.15784602414351 39.993411063565873 74.46481847227551 126.78773700795136 22.335262988111936 321.21045892057009 256.44820510805584 37.388858539052308 15.20020515238866 173.56363671633881 32.787231649970636 1118.4680307972012 7118.1822834599297 3169.2965280434582 113.70442571421154 124.00456669402774 87.656336673418991 438.56855825567618 1321.8985357680358 37.52282603085041 33.712223775102757 248.36413449177053 192.04000348725822 542.1603130986914 31.747523769852705 147.42604195966851 123.84566033992451 149.9610007192241 287.43777029018383 60.361397191882133 99.653148498269729 81.872509051579982 140.89905273274053 27.842840805649757 44.705839109723456 579.37589240272064 47.277769505977631 26.309394613956101 33.742281218874268 385.2689326768741 26.322911208844744 198.11853158217855 233.44773432321381 127.24298400979023 24.267850077245384 193.0699409423396 23.001293063163757 247.64650534640532 107.73660934448708 43.733067661523819 46.551479056477547 23.537452548742294 52.898500022711232 22.71840753860306 64.584481093450449 6.9953189559746525 10.418062463402746 21.846767991781235 20.820738660288043 16.749208577792164 44.715775728109293 12.814275393146088 8.64160001545679 10.311647562193686 11.322933747083882 11.845543572329914 10.144714834168555 111.23531740403268 10.178242921829222 58.281032506376505 86.620895691215992 158.07914641906973 41.190008072066121 9.6481032351730409 8.3576783040771243 271.86441247188486 24.290507330792025 18.293081873911433 160.70927999948617 16.074415241833776 30.895303219323978 106.30659701675177 223.96476824511774 28.542732371948659 22.596079062204808 25.829492777585983 29.227982336538844 469.0690460416954 247.66914615186397 229.71804722130764 4849.9020240901737 474.94231132185087 2686.7406953712925 2782.5127428312553 136.76695988478605 7956.1233042002423 360.62315223633777 102.61117449542508 15.948736455640754 16.330768315820023 459.28489902219735 63.102015463984571 5177.5086303680437
leaf_count=327 347 13837 7491 424 121 155 56 1059 66 805 676 67 288 132 72 124 66 138 33 56 245 207 70 143 69 132 172 73 470 349 80 76 234 39 1762 10649 4989 159 220 117 686 2092 65 60 344 282 809 84 216 203 254 409 132 136 116 226 49 84 932 60 84 71 561 69 306 339 168 68 275 27 387 182 58 66 29 89 40 103 49 23 25 59 71 73 26 36 15 70 19 69 189 12 100 121 249 57 63 27 382 45 32 221 54 59 140 323 59 44 37 74 696 355 352 7871 812 4129 4242 203 12068 603 189 67 36 717 117 7697
internal_value=0.00027769 0.00182231 0.006966 0.017204 0.0365898 0.0621754 -0.00128826 -0.00506227 0.00757729 0.0103545 -0.0100918 -0.00513195 -0.0394435 -0.00619313 0.103846 -0.0177756 -0.00191278 0.00265663 0.0671415 0.00091501 0.00561832 0.0142847 -0.0193339 -0.0504338 0.0216115 -0.0146387 -0.0369324 -0.0778846 -0.00328254 -0.0199346 -0.0269935 -0.000853504 -0.0243027 -0.0775528 0.000309565 8.3939e-05 -0.00148793 -0.00698028 -0.0347692 0.000618477 -1.81302e-05 0.00263543 0.00106007 0.00144312 0.00105945 -0.00374794 0.00552981 0.0150174 -0.0181848 -0.0367878 -0.000742117 -0.00520619 -0.0588481 0.0014195 0.0100817 0.00122193 0.0126692 -0.00629343 -0.0137295 -0.0430797 -0.0574214 -0.0346753 0.0121887 0.0203116 0.04115 0.00798902 -0.0117535 0.0303702 0.0415897 0.0873874 -0.00584308 -0.0174723 0.0311375 0.0402668 0.0201384 0.0513248 0.0705512 0.0899969 0.142326 0.214053 -0.0319976 -0.0731252 0.0800203 0.100361 0.174325 0.282958 -0.0184434 -0.0290274 -0.163946 -0.0233485 -0.0603787 -0.16981 -0.0107399 -0.00731413 -0.0266895 -0.0808286 -0.158158 -0.24218 0.00494678 -0.0103304 -0.0548034 0.00340957 -0.105532 0.00017258 0.0246185 0.0157805 0.029535 0.0227893 -0.0118967 0.0128095 0.000568703 0.0035417 0.00190755 -0.00348209 -0.0149919 0.00265041 0.000604008 0.002079 0.00415824 0.00991955 0.0281789 0.039244 0.131196 0.00716186 0.00432067 -0.00251128
internal_weight=64694.8 32584.4 6231.66 1342.68 443.448 168.113 32110.3 8570.81 899.229 864.304 3899.41 2450.48 207.853 367.208 74.6112 280.825 2242.63 1648.06 41.602 1606.45 1306.19 977.335 300.261 118.108 823.122 594.574 198.898 72.1106 395.675 328.858 293.837 4671.41 221.551 47.9874 4449.85 23539.5 16173.7 3407.01 237.709 182.153 12766.7 7221.44 6452.71 6415.19 6381.48 3069.72 3311.75 1320.82 811.111 331.633 1990.93 479.478 184.207 2258.61 1066.86 744.646 669.036 1191.76 786.358 206.983 159.705 133.395 1289.07 766.602 224.441 405.397 171.949 322.212 240.339 47.2691 603.747 356.101 553.411 397.025 239.934 150.715 157.091 113.358 48.7734 26.055 89.219 42.6675 97.8167 74.2793 29.5635 15.6369 1448.92 607.365 23.1685 584.196 131.558 20.323 841.558 783.277 227.587 69.5074 28.3174 18.0058 519.075 247.21 58.658 188.552 34.3675 522.471 137.202 768.73 330.161 301.618 77.6536 55.0575 555.69 7365.85 269.711 5545.24 695.334 3805.21 26352.8 17070.8 11756.5 3800.41 495.514 392.903 32.2795 3304.9 2845.61 5314.28
internal_count=99733 49513 9737 2246 772 348 50220 13592 1474 1408 6293 3930 355 603 193 471 3575 2662 89 2573 2105 1620 468 213 1375 913 311 139 602 485 429 7299 349 115 6950 36628 25624 5368 379 255 20256 11246 10023 9958 9898 4741 5157 2028 1242 551 3129 691 335 3499 1625 1139 1037 1874 1283 351 291 207 1944 1184 375 591 252 486 370 95 913 526 954 747 438 288 309 251 148 108 150 84 199 170 97 85 2363 1035 89 946 270 81 1328 1228 411 162 105 90 783 401 131 270 86 760 199 1223 537 478 155 111 817 11004 421 9010 1139 5891 39776 25939 18039 5971 895 706 103 5076 4359 7900
is_linear=0
shrinkage=0.095553


Tree=26
num_leaves=127
num_cat=0
split_feature=18 16 18 4 10 19 15 10 18 4 17 10 4 18 11 12 17 10 18 5 4 19 1 4 5 4 12 19 15 20 20 16 3 11 0 19 12 5 11 11 20 11 10 0 1 16 17 18 18 11 16 19 20 10 0 19 18 20 10 19 16 4 10 18 18 10 17 17 0 1 10 1 5 12 12 19 19 11 10 20 4 11 0 19 10 11 12 20 14 3 3 16 17 11 4 16 1 1 5 18 11 12 3 19 11 14 4 4 14 17 19 16 20 20 1 18 11 20 3 15 20 10 17 3 15 4
split_gain=15.2526 13.5686 21.442 21.6156 18.4657 23.0379 25.1519 16.7909 14.2166 17.8728 13.9809 15.8424 13.7538 21.366 20.3141 20.9581 18.9239 18.1416 17.3498 18.0906 16.8263 16.0223 17.0347 15.7443 19.9805 14.2508 12.376 23.6771 20.2404 22.7854 54.1331 109.659 59.8043 33.949 41.3126 21.2216 26.2178 22.9197 32.6875 18.691 21.6536 17.7748 27.8455 17.2129 17.196 17.4805 20.714 20.789 17.1238 19.7392 16.1003 16.03 14.347 21.0179 13.7436 29.8149 23.0465 13.5632 18.2762 29.5848 22.3821 18.8234 19.9913 17.1501 19.4372 17.1408 27.5585 16.1321 25.4296 19.8286 15.6461 15.577 18.378 17.6678 22.6104 17.4338 27.8592 28.178 18.9169 15.9282 17.7153 21.1102 17.4877 20.6049 15.8789 15.3736 13.6647 13.6428 13.5869 26.9255 13.4472 18.6709 17.4823 20.3799 16.594 13.2605 13.207 13.1844 12.8024 12.313 19.3344 16.1876 12.3076 12.2941 12.1038 12.9569 19.3459 21.4014 30.99 15.0199 13.5881 13.5472 11.893 31.1095 27.6769 20.6286 21.5243 17.9282 22.795 16.6198 16.5533 15.7396 15.1138 17.2649 15.8107 12.7592
threshold=0.02152569126337767 0.31558057665824896 0.57462233304977428 -0.471088096499443 0.33734548091888433 0.74289092421531688 0.66059908270835888 0.20249937474727633 0.95660817623138439 -0.26055346429347986 0.40845750272274023 -0.17471311986446378 -0.48264713585376734 0.19778967648744586 0.32666736841201788 0.31916524469852453 -0.029519991017878052 0.1570733264088631 0.27108162641525274 0.37500000000000006 -0.14091055840253827 -0.020415270701050755 -0.23721590638160703 -0.44622801244258875 -0.37499999999999994 -0.20984914898872373 0.11332761868834497 0.17302466183900836 0.29186636209487921 -0.1251377537846565 -0.10949517786502837 -0.072605200111865983 0.41864693164825445 -0.14119699597358701 -0.26846592128276819 -0.0046812506625428787 -0.14939965307712552 1.0000000180025095e-35 -0.033843578770756715 0.48227845132350927 0.35361006855964666 0.14023747295141223 0.11211683973670007 0.29687500000000006 0.37357954680919653 0.22148434072732928 -0.14565655589103696 0.12257515639066698 0.10021138936281206 0.011165820527821781 0.076401401311159148 -0.048353029415011399 -0.10551154240965842 -0.12256430462002753 -0.27982954680919642 1.4657082557678225 0.15989314764738086 0.061988044530153281 0.20249937474727633 0.25205020606517797 0.037912910804152496 -0.28810407221317286 -0.19223657995462415 0.20737238228321078 0.19685667008161548 -0.10418533906340598 -0.25618436932563776 -0.17078959196805951 -0.052556818351149552 -0.0071022729389369479 0.078847032040357604 0.39630682766437536 0.37500000000000006 -0.25145226716995234 -0.17032590508460996 0.099091757088899626 0.043034194037318237 -0.040803423151373856 0.48291525244712835 0.10911072418093683 -0.47416162490844721 -0.033843578770756715 -0.32528407871723169 -0.13066414743661878 -0.03564986772835254 0.18470544368028644 -0.26974841952323908 -0.020612128078937527 0.078696340322494521 -0.42757956683635706 1.0000000180025095e-35 -0.06509824842214583 0.0025168991414830093 -0.092292886227369295 0.028504603542387489 0.095835383981466307 -0.14630681276321408 0.16051135957241061 1.0000000180025095e-35 0.031402070075273521 0.076548647135496153 -0.24325328320264814 0.17175004631280902 -0.12926788628101346 0.15814604610204699 -0.13230970501899716 -0.17199221253395078 -0.48522816598415369 -0.074357341974973665 -0.072486694902181611 -0.1655360013246536 -0.06767867878079413 0.21169698983430865 0.18640130013227466 0.26846592128276831 0.094701088964939131 0.04572690092027188 0.23152447491884234 -0.33241093158721918 -0.20659754425287244 0.35361006855964666 0.051651319488883025 0.58683302998542797 -0.37321612238883967 0.090622119605541243 -0.50721788406372059
decision_type=2 2 2 2 2 2 2 2 2 2 2 2 2 2 2 2 2 2 2 2 2 2 2 2 2 2 2 2 2 2 2 2 2 2 2 2 2 2 2 2 2 2 2 2 2 2 2 2 2 2 2 2 2 2 2 2 2 2 2 2 2 2 2 2 2 2 2 2 2 2 2 2 2 2 2 2 2 2 2 2 2 2 2 2 2 2 2 2 2 2 2 2 2 2 2 2 2 2 2 2 2 2 2 2 2 2 2 2 2 2 2 2 2 2 2 2 2 2 2 2 2 2 2 2 2 2
left_child=-1 2 26 -4 5 10 -7 -8 -5 -10 12 -12 18 14 16 -16 20 21 -3 -20 -14 22 -15 -17 -25 -19 28 39 29 33 31 32 -31 -2 35 41 37 38 -37 40 44 42 -35 -30 45 46 -28 -48 49 -38 97 103 53 -32 56 -56 -29 58 59 60 61 62 -54 64 71 66 -65 68 -64 -69 -61 73 75 90 79 76 99 -78 -77 80 81 -75 83 -81 88 -60 -74 -71 89 -82 91 96 94 -94 -92 -50 -59 -36 -44 -73 -101 -102 -79 -45 105 110 107 -107 -109 -110 -68 -108 113 122 115 117 120 118 -114 -119 -117 -115 124 -124 125 -76
right_child=1 4 3 8 -6 6 7 -9 9 -11 11 -13 13 17 15 23 -18 25 19 -21 -22 -23 -24 24 -26 -27 27 54 43 30 52 -33 -34 34 50 36 48 -39 -40 -41 -42 -43 98 51 -46 -47 47 -49 95 -51 -52 -53 57 -55 55 -57 -58 63 85 70 -62 -63 67 65 -66 -67 104 69 -70 87 -72 72 86 74 112 78 77 102 -80 82 84 -83 -84 -85 -86 -87 -88 -89 -90 -91 92 -93 93 -95 -96 -97 -98 -99 -100 100 101 -103 -104 -105 -106 106 111 108 109 -111 -112 -113 114 121 -116 116 -118 119 -120 -121 -122 -123 123 -125 -126 -127
leaf_value=-0.0014009636216920902 0.11096204029266528 0.036062044917511756 0.073693910273158844 0.02277439862982103 0.0073933782261695518 -0.0073030808727049439 -0.1052666593779876 -0.035368059395512651 0.039029889429513138 -0.025477663928235285 -0.018963475412319838 0.013012146876187777 -0.034280437873490582 -0.0098267890944825492 -0.026028558637172416 -0.0019023162737736318 -0.069754968414157986 -0.0038565809224650072 0.0062309127252488244 -0.072187168465601803 0.012436114747675069 -0.0047676950792114245 -0.079136049774519837 -0.031073435707162918 -0.13322635256792559 0.038290890881381059 0.0085599951730575604 -0.063000394051268283 -0.017703862976568695 -0.49225583825335606 -0.10449804388478308 -0.0081052627145497668 -0.1023026053870677 0.086959175220636994 0.12481156131084713 -0.042908435860644169 -0.0092725168046515569 -0.014203440337262313 -0.2868881259983323 -0.011747081759828354 -0.0078486648783318343 -0.017909864746433784 0.02184437331277711 0.00018526289048488511 -0.054793796102095858 0.011289403483779712 0.025665293889301697 0.062067132127361278 0.0641896177522564 -0.10394517632831042 0.027091026622414985 -0.015155224645951627 0.085168115930779151 -0.011930513005660517 0.00091503223893313931 0.086228424334757386 -0.0016192425487186921 -0.05605378770294444 -0.0029164567428965572 0.062458138358167166 0.0015620231758416796 0.0080838679879801523 -0.088563247652015023 0.081486778443388377 -0.075606305723397813 -7.4347999874104274e-05 -0.010538764410418596 0.00021099252638852824 0.015525360588875572 0.0300185857376454 0.01522214772218111 0.038894674149096649 0.099988917948857142 0.097115237859323397 0.036856370774635203 0.025853094527679428 -0.017977290038484979 -0.059616674272157277 -0.040944764312734395 -0.078310853111030657 -0.11983925019345432 0.0052937328171082003 0.021254252581804505 0.0049643609005455861 0.020367559417010746 -0.039262004722348746 0.0242141899868729 0.079276891483761214 0.020796171600997549 -0.021346883549244404 -0.096658532018164406 -0.092036732942991431 0.041014111003064062 -0.013262086960106183 -0.021135306199923858 -0.010731873185393587 0.023623183372177625 0.045055178252696691 -0.045310984153561697 0.0060811499524839902 -0.006549137382733417 -0.1049728457071174 -0.16997719856846702 0.047925126547787342 0.0039698527622153371 0.0098260829823679716 -0.050576816943357486 0.05311839940746186 0.093542007140827541 0.25292254031137551 0.054110278222443908 0.024365426516434828 -0.079571263227825581 0.10241545958685315 0.015044160698476495 0.0084137898655184343 -0.036411120047160357 -0.058986170065397935 0.0056946650225179248 -0.16769834454127583 -0.05629859467256549 0.015250866405230478 0.098900152201763167 -0.0032868462999440279 -0.019571550633414744 -0.0039344179226874941
leaf_weight=34442.43410966848 32.13406767975539 131.13656698272098 58.508392882999033 459.17990250035655 1058.7421550971922 170.88707606086973 51.789900525123812 84.864616600680165 51.792046038317494 142.33444674732164 178.24538360524457 644.60891497565899 99.994611869333312 72.667576025938615 212.48960592586081 17.884532119962387 40.765390013926663 142.80044913466554 113.47640161949676 32.881803821772337 224.84334343473893 652.73428347345907 58.809559776447713 27.828801297466271 51.593680171878077 142.899010375957 237.5697361016646 79.847816500696354 911.21355024212971 7.4508479291107488 25.043652660329826 37.966337860329077 7.1672721840441227 54.24299322697334 31.915787972859107 10.29022639046889 64.073791086673737 16.494158022105694 9.7152258255518955 219.15611346054357 254.95316964085214 110.75233820825815 120.69106744974852 90.024192569195293 24.077930847648531 626.02248227945529 323.93220765551087 266.09499491716269 34.709665714530274 28.173074321704917 227.36539882957004 158.18832330044825 52.49708321003709 151.96417807391845 1867.6595612127567 36.426307527115569 180.65597975603305 35.91721091105137 868.44279169500805 124.57562845712528 4490.2371319053927 1311.6150911332807 25.176099095144309 49.977023334242404 32.050895898370072 2698.8004464352271 140.01236509776209 103.5295540059451 102.32029805518687 126.71223160624504 136.2494834153913 79.163886602269486 26.260028271237388 28.235833926592022 70.627864483161829 354.7678113267757 139.34161201433744 23.384578393422998 41.123490497469902 34.139938690583222 26.297422788920812 99.494888443499804 725.43318779824767 105.39636695187073 97.509580417419784 119.86870477267075 114.65253091836348 90.933923998265527 54.107366323471069 298.21261306363158 37.558306544902734 50.688503082026727 74.19222811225336 366.13226785301231 89.511547976755537 49.349070051452145 35.687388598918915 51.4588570141932 30.648685709573328 404.13534285034984 34.049089223146439 26.953424092847854 17.029077875660732 103.15872441604733 928.59755106270313 51.86483037553262 25.894144982099533 70.076203022850677 12.068673547357323 12.368846789235247 35.569984176545404 102.55843865836505 47.447967555024661 34.797835092409514 201.11719220667146 287.47445279813837 258.2078895275481 41.53939033288043 64.919347673188895 19.292912182281725 39.537077773711644 41.596007287502289 25.676816218183376 30.54438567138277 651.22946707974188 2066.1497735214652
leaf_count=53501 78 223 107 749 1507 260 127 133 69 215 255 889 158 100 326 32 86 180 157 63 292 940 118 43 141 209 329 149 1416 67 65 72 16 111 80 18 76 26 63 329 367 141 158 119 51 899 489 513 62 64 377 252 111 217 2941 73 237 63 1231 217 6473 1930 53 107 64 3991 189 160 152 164 191 120 68 62 137 510 189 43 62 68 78 122 1111 137 120 186 168 176 66 423 85 103 114 504 116 76 52 78 47 546 38 67 54 176 1401 81 46 114 25 58 67 157 93 76 276 466 402 79 94 62 75 50 57 44 985 3187
internal_value=-2.32655e-05 0.00153524 0.00234548 0.0186898 -0.00349301 -0.00716662 -0.0319629 -0.0624142 0.0136069 -0.00781117 -0.00446078 0.0059956 -0.00873952 -0.0118946 -0.025194 -0.0432006 -0.00978871 -0.00344576 0.0108695 -0.0113474 -0.00188255 -0.0109803 -0.0412467 -0.0798973 -0.0981548 0.0170405 0.0018865 0.00668506 0.000959924 0.00169871 0.00101124 -0.0941716 -0.308333 0.0167938 0.0130208 -0.00312486 -0.0264454 -0.098711 -0.166437 0.0143139 0.0176516 0.0124129 0.0290786 -0.010762 0.0220955 0.0234535 0.0325888 0.0421933 -0.010882 -0.0391465 0.0406006 0.00706202 0.00128017 -0.0256459 -0.000172204 0.00262046 -0.0207089 0.00153496 0.00467905 0.00650701 0.00519202 0.0141518 0.0299133 -0.000533102 -0.00331031 0.00438721 0.0128444 0.0232127 -0.00507548 0.0346028 0.0379602 -0.00297508 0.00666195 -0.00499634 -0.00312935 0.00252447 -0.00623559 -0.0387093 0.0186349 0.00694588 -0.00488368 0.0263509 0.015268 -0.015324 -0.0134292 -0.00740106 0.0389967 0.0509218 -0.0223384 -0.0297894 -0.0193848 -0.0480696 -0.0130724 -0.00393216 -0.0440841 0.019702 -0.0160489 0.0765486 0.00773195 0.00444231 -0.0013794 -0.0508293 -0.107741 0.0255663 0.010268 0.0231157 0.0360556 0.0597398 0.0867011 0.177615 0.00262268 0.00865258 -0.00695674 -0.00390296 -0.0161939 -0.0245713 -0.0158727 -0.0535228 -0.0302689 -0.0952481 0.000252826 0.0555266 -0.00553753 0.042643 -0.00654482 -0.00254633
internal_weight=64858.3 30415.9 26203.9 711.815 4211.94 3153.2 307.542 136.655 653.306 194.126 2845.66 822.854 2022.81 1745.31 675.4 309.797 365.603 1069.91 277.495 146.358 324.838 784.211 131.477 97.307 79.4225 285.699 25492.1 4116.4 21375.7 20113.1 19241.1 52.5845 14.6181 872.014 839.88 529.14 212.805 36.4996 20.0055 1951.81 1732.65 316.335 205.583 1262.58 1477.7 1453.62 827.597 590.027 176.306 92.2469 310.74 351.371 19188.5 177.008 2164.59 1904.09 260.504 19011.5 7552.16 6563.85 6303.02 1812.78 501.169 11459.4 7331.58 4127.79 1428.99 448.672 127.496 321.176 260.825 7299.53 1260.86 6038.67 5348.99 1119.95 724.057 179.755 395.891 1468.83 603.858 127.731 864.969 139.536 476.127 988.311 140.913 217.646 378.617 324.51 689.687 122.293 567.394 440.324 127.07 84.0587 71.6046 83.3746 151.34 544.302 465.138 61.0025 40.4137 193.183 1379.01 450.413 274.831 146.379 94.5137 24.4375 175.582 128.453 3880.16 2920.62 959.536 758.419 585.219 173.2 112.367 60.8323 327.012 76.3938 2844.23 56.2212 2788.01 2136.78
internal_count=99628 46127 39888 1140 6239 4732 520 260 1033 284 4212 1144 3068 2625 1078 542 536 1547 443 220 450 1158 218 216 184 389 38748 6377 32371 30408 28953 155 83 1455 1377 842 385 107 81 2977 2648 457 316 1963 2281 2230 1331 1002 278 140 535 547 28798 282 3400 3014 386 28516 11044 9627 9219 2746 816 17472 11236 6236 2245 705 205 500 408 11172 1865 9307 8270 1629 1057 286 572 2187 871 184 1316 205 687 1417 236 340 567 501 1037 218 819 618 201 138 115 158 205 771 651 105 97 295 2138 737 481 278 197 83 256 203 6083 4536 1547 1271 943 328 187 141 541 126 4410 101 4309 3324
is_linear=0
shrinkage=0.095553


Tree=27
num_leaves=127
num_cat=0
split_feature=14 18 20 10 20 1 19 15 16 20 18 3 17 13 12 20 12 19 17 3 20 17 19 10 14 19 20 12 9 4 19 17 19 1 19 17 15 10 20 11 9 4 10 19 4 18 14 20 20 18 4 0 12 20 12 4 18 4 1 16 17 1 12 0 12 4 4 12 18 10 10 17 3 17 9 19 20 12 16 10 16 10 19 12 0 18 0 17 11 3 14 20 18 15 20 3 11 0 15 19 12 19 10 0 18 11 9 18 0 20 17 17 11 18 14 9 11 9 17 10 10 0 4 11 19 4
split_gain=12.8356 16.2931 17.588 17.5168 19.4965 20.5639 29.069 86.2566 31.428 16.7516 15.6796 22.3239 19.5436 18.4842 20.4033 20.3733 41.7298 47.2633 18.3271 22.2232 52.887 24.3155 17.729 17.4169 31.5893 16.1563 17.1047 15.5515 18.0964 16.3732 15.5124 21.5657 15.7766 24.2064 15.4671 15.5555 19.8396 15.3738 14.8216 22.4217 31.3968 18.9956 18.3249 21.5128 16.3067 43.5543 34.2891 29.5215 35.7165 27.3498 15.9564 25.0782 14.6479 21.4712 16.5857 20.569 15.1485 26.8524 26.0975 35.6377 24.9317 24.7148 22.9321 33.0743 19.3524 24.1421 22.1025 23.4435 30.7059 28.2435 21.9651 19.574 18.2549 15.0049 15.3229 16.4625 15.805 14.9316 14.7627 14.5275 14.4038 15.3972 22.7107 14.3848 18.5995 14.3629 14.7143 14.0617 14.0276 16.2791 13.8168 13.7312 17.1578 15.5847 13.668 13.5915 13.5198 21.6863 19.4159 17.2173 13.8713 20.2851 22.8831 64.8148 15.1253 14.6808 13.7486 16.5149 13.3741 13.3567 13.2154 13.4805 17.5669 16.5847 18.3533 13.1379 15.3331 13.0396 16.7772 13.0393 21.9485 18.6184 17.9666 20.1635 21.7431 13.3782
threshold=-0.14568332582712171 0.11658803746104242 -0.016956363804638382 -0.07583740726113318 -0.0017909078742377458 -0.16051135957241056 -0.013687848113477228 0.036874039098620422 0.024114983156323436 -0.0040530514670535913 -0.1645485237240791 0.48704174160957342 0.4950381219387055 -0.26421360671520228 -0.15528301894664762 -0.080184120684862123 -0.22972555458545682 -0.11585957929491995 1.0000000180025095e-35 -0.47721910476684565 -0.15040439367294309 0.5756148397922517 -0.12548762187361714 -0.15443726629018781 -0.12487991526722907 -0.15307737886905667 -0.03162131737917661 -0.14739279448986051 -0.12248918041586875 0.0040748808532953774 -0.0076580906752496949 0.48414354026317602 -0.010307393968105314 0.35937500000000006 -0.079807955771684633 -0.23108730465173719 -0.23350998014211652 -0.15443726629018781 0.14140970259904864 -0.11488875746726988 0.087485957890748992 0.23822072893381122 -0.18829546123743054 -0.14815028756856916 -0.46789334714412684 -0.13651735335588452 0.24660960584878924 0.02539441175758839 0.10344028100371362 0.053196527063846595 -0.10127499327063559 0.14914772659540179 0.5018296241760255 -0.13652861863374707 0.38090336322784429 -0.28132256865501398 -0.61810606718063343 -0.020373876206576821 -0.044034091755747788 -0.63098967075347889 -0.14871278405189511 0.35653407871723181 0.30845054984092718 -0.095170453190803514 0.34567753970623022 0.06094936095178128 -0.45013153553009028 0.21129216998815539 -0.44855967164039606 0.22582113742828372 0.13595711439847949 -0.13785416632890699 -0.37866973876953119 -0.26380698382854456 -0.089417174458503709 0.16338387876749041 -0.47421868145465845 0.0678444840013981 -0.66274544596672047 -0.085030119866132722 -0.070201866328716264 -0.19223657995462415 -0.24961624294519422 -0.10391652584075926 0.27698864042758947 -0.26244951784610743 -0.25710226595401758 0.44685746729373937 0.069041896611452117 0.18699086457490924 0.27047409117221838 -0.3510815948247909 -0.29062251746654505 -0.22272657603025434 -0.066364951431751237 -0.48918287456035608 -0.29035288095474238 0.29687500000000006 -0.033801844343543046 -0.14999118447303769 -0.25831332802772516 -0.13750577718019483 0.08200299367308618 -0.37642045319080347 -0.13573190569877622 -0.024490808136761185 0.27037966251373297 -0.070068992674350725 -0.16335227340459821 -0.39181731641292566 0.27286781370639807 0.242557168006897 -0.14119699597358701 -0.1062190495431423 -0.044638181105256074 0.48972763121128088 0.12027980014681817 -0.11683259904384612 0.62534159421920787 0.54746273159980785 0.11819335445761682 0.34517045319080358 0.4028089046478272 -0.21850552409887311 0.077642828226089491 -0.085229709744453416
decision_type=2 2 2 2 2 2 2 2 2 2 2 2 2 2 2 2 2 2 2 2 2 2 2 2 2 2 2 2 2 2 2 2 2 2 2 2 2 2 2 2 2 2 2 2 2 2 2 2 2 2 2 2 2 2 2 2 2 2 2 2 2 2 2 2 2 2 2 2 2 2 2 2 2 2 2 2 2 2 2 2 2 2 2 2 2 2 2 2 2 2 2 2 2 2 2 2 2 2 2 2 2 2 2 2 2 2 2 2 2 2 2 2 2 2 2 2 2 2 2 2 2 2 2 2 2 2
left_child=-1 2 10 4 5 6 -4 -8 -9 -7 52 13 110 14 15 -12 34 -18 -15 20 23 22 -22 24 -20 80 115 28 -16 79 31 32 96 -34 -17 -36 -37 -31 44 40 -40 42 83 -44 45 46 -6 -47 -49 -50 51 -42 53 56 -55 -56 57 58 59 -2 -59 -62 -60 -64 66 70 67 91 69 -69 -66 -67 -72 77 75 78 -77 -68 -75 -29 -21 -82 -83 -41 -85 86 -54 -25 89 -28 -87 92 109 -93 -14 -80 97 98 -5 106 101 102 103 -101 -103 -102 -98 -108 -107 -58 111 112 -13 114 -114 -27 -117 -45 -119 120 122 -121 -32 -124 -125 -122
right_child=1 -3 3 30 38 9 7 8 -10 -11 11 12 94 18 27 16 17 -19 19 25 21 -23 -24 87 -26 26 88 29 -30 37 119 -33 33 -35 35 36 -38 -39 39 41 50 -43 43 117 -46 47 -48 48 49 -51 -52 -53 85 54 55 -57 64 60 62 -61 61 -63 63 -65 65 71 73 68 -70 -71 72 -73 -74 74 -76 76 -78 -79 95 -81 81 82 -84 84 -86 90 -88 -89 -90 -91 -92 93 -94 -95 -96 -97 99 -99 -100 100 105 104 -104 -105 -106 108 107 -109 -110 -111 -112 -113 113 -115 -116 116 -118 118 -120 121 125 -123 123 124 -126 -127
leaf_value=-0.0032591050843968935 -0.033508293978297909 0.0033898042821429602 -0.027279534065860523 0.030213215630324069 0.02946633434041266 -0.0019976381125850935 -0.014644725374060941 -0.12069852390616397 -0.39739605354795637 -0.069826352613330589 0.012882850707473928 -0.064874146576802294 0.00043151904964227797 -0.0011321643255646893 0.0021649096350379077 0.014949779860150033 0.060013610568983862 0.27504005211064469 0.056984647943488377 0.051652660723811569 0.056674946733971721 -0.025022453288747228 0.0082184689174184811 0.030418359193092211 0.23640522397929564 0.0081157852935783877 0.026602833171750894 0.056019207976962339 -0.11164203132526528 -0.052167940746306207 0.0041387130647162216 -0.0058475509602642405 0.078294805009228766 -0.017178812433519174 0.011062536496420783 0.1770763546016417 0.045589142625104488 0.0020423285882606949 -0.014357559400394215 -0.1256721142999436 0.03077215064402888 -0.10554962198027198 -0.082067642903612611 0.018612419379111306 -0.004834050716344877 -0.031909192424074841 0.19203955213428903 0.025484538236780693 -0.11064013405751186 -0.0067519176148364756 0.0040410908979035438 0.15876127274895105 0.076923021677488962 -0.007774457554431684 -0.060663785421659344 -0.0012040284081756775 -0.032963512554293348 -0.011229529989975248 -0.0026518799638566371 -0.19169750804003099 0.015645947971996612 0.12037601909723802 -0.16682821713521448 -0.020111877886373947 0.077413459507184146 0.056521709493081405 0.051257352815824275 -0.2249700015796611 -0.019568315917434402 -0.053024833895927971 -0.029909046117717598 -0.028824345976283142 0.03123740598609084 0.063610857862326148 -0.003811241869254996 0.066871195448503715 0.015204070917839011 0.0040698433386761445 -0.024697273716071031 0.013632682684193756 0.0067594504252236698 -0.093324887026213679 -0.010734624516175077 0.028560704916111661 -0.097208892972239572 -0.0093551167977492938 0.0020273466047324882 0.10371887542416836 0.0060458854737190692 0.091066778569976983 0.040624450509012047 0.015723712802925727 0.036372439284930003 -0.028060422095170779 0.05279153121209007 0.0061481464149640381 -0.0097073661355829271 -0.0096880681415178471 -0.03142183451117856 0.27615512032403133 0.0084473496878550453 -0.048211514210426278 0.0042713885487388956 0.011982545155905718 0.020263812296785616 -0.003008780330222218 0.07295486609148108 -0.001245542220031425 -0.053286602018345404 0.019774134747794186 -0.037733342295837004 0.049547153291024361 -0.074653668614355614 0.00025208476321344971 -0.0001516791847428526 -0.083918222550458568 0.0029088970857556956 -0.032083718078575969 0.034163987906608663 0.0094354543889190526 -0.015962712389622016 -0.029073747736625237 -0.096841063587993978 -0.046982697955285889 0.028023065505392783 -0.0040626452422737429
leaf_weight=8557.3037718987325 34.462773710489273 15172.234403306153 197.84223459800705 604.1240809870651 29.065001778304577 356.70785392005928 30.881148658692837 7.4835937832249355 9.2132065357873199 35.066059821518138 362.90361274592578 51.434728168416768 146.22308609075844 4049.3809589351295 27.613808248075657 162.60707207443193 27.23368589754682 13.777136560878715 22.913666287087835 39.966528076212853 97.052736222743988 136.38154514320195 237.47940550860949 78.509216241538525 14.680897021898998 2162.2506076417631 98.950806600507349 85.152462507830933 20.41198994545266 50.932958397781476 2276.1708888576832 1568.6024014020804 66.206344264559448 35.331234514829703 27.187619179487228 18.518823654274456 24.931587755680084 498.6470106363995 383.57257880421821 26.384926383849233 41.665154182701372 27.450592249981128 40.302074735169299 103.97394761524629 4560.3665023017675 161.81531246064696 19.43332650559023 492.09117482847068 28.684383584186435 101.39386133139487 55.474135496770032 20.552362738992088 22.817398167331703 2290.9101631413214 124.44544035068247 93.317872688174248 100.9595724955434 307.86785584921017 171.04437135346234 20.332454724353738 83.852927625179291 26.037301801261492 20.345402810489759 41.09307038388215 77.682853346224874 28.468566326075234 113.64245997869875 14.726098215673117 77.876220374950208 21.516073569655418 51.764549965620972 124.79103295214009 248.06111220049206 35.489831985556521 2034.3648698359029 76.544517203350551 186.54372734518256 134.53695057844743 145.49848276609555 542.69298762374092 549.95633673481643 30.119048834079877 709.69287212623749 19.889044727315195 19.483903886983171 65.032844641478732 1557.6038496918045 34.850500726373866 111.07695813616738 57.398562349146232 190.3142458810471 92.13998582563363 117.89802557637449 333.81311883497983 65.179953886778094 1120.3483958480647 996.11812185426243 207.52725953585468 48.091816458152607 13.990398472175 1128.0622052054387 29.475211848737672 24.346029385924339 19.477302461862564 410.50294612778816 166.90476390474942 40.609883541706949 72.524592293309979 67.153468925738707 73.491389527916908 188.09292271314189 32.05035887658596 62.161730856169015 485.69336101179942 53.808332233689725 29.879241893067956 41.121024161577225 210.4564978267299 39.494688385748304 1151.6647134532686 1703.8914572185604 124.97304446122143 30.498776654829271 74.327386560500599 63.594962208298966 1772.2318476849468
leaf_count=12777 46 23109 324 914 42 531 42 19 67 73 603 115 194 6074 38 249 54 67 39 77 162 167 345 112 63 3252 144 144 63 96 3448 2265 131 53 41 61 36 708 621 74 62 68 104 176 6851 242 71 813 70 152 77 65 68 3522 203 131 152 477 224 77 101 72 67 53 151 48 182 65 111 32 95 198 364 62 3222 148 258 215 231 868 783 63 1040 37 46 101 2596 76 171 116 291 128 167 523 112 1725 1384 287 72 69 1614 55 33 26 580 220 86 90 117 95 294 52 118 701 93 59 52 355 62 1666 2713 184 78 118 123 2735
internal_value=0.000188653 0.000710855 -0.000269255 -0.00233622 -0.00616674 -0.0221021 -0.0437727 -0.110106 -0.278777 -0.00838238 0.0016057 0.00403741 -0.00897824 0.00540538 0.014031 0.027908 0.0475798 0.135162 0.00350889 0.00774014 0.0244901 0.00860956 0.0224907 0.0734633 0.129954 0.00500387 0.00953198 0.00677005 -0.0453643 0.00898041 -0.000214762 0.00360174 0.00738691 0.0443055 0.0316081 0.0686274 0.103827 -0.00297237 -0.00456554 -0.0153202 -0.00105016 -0.0298954 -0.025105 -0.0171131 -0.00258254 0.00968325 0.096132 0.00416916 0.0136678 -0.0304055 0.0417108 0.074695 -0.00110317 -0.00279272 -0.0101983 -0.0353592 0.000340818 -0.0127776 -0.0352138 -0.0939095 0.00254942 0.0414082 -0.0209541 -0.0702296 0.00212795 0.0193909 0.000156025 -0.0139356 -0.0539244 -0.125369 0.0323981 -0.0121924 0.0204278 0.0032205 0.00163833 0.00875312 0.0305101 0.0258768 0.00430309 0.0195172 -0.00347545 -0.00527156 -0.0142826 -0.0714652 -0.0333324 0.00661937 0.00318805 0.0539457 0.0323403 0.050768 0.0276021 -0.00746645 0.00832995 -0.0184151 0.0168692 0.00254594 0.00638419 0.0169375 0.0255134 0.00330811 0.00893412 0.0225801 0.0751982 0.125846 0.0154356 0.0039045 -0.00608144 0.025101 -0.0177232 -0.0103735 -0.0153204 -0.00906645 -0.0120996 -0.00740958 -0.0396135 0.0067684 -0.0330414 -0.00937563 -0.0212434 -0.00313729 -0.00503015 0.00559748 0.0018888 -0.0280276 -0.012114 -0.00990998
internal_weight=65153.2 56595.9 41423.7 19715.1 7018.74 637.194 245.42 47.5779 16.6968 391.774 21708.6 11448.9 1084.64 10364.3 1862.61 637.16 274.256 41.0108 8501.66 4452.28 621.868 470.914 334.532 150.954 37.5946 3830.41 2500.68 1225.45 48.0258 1177.43 12696.4 5499.05 3930.45 101.538 233.245 70.638 43.4504 549.58 6381.55 988.7 501.264 487.436 459.985 394.227 5392.85 832.483 48.4983 783.985 622.169 130.078 117.692 62.2175 10259.6 8423.87 2508.67 217.763 5915.19 705.036 287.278 54.7952 417.758 109.89 232.483 61.4385 5210.16 530.768 4679.39 832.42 114.118 36.2422 377.509 153.26 299.826 3846.97 3598.79 1564.42 263.088 248.179 1301.34 627.845 1329.73 1289.77 739.812 65.7579 39.3729 1835.77 1580.42 113.36 267.426 156.349 255.347 718.302 292.349 425.953 211.403 1265.85 3828.91 859.743 652.216 2969.16 1859.91 497.792 57.8137 33.4677 439.978 1362.12 1109.25 113.134 234.058 174.451 873.241 685.149 653.098 601.663 115.97 2233.25 71.0003 353.925 249.951 7197.35 5920.72 1276.64 2444.59 168.421 137.922 3476.12
internal_count=99694 86917 63808 30105 11044 1056 452 128 86 604 33703 17502 1679 15823 3028 1111 508 121 12795 6721 964 674 507 290 102 5757 3794 1917 101 1816 19061 7996 5731 184 387 138 97 804 9988 1747 825 922 854 697 8241 1390 113 1277 1035 222 204 127 16201 13145 3856 334 9289 1117 467 123 650 173 344 120 8172 856 7316 1273 208 97 610 246 459 6043 5646 2424 406 397 2018 1012 1963 1886 1103 157 83 3056 2664 188 431 260 392 1065 414 651 306 1956 5547 1273 986 4274 2714 763 128 95 635 1951 1560 176 337 247 1373 1079 1027 912 211 3363 111 593 417 11065 9215 1850 3767 319 241 5448
is_linear=0
shrinkage=0.095553


Tree=28
num_leaves=127
num_cat=0
split_feature=18 21 4 20 20 5 21 11 0 10 0 17 0 16 16 8 4 0 15 21 17 17 3 13 10 20 13 4 16 12 10 17 0 11 21 13 3 10 18 21 0 11 12 9 15 12 17 11 10 18 21 18 21 14 3 12 18 0 9 12 0 3 12 20 17 12 18 11 12 4 21 10 12 21 3 18 11 11 12 8 21 10 21 17 4 5 4 21 18 20 0 10 11 3 17 21 4 9 12 15 4 17 18 20 12 21 10 12 17 12 10 9 18 14 16 21 0 10 11 3 14 10 3 3 0 18
split_gain=13.1307 24.7597 27.3195 20.2519 35.4801 29.9478 16.3918 21.9571 25.2348 21.7018 18.4497 15.2974 27.4224 42.5805 23.2491 17.9964 17.3048 26.8957 31.5685 19.8837 16.1912 15.5941 27.0893 51.6033 84.5145 15.1946 21.985 15.0921 16.396 19.4456 14.5552 14.2505 33.7868 26.3478 23.7541 14.0688 18.4607 13.9978 12.0374 13.1212 13.0565 16.992 15.6135 14.9251 14.2328 13.7198 12.1573 17.2118 18.9912 24.8863 25.7354 18.2826 17.2103 15.7042 18.9232 20.426 15.2638 15.0151 14.3076 15.7028 24.6998 18.0222 19.4208 18.5468 16.8512 17.1852 14.9373 32.8026 13.7474 15.0468 13.7457 13.3328 13.3323 28.0035 21.7119 12.9583 20.1978 12.8838 12.8646 12.8416 15.4541 12.7107 28.1645 12.6946 12.5939 12.4825 13.8364 12.3903 19.2715 12.2488 24.067 23.2229 18.6822 19.6098 34.7953 31.3 29.1369 16.828 16.21 15.0874 15.0542 14.3384 12.5111 14.9722 15.4042 21.5398 17.7993 14.4501 19.976 38.0803 13.8196 22.123 13.2783 14.9636 13.2462 13.1031 15.1272 12.2913 15.1979 15.7724 24.3443 13.9504 12.468 11.9811 11.8569 11.8005
threshold=-0.26967006921768183 -0.2460605129599571 -0.48264713585376734 -0.13652861863374707 -0.092963997274637208 -1.0000000180025095e-35 -0.35228140652179712 -0.056527221575379365 0.26278407871723181 -0.15443726629018781 0.42755682766437536 0.14979145675897601 0.098011363297700896 -0.37251636385917658 -0.28202722966670984 0.16269288957118991 0.37189191579818731 -0.31960226595401758 -0.20890169590711591 -0.067136447876691804 -0.14044297486543653 -0.21915000677108762 0.22420950233936313 -0.27911815047264094 0.18940615653991702 -0.019990757107734677 -0.50147044658660878 -0.48768429458141321 -0.84192714095115651 -0.015694682486355301 -0.059340152889490121 -0.056810369715094559 0.029829545877873901 -0.32647790014743799 -0.16855326294898984 -0.28856037557125086 0.2314863055944443 0.0048360608052462348 0.010823292657732965 0.057632595300674445 0.22301135957241061 0.084474425762891783 0.07929102331399919 -0.031837211921811097 0.33641320466995245 0.036895368248224265 0.17391773313283923 0.14922460168600085 -0.055502755567431443 -0.019389361143112179 -0.031611070036888116 -0.0995199680328369 -0.17240890115499494 0.020743974484503273 -0.46216037869453425 -0.22286449372768399 -0.0019346683839103205 -0.46164773404598231 -0.13151484727859494 -0.10938822478055953 0.28267045319080358 -0.12502200156450269 -0.1891309320926666 -0.09830074384808539 -0.23434128612279889 -0.047255575656890862 -0.17216216027736661 -0.1950595676898956 -0.28405946493148798 0.01222305651754141 0.1988378316164017 0.4714097678661347 0.11817038059234621 -0.0811510495841503 -0.33241093158721918 -0.13399154692888257 -0.031534584239125245 1.0000000180025095e-35 -0.15528301894664762 0.0035521015524864201 -0.01075213076546788 -0.15835549682378766 -0.01075213076546788 -0.037106284871697419 -0.29481184482574457 -1.0000000180025095e-35 -0.49807056784629816 0.015647463500499729 -0.043483361601829522 -0.39181731641292566 0.34232954680919653 0.18940615653991702 0.061655681580305106 0.20203755795955661 0.29886379837989813 0.057632595300674445 0.23103451728820804 -0.4187540858983993 -0.26490566134452814 0.20123655349016192 -0.28132256865501398 0.61009636521339428 -0.20960088074207303 -0.0069802755024284116 -0.16437964141368863 0.025751011446118358 -0.12069139629602431 -0.1774213835597038 0.61009636521339428 -0.22629502415657041 0.085402298718690886 -0.11969593539834021 -0.063414389267563806 0.39817732572555548 -0.24566707015037534 0.077246513217687621 -0.041193181648850434 -0.018707348965108391 -0.38852439820766443 -0.33241093158721918 0.32360452413558966 -0.049528613686561578 -0.25294875353574747 0.30716200172901159 0.45596592128276831 0.20928438752889636
decision_type=2 2 2 2 2 2 2 2 2 2 2 2 2 2 2 2 2 2 2 2 2 2 2 2 2 2 2 2 2 2 2 2 2 2 2 2 2 2 2 2 2 2 2 2 2 2 2 2 2 2 2 2 2 2 2 2 2 2 2 2 2 2 2 2 2 2 2 2 2 2 2 2 2 2 2 2 2 2 2 2 2 2 2 2 2 2 2 2 2 2 2 2 2 2 2 2 2 2 2 2 2 2 2 2 2 2 2 2 2 2 2 2 2 2 2 2 2 2 2 2 2 2 2 2 2 2
left_child=6 2 3 -2 5 -5 -1 8 9 -8 35 14 16 -14 20 21 17 18 -13 -19 27 -16 23 -23 -25 -10 -27 -11 -29 -30 -7 32 33 34 -22 36 -9 -24 46 40 43 44 45 -40 -42 -43 47 48 49 50 51 58 -53 54 87 79 70 71 -3 61 64 63 68 77 65 -61 67 -62 -63 75 -50 -49 73 85 -75 76 123 -60 84 -56 -81 82 -80 -64 -57 -66 -87 -52 -89 90 -48 92 97 95 96 101 -95 100 -93 -96 -91 -94 110 107 105 106 -105 108 -104 -110 111 -99 113 114 -109 117 -117 118 -106 -120 -121 122 -122 -70 -4 -41
right_child=1 38 124 4 -6 30 7 10 25 11 -12 12 13 -15 15 -17 -18 19 -20 -21 31 22 37 24 -26 26 -28 28 29 -31 -32 -33 -34 -35 -36 -37 -38 -39 39 125 41 42 -44 -45 -46 -47 89 57 56 -51 53 52 -54 -55 55 78 -58 -59 59 60 66 62 83 -65 72 -67 -68 -69 69 -71 -72 -73 -74 74 -76 -77 -78 -79 81 80 -82 -83 -84 -85 -86 86 -88 88 -90 91 -92 98 93 94 99 -97 -98 102 -100 -101 -102 -103 103 104 115 -107 -108 112 109 -111 -112 -113 -114 -115 -116 116 -118 -119 119 120 121 -123 -124 -125 -126 -127
leaf_value=-9.0300531160756857e-05 0.0072395945818308251 0.009123317431381164 0.010779553881884639 -0.19085928134561383 -0.0078526709343031357 -0.098342729509377003 0.02947045897663229 0.0013517309992996777 -0.022703626517353661 -0.076635981188101485 -0.076425439748484966 -0.043499379451790339 -0.22410466401573245 -0.0028228019504902961 0.0036277699129761746 0.0037962057015330634 0.011358164396824386 -0.01026872372976383 -0.18831473775474192 -0.095924167123958806 0.24131358089401247 -0.047582382602375184 -0.064686330935698699 -0.41063317340243372 -0.025434648415072671 -0.04764232925374226 -0.15391695352229959 0.037021486461161122 0.024362325906108966 -0.057929618799967539 0.0036709942655404025 0.0067728230477912647 -0.020057980976352172 0.033142179182052305 0.063707033437362601 -0.0013232728894071303 0.088100315570296336 -0.0061870902190348433 0.0078749835708554917 -0.0018842553937649538 0.0042153903083394428 0.037202360309244654 0.012002475441407518 -0.00069316125956115802 0.062046204287457871 0.10623403616817113 0.022961232787510177 0.11157661967090034 0.0067500681889853366 0.017380219600693445 -0.014022542124133211 0.077340769798719566 0.008166076735375033 -0.036154906410858376 -0.0073749452159452599 0.049364508343401003 -0.015115439372834768 -0.0096720643889743867 -0.16440902070837954 0.0088406514169828525 -0.17016022814316262 -0.039664389302129982 -0.012366582074522228 -0.030975685618543677 -0.0047933300257310043 -0.10018917639367485 -0.013851094389087906 -0.0094041643217484296 0.077727790813252082 0.072236453927205707 -0.029046267764333736 -5.258634241289343e-05 0.067399430016847117 0.0018697836644632885 -0.11104849056388268 -0.048477025377634528 -0.019966066644198761 -0.053955704383854663 0.011186386683932898 -0.0039560981891311091 -0.069275095497977612 0.0022077938669625421 -0.12843589842488071 -0.095576675327219487 0.0022296825409418054 0.10709135085175413 0.028414841893638045 -0.031616503850962617 -0.14791916776918573 -0.0081158618507023335 -0.054181992520693244 0.017474312400023225 -0.012112981589898805 -0.11197349071015442 0.02155738505916472 -0.098594142990440808 0.00036849986390914252 -0.015008029883982407 -0.02448643864549448 -0.021464527611332215 0.05820177963888417 -0.057575871465247619 0.0091218082878256404 -0.039416770550603115 0.051243744385361646 0.0047323132757286406 -0.011041812589393848 -0.075241568338829112 0.0013244421815780257 0.17995401737573585 0.014098400274470558 -0.14083167075956435 0.0086253770522001279 0.055320740721429208 -0.011747596596135926 0.10014638813997052 -0.0066598719887573715 -0.012773013379702802 -0.0087042376144760257 0.0050019958853079801 0.048837852469779335 0.0021580726820375211 0.15210366881421236 0.00087193482867051924 0.072487066006353212 0.0025645283676055224
leaf_weight=5502.4860168477753 176.45297981135081 413.23196634941269 3005.512368034455 19.442068597767502 130.95255077583715 24.786923025967553 109.97997558698989 55.429139579413459 133.55719527497422 28.707665852503851 26.999587435624562 45.989239327609539 15.163413524162026 14.369338301476089 95.451941765379161 200.37161448225379 101.96064454992302 237.87535256647971 19.055840868852101 26.125821172841825 15.003102347254755 122.22923342499416 45.953067937050946 9.3721209667855891 10.749623521696774 80.429120547836646 22.515966262551956 57.858763697207905 40.838347741519101 64.736460607382469 21.822090849280357 220.48765101993922 36.196050573489629 32.285192631185055 13.722987048327921 1647.0692822906421 36.907255341182463 183.24187251669355 2965.2822492584819 13855.996551038348 1116.7341033212142 141.70494695112575 217.46678499691188 4933.1583415654022 38.527356284321286 32.397032937966287 290.27895720384549 16.817940665176138 5670.2542907156749 467.52195497101638 49.483796054148115 32.654266814817674 817.85631179262418 304.17533138010185 181.79351087205578 96.10226466099266 323.25148020975757 1810.7205299221678 17.78584467782639 26.788306057453156 18.064530798234046 59.32379813992884 32.813096635043621 149.78982702060603 87.252291872981004 22.152849433012307 237.71599455247633 29.628073271131143 47.14820934238378 30.402185247978196 97.438227362930775 18.453587637748569 44.426653187721968 32.905263662338257 25.652234989334829 36.471618564450182 78.018684090697207 23.686843484640121 27.553838692605495 52.697304145782255 91.953038165811449 230.60543901892379 22.026525838417001 34.839424364850856 113.34505279269069 22.284119814634323 178.28180663986132 31.760419979691505 22.062027836800553 47.924702450167388 40.079049077350646 90.966715161805041 329.3969271996757 42.758475450449623 275.37906417704653 52.868022027425468 37.585759982466698 30.333856418728828 791.88487443642225 98.949558594846167 78.6361941001378 78.220653537311591 1114.1168823350454 352.67148257524241 54.166975881205872 359.84568012983073 483.70719356881455 30.13608028984163 24.108489988255315 17.323373980238102 25.484089402365498 21.333895176067017 486.9542087353766 26.944450810551643 637.38383169064764 23.733267981326208 20.644070928334258 710.49108212906867 800.67142820591107 664.17241413716692 26.497630044352263 22.397123275208287 19.375624054693617 30.187919098883867 27.179976582643576 8962.4812929584878
leaf_count=8691 246 631 4556 68 184 57 182 95 187 56 57 68 63 20 150 293 144 343 69 62 66 217 89 70 22 127 71 95 73 111 25 327 69 43 24 2533 82 273 4566 20774 1622 219 315 7334 70 71 406 47 8704 726 70 70 1246 505 255 164 456 2708 59 34 65 92 39 236 145 54 315 43 89 56 142 37 90 35 62 62 113 35 32 84 188 356 67 78 153 50 256 41 63 65 77 142 511 104 413 126 53 39 1103 127 155 132 1613 567 92 576 673 79 35 61 35 64 701 44 963 52 37 997 1116 926 46 34 59 46 55 13589
internal_value=-8.39842e-05 0.000465934 0.00835917 -0.0159151 -0.0369507 -0.0934039 -0.00341898 -0.00828937 -0.0151857 -0.0111816 -0.000515574 -0.0139605 -0.0287399 -0.115735 -0.00812557 -0.0198621 -0.0224518 -0.0331074 -0.0876456 -0.019287 0.00715097 -0.0301408 -0.0389929 -0.0716698 -0.209287 -0.0444458 -0.0720911 -0.0144935 -0.00298182 -0.0254593 -0.0503935 0.0204377 0.0507356 0.0938614 0.159418 0.000686887 0.0366572 -0.0183757 -4.41702e-05 0.00110297 0.00409794 0.0121293 0.029326 0.00251809 0.00624742 0.05065 -0.0018639 5.03325e-05 0.00157557 -0.00334294 -0.00594304 -0.000421253 0.0109613 -0.0173124 -0.0110103 -0.00605177 0.00499179 -0.0084386 -0.00621768 -0.0112738 -0.00201967 -0.0235915 -0.0105111 -0.047145 0.0120994 -0.0395463 -0.0238876 -0.0720241 0.000396455 0.011479 0.00613069 0.0514729 0.0188218 0.0123047 -0.0467799 0.0013174 0.013539 -0.103166 0.00620202 -0.0245382 -0.0457433 -0.00700968 -0.0501891 -0.0558714 0.0241028 0.0246383 0.0377522 -0.0492745 -0.080876 -0.00470513 0.0132287 -0.00546579 -0.00361368 -0.0163346 -0.00216752 -0.0302211 -0.0586413 -0.00168827 -0.0200656 0.00998653 0.0325182 -0.0210681 -0.00242969 -0.00191758 -0.00584204 -0.0146613 -0.0230761 0.0040035 0.0116054 0.0754932 -0.0402417 -0.0686453 -0.00338987 -0.0118943 -0.0147897 -0.00131511 0.0490173 -0.00233148 0.00231681 0.000522921 0.0106713 0.0643288 0.0944993 0.0479564 0.0113725 -0.000134719
internal_weight=65287.8 56034.7 3406.15 373.457 197.004 66.0511 9253.12 3750.63 1984.23 1747.73 1766.41 1637.75 460.54 29.5328 1177.21 667.369 431.007 329.046 65.0451 264.001 509.836 466.998 371.546 142.351 20.1217 236.502 102.945 192.141 163.434 105.575 46.609 317.695 97.2073 61.0113 28.7261 1739.41 92.3364 229.195 52628.5 32263.7 9445.27 1546.83 391.569 7898.44 1155.26 174.102 20364.8 12157.4 10311.4 4220.44 3752.92 2529.36 850.511 1223.56 919.383 816.077 6090.94 1845.99 1678.85 1265.62 725.152 540.467 349.205 191.263 439.744 48.9412 285.409 47.6926 281.552 222.229 5767.69 35.2715 390.802 346.376 58.5575 191.826 155.355 41.4727 489.633 326.444 144.65 280.186 49.5804 67.6525 209.447 287.818 200.566 103.306 53.8224 8207.42 330.358 7877.06 6994.21 915.158 454.673 460.486 80.3442 6079.05 882.852 374.329 126.561 407.618 5952.49 5875.34 3538.37 1196.22 836.379 2336.97 1155.55 41.4319 77.1518 51.6678 1181.42 694.464 667.52 2342.15 44.3773 2297.77 1587.28 1533.11 732.443 68.2704 45.8733 77.3361 3032.69 22818.5
internal_count=99545 84773 5191 580 334 150 14772 6081 3314 2929 2767 2747 769 83 1978 1114 686 542 137 405 864 821 671 309 92 385 198 335 279 184 82 529 202 133 90 2710 177 362 79582 48560 14197 2297 605 11900 1692 290 31022 18799 16007 6705 5979 4001 1316 1978 1473 1299 9302 2792 2685 2054 1149 905 575 330 726 88 423 108 458 366 8846 84 638 548 97 310 248 94 772 527 272 455 99 117 317 451 306 174 104 12223 483 11740 10495 1466 697 769 157 9029 1245 540 220 643 8809 8671 5175 1816 1240 3496 1709 96 138 103 1787 1086 1042 3359 89 3270 2273 2181 1065 139 105 135 4611 34363
is_linear=0
shrinkage=0.095553


Tree=29
num_leaves=127
num_cat=0
split_feature=13 18 18 21 10 19 18 10 4 11 0 12 15 16 4 11 13 10 12 9 17 16 4 4 9 11 16 12 12 18 21 18 12 12 4 10 5 10 0 0 12 9 11 15 11 16 19 10 12 15 0 20 0 13 5 17 10 11 18 3 21 14 18 18 16 17 4 5 16 4 3 19 0 21 16 12 13 3 4 19 3 19 14 4 17 3 20 18 13 21 20 5 10 5 18 5 20 20 12 3 0 17 3 21 20 20 9 20 13 0 17 17 11 3 17 18 3 12 9 16 0 15 17 0 20 4
split_gain=10.5927 14.967 12.2845 16.7716 14.2202 35.1568 34.4706 37.8148 21.0562 18.5514 15.406 20.2794 19.6145 19.3448 19.6028 11.6942 14.8438 14.4015 14.6305 14.208 13.2554 18.7796 16.8952 19.4541 13.0304 14.3723 16.9551 14.0397 12.8297 11.8562 12.469 19.5609 16.4517 21.1002 28.3793 25.8089 16.5121 13.5038 12.2583 19.7833 30.2876 18.6286 15.0811 12.7246 13.7537 12.9715 12.6805 11.9128 28.3594 26.0949 17.5195 16.2704 16.0891 13.7017 11.6719 11.6377 11.3435 15.3855 26.6561 11.5956 11.1499 11.1232 11.0376 15.5525 16.7728 18.0828 15.5043 13.829 13.3233 12.9805 12.5205 21.2263 31.0961 19.0957 11.2065 11.4534 12.092 10.9729 11.9621 10.9297 10.9125 10.8732 16.597 17.5381 16.6095 16.0526 21.9703 23.1944 20.4042 18.3646 17.4561 32.5127 27.294 17.9129 22.0956 16.5744 35.6965 16.3303 18.3519 16.2953 15.6088 18.4288 14.9621 14.6528 17.4627 16.1485 14.6031 14.5798 24.7404 26.0528 22.4846 24.4315 19.8322 17.7003 23.5701 16.692 14.9497 14.2306 13.8802 13.6144 18.0001 13.2884 18.1547 19.1685 13.2495 13.1677
threshold=-0.52624902129173268 0.4593148678541184 -0.021325975656509396 0.022165881469845775 -0.14364758878946302 0.074154198169708266 -0.037025602534413331 -0.15648397058248517 -0.49624775350093836 0.0066382568329572686 0.1548295468091965 -0.25353345274925226 -0.010000000242143868 0.14389041811227801 -0.42043441534042353 -0.090018827468156801 0.12687817960977557 0.16865221410989764 0.041566608473658569 -0.37255483865737909 0.41399396955966955 -0.011289060115814207 -0.28810407221317286 0.044752327725291259 -0.16792134195566175 0.19339570403099063 0.2265904098749161 -0.003013150417245924 2.0387021303176884 -0.61810606718063343 -0.42662395536899561 -0.28176027536392206 0.48937678337097174 0.34973700344562536 -0.17965868860483167 0.36777845025062567 1.0000000180025095e-35 0.031774643808603294 -0.078124999999999986 0.30823864042758947 1.0484276413917544 -0.24589471518993375 -0.48113746941089625 0.012296467088162901 -0.30739991366863245 -0.70104333758354176 0.72458770871162426 -0.15443726629018781 -0.16437964141368863 -0.07986943423748015 0.16051135957241061 0.023785960860550407 0.43892045319080358 -0.38589474558830256 -1.0000000180025095e-35 0.63059112429618847 0.76062875986099254 0.12308412790298463 -0.096240367740392671 0.40927968919277197 -0.37578354775905604 0.047491220757365234 -0.14728643745183942 -0.037884617224335664 0.10975220426917077 -0.14871278405189511 -0.46114358305931086 -1.0000000180025095e-35 -0.015715331770479676 -0.01222570054233074 -0.28063790500164026 0.54834127426147472 -0.41051135957241053 0.061602313071489341 -0.10553053393959998 -0.070691823959350572 1.0000000180025095e-35 0.020370439626276497 -0.20237678289413449 -0.099549043923616395 0.26693189144134527 -0.0076580906752496949 -0.13676758110523221 -0.31447555124759669 -0.22220624238252637 0.3504475355148316 0.60622903704643261 0.10598503425717355 0.23668094724416736 -0.065180923789739595 0.18640130013227466 -0.37499999999999994 0.49370332062244421 -1.0000000180025095e-35 0.13985770940780642 0.37500000000000006 -0.0084839344490319473 -0.26256434619426722 1.0000000180025095e-35 0.42316816747188574 0.38494317233562475 -0.24460664391517636 0.47721910476684576 0.10820900276303293 0.20309355109930041 0.061988044530153281 0.046522239223122604 0.061988044530153281 0.18905958533287051 -0.17755681276321408 0.27286781370639807 0.44685746729373937 -0.059221733361482613 -0.38928070664405817 0.59557241201400768 0.17105530947446826 0.22420950233936313 -0.25145226716995234 -0.16792134195566175 -0.18222989886999127 -0.29687499999999994 -0.14745775610208509 0.0067237163893878469 -0.41619317233562464 -0.080184120684862123 -0.10127499327063559
decision_type=2 2 2 2 2 2 2 2 2 2 2 2 2 2 2 2 2 2 2 2 2 2 2 2 2 2 2 2 2 2 2 2 2 2 2 2 2 2 2 2 2 2 2 2 2 2 2 2 2 2 2 2 2 2 2 2 2 2 2 2 2 2 2 2 2 2 2 2 2 2 2 2 2 2 2 2 2 2 2 2 2 2 2 2 2 2 2 2 2 2 2 2 2 2 2 2 2 2 2 2 2 2 2 2 2 2 2 2 2 2 2 2 2 2 2 2 2 2 2 2 2 2 2 2 2 2
left_child=1 -1 3 15 5 6 8 -8 -5 -7 11 -10 -12 14 -13 16 28 18 24 80 -21 -22 -23 -24 27 -26 -27 55 29 38 -31 37 33 47 35 -35 -34 54 -2 41 42 46 -41 -43 45 -45 -40 48 53 50 -50 52 -52 -33 -32 61 57 -19 59 -59 -56 -17 67 -64 65 74 -67 -6 -69 -68 -66 72 -72 -74 -65 -76 -77 -58 -79 -51 -20 82 83 -4 100 -83 87 95 -88 -89 91 119 -92 94 -93 103 118 -95 125 -100 -84 -102 -94 104 -87 -105 -96 108 109 110 116 112 -112 114 117 -113 -86 -109 -97 -91 -121 122 -118 -124 -114 -99
right_child=2 -3 81 4 62 9 7 -9 10 -11 12 13 -14 -15 -16 17 -18 56 19 20 21 22 23 -25 25 26 -28 -29 -30 30 31 32 36 34 -36 -37 -38 -39 39 40 -42 43 -44 44 -46 -47 -48 -49 49 79 51 -53 -54 -55 60 -57 77 58 -60 -61 -62 -63 63 64 70 66 69 68 -70 -71 71 -73 73 -75 75 76 -78 78 -80 -81 -82 85 84 -85 107 86 88 89 -90 90 92 93 102 97 106 96 -98 98 99 -101 101 -103 -104 105 -106 -107 -108 113 -110 -111 111 115 124 -115 -116 -117 121 -119 -120 120 -122 -123 123 -125 -126 -127
leaf_value=0.0030925103013404185 -3.90002899529795e-05 0.058339683834476505 -0.010696146415001901 -0.057308867102060339 -0.015904388146397917 -0.046922597205516642 -0.21886806993046801 -0.012162943082018918 -0.065128347198686126 -0.18293389231743326 -0.0003942758855674922 0.015777097643714582 -0.094324544093521659 -0.020518285902202678 0.086970342668920522 0.014341963530802374 -0.038074377027715718 0.016380116732834658 0.0081195736694044465 -0.0059350059130834059 -0.012285177831191594 -0.025846125707287473 -0.18506608461886934 -0.057493958970520363 -0.0015810880364059191 0.041726179696854528 -0.0048968805512621524 0.049682239962692616 0.03232143171656373 0.0059755502999473305 -0.019387558386817067 -0.027925504950869706 0.033071086545358182 -0.16080985919836635 -0.0056408024259438942 -0.042834320664071592 -0.00095252076589570688 -0.0090111462849257144 -0.029509031338336926 -0.060137448916110642 0.09631883452725154 -0.03837533073424499 0.022387384383396353 -0.073126937333728714 -0.033746081120067793 -0.18997032020104385 0.035933500696553572 0.00018774385147916315 0.026377306983469347 -0.018554507435600803 -0.043413973755711398 0.0077609617599202598 0.031669616268231539 -0.087311879192418243 -0.011791361795837519 0.061030202182253308 0.02010949693468142 0.00014555457684187041 0.03491405946604418 -0.025722291453499316 -0.085909879058862992 -0.013679347237246682 -0.015811855249239875 -0.03007635201289683 0.057493587106005051 -0.074329690908378668 0.0053386862050686804 0.03695284236972772 0.0028559250535310434 -0.046997166461687112 0.12484167980007438 -0.063862129124846331 0.069081009347717576 -0.0084969581217705734 0.0002318161838363142 0.10701955382693493 0.02009033666491232 -0.060672715559872283 -0.0079946046306308052 -0.071747270840041316 0.080661709798516099 0.00097282493001349889 -0.0095249655443048684 0.0019053191070670715 -0.0014693831727032656 -0.0082389046255000216 -0.021275788718323526 0.028413566585324544 -0.099030392856865726 0.0068784224198279965 0.0035137291147221503 0.055674480053203725 0.033816260844688473 0.029103556445079639 0.027751024310485355 -0.052995754622453109 -0.010991244290325377 0.017107180885366276 -0.0019782754451210193 -0.042639706879832706 0.085319484955613048 0.00027663682267061292 0.12031505820872002 -0.083247548622676512 0.02853455780802118 -0.018427624896312264 -0.010103053265385901 -0.061310851201819734 0.0041697586806518786 0.031596734124123241 0.0058666957305366372 0.034961605397139661 -0.01304067908325768 0.0061864818181469952 -0.06303423983927281 -0.021155213124979411 0.030433263010497421 -0.0021550463943193566 -0.13537541048919677 -0.028793176312072965 -0.1041980150804384 0.013683685899587062 0.054848657918067145 0.16945224021910124 -0.064103963332162076 -0.012745788623463594
leaf_weight=7265.5206064512022 289.0623689906206 43.389655005186796 1446.3193170243176 64.557323340326548 217.07252035778947 20.544592574238777 14.617706205812285 16.946075746440329 24.158171101124026 17.282587346504442 61.840875564608723 96.763189173885621 29.126286683371291 60.266608413425274 55.849203667603433 389.97322242683731 108.79073572333436 1351.5881660599262 91.005624891840853 1171.4417614917038 284.14774418913294 70.920768014504574 15.769488166552035 36.581825244706124 4845.208510069875 154.72596614225768 126.22724760032725 84.935521238716319 91.827224917244166 1415.4494675659807 213.35109763685614 123.35350670746993 239.98738949967083 21.550387695897371 166.85935911687557 71.916450673597865 274.94732612895314 1246.5587556217797 81.635898099397309 39.782902688719332 26.215570480911992 122.84229510230944 36.840539872646332 21.27218372374773 24.226169139146805 17.177781426929869 37.880219880142249 5381.8978498153156 255.96285974793136 374.08395254402421 132.65057954925578 329.22326089080889 29.935270152520388 50.853943864116445 28.741534129600041 34.511337186675519 104.2906549195759 671.63884698646143 174.05892195715569 203.53569374640938 57.001866903039627 189.88650226301979 1281.8354301528307 41.591109996661544 61.177964299102314 50.860079551232047 108.80841991305351 146.62450072111096 366.36154597403947 67.917320354958065 21.62190568621736 29.653627077699639 34.172128513455391 141.06695308140479 76.25309344753623 24.21873589407187 36.862706691026688 43.793202828383073 310.43530796747655 38.201176217175089 22.923310634214431 13763.364068234689 1027.1747063223738 3306.3114986699075 133.86466077319346 1125.0638621872058 252.79044137557503 208.16276740736794 34.009442870737985 28.173731289803982 1170.9438326384407 85.515758811845444 77.460448890924454 87.650560357491486 138.68892817001324 49.817830079933628 186.24294118233956 200.96392307186034 137.24037007207517 269.43281590205152 34.04295253905002 67.642834769212641 23.637725420179777 41.932087270426564 129.44887726008892 197.98986602737568 271.28273122070823 36.613170553813688 2549.3648360213265 807.11382572271395 141.91263603419065 171.62882704264484 87.807856664061546 3236.3730022994569 63.878273234702647 64.248378335731104 109.9728202157421 1122.891301768017 32.427286746213213 64.297045922838151 54.614854537183419 136.36550547473598 39.130451049655676 20.831180879264139 102.66085625602864 398.5786671860842
leaf_count=11456 466 71 2156 118 326 32 64 24 46 62 100 139 65 89 130 566 183 2011 136 1766 429 105 59 64 7331 263 178 161 148 2155 350 185 366 66 236 103 356 1941 135 81 78 197 49 40 31 63 57 7905 387 551 215 468 47 111 43 63 150 924 251 337 131 283 1995 71 106 103 143 268 554 117 58 57 60 179 97 53 44 78 412 81 48 20970 1479 4760 174 1648 383 328 73 38 1793 138 105 136 185 82 289 288 185 443 66 92 63 84 179 289 354 62 3676 1356 182 244 122 4728 120 103 150 1602 88 98 122 194 63 67 187 589
internal_value=4.91752e-06 0.00343534 -0.000421956 -0.00203248 -0.00852784 -0.0240279 -0.0159889 -0.109789 -0.00806886 -0.110727 0.00163002 0.0145819 -0.0313059 0.0242053 0.0423299 -0.00108292 -0.00320356 0.00123193 -0.000957419 -0.00877643 -0.0111524 -0.0260005 -0.0570478 -0.0980619 0.00130738 -0.000352696 0.0205779 0.0135287 -0.0028583 -0.00315576 -0.00234545 -0.00365474 -0.00162809 -0.00285043 -0.0294599 -0.0712932 0.0148096 -0.0134402 -0.0152197 -0.0258748 0.00976296 -0.0381043 -0.0197674 -0.057029 -0.0922718 -0.127878 -0.00833725 -0.00180743 -0.00988452 -0.0044392 0.00614562 -0.00430144 -0.0289613 -0.0456774 -0.0316886 0.00839809 0.00700413 0.00964286 0.000918135 -0.00583245 -0.061482 0.00507245 -0.00585904 -0.00957322 0.00187227 -0.0105123 -0.0283872 0.00412515 0.0127273 -0.0146753 0.0195392 0.00894484 0.0204539 0.00676321 0.011912 0.025268 0.0556449 -0.00667894 -0.0147803 -0.023715 0.0234284 0.00076514 0.00271712 -0.00192025 0.00493646 -0.00074084 -0.00522801 -0.00373514 -0.0308869 0.00107854 -0.000805698 -0.00704696 0.00767388 -0.00303456 0.0119679 -0.0125412 -0.0343884 -0.0098788 -0.0133626 -0.0290067 -0.00594665 0.0293235 0.0549202 -0.00857033 -0.00438319 -0.0301527 0.00264242 0.0063352 0.0102638 0.018792 0.00848992 -0.00398761 -0.0207162 0.00247894 -0.0072874 0.0193225 0.0246731 -0.00412463 -0.0863948 -0.0497801 -0.0640615 0.0363057 0.0541579 0.096299 -0.0408199 -0.00265502
internal_weight=65940.5 7308.91 58631.6 24895.7 3168.05 461.953 424.125 31.5638 392.562 37.8272 328.004 237.037 90.9672 212.879 152.612 21727.7 11350.1 10377.6 7518.26 1692.79 1578.86 407.42 123.272 52.3513 5825.47 5126.16 280.953 699.307 11241.3 11149.5 10452.5 9037.08 7491.42 6976.49 260.326 93.4668 514.935 1545.65 696.936 407.874 102.839 305.035 76.6234 185.518 62.6761 38.45 119.516 6716.16 1334.26 1160.06 747.772 491.809 162.586 174.207 299.094 614.371 2859.34 2400.82 1049.23 875.175 85.7434 579.86 2706.1 1976.04 694.204 406.511 227.586 730.059 512.986 176.726 287.693 226.515 196.861 175.239 178.926 137.335 61.0814 458.519 354.229 412.285 113.929 33735.9 14706.1 4752.63 9953.52 19029.7 5266.37 4979.57 286.8 3216.64 3008.48 1736.44 1272.04 1589.35 495.487 1762.92 268.488 1093.87 1006.22 406.673 1128.86 101.686 101.098 1494.43 1254.51 239.922 409.972 8824.66 4364.9 1815.54 1008.42 568.259 332.381 4459.76 1223.38 235.877 440.165 1159.5 82.2451 147.086 118.912 306.3 169.934 59.9616 190.469 599.543
internal_count=100000 11527 88473 37940 5100 869 775 88 687 94 569 404 165 358 269 32840 17225 15615 11452 2607 2423 657 228 123 8845 7772 441 1073 17042 16894 15697 13542 11077 10355 405 169 722 2465 1197 731 208 523 130 331 134 103 192 9950 2045 1749 1117 730 262 296 524 912 4163 3523 1512 1261 174 849 4231 3083 1088 628 363 1148 822 260 460 354 297 239 265 194 97 640 490 632 184 50533 21583 6916 14667 28950 7980 7524 456 4865 4537 2576 1961 2318 677 2659 459 1641 1505 628 1637 158 168 2200 1827 373 539 13030 6518 2842 1486 838 491 6512 1784 347 648 1664 170 258 220 474 280 130 309 877
is_linear=0
shrinkage=0.095553


Tree=30
num_leaves=127
num_cat=0
split_feature=14 10 19 20 12 3 16 21 19 15 13 19 12 19 11 3 11 16 12 20 9 12 3 12 0 12 19 19 1 5 21 12 21 19 5 4 19 10 8 12 20 1 4 20 20 9 0 4 11 19 1 20 19 15 12 21 12 15 1 15 5 20 21 0 11 13 20 19 12 13 0 8 21 4 5 10 3 20 19 11 12 3 19 12 12 20 9 4 16 11 19 1 9 11 10 1 21 13 20 5 19 15 20 3 14 19 10 0 21 10 5 19 14 19 14 4 14 12 19 19 19 0 5 19 1 21
split_gain=10.0285 10.991 13.0721 15.9382 16.0082 24.9556 13.9835 17.4259 13.4245 25.6318 10.0577 11.0343 18.726 15.0101 11.5957 12.2789 25.8832 19.9319 18.1846 25.7332 43.4351 11.5319 17.9429 18.9902 12.8006 11.6376 20.0821 15.275 14.834 11.4332 11.2121 10.1609 22.8032 10.0259 10.0044 17.7036 16.2245 28.2137 27.8629 10.0035 17.6427 18.2671 15.9692 15.1096 13.4893 14.3896 13.0882 12.6742 13.1717 12.1812 13.0196 35.1865 37.3594 10.8074 10.2117 10.0618 9.9419 9.76961 9.76504 13.7847 15.7885 11.0753 12.0115 21.9314 11.4001 15.1168 11.8323 12.5862 13.7961 11.754 31.8831 21.7258 16.7243 9.74182 13.8886 11.8905 13.1535 15.9386 15.8319 14.2822 15.2782 9.72534 9.68182 9.63287 13.0413 24.8886 17.0726 24.0585 14.7225 18.9431 11.3784 44.5333 22.6371 9.60386 12.9757 9.58043 17.239 20.5981 17.9382 16.8505 12.7474 21.9691 12.5805 27.2339 12.5408 10.7772 10.2733 9.54587 9.51297 11.679 19.9669 12.9451 13.1814 14.3674 11.0605 9.5073 11.7932 9.39622 12.2575 13.2399 16.5639 15.3546 16.523 16.2523 12.2872 11.6868
threshold=-0.13825353980064389 -0.19618349522352216 0.071947943419218077 -0.12763735651969907 -0.19091480970382688 -0.38928070664405817 0.20498292893171313 -0.057032901793718331 -0.12239116430282591 -0.040698925033211701 -0.56385332345962513 -0.14192452281713483 -0.14739279448986051 -0.16911990195512769 0.37686622142791754 0.20948321372270587 0.27642433345317846 -0.17846626788377759 -0.054499715566635125 -0.066769342869520174 -0.16792134195566175 -0.16437964141368863 -0.46216037869453425 -0.24325328320264814 0.29687500000000006 -0.28405946493148798 0.19845730811357501 -0.13750577718019483 0.33096592128276831 -0.37499999999999994 0.19218578189611438 0.017547169700264934 -0.0811510495841503 0.27974697947502142 1.0000000180025095e-35 -0.4942971915006637 -0.16911990195512769 0.088691044598817839 -0.13550513237714765 -0.18169811367988584 0.10911072418093683 -0.0071022729389369479 -0.12514853850007054 -0.16312379390001294 0.020204637199640278 -0.10847900435328482 -0.46164773404598231 -0.15653052181005475 0.024514570832252506 -0.18719889968633649 -0.095170453190803514 -1.0000000180025095e-35 -0.1655360013246536 -0.066812597215175615 -0.24574614316225049 -0.045254118740558617 -0.19091480970382688 0.20430875569581988 -0.1576704531908035 0.14134408533573153 0.37500000000000006 -0.016000446863472458 -0.078859824687242494 -0.11221591010689734 -0.11163083091378211 -0.44635850191116327 0.023183036595582966 -0.13066414743661878 -0.23544310778379438 0.27673339843750006 -0.018465909175574776 -0.08069549128413199 0.15351200848817828 -0.32718469202518458 -1.0000000180025095e-35 -0.094126004725694642 -0.14074952155351636 -0.071893729269504533 -0.095171336084604249 0.20702596753835681 0.033516295254230506 0.37321612238883978 -0.263694018125534 -0.063927959650754915 1.0000000180025095e-35 -0.058829646557569497 -0.072225470095872865 -0.22463172674179074 -0.27562734484672541 -0.16670423001050946 -0.18375552445650098 -0.24857954680919644 0.061150977388024337 -0.006716835079714655 -0.029475308023393151 0.32812500000000006 0.18219304829835894 -0.14568775892257688 -0.39181731641292566 0.37500000000000006 0.57232192158699047 -0.0031490015098825093 0.53302875161170971 0.33851151168346411 0.023715890944004062 0.41464605927467352 0.42818993330001837 0.40767045319080358 -0.27670359611511225 0.28037296235561376 1.0000000180025095e-35 0.17699311673641208 0.5779782533645631 0.030931482091546062 0.55280610918998729 -0.044784568250179284 -0.0030313545139506455 -0.043287592008709901 0.68791252374649059 -0.035256490111351006 -0.092415567487478242 0.43039773404598242 -1.0000000180025095e-35 -0.1893181577324867 -0.41903407871723169 -0.10200998559594153
decision_type=2 2 2 2 2 2 2 2 2 2 2 2 2 2 2 2 2 2 2 2 2 2 2 2 2 2 2 2 2 2 2 2 2 2 2 2 2 2 2 2 2 2 2 2 2 2 2 2 2 2 2 2 2 2 2 2 2 2 2 2 2 2 2 2 2 2 2 2 2 2 2 2 2 2 2 2 2 2 2 2 2 2 2 2 2 2 2 2 2 2 2 2 2 2 2 2 2 2 2 2 2 2 2 2 2 2 2 2 2 2 2 2 2 2 2 2 2 2 2 2 2 2 2 2 2 2
left_child=73 2 3 4 -2 6 7 -6 9 -7 -3 12 30 83 15 16 31 -17 19 20 -19 22 24 25 -13 28 27 -27 29 -24 34 32 -15 -28 39 -36 -37 38 -38 40 41 44 -42 46 -12 -46 -43 56 -49 -41 55 52 -52 -48 -44 -51 -45 81 59 -5 -61 62 63 -60 -63 -66 -67 68 -68 70 71 -70 -72 74 82 76 79 78 -78 -76 -81 -10 -1 -14 85 86 87 -85 -87 -90 -86 -92 -93 -32 -95 -23 98 105 100 108 101 106 -99 -104 -105 -98 -97 -4 109 -100 111 112 113 -111 -110 -34 -117 118 119 120 121 122 -75 -124 -122 -125
right_child=1 10 107 58 5 8 -8 -9 57 -11 11 21 13 14 -16 17 -18 18 -20 -21 -22 95 23 -25 -26 26 33 -29 -30 -31 93 -33 115 -35 35 36 37 -39 -40 49 42 43 54 47 45 -47 53 48 -50 50 51 -53 -54 -55 -56 -57 -58 -59 61 60 -62 64 -64 -65 65 66 67 -69 69 -71 72 -73 -74 117 75 -77 77 -79 -80 80 -82 -83 -84 84 90 88 -88 -89 89 -91 91 92 -94 94 -96 96 97 102 99 -101 -102 -103 103 104 -106 -107 -108 -109 114 110 -112 -113 -114 -115 -116 116 -118 -119 -120 -121 124 -123 123 125 -126 -127
leaf_value=-0.043824042404349832 -0.023574097821793084 0.0041835260597724118 -0.0028501199939927895 -0.0036068363071485206 0.063724677523816345 0.04410631692037497 0.024847140702008979 0.1705245618394898 0.11649305876837297 -0.047621314241949424 -0.019935265396535892 -0.048142583832365811 0.012960073430201521 0.038667334941840832 -0.052289193834876381 0.0057204595935567166 0.070021423941151614 -0.011614183918511722 -0.010630194440077198 -0.032421202494905363 -0.21419685168138963 0.00029351843830959065 0.0075409766465597567 0.010103339782326658 0.0064692913732692587 0.067233745373624296 -0.091361486005263004 -0.0049932654461185546 0.0085989243382181384 -0.046593548941216659 -0.0016010980914941428 -0.0097586081825661117 -0.015236684840831231 -0.027921718203552794 0.074977351296100156 -0.0069949661141586131 0.018031083656575336 -0.010279588377786541 0.16764174558307871 -0.011111683799071743 0.084656337114436833 -0.017723600384875245 0.036501791049235281 0.00061002230632350128 -0.020095707250232419 -0.11428011504519865 0.079190894158887998 -0.011813819189286687 -0.052299470428175905 0.037608450507014224 -0.24788061136751327 -0.03113328662899132 -0.038165480199305719 0.0012395374361537227 -0.0088447321104874518 -0.043439232539267812 0.052967736230557907 0.01362098578604771 -0.0045324533998516063 0.022212687322931912 -0.0087486352787514918 -0.016789152454540112 0.014313622977257424 0.083466077830407631 0.059302427302921547 -0.0094889965486073709 0.0029732768984032762 2.288759012605874e-05 0.043857557367997888 0.019976300826752742 -0.018470340674313135 0.20750162592600552 0.075023770339308141 -0.007918296810365261 0.0102845066185187 -0.0019709166233416878 -0.13358793127156846 -0.020983239877084711 -0.042167693436985766 -0.070223427718423784 -0.00078856230156886399 0.021443583169763771 0.00090610427038957761 0.13629174021289089 0.0033285610011839478 0.012387434062026675 -0.0033527113117932357 0.014031908275465662 -0.087538823835649704 -0.02474784978382152 -0.0072219142543331147 0.047803105231712849 0.1987470361328845 -0.10622939952450811 -0.025258463068320258 0.1041640494015578 0.096816380331049001 0.0097981782601514241 -0.085157533048739811 -0.026548896608784161 -0.013851141710191198 0.0016094240862468657 0.025258639702466817 -0.06963204405574426 -0.0033425674009400666 0.027442658846699299 0.034928340500547855 -0.034816508544603483 -0.0060260296155337598 -0.044023359495152466 0.041650776876820367 -0.0073019334385576069 -0.0064192345245317655 -0.15292220145751945 0.051664126281045719 0.065298745071240047 -0.00037501853867812648 -0.0053064612998037757 -0.03526352097106502 0.0090982532036313346 -0.081317059328953376 0.064090484491573854 -0.0083851406773023836 -0.026534484458312049 -0.011665216374203436 0.016531091348248858
leaf_weight=43.70197089202702 51.169918402796611 5050.7087957266485 416.20311380852945 1796.0356146919075 53.701211355975829 45.35507225827314 45.165114807314239 19.372361059882678 21.775871846592054 66.038176661008038 116.41920560027938 99.437537699821405 870.42412008880638 151.91629161429591 47.111643225769512 223.5510405858513 44.743718394660391 17.763336542993784 200.95424921973608 127.58542188361753 20.450159047497436 27099.936586832977 57.4820347558707 3168.8551119822077 60.28282705124002 25.625790842459537 28.297475524479523 1039.2720826133154 1205.3857078207657 82.976505728205666 44.532555371522903 734.67393927404191 259.11592478037346 118.03352091368288 27.239948167814873 616.22464334347751 24.125192191451788 55.401569565641694 21.062230285257101 350.00892461265903 27.03160101454705 35.036725807934999 69.978127607959323 263.31177018233575 26.235573520301841 36.095905198948458 44.673696502461098 1005.0706900047371 78.293541750055738 28.598152279853821 15.229557665996253 123.70720523700584 15.576467275619507 23.249535381793976 118.08380646409933 24.214996532886289 36.257919698953629 65.271701517398469 38.94657638669014 467.47902209626045 216.94702484831214 183.13583339855541 438.50880263920408 66.437703022034839 50.057103891507722 301.67402096407022 152.09532384749036 353.16760254267137 12.941227381932551 118.56933985487558 33.988206860492937 18.851624839706346 31.705998240504414 1014.032176783192 213.57050868787337 521.69506606634241 21.390905857435428 543.85080366639886 86.485647579655051 50.099637335748412 67.395632837782614 18.97200820595026 1365.3915610266849 20.332881198613904 1424.3097580709727 63.426047524320893 182.50016616098583 47.608564534806646 54.766508482978679 218.85059654468205 73.064421689021401 20.103768885135651 16.954228949034587 29.899364881101064 47.109824834275059 24.424779839813709 28.311321542249061 496.74947148060892 25.705038993619382 540.8208854572149 188.81211434130091 299.6626569343498 74.86719398573041 77.988539426005445 39.825291279470548 75.230655515333638 100.69725676183589 106.87677332747262 1692.5562181081623 26.681806026608683 38.955646134330891 84.988435534643941 25.378934174776077 19.951479205396026 28.807135760784149 32.071924641728401 88.022045098012313 2782.1883995002136 79.033465032931417 1683.8935158194508 22.610038851387799 34.436894489452243 400.33129567408469 58.381962159066461 709.54324594454374 1009.3606879692525
leaf_count=69 69 7973 658 2647 94 80 65 63 56 121 165 187 1267 225 81 304 80 22 259 181 84 41322 76 4632 79 47 64 1552 1851 127 55 1019 360 201 56 839 37 76 73 485 55 46 110 369 41 92 86 1406 125 39 70 193 20 29 145 46 54 96 56 726 276 295 639 131 105 415 211 555 20 174 58 75 59 1436 317 761 60 843 146 95 89 26 1966 63 2067 80 242 69 115 289 92 28 62 76 62 58 62 691 56 812 277 398 100 137 53 110 159 169 2406 42 64 109 34 58 44 53 118 4062 128 2611 51 73 570 92 1025 1508
internal_value=5.55412e-05 0.000573989 0.00475938 0.0063713 0.0249317 0.0325982 0.0677791 0.0937278 0.0131161 -0.00963038 0.000139942 -0.000311745 -0.00347257 0.00024114 -0.00627284 -0.00507991 3.71013e-05 -0.016503 -0.030206 -0.0535886 -0.121443 0.000393578 0.00427097 0.00516036 -0.0270934 -0.000946754 -0.00775387 -0.00314274 0.00514189 -0.0239667 -0.00904167 -0.00245942 0.00753996 -0.040769 -0.00793232 0.0017009 -0.00111937 0.0340405 0.0893264 -0.0108943 -0.00752086 -0.0108646 0.0180405 -0.00734953 -0.0396368 -0.0753962 0.0275257 -0.0100038 -0.0148255 -0.0221641 -0.0405383 -0.0545073 -0.143989 0.0520606 0.0079095 -0.000422274 0.00723456 0.0372924 0.00467795 0.000769525 0.0123071 0.0100343 0.0214348 0.0503464 0.00505345 0.00883937 0.00626752 0.0129315 0.0252669 0.0407545 0.0653861 0.14256 0.0264834 -0.00262029 -0.00733498 -0.0137175 -0.0199084 -0.0277925 -0.0613239 -0.0042531 -0.0308641 0.0735856 -0.00048657 0.00449928 0.00100374 -0.0110569 0.0115366 0.0519896 -0.0280149 -0.0376726 0.00565624 0.0350456 0.118562 -0.0374179 -0.0577525 -0.000341376 -0.00477519 0.00775045 -0.00800101 -0.0116215 0.00655872 0.01579 0.00171388 -0.0188291 -0.0474479 0.047154 0.049181 -0.0095038 -0.00743397 -0.0260363 -0.0177524 -0.0330268 -0.0625813 -0.0924913 -0.004996 -0.00485161 0.01699 -0.00085128 0.00161325 0.00222238 -0.00132826 0.00233447 0.00143042 0.00792171 -0.0139711 0.014092
internal_weight=66067.5 55360.1 5190.44 4667.36 386.821 335.652 118.239 73.0736 217.413 111.393 50169.7 45119 8242.97 4940.3 1947.96 1900.85 1310.54 590.304 366.753 165.799 38.2135 36876 5885.65 5725.93 159.72 2557.07 1211.23 1064.9 1345.84 140.459 3302.67 1265.8 531.126 146.331 3181.13 744.054 716.814 100.589 45.1874 2437.07 1879.74 1664.64 215.094 1485.89 178.751 62.3315 102.96 1382.93 1083.36 557.335 207.326 154.513 30.806 67.9232 188.062 52.8131 299.57 106.02 4280.54 2480.46 684.426 1800.08 543.893 105.384 1256.19 1073.05 1022.99 721.319 368.152 216.056 97.4871 31.7929 65.6942 10707.4 2913.58 1504.49 982.793 651.727 107.877 331.066 117.495 40.7479 1409.09 2992.34 2121.92 587.485 250.442 67.9414 337.043 273.617 1534.43 110.122 37.058 121.542 77.0092 30990.4 3890.41 792.972 3097.44 2483.85 613.597 424.785 689.43 192.681 117.814 103.542 125.122 523.08 1943.02 221.661 195.956 157.001 72.0122 46.6333 1721.36 379.21 120.094 7793.81 5011.62 4932.59 3248.7 2516.54 2482.11 1468.07 732.153 1067.74
internal_count=99632 83730 7939 7112 670 601 222 157 379 201 75791 67818 12010 7160 2786 2705 1855 850 546 287 106 55808 8816 8550 266 3918 1864 1599 2054 203 4850 1775 756 265 4657 1081 1025 186 110 3576 2723 2413 310 2115 298 133 161 1954 1531 853 368 283 90 115 255 85 423 178 6442 3649 1002 2793 826 187 1967 1672 1567 1152 597 386 212 95 117 15902 4346 2311 1550 1049 206 501 184 82 2035 4374 3107 858 374 132 484 404 2249 182 90 193 138 46992 5670 1153 4517 3625 892 615 981 290 190 172 217 827 2813 363 307 243 134 100 2450 531 171 11556 7494 7366 4755 3679 3606 2170 1076 1600
is_linear=0
shrinkage=0.095553


Tree=31
num_leaves=127
num_cat=0
split_feature=18 21 21 1 10 0 10 18 21 12 16 21 12 9 12 1 12 0 18 21 4 12 21 15 18 21 4 10 4 12 12 0 15 12 5 3 3 10 3 16 9 5 5 12 10 21 12 3 16 12 0 8 3 9 8 3 4 16 0 10 18 21 12 5 3 18 18 3 10 5 8 12 14 3 16 10 18 15 18 8 21 4 18 13 18 21 10 18 13 4 12 1 13 12 9 10 18 0 12 12 3 13 4 14 14 12 0 5 10 3 10 12 0 10 13 12 12 13 21 15 12 1 15 7 1 16
split_gain=11.1405 16.0531 15.309 15.206 14.9146 14.0882 11.7823 16.0259 11.2229 10.8272 13.8299 10.399 29.1697 12.1372 15.8381 9.76696 9.70171 13.1586 9.27055 24.9917 9.70343 19.6374 9.21504 9.12493 19.2203 18.6188 16.6585 10.4156 9.08578 19.0891 12.3799 17.5002 11.6272 11.2565 29.8156 33.8227 25.94 15.3538 15.2607 18.0936 19.7311 17.5741 12.4735 30.6823 11.2841 22.5168 20.2455 16.0521 10.5028 10.5754 13.9538 21.3554 10.1292 19.0408 9.52612 9.35124 9.25148 8.73221 8.49822 8.35883 8.26916 14.1439 11.607 13.5893 8.579 11.5266 17.8213 10.2385 9.40339 8.94433 23.2515 8.18663 9.10891 10.8545 23.9069 11.1604 9.01335 8.03872 8.01084 10.7471 7.97945 11.3958 14.8997 20.1966 7.89003 9.5849 15.4968 15.5322 14.7794 14.6951 14.3912 14.3078 12.9231 13.1885 12.6273 12.2346 15.1484 13.666 12.6005 15.6794 17.2991 14.8717 12.2991 12.096 12.0694 16.2265 14.5029 13.6511 23.1872 24.7097 12.5706 12.5373 38.1641 23.2181 20.0896 11.8836 19.2577 12.9781 11.5112 12.4128 10.5857 20.8083 19.883 19.8915 14.6216 16.8311
threshold=-0.096240367740392671 -0.094187881797552095 -0.10956157371401785 -0.44744317233562464 0.12886918336153033 0.42755682766437536 0.56331881880760204 -0.1739988103508949 0.084416773170232787 0.07929102331399919 0.40258556604385382 0.23955512791872027 -0.12582046538591382 0.18968351185321811 -0.197644367814064 -0.33380682766437525 -0.062178388237953179 -0.46732954680919642 -0.68872055411338795 -0.76721781492233265 -0.22463172674179074 0.60188677906990062 -0.067136447876691804 -0.015353302471339701 -0.1066157892346382 0.14082064479589465 -0.32087123394012446 -0.14006734639406201 -0.50133109092712391 0.62676388025283825 2.0387021303176884 0.27414773404598242 0.43472349643707281 1.0484276413917544 -1.0000000180025095e-35 -0.49119704961776728 -0.48918287456035608 0.37592145800590521 0.16406177729368213 -0.46741688251495356 0.0057630145456641921 1.0000000180025095e-35 0.37500000000000006 0.44835335016250616 0.76062875986099254 -0.96537774801254261 -0.0090280161239206774 0.38928070664405828 -0.74344792962074269 0.66906803846359264 0.27698864042758947 -0.6087103784084319 -0.31359797716140742 -0.044852314516901963 0.10367855057120325 0.39948755502700811 0.085113108158111586 -1.2352450489997862 -0.22585227340459821 0.01296150451526046 -0.015463230200111864 -0.2991530299186706 0.41517437994480139 -0.37499999999999994 0.46854946017265325 0.10021138936281206 0.090347733348608031 0.4891828745603562 0.19380093365907672 -1.0000000180025095e-35 0.24608590453863147 -0.31603202223777765 0.014800142496824266 0.17939373850822452 0.11910356208682062 -0.17100024223327634 0.010823292657732965 -0.19738095253705976 -0.04679418355226516 -0.16238688677549359 0.084416773170232787 -0.36324852705001826 -0.14361403882503507 0.33790373802185064 0.02152569126337767 0.12450504675507547 -0.21083208918571469 0.10864803194999696 -0.25016959011554712 1.0000000180025095e-35 -0.09021726623177527 -0.21448864042758939 0.15139894932508471 -0.197644367814064 0.010122630745172502 0.83306974172592174 0.096665639430284514 0.37357954680919653 0.21129216998815539 0.21395654231309894 -0.47445212304592127 -0.28401842713356013 -0.10127499327063559 -0.14122544974088666 0.18122744560241702 0.60188677906990062 -0.072443179786205278 1.0000000180025095e-35 0.34499423205852514 -0.38928070664405817 0.37592145800590521 0.29700401425361639 0.28267045319080358 0.043069487437605865 0.020256862044334415 0.26368781924247747 0.021926815621554855 0.33790373802185064 0.048565475270152099 0.40400153398513799 -0.0179645512253046 -0.0071022729389369479 -1.0000000180025095e-35 0.16682026535272601 -0.035511363297700875 0.33184720575809484
decision_type=2 2 2 2 2 2 2 2 2 2 2 2 2 2 2 2 2 2 2 2 2 2 2 2 2 2 2 2 2 2 2 2 2 2 2 2 2 2 2 2 2 2 2 2 2 2 2 2 2 2 2 2 2 2 2 2 2 2 2 2 2 2 2 2 2 2 2 2 2 2 2 2 2 2 2 2 2 2 2 2 2 2 2 2 2 2 2 2 2 2 2 2 2 2 2 2 2 2 2 2 2 2 2 2 2 2 2 2 2 2 2 2 2 2 2 2 2 2 2 2 2 2 2 2 2 2
left_child=2 4 18 -4 5 71 11 16 22 -6 60 13 -13 23 59 -16 -8 -18 28 20 -20 -22 -9 25 27 -5 -26 80 29 -1 32 -32 33 38 35 -35 -36 -38 39 41 -41 48 44 -44 45 77 54 -46 49 -30 -51 -52 53 -43 -47 -34 -39 -31 -45 -15 61 -11 78 -64 68 66 -66 -68 69 -62 -71 -2 73 74 76 -75 -73 -40 -63 -80 81 -25 83 -83 -3 86 87 88 94 90 -90 -89 -93 -94 -86 96 98 104 118 100 -100 -101 -97 -92 106 -106 115 111 -109 -110 -107 112 120 -113 -114 116 -98 -117 119 -88 121 122 -108 -124 125 -122
right_child=1 84 3 6 9 -7 7 8 -10 10 -12 12 -14 14 15 -17 17 -19 19 -21 21 -23 -24 24 26 -27 -28 -29 30 57 31 -33 55 34 36 -37 37 56 42 40 -42 52 43 58 47 46 -48 -49 -50 50 51 -53 -54 -55 -56 -57 -58 -59 -60 -61 64 62 63 -65 65 -67 67 -69 -70 70 -72 72 -74 75 -76 -77 -78 -79 79 -81 -82 82 -84 -85 85 -87 95 91 89 -91 103 92 93 -95 -96 102 97 -99 99 101 -102 -103 -104 -105 105 110 107 108 109 -111 -112 113 114 -115 -116 117 -118 -119 -120 -121 124 -123 123 -125 -126 -127
leaf_value=0.0011919442273991723 -0.013496146023559873 -0.0017928893160329268 -0.061056438634902011 -0.0060985663406311359 -0.0054375362513633778 0.074964293548468217 -0.042409110651954032 0.0003568161861319661 -0.0062311318091102137 0.022925840899613463 -0.011160102973770259 -0.0027510117791632502 -0.13256578973095801 0.055202272721893091 -0.03626374942414836 0.002284787285269315 0.096659068824333602 -0.0041776478854195064 0.010937566669647002 0.00038172225672397414 0.12917637362363091 0.030329896149595081 0.044724946324300553 -0.0027451479879257389 -0.15205155926985237 0.066533537836770643 -0.022275688797082676 -0.0079282785681531014 0.0097069218132931154 -0.032755063356749888 0.077677924866976764 -0.01132285251775607 -0.082811706103845015 0.0022198795982038512 -0.080891217042400376 0.18868066469848443 -0.047363836570068443 0.014375044228500011 0.029488076514738226 -0.032086721954273915 -0.12136283278338872 0.10973396288410403 -0.10272013726937676 0.032514685438065925 0.015098488964269279 0.094936689737148999 -0.0056914330823927438 -0.065110113626474481 -0.053793009392789956 -0.007583035969888758 -0.0021679560743240339 -0.17280722435600254 -0.0085773275593089594 0.0009105283760250688 0.021999975288608031 -0.0070001931095637522 0.0755553964173271 -0.11472710232827249 -0.034059276889084514 0.00066593068627390935 0.018903276679114595 0.0057015692836562592 -0.023787986367597925 0.045277994276632087 0.0090809650473632954 0.018735116754874912 -0.022724234964002683 -0.1246341307573824 0.016757045683860636 0.15859984975679692 0.014682477480359894 0.1558911331373509 0.0089852485766766122 -0.034140110161251951 0.016978817798151767 0.022405411454839458 0.058845225685579164 0.11736636167267754 -0.012925507451512604 -0.063732242249542229 -0.079793343226170627 -0.15137823556742475 -0.015848679213186296 -0.034758548728760552 -0.071025838596465815 -0.00016432603283347166 0.0026568456636134451 0.029472592531519255 0.027077115906559753 0.0087577809563253763 0.04604896347083625 0.035661665972697612 -0.079653040351528454 -0.014381395704007363 0.01228641000891598 0.0083999616367415875 0.0067415768049255082 0.031999266521938685 0.014836475378431312 -0.063543803113755723 0.13255675930474911 0.014104075002713649 -0.026281071925875435 0.12829033389468797 -0.00015538719110109097 -0.096118532774405435 -0.0029364177141906179 0.049343910099190362 0.031817989681773101 -0.094350653012315489 -0.013591965396693313 -0.098429896773712361 0.19090874399640007 0.003716306981734396 0.038488066024735409 0.06518948602968018 -0.016552720614362783 0.0017116224633779524 -0.0071179857326489982 -0.038609850527264775 0.082209884910443606 0.033601637046645635 -0.12981432805499254 -0.001850862713037099 0.00014559483873450798 0.011984794925896788
leaf_weight=62.570124506950378 98.867926359293051 10173.233252870967 43.171584225958213 3206.0883516093018 1019.7227644614177 32.432461238931865 57.527772346162237 52.54290397465229 83.824925050139427 168.68330667202827 312.9355556727387 52.064518252271228 21.447782735223882 76.026641932316124 63.420389364240691 745.49712151172571 11.313001317554152 268.12124015705194 71.52488374710083 14128.987832178827 24.957388638169505 66.270613270811737 171.07418915559538 131.15157798933797 16.35439966910053 30.650001429603435 20.04594961553812 959.48175054776948 107.09659200161695 24.486742824316025 37.684138211770914 38.329250164330006 31.659555524936877 16.462098181247711 29.311159185366705 16.622826368315145 29.953458451083861 133.6347903351998 17.585116036818363 151.70970037707593 25.714342160266824 26.320774641586468 32.463248443324119 44.576824532705359 47.401720324414782 28.094879064825363 231.74915767624043 39.868842905503698 66.015535460552201 53.760348290205002 11.682704607606867 13.359250897774471 39.491628974676132 28.857933133840561 41.105498224496841 28.489509833860211 26.335433817468584 25.960307421046309 26.081624328973703 36.002253485727124 41.953591108322144 57.165605217218399 43.453198708593845 57.794846642762423 47.788110926747322 106.0235631277319 17.923653720179573 19.202968983328901 683.45521281624679 18.704207561910152 21.890431692707352 20.237558562075719 963.7234634415945 32.638030045665801 67.940387106267735 352.93982643610798 19.121859560254961 24.392720785690472 90.790203228592873 66.928579901927151 24.507745204493403 21.379320047679357 85.787371380254626 37.488152304315008 27.452145496266894 17143.06802578026 3404.1221201581648 62.057012890814804 359.36064865521621 337.10247501695994 55.404798538773321 25.164036119007505 42.345622377470136 85.510994329117239 35.371091057895683 140.13000369747169 2268.1489256927744 188.78739689954091 25.578922867774963 22.35250792466104 20.045999987516552 341.28925048816018 261.76782188692596 24.284589844639413 883.52265414909925 28.005520411883481 144.29014119890053 230.08336066221818 32.530851874500513 22.255159284221008 42.051082730293274 23.836411048774607 15.963919080095364 94.188795625697821 16.152355363010429 59.768604224198498 375.31921698420774 58.105349168181419 2092.4147959190886 65.879450976848602 63.021570522105321 97.930498419329524 25.259804479312152 18.276874763774686 107.39434768469073 62.865731464698911
leaf_count=73 174 15178 81 4886 1534 60 94 72 109 243 442 79 62 123 101 1095 27 384 91 21474 67 102 258 194 55 73 30 1500 127 33 75 54 65 21 56 61 57 186 34 228 69 63 71 75 64 76 323 84 102 67 32 53 47 35 49 38 66 68 42 46 54 76 62 91 66 151 29 53 983 61 30 65 1473 59 102 512 37 61 110 113 51 75 109 61 56 25639 4910 86 583 508 100 43 90 130 50 188 3274 281 32 56 54 465 371 66 1331 69 224 364 44 47 53 54 60 127 27 104 550 78 3002 94 138 139 74 22 155 78
internal_value=0.000226297 0.00110621 -0.00152466 -0.00554359 0.00660735 0.013995 -0.00513768 0.00703798 0.0228117 0.00236077 0.00691979 -0.00656751 -0.0419435 -0.00607418 0.00388279 -0.000720138 -0.00720376 -1.73585e-05 4.82877e-05 0.000814578 0.0378418 0.0585529 0.034005 -0.00810891 -0.0149003 -0.00537224 -0.0820213 -0.0128637 -0.00694144 -0.0329082 -0.00486108 0.0321487 -0.00697492 -0.00504009 0.0129557 0.0954548 3.32198e-05 0.0130916 -0.00939045 -0.0209603 -0.0457169 -0.00810193 0.00189185 -0.0275781 0.00913759 0.0170166 0.00767143 -0.0209909 -0.0213326 -0.00941226 -0.0357418 -0.0932221 0.0264681 0.0528106 0.0524663 -0.0475635 0.0250583 -0.075963 0.00681665 0.0372921 0.0108884 0.00063359 -0.011172 0.0149604 0.0160375 -0.00178533 -0.0280262 -0.0768369 0.0205572 0.05098 0.0828701 0.0126483 0.0144695 0.0250726 0.0519812 0.0173919 0.110339 0.0813675 -0.0237951 -0.0349126 -0.0284088 -0.0234725 -0.0418536 -0.0785995 0.000498883 0.00129279 0.00332989 0.0144067 0.0202967 0.0239389 0.0354741 -0.00825903 -0.0241149 -0.0366231 -0.0233144 0.00228504 0.00289637 0.00685839 -0.000318903 0.0158147 0.0677549 0.009034 -0.014028 0.0722358 0.00582555 -0.00372161 0.00829 0.0184545 0.0360001 -0.0184691 -0.0474235 0.0108945 0.0169759 -0.0169813 0.115549 0.00475725 0.00340975 0.0342498 -0.00151807 0.00184564 0.0105791 -0.00157865 -0.0203085 -0.0758854 0.0256247 0.0475845
internal_weight=66029.5 43964 22065.5 6214.97 4362.32 1587.9 6171.8 644.404 307.442 2774.42 1754.69 5527.39 73.5123 5453.88 920.946 808.918 336.962 279.434 15850.6 14291.7 162.753 91.228 223.617 4532.93 1296.2 3236.74 36.4003 1259.8 1558.83 113.017 1445.81 76.0134 1369.8 1309.65 252.32 33.0849 219.235 189.924 1057.33 524.009 177.424 346.585 533.32 103.122 430.198 342.927 300.95 87.2706 251.914 185.899 78.8023 25.042 94.6703 55.1787 69.2004 60.1491 159.97 50.4471 70.6584 112.029 1441.76 484.816 316.132 101.248 956.942 190.938 84.9147 37.1266 766.003 82.5482 40.5946 1555.47 1456.6 492.878 107.3 385.578 39.3594 41.9778 214.884 157.719 300.314 275.806 144.655 58.8675 39601.7 29428.5 12285.4 1054.05 838.976 776.153 439.05 215.078 153.021 127.857 62.8232 11231.3 10829.4 4857.76 5971.68 409.267 45.6249 363.642 401.898 79.6894 4668.97 953.579 3715.39 954.05 284.869 54.786 70.0566 669.18 551.155 118.025 32.1163 2761.34 2643.47 117.874 5562.42 3470 519.039 285.757 187.827 43.5367 233.282 125.887
internal_count=99428 65574 33854 9565 6580 2482 9484 944 439 4098 2564 8540 141 8399 1365 1196 505 411 24289 21734 260 169 330 7034 2075 4959 85 1990 2555 174 2381 129 2252 2149 447 82 365 309 1702 823 297 526 879 188 691 543 448 148 381 279 152 85 145 98 125 103 252 101 117 169 2122 695 452 153 1427 299 148 82 1128 145 91 2422 2248 775 204 571 102 95 299 223 490 439 245 136 58994 43816 18177 1712 1363 1257 749 349 263 220 106 16465 15906 7293 8613 607 86 521 559 166 7012 1453 5559 1553 455 91 122 1098 917 181 87 4006 3824 182 8006 5004 830 459 320 96 371 216
is_linear=0
shrinkage=0.095553


Tree=32
num_leaves=127
num_cat=0
split_feature=18 21 4 14 21 4 18 21 21 1 21 11 13 19 21 4 5 5 21 21 21 0 14 0 18 18 1 14 17 3 1 17 17 19 4 1 17 17 20 14 17 3 15 9 5 19 13 1 9 1 4 11 1 18 21 4 11 3 5 4 19 15 3 14 1 4 17 15 15 17 3 11 17 3 14 17 11 0 11 18 21 4 0 21 5 9 18 11 18 1 19 20 15 0 18 11 14 4 0 14 19 11 18 18 18 19 17 14 19 3 5 20 20 13 15 20 21 3 11 11 15 5 4 9 17 5
split_gain=10.4005 16.3956 11.4874 22.4963 11.3464 26.3525 11.2693 20.5182 17.0621 26.3243 16.0835 13.9648 14.5515 13.2911 12.2736 16.576 13.582 12.0782 17.1309 14.9486 14.5611 19.2585 16.4878 21.265 16.6679 15.3902 24.2546 15.4881 15.0674 14.6275 14.4277 26.1416 13.2552 12.8202 13.4834 12.7751 21.6495 12.1797 12.2852 17.8887 12.0556 11.8587 10.5844 15.9993 13.7668 14.0044 11.4076 15.8197 10.5204 13.3853 13.3731 10.0325 14.2843 9.8524 16.3722 13.6157 11.7112 17.5765 15.4905 10.7261 79.2119 41.9079 77.647 11.7542 9.78822 9.75396 16.9225 9.46837 12.2108 9.378 21.4389 21.5973 15.4581 10.8994 9.37562 9.24592 9.87402 11.2407 8.9703 9.90449 19.9115 17.5944 20.4057 20.512 14.172 19.6876 14.0791 12.4 11.8808 14.8065 26.6369 23.5463 20.8795 20.0522 19.0039 31.8679 25.5552 23.9289 21.6167 21.2559 20.1 18.1781 20.9383 17.8221 16.5092 14.004 20.5846 25.0962 16.9233 29.1519 32.526 37.0977 29.0329 26.7265 20.886 18.63 32.0242 36.4637 17.4466 14.983 14.3869 20.8274 32.3877 20.3864 29.1575 13.6468
threshold=0.60444065928459179 0.65585392713546764 -0.093263927847146974 0.3030760139226914 0.61061280965805065 0.36638951301574713 -0.40806765854358668 0.10266834869980813 -0.48591549694538111 0.058238636702299125 -0.72811383008956898 0.34887468814849859 0.24914342910051349 0.63647219538688671 -0.69111531972885121 -0.4942971915006637 -0.37499999999999994 0.37500000000000006 -0.5983908176422118 -0.62543895840644825 -0.52238604426383961 0.27130682766437536 0.56541445851326 0.16051135957241061 -0.43540009856224055 -0.58566099405288685 -0.018465909175574776 0.96022611856460582 -0.13785416632890699 0.48477418720722204 0.26846592128276831 -0.20059686899185178 0.57245075702667247 0.013927378691732885 0.1405884996056557 0.086647726595401778 -0.069646194577217088 0.0025168991414830093 -0.05969333462417125 1.12504118680954 0.48709189891815191 0.1945394575595856 0.34412442147731787 0.25857613980770117 0.37500000000000006 0.63769125938415538 0.27089986205101019 -0.061079544946551316 0.087485957890748992 -0.40767045319080347 0.1405884996056557 -0.011242419946938751 -0.026988636702299115 -0.68872055411338795 -0.81610596179962147 0.23103451728820804 -1.0676110982894895 -0.4823808073997497 0.37500000000000006 0.06094936095178128 0.26425185799598699 0.073740400373935713 -0.45878548920154566 2.0754450559616093 -0.34517045319080347 -0.093263927847146974 -0.098230980336666093 0.36724270880222326 0.13518433272838595 -0.44157198071479792 0.16406177729368213 -0.33883734047412867 -0.28128147125244135 0.49119704961776739 -0.098132669925689683 -0.081116065382957445 0.22845830768346789 -0.27414773404598231 -0.38063052296638483 0.29731050133705145 0.28624004125595098 -0.26055346429347986 0.43892045319080358 0.36408625543117529 1.0000000180025095e-35 0.13251453638076785 0.13985770940780642 0.173640251159668 0.13985770940780642 -0.1264204531908035 0.099091757088899626 -0.18262697756290433 1.0400614738464358 -0.17187499999999997 0.27269172668457037 0.16110438853502276 0.099499750882387175 -0.48264713585376734 -0.22869318723678586 0.3030760139226914 -0.22195809334516522 0.30174377560615545 0.1432982608675957 0.25257980823516851 0.22304980456829074 -0.049250559881329529 0.1786279305815697 -0.1293377950787544 0.099091757088899626 0.17175004631280902 -1.0000000180025095e-35 0.14453024417161944 0.18640130013227466 0.1397732347249985 -0.053010752424597733 0.094185918569564833 0.21350427716970447 0.43187998235225683 0.0066382568329572686 0.0088422554545104521 -0.10214285552501677 -0.37499999999999994 0.06094936095178128 -0.22876470535993573 -0.059793973341584199 0.37500000000000006
decision_type=2 2 2 2 2 2 2 2 2 2 2 2 2 2 2 2 2 2 2 2 2 2 2 2 2 2 2 2 2 2 2 2 2 2 2 2 2 2 2 2 2 2 2 2 2 2 2 2 2 2 2 2 2 2 2 2 2 2 2 2 2 2 2 2 2 2 2 2 2 2 2 2 2 2 2 2 2 2 2 2 2 2 2 2 2 2 2 2 2 2 2 2 2 2 2 2 2 2 2 2 2 2 2 2 2 2 2 2 2 2 2 2 2 2 2 2 2 2 2 2 2 2 2 2 2 2
left_child=4 -2 -3 48 6 42 7 11 9 40 -11 12 14 75 15 16 -1 19 65 35 -21 22 23 24 28 26 27 -24 30 -26 31 -22 -25 -20 67 36 -16 38 64 -40 -8 -9 43 46 45 -44 -6 -48 -4 -50 -51 52 -30 56 -55 -56 57 58 -17 63 -61 62 -62 -59 -23 -19 -67 68 -35 -58 71 -71 -72 -74 -7 -14 -77 -78 -10 80 88 84 86 -84 85 -82 87 -83 -80 90 -90 93 103 125 99 96 -96 -97 -98 100 -93 105 -103 -92 -104 106 -102 -108 115 110 114 113 120 -112 118 -107 -117 -118 -110 -113 -111 122 123 -122 -125 -91
right_child=1 2 3 -5 5 74 8 41 78 10 -12 -13 13 -15 17 53 -18 18 33 20 21 37 25 32 29 -27 -28 -29 51 -31 -32 -33 -34 34 -36 -37 -38 -39 39 -41 -42 -43 44 -45 -46 -47 47 -49 49 50 -52 -53 -54 54 55 -57 69 59 -60 60 61 -63 -64 -65 -66 66 -68 -69 -70 70 72 -73 73 -75 -76 76 77 -79 79 -81 81 82 83 -85 -86 -87 -88 -89 89 91 92 94 -94 -95 95 97 98 -99 -100 -101 101 102 104 -105 -106 108 107 -109 109 112 111 119 -114 -115 -116 116 117 -119 -120 -121 121 -123 -124 124 -126 -127
leaf_value=-0.078494740527343079 0.021602518107418221 0.01061872328668457 -0.0082393286678465651 0.057458264216774337 -0.01571241605282098 -0.0034818022047758239 0.046019428281097514 -0.027949272099778152 0.0050225513054393796 0.063483433004646747 -0.0054122210096880854 -0.06282529311787341 -0.040948821095983357 0.055956685942378369 -0.017142614999953277 0.021965351078433483 -0.011816907644110444 -0.01517701040228109 -0.015388409964578421 0.01286136806966557 -0.016176847779225241 -0.05290356927486585 -0.041426434465177575 -0.14031761382968366 -0.060895948838086536 0.002700738159121798 0.12426798721590492 0.044611511897406246 0.057468293553307646 0.0096326929548330512 6.3853555842563573e-05 -0.11976103623920095 -0.02236192422438291 -0.032822857886445019 -0.067452679280679884 -0.011839377826534979 -0.13432453756779303 0.0028414430528036099 -0.10886037200709342 -0.028151829333655769 0.010907800960840182 -0.1187052044027443 -0.043527298916456104 -0.072248984664026017 -0.017808695182363967 -0.13177759994799124 0.071820300052962402 -0.006667557988883431 0.014197013753914535 -0.035306401510729467 -0.1154165897060464 0.034782183524496864 -0.0088437932674957642 0.08085193557270931 0.0004971000531098506 0.036296260811707094 -0.028020820408936338 0.0039695432429469471 -0.075395738044738272 -0.030705843903469331 0.04565160589113685 0.037097644912769345 0.45728186511360819 0.071504036345335961 0.018833923454436262 0.076195136571887562 0.0011813123476948706 -0.072666722780981574 0.034346195183463414 -0.0066667813712050434 -0.025531313202878162 -0.082057864913858539 0.027104108872475358 0.096052084964648426 0.053258830603619522 0.027955540744505691 -0.076155962168244926 0.003847073364854162 -0.0006873950402446861 0.0046449139670924466 -0.022454668063342276 -0.084571521095292743 -0.019980301961524685 -0.11711924555640869 -0.0096974869894252518 -0.078098750160068356 0.0029407595738359543 -0.01447043182323599 0.017385265620952169 -0.00011897123973152118 -0.0029925972113331849 -0.018225849055483346 -0.084221541862151778 0.11444999843959411 0.015641454145094758 -0.13996923805931183 -0.1093431959266082 -0.037945129148439158 -0.012047810634675039 0.038444696984572653 0.022831297265055298 0.021431310189238759 -0.036531695025378147 0.062849384147537615 0.0088810069372600945 0.0047138221210922225 -0.030014109615442958 0.011705328576798776 0.056026865490262277 0.022803807805272795 0.079875892759734529 -0.02128326634701682 0.034867867731356125 0.0062106109500843177 0.037783713035549109 -0.014515868840706396 -0.20804078751507338 -0.026725786371030354 0.17707750293997121 -0.11042700534503362 -0.03217745500868735 -0.0051335715247755927 -0.0019372369619629817 -0.0538628086360321 -0.20703224491770236 0.063755790230601947
leaf_weight=35.194308691774495 518.59784591407515 328.78766044054646 144.4902284439886 31.991970287286676 149.43449405941647 40.784321860061027 232.83462241175584 39.768459401559085 3295.7052453914657 31.2810323293088 465.36498039250728 34.403042104444467 30.835978016257286 59.413181917974725 34.638371269684285 24.467088419711217 122.48480117321014 166.78664211870637 400.84157424606383 471.9687767541036 91.38746270374395 28.642962682759389 25.21293124218937 17.111381036113016 83.860997782438062 348.37207318947185 24.954996298765764 61.592679765308276 33.33940019865986 36.054117202758789 194.24025194288697 28.383869774872437 18.205413013696671 65.102147628320381 113.95140693045687 114.02672904694919 24.310652837506495 64.242659486830235 46.817402897169814 56.187362446682528 150.06548427022062 19.79627761838492 77.990281214006245 29.630581736564636 166.08491999725811 20.793022076482885 39.16676057013683 51.107396729290485 22.204423518734984 53.163617061451077 30.616152069880627 123.78933289693668 193.99830866325647 31.842791609349661 319.69623993546702 138.85532753297593 150.54186376102734 158.03178637404926 31.798284309916198 36.747225196682848 7.6396187916398075 11.744331207592039 8.840788709814662 26.362609197036363 37.404524996876717 33.713661435060203 124.85676166939083 24.902173724840395 36.870755800162442 333.91656896064524 40.577635928522795 37.168529734713957 122.03137420769781 24.871982198092155 63.958412234671414 160.4948215832701 17.616579588968307 100.05283176212106 40578.533557729213 3730.2278205479961 279.32997446076479 26.648124257801101 92.382684597629122 24.390568281873129 560.30541922640987 73.335855839541182 1455.344455666258 137.3396927639842 1515.6259409750346 84.555451443302445 933.41174402448814 486.48817018338013 26.104383707162924 24.487146633560769 210.23172476072796 25.766999241546728 29.928598429774866 101.43765723076649 64.638155510067008 134.44791228650138 747.86386651860084 109.16180975607131 295.27773119008634 37.244881862075999 93.375794423627667 462.46793247025926 185.07567572034895 442.83947718166746 25.590581986587495 114.84135979413986 59.289225914515555 55.572096723364666 162.37781299895141 176.59808103670366 151.39828802249394 519.70619229972363 16.399005786166526 24.79875835776329 20.458069366519339 24.457119632861577 40.054715448641218 677.99555280862842 91.412838190793991 25.091216500615701 21.379322902299464 44.365628925035708
leaf_count=67 754 484 218 53 235 55 369 53 4825 59 679 65 43 115 59 41 163 255 568 728 137 46 50 61 142 504 65 96 65 42 295 76 26 86 203 160 71 100 108 77 214 64 119 59 230 69 73 67 37 75 73 207 356 68 447 201 218 261 60 69 12 30 73 54 53 67 163 55 63 472 78 72 194 55 105 232 33 141 60417 5626 407 58 150 63 814 136 2043 191 2239 110 1374 750 58 60 287 76 74 166 91 203 1107 156 474 85 130 660 268 639 45 164 114 74 254 272 224 771 66 30 77 66 55 954 122 39 81 88
internal_value=3.65648e-05 0.0091192 -0.00139466 -0.0155609 -0.000120048 -0.0127729 4.4925e-06 -0.00423705 0.000380355 0.013577 -0.000819083 -0.00358515 -0.00316743 0.0150587 -0.00458317 0.00202344 -0.0272387 -0.00811365 -0.0169965 -0.00410911 -0.00173297 -0.00632044 -0.00168012 -0.00982337 -0.00647711 0.0127277 0.0433713 0.0188863 -0.000485021 -0.0390346 -0.0157157 -0.0416263 -0.0808526 -0.0260456 -0.043526 -0.0309297 -0.0667781 -0.031489 -0.0449529 -0.0655456 0.0323678 -0.0592782 -0.0214226 -0.00787457 -0.0350005 -0.0632133 0.00018498 0.0269472 -0.0253641 -0.0481486 -0.0656782 0.0130156 0.000916072 0.00514201 0.0162439 0.0114968 -0.00018292 0.0153566 -0.0318522 0.0263537 0.0595944 0.17762 0.274289 0.0142287 -0.0121122 0.000680805 0.0177242 -0.0215668 -0.00798016 -0.00696585 -0.001176 -0.0145298 0.0249468 0.0395074 0.0304957 0.0069333 0.0125581 -0.00800534 0.000180925 -0.000107272 -0.000452577 -0.00851806 -0.00284111 -0.041106 -0.019256 -0.0342836 -2.3306e-05 -0.0264368 -1.39554e-05 0.00328742 0.00940601 0.000605024 -0.00267466 0.0373248 -0.000400624 -0.0196184 -0.00272555 -0.0595487 -0.0436595 0.00120149 0.000188281 0.00217444 -0.0150023 -0.000345926 -0.0254449 0.00430416 0.0121312 -0.000534142 0.000251172 0.00626214 0.0251267 0.00597811 -0.00225159 0.0251012 0.0554627 -0.00937199 -0.0210792 -0.100635 0.111518 -0.0494771 -0.0085511 -0.0128508 -0.041829 -0.0833941 -0.126358 0.0218219
internal_weight=66415.1 1129.85 611.254 282.466 65285.2 638.95 64646.3 5250.96 59395.3 879.546 496.646 5191.4 5156.99 368.413 4788.58 1662.81 157.679 3125.77 967.025 2158.74 1985.77 1513.8 1280.5 820.371 785.054 460.133 111.761 86.8056 665.139 119.915 314.012 119.771 35.3168 641.668 240.826 172.976 58.949 233.295 169.052 103.005 382.9 59.5647 534.207 269.339 264.868 98.7833 239.709 90.2742 250.474 105.984 83.7798 351.127 227.338 1505.13 490.394 458.552 1014.74 305.632 56.2654 249.366 64.972 28.2247 16.4804 184.394 66.0475 325.357 158.57 126.875 101.973 709.108 558.566 371.085 187.481 146.903 104.743 309 278.164 117.669 58515.8 55220.1 51489.8 2649.08 1736.11 116.773 912.971 352.666 1619.33 163.988 48840.8 8262.22 2512.39 5749.83 996.761 153.408 5596.42 432.003 304.798 127.205 94.5668 5164.42 5029.97 4543.48 497.815 970.657 388.654 4045.67 1375.78 627.915 2669.89 1646.52 513.363 315.917 1133.15 235.887 197.447 1023.37 560.904 41.1978 46.0487 80.0292 970.775 855.934 177.938 86.5253 46.4705 128.921
internal_count=99625 1694 940 456 97931 1012 96919 8365 88554 1321 738 8248 8183 564 7619 2635 230 4984 1460 3524 3234 2506 2122 1407 1320 715 211 146 1136 184 508 213 87 975 407 290 130 384 284 185 583 117 852 434 418 188 375 140 403 185 148 628 421 2405 716 648 1689 600 101 499 184 115 85 315 99 485 230 204 149 1089 871 544 327 249 160 449 406 174 87233 82408 76782 3862 2505 213 1357 543 2292 249 72920 12503 3756 8747 1517 258 8489 694 452 242 165 7795 7592 6842 760 1459 604 6082 2014 907 4068 2541 872 526 1669 386 346 1527 867 96 122 140 1415 1251 297 175 120 198
is_linear=0
shrinkage=0.095553


Tree=33
num_leaves=127
num_cat=0
split_feature=14 18 21 21 0 16 5 17 3 9 18 3 16 21 4 11 15 3 4 14 1 16 12 9 3 20 16 18 20 11 13 3 18 17 4 20 14 12 3 9 18 21 19 5 3 21 11 3 3 18 12 20 21 0 12 17 3 3 7 11 21 17 15 17 12 3 12 21 9 12 12 0 21 0 21 0 21 4 5 20 3 0 20 3 12 5 14 18 18 5 5 20 9 18 19 19 3 19 0 20 17 19 3 18 16 21 20 9 19 18 15 20 3 1 20 19 21 16 20 5 18 14 12 18 19 16
split_gain=7.89398 10.829 14.2917 10.9827 27.6839 15.2368 12.4344 17.1151 15.1827 11.2054 10.4984 14.4005 9.60567 17.6221 14.3172 16.7497 11.1716 9.07185 9.03521 16.1787 22.1542 19.5796 13.2786 11.128 11.0065 15.835 20.1706 10.6036 12.9484 21.5806 20.6791 11.1843 10.2613 12.3009 10.0117 10.9045 27.158 11.6449 16.0578 15.9944 15.2002 18.8333 9.65387 10.2504 9.00427 17.3514 8.89859 13.779 11.2111 10.2027 19.5091 21.7666 19.0964 12.6878 23.5811 15.6386 18.6714 14.4521 12.403 11.3977 11.3243 13.9841 11.2261 11.4688 22.3293 12.6722 11.076 11.9899 10.9527 12.0918 10.4605 18.0198 13.5529 22.9327 11.7555 15.6488 11.4954 10.3569 10.4328 10.3553 12.5063 10.2765 10.0373 14.0425 18.3466 21.6368 19.2715 19.1574 16.2571 15.6504 12.8417 20.4502 14.56 10.2134 16.2812 15.9042 16.7782 15.0967 14.7666 16.7392 15.0653 14.8718 20.8908 17.5432 16.4332 13.1532 17.3819 17.3032 20.7172 16.9465 16.5328 25.3192 19.0624 14.3197 20.6106 13.2508 14.6107 12.5859 12.2511 24.7426 23.286 32.4618 21.2528 28.8611 17.9407 17.3818
threshold=-0.13528162240982053 -0.36954462528228754 -0.65828529000282276 -0.5054381489753722 0.40198864042758947 -0.23490719497203824 0.37500000000000006 1.0000000180025095e-35 -0.44410437345504755 1.0000000180025095e-35 -0.43540009856224055 0.20948321372270587 0.2664193212985993 -0.34188778698444361 -0.42501027882099146 0.25355045497417456 0.39478494226932531 0.48704174160957342 -0.29481184482574457 0.18122744560241702 0.07528408989310266 -0.028503899462521073 1.2445396780967715 0.042445814236998565 -0.17175004631280896 -0.83130353689193714 -0.74344792962074269 -0.89468982815742482 -0.57596492767333973 -0.46702653169631952 -0.4786697626113891 -0.41401703655719752 -0.68872055411338795 -0.14871278405189511 0.27317175269126898 -1.4750654697418211 0.76223704218864452 2.0387021303176884 -0.48704174160957331 0.18968351185321811 -1.4797417521476743 -0.96537774801254261 4.3408752679824838 -1.0000000180025095e-35 -0.20948321372270581 -0.25776432454586024 -0.39760364592075342 0.49934628605842596 -0.49308374524116511 0.29949583113193518 0.19337335973978045 0.1690488085150719 0.39285203814506536 -0.30823864042758936 0.055008575320243842 0.48673234879970556 0.3620197474956513 -0.25997406244277949 -0.033553676679730408 -0.17056962847709653 0.36408625543117529 0.22950524836778644 0.073740400373935713 -0.19466417282819745 0.15563751012086871 -0.49647271633148188 0.0094511150382459181 0.55048367381095897 0.2887187004089356 -0.04905088618397712 0.29456833004951483 0.052556818351149566 0.57362079620361339 -0.17471590638160703 0.3833546936511994 -0.11505682021379469 0.13496058434247973 0.020367002114653591 0.37500000000000006 0.44696696102619177 -0.37866973876953119 0.42187500000000006 0.1560536324977875 0.4891828745603562 -0.17251000553369519 -1.0000000180025095e-35 0.29711730778217321 -0.032817851752042763 0.13145432621240619 0.37500000000000006 1.0000000180025095e-35 0.29044693708419805 0.12419646605849267 -0.1117778606712818 0.0069352795835584411 -0.060797620564699166 -0.48704174160957331 -0.01734589738771319 -0.044034091755747788 -0.47421868145465845 -0.35107149183750147 0.051171923056244857 -0.25997406244277949 0.19778967648744586 -0.13777005672454831 0.017928909510374073 0.029037673026323322 0.18592932820320132 0.11995649337768556 0.055483173578977592 0.1313440874218941 0.023183036595582966 -0.1485595032572746 -0.041193181648850434 0.02633590251207352 0.54834127426147472 0.059366494417190559 -0.70104333758354176 -0.08796158060431479 0.37500000000000006 0.20200974494218829 0.18591564148664477 -0.10391652584075926 0.12685234844684604 0.082066517323255553 -0.085917342454195009
decision_type=2 2 2 2 2 2 2 2 2 2 2 2 2 2 2 2 2 2 2 2 2 2 2 2 2 2 2 2 2 2 2 2 2 2 2 2 2 2 2 2 2 2 2 2 2 2 2 2 2 2 2 2 2 2 2 2 2 2 2 2 2 2 2 2 2 2 2 2 2 2 2 2 2 2 2 2 2 2 2 2 2 2 2 2 2 2 2 2 2 2 2 2 2 2 2 2 2 2 2 2 2 2 2 2 2 2 2 2 2 2 2 2 2 2 2 2 2 2 2 2 2 2 2 2 2 2
left_child=-1 3 -3 10 6 -6 12 17 -9 -10 18 -12 16 14 -14 -16 -5 -8 19 20 -2 22 24 -24 25 -21 -27 34 29 -29 -30 -31 -26 -34 35 36 -20 38 -37 40 -40 -42 43 -36 -11 -46 47 48 -4 52 51 -51 79 55 57 59 -57 58 -55 -53 61 -59 -56 -64 65 -65 67 -61 69 -54 71 74 73 -72 75 76 -52 78 -70 82 -81 -74 93 -84 85 -85 89 -88 -87 90 -86 92 -92 117 95 -95 97 -97 99 100 -96 102 103 -100 -104 106 -103 108 113 115 112 -112 -111 -107 -115 116 -110 -48 119 120 121 -101 -121 -124 -120 -122
right_child=1 2 46 4 5 -7 7 8 9 44 11 -13 13 -15 15 -17 -18 -19 27 21 -22 -23 23 -25 32 26 -28 28 30 31 -32 -33 33 -35 42 37 -38 -39 39 -41 41 -43 -44 -45 45 -47 49 -49 -50 50 70 53 68 54 62 56 -58 60 -60 66 -62 -63 63 64 -66 -67 -68 -69 77 -71 72 -73 81 -75 -76 -77 -78 -79 -80 80 -82 -83 83 84 86 88 87 -89 -90 -91 91 -93 -94 94 98 96 -98 -99 101 118 -102 105 104 -105 -106 107 -108 -109 109 110 111 -113 -114 114 -116 -117 -118 -119 124 122 125 -123 123 -125 -126 -127
leaf_value=-0.0022816399251427383 -0.12864585994042924 0.044725296747201798 0.02207993897041596 -0.0037102005010090969 -0.03408343384334054 -0.11983641900664073 -0.049713253439095433 -0.075014884181040423 -0.011769804028220945 -0.018994135968780742 0.030212700478340085 -0.0097591661123281898 0.0051488472293929055 -0.0028655222072418692 0.15565510663035897 0.034168513268282186 -0.066650521791125558 0.0024299507712515198 -0.0092057447066650547 0.022669353953386397 -0.013308052400747918 0.037847963923595566 0.048072308785363074 -0.014142062887161898 -0.019921988182854032 -0.0023092383774174505 -0.058132749820813359 0.10450808790198064 0.00779566325674919 -0.0070864936026050988 -0.02485016360597184 0.024875700570937232 0.037554556831493217 -0.0052981333679748962 0.0025906480112633003 -0.067162642203035638 0.11962956972881179 0.041412763881966963 0.077036025484783319 -0.049524488285762773 -0.061695690908467979 0.024113682315490128 0.013290067896745604 -0.053356157233336803 0.09538053633152227 0.0037235339191098865 -0.053884502081315781 0.03743341060934078 0.0024821233165239118 0.046238823927795984 0.00032429375059122266 0.058095525883241274 0.016625509538605254 0.1184252719307069 0.059083760595590125 -0.0047994362216920699 -0.11557886081839577 0.085015434346689234 0.038954205860506186 0.0021382558703687787 0.013980538295204766 0.018090598603873496 -0.014719781015225105 -0.060142348608347003 0.082727205909101487 0.0096899168254033254 0.027465128036408926 -0.032629869061873172 -0.0090900728125427651 -0.030375621665380239 -0.01529903020625463 2.9938047792320666e-05 -0.013068657698588395 0.024361500411423362 -0.014496704955580225 -0.14313653778405927 -0.087971231829225047 -0.015622536557981584 0.069019617745509118 0.078147204357630201 0.0095893479946665191 0.024499946614973164 -0.0044298499154173067 0.01029044707449803 -0.013959656362493824 0.037920327052522261 0.088048500390277534 0.0082146681822735709 0.14978509844541138 -0.051763159723797851 0.11514411477575492 -0.012705534418529726 0.016165213877368575 0.0027069055544426037 -0.015577548429390018 0.0029298850000048105 0.013891233522220532 -0.048062842793591923 -0.027112065348387657 -0.0056253661153685122 0.024487127531334935 0.0059681844354316166 0.084276075234955741 0.030273459136927965 0.0046180864277630173 0.016538055784035433 0.02891139474518967 0.014365161442630038 -0.029403219056335111 -0.00060236017437821339 -0.0071487769177862133 -0.05959243525565161 0.04565867457646778 0.015393106227668232 -0.088483931349783176 0.02231192865893605 -0.096447449060510893 -0.0012230387417154196 -0.015243684381910426 0.013582621508898147 -0.11693639324391486 0.095939476921455435 -0.08312697568201112 -0.0085702829771731777 0.00086029889846384879 -0.02549682802116356
leaf_weight=11421.833979714545 22.433476050850004 66.336810165666975 299.07721033715643 1950.2995387900155 73.437768172239885 25.253393335617147 168.12466424913146 25.710042229387909 265.79149827430956 28.202736854553223 228.78923804243095 123.93145509378519 32.287869935622439 140.88348363689147 18.773292888421565 23.627738296985626 24.479591222479939 33.726219445466995 38.956530954688787 44.717084869742393 43.67637737840414 85.389286042423919 61.921008563833311 41.392510633915663 236.63710823457222 95.086672913050279 159.07925550604705 24.336614598403685 777.41284144681413 143.08365298784338 227.36901106650475 307.68189045670442 82.90204691758845 212.94279595266562 37.696772780502215 43.526759200845845 21.737134212278761 35.647404139745049 26.183213349780999 48.294500100659207 32.16066890116781 73.315788879990578 39.305779631948099 108.2115654317895 31.230351500213146 45.722300421213731 39.774666701559909 121.16012798738666 2422.8242039008765 152.13712231640238 25.504850149154663 30.147329837083817 54.339147684979253 25.357081509195268 26.737731675850227 34.555334478616714 22.185790581279434 50.742716574226506 63.792712671565823 339.58368630614132 446.73550083872396 67.187708871439099 309.43748538778163 25.285493341041729 34.115595840965398 192.75296781072393 103.14723593904637 120.28053921624087 24.058254729723558 387.35608298121952 192.65815140109044 203.73551587667316 540.62843444757164 413.53671496221796 63.442803649115376 19.518676164210774 23.444970247452147 80.833186594652943 35.042149613378569 31.917863685404882 94.41131873044651 73.243959621875547 6161.2062272325857 73.428411066532135 201.60960831551347 25.822480050381273 40.35796317376662 82.548104835557751 23.133940549334511 61.347849677084014 27.799642529571429 56.644980540382676 26.821770630311221 11415.556468968629 115.50276667776052 170.35905849456321 2187.1757054262562 73.778020792989992 441.71177638869267 697.75026564497966 304.85562322009355 1420.4857948668068 26.533757110242732 52.119723715935834 155.32743568730075 543.06351386790629 384.10527812910732 631.03420741646551 182.96281230438035 377.28583425679244 760.83739367499948 93.315951823838986 101.12002576026134 37.133479321375489 29.290175938047469 32.805580106447451 35.098852281575091 11038.075833933312 870.94174214010127 48.570309817790985 25.899518160964362 28.137362802401185 126.59190087101888 76.784517176216468 2267.2775997881545 67.182479187613353
leaf_count=16892 60 112 413 3122 100 65 294 57 392 33 337 177 48 184 58 30 62 39 66 59 62 127 105 52 364 125 262 60 1132 199 337 468 127 283 61 76 56 55 52 74 79 99 59 197 67 62 69 194 3560 237 32 51 76 63 53 39 58 100 91 449 646 101 486 45 71 287 148 167 35 623 260 295 812 657 79 58 51 106 63 59 131 115 9214 91 254 44 83 119 69 114 65 69 35 16644 155 230 3209 115 662 1048 411 2065 55 78 223 770 582 919 280 562 1172 176 165 47 68 63 77 16617 1243 61 65 79 268 116 3418 98
internal_value=3.91093e-06 0.000478011 0.000959941 -0.00324445 -0.00758457 -0.0569468 -0.00580163 -0.018001 -0.00634519 -0.00123726 0.000401894 0.0159855 -0.00244011 0.016588 0.0537166 0.0898239 -0.0045493 -0.0406036 -0.00137678 -0.00838718 -0.053651 -0.00535964 -0.00940314 0.0224489 -0.0134558 -0.0281213 -0.0374222 0.00243693 0.00653516 0.0195099 0.000344329 0.0146184 -0.00511346 0.00660964 -0.00945731 0.000609194 0.0367166 -0.00775541 -0.0160152 -0.00313877 0.0138145 -0.0018705 -0.027072 -0.0384668 0.0247888 0.0418711 0.000898459 0.00608623 0.00466074 0.000576283 0.00545902 0.0115977 0.000159944 0.00876695 0.0144258 -0.00197562 -0.0491473 0.0268999 0.0626013 0.00253179 0.0211105 0.0474088 0.000479419 -0.00235415 0.0126173 0.00114559 -0.000463142 -0.00689303 -0.0170059 -0.0244107 -0.00257456 -0.0174856 0.00149519 0.0116494 -0.0448283 -0.0722262 -0.0417881 0.00587684 0.0361366 0.000400599 0.0275251 -0.00845141 0.000316408 -0.00304513 0.010625 0.0435506 0.00237484 0.035014 0.0921279 -0.00830174 0.000189325 0.0261775 0.0674616 0.000971754 0.00208887 0.00420699 0.0112277 -0.0123418 -0.000858749 -0.00480515 0.0132996 0.00257645 -0.0106266 -0.0208603 0.0167705 0.00451721 0.0108871 0.000428506 -0.00356662 -0.00934359 -0.005011 -0.0129889 0.00912908 0.0113449 -0.0296983 -0.0320821 -0.0407082 -0.00142189 -0.00662909 -0.01546 -0.00733418 -0.00148139 -0.0415988 -0.0552122 -0.0035976 -0.0519069
internal_weight=66589.6 55167.8 48856.4 6311.37 2887.55 98.6912 2788.86 598.508 396.657 370.947 3423.82 352.721 2190.35 215.572 74.6889 42.401 1974.78 201.851 3071.1 1086.18 66.1099 1020.07 934.678 103.314 831.365 298.883 254.166 1984.92 1479.88 475.102 1004.78 450.766 532.482 295.845 505.036 319.822 60.6937 259.128 223.481 179.954 131.66 105.476 185.214 145.908 105.155 76.9527 48790.1 2843.06 2721.9 45947 3599.9 2044.18 42347.1 1892.04 1242.14 649.9 56.7411 653.816 89.1498 593.159 564.666 117.93 588.329 561.592 252.154 218.038 563.011 459.864 581.629 441.695 1555.71 335.647 1220.07 606.195 131.911 68.4685 48.9498 139.934 59.1004 41765.5 126.329 613.872 41639.2 6780.72 619.515 122.385 497.13 122.906 48.9564 374.224 312.876 111.266 54.6214 34858.4 23780.6 13846.9 2431.31 244.137 9933.73 4629.49 420.358 5304.23 675.693 493.832 181.861 4628.54 1804.59 2823.95 2192.91 1583.43 1332.56 854.153 478.406 609.487 66.4237 250.867 218.062 11077.9 4209.14 1070.92 818.97 725.888 251.947 203.376 3138.22 93.082
internal_count=99505 82613 72790 9823 4613 165 4448 944 611 554 5210 514 3504 320 136 88 3184 333 4696 1626 122 1504 1377 157 1220 446 387 3070 2196 727 1469 667 774 410 874 557 122 435 380 304 230 178 317 258 162 129 72678 4167 3973 68511 5451 3092 63060 2855 1943 912 97 1001 154 815 847 201 942 889 403 332 764 616 903 699 2359 515 1844 917 220 141 83 204 98 62157 190 927 61967 10157 943 204 739 202 113 537 423 169 100 51810 35124 20198 3554 345 14926 6962 566 7964 1018 740 278 6946 2647 4299 3380 2495 2075 1348 727 885 115 420 357 16686 6396 1735 1290 1127 445 384 4661 163
is_linear=0
shrinkage=0.095553


Tree=34
num_leaves=127
num_cat=0
split_feature=13 11 12 10 12 3 11 17 20 19 10 21 21 20 17 4 19 19 19 17 4 16 14 4 16 14 10 4 19 17 20 5 12 12 21 3 12 3 20 20 13 5 14 11 11 11 5 21 13 10 17 3 12 5 19 5 14 19 16 17 17 19 4 5 4 0 5 0 19 19 19 19 8 4 8 12 20 19 4 17 17 4 5 12 11 12 8 12 3 20 19 12 3 19 12 10 20 16 17 4 5 0 21 19 12 12 17 17 20 5 20 19 16 20 20 17 11 10 5 4 5 12 11 17 21 1
split_gain=9.69777 6.34334 10.1104 8.98171 9.78333 6.82312 10.66 13.599 10.2042 9.82277 9.77387 9.65745 7.11943 8.08462 10.9867 8.81022 6.7423 12.3647 12.1291 9.99428 9.22646 6.52562 8.13222 6.34173 6.20288 6.08092 8.07703 10.1437 9.61316 17.9649 16.558 14.0221 10.4477 9.48347 16.5767 15.1627 14.898 15.3332 15.3374 13.4678 12.6384 11.8826 19.2085 14.7511 10.4923 15.9847 14.5234 21.4536 16.1467 16.4238 14.1607 9.76092 9.52347 8.77802 8.52803 8.43525 17.0201 12.6816 10.3974 19.1073 7.9964 7.98946 7.91171 14.9778 16.2306 12.6231 9.5247 8.76136 9.25314 11.1876 8.262 9.44848 8.74833 7.88406 7.86419 7.23468 10.2993 7.12612 10.5139 18.8339 17.0346 13.1165 12.5397 12.011 20.0881 18.8622 10.1285 9.45815 14.4586 30.8277 18.0131 19.439 22.6214 21.5447 17.6758 18.4846 31.5352 19.5785 17.631 17.5392 17.5005 23.1762 15.5927 14.7816 14.1904 13.1769 14.7474 13.2593 11.7693 10.7225 10.4077 12.5352 9.94395 9.71733 13.6211 14.7497 12.4471 11.1481 9.64304 9.59044 9.29874 9.16152 16.4579 9.06784 8.87576 9.53508
threshold=-0.56385332345962513 -0.071672614663839326 -0.03761577978730201 -0.063684515655040727 -0.23544310778379438 0.27382043004035955 -0.12469179928302764 -0.10797497630119322 0.038155868649482734 -0.0019469300168566404 -0.17292137444019315 0.024121406488120559 -0.27670359611511225 0.0093396361917257326 0.22260175645351413 -0.48264713585376734 -0.070396468043327318 -0.010307393968105314 -0.092415567487478242 0.242557168006897 0.028504603542387489 -0.29509294033050532 0.1574521139264107 -0.21726810187101361 -0.29509294033050532 -0.13528162240982053 -0.19618349522352216 0.27995325624942785 -0.12124206870794295 0.49032790958881384 -0.066364951431751237 1.0000000180025095e-35 -0.062178388237953179 -0.26175528764724726 -0.031611070036888116 0.44014346599578863 -0.19313322007656095 0.45167937874794012 0.30266089737415319 0.18085687607526782 0.1397732347249985 -0.37499999999999994 0.053472200408577926 0.039423458278179176 0.11161943897604944 -0.018112336285412308 -0.37499999999999994 -0.21966743469238278 -0.39931713044643397 -0.2153331860899925 0.30522796511650091 0.47445212304592138 0.01384219527244568 0.37500000000000006 0.0089619513601064699 1.0000000180025095e-35 -0.10110458731651305 -0.0046812506625428787 0.11199071630835535 0.023694448173046116 0.020872284658253196 -0.046402327716350548 -0.46789334714412684 0.37500000000000006 -0.35158383846282953 0.24573864042758944 -0.37499999999999994 -0.089488636702299104 -0.060797620564699166 -0.21631202101707456 0.017167205922305587 -0.092415567487478242 0.0073205395601689824 -0.33341428637504572 0.038320332765579231 -0.14939965307712552 -0.14973032474517819 -0.14192452281713483 -0.46457822620868677 -0.16377823054790494 -0.055731339380145066 -0.49001491069793696 -0.37499999999999994 0.017547169700264934 -0.033843578770756715 0.061869639903306968 -0.27379378676414484 -0.16437964141368863 0.2314863055944443 0.3941877037286759 -0.061374567449092858 -0.22286449372768399 -0.44014346599578852 0.24149841070175174 -0.19091480970382688 -0.033570837229490273 0.02633590251207352 0.035514462739229209 0.57421258091926586 -0.49807056784629816 -0.37499999999999994 0.28267045319080358 -0.12478534132242201 0.28630101680755621 -0.20797599107027051 -0.22629502415657041 -0.122608944773674 -0.17078959196805951 -0.16744834184646604 -1.0000000180025095e-35 0.23846035450696948 -0.013687848113477228 0.072226602584123625 -0.10173228010535239 -0.039991538971662514 0.01427441416308284 -0.097552895545959459 0.043069487437605865 1.0000000180025095e-35 -0.32087123394012446 1.0000000180025095e-35 -0.1133504882454872 0.066491063684225096 0.57586652040481578 -0.18023100495338437 0.32528407871723181
decision_type=2 2 2 2 2 2 2 2 2 2 2 2 2 2 2 2 2 2 2 2 2 2 2 2 2 2 2 2 2 2 2 2 2 2 2 2 2 2 2 2 2 2 2 2 2 2 2 2 2 2 2 2 2 2 2 2 2 2 2 2 2 2 2 2 2 2 2 2 2 2 2 2 2 2 2 2 2 2 2 2 2 2 2 2 2 2 2 2 2 2 2 2 2 2 2 2 2 2 2 2 2 2 2 2 2 2 2 2 2 2 2 2 2 2 2 2 2 2 2 2 2 2 2 2 2 2
left_child=1 2 5 4 -3 6 7 8 21 12 -8 -10 -9 14 23 -15 18 -18 19 -7 -19 -1 -23 -14 -11 -2 27 33 60 31 -31 32 -30 34 35 -27 62 38 39 44 41 43 -43 -41 45 46 47 -38 49 -48 -47 -36 53 -50 -32 56 75 -58 -57 -60 -29 -34 66 67 -65 -66 -35 68 69 -64 71 -69 -73 -61 -62 -46 -77 78 79 -28 81 -81 -82 84 120 -85 -80 88 90 94 99 105 100 -94 98 96 97 -96 104 109 -93 -102 -97 -95 124 106 107 -92 -106 -79 111 -108 -110 117 -115 116 -116 119 -105 -101 -84 122 -86 -87 125 -90
right_child=25 3 -4 -5 -6 16 10 9 11 24 -12 -13 13 15 -16 -17 17 20 -20 -21 -22 22 -24 -25 -26 26 77 28 29 30 54 -33 61 36 51 -37 37 -39 -40 40 -42 42 -44 -45 55 50 48 -49 52 -51 -52 -53 -54 -55 -56 58 57 -59 59 73 74 -63 63 64 65 -67 -68 70 -70 -71 -72 72 -74 -75 -76 76 -78 87 86 80 82 -83 83 85 121 123 -88 -89 89 -91 91 92 93 103 95 102 -98 -99 -100 113 101 -103 -104 118 108 -107 110 -109 112 -111 -112 -113 -114 114 115 -117 -118 -119 -120 -121 -122 -123 -124 -125 -126 -127
leaf_value=0.0092769777731413171 -0.0022758995252391092 0.025264112540558572 0.0064712715910816305 0.0078912859475199632 0.10486340295652631 -0.0054706788274663642 0.046965862000495372 0.029300352793173123 0.055005976216243979 -0.01972613665992649 -0.00024672318149420889 -0.0027229698099997019 -0.060267246856549203 -0.057972330173120805 -0.082759195236808206 0.0047843013941405027 -0.038937237402669585 0.037822118216909478 0.063375421064653131 0.024207936953752777 -0.0054913014633748017 -0.0077505592356107364 -0.078853523339407844 -0.0071498830021935189 -0.064467745754489575 0.13054552478771578 -0.026679525275973819 -0.012001502085138407 -0.0098986850175136355 -0.0069870837895693776 -0.1357708147847424 -0.028372120541637336 0.062365753472644503 -0.041882859674947884 0.023036107088554587 0.026450649349268416 0.036958670946006904 0.061342966683077295 0.070185277766140974 0.026064469446809638 0.0012964345934673024 -0.15574145652837973 -0.014666660170480923 -0.053485359056223709 -0.032845859154408463 0.051782478738438442 0.11202319499379944 -0.043659302648670684 0.020898627028870118 0.017877733498185305 0.015658518550234455 -0.035294398032759536 -0.029247687256509221 -0.012486605468349034 -0.049690632400585875 0.0045831415927010356 0.023434759000871313 0.094007074047339975 -0.081920050147276394 -0.032707039412121774 0.019526555514972191 0.010607726213883333 0.016378545816096404 0.024547759944326755 -0.094820294263820257 -0.013579721982810003 -0.0024702968799458556 -0.0062282420507413306 -0.011747280246104285 0.07941696958648771 -0.042396064739623096 0.0520400165292801 -0.0053274506287925702 0.0096221669104533079 -0.018135798997671881 0.047362189510531554 0.00040484944038553982 -0.10639518014983222 0.0084942365116487378 0.1159695084682439 0.030536283724503264 0.014544914549085101 0.017199063262644733 -0.080845686861328037 -0.0061467471222679416 0.0060398278669232053 -0.0051813905682734961 -0.00033556342837639473 -0.01481717257236935 -0.086278784258998639 0.0016005933268030484 0.0047658613573598775 0.029882379313916421 -0.071191351898267113 0.20749636974436914 0.050753636377212911 0.027704796209289013 0.066543007017168754 0.048275532223975064 -0.033979277372741638 -0.13876934411344088 -0.012377850530883116 0.0026552806559093827 -0.012206193320072107 -0.062732846310482968 -0.06492937069380475 0.015527040041020295 0.049069975035831132 -0.0017096195390662891 -0.028849925814749121 0.02412802847924353 -0.02727896728247781 -0.052400793676029643 0.037024859193884214 -0.018822288383267854 -0.026404945028304809 0.02895291678263916 -0.010988286157925501 0.038798371078681129 -0.12149045090889116 0.05728957715468249 0.011961481425573097 -0.075983735589646412 -0.051100258370584531 0.0062534018293053098 0.052941777127705716
leaf_weight=53.852257647900842 11532.922463052673 62.748908664798364 3029.4448320714291 277.3152523515746 18.01795792276971 240.28961967723444 43.287499063182622 27.387661775806919 52.444120669621043 50.379708179505542 346.23544355388731 47.40379944932647 26.542030948214233 22.269016598234884 33.878846692037769 134.10263051604852 78.105785599444062 55.989059032872319 36.667188644758426 176.95910678233486 194.93669998866972 39.899043153389357 23.07674004312139 84.706813187920488 75.519700708799064 22.277289657387882 143.0813896706095 173.0499054484535 147.80695975327399 38.844891171553172 21.79885879275389 158.14062484237365 39.24639588908758 106.21369167533703 106.7381861358881 30.389029309153557 40.418835231452249 47.427828576648608 33.418943524826318 38.297173898434266 262.84423395094927 16.253441125270911 18.810905536054634 42.565401332336478 50.170180749730207 174.07033990952186 28.143944049021229 100.78495533124078 294.77382187510375 42.061998285353184 239.54658736567944 32.018123935791664 53.898500719107687 91.300968502298929 24.439267968642525 317.88970471383072 199.21542427153327 25.487091998336837 38.932864798232913 67.257423996343277 288.16894337476697 89.01757550239563 75.05831278860569 27.624491253518499 38.994822565000504 32.420105576515198 120.44376091961749 276.85851156432182 42.964092602254823 39.395610913285054 39.627111610840075 56.666278268443421 37.710770187550224 91.700118420529179 58.397793015581556 44.694568499806337 512.2118709567003 26.948581751203164 530.106874722871 23.021861265297048 173.82005822402425 23.586857616901398 189.37764639989473 34.381077334051952 174.92968866799492 133.76015850703698 6613.3113788155606 31135.758534091525 22.716183234704658 29.465105300536379 285.50109796912875 88.144669316709042 547.21847698744386 26.901134650805034 15.563955125748178 76.263784998678602 128.64694631798193 23.194243222475052 84.525780145777389 33.311770926928148 21.218620399944484 33.572993911337107 299.83281262393575 106.5937079815194 34.889908811426722 32.372882433235645 72.387871648767032 64.928986446117051 403.88242036709562 43.584682438289747 52.537704770336859 360.50397781794891 37.064565510838293 65.30757528799586 81.723994267988019 218.99465980788227 119.05663951823954 94.400376697769389 47.024107221863233 18.187237054924481 75.057551331352443 151.80476635694504 36.039872301160358 29.072726817685179 2130.6883228321094 72.653199916123413
leaf_count=79 17027 121 4651 447 53 359 87 49 89 75 528 68 48 39 80 184 124 110 70 250 281 71 48 117 155 60 201 228 204 60 64 229 73 153 137 43 67 96 68 52 370 61 29 71 80 305 70 158 448 56 360 44 88 127 38 428 322 61 85 102 444 114 98 43 80 38 157 399 67 78 67 97 51 124 97 77 648 61 831 57 284 28 296 67 247 177 9363 46556 40 69 422 108 793 53 59 118 175 40 132 51 72 48 396 145 64 53 111 100 566 65 92 601 65 94 101 328 191 128 74 58 125 186 65 53 3047 117
internal_value=3.67178e-05 0.00398689 0.0030726 0.0162631 0.0441636 -0.00248506 -0.00749206 -0.0147975 0.00465219 -0.0241874 0.00496515 0.0270981 -0.0152722 -0.0195902 -0.0357764 -0.00421493 0.00423351 -0.0060549 0.0118081 0.00703069 0.00407846 -0.0140749 -0.0349094 -0.0206618 -0.0469307 -0.000296984 0.00015616 0.00380194 -0.00456758 -0.0137725 -0.0535626 -0.00578059 0.00705842 0.00601306 0.0267201 0.0717323 0.00494156 0.00830003 0.00737126 0.00657519 -0.0100774 -0.0361853 -0.0820085 -0.0153999 0.00921458 0.0163097 0.00689142 -0.0199295 0.0144328 0.0565554 0.0310049 0.00906786 0.00750775 0.0128349 -0.0918583 0.00356852 0.00953396 0.0319133 -0.00596156 -0.023121 0.00453353 0.0269872 -0.00578915 -0.000485749 -0.0345185 -0.0587008 -0.0211611 0.00542452 0.0245036 0.0387563 -0.00179891 0.00250876 0.0284509 -0.00811432 0.0129659 0.00114371 0.00434699 -0.000245278 -0.00276992 0.00553009 0.0100203 0.0655605 0.00731792 0.00233282 0.00884066 -0.0180625 -0.00415807 0.000322955 0.00386586 0.00793389 -0.00171353 0.0034754 0.0135729 0.0204327 0.00881454 0.0245771 0.050955 0.125304 0.00571623 -0.0146356 -0.0207987 -0.0627033 0.0126627 -0.00785525 0.00434746 -0.00659349 -0.00420575 0.0106196 -0.0105599 -0.0593826 -0.0150085 -0.0199538 -0.00620633 -0.00948776 -0.00286834 -0.00926662 0.00918227 -0.0309963 0.00321437 -0.0664077 0.0288295 -0.00561615 -0.0185512 -0.00420922 0.00756029 0.0358916
internal_weight=67027.8 5231.46 4873.38 358.082 80.7669 1843.93 1060.99 671.462 216.676 454.786 389.523 99.8479 328.887 301.499 145.128 156.372 782.947 329.032 453.916 417.249 250.926 116.828 62.9758 111.249 125.899 61796.3 50263.4 4996.49 1038.91 519.295 85.083 434.212 276.071 3957.58 191.423 52.6663 3766.15 2872.18 2824.75 2791.33 378.771 115.927 35.0643 80.8626 2412.56 1065 651.383 141.204 510.179 70.2059 413.617 138.756 439.973 386.075 46.2381 1347.56 831.779 224.703 515.78 197.89 519.617 128.264 893.978 667.32 99.0394 71.4149 226.657 568.281 157.418 114.454 410.863 371.236 94.377 158.958 346.567 607.077 556.906 45266.9 8331.35 1187.93 1044.85 46.6087 998.244 824.423 627.21 197.214 7143.42 36935.6 5799.81 3359.39 2440.42 1738.91 870.674 727.737 3329.92 543.502 167.405 38.7582 2786.42 701.516 142.936 54.7916 376.097 180.519 2701.89 868.233 835.86 350.43 475.837 70.5333 485.43 432.892 440.947 630.982 485.083 419.775 200.781 145.899 153.618 51.499 264.435 362.774 210.97 162.833 2226.06 95.3694
internal_count=99899 8183 7562 621 174 2911 1717 1102 355 747 615 157 517 468 245 223 1194 515 679 609 391 198 119 165 230 91716 74689 7516 1551 782 162 620 391 5965 284 103 5681 4353 4257 4189 583 213 90 123 3606 1679 1014 225 789 126 665 181 663 575 102 1927 1188 383 739 311 769 187 1328 1018 161 118 310 857 243 176 614 547 148 226 541 805 725 67173 11980 1786 1585 85 1500 1216 919 297 10194 55193 8637 4888 3749 2672 1293 1065 4819 788 274 99 4031 1077 228 120 514 272 3899 1379 1326 522 695 126 804 712 631 951 714 620 292 237 219 109 421 498 312 230 3204 157
is_linear=0
shrinkage=0.095553


Tree=35
num_leaves=127
num_cat=0
split_feature=15 11 12 4 20 9 19 0 10 10 19 4 10 0 20 20 10 3 20 1 19 1 11 0 10 11 4 9 0 20 14 5 4 20 4 11 16 20 9 0 20 7 10 12 0 0 19 14 20 20 3 4 12 19 20 21 5 21 5 12 12 1 12 11 21 12 12 12 15 16 21 0 15 16 11 19 15 15 20 19 16 12 11 19 4 1 11 13 12 12 1 20 12 10 14 19 15 10 20 20 20 11 20 16 19 19 10 19 20 20 19 12 21 19 20 3 1 20 10 5 20 4 10 0 19 5
split_gain=7.06991 7.15705 15.2707 10.2494 15.3659 8.42562 6.85406 13.5855 11.4699 10.1041 6.83912 12.7452 6.81149 21.1094 12.0454 12.5147 10.3003 8.9653 8.35486 9.61099 7.52973 12.147 7.32913 10.3824 8.1076 7.21054 5.95115 7.82464 7.01567 6.65398 6.57949 6.25448 10.9619 5.71705 8.17642 12.8711 6.73742 6.62152 6.72572 6.92695 5.66049 5.62396 5.60786 16.3672 16.8594 11.0319 21.4256 10.3773 9.5862 9.49172 25.955 26.417 8.45607 8.36093 10.4604 15.745 9.09568 13.5316 8.5173 10.4156 11.8741 23.5866 9.00514 16.0041 15.4928 14.5241 18.2765 13.2313 13.2297 12.7171 11.1432 19.1533 13.8272 11.9531 11.3645 10.8475 16.8927 16.4573 10.4856 10.1161 9.27485 9.25724 8.09525 7.65602 9.81939 7.45002 7.18804 7.05003 7.02901 15.7903 14.6634 19.8949 18.0958 24.1596 13.8661 14.0117 13.3143 19.7861 12.9566 18.2178 13.2414 11.3845 10.4183 12.8476 9.28232 9.25397 18.5371 17.8444 10.7897 38.7366 16.6256 15.9905 14.0718 10.2998 10.1899 17.989 11.8253 14.2687 9.35803 12.0514 9.23644 14.9504 14.5319 15.1507 10.5262 9.2288
threshold=-0.24269585311412809 -0.11163083091378211 -0.11429388076066969 -0.45759029686450953 0.10344028100371362 -0.55440962314605702 -0.24961624294519422 -0.029829545877873894 -0.18434490263462064 -0.07583740726113318 -0.21351065486669538 0.23822072893381122 -0.03564986772835254 -0.18607954680919644 0.18323166668415072 0.0048714033327996739 0.13921528309583667 -0.02037043962627649 0.14324882626533511 -0.12926135957241056 0.12473992630839349 0.27982954680919653 -0.33883734047412867 0.10369317978620531 -0.13045069575309751 -0.6359727382659911 0.27317175269126898 -0.20009264349937436 -0.25710226595401758 -0.010859418194741009 0.1084006428718567 0.37500000000000006 -0.36894176900386805 -0.54909017682075489 0.15613134205341342 -0.82242470979690541 -0.28866837918758387 -1.4750654697418211 -0.52943301200866688 -0.38778407871723169 0.23152447491884234 -0.12979413568973538 -0.22433912009000775 -0.2603659182786941 -0.19176135957241056 -0.20028409361839292 -0.20872952789068219 -0.14865524321794507 -0.23200869560241696 -0.14973032474517819 -0.28738254308700556 -0.46457822620868677 -0.28004002571105951 0.13029981404542926 -0.12763735651969907 0.133249506354332 1.0000000180025095e-35 0.2173925116658211 -0.37499999999999994 -0.14483132958412168 -0.19091480970382688 -0.018465909175574776 -0.197644367814064 0.17634440213441852 0.11095651611685754 -0.083316180855035768 -0.058198969811201089 -0.070691823959350572 0.090622119605541243 0.046620326116681106 0.057632595300674445 -0.012784091290086506 -0.18432412296533582 0.27728749811649328 -0.087363079190254198 -0.088733751326799379 0.052235024049878127 0.024585253559052948 -0.038972415030002587 -0.079807955771684633 0.11910356208682062 -0.0076901083812117568 0.035242158919572837 -0.10260162129998206 -0.48264713585376734 -0.33948864042758936 0.11161943897604944 0.35174171626567846 -0.25145226716995234 -0.22629502415657041 0.36221592128276831 -0.035165783017873757 -0.29147513210773462 -0.16741360723972318 -0.040180305019021027 -0.079807955771684633 -0.1305606737732887 -0.092273939400911317 0.0081433255691081303 -0.0048093076329678288 0.32828423380851751 -0.097552895545959459 0.0010564463154878469 -0.047907836735248559 0.071947943419218077 -0.21351065486669538 0.12152640148997308 -0.23604997992515561 -0.038972415030002587 -0.035165783017873757 -0.044089324772357934 -0.28690108656883234 -0.023788967169821259 -0.24292998015880582 -0.084243051707744585 0.30064630508422857 0.44460226595401769 -0.089047260582447038 0.072184558957815184 -1.0000000180025095e-35 0.097820434719324126 0.077078893780708327 -0.088721506297588335 -0.43323864042758936 0.062695985659956946 -0.37499999999999994
decision_type=2 2 2 2 2 2 2 2 2 2 2 2 2 2 2 2 2 2 2 2 2 2 2 2 2 2 2 2 2 2 2 2 2 2 2 2 2 2 2 2 2 2 2 2 2 2 2 2 2 2 2 2 2 2 2 2 2 2 2 2 2 2 2 2 2 2 2 2 2 2 2 2 2 2 2 2 2 2 2 2 2 2 2 2 2 2 2 2 2 2 2 2 2 2 2 2 2 2 2 2 2 2 2 2 2 2 2 2 2 2 2 2 2 2 2 2 2 2 2 2 2 2 2 2 2 2
left_child=1 2 3 4 41 -3 7 8 -7 10 11 -8 13 -4 15 22 20 18 19 -17 25 -22 23 -15 -24 -14 27 30 -29 -28 -12 32 -30 34 35 -18 -35 -36 39 -39 -27 -1 43 44 -2 46 -45 -48 -47 50 -50 -52 -46 54 55 -51 -55 -58 59 60 83 -62 64 70 69 68 67 80 -65 79 72 -72 74 75 -64 77 -77 -73 -70 -60 -67 -74 -71 84 -56 -84 87 -79 90 101 91 92 -44 -94 95 -93 -97 -98 99 105 -100 -90 103 -101 -96 106 107 113 114 112 -111 -112 -110 -92 116 -116 -107 118 119 -118 -103 -122 -123 124 -124 -95
right_child=42 5 12 -5 -6 6 9 -9 -10 -11 26 -13 16 14 -16 17 33 -19 -20 -21 21 -23 24 -25 -26 40 29 28 31 -31 -32 -33 -34 36 37 -37 -38 38 -40 -41 -42 -43 88 45 52 48 47 -49 49 53 51 -53 -54 56 58 -57 57 -59 62 -61 61 -63 63 65 -66 66 -68 -69 78 82 71 73 81 -75 -76 76 -78 86 -80 -81 -82 -83 85 -85 -86 -87 -88 -89 89 -91 98 94 93 125 104 96 97 -99 100 102 -102 120 -104 -105 -106 108 -108 -109 109 110 111 -113 -114 -115 115 -117 117 -119 -120 -121 121 122 123 -125 -126 -127
leaf_value=0.0061720471540575687 -0.011444019930187413 -0.031818874762352282 0.080061385395427981 -0.0046826068423947128 -0.094105572263148266 -0.088183706062186937 0.016071787899536644 0.049157516381846782 -0.0095995866523273365 0.006295468990810532 0.032222265006641347 0.10225140138416573 -0.011450599351938503 0.049566352163258491 -0.058702671224385487 0.113261798042182 -0.05435875905848557 -0.019391128660006876 0.00098902403041778268 0.021330053499035183 0.078128671380985212 -0.0040714901324373472 -0.0043387256750931132 -0.012454793119065359 -0.056163348912392157 0.015149831904444851 0.031457296117949743 0.04336874079039061 0.060449807673631617 -0.013474651081077814 0.098795999740947285 -0.028530069856505327 -0.0037984763936850978 0.0020785848149258651 0.00045889398385263769 0.024567005726662493 -0.043297782149148617 0.042802798966657701 0.026375033294858762 0.14454278321406769 0.05826864033771912 -0.040883998844976704 0.080470907284637655 -0.026760487360247491 0.094600288624130766 0.023004257632375097 0.035705386340403718 0.11398372843343083 0.0075731998096618177 0.094797366156137861 -0.0036519805118077021 -0.15920426281755234 0.034691799746055456 -0.0069922668027204756 -0.045476648918788866 0.0089755323131999847 -0.0063748423294150668 -0.10719207723700973 -0.00078297793902683331 -0.014728382010568728 0.10348989543934316 -0.0019212983092867955 0.09962823083612192 0.028496394465596573 -0.079933865628026873 0.049281632387812413 0.00087358465951849174 0.090675012763443419 -0.071725789322573758 -0.065407629274873355 -0.017258269562312464 0.1216478321275255 0.0058735888517301655 -0.028031798562279563 0.0089046416450506913 -0.017724887308799162 0.059986268842300593 0.10716241288097476 -0.015912274325812995 0.062194314647685302 -0.021930863209644207 -0.029815521016677313 -0.043331855679305767 0.01729606937576246 -0.00060926888035491488 0.0075506752906209593 0.027990505962392762 0.043614504645961123 -0.021717737230898745 -0.00051333717476254221 -0.053878017192051479 -0.016563803998351005 0.077384356835425216 0.0031575735402414418 0.0049718304062586387 -0.035075185957318435 -0.16884452857696577 -0.015987214161276634 0.0079454430230207641 -0.023123675355207284 -0.019835516264756662 0.0080195114466944974 -0.0031374615375393501 -0.10834666621151685 -0.046438349546989256 0.018832613696277308 0.026190587669103899 -0.095971138743483883 0.049608608877398444 0.022315769118169768 -0.0052069128658633577 -0.084825107927871166 0.1818957140295554 0.016208706639640084 -0.011107672391347021 -0.084401402227524902 -0.017710369759797839 0.035334449460719321 -0.0059967406904034778 -0.081863564456660765 0.080267164514219669 -0.025178712694563524 -0.032406301160087282 0.064150920008731946 0.031990139898516796 -0.043870706209278125
leaf_weight=49.985202628886327 64.864962165127508 44.269372864859179 23.139511193847284 1258.4816615183372 28.249562889919616 18.474095400189981 38.783933225786313 29.292758328490891 131.30109321745113 1067.2517420853255 42.546260989969596 26.404138623271137 87.294471961795352 27.331465674564242 41.264143620384857 21.305919763981365 26.723737223655917 26.921828817110509 24.782015413045883 21.279437988996506 41.86480684671551 23.549573298310861 49.937343371915631 158.55280351953115 63.87542128469795 519.72804320161231 43.654475473798811 62.217371345381252 33.746456447755918 87.20920422160998 21.341652448638342 35.663643006235361 71.074918411672115 1531.9636923433281 23.365361869335175 54.690218681353144 28.580836916225962 14.708067489671523 33.315523460507393 12.509780625929123 28.564258220721968 38.367330357548781 29.821086395997554 36.758453164249659 26.157104890560731 170.08452426549047 53.506050821393728 22.36131860781461 66.033506428240798 25.68901737825945 18.340087838703766 21.202716803294607 127.66009714722168 204.84298295818735 60.21060292783659 72.225353494286537 26.744914421695285 21.76353567186743 61.419758401811123 590.20753960695583 29.748694917885587 47.307045040535741 24.040295562357642 54.84024397470057 26.861377405468374 35.024105906486511 833.2681043400662 35.032409623265266 31.965551967383362 31.315752142108977 81.602770009194501 23.408882320392877 583.72847029671539 25.383296062820591 26.540509494720027 68.12391011940781 38.316028503701091 23.601853374042548 412.4389859639341 34.032855159020983 27.70219703274779 72.806207924033515 38.954502353444695 112.7611642855918 164.30721442401409 69.158700767089613 181.50946742249653 59.483320092665963 95.641831882065162 50067.777402161853 34.632501105312258 573.75490031403024 31.236377932247706 112.0418595969677 278.38337866833899 189.37375145731494 17.359078125795353 13.972882639383895 1525.4148795444053 31.976877221488394 171.94229552370962 1080.2337612133706 34.914114011568017 34.256133703980595 34.326337906648405 185.33394285093527 42.384133799001575 41.115336331422441 16.544121159939099 175.02356654405594 112.94277793972287 27.594402404036373 14.293294531293212 37.758658581762575 139.87772407766897 38.175633068894967 100.93061319075059 57.574907105183229 373.90767711377703 36.234396422049031 41.212846474139951 51.538228716468439 36.97921198583208 72.439988941769116 54.905289566493593 54.323485123226419
leaf_count=69 93 73 49 1907 62 39 55 48 186 1689 65 68 126 55 78 54 72 50 36 28 91 31 63 234 105 762 82 94 60 136 52 58 91 2283 26 82 54 33 46 50 59 67 59 54 55 248 87 59 99 57 33 70 178 255 88 95 38 54 91 878 71 65 58 87 56 51 1091 68 64 60 110 68 855 38 40 113 75 57 503 68 44 109 63 157 211 96 261 86 134 73952 67 779 68 152 401 273 57 29 2229 40 257 1530 51 79 59 266 65 93 27 239 152 62 53 70 216 82 149 79 537 80 79 71 57 120 80 97
internal_value=2.95266e-05 0.00315539 0.00102824 -0.00723913 -0.0342039 0.00829548 0.00938818 -0.00806616 -0.0199696 0.011471 0.023282 0.0520365 0.004986 -0.00561882 -0.0104889 -0.00519251 0.00701279 0.0247083 0.0435171 0.0687832 0.0167828 0.0475359 -0.0148156 -0.00288062 -0.033809 0.0134903 0.0183708 0.0265344 0.0169771 0.0013583 0.0556456 0.00474618 0.0166573 0.00301178 0.0198326 -0.000991449 0.00118575 0.0406319 0.0572038 0.0923675 0.0175768 -0.0140239 -0.000278246 0.00283209 0.0282872 0.00161755 0.0309331 0.0599792 0.000870888 1.36417e-07 -0.0280539 -0.0882481 0.0455414 0.000705186 0.00178203 0.0323502 -0.0160478 -0.0526846 0.000994293 -0.00656473 0.00493465 0.0384095 0.00363029 0.00532077 -0.0131627 -0.00148605 0.0055186 0.0442183 -0.0146375 -0.00507339 0.0134135 0.0243221 0.00560437 0.0325926 0.0529165 0.0367478 0.0102025 0.0464037 -0.0201798 0.0213212 0.0172939 0.00179906 -0.0234994 -0.00264633 -0.0129458 -0.0106093 0.0392272 0.0627501 -0.000548948 -0.000229343 -0.0041414 -0.0125641 0.0129555 0.00226387 -0.01787 -0.0245747 -0.0450843 -0.102163 -0.000647878 -0.00701649 0.00508715 0.00965262 -0.0459173 -0.0681353 -0.000707166 -0.00421224 -0.0260822 -0.0463162 -0.0014883 0.0128263 0.00265386 -0.0215105 0.112157 -0.0170238 -0.00686793 -0.0273439 -0.00194595 -0.00882284 -0.0139799 -0.0352569 0.0119588 0.0282534 0.0178789 0.0317908 0.00561809 -0.0120073
internal_weight=66945 6013.56 4260.33 1375.08 116.602 1753.23 1708.96 179.068 149.775 1529.89 462.642 65.1881 2885.25 458.39 435.25 393.986 2426.86 94.2892 67.3674 42.5854 701.001 65.4144 299.697 185.884 113.813 635.587 397.454 266.59 202.702 130.864 63.8879 140.485 104.821 1725.86 165.313 81.414 1560.54 83.8987 60.5334 27.2178 548.292 88.3525 60931.5 4863.34 218.682 4644.65 112.626 75.8674 4532.03 4361.94 105.576 39.5428 153.817 4256.37 4003.02 97.9144 253.351 48.5085 3905.1 1004.54 414.335 77.0557 2900.56 2638.82 261.743 1430.27 931.027 97.7587 499.245 234.882 1208.55 501.43 707.115 419.827 50.5808 394.443 106.44 288.004 444.405 95.4526 62.7263 656.535 139.429 337.279 224.518 108.113 264.595 83.0852 56068.1 51500.7 4567.42 1334.59 227.423 197.602 1107.17 794.461 220.706 31.332 3232.83 1535.47 1697.36 1432.95 101.147 66.233 312.71 1434.32 155.891 113.506 1278.43 346.398 315.561 140.537 30.8374 72.3912 932.035 178.053 753.982 568.648 511.073 137.165 1337.31 257.076 215.863 164.324 91.8845 166.365
internal_count=99415 9368 6572 2105 198 2796 2723 273 225 2450 761 123 4467 752 703 625 3715 168 118 82 1069 122 457 289 168 947 638 420 303 218 117 209 151 2646 309 154 2337 155 129 83 821 136 90047 7157 326 6831 200 146 6631 6383 202 103 233 6181 5834 152 347 92 5682 1470 592 136 4212 3778 434 1908 1254 163 654 378 1870 808 1062 698 98 660 188 472 567 159 95 964 219 456 299 159 404 143 82890 76023 6867 1974 376 317 1598 1138 359 86 4893 2407 2486 2071 170 119 460 2237 295 230 1942 533 453 214 80 137 1409 298 1111 845 766 229 1937 407 328 257 137 249
is_linear=0
shrinkage=0.095553


Tree=36
num_leaves=127
num_cat=0
split_feature=18 21 0 11 14 0 20 17 13 18 1 12 4 11 1 17 11 18 9 20 15 1 18 20 5 21 9 0 18 10 21 4 1 4 10 19 14 19 15 12 1 10 18 11 18 21 1 21 21 0 21 12 21 10 18 8 18 18 17 5 9 17 17 8 12 0 11 12 21 18 11 20 20 20 20 12 10 12 0 21 9 15 9 1 14 17 20 15 18 15 1 17 0 9 1 18 14 18 0 0 19 18 12 21 21 12 21 10 11 21 1 1 14 0 17 5 13 14 21 9 8 11 0 10 4 15
split_gain=9.32605 15.4312 15.995 17.967 23.2203 11.0336 10.3356 10.3843 10.6926 11.7565 23.2963 22.1166 83.881 10.499 11.2392 28.913 27.053 25.1927 17.4125 15.5602 25.1824 15.2452 27.8821 30.1734 23.5465 12.812 18.0721 16.9807 14.7974 16.7186 14.08 12.5627 19.2486 11.374 10.7389 19.3565 10.5633 10.3406 23.9115 11.6149 34.1821 13.8435 21.7521 16.9641 19.6956 10.3332 10.1194 10.0328 9.92594 20.8581 10.9328 15.165 21.4513 15.1754 9.8268 9.78732 22.1392 18.347 10.3129 9.67824 9.51516 9.31507 9.9803 28.6849 9.24437 22.0066 23.8726 19.0059 13.5054 13.1729 24.9014 17.0595 12.5269 11.9781 11.0614 9.16938 8.96454 8.9613 12.5351 12.3887 9.51717 10.8703 9.01839 8.79896 13.9662 8.74856 8.70984 10.9065 13.2384 13.7993 8.6563 8.47559 16.7159 15.7403 14.4875 12.8454 10.3443 11.3809 21.832 10.5782 18.7339 21.9069 17.9258 12.7733 12.6845 12.2936 25.3584 21.0705 23.1082 9.86695 9.68934 9.23704 13.4315 13.9728 14.4121 13.9546 18.7054 13.644 12.743 12.2221 9.15513 12.4428 9.04729 8.9691 10.7661 10.1989
threshold=-0.18711137771606443 -0.22455625236034391 0.25142045319080358 0.2003162279725075 0.17676957696676257 0.40482954680919653 -0.3162167221307754 0.029519631527364257 -0.16232989728450772 -0.20860014855861661 -0.25426135957241053 -0.2759405374526977 -0.30799929797649378 0.18240458518266681 -0.021306818351149556 -0.15622752904891965 0.039423458278179176 -0.22926829755306241 0.51013714075088512 0.1475138068199158 -0.015353302471339701 0.45880682766437536 -0.21447290480136869 -0.010859418194741009 1.0000000180025095e-35 -0.28387385606765742 -0.87197420001029957 0.12642045319080356 -0.26244951784610743 0.085402298718690886 -0.33209386467933649 -0.028517822735011574 0.14346590638160708 -0.48768429458141321 0.43763808906078344 0.10185924544930459 0.82033056020736705 -0.13750577718019483 -0.064508449286222444 -0.09021726623177527 0.06960227340459825 0.35259374976158148 -0.30736744403839106 -0.32647790014743799 -0.20737677067518231 -0.091580517590045915 0.48153407871723181 0.0045661521144211301 0.55048367381095897 -0.17471590638160703 -0.12478534132242201 -0.011006289627403019 -0.35228140652179712 0.53299695253372203 -0.3290975540876388 0.040337143465876586 0.29585492610931402 0.27108162641525274 0.25539334863424307 1.0000000180025095e-35 0.048324333503842361 -0.069646194577217088 -0.056810369715094559 -0.023564673028886315 -0.011006289627403019 -0.44460226595401758 0.037398265674710281 -0.0090280161239206774 -0.35228140652179712 -0.32173828780651087 -0.04526878893375396 -0.54909017682075489 -0.39181731641292566 -0.83130353689193714 -0.42653231322765345 0.17532303929328921 -0.067612394690513597 -0.0090280161239206774 0.2173295468091965 -0.086365785449743257 0.018173863179981712 -0.22041474282741544 -0.11683259904384612 0.45596592128276831 -0.046124139800667756 0.59158131480216991 0.12867714464664462 -0.17280337959527967 -0.35214525461196894 -0.088317971676588045 0.50710228085517894 -0.44157198071479792 0.37926135957241064 0.030121816322207454 0.41335226595401769 -0.44258654117584223 0.38034582138061529 -0.36954462528228754 -0.066761363297700868 0.35653407871723181 0.0069352795835584411 -0.44855967164039606 0.34567753970623022 -0.37578354775905604 -0.38816855847835535 0.036895368248224265 -0.48591549694538111 -0.041402835398912423 0.11434834823012353 -0.41279838979244227 0.01278409129008651 -0.24289772659540174 1.2113604545593264 0.38210226595401769 -0.2132892310619354 1.0000000180025095e-35 -0.42770248651504511 1.3075391054153445 -0.62543895840644825 0.16583944857120517 -0.050033461302518838 -0.24711138755083081 0.29971592128276831 -0.085030119866132722 -0.093263927847146974 0.079884793609380736
decision_type=2 2 2 2 2 2 2 2 2 2 2 2 2 2 2 2 2 2 2 2 2 2 2 2 2 2 2 2 2 2 2 2 2 2 2 2 2 2 2 2 2 2 2 2 2 2 2 2 2 2 2 2 2 2 2 2 2 2 2 2 2 2 2 2 2 2 2 2 2 2 2 2 2 2 2 2 2 2 2 2 2 2 2 2 2 2 2 2 2 2 2 2 2 2 2 2 2 2 2 2 2 2 2 2 2 2 2 2 2 2 2 2 2 2 2 2 2 2 2 2 2 2 2 2 2 2
left_child=6 2 55 4 -4 -5 64 13 46 83 -11 -12 -13 14 16 48 18 -18 25 21 -21 36 23 54 -24 26 -8 34 30 -30 86 32 -22 -19 35 -28 37 38 76 40 -39 42 -41 44 -44 -42 -9 -25 50 -50 51 90 60 -54 -23 56 58 -57 -2 -45 -53 77 63 -63 65 69 68 -66 72 71 -71 -1 -67 -68 -73 85 -17 80 79 82 81 -27 -79 84 -10 -60 87 -29 -89 -90 -16 92 93 -69 96 -96 99 111 -99 100 105 120 104 110 -101 -93 -107 108 -108 -109 -103 112 113 115 -115 -98 118 -114 -117 -113 121 -102 -120 124 -105 -125
right_child=1 -3 3 5 -6 -7 7 8 9 10 11 12 -14 -15 15 19 17 33 -20 20 31 22 24 47 -26 61 27 28 29 -31 -32 -33 -34 -35 -36 -37 -38 39 -40 41 45 -43 43 59 -46 -47 -48 -49 49 -51 -52 52 53 -55 -56 57 -58 -59 75 -61 -62 62 -64 -65 67 66 73 91 -70 70 -72 74 -74 -75 -76 -77 -78 78 -80 -81 -82 -83 -84 -85 -86 -87 -88 88 89 -91 -92 94 -94 -95 95 -97 97 98 -100 102 101 103 -104 123 -106 106 107 109 -110 -111 -112 119 117 114 -116 116 -118 -119 122 -121 -122 -123 -124 125 -126 -127
leaf_value=0.0018510641908370715 0.018221977232529569 0.00011729041438317004 0.11902140863025024 -0.046316083369465834 0.026025208437231537 0.030828734740296172 -0.051050162440962513 -0.0075347471216481703 -0.073990246861089293 0.010304068218804511 -0.028533589259149564 0.01068294060672143 -0.34192695060420197 -0.045047296521426659 0.015235977521224376 0.087495467896140183 -0.011110281199624832 -0.062107452366875558 0.034436992708660033 0.091252822299825703 0.02955288701862566 0.015178918498625923 -0.13868110159675659 -0.0065710487942322567 -0.014599316638109146 -0.017053848664276533 -0.066387116516706757 0.030541441847681851 0.11237319111351236 0.018182840433178336 -0.035110154115754619 0.049441379025006914 -0.066285690720829571 -0.18124502022291011 -0.067151307399456114 0.013838721455638 0.061196633084846817 -0.11693719151621768 0.0038664729018848226 -0.042014701588057431 0.007358269873206225 -0.0039616049606982289 0.1282301837877792 0.023316752833427531 0.035612588936408493 -0.034012633464525287 0.022266194917635748 -0.071268478386301404 0.067465238605352987 -0.050981596579128916 -0.040677738988568621 0.00038421775985189073 -0.079008577327611365 -0.020462693426664836 0.091457850722593326 -0.0067915605523471163 -0.060023983463188414 0.069616673556594358 -0.021486181360558229 -0.028544856061864094 -0.038078705952515279 -0.16755335668024826 -0.01795183166644522 0.011401068310382904 -0.060262361131685649 0.044233764920061897 -0.024098091322778282 -0.0073725805718291007 0.10714741773682623 0.090238302965857636 -0.0074669208704239926 -0.097672328926081978 -0.02110457885229269 0.014051725187727916 -0.030037931670325618 0.014695763737806433 0.025450132443497905 0.0877162009024086 -0.0087613633776959694 -0.0049278230390787572 0.0094680939493742254 -0.097145030690476988 0.016134609136396375 0.0057094907213848609 -0.013832654576517183 0.010600231084647539 -0.016064256372871 -0.0091238072183028786 0.0028401336643594549 0.090427358960974744 -0.038824953504030389 0.0027488100472473991 0.05947282014901159 -0.051320239656164605 0.068212793336632646 0.0062403670389460522 -0.0032125748692599784 0.0065851936798773528 0.10400141886650219 0.051084732525222214 -0.018461724841578413 0.086298163052693 -0.058646051381830891 0.08936532668510476 -0.017197454245368556 0.025025072410564418 -0.034173987809260967 -0.069371451679994242 -0.19375530485504888 -0.020393042227659863 0.023025901825746247 -0.0060190620712877122 0.0071107430411615092 -0.069166038713734751 0.0018205916335102112 0.13666510532851314 0.008920634949043495 0.12411243552844303 0.0067171760180536758 0.022018457459242899 -0.0086229503817661472 -0.1065375271541515 0.087595445682645837 0.046710295985840831 0.0011756561858206173 0.0022002900346535163
leaf_weight=144.60581761389039 793.32037549105007 50832.341764252633 25.241362595348619 46.601699963212013 341.43036516103894 23.697038130019791 54.200361858238466 2936.3862269116798 44.275656878366135 25.577093362808228 21.060814978205599 11.271186903119089 11.216241676360367 48.574276427738369 254.26410374557599 59.071153044467792 38.660293186898343 15.789257267140782 98.63289348303806 53.215808919281699 41.659280288731679 31.096660425770096 26.149385893018916 62.505058659124188 29.580028899013996 41.602808853494935 36.772823384031653 242.19505893823225 25.42834372620564 51.317786661791615 65.019396446412429 49.528331650071777 32.040213113534264 16.451599217252806 36.994281500577927 91.702977412380278 35.408840204589069 23.212826676201075 159.59348184417468 41.620876228087582 272.78041464637499 297.39408558048308 28.732840306125581 294.13821011630353 76.207452587666921 67.046402678126469 105.26825323770754 33.034654534189031 39.239962203777395 18.586889538215473 108.48548565956298 357.33096667355858 72.399949815007858 95.199005082249641 31.994973505381495 787.92243251600303 39.146913803764619 27.810614408226684 201.66394094296265 34.30446358572226 67.717454034485854 14.369405687903056 617.69505513703916 15.391331476974299 47.034546848386526 185.03140946209896 92.30898231070023 354.14296572085004 26.237851773621514 30.155525680165738 89.66265769675374 28.032835627556778 28.535554334055632 360.61304131976794 104.95316892873961 262.75347679853439 36.341151032131165 37.78811867267359 190.00121872033924 47.39226770401001 39.462577832280658 24.702429306227714 29.497207671403885 112.32569829933345 166.09477396809962 121.44473779213149 89.095703923259862 207.7510115832556 39.770091265439987 27.00981303548906 28.058919169474393 212.964021705091 25.945432277978398 93.719181690248661 53.087558516184799 71.886446982622147 89.765114581095986 66.503357000648975 29.559365330147557 29.043977103894576 40.118360377615318 32.676563645363785 83.811170800123364 25.158684223890305 124.34121782146394 71.304538536584005 18.468909618677571 44.393107813666575 14.976442931685595 240.72863326664083 71.176834447192959 851.38510303164367 17.303562894114293 28.713528885855339 168.29401052300818 22.75031878973823 72.355412175762467 19.065356787759811 25.014768123626709 168.18115573353134 161.07814169407357 22.872624916955829 25.500589103787206 48.910238980897702 20.983418991672806 677.41683688212652
leaf_count=221 1269 74555 66 71 486 43 118 4278 88 28 32 17 68 72 383 113 72 27 158 123 59 46 74 77 47 59 62 379 70 74 107 77 56 60 61 132 64 58 210 82 409 401 75 397 103 92 164 60 90 31 155 484 144 125 71 1122 74 52 299 60 110 56 937 28 77 281 135 532 62 64 127 61 39 524 165 346 56 75 254 58 65 61 36 139 272 187 122 300 49 58 48 299 70 157 93 88 118 96 70 45 53 67 156 51 176 113 33 84 55 363 101 1225 34 53 220 62 100 51 29 242 247 59 52 92 31 919
internal_value=-8.01834e-05 0.00049025 0.00756727 0.0242762 0.0328139 -0.0190223 -0.00229584 -0.00435018 -0.00841513 -0.0232852 -0.0588802 -0.100967 -0.165722 -0.00160438 -0.00116711 0.00276953 -0.00631419 -0.0637111 -0.00434635 0.0100563 0.0369498 0.00711758 -0.0164578 0.00359226 -0.0738113 -0.00627765 0.00162089 0.00486497 0.0110369 0.0504146 0.00640029 0.0128552 -0.0115344 -0.125234 -0.0225889 -0.00916537 0.0107076 0.00934459 0.0267152 0.00538284 -0.00860622 0.0120239 0.0221446 0.0285612 0.0619139 -0.000765627 -0.00647845 -0.0296163 -0.00989026 0.0277505 -0.0121967 -0.00857201 -0.017266 -0.0460964 0.05448 0.00427137 0.00907379 -0.00402042 0.0111243 0.0176547 -0.00573203 -0.0135436 -0.0206845 -0.0737427 0.00102755 0.00886031 0.0191556 -0.00100953 0.0434772 -0.00894181 0.0171116 -0.0204436 0.0351242 0.00613884 -0.0450056 0.00143 0.0642391 -0.00216993 0.00602707 0.0308603 -0.0259846 -0.0480614 0.057052 -0.0154157 -0.026916 -0.00924153 0.0109938 0.0157971 0.0025942 0.0391767 0.00949438 -0.000305846 -0.0123149 -0.0167517 0.00124349 0.0329822 9.46878e-05 0.00583291 0.0374618 -0.00456711 -0.00190347 0.00547828 -0.0234184 0.0123296 -0.00375263 -0.0154409 -0.025527 -0.0371045 -0.107638 -0.0283896 0.0436199 0.00373702 0.014823 0.0099853 -0.00854294 0.0256758 0.0438836 0.0694755 0.077638 -0.00132301 -0.0209916 -0.0516626 0.0491841 0.00801883 0.0482019 0.00533186
internal_weight=67298.8 53503.4 2671.03 436.97 366.672 70.2987 13795.5 8534.68 3433.48 391.821 69.1253 43.5482 22.4874 5101.21 5052.63 2857.94 2194.69 70.9011 2123.79 1816.66 176.444 1640.21 214.361 158.631 55.7294 2025.16 967.258 913.057 747.587 76.7461 670.841 123.228 73.6995 32.2409 165.47 128.476 1425.85 1390.44 255.006 1135.44 363.04 772.398 475.004 433.383 104.94 339.827 3041.65 95.5397 1041.28 57.8269 983.456 874.97 592.647 167.599 63.0916 2234.06 1418.33 815.733 1379.18 328.443 425.048 1057.9 647.456 29.7607 5260.77 1090.14 692.727 4170.63 239.805 397.41 119.818 277.592 213.567 452.922 132.986 585.862 95.4123 410.447 304.679 114.678 105.768 66.3052 67.2853 322.696 210.37 323.109 605.822 516.726 274.531 66.7799 282.323 4123.6 473.808 447.862 3649.79 124.974 3524.82 1584.39 96.0627 1940.42 1703.23 1100.39 237.196 876.323 153.385 602.836 389.872 318.567 33.4454 285.122 103.853 1488.33 468.763 432.394 197.008 235.386 145.621 36.3689 73.2657 1019.57 224.069 62.991 50.5154 772.469 46.1421 726.327
internal_count=99578 78570 4015 666 552 114 21008 13016 5086 644 145 117 85 7930 7858 4380 3478 159 3319 2810 315 2495 375 254 121 3161 1532 1414 1159 144 1015 192 115 87 255 194 2120 2056 379 1677 559 1118 717 635 178 501 4442 137 1570 121 1449 1294 863 269 117 3349 2175 1174 2101 457 594 1629 1021 84 7992 1679 1041 6313 382 638 191 447 320 659 226 832 169 608 423 169 185 120 111 499 360 486 908 786 407 107 431 6236 759 689 5477 181 5296 2352 166 2944 2567 1620 377 1261 221 947 648 535 88 447 168 2186 719 634 273 361 243 85 143 1467 359 112 81 1093 82 1011
is_linear=0
shrinkage=0.095553


Tree=37
num_leaves=127
num_cat=0
split_feature=13 17 19 14 10 19 1 3 17 17 4 3 20 19 3 3 19 20 21 17 20 19 4 20 1 17 14 16 10 11 10 21 1 20 17 14 10 20 11 11 14 19 1 0 17 9 19 16 19 11 10 4 17 5 11 4 16 1 14 21 19 17 20 8 20 1 10 16 11 17 21 11 10 17 19 19 20 17 21 14 16 4 0 4 10 0 8 3 20 0 1 17 1 1 11 16 10 10 21 0 17 5 9 20 16 17 0 17 16 11 9 17 21 19 5 9 10 3 3 19 20 4 9 8 20 20
split_gain=7.29475 6.76077 15.8946 20.5858 12.6252 15.7446 13.3583 15.5128 35.9458 9.00394 18.6401 13.9463 16.1653 10.4546 9.60204 9.58367 27.4384 11.855 10.0704 17.3521 10.0575 13.5701 12.7548 10.995 12.4309 15.477 9.512 9.82028 9.38124 9.11754 11.6249 8.92979 10.5565 10.0139 10.5698 9.73451 8.80517 11.6469 10.6025 8.76639 8.27715 7.98037 16.3887 11.5914 9.43452 7.87227 7.80315 16.5053 10.4328 19.0711 11.9755 10.4048 14.6876 17.2037 9.73133 18.7251 12.4644 10.8525 7.77398 7.76225 11.3664 10.4721 10.1557 10.0953 8.37392 8.03066 10.5219 8.99987 7.5021 7.14602 13.6669 8.30292 10.7428 9.83997 8.18193 13.5301 18.0172 11.6071 8.89829 8.29788 7.90165 7.11762 16.9254 7.01059 12.0151 6.75628 6.65756 6.50154 6.4036 12.4328 10.1839 8.02497 6.31872 6.2559 6.25535 7.3384 6.22464 6.10737 13.8307 11.3854 10.3034 5.98748 5.9681 5.92886 5.79248 5.72236 7.21653 5.68201 5.62672 12.6721 11.404 8.60765 9.00917 8.99209 14.7705 11.8963 10.8932 8.45272 8.22482 14.1722 10.408 8.90563 10.1563 8.16584 9.99177 9.19581
threshold=-0.52624902129173268 -0.32503955066204065 0.17302466183900836 0.52884504199028026 0.3033579289913178 0.54539003968238842 0.30823864042758947 0.30064630508422857 -0.52002733945846547 -0.14687904715538022 -0.44622801244258875 0.35627987980842596 -0.17417909950017926 -0.18375552445650098 0.12502200156450274 0.28063790500164038 0.23845902085304263 0.67905259132385265 -0.15350548923015592 -0.069646194577217088 0.37645372748374945 0.48706185817718511 -0.4771131426095962 -0.18262697756290433 -0.21448864042758939 0.57586652040481578 1.3075391054153445 -0.58508780598640431 0.018147193826735023 -0.50933390855789173 0.32322397828102117 -0.54021719098091114 0.32812500000000006 -0.15606956183910367 -0.21915000677108762 0.65821999311447155 0.26320272684097296 0.071482531726360335 -0.17833337932825086 -0.57973206043243397 0.37284173071384435 -0.12239116430282591 -0.024147727526724335 0.12642045319080356 0.029519631527364257 -0.43147850036621088 -0.11001310497522353 -0.48108032345771784 -0.09773752465844153 -0.21317752450704572 -0.11885955184698103 -0.49807056784629816 0.48414354026317602 -1.0000000180025095e-35 -0.11820790544152258 -0.4539192914962768 -0.17846626788377759 0.45596592128276831 0.195344053208828 -0.16132759302854535 0.27974697947502142 0.42887961864471441 0.014412305783480408 -0.51483502984046925 0.074003290385007872 -0.12357954680919646 0.1648802384734154 -0.52989488840103138 -0.66768732666969288 0.55130878090858471 -0.34188778698444361 -0.25325688719749445 -0.011989357415586708 0.32606464624404913 -0.063054207712411867 -0.14815028756856916 0.078978471457958235 1.0000000180025095e-35 -0.073980789631605134 0.11138741672039033 -0.26944963634014124 -0.17965868860483167 0.098011363297700896 -0.46789334714412684 0.48291525244712835 0.38778407871723181 -0.67293089628219593 0.46854946017265325 0.20309355109930041 -0.29687499999999994 0.32812500000000006 -0.20059686899185178 -0.15198864042758939 -0.29971592128276819 -1.2148020863533018 -0.49762164056301111 -0.085030119866132722 -0.061531772837042802 -0.15741654485464093 0.06960227340459825 0.40399827063083654 -1.0000000180025095e-35 -0.092045374214649187 -0.12763735651969907 -0.24566707015037534 0.13300014287233355 -0.17471590638160703 0.48709189891815191 -0.12853026390075681 -0.35833123326301569 0.91258758306503307 0.44167985022068029 0.061602313071489341 -0.0059481500647962085 1.0000000180025095e-35 0.17892650514841082 -0.13237105309963224 -0.40443611145019526 -0.41864693164825434 0.17699311673641208 -0.10040592402219771 -0.028517822735011574 0.24710324406623843 -0.11274415999650954 0.24285500496625903 0.21381334960460666
decision_type=2 2 2 2 2 2 2 2 2 2 2 2 2 2 2 2 2 2 2 2 2 2 2 2 2 2 2 2 2 2 2 2 2 2 2 2 2 2 2 2 2 2 2 2 2 2 2 2 2 2 2 2 2 2 2 2 2 2 2 2 2 2 2 2 2 2 2 2 2 2 2 2 2 2 2 2 2 2 2 2 2 2 2 2 2 2 2 2 2 2 2 2 2 2 2 2 2 2 2 2 2 2 2 2 2 2 2 2 2 2 2 2 2 2 2 2 2 2 2 2 2 2 2 2 2 2
left_child=1 2 3 -1 -4 -6 7 101 -9 10 14 12 26 92 103 20 17 68 19 -18 21 23 -22 24 25 28 39 -28 -11 86 -31 32 -13 34 -33 88 37 38 -15 -12 -8 42 43 -26 58 -39 47 85 49 -48 -50 52 53 -52 56 -56 97 -58 -43 60 61 65 81 -63 -64 -53 -67 -68 -17 71 -71 72 -70 87 75 76 77 -73 105 -77 -78 82 -61 -46 -85 107 -23 -74 90 -90 91 -35 -14 -41 -65 -96 -80 99 -99 100 -49 -7 -40 -3 -47 -76 -107 -25 110 118 111 112 -2 116 -115 -116 -114 -118 119 120 -110 122 -120 -113 125 -125
right_child=108 9 4 -5 5 6 40 8 -10 15 11 31 13 36 -16 16 18 -19 -20 -21 22 29 -24 46 41 -27 27 -29 -30 30 -32 33 -34 35 -36 -37 -38 45 102 93 -42 44 -44 -45 83 104 48 54 50 -51 51 59 -54 -55 55 -57 57 -59 -60 62 -62 63 64 94 -66 66 67 -69 69 70 -72 74 73 -75 78 79 80 -79 96 -81 -82 -83 -84 84 -86 -87 -88 -89 89 -91 -92 -93 -94 -95 95 -97 -98 98 -100 -101 -102 -103 -104 -105 -106 106 -108 -109 109 -111 -112 123 113 114 115 -117 117 -119 121 -121 -122 -123 -124 124 -126 -127
leaf_value=-0.10768438691802278 0.00075127648383223225 -0.00029409147548980499 0.019846882801763974 -0.0096405032950155241 -0.024056766400105425 -0.0024207010965705423 0.015730463855032864 0.024815470829462363 -0.14879345372144115 0.10881684218913325 -0.032331197474239223 0.056579081939381083 0.027838351532540034 0.13811560064775341 0.022611909298566962 0.044499693544362222 0.017786447259344772 -0.053520631690819831 0.027457803661488627 0.12954705683167211 0.086973222174767065 -0.036037880011208966 0.0095430536622860707 0.054774152938179596 -0.09769662169982514 0.0047781932359618091 0.074461817502490174 0.00091834502477228849 0.039399032332688926 -0.10578297398921886 -0.027303057761856601 -0.0026302400553973823 -0.012498043137838996 -0.0062241615935582839 -0.084763663966952951 0.055040894537933732 0.026033165115525326 -0.006019087571365698 0.023437324185056875 0.050127604804885435 0.088233904587518591 -0.043754729538063163 0.02164423448363572 -0.015964054377227477 -0.0009170090138434239 0.092882195726681313 0.015887269441380029 -0.075175867372031288 0.026088827914366765 -0.095498356491343403 0.10465627940447907 -0.0072956505742552448 -0.036258583782806539 0.010035824039145181 0.083736930821798478 0.0042540686075023624 -0.10620826081574966 -0.012610990982271633 0.0061583489361175508 -0.024565460924229052 0.039927050580776897 0.064620930731137213 0.016439323138278197 -0.038466265633531435 -0.016854448662183934 -0.016665569047091971 -0.034266703916438809 -0.13018395320106585 0.056442609919025437 -0.018942743010255784 0.028658506007058462 -0.030857530843110197 0.0039768802531517508 -0.014823710174272364 -0.011952758477978517 0.010668037891012911 -0.012785081104119718 0.010444205455209934 0.036528279935584919 0.060123221384947946 -0.086942176333746027 -0.023607497039437281 -0.12863675863623178 0.083533690765380503 0.007747610174258201 -0.007425798716115573 0.031253513456851796 0.027435819349767198 -0.014023865626163645 0.074837018149252227 0.026472140852331679 -0.057267370694516324 -0.026128425918025274 0.0025834405343901287 0.02269502223142621 -0.022057268047102663 -0.013925452413138176 -0.012495395470452161 0.031916809057240626 -0.0033248708157513733 -0.00096961547944139702 0.037772987300762888 0.091805691376099924 -0.038371653733666973 0.032885297610348106 -0.086092988588427913 -0.015701466513915262 0.0076965025459999415 0.014605620321382925 9.6402729747330343e-05 -0.047666560707142404 -8.7335724722197987e-05 0.014768085900256762 -0.011240068516788392 0.0059094548731329841 0.064488026245998031 -0.077222390035610419 -0.023206253548775594 -0.00089205833311264211 0.012656261798158723 0.095205109409633393 -0.015680788424193522 0.033934793339635193 -0.011287348011717617 0.017593115599342776 -0.052552428122408193
leaf_weight=29.026123376446776 8396.2012322868686 58.084530275082216 197.25105653447099 56.386604947852902 276.15479321521707 94.113308937405236 34.118273209664039 21.848361708107404 18.826514460844919 23.75192548870109 56.816947223269381 49.158540196018293 47.035761749371886 26.085828487179242 46.648814914282411 42.468186646699905 22.601708143949509 29.621091772569343 82.930448505096138 29.484933770028874 24.410369231249206 22.639398270635866 85.738803237210959 88.782061864971183 27.250684238271788 110.69732394814491 34.874655547202565 27.684329330921173 77.405801269458607 23.48230780067388 64.40225781861227 30.547848904156126 30.348174184560776 64.992000535130501 26.664597675204277 26.487372841569595 128.40540982503444 25.402927279472351 24.159942299127579 28.074133182875812 25.678886510548182 35.547570621478371 46.307647855137475 38.040420800447464 39.102669060230255 22.710237298160791 22.048400521278381 44.433671485516243 97.267140752519481 31.461833679699339 25.23717013373971 306.017397255986 28.396917223930359 53.549991001957096 28.324200595612638 294.72659455193207 20.688825909979641 25.006461542099714 111.11011718015652 39.548825725098141 48.688281656941399 25.613752742414363 85.430273354053497 27.382170354132541 309.63553437381051 82.423364890622906 21.667238769936375 16.501478796824813 40.314294138574041 68.523137340205722 236.97423374035861 79.77859144366812 279.29292266373523 147.81048110127449 38.5961194668198 104.16351393784862 22.974858872592449 256.1908385931747 26.050010999548249 44.187463886686601 33.260376875987276 141.74267614004202 22.040587432216853 38.951622156542726 37.916444815695286 28.099004947231151 28.349498923867941 179.56332565040793 31.546637775027193 23.006851227837615 38.030845837434754 50.490041329176165 30.950574952526949 177.52995974314399 113.20994566730224 44.349117873120122 110.18526494782418 152.7222917873878 106.43065464298707 212.83711958653294 25.974720819853246 48.855822011595592 25.342326714657247 108.78791709977668 49.10908543644473 37.049059539102018 22.351378092193045 33.828983694314957 24.07848684291821 46582.889586553327 47.91175915626809 1098.2515615689335 59.426713801920414 790.87207467877306 414.9744998824317 32.690340369939804 29.16517487319652 238.58744672441389 166.92890899220947 158.63863096933346 40.651310498244129 123.46608806855511 134.40056577522773 1508.5391535108211 103.31833776086569 49.900456405710429
leaf_count=70 12261 77 304 75 401 127 48 42 61 61 84 86 66 71 70 64 27 54 132 77 56 50 109 144 60 129 67 32 115 65 93 48 42 85 60 46 196 35 30 48 65 53 77 47 44 46 26 83 190 76 62 434 43 76 60 424 54 35 133 57 79 47 115 51 458 107 37 55 75 102 336 118 369 206 52 149 38 334 39 74 72 225 58 77 52 50 41 253 51 45 63 90 52 251 152 76 161 201 147 288 47 77 52 169 73 73 30 41 42 68474 81 1665 81 1218 591 58 57 345 241 207 91 186 202 2165 150 93
internal_value=0.000151585 0.00296858 -0.00528369 -0.0438609 -0.000572301 -0.0084366 0.00907358 -0.00340166 -0.0545846 0.00397074 0.0111472 0.0162883 0.0241845 0.0375964 -0.0144201 0.00223902 0.00761904 0.00446904 0.0489141 0.0820045 -0.000774524 -0.00173011 0.0273763 -0.000440317 0.0113484 0.0297753 0.00837555 0.0413255 0.0566182 -0.0307864 -0.0493807 0.00119216 0.02935 -0.00642798 -0.041787 0.00210933 0.0456893 0.0599533 0.0883508 0.00017538 0.0478412 0.000770789 -0.0203339 -0.0510797 0.00994418 0.037117 -0.00311543 0.00315133 -0.00746283 -0.0483855 -0.00593019 -0.0082233 0.0199857 0.0414752 -0.00164231 0.0115753 -0.00899987 -0.0560687 -0.00578761 -0.0106363 -0.0036143 -0.00707911 -0.018597 0.0101472 -0.00950494 -0.0157138 -0.0365449 -0.0775139 0.0055022 0.00448998 0.0177218 0.00160262 0.00960525 0.00633161 -0.00502385 0.00134677 -0.00783567 0.00039943 -0.0198972 0.0258492 -0.0570699 -0.0359628 -0.0632485 0.030216 0.0468953 0.0322791 -9.4517e-06 0.0132767 -0.00462951 0.0226936 -0.0147867 -0.0290513 0.00593896 0.00949544 0.00210517 0.00964373 -0.00380014 -0.00485516 0.00558375 -0.0145611 -0.0475112 0.0110687 0.0601476 -0.0252919 0.0530105 -0.0417304 -0.0603877 0.0420837 -0.000198133 0.000282117 -0.00197804 -0.00179804 -0.000484568 -0.0071376 -0.00337118 0.0104179 -0.0212167 -0.0294908 0.0135324 0.0283784 0.0657276 0.00560035 0.0145019 -0.00651978 -0.0107438 -0.0126715
internal_weight=67465.7 7464.78 802.26 85.4127 716.847 519.596 243.441 183.644 40.6749 6662.52 1288.98 1075.46 704.182 379.202 213.521 5373.54 1934.37 1799.36 135.017 52.0866 3439.17 3329.02 110.149 3190.15 586.082 211.855 324.98 62.559 101.158 138.873 87.8846 371.273 79.5067 291.766 57.2124 234.554 301.216 172.81 75.5881 262.421 59.7972 374.227 111.599 65.2911 262.628 97.2223 2604.07 1061.85 1542.21 53.5102 1488.7 1391.43 107.184 78.7872 911.145 323.051 588.094 45.6953 146.658 1284.25 685.853 637.164 598.398 210.555 395.066 426.609 120.592 38.1687 1769.73 1727.27 305.497 1421.77 646.981 606.667 774.787 540.556 392.205 335.969 234.232 148.351 56.2352 203.332 61.5894 115.971 76.8681 150.71 50.9889 458.856 208.066 54.5535 153.513 115.482 77.9863 205.604 184.941 157.559 136.235 542.398 259.153 283.246 70.4084 142.969 49.5023 166.872 71.8193 97.9966 59.4004 122.611 60000.9 47231.1 12769.8 12721.9 9961.92 1565.72 1238.54 447.665 327.179 267.753 648.164 223.368 64.7298 424.796 301.329 2760.01 1661.76 1558.44
internal_count=99608 11400 1270 145 1125 821 420 307 103 10130 2035 1719 1103 621 316 8095 2835 2599 236 104 5260 5095 165 4846 848 305 482 99 176 249 158 616 128 488 108 380 503 307 153 383 113 543 184 107 359 154 3998 1574 2424 102 2322 2132 181 138 1339 484 855 89 186 1951 1038 959 913 326 573 633 199 92 2545 2481 438 2043 903 828 1140 785 562 452 355 223 110 340 115 173 129 235 91 622 334 96 238 175 118 299 279 228 200 766 348 418 130 204 82 246 119 155 103 185 88208 69443 18765 18684 14611 2350 1867 649 483 402 969 340 133 629 443 4073 2408 2258
is_linear=0
shrinkage=0.095553


Tree=38
num_leaves=127
num_cat=0
split_feature=18 21 12 0 21 21 1 21 18 12 4 1 21 12 1 18 20 3 19 21 5 21 10 3 12 18 18 21 3 18 17 0 10 21 10 18 3 18 19 21 12 1 10 16 7 20 12 12 11 4 10 4 3 19 4 1 18 4 8 10 1 3 18 16 0 20 0 13 12 1 17 4 4 21 12 16 0 10 4 18 0 4 17 17 17 0 12 3 3 21 11 0 11 13 0 20 3 19 10 8 10 12 3 5 12 10 18 0 13 1 18 11 17 0 1 5 16 13 3 17 15 3 5 20 11 21
split_gain=11.8237 13.0237 9.89091 10.7655 26.758 15.7717 12.1448 9.46424 11.6382 17.6539 28.3623 17.637 32.8271 16.247 17.7555 15.1154 21.9791 20.1862 33.005 29.317 13.1463 12.3759 19.4391 16.1011 18.3433 14.712 14.5427 14.4371 15.7288 12.1357 11.8009 17.0163 23.7338 18.2386 18.6013 16.8179 26.1694 15.156 13.2351 14.818 13.1957 43.162 12.9624 12.0448 11.7317 11.5831 11.1736 21.3119 20.9041 72.0537 46.2575 60.3376 20.01 16.1517 14.2792 11.2215 11.0698 11.938 23.1939 26.348 10.9843 23.2531 22.3012 18.5112 14.8886 44.6366 10.9031 19.0993 10.924 10.8364 10.8205 26.1853 30.3086 13.7071 16.1266 20.8487 22.1477 19.5828 17.1734 13.5324 12.828 12.6155 15.5954 19.1574 14.0448 13.4627 13.4184 12.5608 31.4509 23.4269 10.9036 16.1657 14.3777 10.7189 10.7159 10.4564 11.2555 10.3885 10.2862 16.6385 10.9148 10.1459 11.7451 27.0919 11.5449 11.8243 22.0261 18.2123 38.912 10.1791 57.955 19.3155 10.1361 10.0744 9.9066 13.9559 9.90346 18.8544 9.87451 11.8318 13.3242 9.64894 10.4906 11.7541 9.60566 9.59947
threshold=0.57462233304977428 0.70145350694656383 0.31916524469852453 -0.18039772659540174 0.5283210575580598 0.25323729217052465 -0.2201704531908035 0.50941765308380138 0.29731050133705145 0.19337335973978045 -0.49624775350093836 0.29119317233562475 0.2173925116658211 0.32477416098117834 0.27982954680919653 0.45690877735614782 0.3941877037286759 0.23870303481817248 0.36286306381225591 0.28029850125312811 0.37500000000000006 0.26839587092399603 0.12886918336153033 0.45167937874794012 -0.034185249358415597 0.078328154981136336 0.27762436866760259 0.40447111427783972 -0.20203755795955655 0.096665639430284514 -0.20059686899185178 0.34801135957241064 -0.14364758878946302 0.15351200848817828 -0.099170297384262071 0.21669483184814456 0.45878548920154577 0.27269172668457037 0.037188343703746803 0.18545226007699969 -0.020811892114579674 -0.049715908244252198 0.098682526499032988 0.23590450733900073 0.031137611716985706 0.28163591027259832 0.055008575320243842 0.16962835937738421 0.24897039681673053 0.12489546835422517 -0.08119435608386992 -0.46114358305931086 -0.093194048851728425 0.17699311673641208 -0.49624775350093836 0.48153407871723181 0.20928438752889636 -0.4010626077651977 0.11903879791498186 -0.11703170090913771 -0.055397728458046906 0.43606831133365637 0.22304980456829074 0.41524815559387213 -0.029829545877873894 0.071482531726360335 0.20028409361839297 0.14671968668699267 0.26368781924247747 0.41619317233562475 0.57421258091926586 -0.077174432575702653 -0.4942971915006637 0.18545226007699969 0.14448256045579913 0.22148434072732928 0.28267045319080358 -0.020908495411276814 0.028504603542387489 0.097786504775285735 0.45596592128276831 -0.34561544656753534 -0.058320147916674607 0.20732057839632037 0.052243635058403022 -0.17471590638160703 -0.16658090054988858 0.45167937874794012 0.10119250044226648 0.025751011446118358 0.25789695978164678 -0.14346590638160703 0.13752573728561404 -0.22644174844026563 0.21164772659540179 0.67905259132385265 -0.46541532874107355 0.0089619513601064699 0.088691044598817839 -0.037778530269861214 -0.033570837229490273 0.0118238995783031 0.47156198322772985 1.0000000180025095e-35 0.20736420899629596 0.32322397828102117 0.15989314764738086 0.27982954680919653 0.10847576707601549 -0.024147727526724335 0.22366008907556537 0.11733906716108324 0.01427441416308284 0.45596592128276831 0.26846592128276831 -1.0000000180025095e-35 0.34035547077655798 -0.26885329186916346 0.2599740624427796 -0.29666906595230097 0.22274193912744525 -0.47156198322772974 -0.37499999999999994 0.39831876754760748 0.18470544368028644 -0.014663181733340023
decision_type=2 2 2 2 2 2 2 2 2 2 2 2 2 2 2 2 2 2 2 2 2 2 2 2 2 2 2 2 2 2 2 2 2 2 2 2 2 2 2 2 2 2 2 2 2 2 2 2 2 2 2 2 2 2 2 2 2 2 2 2 2 2 2 2 2 2 2 2 2 2 2 2 2 2 2 2 2 2 2 2 2 2 2 2 2 2 2 2 2 2 2 2 2 2 2 2 2 2 2 2 2 2 2 2 2 2 2 2 2 2 2 2 2 2 2 2 2 2 2 2 2 2 2 2 2 2
left_child=7 2 -2 -4 5 -5 -6 8 21 11 44 12 -10 66 -15 16 20 -18 -19 -20 -13 29 23 26 -25 -24 45 -28 -29 125 31 33 -33 34 -31 70 -37 -38 39 -35 41 -36 -43 -41 -11 113 52 48 95 50 51 -50 -9 -52 -49 98 57 -47 59 -59 62 63 -40 64 118 -66 68 -68 -12 101 73 72 -72 79 78 77 -77 -76 81 87 112 -75 -83 84 86 -85 -84 88 -32 -90 91 -74 -93 -73 -86 -48 -97 -87 99 -54 -101 -42 104 -104 109 106 107 108 -106 110 -103 -111 -81 -23 115 -63 117 -70 -62 120 -120 122 123 -14 -78 -1
right_child=1 -3 3 4 6 -7 -8 46 9 10 13 15 121 14 -16 -17 17 18 19 -21 -22 22 25 24 -26 -27 27 28 -30 30 35 32 -34 38 40 36 37 -39 60 43 69 42 -44 -45 -46 56 47 54 49 -51 53 -53 55 -55 -56 -57 -58 58 -60 -61 61 114 -64 -65 65 -67 67 -69 116 -71 71 93 90 74 75 76 124 -79 -80 80 -82 82 83 85 94 97 -88 -89 89 -91 -92 92 -94 -95 -96 96 -98 -99 -100 100 -102 102 103 -105 105 -107 -108 -109 -110 111 -112 -113 -114 -115 -116 -117 -118 -119 119 -121 -122 -123 -124 -125 -126 -127
leaf_value=0.00015298460260761487 0.028702674422676763 -0.0025139589685941387 -0.018605890994235572 0.024542560394235659 0.024306371180694817 0.11475284501012625 -0.016846866519491993 0.041174203596895734 0.12100650665993828 -0.13169835222925905 -0.013298544828872933 0.012755921502086839 -0.045286558556977045 0.029413820645581928 -0.030809375249447473 0.031264933411732566 0.00816757101708478 -0.02411413647367534 -0.049769027608377467 -0.22603332569876392 -0.023734883476927007 -0.010426650450251899 -0.038891061019254825 0.03314680332267813 -0.014578085060506129 0.010254552915255604 0.041191406821617801 -0.064028333275716262 0.019827027705569378 0.061145957677433992 0.012292371874413302 0.10509450542500393 0.010153619570607829 -0.023504862760894009 -0.1389052416131123 0.023509170359486225 -0.00064349013032813753 -0.063417617752272046 -0.027822600210125323 -0.14708962738956147 0.046076394080964929 0.021260352434035241 -0.017594458106091178 -0.041955559800283086 -0.035086245701413971 -0.026641088331656106 0.0042225623809763512 0.046502512730020401 -0.067144532574633611 0.014854971017696282 -0.0085697298938484934 -0.3882234359311077 0.060701940917814584 -0.12162391364563344 -0.0079156555735723291 0.04172859141917732 -0.020124564829745624 -0.041687739226363124 -0.011890844251293876 -0.23408415592132703 -0.016299227181463649 -0.0031785345618717377 0.026471887538092414 0.023762067112240784 0.0011806639207238422 -0.25963433747817832 0.058776918344314283 -0.009807602279216808 -0.021832326378686529 -0.031715336291262983 -0.039444527409630205 0.031427013063392101 0.030181174715490807 -0.0095886199876360507 0.12225385312883276 -0.031428756463198634 0.079474600739907905 0.026355824881781557 -0.017478180281122021 0.0069340037495590539 0.054520497713139826 -0.0296932423719335 0.07466754587058301 -0.040674259998524705 0.095482214666734136 -0.028175530224843516 0.010531927216648994 -0.024984602731436746 0.047834124383624145 0.17643431523690861 0.014873435231048487 0.15618003377106798 0.065770395390769898 -0.0090651895184507732 0.015914338237299111 -0.0040024176270868558 -0.081244482748268204 0.026404654374548094 -0.028636404527146522 -0.047865249895858823 0.0077890914791942144 0.17981118151160949 0.0061312637270907796 -0.066092934258623587 -0.18775549953039128 0.008887403671712259 0.011645728180225615 0.023114319791529978 -0.032136609040895131 0.033117518602375544 0.0019999356350180859 -0.017275063610327601 -0.00087609895437463765 -0.063963469252270908 -0.021866795232170239 0.085207999714728283 -0.0063959273906837553 -0.14790358230358497 -0.16516046507137214 -0.02839617405680632 -0.048667424116726005 0.018575233257069935 0.037740392980504175 0.018741455791176295 0.012680191122547388 -0.0028003191411974482
leaf_weight=30262.892203015974 347.12798275670502 543.71979256579652 109.40664855018258 39.414691879996099 115.29439202835783 32.963890506653115 146.15748928242829 103.53769665560685 25.885470753652044 19.779829922830686 147.42879264929798 393.43037339800503 70.608449871302582 218.5734601195436 53.685532160103321 116.0136573187774 63.748070478439331 84.043971419334412 18.758718253928237 16.237963103572838 114.25903858046513 1651.6815860094503 57.777078204788268 156.05816925177351 134.16857877164148 765.89599836315028 85.924838780309074 33.108785055112094 46.432932734489441 41.822669722954743 155.06075392663479 24.986985766794533 262.59348447748926 91.024180678883567 23.140450809383765 795.97128076478839 153.7414995363215 44.28044579573907 125.858989586588 19.43458018952515 51.371035226504318 98.052964884787798 350.48765466501936 22.396018907427788 29.088722400018014 57.908713208162226 111.28122685453855 45.038078175508417 10.051952713751236 55.405463524977677 20.397721778601408 11.54310338408686 36.387987736961804 26.662572216824628 698.23580415255856 38.320811685174704 308.2474218250718 12.079571060836317 19.182462369906716 14.489638660335912 59.988600596785545 34.539658531546593 148.44193814892787 27.27004764683079 10.571938131004574 11.07888620905578 41.729503221809864 241.36828673374839 21.700415551662445 75.266220148187131 40.424468237906694 70.705682751955464 93.203028873656876 629.01676574000157 25.149140365538187 108.14919901639223 25.46516083239112 78.55271090567112 884.30990309885237 2887.4221953060478 42.39936329133343 77.843650144408457 33.288453735411167 69.546696516918018 45.268312406144105 43.144556069746614 220.81489184196107 35.065167086431757 36.559391215443611 20.066259521292523 71.71021756529808 21.150905364775099 75.34568612347357 331.76809281855822 24.770228564739227 35.148554384708405 33.515591545961797 102.78519777953625 164.25671436404809 45.938349045813084 92.983329189824872 21.783871932304464 144.0405430381652 67.859755444340408 19.313657668186352 395.77685189340264 94.646759056020528 20.148784726858139 53.528187683550641 166.26653403881937 60.609947731369175 115.19382189610042 3173.6502555740299 31.227573722717352 48.207746010040864 26.663321507978253 21.466511458158493 21.768067921511829 18.118271465878934 35.813779518008232 19.700731953489594 1062.3061258690432 32.944749579764903 38.065288250683807 79.178541179513559 15022.070570798125
leaf_count=44448 507 811 151 52 172 85 198 149 63 55 194 533 111 364 73 169 82 105 30 72 145 2281 91 234 178 1082 129 57 61 74 214 59 352 128 73 1220 234 86 198 58 89 127 516 34 45 79 153 86 19 82 32 81 63 69 1012 58 474 18 29 63 75 44 213 54 23 58 67 306 29 117 69 112 128 924 70 139 52 105 1285 4227 76 115 59 104 105 71 318 57 56 66 89 62 126 465 30 40 68 126 255 73 111 73 203 123 70 525 137 25 85 247 95 162 4439 73 59 52 25 67 61 49 30 1570 53 54 104 22205
internal_value=-0.000125665 0.00877344 0.0166063 0.00701244 0.0155808 0.0663602 0.00117505 -0.000305543 -0.000129441 0.00583468 -0.00598401 0.0106023 0.0177998 -0.00141951 0.0172006 -0.000310823 -0.005741 -0.0340321 -0.0572339 -0.13373 0.0043913 -0.000405012 -0.00603077 -0.0101594 0.0108738 0.00668208 -0.0128899 0.0140888 -0.0144144 -7.9977e-05 0.00245874 -0.00305807 0.018845 -0.00560802 -0.000492894 0.00392817 0.0157529 -0.0150494 -0.0186903 -0.045801 -0.00202355 -0.015683 -0.00895699 -0.0924205 -0.0752876 -0.0150555 -0.00773283 -0.0132806 -0.0345555 -0.0646683 -0.129541 -0.243566 0.00421869 -0.0744204 -0.00449219 -0.00584497 -0.0294627 -0.056541 -0.0929395 -0.149696 -0.0122044 -0.0250627 0.0013408 -0.0459046 -0.0587504 -0.131039 -0.0117597 0.000313249 -0.028062 0.00295771 0.00268475 0.0140755 0.0352987 0.00176577 -0.00429811 0.0157206 -0.00110917 0.0505718 -0.00730421 0.00411067 0.00321409 -4.4095e-05 0.00960938 0.0154433 0.0301094 -0.00637583 0.0193878 0.0259929 0.0348949 0.0950254 0.0473071 0.0593602 0.0868459 -0.0017347 0.0678255 -0.0134603 -0.0423572 0.00971287 -0.0115116 0.00427939 -0.0103993 0.00518506 0.00329164 -0.0168863 0.00787183 -0.000368936 -0.0201104 -0.0529764 -0.0753313 0.0211986 0.0506317 0.0123268 0.002837 -0.0114899 0.0091785 0.0347684 -0.0605007 -0.0865871 -0.0460556 -0.0693582 -0.106493 0.0154426 -0.00762225 -0.0222411 0.0296635 -0.000825663
internal_weight=67656.6 1334.08 790.365 443.237 333.83 72.3786 261.452 66322.5 64793.8 2852.89 816.589 2036.3 1229.81 767.721 272.259 806.492 690.478 182.789 119.041 34.9967 507.689 61941 3374.18 2550.51 290.227 823.673 2260.28 165.467 79.5417 58566.8 13281.8 2786 287.58 2498.42 1799.31 10495.8 993.993 198.022 699.109 132.855 1757.49 471.681 448.541 41.8306 48.8686 2094.82 1528.7 1047.28 304.006 124.061 68.6554 21.5951 481.425 47.0603 743.274 377.887 411.908 103.66 45.7517 26.5692 566.254 291.953 274.301 182.542 155.272 21.6508 495.462 283.098 212.364 1285.81 9501.81 704.308 301.834 8797.51 2447.28 316.495 212.793 103.702 2130.79 6350.22 6103.47 1246.48 617.462 539.618 324.142 215.476 254.103 246.752 211.686 56.6257 261.41 189.7 96.4966 402.474 70.0385 179.945 68.6641 145.93 339.566 175.31 138.922 1210.54 1159.17 211.9 947.268 583.414 187.637 92.9906 72.8418 363.854 82.3938 281.46 6061.07 1682.91 109.411 61.203 64.935 43.4685 133.621 73.6328 37.819 1203.92 141.618 108.674 104.644 45285
internal_count=99662 1976 1165 658 507 137 370 97686 95335 4212 1225 2987 1851 1125 437 1136 967 289 207 102 678 91123 4849 3676 412 1173 3264 247 118 86274 19621 4288 411 3877 2741 15333 1540 320 1136 220 2667 716 643 92 100 3017 2351 1642 544 283 201 100 709 101 1098 560 663 189 110 81 916 505 411 350 296 81 688 373 315 1951 13793 1051 474 12742 3607 470 295 175 3137 9135 8742 1852 928 813 512 301 377 393 336 122 405 316 188 577 135 261 108 197 502 247 184 1834 1745 326 1419 842 317 180 155 577 168 409 8666 2354 155 96 121 96 215 140 91 1788 218 165 156 66653
is_linear=0
shrinkage=0.095553


Tree=39
num_leaves=127
num_cat=0
split_feature=18 21 0 11 5 0 15 3 9 4 21 18 21 0 16 18 4 17 4 5 18 9 11 10 11 17 3 17 10 11 18 10 0 14 9 16 21 18 4 14 1 11 7 15 5 0 9 0 9 4 19 16 8 9 11 10 10 3 0 3 18 18 16 1 0 10 18 4 18 4 10 1 3 15 18 3 9 10 3 15 21 5 9 19 17 11 5 18 17 10 15 11 8 21 3 18 17 9 0 10 16 5 21 18 11 18 4 4 11 14 19 8 11 4 9 11 15 3 15 16 10 18 16 16 18 18
split_gain=8.77608 10.8523 9.04253 16.7609 11.7462 14.1131 13.2791 38.899 13.0562 12.2668 9.00557 10.8829 10.8832 19.4475 8.90854 10.0335 18.2512 23.4757 14.1963 17.3514 17.64 13.1879 11.5809 9.59341 9.51397 8.94544 8.56501 22.84 14.5302 11.0425 8.3036 8.13792 19.5319 14.5694 10.5042 8.76844 15.3414 9.84411 18.1538 11.5795 12.138 10.8036 8.8452 8.14057 7.96137 9.94006 9.97578 9.57637 14.4398 7.87112 8.89459 7.60504 7.68546 7.53906 9.88313 20.9155 17.4631 44.9223 10.3378 9.929 9.3919 8.84931 11.8718 18.0134 9.01375 8.84507 8.3814 12.9154 11.8405 10.8975 10.5676 11.3991 7.8195 7.42233 13.893 15.6474 13.4816 11.7143 11.4529 16.8539 16.5894 17.6405 16.4189 13.4629 13.0774 16.3639 10.6101 17.4262 16.6129 13.8902 26.1851 12.4762 11.7201 11.5451 9.87396 8.66379 15.8019 16.2485 12.3641 16.9042 11.0617 15.1792 17.0797 15.0229 8.83885 8.10151 11.0557 12.4456 10.9086 12.1751 20.1553 47.6395 9.35961 9.33713 12.9383 8.31284 7.86925 12.2903 7.79451 7.54207 8.01183 7.44298 12.1148 7.37164 7.33667 7.2865
threshold=0.60444065928459179 0.70145350694656383 -0.19176135957241056 1.0000000180025095e-35 -1.0000000180025095e-35 0.31960226595401769 0.77986174821853649 0.15633092820644381 0.116258691996336 -0.41095972061157221 0.37387366592884069 0.15907739847898486 0.23955512791872027 0.43892045319080358 0.18733873963356021 0.28306050598621374 -0.27446910738945002 -0.072486694902181611 -0.30799929797649378 1.0000000180025095e-35 0.35167858004570013 -0.029971785843372342 0.18240458518266681 0.28037296235561376 -0.39760364592075342 -0.52002733945846547 0.31359797716140753 0.43517187237739569 0.01296150451526046 -0.015662385150790211 0.53901666402816784 -0.20211965590715406 -0.14914772659540174 -0.03870920650660991 0.065514668822288527 0.19077771902084353 0.24411802738904956 0.19778967648744586 -0.46457822620868677 -0.13973949104547498 -0.03267045505344867 0.24043325334787372 -0.013076727278530596 0.28649000823497778 1.0000000180025095e-35 0.41619317233562475 0.0019743189914152031 0.29687500000000006 -0.081888929009437547 0.26631829142570501 0.22541885077953341 0.11910356208682062 -0.048037568107247346 0.21726496517658236 0.30174377560615545 -0.16551596671342847 -0.11885955184698103 -0.48704174160957331 0.20596590638160708 -0.36766564846038813 0.34339863061904913 0.42243160307407385 0.44238618016242987 0.024147727526724342 -0.092329546809196458 0.20249937474727633 0.4593148678541184 -0.22463172674179074 0.57462233304977428 -0.19485294818878171 0.054892854765057571 -0.36789773404598231 0.42316816747188574 0.043018432334065444 0.16934926807880404 0.10916468873620035 -0.63416436314582814 0.83306974172592174 -0.028511213138699528 0.72183564305305492 0.15351200848817828 -1.0000000180025095e-35 0.11882758140563966 -0.12926788628101346 0.34276571869850164 0.25355045497417456 1.0000000180025095e-35 0.29949583113193518 -0.04350639879703521 -0.045472228899598115 0.17358679324388507 0.13752573728561404 -0.019450996071100232 0.055426111444830901 0.44795000553131109 0.27762436866760259 -0.13486984372138974 0.14982504397630694 0.37642045319080358 0.19380093365907672 0.15173521637916568 -0.37499999999999994 0.21350427716970447 0.22276604920625689 0.34887468814849859 0.17105530947446826 -0.14091055840253827 -0.36894176900386805 -0.047497060149908059 0.11138741672039033 0.31531602144241339 -0.023564673028886315 0.11161943897604944 0.23822072893381122 -0.24589471518993375 0.097605779767036452 0.35945469141006475 0.41401703655719763 0.076812595129013075 0.048899102956056602 -0.090540058910846696 0.27008198201656347 -0.52989488840103138 0.30163355171680456 0.16459974646568301 0.20948536694049838
decision_type=2 2 2 2 2 2 2 2 2 2 2 2 2 2 2 2 2 2 2 2 2 2 2 2 2 2 2 2 2 2 2 2 2 2 2 2 2 2 2 2 2 2 2 2 2 2 2 2 2 2 2 2 2 2 2 2 2 2 2 2 2 2 2 2 2 2 2 2 2 2 2 2 2 2 2 2 2 2 2 2 2 2 2 2 2 2 2 2 2 2 2 2 2 2 2 2 2 2 2 2 2 2 2 2 2 2 2 2 2 2 2 2 2 2 2 2 2 2 2 2 2 2 2 2 2 2
left_child=10 -2 -3 -4 6 9 -5 -8 -7 -6 11 12 -1 -14 15 16 21 25 19 20 -17 22 -12 49 -20 -18 44 28 -28 -30 -22 32 34 35 -13 37 43 39 41 -34 -41 -39 -40 -37 45 46 -26 -46 -49 50 -19 -21 -53 54 55 -16 57 -56 -57 -58 -59 62 -61 65 -63 -64 69 -68 -69 -55 72 -72 -71 74 75 -33 77 121 80 83 81 82 -75 94 86 -86 87 88 93 90 -88 -90 -89 -85 -80 100 98 -98 99 104 103 102 -102 -82 -97 113 107 108 -107 115 111 -111 119 114 -78 -110 117 -93 -95 120 -109 -76 -123 -60 -73 -36
right_child=1 2 3 4 5 8 7 -9 -10 -11 14 31 13 -15 53 18 17 23 24 51 30 -23 -24 -25 26 -27 27 -29 29 -31 -32 73 33 -35 125 36 -38 38 42 40 -42 -43 -44 -45 47 -47 -48 48 -50 -51 -52 52 -54 66 56 58 59 60 123 61 -62 64 63 -65 -66 -67 67 68 -70 70 71 124 -74 78 76 -77 105 -79 79 -81 95 -83 -84 84 85 -87 89 92 91 -91 -92 116 -94 118 -96 96 97 -99 -100 -101 101 -103 -104 -105 -106 106 -108 112 109 110 -112 -113 -114 -115 -116 -117 -118 -119 -120 -121 -122 122 -124 -125 -126 -127
leaf_value=-0.0003456654266459338 0.016599527329053086 -0.028869287414606884 0.069759610031036715 -0.0070122116457963053 0.048318221300864238 0.11579655709601415 -0.18314204466975278 0.023462401556514474 0.013999579389547379 -0.013047326400012545 -0.13398378318727594 0.10387127270987752 -0.0071578836144500068 -0.081229669420016193 0.046775817379567888 0.077507443667992587 0.070191267800466875 -0.0074568378901933635 -0.0626545154742464 0.086192022939105536 0.0055618721818789709 -0.020038735542796317 -0.035355747542169969 0.022011684383516604 0.021081582890313359 0.013257902215585773 0.028471751504927721 -0.085721530284296479 0.014592616054208071 -0.030033836914520367 -0.039750647278785953 0.01430245429123354 -0.060953428039690422 0.063771078199009679 0.062081455803563813 0.086397420010019266 0.0055747538495893763 -0.00062741961114397423 0.046149980619093471 -0.012939602415641184 0.035112025461298511 -0.075760924016864725 0.0099788398943999393 0.02643283850496406 0.010336516304960455 0.056955273805597832 -0.009462790179531954 0.0037050452481835468 -0.06264850373099537 -0.084359900656846079 -0.065484810032166996 0.00046575049553269346 0.056077625179749471 0.019752124414191351 -0.17302002629076207 -0.02251503807762956 0.003083587085507291 0.0026792231336028294 -0.0041776935982706011 -0.08194969578909983 -0.052270984321714543 -0.030976287421911178 -0.024461408507018903 0.035827021655512777 0.016335888891827181 -0.089455701126726558 -0.052507331571519079 -0.025363906008426536 0.040873978573865627 -0.014694759286361284 -0.039517055057978194 -0.023418616487296814 -0.082519948029663531 0.028248144864455753 -0.0042886462076734454 0.10691143562054643 -0.0058352218557636629 0.01428156216587813 -0.049118462780709707 0.028552004219668123 0.023226982078517724 0.012707581749473951 0.12579484154150555 0.0017197285197156249 0.019993305450253143 -0.04433405707906183 -0.010923505611268536 0.058177427634221686 0.046420463515537719 -0.0090072489256419145 -0.085556894209522324 -0.012863648449251001 0.0089193280739844824 -0.00070654352599684928 -0.0017525993833757407 -0.081699532955521292 0.075706135923068199 0.0110572465620421 0.035874416031564028 0.032381210122000105 -0.0018870519388113629 -0.01236429873211835 0.077542862092518469 -0.0092648138781246548 -0.019996806096036539 0.027657961568548998 0.0034082944072118902 0.09388424962996704 -0.0088843888091605996 -0.20936774300342106 0.0025070966307152642 -0.0016318672906582359 -0.0012436386023726683 0.015358761508815487 -0.086362941946608235 0.035343599833660706 -0.021682732783577952 0.045247483141834667 -0.03115730049348708 0.0044760264574754075 0.038989087510770376 -0.028511102323808577 -0.11323736515998842 0.054651660058185898 0.015091569409570169 0.0045829326846471823
leaf_weight=52382.851751490962 625.96374036511406 91.988344125449657 30.964857655344531 180.49409577483311 37.082721047103405 20.550281388452277 14.56542682927102 15.843246234464457 25.915939399972558 123.8582909964025 21.68044356117025 24.041938554844819 1348.9889263213845 31.398949487134814 62.348638779483736 27.228360694483854 29.729839702951722 80.677976593375206 22.271155346999876 33.915569302509539 289.41627695958596 86.077248576795682 23.587386233615689 28.124805314349942 222.06663354474586 145.56074043817353 83.440684616216458 34.223827071255073 67.686441570520401 174.33090041484684 40.364115589647554 49.351832129061222 36.924889480113052 37.474289580481127 37.293683688854799 35.593887375434861 279.36276083695702 39.718886211514473 80.909631520160474 332.63565901655238 53.677633033483289 30.500926168519072 264.60854081891011 54.361409803270362 107.96673832216766 40.233468249673024 168.68475043959916 57.363048017024994 56.54238882730715 25.213431310257874 33.797859005513601 39.557528898119926 50.825331978499889 215.61496614676435 22.465868114028126 247.20231397473253 183.30983012623619 48.354746876168065 49.418122411123477 43.92225200519897 59.929186525172554 70.349697969504632 62.978355513536371 31.798718344653025 71.967148923897184 28.013807762996294 70.019539462518878 60.380084333359264 38.779675474273972 41.755214542150497 53.757905965554528 53.120213709422387 24.970977696706541 42.868581086397171 34.3142129778862 24.577806028071791 45.337005794048309 48.276672840118408 110.95639520278201 129.92863409826532 287.71953897923231 402.28066039306577 24.847154447459616 211.74790010729339 308.5354193940293 38.584451497648843 113.66399591160007 52.262928086565807 66.863798826700076 565.17204912949819 68.660730265663005 65.823751916992478 255.96737653948367 99.206661458825693 64.461528411018662 29.600403794203885 59.702010753448121 88.377959902631119 51.546767718624324 41.277235468500294 65.778087254613638 919.13216312881559 36.312174496008083 231.21606179501396 75.733901044121012 131.78292227431666 1909.7551473925123 28.776463617454283 84.629984223633073 15.56204547814559 56.107755001401529 23.191301874816418 61.13765960931778 43.86552369594574 29.564121257630177 66.881630712305196 90.027776325005107 61.653738453984261 373.80713858280797 48.451202601194382 183.94933794694953 44.291726499795914 23.944780279649422 28.41106310300529 233.97150853078347 44.253408953547478
leaf_count=76836 897 132 57 239 62 52 60 21 41 149 61 66 1878 67 102 70 69 98 42 73 394 118 32 43 316 199 116 75 88 255 73 64 74 73 60 71 336 52 136 433 86 60 343 87 145 78 219 73 94 52 67 53 81 291 76 360 238 70 73 90 101 99 87 48 116 59 112 82 55 53 73 74 54 54 42 70 49 57 185 222 408 599 63 268 420 60 152 85 106 783 134 83 320 125 72 58 121 122 79 57 87 1370 69 308 100 185 2751 63 117 64 73 30 77 56 59 106 138 87 566 57 282 62 57 48 306 60
internal_value=-0.000172164 0.0080339 -0.001778 0.00370432 -0.00122442 0.014722 -0.0171461 -0.074032 0.0601509 0.00107608 -0.000316201 -4.35962e-05 -0.000567337 -0.00893788 -0.00483698 -0.000406994 -0.0125296 -0.000814517 0.00336352 0.0169098 0.00606547 -0.0426287 -0.0839987 -0.0263344 -0.00289815 0.0233983 -0.00148075 -0.0133235 -0.0053394 -0.0172634 1.21796e-05 0.00296615 0.00982713 0.00643422 0.0490077 0.00455763 0.0167969 -0.000787223 0.00956689 -0.0110791 -0.00604422 -0.0339076 0.0186614 0.0508146 0.00498291 0.0125917 0.00777884 -0.00953525 -0.0288445 -0.0367571 -0.0254116 0.0475009 0.0321368 -0.00970189 -0.0151801 -0.00307002 -0.022635 -0.0536072 -0.0128841 -0.0142491 -0.0274897 -0.0246722 -0.0396089 -0.0237666 -0.00682712 -0.0453616 -0.00265607 -0.0214288 8.53644e-05 0.0023996 -0.00668089 -1.43367e-05 -0.0409687 0.00179865 0.00560088 0.0460581 0.00452948 -0.0230435 -0.000423683 -0.00470708 0.00442198 0.0204549 0.0651646 -0.00643714 -0.00452224 0.0125163 -0.00747332 -0.00214115 -0.00846114 -0.0165134 -0.0394134 0.0107861 0.0175387 -0.016544 -0.0318867 0.000395346 0.014036 0.0375475 -0.00331531 -0.0176781 -0.00265 -0.00844252 0.0260524 0.00864325 -0.0380942 0.00608108 0.00720585 0.0174767 0.00558216 -0.0061215 -0.0328509 -0.0848571 0.0312728 -0.0180276 -0.0385821 0.0103452 -4.05711e-05 0.0148751 -0.0248412 0.0391552 0.0469107 -0.0413825 -0.059543 0.0167843 0.00768905 0.0318164
internal_weight=68062.7 1167.23 541.263 449.275 418.31 207.407 210.903 30.4087 46.4662 160.941 66895.5 63102.1 53763.2 1380.39 3793.41 1990.57 474.45 343.105 1516.12 481.307 357.009 131.345 45.2678 167.814 1034.81 175.291 1012.54 359.682 325.458 242.017 329.78 9338.82 1351.36 1245.77 105.589 1208.29 369.318 838.976 415.738 423.238 386.313 70.2198 345.518 89.9553 652.857 430.985 390.751 221.872 113.905 139.689 114.476 124.298 90.3829 1802.84 1010.47 387.38 623.09 130.75 325.031 492.34 108.284 309.03 166.713 122.791 142.317 90.9922 792.37 169.179 99.1598 623.191 407.576 340.85 66.7262 7987.47 2953.75 73.9296 2879.82 150.827 5033.72 2677.32 2356.39 469.996 67.7157 2547.4 2371.98 347.12 2024.86 1277.36 969.131 747.497 182.325 284.369 308.23 684.762 175.418 1886.4 346.238 148.08 198.158 146.612 1540.16 1021.22 102.09 518.936 105.334 2728.99 2610.23 700.47 378.156 246.373 94.8611 38.7533 322.315 118.767 74.9011 151.512 217.505 127.477 473.014 261.177 212.726 102.551 68.2365 77.8292 287.092 81.5471
internal_count=99701 1710 813 681 624 304 320 81 93 211 97991 92340 78781 1945 5651 2984 739 528 2245 744 537 211 93 260 1501 268 1459 534 459 343 467 13559 1937 1751 186 1678 494 1184 591 593 519 112 479 158 925 613 535 312 167 217 165 207 134 2667 1567 583 984 247 481 737 171 499 284 194 215 146 1100 249 137 851 560 453 107 11622 4321 134 4187 218 7301 3806 3495 716 117 3584 3327 480 2847 1778 1373 1069 286 414 405 959 257 2779 537 243 294 215 2242 1526 156 716 158 3969 3805 1054 575 390 167 94 479 164 108 223 308 170 691 402 345 161 119 121 380 120
is_linear=0
shrinkage=0.095553


Tree=40
num_leaves=127
num_cat=0
split_feature=6 18 18 11 21 2 16 9 9 2 20 20 16 1 14 20 11 1 12 17 17 3 11 3 16 11 17 3 21 15 15 9 15 3 13 11 17 17 18 18 18 2 5 20 14 17 2 15 12 17 12 17 11 20 21 20 1 20 4 4 3 12 18 9 8 5 3 17 4 18 16 21 3 20 18 12 17 20 4 14 20 1 8 5 17 21 18 11 4 1 2 3 12 12 12 4 3 8 21 14 21 3 4 17 17 15 5 16 18 12 11 4 17 17 17 9 2 18 12 3 13 18 20 4 5 9
split_gain=7.59034 5.75598 5.75244 10.4704 10.3067 12.2179 13.8682 12.4117 11.5113 9.97462 10.7785 8.59744 8.24268 8.11774 8.0066 7.38266 10.1105 16.0528 9.70461 9.23798 7.45139 7.30954 14.8021 8.91191 11.3429 20.0773 13.09 12.9839 12.8054 9.24689 7.17351 6.61546 8.19718 6.45092 7.72026 7.39257 6.38696 13.0884 6.5411 6.19738 10.8845 9.85155 7.04094 12.3668 6.85726 8.99003 14.0356 6.37303 6.15981 16.7747 19.4002 13.9125 17.5904 16.9909 13.6338 23.0612 16.0729 13.1694 16.0345 22.0774 12.7226 14.2113 13.225 18.9632 12.5507 11.9036 12.6541 20.4225 19.455 11.0212 16.2366 10.862 16.2989 13.1314 11.5884 10.3578 10.0423 9.91473 13.3289 9.90487 9.73021 17.2295 10.7982 9.57396 9.81121 9.42414 9.21387 11.7786 25.2802 20.1704 11.6521 11.3608 9.79967 9.18342 16.598 12.7143 8.95567 8.57426 8.67908 8.2226 7.84933 7.83225 7.80238 11.2481 10.8135 7.83707 7.78197 7.29815 7.24093 7.14074 7.07235 7.03211 7.0119 11.3932 9.12555 6.9822 6.80128 9.31366 7.61638 6.71022 6.67723 9.5136 13.4762 8.4318 6.59906 6.46071
threshold=-0.13935952633619306 -0.26967006921768183 0.015367750544101002 -0.20821057260036466 0.022165881469845775 0.38210226595401769 0.082847405225038542 -0.05819622986018657 0.11882758140563966 -0.41051135957241053 0.43652699887752539 0.43652699887752539 -0.35435637831687922 -0.40767045319080347 0.39817732572555548 0.071482531726360335 -0.022477378137409684 0.24005681276321414 -0.22057747095823285 0.56058537960052501 0.55853590369224559 0.50170147418975841 -0.0088778249919414503 0.31995254755020147 0.13357071578502658 0.12027980014681817 0.62095496058464061 -0.012224378995597361 0.068713907152414336 0.15291090309619906 0.106766514480114 0.0763886794447899 0.043018432334065444 -0.50353580713272084 -0.21658074855804441 -0.04526878893375396 -0.078095786273479448 0.025564504787325863 -0.1062190495431423 -0.0051617070566862813 -0.030963981524109837 -0.049715908244252198 -1.0000000180025095e-35 0.1560536324977875 0.0029124778229743247 0.21339709311723712 -0.015625000465661284 -0.14515360444784162 0.0017381361103616657 -0.22220624238252637 -0.087930243462324129 0.01427441416308284 0.20702596753835681 -0.018302106298506256 0.12450504675507547 0.049524733796715743 -0.23721590638160703 0.047028858214616782 -0.44622801244258875 -0.26754547655582422 -0.42316816747188563 0.32477416098117834 0.036828249692916877 0.23066986352205279 0.038320332765579231 0.37500000000000006 0.17939373850822452 0.46886236965656286 -1.0000000180025095e-35 0.17105530947446826 0.070125617086887373 -0.091580517590045915 0.25294875353574758 -0.057839822024106972 0.055483173578977592 0.03241280838847161 -0.35107149183750147 0.014412305783480408 -0.46114358305931086 -0.11745012551546095 -0.037971185520291321 -0.12926135957241056 0.12664433568716052 -0.37499999999999994 -0.01776211708784103 -0.045254118740558617 0.17340224981307986 0.089527316391468062 -0.41095972061157221 -0.28267045319080347 -0.12357954680919646 -0.44410437345504755 -0.099199540913104997 -0.20571183413267133 -0.15528301894664762 -0.36324852705001826 -0.45529152452945704 -0.13229423016309735 -0.11830602958798407 -0.11745012551546095 0.0045661521144211301 -0.21687450259923932 -0.4771131426095962 0.21339709311723712 0.14587228745222094 -0.21581413596868512 1.0000000180025095e-35 0.028595220297575 0.15907739847898486 -0.22286449372768399 0.3899322003126145 -0.20237678289413449 0.45868690311908727 0.42161656916141516 0.5691068470478059 0.2961996197700501 -0.0099431821145117266 0.13716869056224826 -0.027324185706675049 -0.49647271633148188 0.35892716050148016 0.17748695611953738 0.0048714033327996739 -0.10127499327063559 1.0000000180025095e-35 0.36421146988868719
decision_type=2 2 2 2 2 2 2 2 2 2 2 2 2 2 2 2 2 2 2 2 2 2 2 2 2 2 2 2 2 2 2 2 2 2 2 2 2 2 2 2 2 2 2 2 2 2 2 2 2 2 2 2 2 2 2 2 2 2 2 2 2 2 2 2 2 2 2 2 2 2 2 2 2 2 2 2 2 2 2 2 2 2 2 2 2 2 2 2 2 2 2 2 2 2 2 2 2 2 2 2 2 2 2 2 2 2 2 2 2 2 2 2 2 2 2 2 2 2 2 2 2 2 2 2 2 2
left_child=1 -1 4 9 33 21 -7 -8 13 11 12 -4 -11 -9 -14 16 17 18 -5 20 -19 23 -23 24 25 26 29 28 -27 31 -29 32 39 34 35 -2 38 -38 -36 40 42 -41 43 -6 45 -42 -47 -43 49 57 51 53 102 71 56 69 -52 93 -59 -60 61 75 63 -62 -54 66 76 83 -69 70 111 72 -51 74 -73 99 -64 -71 -79 115 81 -75 -83 97 120 -65 87 88 -55 -89 109 -90 101 -18 95 -95 -61 -68 -99 124 -96 -92 103 104 -53 -104 -77 -78 -82 -91 -108 -56 113 -105 -114 -63 -72 119 -119 -118 121 -85 -123 -122 -50 -107
right_child=2 -3 3 15 5 6 7 8 -10 10 -12 -13 14 -15 -16 -17 48 19 -20 -21 -22 22 -24 -25 -26 27 -28 30 -30 -31 -32 -33 -34 -35 36 -37 37 -39 -40 41 44 47 -44 -45 -46 46 -48 -49 60 50 54 52 64 86 55 -57 -58 58 59 96 62 79 65 85 -66 -67 67 68 -70 77 116 73 -74 80 -76 106 107 78 -80 -81 108 82 -84 84 -86 -87 -88 89 91 90 92 -93 -94 94 100 -97 -98 98 -100 -101 -102 -103 105 112 -106 125 110 -109 -110 -111 -112 -113 114 -115 -116 -117 117 118 -120 -121 123 122 -124 -125 -126 -127
leaf_value=-0.0015302312536560447 0.0033094447207471893 0.002827684179270637 -0.038252232840244434 -0.028558948897283453 -0.061789546567465686 0.00078889379074307945 -0.0068277433998231657 -0.1438041471125901 -0.020709769299243362 0.0057115968160010777 -0.0032782412534661364 0.024946741955280641 0.020222111248854244 -0.06122598241209317 0.053854767999283973 -0.0015481988489474965 0.0010451058562287346 -0.00035860976098380377 0.024777008576792194 0.045093190528489924 -0.042104125283067742 0.031101294487698695 -0.035142436316469371 0.0031711532276391592 0.0017033580640951993 -0.035041958829545826 -0.071168796592729178 -0.011047592937088445 -0.1465873982106384 -0.057077962392800254 -0.067002038398723748 0.0073363502259005771 -0.047295432305422366 -0.0010253028511925039 0.016902257207764098 -0.0440624960265271 0.065718883686424936 0.01272488953241149 -0.032278216120406045 -0.0016863501952633728 0.072158648441182513 -0.016200754386645883 -0.0042972468695041018 0.0026097022306950414 -0.011416265527421849 -0.036113105427499077 0.051195327022073356 -0.086334930865147277 -0.00075242013818508226 -0.073147082964991589 0.068577694798354141 0.013272585485752053 -0.096766661647712068 0.080698043812121811 0.065021715348278997 -0.068324065218017829 0.020155695599856388 0.077633491516029718 -0.080017421668218472 -0.026719517985315768 -0.012588569458220462 -0.052138663972666532 0.023920525687347021 -0.035355578270214578 -0.018623810607879602 -0.01308262653578169 0.0012361629847454615 0.071122061521659063 -0.01560134163927767 0.0086078778719145873 -0.017044787756276523 0.01480887264437262 0.027389695827242121 0.096834935796209817 0.081689599877292088 0.0091555866270254631 0.020936511378956146 0.0044145684646663104 0.090290026186061606 0.0007369461700238208 0.023325407147394416 0.016769416992165498 -0.034133992809054069 0.029977794587900258 -0.025660061567769444 -0.13075595039130264 0.028398501331487348 -0.098799238010762028 0.053609844474264035 -0.012676981982952982 0.045203962863582588 -0.005809468913132612 -0.033152584514753759 -0.043765508755631594 0.025139531206248726 -0.13991196016212062 0.017779288991096133 -0.013386870060859635 -0.057944008249026874 0.0041103995849986301 -0.026881149352279528 -0.00046226963933867322 0.0310174070180219 0.0030646792005390999 0.084565904224635197 -0.0025857625422354589 0.031734337908177972 -0.00021460315538374949 0.084405055672939475 -0.081485829133644758 -0.013774972225228398 0.01559480193703313 0.059335690417139951 -0.057701920688943142 0.0025141266250038974 -0.010993128086504539 -0.04479700333158821 0.011967770117800995 0.071161776490179671 0.0020766696000422036 -0.030877907257137044 -0.019999661430100197 0.03071638278252032 0.0065099000144218091 -0.059385986784209824 -0.031071935454104489
leaf_weight=3501.7610819613328 457.25824319955427 12953.957995991688 67.142628354136832 30.554692775011063 56.953325861832127 78.110082863247953 40.478023186326027 22.251291497028433 26.708819607156329 301.48232927161735 291.6175018181093 24.897330582141876 377.34060236357618 27.275001929257996 79.773455307935365 12242.858066636138 98.841333005344495 545.37759110110346 536.75404856260866 36.329627189785242 40.391873083543032 35.566788061521947 161.49133728002198 1093.4815666412469 758.47371479554567 19.242501617525704 28.316405383404344 71.842234018491581 19.928034628857858 31.174483079812489 29.211171719711274 269.93552590382751 48.836688159033656 21335.248736870242 73.134052626788616 30.234373336541466 62.249329406535253 135.91084055870306 34.701655358076096 62.337706193327904 34.632686016149819 21.347238878603093 403.9213183298707 46.849663258297369 41.32474766089581 28.555231591686606 35.165033480618149 30.27338320761919 30.622116506099701 22.780960059142672 73.34463948989287 47.05785296857357 27.10124764055945 38.074257957399823 48.061911955475807 33.340688865748234 423.25354480650276 23.286176017485559 28.183904914767481 51.655929050873965 138.48077885666862 62.995698890415952 215.67646998399869 19.24267715762835 59.104227106785402 855.82027144008316 56.92166343331337 53.326505593024194 38.49001257121563 71.166925832629204 185.83900411124341 36.715009167790413 34.930640203878284 16.135542364325374 73.02123935893178 673.17015540821012 164.03145363333169 26.087439477443695 45.407526481198147 368.45755539741367 48.183670997619629 92.894771233201027 61.198095850180835 114.20569531968795 193.4619357844349 21.056143575930037 100.01753759384155 23.718830104684457 30.685019267257303 28.748222351074219 48.211324556963518 288.13391134468839 52.674195424537174 38.554955678991973 28.12059623375535 19.318363709026016 172.25907856225967 68.994612244772725 102.92581212532241 180.15487621724606 185.42567060212605 101.34113563771825 59.323656333028339 128.49137050460558 33.37866080540698 2290.1682257622015 301.36916495067999 1413.3991151428781 29.475356424576603 27.330004320247099 31.478428444475867 61.992921844124794 36.903737982618622 33.574643959407695 81.306440263986588 98.534376427531242 31.076026379829273 63.466279983520508 28.639542903751135 167.93909484148026 117.90351291350089 148.50065965333488 67.942540759104304 97.08097144914791 39.342874132096767 73.60471426229924
leaf_count=5239 648 19162 115 40 97 108 49 63 36 432 398 30 550 47 131 17736 133 785 784 58 65 67 226 1616 1051 31 56 91 66 60 53 372 90 31154 91 50 104 204 48 82 76 38 683 65 71 39 57 66 39 49 125 64 64 72 80 69 622 53 66 68 207 104 319 29 80 1240 76 95 47 91 258 51 54 36 153 907 223 29 90 533 61 121 89 155 274 61 127 54 60 32 81 363 74 58 38 66 211 85 169 209 253 130 84 162 65 3178 421 2009 61 51 44 75 61 58 104 129 49 81 52 204 171 201 103 140 62 104
internal_value=0.000108871 0.00189723 -0.000458028 0.0005371 -0.0014754 -0.00627562 -0.0294763 -0.050237 -0.0728359 0.0094769 0.0121544 -0.0201989 0.0181593 -0.100059 0.0262651 0.000126926 0.00173379 0.0101211 0.0217309 -0.000389805 -0.00338947 -0.00489606 -0.0227121 -0.00375266 -0.00749099 -0.0129795 -0.00872452 -0.0469688 -0.0933694 -0.00702384 -0.028199 -0.00548026 -0.00981655 -0.00070866 0.00773417 0.000181866 0.0195995 0.0297608 0.000569778 -0.00729705 -0.00358735 -0.0277497 -0.010138 -0.0322264 0.01978 0.0336039 0.0115005 -0.0582054 0.000869164 0.00302483 0.00480801 0.00155566 -0.00199329 0.0104132 0.0151534 0.00705462 0.0274908 -0.0114713 0.00414947 -0.00267932 -0.0013755 0.00528395 -0.00444885 -0.0297331 -0.0440451 -0.00320953 -0.000227297 -0.00851272 0.0339749 0.0106701 0.00478481 0.0258529 -0.0115038 0.0321064 0.0596359 0.0108344 0.00464635 0.0343825 0.0593921 -0.00776002 0.019612 0.00647319 -0.00319261 -0.0126411 -0.00726588 -0.0864972 0.00166152 -0.0025018 0.00891207 -0.017108 -0.00912676 2.01631e-05 0.00134798 -0.0232428 -0.0323169 -0.0772963 0.00716801 -0.0297183 -0.0403564 -0.00636878 -0.019684 0.014038 -0.000656964 0.0123958 0.0435804 -0.00262478 0.0151737 0.00196906 0.047359 -0.0470378 0.0271676 0.0375831 0.00319471 -0.00946917 0.0208419 -0.0273963 -0.00276224 0.00619813 0.0311313 -0.00516692 -0.000617513 0.00780113 -0.00372891 -0.0137383 -0.0338589 -0.00350696
internal_weight=68285.8 16455.7 51830.1 26177.7 25652.4 3523.68 194.823 116.713 76.2351 1142.25 1050.21 92.04 758.596 49.5263 457.114 25035.4 12792.5 1189.41 567.309 622.099 585.769 3328.86 197.058 3131.8 2038.32 1279.85 1139.62 140.224 39.1705 1111.31 101.053 1080.13 810.197 22128.7 793.488 487.493 305.996 198.16 107.836 761.36 647.402 113.958 507.724 103.803 139.678 98.353 63.7203 51.6206 11603.1 5929.55 5283.9 4024.28 2870.01 1154.27 1259.62 763.017 496.598 645.646 275.385 252.099 5673.59 1786.13 3887.46 178.78 86.2055 3708.68 2852.86 1059.75 91.8165 729.677 587.015 415.335 57.7116 357.624 109.736 1256.14 1793.11 142.662 71.495 529.988 247.887 170.228 154.093 967.937 739.095 40.2988 738.934 638.917 356.893 282.024 258.305 318.819 202.227 370.261 271.42 57.8733 223.915 228.842 171.92 250.12 213.546 149.552 2783.81 360.713 80.4365 2423.1 1006.02 1577.43 77.659 56.0782 332.848 110.055 280.276 162.066 118.21 161.53 476.96 291.121 92.1058 199.015 545.633 330.649 216.443 214.984 69.965 2363.77
internal_count=99746 24401 75345 37690 37655 5356 303 195 146 1656 1511 145 1113 110 681 36034 18298 1732 824 908 850 5053 293 4760 3144 2093 1852 241 97 1796 144 1736 1364 32299 1145 698 447 308 139 1274 1088 186 845 162 243 172 96 104 16566 8514 7568 5743 4024 1719 1825 1078 747 946 398 345 8052 2448 5604 297 144 5307 4067 1516 142 1009 799 675 103 572 204 1682 2551 210 119 766 368 246 210 1374 1044 90 1044 917 495 422 368 423 285 548 415 124 279 330 254 310 291 211 3880 514 129 3366 1372 2232 122 83 465 155 385 220 165 233 644 386 133 253 770 459 304 311 101 3282
is_linear=0
shrinkage=0.095553


Tree=41
num_leaves=127
num_cat=0
split_feature=7 11 20 12 12 1 10 21 9 3 4 0 13 17 10 16 21 3 9 17 11 16 10 17 1 9 93 1 16 17 4 17 8 8 11 17 10 16 12 4 20 10 20 12 12 20 17 3 16 20 0 1 4 10 17 3 20 9 12 17 0 10 10 11 12 9 3 12 21 12 16 10 4 20 20 20 12 20 20 14 4 10 20 9 12 12 17 1 12 0 21 21 17 11 10 0 17 16 3 16 21 16 3 20 0 20 11 14 20 14 17 14 17 12 13 3 13 1 10 20 20 17 3 20 20 12
split_gain=6.17705 6.68016 7.57729 7.20941 7.80007 11.7557 14.686 11.5133 19.4625 7.14532 8.72618 6.95893 10.0834 6.81964 9.03543 9.00177 7.23807 8.19443 7.02184 9.68586 6.97072 9.46382 6.80107 9.97785 9.19366 5.74484 5.69614 7.63579 8.54151 5.65697 6.14482 5.64901 5.4707 5.42605 5.38496 7.16926 7.0703 5.3371 9.4992 5.32968 9.99088 13.286 14.2214 15.4138 10.0999 8.08905 5.83762 7.90885 5.72239 5.31178 6.50335 9.91585 5.12232 11.9918 14.1775 12.518 11.6594 14.4094 9.18042 9.05836 15.6924 8.81612 7.03867 7.01645 5.91104 5.07379 8.45217 4.97769 5.12987 4.80768 4.61271 4.56858 7.90398 11.7435 13.8119 13.2291 9.89333 10.7154 12.3045 9.52329 9.1397 15.5909 10.2708 10.4706 9.36421 8.96192 8.74713 11.0601 15.8575 7.46905 7.30153 6.91737 6.19636 17.8123 16.1532 11.6518 28.9245 6.98437 5.84688 5.90765 5.69998 10.8032 9.76728 5.67423 11.883 10.3719 9.33613 8.60876 7.85646 7.21415 5.97838 5.70421 5.45475 5.41176 5.33862 5.75117 10.0274 9.7287 6.21559 5.22912 6.71708 14.4615 8.18554 9.67069 9.87315 5.71407
threshold=-0.068187996745109544 0.34123151004314428 -0.36231037974357599 0.095311604440212264 0.22738707810640338 -0.29403407871723169 -0.13448865711688993 0.23499875515699389 0.21272437274456027 0.34452423453330999 -0.16428215801715848 0.32528407871723181 0.3399252593517304 -0.011254135053604839 -0.097429685294628129 0.19776070863008502 0.40447111427783972 -0.35627987980842585 0.116258691996336 0.39781390130519872 0.48227845132350927 0.36929303407669073 -0.13045069575309751 -0.061124693602323525 1.0000000180025095e-35 0.61153665184974682 1.0000000180025095e-35 -0.11505682021379469 -0.23490719497203824 -0.1108514331281185 0.23103451728820804 -0.24460664391517636 -0.077995326370000825 0.36655941605567938 0.36638863384723669 -0.14626780152320859 -0.029475308023393151 0.36929303407669073 0.17532303929328921 0.33140759170055395 -0.42653231322765345 0.48291525244712835 -0.54909017682075489 -0.058198969811201089 -0.087930243462324129 -0.42653231322765345 -0.14871278405189511 0.23870303481817248 0.23110301047563556 -0.17417909950017926 0.029829545877873901 -0.33380682766437525 -0.33955840766429896 0.13595711439847949 0.029519631527364257 0.20203755795955661 -0.46630848944187159 -0.21370737254619596 1.2445396780967715 -0.14626780152320859 -0.015625000465661284 0.0048360608052462348 -0.014332124032080172 -0.57973206043243397 0.32477416098117834 1.0602931380271914 0.40443611145019537 0.9349113702774049 0.26302796602249151 0.07929102331399919 0.42853356897830969 0.25180687010288244 -0.020373876206576821 -0.050314093008637421 0.19858354330062869 0.22607457637786868 -0.10509433969855307 0.1560536324977875 0.23846035450696948 0.71617236733436596 -0.4771131426095962 0.61795997619628917 -0.23524740338325498 -0.57783004641532887 0.36833047866821295 0.29700401425361639 0.5296275019645692 -0.13210227340459821 0.30200687050819403 -0.21448864042758939 0.0022847056388854985 0.19218578189611438 -0.32180353999137873 0.29047197103500372 -0.097429685294628129 -0.31392045319080347 -0.35107149183750147 0.39129248261451727 -0.48477418720722193 0.41524815559387213 0.18219304829835894 -0.21513642370700833 -0.18699086457490918 0.049524733796715743 0.29971592128276831 0.0093396361917257326 -0.25325688719749445 0.65821999311447155 0.16678980737924579 0.18122744560241702 -0.3402488231658935 0.029659722931683067 -0.52002733945846547 0.025443110615015033 -0.55565896630287159 -0.44410437345504755 0.065802052617073073 -0.27698864042758936 0.072184558957815184 -0.02647908870130777 -0.13652861863374707 -0.26380698382854456 0.14074952155351642 -0.09936881065368651 -0.035538826137781136 0.33294454216957098
decision_type=2 2 2 2 2 2 2 2 2 2 2 2 2 2 2 2 2 2 2 2 2 2 2 2 2 2 2 2 2 2 2 2 2 2 2 2 2 2 2 2 2 2 2 2 2 2 2 2 2 2 2 2 2 2 2 2 2 2 2 2 2 2 2 2 2 2 2 2 2 2 2 2 2 2 2 2 2 2 2 2 2 2 2 2 2 2 2 2 2 2 2 2 2 2 2 2 2 2 2 2 2 2 2 2 2 2 2 2 2 2 2 2 2 2 2 2 2 2 2 2 2 2 2 2 2 2
left_child=-1 2 39 11 5 -5 7 8 -7 31 -11 22 -13 20 16 32 -15 -18 19 -17 21 29 23 -3 -24 33 65 -28 -29 30 -6 -8 -16 49 -33 -36 37 38 -37 45 41 42 -41 -44 -43 52 -46 -48 -47 -23 -51 -52 53 54 59 58 61 -58 63 -2 -61 -54 -56 -55 -65 71 -67 68 -21 -25 -20 92 73 80 79 -76 77 90 91 89 81 84 85 -84 -73 -82 87 98 -89 -75 -74 -79 93 94 -4 96 -96 -95 -85 -100 101 -77 -103 105 106 107 -105 119 109 -108 -110 -112 -106 -113 -97 116 117 118 -116 120 121 -78 123 -122 -125 -123
right_child=1 3 26 4 13 6 9 -9 -10 10 -12 12 -14 14 15 18 17 -19 70 67 -22 25 24 69 -26 -27 27 28 -30 -31 -32 34 -34 -35 35 36 -38 -39 -40 40 -42 44 43 -45 46 48 47 -49 -50 50 51 -53 56 55 62 -57 57 -59 -60 60 -62 -63 -64 64 -66 66 -68 -69 -70 -71 -72 72 76 74 75 100 103 78 -80 -81 82 -83 83 86 -86 -87 -88 88 -90 -91 -92 -93 -94 97 95 114 -98 -99 99 -101 -102 102 -104 104 112 -107 108 -109 110 -111 111 113 -114 -115 115 -117 -118 -119 -120 -121 122 125 -124 124 -126 -127
leaf_value=0.0013562028339414159 0.023547556891810883 -0.085835217649347817 0.069060159993619377 -0.014411162230763381 0.00051743630860302554 0.14095464515074335 0.045864788552735833 0.003644985541863825 0.011255120362626259 -0.040299047323735196 0.007043124169272494 0.057515705394592248 -0.016708278573495702 -0.0043210832518188686 0.014817583029360036 -0.03735779478062054 -0.073228303414430984 -0.0059295789802359658 0.033956388735764668 0.046610589040370562 -0.0044329178904218714 -0.048940966065979634 0.025231650811436863 -0.0050199128325967854 -0.019885121526164437 0.00058678341241311203 -0.066533973967251456 0.020963329440193988 -0.041499266519518491 0.027658117868530518 -0.039860465487153315 -0.019218790691540283 0.078643683832922362 -0.058948155416428769 -0.012422205912063484 0.023641036860878369 0.0081079346648086272 0.0096959701518145175 0.10222849423954275 0.01986236899482953 -0.016133785670937383 -0.017251079489286461 0.15178442909959614 0.043699820087276929 0.0023682426711632122 0.022392509828082382 0.0123543132413592 0.068829278534754915 -0.0032430665994126616 0.023827920557351931 -0.00020462842545521844 -0.046761799811264083 -0.05212503007839716 -0.059641545318759849 0.037967927823765575 0.02073258675433003 0.001155842759041234 -0.078387938878261329 0.033956578673186501 0.030267576411470737 0.15013233586774835 1.8046040740431593e-05 -0.011610040716923059 -0.031472619505872892 -7.305587474432523e-05 0.003391497918773257 0.061097009556629646 -0.017903941285897115 0.00025032726563439805 -0.050269737192055207 0.0065890095571247542 -0.0055531780479276312 0.00034566615939448818 -0.038996552111993509 0.064794012254554029 0.00045811651678529934 0.050864415201137686 -0.020432944136162364 0.0021244223988738059 0.0047417560671035768 -0.029951604148153427 0.053986445579651557 -0.029457384118382095 0.022860427461992953 -0.060322486496282732 0.016594760870973266 -0.0040163970085382548 0.042365837999780873 -0.0053333365515498424 -0.012157072360422613 0.018236627331293841 -0.066831356546440485 -0.00028741684693190387 -0.090221362200782959 -0.11068798037662882 0.051273037876234169 0.030143871761398329 -0.014815057305069676 0.1036019549739922 0.037510187157028342 -0.0066659378340188265 0.088008034090936202 0.020436090398362975 0.015630158510124555 -0.059143813100234921 -0.043728320343468144 0.025560640391005068 0.0099108557190517189 0.0065547239666661249 -0.020036015993700782 -0.035827520366077899 0.0042587493233149946 -0.016459994198761735 -0.037930076009918601 -0.082117407428706657 0.014911783853531448 0.027077438295612551 0.0060894329431661811 -0.020161987727378726 -0.0022520146794430935 -0.041322653879404328 -0.0097379429584082532 -0.034842213011752561 0.030130781031799097 -0.03297231126656857 -0.047921070056219914
leaf_weight=24115.326963317813 42.227106588892639 30.435476538143121 40.444477398996241 198.01757379469927 129.74392691161484 23.399092398700304 42.977148819365539 26.961070550489239 19.143702530884184 55.997115028905682 87.143299076124094 26.144607387599535 38.463742317282595 204.64074824564159 27.610920161008835 75.017587849521078 33.580593546270393 32.916379630565643 67.518458127975464 34.44645195803605 1113.5454243180575 65.690306345350109 47.867989654885605 57.95739783346653 224.40826355386525 54.499393165111542 25.854752148268744 41.540110982954502 34.546489486121573 45.416666857898235 43.650763776036911 48.501698613050394 23.541829878697172 56.494605045882054 65.857020465889946 31.89144442777615 129.00604806467891 30.249617926776409 26.372692222823389 120.03424458904192 87.289920622017235 106.11264017946087 17.345581694855355 40.47400272754021 98.705372043885291 273.28864520601928 56.834807097911835 38.439041700912639 105.86387468315661 27.726878374814987 76.139185722218826 83.86449695774354 28.575752954580821 33.818058117758483 36.410283979028463 140.24882248591166 37.233770757913589 40.563793783541769 30.243994761258364 21.559410959482193 18.896212041145191 938.04736196447629 79.239882557536475 93.916736469021998 132.1925675845705 85.234535354888067 30.67547423299402 52.397590182721615 53.92974828183651 34.275621270644478 338.61866429611109 99.3971007168293 590.75854785507545 117.22666261368431 32.903387658880092 241.40872759919148 32.176967441337183 138.3815665980801 239.93427096260712 246.04445195302833 67.940308806835674 28.226002114708535 28.380165174603462 24.779161855578423 39.308656808803789 79.299672782421112 61.040101528167725 162.57815338869113 99.591287293937057 524.61076439567842 324.155239893822 37.677443006890826 30538.187277648249 20.057561356457882 23.582884534844197 28.282714088680223 26.287456795573235 26.732082463335246 38.399081155424938 21.956599041819572 255.56823183188681 25.009992820792831 85.476169581292197 284.48983219638467 31.055367779918015 94.512828829698265 106.38492909993511 153.64467368077021 91.612494594068266 41.800312652718276 126.14099381538108 96.906947519397363 211.36181614850648 35.878057902562432 25.548716039047576 498.27983437362127 58.414643123745918 60.959079563617706 38.095350665855221 274.51608506427146 48.546054529026151 340.10248384007718 299.13117003941443 68.438608920085244 30.834436578559689 39.149697963148355
leaf_count=35924 54 73 74 289 180 68 74 34 28 82 116 47 54 291 39 113 63 37 101 51 1555 105 68 68 319 67 48 60 50 60 68 74 47 102 90 42 160 40 62 173 121 161 65 69 143 379 68 70 142 37 103 131 59 58 53 194 41 79 49 29 54 1361 111 134 175 108 54 73 72 54 431 129 815 178 59 314 55 180 322 323 99 52 40 38 75 105 78 247 133 734 462 65 44027 50 67 56 35 44 86 31 365 52 116 389 53 156 150 198 140 62 176 122 271 55 51 709 79 78 52 361 70 447 421 89 43 58
internal_value=0.000125962 -0.000545355 -0.000178729 -0.0043282 -0.0028038 0.00551639 0.0123446 0.0531626 0.0838877 0.00669688 -0.0111749 -0.0155667 0.0126631 -0.00529829 0.00116037 0.00713745 -0.0134483 -0.0405595 0.00387735 -0.00987642 -0.00892207 -0.0174002 -0.020377 -0.0390956 -0.0117026 -0.0268228 -0.000525768 -0.0228861 -0.00706971 -0.00151291 -0.00951039 0.013665 0.0450473 -0.0318601 0.00924934 0.0143631 0.0227797 0.0434969 0.0604449 0.00478871 0.0130122 0.0184899 0.0391303 0.0778459 0.00604939 0.00249777 0.0190439 0.0358162 0.0150693 -0.0254953 -0.0168593 -0.0243508 -0.000330951 0.00644075 0.0258109 -0.002399 -0.00445799 -0.0396504 -0.0138082 0.0557753 0.088048 -0.00153809 0.0039032 -0.019748 -0.0133692 -0.000463035 0.0193268 0.00449724 0.0185242 -0.0227135 0.0113116 -0.000526259 -0.002938 0.00147861 -0.00330161 0.00733285 -0.00564461 0.000929465 -0.0117102 -0.0110312 0.0112665 -0.00815372 0.0169294 0.0242938 -0.0216212 -0.00450729 0.0282667 0.0341349 0.0240828 -0.0171705 0.0067424 -0.030818 -6.23057e-05 0.00799012 0.0114047 0.00818189 -0.0354681 -0.0480463 0.064118 0.0804988 0.00404234 0.0119527 0.036487 -0.00930109 -0.00385377 -0.0133119 0.00181386 -0.0110111 -0.00597909 0.0121723 -0.0138314 -0.0212845 -0.0222747 -0.00706573 0.0113725 0.00958102 -0.0046463 -0.0201331 -0.046019 -0.0139039 -0.0175806 -0.00859943 -0.0257305 -0.00700017 0.00968274 -0.013912
internal_weight=68238.4 44123.1 40237 3886.06 3426.51 785.518 587.5 69.5039 42.5428 517.996 143.14 459.553 64.6083 2640.99 944.219 673.081 271.138 66.497 621.929 215.791 1696.77 583.226 394.945 122.668 272.276 364.415 37619.5 101.941 76.0866 218.811 173.395 374.856 51.1528 309.915 331.879 283.377 217.52 88.5138 58.2641 2617.56 565.236 477.946 177.854 57.8196 300.092 2052.33 193.979 95.2738 379.153 253.421 187.731 160.004 1673.17 628.753 198.333 430.42 1044.42 77.7976 290.171 82.6827 40.4556 966.623 115.65 259.927 226.109 37517.5 115.91 140.774 88.3762 92.233 406.137 37401.6 6016.74 2279.14 1528.25 640.367 3737.59 1330.91 415.993 887.882 750.896 166.932 583.965 436.725 138.706 147.24 408.344 347.304 262.169 641.837 914.914 176.059 31384.9 846.685 799.895 759.451 49.8703 46.7896 85.1348 60.3557 607.463 351.895 110.486 2406.68 1025.63 1381.05 783.214 1286.54 498.724 148.185 350.538 258.926 242.417 132.785 709.58 681.298 183.018 124.603 63.6441 1132.9 858.379 411.429 446.95 147.819 99.273 379.252
internal_count=99390 63466 57898 5568 4885 1159 870 130 96 740 198 683 101 3726 1318 927 391 100 841 309 2408 853 582 195 387 545 54056 158 110 308 248 542 86 478 468 394 304 144 104 3842 870 749 307 134 442 2972 281 138 521 376 271 234 2451 911 301 610 1540 120 416 137 83 1420 164 367 309 53898 162 196 123 122 532 53736 8414 3254 2141 906 5160 1844 567 1235 1113 256 857 653 204 204 613 535 380 912 1277 245 45322 1295 1201 1127 102 94 155 117 847 482 168 3316 1418 1898 1094 1742 705 212 493 353 324 177 1025 969 260 181 103 1544 1183 560 623 202 132 505
is_linear=0
shrinkage=0.095553


Tree=42
num_leaves=127
num_cat=0
split_feature=18 21 16 3 18 17 21 12 16 17 17 3 19 12 17 17 1 0 17 12 18 19 9 21 12 19 19 3 12 0 21 19 19 18 11 5 9 13 12 13 18 13 0 3 0 3 21 8 13 19 21 19 3 15 19 15 3 18 18 8 1 9 12 3 15 19 0 11 13 11 0 0 17 12 12 18 12 3 1 19 5 20 20 9 11 16 15 5 20 1 13 0 11 20 1 1 12 20 12 0 11 21 1 12 21 16 9 18 15 5 3 19 20 18 1 15 1 21 8 18 21 12 3 18 18 11
split_gain=5.78176 13.8318 10.3914 11.0546 13.1023 9.16814 15.3739 29.8916 15.5998 13.6712 9.9592 9.94809 9.00927 8.46213 16.302 33.0318 19.0569 16.3288 29.3371 33.6343 27.7178 15.2611 14.3063 15.1 13.6604 15.6485 13.4291 12.2136 12.0372 10.8936 10.083 9.69214 9.77931 10.1274 9.15186 10.9417 8.97229 22.5478 8.92771 13.4416 19.5894 10.9141 32.8473 8.75032 8.39006 9.38761 19.575 13.8765 10.2288 9.0064 8.3275 15.1631 15.196 11.9643 11.5665 11.5048 12.5386 12.5524 10.9367 12.5646 10.4596 8.76444 9.70365 8.23781 7.95228 11.659 27.3639 15.5241 10.1302 11.4976 10.0089 9.59593 30.9357 8.89639 41.8119 16.8452 15.1134 14.7711 11.2535 10.4584 10.26 8.70979 12.6354 9.71184 8.56904 11.1675 10.5446 10.1197 11.7686 10.7013 9.35954 8.25697 8.20197 7.96526 22.6215 12.0914 14.5538 13.8481 12.5947 10.8856 15.4559 23.1082 10.2573 12.9854 9.47343 9.30603 8.35228 7.98514 7.87209 7.83696 10.4932 19.3097 9.53436 7.77846 17.843 23.8392 22.349 28.8176 22.8823 20.7072 17.6165 19.0909 22.1376 16.9347 12.8314 11.7917
threshold=-0.14464228600263593 -0.067136447876691804 0.40258556604385382 0.49797412753105169 -0.13020855188369748 0.31871135532855993 -0.30734016001224512 -0.10391652584075926 -0.63098967075347889 0.48414354026317602 0.32606464624404913 0.49647271633148199 -0.24292998015880582 -0.10165237262845038 -0.0046742411796003571 -0.062958434224128709 -0.17755681276321408 -0.078124999999999986 0.01427441416308284 -0.32921098172664637 -0.20960088074207303 0.062695985659956946 -0.069756794720888124 -0.11207768321037291 -0.22286449372768399 -0.066379640251398073 -0.049559865146875375 0.41401703655719763 -0.19313322007656095 -0.19176135957241056 -0.24020045250654218 0.64061400294303905 0.38539844751358038 -0.35214525461196894 0.015686240047216419 -0.37499999999999994 0.074167940765619292 -0.38111333549022669 -0.058198969811201089 0.3399252593517304 -0.1645485237240791 0.25676377117633825 -0.035511363297700875 0.40443611145019537 -0.33096592128276819 -0.28738254308700556 -0.38816855847835535 -0.24769499152898786 -0.4187594056129455 0.44822725653648382 -0.18805310875177381 0.025938472710549835 0.2314863055944443 -0.13825652748346326 0.29309800267219549 -0.0069047620054334393 0.2599740624427796 0.13454841822385791 0.29585492610931402 0.24608590453863147 0.35653407871723181 -0.021552796475589272 0.039279589429497726 -0.43187998235225672 -0.098302610218524919 -0.034142112359404557 0.43039773404598242 0.17634440213441852 0.2094443961977959 -0.42671133577823633 -0.095170453190803514 0.33948864042758947 1.0000000180025095e-35 0.017547169700264934 0.083596341311931624 -0.21447290480136869 -0.022715837694704529 -0.48477418720722193 0.33664773404598242 -0.042796092107892029 -1.0000000180025095e-35 -0.079722423106431947 -0.028294114395976063 -0.25201517343521113 0.091997392475605025 0.059535151347517974 0.2611443847417832 0.37500000000000006 -0.11019899323582648 -0.18607954680919644 -0.25917074084281916 -0.17471590638160703 -0.34517237544059748 -0.09936881065368651 -0.17471590638160703 -0.17471590638160703 0.9349113702774049 0.12339927256107332 0.56558033823966991 -0.1576704531908035 -0.70809870958328236 0.059366494417190559 -0.03835227154195308 0.20106918364763263 -0.41279838979244227 -0.42868421971797938 -0.12824293971061704 -0.61810606718063343 -0.030698924325406548 1.0000000180025095e-35 0.33241093158721929 0.63647219538688671 -0.36231037974357599 -0.0995199680328369 0.31107954680919653 0.027657450176775459 -0.046874999999999993 -0.045254118740558617 0.091981302946805968 -0.1066157892346382 0.13014674186706546 -0.03761577978730201 0.39443531632423406 -0.13399154692888257 -0.1090719811618328 -0.04526878893375396
decision_type=2 2 2 2 2 2 2 2 2 2 2 2 2 2 2 2 2 2 2 2 2 2 2 2 2 2 2 2 2 2 2 2 2 2 2 2 2 2 2 2 2 2 2 2 2 2 2 2 2 2 2 2 2 2 2 2 2 2 2 2 2 2 2 2 2 2 2 2 2 2 2 2 2 2 2 2 2 2 2 2 2 2 2 2 2 2 2 2 2 2 2 2 2 2 2 2 2 2 2 2 2 2 2 2 2 2 2 2 2 2 2 2 2 2 2 2 2 2 2 2 2 2 2 2 2 2
left_child=5 2 3 50 -5 11 7 -7 -8 44 -10 13 -13 14 15 16 -1 18 19 -16 36 26 23 -18 25 -17 30 31 -22 -21 43 32 33 -24 35 -32 37 -19 39 40 -15 42 -42 -20 -9 49 47 -47 -48 63 51 52 53 -2 58 56 -56 -58 59 -53 -60 62 -54 -46 73 66 67 68 69 -66 -69 84 -73 76 81 93 77 -40 92 -79 -78 83 -83 -75 85 87 -87 88 -71 -89 -90 -70 -77 94 107 96 98 -97 104 -99 101 -101 103 -96 -95 -106 -100 -76 -68 -104 112 -112 -111 114 115 116 117 -3 -119 120 121 123 -123 -116 -125 -118
right_child=1 113 -4 4 -6 6 8 9 10 -11 -12 12 -14 38 17 24 22 20 21 29 28 -23 27 -25 -26 -27 -28 -29 -30 -31 34 -33 -34 -35 -36 -37 -38 -39 64 -41 41 -43 -44 -45 45 46 48 -49 -50 -51 -52 54 61 -55 55 -57 57 -59 60 -61 -62 -63 -64 -65 65 -67 108 70 91 71 -72 72 -74 74 75 78 80 79 -80 -81 -82 82 -84 -85 -86 86 -88 89 90 -91 -92 -93 -94 95 102 97 -98 99 106 100 -102 -103 109 -105 105 -107 -108 -109 -110 110 111 -113 -114 -115 119 -117 125 118 -120 -121 -122 122 -124 124 -126 -127
leaf_value=-0.083917675974145955 0.0056539519913959098 -0.010251747826264722 -0.011364698484008685 -0.065591375130392801 -0.004354489736359826 0.060730188500294421 -0.047933570478710476 -0.020198956967617036 -0.04257732181083277 -0.0048957915910490179 -0.0071270387305115701 0.050458272176739788 0.0072710626933719076 0.0087315403817609209 0.13082289094361468 -0.038699218216544401 0.029476343253574823 -0.038825029051130333 0.0044778951031523911 0.012082329927561279 -0.0097374722468867615 0.024583627938432075 -0.028113643088929989 -0.017923657572801073 -0.030205580380015879 -0.13057888943931156 -0.054406309042649814 -0.038762982532545349 0.040024998955619673 0.060485424852737037 -0.031051525224756193 -0.05232991708909103 0.047920057649740298 0.0024022437018023607 -0.038733573891326138 0.0076599541302920481 -0.022463003586813263 -0.17482433783876083 -0.071096637315313016 -0.024132194025074261 0.027013648192435832 0.021141080328180496 0.18673925967050475 0.067627635552594184 0.035375071093322885 0.15496808720921482 0.044927737826847433 0.041668202763139012 -0.009417703893196485 -0.028958528138812105 0.0036733522555719247 0.0086818816905382887 0.048560220264625649 0.046471053675491356 0.068953513681137099 0.0058205849076706272 -0.01004846608320756 0.061752219768451175 -0.0053929641785064562 -0.015811440553526117 -0.085084599529881996 0.027019619105856919 0.12494166812084076 -0.0068893802942309778 0.018776276419451857 -0.00037085362500904965 0.014993777058894002 -0.028332707104315517 0.065078503862557119 0.0097499687495662107 -0.11943833846064145 -0.1096440630863844 -0.0054351945579798611 0.0026082072924768023 0.0094634339536280032 0.024954209616977023 0.0086137555042470181 0.014352623525373819 -0.015729808328243902 -0.021561510897635916 0.035286426492254039 -0.10468855434855151 -0.03248234812352236 -0.033616181138811228 -0.053394086143948451 0.051978419470124534 -0.02366072748578172 -0.092963041378398156 0.00064007814726667811 -0.025083017567246329 -0.037851183667673913 -0.00078603836566662835 0.074593955283953156 -0.066048639635290285 -0.059152688712429999 -0.0029752525584903601 -0.076251170988100234 0.072659621158399842 -0.0017304575962697939 0.11402480611258704 -0.027225775090979287 -0.0083052632329181433 0.017234718636599162 -0.0063166741937201202 -0.001816559485722058 -0.036239513040547844 0.044516303381156329 0.034086183931721019 0.098567523055715978 0.030713771948318133 -0.0085168626295602252 -0.098041584512399457 -0.0081364174221833074 4.0068333294121424e-05 0.033403134195005471 -0.03247096515667152 0.021543044621224385 -0.1628189058012062 -0.018790133667854685 -0.065690986966829651 -0.06111205887425785 0.12811753022646025 0.023371632738673653 -0.011141093215512533 0.043909599214037552 -0.0084233893919515232
leaf_weight=26.207043614704162 326.03852009261027 135.5463989591226 388.14559723634738 32.162689732154831 589.36292156239506 72.886184118920937 91.073302666307427 53.310088604688644 73.082240617251955 1590.3757134869229 2846.1624769195914 45.192820876836777 857.77543948974926 337.86228855035733 28.148207467864268 38.854409428313375 191.483934077085 29.980061191599816 71.539505397086032 193.55683497246355 311.12354410428088 151.45035337808076 130.68737233418506 86.808764865389094 165.44992804073263 31.680083869607188 53.238525358960032 119.37787499616388 49.530720187234692 54.107655016705394 92.386694080894813 35.640008395188488 31.623385570361279 385.19869798596483 85.669250534730963 223.42765504762065 29.53007013106253 17.580524360644631 25.97720905020833 73.410118926898576 30.50826570391655 40.654881937312894 18.413733583991416 26.999205089174211 93.400039153057151 17.970753981266171 58.731581166386604 23.399995606159791 62.025561939924955 49.015418648254126 6074.8606382769067 835.47218364477158 52.834766492247581 81.331772620556876 71.685752333491109 230.88609831384383 59.717102262424305 32.489488277118653 37.721585403895006 245.18942445458379 24.379891695338301 85.410600993200205 22.704910542815924 70.864912535296753 79.624821844976395 3804.3270523658721 19.511301744845696 26.556678131222725 24.750358417630196 186.2187179159373 19.693516127415933 40.77862192154862 68.786975353956223 126.46049003850203 226.78196346736513 285.76251965202391 281.420633767033 205.6210520301247 53.317399010062218 112.85153983603232 255.6229082836071 25.839748145313933 140.63849800103344 136.14165447512642 46.779062767745927 44.538471605628729 23.931972928345203 24.785737449885346 92.323186322581023 130.76838581322227 139.1902447467437 45.058434918522835 33.965729531948455 36.74488293856848 57.07293505652342 391.90971628867555 30.892334149451926 41.212854366516694 127.46224388189148 24.49139980727341 43.097686260007322 27.861775696277618 234.51397120382171 160.36831165105104 189.16437780461274 116.15039402048569 46.354483561008237 270.50365709001198 23.466496791108511 95.5123152526794 123.81340055959299 25.573777851648629 136.4238578826189 39565.040232733008 145.47441629867535 403.88849024986848 259.54220675176475 23.116685027373023 17.932640216778964 33.292307715513743 28.6657872867072 24.852588777546771 65.334158599376678 332.49715803645086 41.593239066540264 216.96645918895956
leaf_count=67 432 188 546 60 851 128 153 67 117 2229 4145 66 1256 474 74 55 291 50 113 265 394 217 189 125 252 85 91 179 77 93 131 60 57 543 133 339 46 59 46 108 37 55 68 50 131 54 85 38 85 71 8786 1289 79 136 129 304 89 61 52 326 49 128 56 97 119 5635 35 38 40 237 56 97 87 164 335 421 397 284 71 150 419 57 209 214 81 79 37 59 142 200 237 59 75 78 96 536 72 80 169 61 66 32 315 214 247 157 84 406 55 140 203 68 171 56985 207 621 406 75 28 57 52 65 86 463 63 309
internal_value=-1.24068e-05 0.000512184 0.00386473 0.00454371 -0.00769195 -0.00147832 -0.00491028 0.0013591 -0.0092837 -0.00079165 -0.0080458 -0.00012705 0.00953357 -0.00085313 -0.00561135 -0.013598 -0.00600285 0.0013552 0.00823428 0.0345766 -0.0139133 -0.00203287 -0.00377829 0.0144241 -0.0456834 -0.0809933 -0.00945522 -0.0110701 -0.00267131 0.0230478 -0.00448414 -0.00527439 -0.00201581 -0.00527135 -0.0112705 -0.0035945 -0.0653191 -0.0913631 0.000484841 0.0128776 0.0194348 0.0588458 0.0893024 0.0225052 0.0142886 0.0194083 0.0366983 0.092535 0.0167976 0.00599022 0.00548055 0.0106683 0.0240105 0.0140266 0.00569829 0.0197671 0.039087 0.0152101 0.000781745 0.00306624 -0.0375914 0.0488585 0.0728014 0.0168145 -0.00020626 -0.00283149 -0.0118077 -0.0150894 -0.0123731 -0.0151903 -0.0683969 -0.0186753 -0.0449477 0.00288953 0.000538134 0.00483901 0.0113855 -0.00408171 0.0236964 0.00142709 0.0214071 -0.0271465 -0.0443632 -0.016045 -0.01438 -0.0113828 0.0243748 -0.0157851 -0.00789021 -0.0365545 -0.0222634 0.021966 0.0305415 0.00188784 0.00683973 -0.00419638 -0.0141707 0.00602602 -0.0102275 0.0320739 0.0138217 0.0483443 -0.00272501 -0.0205266 -0.0208807 -0.0151364 0.010437 0.0229479 0.0611557 0.00349602 -0.00483758 -0.0245524 0.00767519 -0.000232879 -0.00650365 -0.0142505 -0.00289505 -0.0318187 -0.100681 0.00560631 0.00953094 0.0130565 0.0532871 0.00590046 -0.00474215 0.00778546
internal_weight=68582.1 50484.1 9190.39 8802.25 621.526 18098 5102.3 2091.98 3010.32 2019.09 2919.24 12995.7 902.968 12092.7 2661.28 1243.01 1007.03 1418.27 980.524 275.813 437.745 704.711 980.82 278.293 235.984 70.5345 553.261 702.527 360.654 247.664 500.022 583.149 547.509 515.886 401.484 315.814 77.0907 47.5606 9431.47 500.849 427.439 89.5769 48.922 98.5387 428.718 375.408 162.128 41.3707 120.757 213.28 8180.72 2105.86 568.321 407.37 1537.54 394.778 163.892 92.2066 1142.76 1080.66 62.1015 160.95 75.5397 164.265 8930.62 4841.09 1036.76 993.785 947.535 877.726 46.2502 798.101 109.566 4089.53 3208.03 2778.95 881.493 344.45 373.046 318.473 537.044 429.08 166.478 262.602 688.536 641.757 68.4704 573.286 417.732 155.554 231.513 69.8088 319.728 2405.91 1330.56 1075.34 546.769 528.573 515.876 136.664 95.4509 52.3532 833.279 217.441 342.06 305.315 173.817 497.286 42.9778 615.837 381.323 149.387 231.936 41293.7 1728.7 1056.99 653.104 176.596 41.0493 671.71 638.417 609.752 90.1867 519.565 374.09 476.509
internal_count=99807 72978 13373 12827 911 26829 7400 2985 4415 2857 4262 19429 1322 18107 4035 1903 1511 2132 1506 432 626 1074 1444 416 392 140 857 1028 471 358 766 849 789 732 603 470 155 109 14072 742 634 160 105 163 628 561 262 92 170 299 11916 3130 831 568 2299 583 279 150 1716 1615 101 263 135 228 13330 7293 1658 1568 1474 1375 94 1256 184 6037 4741 4097 1296 480 567 434 816 644 266 378 1072 991 116 875 616 259 379 99 496 3530 1948 1582 807 775 735 239 159 93 1207 310 482 404 253 741 90 897 582 271 311 59605 2620 1627 1006 291 103 993 936 884 151 733 526 715
is_linear=0
shrinkage=0.095553


Tree=43
num_leaves=127
num_cat=0
split_feature=18 21 0 16 1 21 21 0 15 14 13 10 13 12 10 16 18 21 18 18 9 9 12 11 0 10 12 20 20 12 18 0 3 15 18 20 0 10 10 12 21 10 15 3 20 18 10 16 18 4 20 10 11 4 18 18 3 18 4 11 21 1 15 1 15 11 20 16 18 21 18 12 21 4 8 3 18 12 20 16 15 13 12 12 10 12 20 18 4 10 0 12 0 18 20 15 9 3 4 10 20 3 11 11 4 11 1 12 12 15 10 12 11 21 4 20 10 10 4 12 10 18 13 9 21 1
split_gain=7.4217 12.3489 26.4605 20.5724 13.4843 19.8564 11.163 10.6612 21.0388 10.1901 9.46242 14.9958 11.4274 12.9133 24.6972 13.7516 10.9203 11.4601 9.99268 14.0418 13.1587 9.23019 8.80164 14.9483 8.80117 12.2979 12.2068 9.92763 10.641 10.3979 10.1829 8.62039 8.52042 8.62084 8.04278 7.91626 9.91346 10.8837 8.50543 12.8265 8.16137 15.4565 11.8026 7.81728 7.81295 7.80264 7.74549 7.84955 10.5824 19.8215 7.60396 8.48589 8.947 8.71707 13.7049 7.60382 13.2384 14.0365 29.9 12.8014 10.9208 10.2734 9.02875 10.0877 8.88197 7.96702 7.50873 10.1022 7.49726 9.16684 7.70154 8.37537 8.11501 7.49174 9.25742 7.44951 7.73192 11.7554 10.9245 10.1166 8.57663 8.54622 8.22278 7.69197 9.595 9.46734 7.55409 7.45887 7.42653 7.30608 7.22695 7.15765 7.99097 7.08581 6.98 17.4574 24.3735 14.1045 12.3611 20.0435 15.8523 18.2294 15.7582 12.9285 21.1364 12.2407 18.3578 10.9003 9.95284 16.2154 10.2975 9.88309 7.92935 7.81692 9.71427 8.48973 7.80083 9.50352 7.36713 6.96286 6.85537 7.47824 10.4673 10.4205 6.80486 6.77953
threshold=0.12257515639066698 0.19218578189611438 0.06960227340459825 0.019814147613942627 -0.33380682766437525 0.20565935224294665 0.070728097110986723 0.26278407871723181 0.62255761027336132 -0.029778599739074704 0.3399252593517304 -0.097429685294628129 0.25676377117633825 0.095311604440212264 -0.16376297920942304 0.15759838372468951 0.27269172668457037 0.40447111427783972 0.29825963079929357 0.27170178294181829 -0.027720079757273194 0.19750041514635089 0.34567753970623022 0.14590447396039966 -0.31392045319080347 0.075591403990983977 -0.18169811367988584 0.19858354330062869 -0.14973032474517819 0.24144082516431811 0.15789233893156054 -0.32528407871723169 -0.32622407376766199 -0.15974655002355573 0.12685234844684604 0.068699739873409285 -0.30255682766437525 0.0024561927421018486 1.0466883778572085 0.070154376327991499 0.25780670344829565 0.26320272684097296 0.096612904220819487 -0.18699086457490918 -0.49393545091152186 0.18170517683029178 -0.23183213919401166 -0.0070022596046328536 0.13716869056224826 -0.14873931556940076 -0.029523182660341259 0.41895695030689245 -0.094716545194387422 -0.47416162490844721 0.17105530947446826 0.24711910635232928 -0.46216037869453425 0.25257980823516851 -0.42043441534042353 -0.1950595676898956 0.28029850125312811 0.32812500000000006 -0.032250383868813508 -0.37926135957241053 0.70046851038932811 0.0021552038379013543 0.42013050615787512 -0.2299297749996185 0.14523674547672275 0.19218578189611438 0.13895370811223987 0.20736420899629596 0.21350427716970447 -0.36324852705001826 -0.069281749427318559 -0.50268387794494618 -0.39134548604488367 0.20106918364763263 -0.70457914471626271 0.63127139210701 0.052235024049878127 -0.50995877385139454 -0.22286449372768399 -0.11081189289689063 -0.079255942255258546 -0.070691823959350572 -0.3162167221307754 -0.095130875706672655 -0.43383307754993433 0.17242474108934405 0.10937500000000001 0.31916524469852453 -0.17755681276321408 -0.3290975540876388 0.3941877037286759 0.68049922585487377 0.58073830604553234 -0.35627987980842585 -0.20237678289413449 0.92448666691780101 0.49524495005607611 0.35627987980842596 0.22845830768346789 0.16754004359245303 0.41685946285724645 0.19121120870113376 -0.20312499999999997 -0.197644367814064 0.060714693740010268 0.27647465467453008 0.36777845025062567 0.82572329044342052 -0.22959570586681363 0.25323729217052465 -0.020373876206576821 0.079801581799983992 -0.057377880439162247 0.31011937558650976 -0.36894176900386805 0.60188677906990062 -0.19618349522352216 0.078328154981136336 0.22341425716876986 0.063279513269662871 0.053128369152545936 -0.041193181648850434
decision_type=2 2 2 2 2 2 2 2 2 2 2 2 2 2 2 2 2 2 2 2 2 2 2 2 2 2 2 2 2 2 2 2 2 2 2 2 2 2 2 2 2 2 2 2 2 2 2 2 2 2 2 2 2 2 2 2 2 2 2 2 2 2 2 2 2 2 2 2 2 2 2 2 2 2 2 2 2 2 2 2 2 2 2 2 2 2 2 2 2 2 2 2 2 2 2 2 2 2 2 2 2 2 2 2 2 2 2 2 2 2 2 2 2 2 2 2 2 2 2 2 2 2 2 2 2 2
left_child=1 75 22 4 -4 -6 24 9 -9 -5 11 12 13 18 -15 -16 17 44 19 31 90 -19 35 -24 25 45 -26 28 88 30 32 -8 -30 -34 43 36 -3 -38 39 40 120 42 -42 -12 -13 124 125 48 49 -48 -32 53 -53 -52 -55 66 64 58 -58 -60 65 62 -62 -64 -57 -59 67 -46 69 -36 -71 72 -72 -20 -75 76 78 82 -1 93 81 -80 -78 84 -84 87 -83 -85 -28 -68 -21 92 -31 -79 97 98 -97 105 99 100 101 -96 112 104 107 106 -18 -100 110 -110 113 -109 -102 114 -99 -116 -111 -118 -119 -69 -37 -122 -123 -124 -2 -33
right_child=6 2 3 7 5 -7 10 8 -10 -11 34 16 -14 14 15 -17 94 21 73 20 -22 -23 23 -25 26 -27 27 -29 29 91 50 46 33 -35 68 38 37 -39 -40 -41 41 -43 -44 -45 55 -47 47 -49 -50 -51 51 52 -54 54 -56 56 57 60 59 -61 61 -63 63 -65 -66 -67 89 119 -70 70 71 -73 -74 74 -76 -77 77 79 80 -81 -82 86 83 85 -86 -87 -88 -89 -90 -91 -92 -93 -94 -95 95 96 -98 108 103 -101 102 -103 -104 -105 -106 -107 -108 111 109 116 -112 -113 -114 -115 115 -117 117 118 -120 -121 121 122 123 -125 -126 -127
leaf_value=0.032043532187431022 0.047811898694927205 0.066069002757269846 -0.028154070508214876 0.0039636235555241218 -0.059208117154857444 -0.20945440295243278 -0.027105670476986386 -0.10831606499285537 -0.019027125462659895 -0.050546335587731556 -0.0029905107061450422 -0.041361863959972323 0.0012354485198298078 0.11915345477716061 0.056558289239189527 -0.014690563212632148 0.14877924456267083 -0.043633993677227291 0.060486178680734658 0.037478279675285775 -0.079011162734115639 -0.0021717491950065011 -0.0089618003483883501 -0.091800178460830842 0.049612407769483287 -0.0033940193789136781 -0.0070344860371407605 0.040788300572106487 -0.016653538430652069 0.0042567282824155662 -0.02956668371606791 -0.0025994322398895033 0.052438223126572717 0.0096143945087731573 -0.0037316125330309996 -0.021836896183203967 0.034291592488977521 -0.028483780223685817 0.039129649764864792 -0.051254307908934399 -0.065999775205915878 0.024564980754404903 -0.014208449212089103 0.040345833794159583 -0.031038245160170848 -0.0020655919182915611 0.014724461815513649 0.010117492828317021 0.020268555215528301 0.13753329500833061 0.051305621670414324 0.0040849518944281044 -0.05400007584033157 -0.039635800247231193 0.015442860765339043 0.0021491512364585881 0.010431274721874736 -0.0033760965873909075 -0.051408194416702656 -0.15348469543437687 -0.071838257097971633 0.0063887025800642401 -0.075062843428537362 -0.011058867959341407 0.059261350185650478 0.045420231165971714 -0.0088088574796540559 0.00021566846323518773 -0.0018172803080434095 -0.014353157275225218 -0.027449977184834183 -0.0084072539754619074 -0.099343103848275702 0.056125561286658979 -0.004481349306175799 -0.00066141794002651212 0.04527599352360076 0.057008273974972185 -0.010712318358370238 -0.028496247587934443 0.019059087576255726 -0.027032672457685668 -0.005428293680628876 0.06341311473254603 -0.056662618733936243 0.00068584701589771637 -0.093513843184710482 0.014895419455891809 0.034507239901517696 0.027894941126751078 -0.021601985408315292 0.0076911466515578036 0.052046158730881135 0.019290098481495956 0.023907384443026182 -0.15650788559861775 0.0067281859293683256 0.09646356645610149 -0.064704993447420672 -0.064556723408720207 0.046589511572979282 0.10492365688308922 -0.045777525026836886 0.012363940548335938 0.017453444846680488 0.01743256119295265 0.01939314800013698 -0.012856276639909774 -0.030174986566034137 0.046541859636997106 -0.007661510664087403 -0.060209102851657835 0.0067893970469984398 0.010749856377385309 0.0016578339670176682 0.053436661529310099 -0.012716918447006465 0.03061446001958627 -0.00028171858588012168 -0.042832459770744874 -0.0003749588026588201 0.0050800113962934353 0.10325301321080972 0.026382714262173593 0.0090600591942868857 0.041558638253545825
leaf_weight=42.80238163867034 98.910613388172351 33.754100156365894 26.417889483273029 154.74703074584249 21.27670757623855 13.436059097643009 53.049233707715757 31.785685232956894 92.447513717925176 36.894000993226655 69.245445394539274 45.081056842231192 1835.6186650464078 27.678564355126582 43.584925678325817 51.327427443233319 16.20446301472839 114.41539426031522 57.087957831798121 23.940592077677138 28.204031476285309 87.966921252547763 93.464571871329099 24.147497880971059 72.194277747534215 1088.7072128254222 45.205418130382895 87.534901480074041 83.376381785958074 52.624739033984952 143.74479714524932 432.91719708801247 51.637771865236573 242.61665966338478 503.84887257812079 77.637178303906694 55.393903815303929 42.677119493018836 40.988057598471642 48.649522468214855 54.755928648402914 63.815177746117115 151.69596007245127 75.646930379676633 99.172668374842033 94.577409017132595 27.808445513248444 894.0493290318409 310.5187379217241 20.516698633786291 32.566191682242788 40.862398356199265 50.44525952055119 56.890668300911784 135.8990517235361 111.89689871668816 35.661529165576212 209.39084925048519 24.65933632850647 23.072248470969498 47.552911360864528 67.997123952722177 26.839890976320021 119.69227580120787 30.545461535453796 33.458827570895664 67.511928066145629 2817.3422427852638 4456.8375210288214 215.63524072326254 27.402955664205365 34.182270385324955 34.15138318692334 32.894849009579048 63.180805386393331 45396.039719489287 37.948975952225737 51.393188515095972 95.988872123765759 34.044302642345428 38.303116669878364 39.390303067862988 279.15447651827708 36.672129671787843 36.490496366051957 692.38310921215452 27.785436650272459 134.80955551564693 193.69507702998817 158.8334452144336 68.293190851807594 294.13717027369421 86.130235242424533 418.00122166192159 104.46713688503951 14.690862743766049 15.559723600745199 21.905444014351815 46.700070141931064 27.494644436519593 53.646976392599754 32.980186204425991 44.694431822746992 260.47045506094582 166.16599763906561 383.50885651854333 25.335338601726107 486.547038923949 169.46826268639416 33.967106007272378 159.75165792589542 42.882691614329815 285.14130473288242 261.14107397547923 59.756551267462783 56.76573465031106 258.00232061755378 118.34373365784995 161.7318300914485 32.786058605764993 342.78458235005382 126.05086543201469 22.671853365027346 55.996837820392102 75.228632617625408 32.101437542587519
leaf_count=74 160 61 36 214 39 68 94 81 118 67 94 71 2670 75 81 76 50 191 102 42 55 122 152 51 122 1545 63 121 112 66 228 537 78 309 647 131 79 63 58 78 100 95 199 109 145 128 36 1261 451 59 56 48 81 91 178 131 58 263 36 68 92 86 52 162 54 62 112 3924 6361 278 35 47 77 58 92 66034 68 81 120 43 49 58 366 62 72 942 60 173 288 236 93 433 138 596 148 58 22 46 85 48 78 76 72 354 228 502 51 684 239 71 209 71 364 334 86 92 381 196 208 58 482 192 56 78 96 53
internal_value=-5.90596e-05 -0.000692105 -0.00891459 -0.031029 -0.0813723 -0.1206 0.00149576 -0.0209923 -0.042675 -0.00655852 0.00053456 0.00209187 0.00680979 0.0115098 0.0415268 0.0178202 -0.000433124 -0.00370022 0.00966934 0.00773049 -0.0234808 -0.0258003 -0.00210951 -0.0267822 0.00683879 0.00108909 0.011486 0.00970571 0.00784529 0.00431869 -0.00183998 0.00989675 0.0096885 0.0174069 -0.00275217 0.000473422 0.0223453 0.0065318 -0.00242588 -0.00433075 -0.00166954 -0.0155306 -0.0283246 0.0192667 -0.0025501 0.0193526 0.0110911 0.0149982 0.0269896 0.0682615 -0.0114119 -0.00298861 -0.0273856 0.00679194 -0.000678477 -0.00207797 -0.0108544 -0.01722 -0.0532991 -0.102263 -0.0110911 -0.0245778 -0.0357927 -0.0235145 0.0149363 0.00330122 -4.03852e-05 -0.00134286 -0.00337132 -0.0117973 -0.0246772 -0.0472556 -0.0682628 0.0330957 0.0161934 -0.000411129 0.00534324 0.00761881 -0.0104197 0.0198898 -0.0199023 -0.0295528 0.00249662 0.00103525 -0.0116413 0.00573179 -0.0555101 0.0257242 0.0263116 0.0166453 -0.00561487 0.0163252 0.0342113 0.0236121 0.00365503 -0.00090087 -0.0706616 0.0078582 0.000478964 0.0120212 0.0163228 0.0440262 0.00620153 -0.00579149 -0.0122477 0.0229525 0.0715435 -0.0209376 0.00287959 -0.00432688 0.0125051 -0.016891 0.0133295 0.020726 0.0391001 0.0274707 0.0032788 0.000378901 0.012609 -0.000280836 0.00426523 0.008103 0.022492 0.0496251 0.0313452 0.000469065
internal_weight=68880.6 48972.7 1611.49 377.005 61.1307 34.7128 19907.9 315.874 124.233 191.641 16880.9 11464 4002.77 2167.15 122.591 94.9124 7461.2 4153.88 2044.56 1891.4 120.438 202.382 1234.48 117.612 3026.98 1357.42 1669.56 1597.37 1509.83 1270.93 838.039 1770.96 377.631 294.254 5416.95 1116.87 131.825 98.071 985.046 944.058 895.408 270.267 206.452 144.892 3951.49 268.717 1717.91 1252.89 358.844 48.3251 460.408 316.664 91.3077 225.356 192.79 3906.41 730.767 588.325 83.3931 47.7316 504.932 262.082 194.085 146.532 142.442 242.85 3175.65 2949.3 5272.06 815.221 311.372 95.7366 61.5543 153.164 96.0757 47361.2 1965.17 1720.9 244.27 503.439 201.468 163.165 1217.46 1179.51 315.645 863.865 67.1757 171.482 238.9 226.345 92.2338 432.892 138.755 469.394 3307.32 1581.44 30.2506 1725.88 1551.19 548.425 520.93 137.447 383.483 1002.77 742.296 425.049 41.5398 576.13 1300.83 741.513 559.32 529.43 338.788 399.569 138.428 116.522 572.045 538.078 280.076 2850.13 625.141 547.504 204.72 78.6687 174.139 465.019
internal_count=99796 71296 2498 623 143 107 28500 480 199 281 24159 16511 5835 3165 232 157 10676 5923 2933 2681 190 313 1875 203 4341 1929 2412 2290 2169 1818 1181 2491 499 387 7648 1672 203 142 1469 1411 1333 394 299 203 5610 384 2397 1807 546 95 682 454 129 325 269 5539 1064 879 162 104 717 392 306 214 185 325 4475 4127 7445 1084 437 159 112 252 150 68798 2764 2403 361 720 287 238 1683 1615 438 1177 118 235 351 348 135 637 204 677 4753 2288 80 2465 2208 786 738 224 514 1422 1068 603 101 840 1862 1095 767 755 442 558 224 178 856 785 404 3982 939 808 326 134 256 590
is_linear=0
shrinkage=0.095553


Tree=44
num_leaves=127
num_cat=0
split_feature=18 13 10 12 0 13 11 18 20 17 0 18 5 14 3 15 3 11 18 18 4 10 14 3 10 19 9 0 11 9 4 10 12 10 0 12 17 13 19 3 20 4 10 19 0 20 19 12 10 0 14 19 10 10 0 9 12 4 17 12 10 18 4 5 11 14 8 0 12 0 12 12 0 4 4 5 8 11 18 11 18 3 13 15 10 20 20 0 10 10 4 12 3 3 14 18 3 12 10 9 14 4 11 19 10 13 0 12 18 12 4 10 18 14 11 12 3 18 17 5 17 10 13 17 17 15
split_gain=5.27253 8.18607 8.11312 15.7542 12.83 7.95896 5.98042 12.1119 11.0729 7.79743 18.795 10.3201 8.84938 8.51561 12.0535 7.71161 25.2657 11.4982 9.6186 11.8985 35.936 54.5381 9.24762 10.9194 8.89617 16.2974 24.6136 9.01464 8.70001 7.43238 11.8002 8.32748 7.21642 11.8447 10.7252 7.83378 10.2065 6.53583 6.1863 5.96717 5.89302 5.66131 11.1505 32.6594 18.2072 8.05307 5.52071 5.4658 5.51449 5.41609 5.34312 5.33641 10.7278 8.87163 17.1226 12.1748 6.65609 10.5024 24.8138 14.8255 8.78978 8.34224 14.707 9.05439 11.5271 6.9281 5.98106 15.3736 5.96898 17.5733 7.27605 6.13281 5.45118 5.33604 9.99468 8.79965 5.28227 6.64461 6.25056 5.2745 10.1958 18.2471 23.6941 11.8181 11.717 10.9057 21.9508 12.6503 16.4601 13.4089 17.6699 14.62 27.6767 24.1277 50.9316 15.2048 40.5774 13.5776 12.2913 13.2254 11.6094 11.0831 19.0263 10.725 11.9516 13.0185 10.4395 18.4034 13.3035 29.1493 15.5112 14.7237 19.0411 12.2404 10.2229 10.7052 14.9458 18.2985 17.3001 19.0064 14.252 25.9533 29.35 15.7073 13.6755 14.3226
threshold=0.57462233304977428 -0.29330879449844355 -0.090540058910846696 0.30200687050819403 0.43039773404598242 0.38620558381080633 0.33364200592041021 -0.30736744403839106 0.26404768228530889 -0.011254135053604839 0.41335226595401769 0.066034600138664259 -1.0000000180025095e-35 -0.026806683279573914 -0.45878548920154566 0.52937787771224987 -0.43606831133365626 -0.097552895545959459 0.25915643572807318 0.19050760567188266 -0.4771131426095962 0.16094725579023364 -0.096646711230278001 -0.25294875353574747 0.58118796348571788 0.68791252374649059 0.10654987394809724 0.2173295468091965 0.18775100260972979 -0.029971785843372342 0.20911728590726855 0.36777845025062567 0.23477987945079806 0.021013196557760242 -0.11505682021379469 0.12933676689863208 0.44685746729373937 0.27089986205101019 0.13400998711586001 -0.46541532874107355 -0.020612128078937527 -0.36894176900386805 -0.079255942255258546 0.13400998711586001 0.31392045319080358 -0.066364951431751237 -0.020415270701050755 0.5582847297191621 0.29706811904907232 -0.021306818351149556 -0.15905695408582685 0.43389350175857549 0.33734548091888433 -0.037577204406261437 0.29403407871723181 -0.051436092704534524 1.2009319663047793 -0.49221940338611597 -0.14565655589103696 0.43986850976943975 0.12529876083135608 0.13985770940780642 0.38780803978443151 0.37500000000000006 0.8175647258758546 -0.016404977068305012 0.27520735561847692 0.06960227340459825 0.17532303929328921 -0.052556818351149552 0.19586049020290378 0.08575186133384706 0.24573864042758944 -0.24637155234813687 -0.46789334714412684 -1.0000000180025095e-35 0.24608590453863147 0.27642433345317846 0.14948536455631259 -0.33883734047412867 -0.3290975540876388 -0.38928070664405817 -0.011475662235170601 -0.10214285552501677 0.1570733264088631 -0.1251377537846565 -0.09894146770238875 0.27130682766437536 0.22582113742828372 0.1763909310102463 0.4660108089447022 -0.0076901083812117568 -0.077126663178205476 -0.41401703655719752 0.092069961130619063 -0.14547633379697797 0.2314863055944443 -0.074757002294063554 0.29126545786857611 -1.0000000180025095e-35 0.1574521139264107 0.036633748561143882 -0.182325504720211 -0.19750742614269254 -0.037577204406261437 0.15139894932508471 0.33664773404598242 0.39586620032787329 0.13454841822385791 0.051166381686925895 -0.48522816598415369 0.19786177575588229 0.15989314764738086 -0.12785183638334272 0.086980137974023833 0.10020583122968675 0.052880689501762397 -0.083368375897407518 0.62257298827171337 0.37500000000000006 -0.14414641261100766 0.61795997619628917 -0.25917074084281916 0.29886379837989813 0.15856464952230456 -0.13825652748346326
decision_type=2 2 2 2 2 2 2 2 2 2 2 2 2 2 2 2 2 2 2 2 2 2 2 2 2 2 2 2 2 2 2 2 2 2 2 2 2 2 2 2 2 2 2 2 2 2 2 2 2 2 2 2 2 2 2 2 2 2 2 2 2 2 2 2 2 2 2 2 2 2 2 2 2 2 2 2 2 2 2 2 2 2 2 2 2 2 2 2 2 2 2 2 2 2 2 2 2 2 2 2 2 2 2 2 2 2 2 2 2 2 2 2 2 2 2 2 2 2 2 2 2 2 2 2 2 2
left_child=6 -2 3 5 -4 -3 15 -8 9 46 13 38 -13 32 37 79 24 -18 19 47 -21 -22 49 -24 25 27 -27 -17 -28 -16 31 -31 35 34 -34 39 -37 -15 -12 -11 -14 45 43 -43 -45 -36 -9 -19 -49 -20 -38 56 53 54 -53 -56 57 58 59 -48 -58 62 -59 64 65 68 -54 -68 69 71 -70 -63 -69 74 -55 -75 77 78 -29 -1 81 82 83 -81 -84 106 87 89 100 90 91 93 -93 94 -87 96 -94 -95 99 -91 -89 102 -97 -83 105 -105 107 108 114 111 -111 -110 -113 -108 115 116 117 124 119 120 121 122 -118 -122 -82 -126
right_child=1 2 4 -5 -6 -7 7 8 -10 10 11 12 40 14 29 16 17 18 22 20 21 -23 23 -25 -26 26 28 76 -30 30 -32 -33 33 -35 41 36 50 -39 -40 -41 -42 42 -44 44 -46 -47 51 48 -50 -51 -52 52 66 73 55 -57 60 61 -60 -61 -62 63 -64 -65 -66 -67 67 72 70 -71 -72 -73 -74 75 -76 -77 -78 -79 -80 80 85 103 84 -85 -86 86 -88 88 -90 98 -92 92 95 97 -96 101 -98 -99 -100 -101 -102 -103 -104 104 -106 -107 113 -109 109 110 -112 112 -114 -115 -116 -117 118 -119 -120 -121 123 -123 -124 -125 125 -127
leaf_value=0.0020817911986732783 0.036466033875806755 0.054211474239117617 -0.0012795024075785977 -0.018365702903151877 0.057003599279007305 0.0077492169414931662 -0.043251122191113746 -0.015071329495316567 -0.024739219458477339 0.020710005597040244 -0.096929875178064825 0.028958976307373416 -0.00079291514345531321 0.07056399882761781 -0.0028760024550207085 -0.0075709989164018171 -0.017632541807668232 0.0068037009642132086 0.031160442704980633 0.075650811806739007 -0.21363935877609211 -0.0057670009178645903 0.090111570711637057 0.018269209243904131 0.048321847034520721 -0.089528678620834315 0.048036016473651015 0.041954036922555851 -0.013087876462673006 0.098549675413551349 -0.021978734433744717 0.021286119469843316 -0.074788791951454187 0.00969260065867362 -0.019823253606759121 0.012358492093324585 0.031742832510207271 0.020544062659259676 -0.024322763886641747 -0.011950116830946838 -0.041451481889908624 -0.0091482900394079976 0.010814394782253765 -0.17078173813430397 -0.045973303022100127 0.024000321464537313 -0.055195044788118562 -0.043963756586952105 -0.0023647352175828157 -0.015028545735922938 0.092829604909998004 0.018087788481234351 0.0067054018006053959 -0.029187686576890269 -0.0080802173916989864 -0.10031296811494483 -0.054433109058862596 -0.012772660494061377 0.099121236970204168 0.042604440807776388 -0.00027197798499166469 -0.0088402864867717212 0.054415649022372031 0.039093590414326203 -0.039169475970987126 0.023959059239659568 -0.041742336954724436 0.028376367477127323 -0.034276204359569962 0.079323613505538113 -6.8510252335870819e-05 0.025527535591530284 -0.0094209514252328163 0.010666845321115682 -0.1179502277462743 -0.050379308210188316 0.011466996742141428 0.018907073336413133 0.09250425124958217 0.0017730129028367856 -0.023617811860615196 0.022957072689676894 -0.15732579046683073 -0.03461635662654132 -0.041736629791682564 -0.19642054369289483 -0.0002984586829918119 0.00013036921699112889 -0.042850122035419144 0.0748322843402323 -0.094603931607693009 -0.0050897198580804682 -0.22578618866552785 -0.010662741038477086 -0.0054514545298420952 -0.020838045197092949 -0.032746382737195351 0.033514608541194084 -0.010023632648851944 0.0020703266303349253 0.039657567343080416 0.00011786360747407848 -0.11011638519432079 -0.017077567755641666 -0.0029765818192010103 -0.092035772886447084 -0.029913839394102151 -0.03478134485953864 0.05892640166492806 0.02957381629563895 0.15892128250185375 -0.055673219603636998 0.017802796228246192 0.016239719945811117 -0.0021390199813148283 0.018771661991664319 0.10658793333305955 0.033976647472158859 -0.024749224031744052 -0.0065436503515505021 0.0033053726684522874 -0.019489323067962319 0.028972483605761171 0.027140111562568375 0.037746103557304247 -0.0081334418575827027
leaf_weight=8611.9274308449822 73.899639695882797 96.345866156392731 1038.4051072242437 62.232718635350466 33.742089117877185 54.187613189220428 66.612141967751086 415.72354066977277 199.40380686183926 83.643145620822906 23.963790212292224 34.820797722088173 59.922390401363373 53.220527102588676 168.33229586412199 56.131953373551369 301.78594756685197 598.85582796565723 36.189224295318127 16.644935489981435 17.064939724979922 31.490119487047195 31.850696404464543 50.275505686993711 101.3173339413479 28.268920443719253 33.297325563966297 115.85562589112669 50.018690310418606 23.817685857065953 22.40653919428587 28.961553824949078 22.044599117711186 447.0905957253417 60.963746158289723 121.63918340206146 30.440286576747894 47.857090801000595 21.955347485840321 124.0016369089717 73.675515049719252 185.41423072468024 97.834243321674876 18.498902907245792 26.31147637963295 93.582493454217911 26.554406870971434 38.420053533278406 113.02482251916081 56.399637528811581 26.870902338298038 85.551830515032634 312.99962909403257 28.332803428173065 28.992156267166138 23.3039905205369 45.768544395454228 588.33390172629151 31.667280231718905 26.63615603314247 60.174195155501366 126.7909805176314 29.152612421079539 63.392284893896431 55.538013806450181 144.52825200173538 99.267616549041122 60.65893292427063 62.625040006707422 30.744764964329079 483.89150333974976 72.167751550674438 73.995934756123461 31.753850609064102 20.569484279956669 53.513365764752962 83.53614517848473 89.438929362106137 29.688732599257492 145.23915586771909 422.26798177952878 134.09755248983856 16.839576444937848 174.89445707108825 16.935073792934418 18.31924542831257 39052.622418697923 204.77894869819283 53.983720429241657 35.075180386775173 27.522461120504886 139.70305182551965 16.483350200462155 563.32193746918347 36.674118041992188 47.713166125118732 23.825254317373037 69.2393569201231 291.30224465555511 62.647231796290725 100.95149246405344 32.384292602539062 40.838518646080047 105.62378755444661 2353.1687616175041 25.75667720194906 53.615158188389614 120.73547527077608 42.47411261301022 15.482235230505465 19.794939727871679 43.844951998209581 106.64040185511112 785.633499908261 3196.5640812978381 467.30961696512531 56.41909996769391 85.90712556836661 140.28524648398161 498.18353984202258 898.63826485374011 66.743293687701225 204.36520284367725 352.35910983337089 77.039417121326551 289.31193800095934
leaf_count=12380 104 165 1486 79 63 70 108 625 303 97 58 63 67 99 223 72 427 823 50 34 76 41 68 75 168 62 52 163 61 56 31 35 40 605 80 166 40 61 33 175 110 226 124 62 38 121 46 65 139 73 58 119 406 39 36 52 72 787 76 51 83 158 65 97 91 195 165 80 98 62 593 90 95 37 60 82 106 114 63 196 620 199 63 252 22 76 56292 269 74 68 63 190 66 789 42 67 37 92 397 94 144 38 101 160 3539 64 80 194 70 23 60 75 153 1110 4647 700 125 147 188 759 1324 85 304 484 113 404
internal_value=-6.05618e-05 0.00582744 0.00400392 0.0209768 0.000573428 0.037746 -0.00017995 -0.00327791 -0.00274572 -0.0018501 0.00295172 -0.0235288 -0.0122748 0.00637025 0.0197516 8.05116e-05 0.00610533 -0.00132616 0.00360423 -0.000695426 -0.0393354 -0.0812315 0.0238495 0.0470204 0.0225123 0.0169884 -0.0145536 0.0265484 0.010792 0.00802553 0.0326828 0.0574004 0.00287971 -0.00154682 -0.0116073 0.0138701 0.0284662 0.0473485 -0.0632203 0.0010568 -0.0235516 -0.00849709 -0.0156149 -0.0271221 -0.098899 0.00628364 -0.00482119 0.00265064 -0.0133539 0.00277489 0.0614264 -0.00320154 -0.00961597 -0.0250851 -0.00770915 -0.0501121 -0.000329347 0.00106194 0.0334996 -0.00504407 -0.0233901 -0.000591733 -0.00940033 0.00459731 0.00226924 0.00486973 -0.00181825 -0.0133847 0.00122815 0.0141368 -0.00413342 0.00349794 0.00720638 -0.0425678 -0.0680532 -0.0271345 0.0327978 0.0402021 0.0529311 -0.00010646 -0.000471698 -0.00590339 -0.0262343 -0.0179945 -0.100657 -0.000139471 -0.00077081 -0.0111899 0.00465887 -0.0152924 -0.0210646 -0.0188784 -0.0364582 -0.0110826 -0.0707741 -0.0633342 -0.114195 -0.00569493 -0.00011004 0.0288292 0.0133908 -0.0455921 -0.062826 -0.00313015 -0.0045674 -0.0324609 0.00309823 0.00189975 0.00254649 0.0251597 0.10331 0.0102854 -0.00347686 0.0131752 0.00177153 0.00529718 0.00324062 -0.0072997 0.00742196 0.00963457 0.0147768 0.0325398 0.0461903 0.010073 -0.0119161 0.00144304
internal_weight=68829.8 1358.81 1284.91 212.766 1072.15 150.533 67471 5245.91 5179.3 4979.9 1897.27 214.338 168.419 1682.93 344.596 62225 1879.56 1292 990.216 815.501 65.2 48.5551 174.715 82.1262 587.554 486.236 111.585 374.651 83.316 243.518 75.1858 52.7792 1338.34 951.74 504.65 386.595 178.95 101.078 45.9191 207.645 133.598 482.605 328.059 230.225 44.8104 154.546 3082.63 750.301 151.445 92.5889 57.3112 2666.91 818.94 272.017 137.848 52.2961 1847.97 1742.02 84.8578 53.1906 105.943 1657.17 617.487 1039.68 976.286 920.748 546.922 233.922 776.22 229.703 546.517 198.959 134.655 134.17 48.9023 85.2672 318.519 234.983 145.544 60345.5 51733.6 2972.56 353.908 320.134 33.7747 48761 40817.4 1764.76 359.714 1405.05 1016.02 988.502 300.948 687.555 54.9934 161.245 40.3086 632.561 389.025 97.7224 305.73 120.936 88.5517 2618.65 2484.55 131.38 7943.61 7104.37 6983.63 228.237 35.2772 192.959 150.485 839.249 6755.39 3558.83 3091.52 874.526 2216.99 2076.71 1578.52 327.528 260.784 1251 788.619 366.351
internal_count=99577 1967 1863 314 1549 235 97610 7439 7331 7028 2668 331 240 2337 505 90171 2732 1871 1444 1178 151 117 266 143 861 693 175 518 113 345 122 91 1832 1296 691 536 264 160 91 272 177 651 450 326 100 201 4360 1027 204 123 98 3735 1171 425 207 88 2564 2409 173 97 155 2236 852 1384 1287 1196 746 340 1001 310 691 248 175 218 99 119 446 340 226 87439 75059 4495 533 448 85 70564 58899 2607 487 2120 1561 1498 499 999 118 309 103 881 559 162 413 206 168 3962 3763 224 11665 10475 10281 381 83 298 228 1190 9900 5253 4553 1284 3269 3081 2322 514 429 1808 1137 517
is_linear=0
shrinkage=0.095553


Tree=45
num_leaves=127
num_cat=0
split_feature=15 18 21 0 12 12 11 10 0 5 18 10 11 8 10 14 11 20 0 12 16 21 15 1 18 18 5 18 11 21 9 11 18 18 11 1 0 13 11 1 21 10 14 11 21 1 12 20 1 10 10 13 0 19 19 19 21 19 18 11 10 11 10 20 11 20 21 14 19 15 18 21 1 12 18 1 19 10 19 19 12 19 14 5 5 10 20 0 19 11 12 15 20 10 8 18 8 1 18 8 14 21 10 15 1 9 19 14 12 0 1 5 14 15 11 15 0 5 18 21 12 11 12 21 18 16
split_gain=6.03231 6.94981 7.27475 19.0672 11.5579 27.0004 21.7481 11.2795 9.97571 17.7115 13.0827 12.0361 45.6096 44.6211 8.90742 19.03 14.1485 8.82722 8.09855 7.96319 14.1454 7.73457 8.32333 7.71848 7.64421 16.7001 18.7845 11.726 11.3486 14.0054 10.5588 9.94711 13.7358 22.1708 15.4124 14.2882 11.1947 14.6691 13.0431 12.035 9.37446 9.27819 8.6755 7.63775 8.5267 7.56012 6.96827 8.41896 15.7898 10.4254 6.70132 6.89292 6.64995 21.5248 20.9414 20.8802 24.6996 19.9495 19.3306 17.8963 23.2307 16.8795 33.3628 35.8608 36.1718 22.7219 16.5559 15.545 15.4221 16.6674 13.1958 13.4837 12.6377 12.4256 14.5457 12.2377 24.7992 26.0194 15.4399 14.2449 12.0989 11.8825 19.5893 16.4708 15.241 12.691 13.683 15.0028 12.5314 15.375 11.5157 11.3907 11.249 11.1318 11.9493 10.9023 16.3465 10.8664 12.1056 10.7907 11.3564 10.6157 10.2014 9.97872 13.7815 9.83426 29.7432 12.5913 9.69631 9.56411 9.23194 10.1355 17.3701 15.2764 20.3296 13.3186 9.1407 18.3406 9.11785 21.6183 19.074 15.2499 11.9902 9.96598 14.1126 11.6721
threshold=-0.22272657603025434 -0.077967457473278032 -0.069417897611856447 0.29687500000000006 -0.26490566134452814 -0.2603659182786941 0.04572690092027188 -0.025388123467564579 -0.089488636702299104 1.0000000180025095e-35 -0.21447290480136869 -0.027378736995160576 0.024514570832252506 -0.08069549128413199 0.14276511222124103 0.27707174420356756 -0.031534584239125245 0.0093396361917257326 0.20596590638160708 0.19586049020290378 0.06580157577991487 -0.02965554408729076 0.076812595129013075 -0.10937499999999999 -0.12176372483372687 -0.11541661992669104 -1.0000000180025095e-35 -0.096240367740392671 0.16754004359245303 0.025751011446118358 0.17215988039970401 0.076548647135496153 -0.1739988103508949 -0.15630872547626493 0.024514570832252506 0.26846592128276831 -0.39914773404598231 -0.1845925226807594 -0.06904603540897368 0.32528407871723181 0.055426111444830901 0.25180687010288244 -0.096646711230278001 0.12308412790298463 0.04595810920000077 0.20596590638160708 0.11817038059234621 -0.016000446863472458 -0.061079544946551316 -0.018707348965108391 0.1570733264088631 0.30009126663208013 -0.072443179786205278 -0.15445105731487271 -0.0076580906752496949 -0.035256490111351006 0.070728097110986723 -0.0059481500647962085 -0.035081364214420312 -0.10036084428429602 0.39106588065624243 0.12308412790298463 -0.17861767113208768 -0.019019757397472855 0.13752573728561404 -0.097192719578742967 0.087024141103029265 -0.10704841837286948 -0.010307393968105314 0.10292626917362215 0.13985770940780642 0.22195540368556979 -0.41335226595401758 0.041566608473658569 0.026488136500120166 -0.27130682766437525 0.19067786633968356 -0.037577204406261437 -0.12409475445747374 0.096964869648218169 0.65248712897300731 -0.10066525638103484 -0.13676758110523221 -1.0000000180025095e-35 0.37500000000000006 -0.16376297920942304 0.028709064237773422 -0.18323864042758939 -0.12548762187361714 0.10898269712924959 0.061869639903306968 0.20430875569581988 0.1728199049830437 -0.1508260294795036 0.07607517391443254 0.19685667008161548 0.05482891388237477 0.29119317233562475 0.45690877735614782 0.28172974288463598 -0.029778599739074704 0.1988378316164017 -0.20884062349796292 0.23272657394409182 -0.10653408989310263 0.15922500938177112 0.43389350175857549 0.014800142496824266 -0.15882790088653562 0.43892045319080358 -0.20312499999999997 1.0000000180025095e-35 0.095784857869148268 0.0092242704704403895 0.22060260176658633 0.106766514480114 0.42471592128276831 0.37500000000000006 0.27762436866760259 0.29659129679203039 0.03241280838847161 0.0265897810459137 0.0094511150382459181 0.63198998570442211 0.52285957336425792 0.33184720575809484
decision_type=2 2 2 2 2 2 2 2 2 2 2 2 2 2 2 2 2 2 2 2 2 2 2 2 2 2 2 2 2 2 2 2 2 2 2 2 2 2 2 2 2 2 2 2 2 2 2 2 2 2 2 2 2 2 2 2 2 2 2 2 2 2 2 2 2 2 2 2 2 2 2 2 2 2 2 2 2 2 2 2 2 2 2 2 2 2 2 2 2 2 2 2 2 2 2 2 2 2 2 2 2 2 2 2 2 2 2 2 2 2 2 2 2 2 2 2 2 2 2 2 2 2 2 2 2 2
left_child=-1 2 -2 4 6 45 7 -4 24 10 21 12 -11 -14 15 16 -5 -9 19 -13 -21 22 -10 -23 28 -26 -27 42 31 30 -30 32 -7 34 35 -34 -35 38 -38 40 -39 50 -28 44 -33 -6 47 -12 -49 -50 51 -31 53 58 55 81 68 59 67 -56 -61 65 63 64 -63 -60 109 -3 69 -57 72 75 -68 74 -64 79 78 -78 101 95 -59 84 -83 -84 102 86 -85 -88 -86 -90 91 -58 -81 94 -91 116 -97 99 108 100 -87 103 -55 104 -77 107 -107 -79 -99 -54 -80 113 -113 -112 115 -115 -72 -118 -73 -120 121 -121 -123 -122 -125 -126
right_child=1 52 3 14 5 8 -8 17 9 11 46 18 13 -15 -16 -17 -18 -19 -20 20 -22 23 -24 -25 25 26 27 -29 29 41 -32 43 33 36 -36 -37 37 39 -40 -41 -42 -43 -44 -45 -46 -47 -48 48 49 -51 -52 -53 66 54 57 56 90 80 61 60 -62 62 73 -65 -66 -67 70 -69 -70 -71 71 118 -74 -75 -76 76 77 105 110 92 -82 82 83 85 88 97 87 -89 89 93 -92 -93 -94 -95 -96 96 -98 98 -100 -101 -102 -103 -104 -105 -106 106 -108 -109 -110 -111 111 112 -114 114 -116 -117 117 -119 119 120 123 122 -124 124 125 -127
leaf_value=0.00228266433507914 -0.00088436118974542202 -0.09617002435457335 -0.02717536977031404 -0.011498445247201079 0.078907395566290908 -0.0078637306613718334 -0.0793500993250007 -0.0092594923152626747 -0.010803433109284935 -0.02361276761924172 0.0047822138006056725 0.0026299824245406287 -0.041209294071991996 -0.28835550410318994 -0.0057136408432226374 -0.10974852510583639 -0.064604257221332784 0.03109076688967477 0.026148775772286539 -0.088366275452356674 -0.013291213938181666 -0.058828823994568312 -0.091533411751253596 -7.5163670211300518e-05 -0.066535973529670431 -0.043491951313798329 -0.047863752213562705 0.042780169115886682 -0.0087753745016382369 0.0039672621115497391 0.046565533561040665 0.074516986917683173 0.13560349813247388 0.028480778713196417 0.0072034844007750586 0.046680589763950939 -0.011686937612960116 -0.097987916899891489 0.067527235171522093 -0.00058094294205214775 -0.016325073407525221 -0.0061743838512488191 0.0056992734249074603 0.0092597478882041721 0.024261766217254111 0.016287966703098046 0.021951098970170533 -0.099724519868726838 -0.044415483019624905 0.026778229532665683 -0.087173320861106227 -0.057181388282721277 0.0036943237452425172 0.022665190456032713 -0.015653629896155642 0.19267992211636464 0.017392766615001217 -0.0020627237512713414 0.036247536203025628 -0.1653968079095916 -0.015578428842358773 -0.048574671029755739 0.021005368503049515 -0.024241507185062475 -0.26175979125644822 -0.0048311749772211214 -0.018961675238898298 -0.023883215788743205 0.03879940533310574 0.05107096761198858 0.015513639538297876 -0.0045491757271881881 -0.0031018822652432955 0.044202798041031263 -0.027037134734376814 0.039015618143420035 0.05755144735460431 -0.072951385238344602 0.0070284292383009034 0.011195126215761114 0.036693696423402193 -0.015760847023170522 0.017117889543463067 -0.00045557161502421753 0.0098043452237469783 -0.0032427845782239551 -0.012121767004966809 -0.12170872689202369 0.084999671277943098 0.094253001734691866 0.057045367289187417 -0.0161713749678811 -0.035896703434351737 0.005207584635821153 0.022329441016343547 0.12764120149645278 0.029241109663937052 -0.005545072484765364 0.045646959696683656 -0.035237381636405912 0.029193354673542494 0.050054946493475867 0.00034554727321547469 -0.042268169884577954 -0.0038156794242734816 0.099669378831055269 -0.0015538665791095657 0.0011011966555295959 -0.037717274784669491 0.017053635297132122 -0.0033276312069749365 -0.013220189915131696 0.059657661936773847 -0.058695221369691873 -0.017156220473225608 -0.14882056291081125 0.11270090851396367 0.0013020942938307748 0.051516544390817376 0.085460022611911865 0.0015826218170271441 0.004864710063044027 0.036392272261497459 -0.034805834586447225 0.015361278559226955 -0.014556733123052785
leaf_weight=9031.5162707219133 15007.757645199075 29.111699181376025 192.40356774523389 165.24143033730797 45.818531213677488 426.63861218339298 45.288795133004896 140.2987799969269 21.516145413625054 195.63159615022596 476.34226932842284 94.623524753144011 14.672804904985243 11.853283175732939 141.00865944137331 27.242246195091866 63.210951512446627 73.500360785517842 45.418704152107239 30.78756438777782 84.761534944176674 23.833531864220276 26.768158274120651 106.02924052427988 40.753871048218571 79.234522629063576 30.921546930447221 67.886502211913466 74.056467356160283 26.791794709861279 50.597520097042434 44.227369253407232 24.144533525337465 87.629044282948598 51.272165579372086 56.029353955411352 45.459274066495709 33.260644431808032 28.954745554714464 47.790179699659348 22.156235543894581 93.977443092036992 172.23454466427211 164.79879458353389 109.63085231883451 30.789496090030298 163.89349674945697 19.722410361049697 32.713468015193939 39.23983263107948 29.06096041854471 35.284515702049248 9195.4562798651168 208.29597563424613 85.698580398224294 14.645830981899055 329.64402994106058 9407.712147566257 128.43457560613751 19.345740694436245 18.051316857337952 14.105268726008946 70.387476459145546 41.234098141896538 15.232429808005689 2116.3188870121958 516.25763957411982 278.85389696410857 73.848822447820567 16.912636687979102 260.98741674202029 3077.1603696212405 4148.5042846442666 31.318786535295658 264.27158969955053 101.10381678666454 134.08337541518267 23.980982434819452 175.30418141605332 300.75445681868587 72.107264623162337 670.27167232241482 545.13475502899382 45.928780667483807 501.16424342058599 164.26491181924939 20.98196117952466 25.291693923762068 46.626663898467086 33.557835487648845 47.132528060232289 124.67369642853737 52.430733898538165 121.48312950134277 58.163809386896901 23.949404264683835 42.940601466922089 320.47424495918676 30.758914231322706 39.629478621296585 232.47288277000189 53.980422616004944 1732.7393799461424 34.442649571108632 198.53523253044114 33.83564585831482 100.20618359406944 106.6503759335028 117.03825818700716 517.60970266163349 114.08753517642617 281.67166024097241 31.189042806625366 59.050753744319081 90.454130738391541 20.979588382644579 26.816215199418366 23.532943844795227 79.145062827738002 26.733778825728223 1740.1785028283484 414.39356974721886 150.40777567401528 180.78879393264651 183.37764941900969 328.23931138275657
leaf_count=13330 21752 67 274 222 87 642 93 194 27 299 653 121 25 67 194 69 123 126 57 66 106 59 66 133 83 130 47 100 97 33 75 78 65 124 72 89 52 80 50 60 28 120 231 223 145 40 221 51 48 74 63 58 13265 302 120 55 439 13389 187 63 20 22 89 69 74 2930 791 362 106 26 326 4371 5831 45 359 147 233 47 245 387 105 932 742 62 689 216 27 71 91 72 79 159 81 148 74 63 55 415 46 60 333 85 2384 50 266 79 152 139 167 775 142 376 54 102 128 65 69 27 134 53 2457 585 215 277 270 461
internal_value=-1.89552e-05 -0.000365515 -0.00186779 -0.00540739 -0.00328934 -0.00131487 -0.0176084 -0.0104562 -0.00266154 -0.00878218 -0.000912013 -0.0236569 -0.0399418 -0.154174 -0.0253031 -0.0359631 -0.0266014 0.00442231 -0.00930137 -0.0172861 -0.034022 -0.0240471 -0.0564394 -0.0115 0.00192315 -0.00986362 -0.0029781 0.00883654 0.00513912 -0.0109623 0.013341 0.00956003 0.00394405 0.0167464 0.0486302 0.0747062 0.000700529 -0.0128855 0.0186391 -0.0361941 -0.0661233 -0.0276634 -0.00238585 0.0238838 0.0392202 0.0540392 0.0046895 -0.000229826 -0.0265567 -0.00521584 -0.0492884 -0.0303085 0.000336136 -0.00102966 0.000431712 0.00512281 0.0218311 -0.00226059 -0.00843717 -0.0402031 -0.0944929 -0.00581058 -0.0229759 -0.0824998 -0.16202 -0.00244166 0.00142097 -0.0310765 0.0636253 0.119158 -0.000787521 0.00145516 -0.00487035 -0.0112253 -0.0167005 0.00771611 0.0028989 0.0234232 -0.00412795 0.0179146 -0.00175822 0.0030464 -0.00212805 0.00377116 0.0072999 -0.00348463 -0.0369013 -0.0731059 0.0187579 0.0358038 0.012875 0.00805282 0.00398741 0.0245871 0.0494589 0.0307925 0.065732 -2.73949e-06 -0.0101281 0.0107848 0.0156379 0.0113189 0.00277857 0.00481748 0.010538 0.0058919 0.0240309 -0.0124555 -0.014311 0.0044126 -0.0119623 -0.0176403 -0.00560148 -0.030688 -0.0487407 -0.083651 0.0230111 0.0598963 -0.000858533 0.0027853 0.00147586 0.0168485 0.0133913 -0.00224902 -0.01194 -0.00373517
internal_weight=69157.2 60125.7 19163.2 4155.4 3758.7 3307.21 451.492 406.203 3230.6 1387.81 910.059 477.749 222.158 26.5261 396.703 255.695 228.452 213.799 255.591 210.173 115.549 178.147 48.2843 129.863 1842.79 391.031 350.277 271.043 1451.76 309.769 124.654 1141.99 823.335 396.696 131.446 80.1739 265.25 177.621 74.414 103.207 55.4169 185.115 203.156 318.657 153.858 76.608 731.911 568.018 91.6757 71.9533 91.1373 62.0763 40962.5 18113.3 15124.1 5521.14 606.858 9602.92 2989.27 123.096 37.3971 2681.3 436.55 70.5718 29.3377 2244.75 22849.2 307.966 105.407 31.5585 13136.2 8471.39 4664.76 365.978 334.659 2290.97 1559.56 398.757 1160.8 731.412 9479.82 4914.28 2212.25 1541.98 2702.03 996.841 92.2024 46.2737 760.996 259.831 501.45 454.318 353.185 213.205 91.7216 378.227 66.89 904.639 468.271 436.367 396.738 388.062 1941.04 334.082 299.639 264.673 134.042 130.631 437.513 9713.07 772.737 597.433 312.861 284.572 170.484 80.0303 311.337 50.3492 6180.42 3103.26 3024.12 591.535 564.801 2432.58 692.406 511.617
internal_count=99721 86391 27992 6240 5632 4945 687 594 4818 2073 1332 741 391 92 608 414 345 320 350 293 172 285 93 192 2745 591 508 378 2154 446 172 1708 1262 620 226 154 394 270 102 168 108 274 278 446 223 127 1047 826 173 122 154 91 58399 25596 21392 7695 864 13697 4204 203 83 3775 658 165 96 3117 32803 429 187 81 18763 12141 6622 493 448 3318 2310 650 1660 1008 13494 6831 3071 2139 3760 1397 160 98 1074 385 677 598 468 294 146 540 118 1237 628 609 549 548 2686 463 413 417 231 186 582 14040 1112 867 430 437 295 167 422 96 8823 4452 4318 853 800 3465 1008 731
is_linear=0
shrinkage=0.095553


Tree=46
num_leaves=127
num_cat=0
split_feature=7 18 16 9 11 18 21 1 12 19 17 10 21 11 11 12 12 10 17 20 8 18 17 14 11 15 11 18 14 16 14 10 16 1 18 12 10 21 20 20 14 9 18 18 14 12 19 17 12 17 1 14 1 12 9 14 11 19 1 1 1 8 17 14 1 19 19 21 19 9 14 1 21 1 12 17 9 21 20 18 20 11 15 15 19 9 10 1 17 5 21 9 12 10 1 18 10 5 14 17 17 1 1 9 15 20 1 21 1 18 1 17 9 1 12 17 18 1 17 16 5 17 19 19 1 17
split_gain=5.5375 5.53492 5.39622 9.49682 8.35443 7.00875 8.76037 7.35786 11.9465 11.6745 12.4397 11.3894 11.2241 7.27136 8.29872 7.78168 12.3735 8.98673 7.0049 10.2368 10.1951 8.58543 8.15425 8.23241 7.34744 6.97487 6.78204 9.92048 11.8435 6.43704 6.30523 14.864 10.0633 7.76619 14.1236 9.73585 6.90784 6.19659 7.73188 13.1363 9.54444 8.98466 8.91878 13.1999 13.0057 12.9627 17.1848 11.7858 11.5266 19.7166 12.4454 10.3774 9.18626 27.6903 30.6074 22.7376 9.81638 9.03081 14.7805 14.1048 12.0438 8.39568 8.06855 7.41829 8.9526 13.3249 15.515 11.3324 11.7994 10.2075 10.9853 12.0123 17.5965 17.2266 12.0161 11.1831 16.0574 9.67246 10.3815 13.4821 9.94439 9.52948 9.40232 10.6337 9.33449 9.16438 8.50277 8.24 15.8266 14.8102 9.48655 10.9122 9.17746 8.09901 9.40054 16.7262 8.04749 8.01096 9.83007 7.84424 10.9538 8.54375 12.5418 12.0855 7.26838 10.0166 14.989 7.1813 6.88573 6.84587 10.4102 6.75721 10.7526 9.167 16.7246 21.8552 14.4211 19.236 19.9927 16.8872 14.7121 10.817 10.1951 9.43937 11.8531 12.8317
threshold=-0.17242287844419477 -0.38347558677196497 0.40258556604385382 0.36421146988868719 -0.051978677511215203 0.084646522998809828 0.061602313071489341 0.44176135957241064 -0.20571183413267133 -0.23256506025791165 -0.32503955066204065 0.10556239262223245 -0.037477646023035042 -0.051978677511215203 0.039423458278179176 -0.047255575656890862 -0.0090280161239206774 -0.12627044320106504 0.40399827063083654 0.19858354330062869 0.24046491831541064 0.27269172668457037 -0.3402488231658935 -0.13825353980064389 0.34123151004314428 0.62255761027336132 -0.10578445717692374 0.29731050133705145 0.20054490119218829 -0.21513642370700833 0.017772058025002483 0.037357047200202949 0.037912910804152496 -0.10653408989310263 0.15907739847898486 -0.023905088193714615 -0.053422123193740838 0.029662062413990501 0.24970562756061557 0.22921405732631686 0.0058843938168138274 -0.17548873275518415 -0.037884617224335664 -0.043483361601829522 -0.13676758110523221 -0.15528301894664762 -0.14192452281713483 0.0048899755347520122 -0.25831332802772516 0.037322020158171661 -0.26562499999999994 -0.12339395657181738 0.0071022729389369496 -0.10165237262845038 0.074167940765619292 0.13144785165786746 0.18775100260972979 0.29309800267219549 -0.075284089893102632 -0.23721590638160703 0.092329546809196486 0.017065905965864662 -0.0080540773924440128 0.3030760139226914 -0.29971592128276819 0.01067691156640649 0.090889409184455885 0.15351200848817828 0.24376714229583743 0.13844478875398639 -0.049839032813906663 0.086647726595401778 0.12450504675507547 0.19460227340459826 -0.19091480970382688 0.47191859781742101 0.0019743189914152031 0.077246513217687621 0.14140970259904864 0.015367750544101002 -0.08558246865868567 0.34123151004314428 0.14516896754503253 0.19662826508283618 -0.030200237408280369 1.0000000180025095e-35 -0.19618349522352216 0.26278407871723181 -0.18894721567630765 -0.37499999999999994 0.12450504675507547 -0.10847900435328482 -0.28690108656883234 -0.20000332593917844 -0.029829545877873894 0.031402070075273521 -0.24621929973363874 1.0000000180025095e-35 -0.095160752534866319 -0.17600316554307935 -0.12368761375546454 -0.061079544946551316 -0.23153409361839292 -0.021552796475589272 0.099854070693254485 0.042696811258792884 -0.035511363297700875 0.19218578189611438 0.13778409361839297 0.060200810432434089 -0.39062499999999994 0.14979145675897601 0.24710324406623843 0.23437500000000003 -0.23315609246492383 0.27286781370639807 1.0000000180025095e-35 -0.1576704531908035 0.29886379837989813 0.091306272894144072 -1.0000000180025095e-35 0.57245075702667247 0.096964869648218169 0.28630101680755621 0.44744317233562475 0.55853590369224559
decision_type=2 2 2 2 2 2 2 2 2 2 2 2 2 2 2 2 2 2 2 2 2 2 2 2 2 2 2 2 2 2 2 2 2 2 2 2 2 2 2 2 2 2 2 2 2 2 2 2 2 2 2 2 2 2 2 2 2 2 2 2 2 2 2 2 2 2 2 2 2 2 2 2 2 2 2 2 2 2 2 2 2 2 2 2 2 2 2 2 2 2 2 2 2 2 2 2 2 2 2 2 2 2 2 2 2 2 2 2 2 2 2 2 2 2 2 2 2 2 2 2 2 2 2 2 2 2
left_child=1 -1 5 18 -5 37 7 8 11 -9 -11 12 -7 15 -15 -8 -17 -18 19 21 22 24 -21 -24 -4 -6 -19 28 -28 -16 -31 32 33 35 -35 -32 -34 111 39 42 -40 -42 43 45 61 46 47 -39 49 -48 -50 -49 53 54 -47 56 -54 63 59 -59 -60 -45 108 64 67 69 85 68 77 70 71 72 74 75 -66 76 -73 78 79 96 -79 -69 109 -84 104 -67 -75 90 -89 92 99 -92 -90 94 95 -76 -44 98 -74 -68 -101 102 -102 -104 -71 -106 -107 -43 -52 -82 -111 -2 113 114 115 -113 -116 119 -119 120 -118 123 -123 124 -115 -126
right_child=2 -3 3 4 25 6 13 9 -10 10 -12 -13 -14 14 29 16 17 26 -20 20 -22 -23 23 -25 -26 -27 27 -29 -30 30 31 -33 36 34 -36 -37 -38 38 40 -41 41 107 57 44 -46 52 48 51 50 -51 62 -53 55 -55 -56 -57 -58 58 60 -61 -62 -63 -64 -65 65 66 87 81 -70 84 -72 73 97 86 93 -77 -78 80 -80 -81 82 -83 83 -85 -86 -87 -88 88 89 -91 91 -93 -94 -95 -96 -97 -98 -99 -100 100 101 -103 103 -105 105 106 -108 -109 -110 110 -112 112 -114 121 116 -117 117 118 -120 -121 -122 122 -124 -125 125 -127
leaf_value=-0.0023673843088891995 0.0011231629044274531 0.0026218931575983716 -0.0016044136890078606 -0.025166399864584719 0.015210226978945342 0.085132541399950162 -0.015650798016390261 -0.050285279444121152 0.00583939363940803 -0.041279597510311197 0.0052955983834289946 -0.016303388744050806 0.025971302229010947 0.007916584148808534 -0.026530697810397536 0.031634576520061415 0.023539721592346852 -0.0035021398979170775 0.00073101553383845034 -0.096453038306602845 -0.00079587277383881799 0.0050630910826773238 -0.06963664050769594 -0.015767656223368301 -0.020934616082261017 -0.0003911507832146541 -0.087520069563791464 0.017624954193016424 -0.019279226524615195 -0.00014739065700526352 -0.033346290359559397 -0.0027815852889521791 0.090037186784027057 0.082593934227471369 0.013458772764351383 0.01263954820397992 0.031541959130022938 0.092493567211924407 -0.014652731779680385 -0.026291698227125064 -0.0044083782716838309 0.031710269555996748 -0.045195622778135609 -0.03534474342564841 -0.018764060442151849 -0.17234286104846086 -0.0038752698972035322 -0.0075124161029942547 -0.036812541303053788 -0.089293395628943825 0.024397922701431447 0.060601654756651177 -0.0088160324057079704 -0.008747961335045875 -0.015882539078156861 0.058234085850146423 -0.042742739392545769 0.019942226326838394 -0.06182527299176168 0.1100986121193562 0.011872079985697705 -0.1224618447879189 0.025836050081065334 0.035029055799861299 0.089039839284458633 -0.055156469963719125 -0.046867216553761699 -0.092422605566182647 -0.059840998421539809 -0.0055607317884097422 -0.0045836732314944797 -0.013527551535231703 0.00019873630645408867 0.035784106495384965 0.016866628790285422 0.00055549623507742492 -0.097206401031809664 -0.04472900697256342 -0.036257377597791018 0.021893248902494666 -0.010706091820076704 -0.020292392497651992 0.054363217468407554 -0.0035226183561497004 0.015975230407017753 -0.016450676955955101 0.0032142014185700053 0.079422052549889918 0.0054593738726510677 -0.023041356450035671 0.0065517070588953612 -0.057872450388140935 0.063532022599651905 0.012949989424101358 -0.012966886744814188 0.070502514211433109 0.0011854672657575422 -0.034895086458906502 0.052327365230359399 0.020426412895459167 0.013950813677057073 0.00037601029919273512 -0.021414901206311954 -0.10472244851489666 -0.013743946970405201 -0.017297758022667972 -0.122647390950279 -0.00079280548070360609 -0.021845926936104963 -0.016248840746843667 -0.094869041776182522 0.09213064838870097 -0.011376303931621295 -0.016625272831417834 -0.0019836725620247576 0.013132438117478617 0.036418506079422819 -0.042254643374891043 0.0074318533411611779 0.011343035108998822 0.11079460065962893 0.0066485272029807984 -0.034743613668583105 0.010484695544996203 0.004319930390017197 -0.055313798762455291
leaf_weight=2432.1684575675754 14767.358655390912 11991.844943811535 287.27759684273042 97.491196729941294 345.17728350439575 33.245764217805117 496.85431305074599 43.355307411169633 2212.1865061669378 56.838185646687634 479.82276206626557 45.413536631967872 220.96829215809703 1474.2727989199338 78.965284840785898 94.135460644960403 90.231509718927555 615.08160719461739 497.90048286446836 24.308130841352977 66.602991276071407 293.84398437070195 40.203882224974222 75.80023412941955 499.21563418884762 1038.2953258410562 32.965653390041552 32.704578474164009 78.715676070307381 11229.34958543512 56.342379611800425 567.83768485859036 24.556089489604346 32.783743965206668 134.86659357463941 149.65497344487812 81.95362790254876 26.368832273874432 139.9078828911297 237.23312124982476 161.25444221030921 228.17809368984308 48.3471769541502 21.370047837495804 113.13600984739605 23.447931598755531 80.749181742779911 48.605794077389874 54.195279907318763 34.493743440951221 42.497845858335495 31.715128141804598 423.81163713347632 102.35470683244057 21.970081254374236 39.421718928962946 95.392067776527256 43.472639833344147 22.392348581459373 24.723270803573541 128.38748231111094 21.666633662767708 169.75589320191648 45.68820133805275 27.355107341776602 89.795223908266053 33.708000145154074 25.831531398114748 36.589876863872632 377.61135303555056 635.99725555628538 48.932516205823049 266.64985102717765 88.259677401510999 106.56849100068212 68.103168492554687 36.656413467368111 84.410020042327233 49.567540009855293 268.26633276848588 159.65064959554002 48.608605832559988 33.927004666416906 144.21388505399227 121.42783997161314 157.24677656521089 414.54852615133859 26.106141204829328 67.056951995706186 101.86929611070082 33.330502808094025 67.839054054580629 39.140533121069893 256.50699415570125 26.732117306208238 109.39286874048412 99.21901131584309 47.002362940344028 35.685118861496449 150.4758753599599 30.412940561771393 184.61354576668236 38.132632305729203 27.764997917809524 114.87813219497912 27.780381053686142 22.010096298181452 79.766315647982992 83.237095736549236 39.685140267014503 25.072982542216778 35.846500331535935 1013.8056347303791 1271.9489407530054 5891.795071318862 226.36582044232637 89.061322083696723 81.118651541764848 667.38168630073778 175.94004575395957 33.975003388011828 745.72795290034264 56.471372101455927 191.09516296850052 492.96807984600309 33.334534174762666
leaf_count=3685 21614 17775 416 144 462 66 704 71 3020 100 694 68 281 2090 118 124 128 840 667 58 96 367 78 106 731 1397 78 41 110 15656 91 827 52 71 184 215 118 58 215 344 227 360 74 29 155 79 124 67 88 79 53 68 564 153 37 64 150 67 43 56 176 56 243 66 69 163 55 64 62 498 943 68 320 137 137 90 81 136 74 362 199 64 60 197 170 216 587 65 88 133 42 113 70 351 38 193 128 68 56 216 36 233 50 63 154 34 60 107 121 51 51 75 1406 1746 8310 298 133 125 921 248 83 1054 92 250 677 58
internal_value=0.000110526 0.00177701 -0.000326537 -0.00409239 0.00153348 -8.72846e-05 0.00141005 0.00604826 0.00829413 -0.00357941 0.000188423 0.026188 0.0341394 0.000467599 0.00114343 -0.00598306 -0.000839297 -0.00452917 -0.00878738 -0.0125109 -0.0319823 -0.00871708 -0.0465625 -0.0352113 -0.0139306 0.00347402 -0.00796714 -0.0265308 -0.0401995 0.000330856 0.00051004 0.00759263 0.0199588 0.0123962 0.0275602 3.92286e-05 0.0458295 -0.000915367 -0.00333513 -0.00425332 0.00693817 0.0135233 -0.00345502 -0.010129 -0.0362754 -0.00687588 0.00374299 0.0380881 -0.00408855 -0.0301461 0.00441091 0.0192187 -0.0155318 -0.0367116 -0.0978428 -0.00980827 -0.0151974 -0.00160633 0.0172785 0.0537386 0.000352634 -0.0804497 0.0122613 -0.00244869 -0.00281358 -0.000671383 -0.00988016 -0.0105768 -0.00780708 0.0027208 0.00590661 0.0102959 0.0176147 0.000460024 0.0286321 -0.0272954 -0.0501547 -0.00568926 0.00406553 0.00910338 -0.0151024 -0.0462148 -0.00870059 0.00742734 -0.00760127 -0.0307607 0.00906971 -0.00335731 0.0115728 0.00252933 -0.00962305 -0.0359484 0.0274463 0.0250823 0.0376478 0.044327 -0.0137454 0.000881611 0.00668667 -0.00374122 -0.00013472 -0.0113489 -0.0342031 -0.0576052 -0.0130158 -0.0297382 -0.0651912 0.0230944 -0.00564824 -0.0216945 -0.0477446 -0.000210428 -0.00200388 -0.00104728 0.000748671 0.0243525 -0.00014012 0.0101737 0.00193035 0.0306116 0.0576988 -0.00569587 0.00361683 -0.00947883 -0.0116378 0.000316606
internal_weight=69315.6 14424 54891.6 3266.12 1480.96 51625.5 18363.1 3091.83 2511.81 580.016 536.661 299.628 254.214 15271.3 13830.6 1440.69 943.834 849.699 1785.15 1287.25 206.915 1080.34 140.312 116.004 786.493 1383.47 759.468 144.386 111.681 12356.3 12277.3 1048 480.157 373.648 167.65 205.997 106.51 33262.4 7488.17 6879.07 609.107 469.199 6641.83 1434.19 156.173 1278.02 571.619 106.69 464.929 115.243 349.686 80.3209 706.398 147.773 45.418 558.625 519.204 5207.64 218.976 68.1959 150.78 43.0367 295.491 4988.67 4942.98 3879.59 1047.49 1063.39 988.95 2832.1 2168.39 1532.39 875.893 656.5 526.556 153.692 85.5889 952.36 465.4 415.833 486.96 74.4401 402.55 178.141 663.708 247.042 502.808 800.45 234.173 208.067 566.278 101.17 106.197 499.2 242.693 215.961 147.566 349.337 302.335 465.108 431.4 280.924 96.3106 65.8976 542.28 164.669 49.7905 307.944 125.735 224.409 64.7581 25774.2 11006.8 9993.03 7201.48 262.212 6939.27 1047.48 748.5 298.976 123.036 2791.55 802.199 1989.35 1798.25 526.303
internal_count=99787 21460 78327 4522 2003 73805 25747 4300 3435 865 794 415 347 21447 19422 2025 1321 1197 2519 1852 338 1514 242 184 1147 1859 1069 229 188 17332 17214 1558 731 561 255 306 170 48058 10968 10059 909 694 9715 2188 240 1948 901 193 708 203 505 135 1047 269 116 778 714 7527 342 123 219 85 417 7185 7119 5597 1543 1522 1394 4054 3138 2195 1232 963 788 239 149 1332 638 564 694 128 558 257 916 379 724 1164 356 291 808 155 158 719 368 330 202 444 376 653 598 382 149 113 746 248 94 467 174 301 102 37090 15476 14070 10193 373 9820 1510 1046 464 216 3877 1146 2731 2481 735
is_linear=0
shrinkage=0.095553


Tree=47
num_leaves=127
num_cat=0
split_feature=6 18 10 4 18 17 4 9 18 12 19 11 17 15 11 11 4 1 18 3 0 10 12 0 15 17 19 19 18 17 15 13 11 12 14 3 15 5 19 13 12 19 12 3 3 14 11 12 11 5 15 11 14 7 19 19 0 4 8 19 10 1 17 13 17 11 5 0 12 10 18 10 17 9 15 4 17 12 17 12 5 15 17 8 3 5 11 3 9 14 3 18 10 0 12 18 9 18 14 10 12 11 19 19 5 19 3 17 12 17 4 19 17 10 10 18 11 0 13 5 15 12 11 19 3 18
split_gain=5.77684 6.37643 6.09046 12.6699 17.4716 27.9594 12.7716 29.7459 11.7482 17.761 19.5688 17.609 17.8419 12.4062 11.5793 16.2701 12.6291 11.7785 11.3669 13.473 10.8451 9.61729 11.2656 18.0599 10.1536 12.9889 9.60408 14.7773 10.2896 8.81153 18.5513 27.9667 8.69999 13.3721 10.3849 8.38137 8.20635 7.16614 7.46782 6.99149 6.86119 22.9388 16.3864 22.7487 11.4526 10.3404 10.0465 8.50957 8.48465 12.5771 10.9769 8.70574 15.8487 10.6133 8.63801 11.0516 16.6002 8.19879 7.98544 7.79622 7.72764 7.69735 11.5799 7.82412 6.75075 12.1308 8.98647 11.2736 16.5015 12.739 9.40284 15.8444 10.6471 8.74424 8.37517 8.26827 29.0418 35.8614 23.2881 13.7862 16.2804 13.8108 13.9787 12.9337 13.1726 11.8834 11.7094 16.2104 11.9322 12.1856 10.3448 9.11689 8.4536 9.66957 8.43481 7.62844 10.4484 9.59788 12.2895 9.21053 8.17274 11.9328 9.65437 10.9738 16.8012 8.91031 13.345 11.9237 11.6503 31.0013 10.1829 8.47535 20.8675 13.2393 11.1795 17.8482 9.82559 9.60419 8.95509 10.9659 7.80834 10.1258 7.04359 7.01505 6.97662 11.0085
threshold=-0.15866672247648236 0.010823292657732965 -0.10418533906340598 -0.31447555124759669 -0.022219847887754437 0.0067237163893878469 -0.39595885574817652 0.18243587017059329 -0.042091308161616318 -0.26974841952323908 -0.030200237408280369 -0.051978677511215203 0.2834028452634812 -0.055291859433054917 -0.22378548979759214 -0.024490808136761185 -0.4294768869876861 0.024147727526724342 -0.13020855188369748 -0.14074952155351636 -0.10369317978620528 -0.12842295318841931 -0.13938822597265241 0.041193181648850448 -0.17971581965684888 -0.091471306979656206 -0.21746502071619031 -0.26719449460506434 -0.20960088074207303 0.63059112429618847 -0.11289554461836813 -0.54757764935493458 -0.090018827468156801 -0.0179645512253046 0.16190999001264575 -0.20948321372270581 -0.15765745192766187 -1.0000000180025095e-35 -0.16160489618778226 -0.34242232143878931 -0.2759405374526977 -0.23604997992515561 -0.22629502415657041 -0.47445212304592127 0.20948321372270587 -0.063955634832382188 -0.024490808136761185 -0.25831332802772516 -0.19090207666158673 -1.0000000180025095e-35 -0.16896313428878781 -0.090018827468156801 1.0000000180025095e-35 0.047377534210681922 -0.0070047941990196696 -0.088733751326799379 0.25710226595401769 -0.21726810187101361 -0.0033885575830936428 -0.071787007153034196 -0.20449766516685483 0.32528407871723181 0.037322020158171661 -0.30823157727718348 0.037322020158171661 0.28539839386940008 0.37500000000000006 -0.095170453190803514 -0.3040537536144256 0.040105059742927558 -0.060332691296935075 0.078847032040357604 1.0000000180025095e-35 0.27037966251373297 0.049162825569510467 -0.42043441534042353 -0.062958434224128709 -0.16658090054988858 -0.0046742411796003571 0.22081761062145236 -0.37499999999999994 0.067596007138490691 -0.122608944773674 -0.16238688677549359 0.20203755795955661 1.0000000180025095e-35 0.10036423057317735 0.11710854247212411 0.36421146988868719 0.41690783202648168 0.012224378995597364 -0.11541661992669104 0.19380093365907672 -0.0099431821145117266 -0.030754717066884037 -0.0019346683839103205 0.21272437274456027 -0.037884617224335664 0.32982325553894049 -0.063684515655040727 -0.04905088618397712 -0.059221733361482613 0.64061400294303905 0.38539844751358038 -1.0000000180025095e-35 0.10344240069389345 0.16406177729368213 -0.092837624251842485 -0.09021726623177527 -0.15622752904891965 0.028504603542387489 -0.14815028756856916 0.0025168991414830093 0.0024561927421018486 -0.023240475915372368 -0.1062190495431423 0.035242158919572837 -0.21448864042758939 -0.066246934235095964 -1.0000000180025095e-35 -0.044539170339703553 -0.1424814164638519 0.11434834823012353 -0.050476364791393273 0.49484245479106909 -0.20172158628702161
decision_type=2 2 2 2 2 2 2 2 2 2 2 2 2 2 2 2 2 2 2 2 2 2 2 2 2 2 2 2 2 2 2 2 2 2 2 2 2 2 2 2 2 2 2 2 2 2 2 2 2 2 2 2 2 2 2 2 2 2 2 2 2 2 2 2 2 2 2 2 2 2 2 2 2 2 2 2 2 2 2 2 2 2 2 2 2 2 2 2 2 2 2 2 2 2 2 2 2 2 2 2 2 2 2 2 2 2 2 2 2 2 2 2 2 2 2 2 2 2 2 2 2 2 2 2 2 2
left_child=-1 2 3 4 8 6 7 -6 13 -10 11 12 36 21 -15 17 18 35 -17 -20 -7 22 26 39 25 -23 27 -2 -28 40 31 -31 33 34 -25 -16 37 38 -11 -24 41 45 43 60 -43 -5 59 -48 49 57 -51 52 53 -50 55 -54 -57 -44 -56 -45 -42 63 -63 -46 65 66 75 68 69 -68 72 -72 74 -74 124 76 77 -4 86 80 -79 82 85 -81 -85 92 87 88 89 -78 -84 -83 93 -82 -80 97 -97 100 99 -99 102 -102 103 105 -105 108 107 -107 111 110 -110 112 -77 117 120 118 -117 -114 119 -116 -113 -122 -103 -111 125 -70
right_child=1 -3 64 29 5 20 -8 -9 9 10 -12 -13 -14 14 15 16 -18 -19 19 -21 -22 24 23 32 -26 -27 28 -29 -30 30 -32 -33 -34 -35 -36 -37 -38 -39 -40 -41 42 44 48 46 61 -47 47 -49 51 50 -52 -53 54 -55 58 56 -58 -59 -60 -61 -62 62 -64 -65 -66 -67 67 -69 70 -71 71 -73 73 -75 -76 95 78 79 94 83 81 91 90 84 -86 -87 -88 -89 -90 -91 -92 -93 -94 -95 -96 96 -98 98 -100 -101 101 122 -104 104 -106 106 -108 -109 109 123 -112 114 113 -115 115 116 -118 -119 -120 -121 121 -123 -124 -125 -126 -127
leaf_value=0.0016366050257886696 0.00056129988940195065 0.00052759704621847001 0.09119815540673526 -0.13391195993895516 0.20403926698793817 -0.048484599892108335 0.015058004119305472 0.037051368838615935 0.047159174836895579 -0.043964580446355546 0.051173626003884989 -0.068046370997367364 0.017107842341502491 -0.057544194987588164 0.016743496052399623 -0.012462885880455668 0.0080354835312164887 -0.020488000778164005 0.012545754007146795 -0.068234913219988577 0.015169687647749119 -0.0066952450315181898 0.023103320791272027 0.062987595226921322 0.0033354893645114497 -0.10348420692270614 -0.042476811288019695 -0.075394515855584709 0.011173852373474622 -0.0022763538779610893 -0.0084674852877355492 -0.1804409006686693 0.0025758341142531871 0.023935629396758765 0.14868514984775724 0.072072600686285224 -0.0071535172031057742 -0.023494001244895365 -0.12269632003572233 -0.016133792424375175 0.093454952130843399 0.024825797573452962 0.028686264449106779 0.021348858163112504 -0.016091853413988208 -0.033069769914620462 -0.058455188091660851 -0.0047925218844200321 -0.13847112419076255 0.038295163914396864 0.0029845680516419472 -0.0070705601118023495 -0.015616571502384912 -0.030656442049739552 -0.0094043095723456479 -0.1205436906315219 -0.017471999289007618 -0.016252433596630075 0.053364163489279859 -0.021953991337551063 0.027156425750828692 -0.050910509089181252 0.011533388020663535 -0.069448517038767879 -0.0028485851641844671 -0.0091162069794919198 0.087034210316379174 0.002471482706888386 -0.02847484424497683 0.0032490581402121435 -0.10026371185206946 -0.018083560271662628 -0.00027939304571096313 0.053764055440381223 -0.042002536759984048 -0.033466316815849141 0.052964893293721484 0.026159629635509059 -0.037450084908320337 -0.0096794774257819224 -0.0041427259410601828 -0.0083873730262869015 -0.072726994753931629 -0.052134018877937845 0.00355946318640025 0.027817874244945379 -0.0028654320390735892 0.0075438175880809255 -0.0036747437969889855 0.12750411962741093 -0.0059529412301158715 -0.073140822200876879 0.0093851490022889335 -0.068493603009246437 0.010674599109002149 -0.0043946913631444295 -0.064253885849933343 -0.010550573628478718 -0.012820766189458224 0.023954783094898124 0.0034879928927576713 0.02547862570751637 -0.048129903207442093 -0.01632154540673798 0.076056539478226756 -0.0095059094793681614 -0.0061272515657805546 -0.094218788327024267 -0.10908453337442643 -0.0043903067968830518 -0.037201470708475522 -0.010104282745762246 0.045759926231926769 -0.027188100974083414 0.086256161152158853 0.0011974158666924672 -0.052224605951287154 0.00025463502171234716 0.014431956283629371 0.029438861638840363 0.064232751029389148 -0.0055515523743738153 0.0082199817185813224 0.046541381418271646 0.010792306149895878 0.0019741523975151717
leaf_weight=15178.412231843686 71.050371110439301 28123.265815793304 27.988607726991177 20.491987658897415 17.181590318097733 25.268435840611346 18.678072512149811 22.298072864767164 33.479239866137505 27.368410870432854 27.056972734397277 83.654925931012258 85.625600650906563 40.082294441061094 66.178933032555506 248.27724548417609 163.18397968425415 39.831419683992863 21.906122376560234 81.727827906841412 232.9641630188562 29.042016042280011 81.707060174550861 45.831186930416152 83.128240763675421 21.961556436726823 32.149955551256426 31.807103403611109 620.88532822369598 14.651687435340138 76.660429706564173 15.906247829901984 29.012334331637248 50.843259237706661 19.661863867891952 41.512759189936332 53.337437826441601 39.457514841109514 21.247198726865463 79.415784379350953 34.396407356485724 63.648176798713394 38.684442529105581 227.89237029093783 60.739821143448353 18.547519110143185 31.774946991004981 146.68338444258552 15.919452218920922 107.02811090450268 320.50623303232715 1816.3502683074912 505.17375242430717 18.760513578890823 45.288212032755837 23.28947856312152 36.173784103011712 356.47366878367029 27.724094094242901 42.616106670117006 33.409645244479179 34.720364750945009 100.231673618895 44.526126647251658 7807.9661278597778 1027.3347389034461 24.010321771493182 1197.8047543071443 281.19342325942125 49.225374862551689 29.193214868195355 76.501784615917131 121.18910800467711 32.599736399948597 100.04386174248066 166.60021896846592 126.85218442091718 119.77220282482449 78.956496089231223 216.20422851457261 50.384633971261792 33.930801079724915 41.355927547905594 204.72744130948558 44.493895838386379 119.3554390782956 77.993288295343518 102.09323004272301 23.829102962859906 24.231695800321177 44.062903852318414 50.843811601749621 87.323245998239145 36.806000079144724 52.530981253832579 211.45174777100328 28.950626449426636 76.208739314228296 119.33780498476699 606.20860957331024 2765.6537330505671 409.95438619179185 36.738352847984061 28.618746161460876 40.764206887455657 28.792231991421431 261.25197568128351 32.80203821498435 30.572141641634516 67.196261815726757 48.546718750498258 347.04099136660807 89.359818689059466 59.016805698745884 38.131217904156074 179.92271518707275 35.546546973055229 79.74661523103714 316.27014296094421 172.67797241313383 31.108399439137429 40.831691262661479 477.53038190188818 35.326188295031898 97.742360245203599 169.66107649961486
leaf_count=22113 88 39664 56 55 69 46 21 37 49 41 49 173 116 70 89 344 267 59 31 160 336 40 118 79 124 60 53 61 844 26 124 55 50 71 56 78 71 60 58 104 72 96 55 328 76 28 58 183 55 171 454 2552 717 28 61 68 51 482 50 54 41 54 131 76 10890 1439 64 1720 400 62 66 106 160 50 150 241 211 164 108 291 69 55 80 332 71 183 95 141 35 62 64 97 116 66 67 309 53 99 166 881 4094 597 58 42 84 43 332 75 73 87 71 467 132 90 74 226 56 88 445 267 57 55 659 51 136 245
internal_value=-1.09907e-05 -0.000471355 -0.00154116 -0.00398893 0.00127277 0.0222598 0.081342 0.112309 -0.00163853 -0.0171569 -0.0238627 -0.0307639 -0.0166564 0.0013765 -0.00865571 -0.00555011 -0.0136075 0.0221416 -0.0238121 -0.0503246 0.00858626 0.00731338 0.0103875 0.0258216 -0.0164952 -0.0496619 0.00404851 -0.0227211 0.00836947 -0.00718204 -0.0341018 -0.0956069 0.0501388 0.0618392 0.0903296 0.0386963 -0.037427 -0.0553177 -0.0800041 0.00356489 -0.00647091 -0.0194372 -0.00529242 0.0104657 -0.0103798 -0.0869987 0.0025701 -0.014817 -0.00776975 0.00058015 0.0119754 -0.010551 -0.0198679 -0.0814986 -0.0163295 -0.0203547 -0.059028 -0.0116114 0.013873 0.0142171 0.0614124 -0.0199896 -0.00455594 -0.0392571 -0.000674209 0.000781335 0.00174568 -0.00371138 -0.0113069 0.0315987 -0.0148684 -0.0415961 -0.0112486 0.0110462 -0.0166269 0.00316323 -0.00308532 -0.011858 0.0162117 -0.0147665 -0.00489293 -0.0130471 -0.00511258 -0.0270325 -0.0418842 0.00463846 0.0289785 0.0381898 0.0558145 0.0657511 -0.0388104 -0.0476257 -0.0109675 -0.0319584 -0.0176688 0.00459484 -0.0120026 0.00520726 0.0150179 0.0199948 0.0038455 0.00660365 -0.000782729 3.62535e-05 0.0369352 -0.00120304 -0.0157498 -0.0552493 0.00147976 -0.0212558 -0.0658304 0.00418012 -0.00782475 0.0107083 0.00830885 0.0153565 -0.00755214 0.024445 0.0248375 0.0401714 -0.00405492 0.0240034 0.016249 0.0127365 -0.0118586 -0.0169016
internal_weight=69607.1 54428.7 26305.4 6865.08 2586.81 316.39 58.1577 39.4797 2270.42 371.227 337.748 310.691 227.036 1899.2 702.701 662.618 515.095 147.523 351.911 103.634 258.233 1196.5 1062.36 306.471 134.132 51.0036 755.893 102.857 653.035 4278.27 107.218 30.5579 145.349 116.336 65.4931 107.692 141.411 88.0731 48.6156 161.123 4171.05 342.906 3828.14 516.773 303.866 39.0395 448.967 178.458 3311.37 822.692 427.534 2488.68 672.329 34.68 637.649 564.637 59.4633 395.158 73.0123 270.508 67.8061 240.218 134.952 105.266 19440.4 11632.4 10605.1 2179.17 981.36 73.2357 908.125 105.695 802.43 153.789 648.641 8425.89 1563.74 1077.25 486.487 1049.26 583.835 464.063 379.288 465.426 249.221 293.869 355 277.006 174.913 151.084 85.4188 84.7746 174.514 87.1906 131.487 6862.16 240.402 6621.76 801.755 682.417 5820 3653.14 2166.86 2130.12 69.383 2060.74 322.846 61.5943 1737.89 181.641 79.1189 1556.25 394.723 228.123 1161.53 742.549 215.469 169.106 527.079 210.809 418.981 71.9401 887.485 102.522 548.597 450.854
internal_count=99773 77660 37996 10173 3972 509 127 106 3463 617 568 519 346 2846 1098 1028 802 226 535 191 382 1748 1524 478 224 100 1046 149 897 6201 205 81 256 206 135 167 230 159 99 222 5996 516 5480 736 433 83 623 241 4744 1162 625 3582 1030 83 947 836 119 537 111 382 113 337 185 152 27823 16933 15494 3159 1439 126 1313 172 1141 210 931 12335 2363 1644 719 1588 894 730 578 694 403 434 544 449 308 273 144 152 251 135 175 9972 362 9610 1146 980 8464 5350 3114 3056 126 2930 450 118 2480 282 144 2198 551 310 1647 1068 282 220 786 341 579 112 1256 138 781 645
is_linear=0
shrinkage=0.095553


Tree=48
num_leaves=127
num_cat=0
split_feature=20 20 12 10 12 11 2 10 10 18 19 10 11 2 4 16 10 19 4 19 16 8 13 10 12 11 12 18 11 12 11 12 10 2 20 9 14 10 12 4 14 9 17 10 16 18 1 12 14 19 10 8 11 19 10 19 11 4 12 18 20 13 12 2 17 12 5 4 19 18 1 13 18 2 18 21 20 10 16 20 19 2 10 8 12 19 10 13 10 12 19 13 2 10 10 9 5 13 9 14 11 20 19 2 13 4 19 11 17 19 10 18 12 20 17 20 18 18 2 1 10 11 2 2 17 16
split_gain=6.13342 12.2876 22.2951 10.623 9.92411 10.987 21.2213 16.3618 14.1358 14.0836 19.4872 11.9024 9.35279 8.93627 22.2784 17.4584 11.5545 8.54065 8.44443 7.42785 7.28758 7.05251 8.89759 8.73703 7.90162 12.4869 6.57417 6.56449 12.4473 11.1445 7.45463 10.1574 10.248 9.44163 11.4222 8.59347 7.33724 6.68206 12.95 6.62122 8.2105 6.48716 10.4652 6.27432 9.55869 6.04419 16.8958 30.4324 12.029 11.0634 37.7083 15.7927 9.52601 11.2313 9.21275 13.0215 8.10434 14.0087 15.4125 22.4935 18.8037 20.7152 17.3602 14.8511 19.7636 11.7017 12.2187 17.9601 11.3046 13.6761 10.9149 10.584 9.67519 12.9392 12.0709 12.8055 12.0231 11.268 14.6777 14.3074 13.3356 10.171 10.049 9.45257 10.4748 10.4115 9.38911 9.37343 9.32253 9.00942 20.1012 8.98602 33.7933 17.2909 14.6491 9.59652 8.8758 10.1035 14.4611 8.82706 11.1475 9.92894 16.0349 16.8392 18.783 15.3324 11.8007 10.8659 12.1262 10.9774 25.9826 20.6546 16.5593 20.5679 19.7116 31.7818 26.145 15.6278 39.9586 14.6214 13.974 12.6231 16.3596 11.7487 11.3228 11.1989
threshold=-0.1251377537846565 -0.10040592402219771 0.21395654231309894 0.63611635565757763 0.16277873516082766 0.037398265674710281 -0.43892045319080347 -0.13237105309963224 0.16865221410989764 -0.14547633379697797 0.030931482091546062 -0.023240475915372368 -0.0044222685974091283 0.12642045319080356 -0.052903147414326661 0.11431784555315973 0.20685975253582004 0.13792286068201068 0.15613134205341342 0.13792286068201068 1.1519645452499392 -0.094674088060855852 -0.60522177815437306 0.41895695030689245 -0.06734705343842505 -0.11488875746726988 0.33294454216957098 -0.68872055411338795 -0.45243398845195765 0.20106918364763263 -0.21850552409887311 0.08575186133384706 0.06033208221197129 -0.17755681276321408 -0.47421868145465845 0.20119608938694003 0.2904453724622727 0.11501140519976617 0.30200687050819403 -0.41095972061157221 1.3075391054153445 -0.16418728232383725 0.15856464952230456 0.22582113742828372 -0.78638744354248036 -0.26967006921768183 -0.20312499999999997 0.028816466219723228 2.6687064170837407 0.24997129291296008 0.39106588065624243 -0.89936161041259755 0.16754004359245303 -0.19750742614269254 0.078847032040357604 -0.049559865146875375 -0.27765494585037226 -0.23193810880184171 0.21395654231309894 0.016325897537171844 0.20792858302593234 -0.4786697626113891 0.20106918364763263 -0.03267045505344867 0.45153172314167028 0.82572329044342052 -1.0000000180025095e-35 0.044752327725291259 -0.14999118447303769 -0.14728643745183942 0.046875000000000007 -0.17884581536054608 -0.054252579808235162 0.36505682766437536 -0.060332691296935075 -0.021833442151546475 0.061988044530153281 0.23579833656549457 0.033183731138706214 0.049524733796715743 -0.15445105731487271 0.39914773404598242 0.010154555551707746 -0.43027925491333002 0.021926815621554855 -0.1799083277583122 0.31011937558650976 -0.52624902129173268 0.25180687010288244 -0.097164094448089586 0.062695985659956946 -0.4187594056129455 0.029829545877873901 0.098682526499032988 0.075591403990983977 -0.10017121583223342 1.0000000180025095e-35 -0.3665365576744079 -0.16418728232383725 0.029659722931683067 0.061655681580305106 0.02633590251207352 -0.13750577718019483 -0.24005681276321408 0.25412996113300329 -0.4942971915006637 -0.22195809334516522 -0.024490808136761185 -0.033115202561020844 -0.1799083277583122 -0.039421392604708665 0.081946276128292098 -0.023905088193714615 -0.080184120684862123 -0.0054293109569698563 -0.055901374667882912 -0.019389361143112179 0.12257515639066698 -0.15482954680919644 -0.44744317233562464 -0.14182486385107038 0.028649308718740944 -0.28551135957241053 -0.22301135957241056 0.61009636521339428 0.25623703002929693
decision_type=2 2 2 2 2 2 2 2 2 2 2 2 2 2 2 2 2 2 2 2 2 2 2 2 2 2 2 2 2 2 2 2 2 2 2 2 2 2 2 2 2 2 2 2 2 2 2 2 2 2 2 2 2 2 2 2 2 2 2 2 2 2 2 2 2 2 2 2 2 2 2 2 2 2 2 2 2 2 2 2 2 2 2 2 2 2 2 2 2 2 2 2 2 2 2 2 2 2 2 2 2 2 2 2 2 2 2 2 2 2 2 2 2 2 2 2 2 2 2 2 2 2 2 2 2 2
left_child=21 2 4 13 5 6 8 -7 12 -10 -11 -9 -2 15 -15 16 -4 -12 -13 -20 45 24 23 -23 25 -1 -16 39 29 -29 31 32 -30 34 -33 -36 -35 38 -38 -24 -41 42 -27 -42 -45 46 47 -3 52 -49 -51 -52 53 -48 55 -55 57 58 62 60 91 -62 63 87 -65 66 71 -68 -69 -70 -63 -59 73 74 83 -76 77 78 80 -79 81 -74 -77 84 89 -85 96 -47 -73 -58 -91 94 -93 -94 95 -60 97 98 -75 101 -101 107 103 -103 -105 106 -106 108 -80 110 119 -112 114 120 115 125 -117 118 121 -109 -114 -118 -123 -122 -116 -111
right_child=1 20 3 -5 -6 7 -8 11 9 10 17 18 -14 14 26 -17 -18 -19 19 -21 -22 22 27 -25 -26 41 -28 28 30 -31 -32 33 -34 36 35 -37 37 -39 -40 40 43 -43 -44 44 -46 56 48 49 -50 50 51 -53 -54 54 -56 -57 72 65 59 -61 61 70 -64 64 -66 -67 67 68 69 -71 -72 88 76 86 75 82 -78 79 99 -81 -82 -83 -84 85 -86 -87 -88 -89 -90 90 -92 92 93 -95 -96 -97 -98 -99 -100 100 -102 102 -104 104 105 -107 -108 109 -110 112 111 -113 113 -115 124 116 117 -119 -120 -121 123 122 -124 -125 -126 -127
leaf_value=-0.0054269638085163068 -0.10581146367646077 -0.11133566060216527 0.076643856798997684 -0.039823050702751848 -0.06268831168383325 -0.073886681516781391 -0.0017336779690717444 -0.0017249783830098173 0.012657252013806889 0.015417852036263162 -0.13297642599975126 -0.0545057135786133 -0.026443018390295246 -0.028173583161786177 0.041310101458398342 -0.0045244918368420551 0.023564922049085741 -0.042850304309170729 -0.04870443901789339 0.0054848337023780756 -0.026130838428726721 0.053526591651271375 -0.026469646954665534 -0.00060503209978994955 0.0025521173350499782 0.022178611678907521 0.006277672287905915 -0.019112915250066746 -0.087584401532667652 0.024852421271187766 0.00075094569912053299 0.024772535011578077 -0.019253368760787124 -0.024572329888099886 -0.022524115702417063 -0.079020866581988813 0.0069033194657700759 -0.0045074119568371184 0.067969323779140403 -0.0099426668446767116 0.056364132596961762 0.012402964929450104 0.078253170358216939 0.045776981573239346 -0.019380787363164367 0.0054725244947829189 0.018159962096464963 -0.0062866489936956489 0.06089654417667803 -0.13537332285901651 -0.088428716764030843 -0.0021864262342281789 -0.053044237624677658 -0.053327705833838134 0.00021605224541169644 -0.0071086008302040701 -0.020713412296879591 -0.00045955535235489992 0.074687025996685502 0.011017028898804616 -0.025151434839304064 -0.14142233381339425 0.05946745619595805 0.02473891274258783 -0.016080233712672622 -0.047274292993110992 0.027244658831087194 0.031500085264823993 -0.025299422147262728 0.0075522823011846671 -0.046964769647127071 0.065722368905249212 -0.00034104022668146546 -0.019109348274203134 -0.011675704188662461 -0.097489456864737103 -0.0012725086635425316 -0.0068954127501595032 0.068679679138673358 0.017185560526906701 0.011759866884247388 0.049270224420016856 -0.01035240534184418 -0.0076784503356634162 0.0040158839644321423 0.0014887263108677553 0.0066060167405132819 -0.023572262987030194 0.004552114510377547 -0.13577818716029447 -0.0016751442571766816 -0.0013966874612305375 -0.13558581253535343 -0.04349909167472036 -0.0091354735015149319 0.00086086990121445875 -0.0084790134441576868 -0.024502522662946044 -0.12041075659191885 -0.020473037980153899 0.047731065667533087 -0.027279640549650989 -0.011011787321432967 0.064166259309063944 -0.0004812727427331747 0.012852834826436526 -0.072506515392210702 0.06393458972251656 0.00021524673259710599 0.1087024053541881 -0.11460416597687063 -0.025106407224539388 -0.076248709972081719 0.0016262914112960749 0.0025273049337351111 0.09450990809147862 -0.017698223469058673 0.026257354084678823 0.012526303283185347 -0.0028965883969177095 -0.079534352129502842 -0.17071225323720218 -0.044616753972804166 -0.008976198053951669 0.061579129728733251 0.027120678055747954
leaf_weight=280.6424209625693 35.763678321265616 27.849023583112285 58.742813730263151 38.908980879932642 34.76746329665184 53.490885641658679 1021.543101444724 205.55718902416993 64.100958853960037 24.248443365097046 20.231525263283402 98.481796240899712 23.881262583541684 147.12328757240903 80.884885393083096 120.44352043606341 109.49951563775539 21.244353955495171 33.649949297308922 60.305726883932948 97.17302542552352 55.171091464231722 154.42027018452063 47.899295223294757 4726.7559697639663 178.41997318307403 128.20528007298708 60.210996092879213 23.90057862480171 313.82406032888684 8905.7912078504451 30.917634838842787 109.25103652046528 94.880307334125973 96.79475276323501 33.308350486680865 271.54363849852234 403.33242734486703 34.456174568855204 443.14677013154142 28.727046192972921 568.39905305730645 36.449174098204821 31.319761844002642 51.832463561673649 181.99520593427587 269.36883627390489 637.58034341270104 27.309427468804643 26.456428573583253 21.29328819247894 134.82468155771494 29.588359895627946 69.905262903543189 1775.1358389302623 263.55201113130897 96.023038241779432 1176.8525257158326 35.330538663663901 340.37967035395559 130.53103733190801 25.694675353122875 52.07363300176803 404.32862271880731 144.47319105092902 32.115870889276266 616.8175474331947 132.27648496581241 140.55003554851282 610.43734140181914 22.62290418415796 41.801381207769737 1555.1565244754311 25.781068980693817 247.17138937220443 31.240218757651746 18938.586484990083 1913.0914133090992 46.626794773619622 252.51732642948627 2850.6791671958053 36.747834145789966 20.366574846208096 1473.1706899068085 90.490907816798426 4836.9566085482948 127.64107975538354 218.85991609829944 50.130876392126083 21.608332159230486 17.981833627331071 248.48521006852388 24.379522761330009 78.637089605908841 230.08709688251838 27.727987136458978 250.06932909833267 230.20115479757078 26.319155600504018 27.903915072092786 75.833295573131181 115.09386899753008 1385.7608439255273 55.805697334930301 43.759410560131073 532.9746322123101 34.763406902551651 28.815038972184993 42.222734395065345 47.942283304291777 29.312556159333326 107.49650124635082 41.73141127335839 2415.608319902909 1662.3366999804275 35.020063755684532 27.729664847254753 355.11071316746529 320.45140548853669 1029.445206114091 22.814967258600518 17.370951996766962 21.602768123149872 206.28389234794304 28.365761695313267 24.361734248697758
leaf_count=455 85 71 108 56 58 104 1456 265 76 28 55 161 30 194 113 158 149 32 50 76 129 117 229 71 6847 259 170 84 57 469 12765 43 145 129 132 68 364 509 63 609 54 828 71 52 84 250 374 916 47 77 46 169 54 130 2577 363 157 1614 68 454 189 71 83 596 215 52 931 182 204 838 35 76 2166 34 314 70 27091 2632 82 327 4061 55 26 2100 124 7021 154 300 59 71 24 302 73 123 321 33 336 318 72 59 122 172 2014 91 48 673 68 54 63 109 72 140 82 3311 2319 79 35 479 436 1330 50 57 31 257 50 31
internal_value=-4.50919e-05 -0.000555895 -0.00726082 0.00724094 -0.0131383 -0.0120378 -0.00723599 -0.0247769 -0.0364713 -0.0183518 -0.0490264 -0.0179293 -0.0747569 0.0102475 2.0786e-05 0.0226996 0.042517 -0.0884223 -0.0349122 -0.0138449 -0.000236584 0.0015328 0.000127737 0.0278177 0.00423969 0.0116859 0.0200753 -0.000128419 0.000475211 0.0175471 -0.000160224 -0.00758489 -0.0321979 -0.00411498 -0.0251034 -0.0376705 5.85373e-05 0.00346124 0.0141134 -0.00901244 -0.00404672 0.0178933 0.0321281 0.0187498 0.00494207 -0.00018476 -0.00414727 -0.0157507 -8.31794e-05 -0.0123258 -0.0330158 -0.0147567 -0.000822964 -0.000127222 -0.00249463 -0.017028 9.23259e-05 0.00374171 -0.00200941 -0.0095004 -0.018057 -0.0454116 0.00664199 0.00363606 0.0138652 0.00820611 0.00889043 0.0147291 0.00592664 0.00131296 -0.0983535 0.00194782 -0.000339979 -0.00345047 -0.0022085 -0.0209421 0.000337814 0.00232244 0.00337069 -0.00405393 0.00784723 0.000812679 -0.0636096 -0.00134136 -0.020466 -0.000644919 -0.0162202 -0.0102481 0.032837 -0.0372405 -0.0753815 -0.010354 -0.0206287 -0.0662243 0.00183068 0.0421826 -0.0218243 -0.0334609 -0.0713851 0.00110042 0.0285712 0.000762613 -0.00482771 0.00605503 0.0119332 0.00699007 -0.031764 0.00263221 0.0354887 0.00216399 -0.00607547 -0.0449795 0.00405824 -0.00115434 0.00958913 0.0214619 0.0157357 0.0118207 -0.00132317 -0.000963684 -0.0260449 -0.0678481 -0.103006 -0.0165266 0.00359026 0.081455
internal_weight=69533.4 52552 2381.07 683.808 1697.27 1662.5 1211.01 451.486 189.47 129.825 65.7243 397.995 59.6449 644.899 356.213 288.686 168.242 41.4759 192.437 93.9557 50171 16981.4 11190.7 103.07 5790.67 1063.91 209.09 11087.7 10378.2 374.035 10004.2 1098.38 133.152 965.233 161.021 130.103 804.213 709.332 306 709.446 555.026 783.268 214.869 111.879 83.1522 50073.8 3282.86 848.004 2434.86 820.155 182.574 156.118 2407.55 2377.96 2108.59 333.457 46790.9 4966.59 2165.61 1163.88 823.496 178.849 1001.73 949.657 548.802 2800.98 2768.87 1500.08 883.264 750.987 48.3176 1268.78 41824.3 7495.02 6835.01 298.778 34329.3 15390.7 13225.1 2165.61 4442.58 1591.9 51.6068 6536.23 226.104 6310.13 660.012 400.855 91.9323 135.613 39.5902 644.647 351.502 103.017 293.146 63.0585 532.371 282.301 52.1002 8782.54 103.737 8678.81 2168.16 782.397 667.303 611.497 78.5228 6510.65 88.8495 6421.8 1195.07 136.809 5226.73 2686.44 2540.29 849.59 777.286 742.266 387.155 1058.26 270.83 66.7034 38.9737 229.099 1690.7 72.304
internal_count=99417 74913 3424 948 2476 2418 1762 656 306 191 115 552 115 892 477 415 257 87 287 126 71489 24504 16044 188 8460 1613 283 15856 14828 553 14275 1510 202 1308 243 200 1065 936 427 1028 799 1158 330 190 136 71360 4824 1279 3545 1208 292 215 3498 3444 3070 493 66536 7069 3113 1669 1215 295 1444 1361 811 3956 3904 2155 1224 1042 106 1749 59467 10821 9907 410 48646 21555 18596 2959 6282 2221 96 9497 376 9121 914 550 135 252 95 920 498 196 422 101 760 424 106 12314 181 12133 3066 1052 880 789 116 9067 145 8922 1596 212 7326 3700 3626 1257 1117 1038 559 1384 389 123 88 307 2369 140
is_linear=0
shrinkage=0.095553


Tree=49
num_leaves=127
num_cat=0
split_feature=14 10 18 21 19 13 19 19 19 12 17 18 10 11 8 18 21 18 19 4 3 16 0 21 16 12 0 1 21 17 18 4 10 18 3 15 16 8 3 21 21 10 1 0 18 17 1 15 0 13 15 10 12 0 17 14 1 16 0 4 18 8 11 16 4 14 17 1 17 4 12 16 12 12 3 12 11 1 4 10 16 18 3 10 14 19 11 19 19 21 3 18 12 12 14 10 17 1 10 17 12 17 10 1 21 0 19 16 10 1 18 21 4 3 17 1 17 17 10 3 17 21 3 14 4 11
split_gain=5.86058 7.73665 13.5563 14.9528 9.76514 8.60373 6.96988 6.76566 11.2532 9.59869 11.4615 33.2346 33.8601 19.7126 12.5916 11.2234 14.6694 8.89058 8.42113 28.1894 8.08528 49.6643 24.1752 10.7721 10.4184 36.5801 27.4987 8.08363 7.37444 10.4276 8.82715 11.9458 8.31139 11.7319 18.1436 7.49345 9.82652 6.93317 10.2019 6.66951 6.66779 8.41343 6.64 11.6569 14.9077 10.1433 15.9958 12.7302 22.4141 17.5783 9.77671 9.71372 9.6914 8.23474 10.6604 8.74662 7.99977 7.99973 11.5091 11.592 16.7049 7.12965 6.69501 7.58961 7.45454 8.49748 6.63457 6.56495 14.4941 6.4649 6.20409 9.46708 6.19993 9.72482 12.7443 7.15571 7.27763 12.3098 7.05426 9.37906 6.67096 6.74624 6.5363 6.42517 6.39435 6.3677 6.08677 6.04286 7.51935 8.1552 11.3748 8.11184 7.86813 9.3517 6.38735 6.26251 6.03647 6.50478 6.99284 6.02258 6.02157 6.00135 5.99496 5.9719 5.95733 5.92868 6.16124 5.8916 6.51045 8.77312 6.49914 16.6284 11.2784 13.7816 8.37915 19.1099 6.81787 11.744 21.236 15.3589 28.5007 12.0268 27.773 10.6124 10.0006 20.0076
threshold=-0.13676758110523221 -0.19618349522352216 0.19685667008161548 0.22621519118547442 0.0089619513601064699 0.22341425716876986 -0.0046812506625428787 -0.14192452281713483 -0.1145634390413761 -0.14739279448986051 -0.038148999214172356 -0.072832494974136339 -0.027378736995160576 -0.024490808136761185 -0.24129407852888105 0.032646587118506439 0.13786780834198001 -0.24400845170021054 -0.11802849173545836 -0.46114358305931086 -0.41864693164825434 -0.56537106633186329 0.30823864042758947 -0.22455625236034391 -0.30902445316314692 -0.10509433969855307 -0.03267045505344867 0.29119317233562475 -0.0068410797975957385 0.61437508463859569 1.0000000180025095e-35 -0.46114358305931086 0.34499423205852514 1.0000000180025095e-35 0.20948321372270587 -0.20890169590711591 -0.055205121636390679 -0.054042926058173173 0.45529152452945715 -0.2460605129599571 0.2173925116658211 -0.21083208918571469 0.35369317233562475 -0.03835227154195308 -0.063414389267563806 0.48709189891815191 -0.15482954680919644 -0.19277265667915341 0.029829545877873901 0.014833718072623016 -0.046843318268656724 -0.063684515655040727 -0.099199540913104997 0.31960226595401769 0.59158131480216991 -0.046124139800667756 0.44460226595401769 -0.18998490273952481 0.024147727526724342 -0.25349488109350199 -0.15630872547626493 0.12154468521475793 0.071545470505952849 0.16613160073757174 -0.23193810880184171 0.24660960584878924 -0.16377823054790494 0.32244317233562475 0.12106284871697427 -0.27446910738945002 0.17532303929328921 -0.12550659477710721 -0.21829045563936231 -0.21308176219463346 0.39948755502700811 -0.20342481136322019 -0.013598706107586621 0.34517045319080358 -0.41575048863887781 -0.17471311986446378 -0.15720703452825543 0.02152569126337767 0.45167937874794012 -0.16376297920942304 -0.047610096633434289 -0.23604997992515561 -0.054212065413594239 -0.15307737886905667 -0.17380205541849134 -0.10722472146153449 0.18699086457490924 0.08779925107955934 -0.23544310778379438 -0.34379644691944117 -0.044638181105256074 -0.097429685294628129 0.59158131480216991 0.32528407871723181 0.037357047200202949 0.59158131480216991 -0.28405946493148798 0.13300014287233355 0.098682526499032988 0.40767045319080358 -0.027700018137693402 -0.46732954680919642 -0.21631202101707456 -1.605677008628845 0.6802792251110078 -0.34517045319080347 -0.61810606718063343 -0.69111531972885121 -0.23918534070253369 0.49797412753105169 0.19002588838338855 -0.27130682766437525 -0.14414641261100766 -0.17600316554307935 0.1648802384734154 0.37321612238883978 -0.14871278405189511 -0.42662395536899561 -0.38928070664405817 -0.068413510918617235 -0.4539192914962768 0.081798490136861815
decision_type=2 2 2 2 2 2 2 2 2 2 2 2 2 2 2 2 2 2 2 2 2 2 2 2 2 2 2 2 2 2 2 2 2 2 2 2 2 2 2 2 2 2 2 2 2 2 2 2 2 2 2 2 2 2 2 2 2 2 2 2 2 2 2 2 2 2 2 2 2 2 2 2 2 2 2 2 2 2 2 2 2 2 2 2 2 2 2 2 2 2 2 2 2 2 2 2 2 2 2 2 2 2 2 2 2 2 2 2 2 2 2 2 2 2 2 2 2 2 2 2 2 2 2 2 2 2
left_child=-1 2 4 5 6 -4 39 9 18 10 11 -3 13 -13 27 16 -14 20 -9 -20 21 -11 -23 24 -22 -26 -27 -12 30 32 42 -32 33 34 35 -30 -37 38 104 -2 -6 -42 43 44 62 46 61 48 51 70 69 -48 103 55 -55 -47 -54 58 -57 60 -60 -45 64 -64 -19 -66 -33 -35 -69 -46 71 -49 78 74 -74 76 77 -75 79 -16 81 -77 83 84 -82 -85 -81 88 89 90 -80 92 93 -91 -92 -93 97 -89 -99 -59 105 -29 -67 -44 -21 -95 -107 108 -10 -110 -109 112 -112 114 -114 -116 117 121 -119 -120 -121 122 -113 -122 125 -123
right_child=1 7 3 -5 40 -7 -8 8 107 17 14 12 15 -15 72 -17 -18 28 19 37 23 22 -24 -25 25 26 -28 101 29 -31 31 66 -34 67 -36 36 -38 -39 -40 -41 41 -43 52 45 50 53 47 49 -50 -51 -52 -53 56 54 -56 57 -58 99 59 -61 -62 -63 63 -65 65 102 -68 68 -70 -71 -72 -73 73 75 -76 80 -78 -79 87 86 82 -83 -84 85 -86 -87 -88 96 -90 91 94 95 -94 100 -96 -97 -98 98 -100 -101 -102 -103 -104 -105 -106 106 -108 110 109 -111 111 116 113 -115 115 -117 -118 118 119 120 123 124 -124 -125 -126 -127
leaf_value=-0.0020397544621269148 0.041875192814777182 -0.13035683845416757 0.1028928204121566 0.010795556172066336 -0.0027816662635049422 0.034330751606460493 0.026206461567319372 0.0043390959537324631 0.05419182734751507 0.0077417730276473952 0.033307371181707492 -0.17456213267602588 0.086386420058975177 -0.038115440067264555 -0.072384661029396696 -0.017250015741641457 0.0014754241013033129 -0.012119096752597106 -0.039829214156333878 0.044556291327665969 -0.0056900214747342684 -0.1966822603360332 -0.056313688357364867 0.016054916939346121 0.041786571250453992 -0.18787516962617712 -0.032737691951100524 -0.023633925228672952 -0.095248582408843596 0.01928654763815478 0.084446212452925579 0.050696067876437698 0.036482655170223879 -0.0022868325202144556 0.020717011756744792 -0.017850168867348894 -0.086015298367113663 0.025172137226462696 0.0066198288688814914 0.0026253515272769432 -0.036961185283550323 0.0083722261581595687 0.034713732914681952 -0.00074289620747286359 -0.040777448559717482 0.03723046957183191 -0.087019572535617373 0.071804354568990453 0.033041059165955913 -0.019148705920920592 -0.079120291383721564 -0.0083580120319145749 0.089752900478967043 0.030564700137267725 -0.01581144657196026 0.034286895745417975 0.014076558884236321 -0.085771893840778851 -0.10654194766153924 -0.00047137300141169425 -0.018835930552920127 0.020937845504091647 0.053512565325296371 -0.0040431717742606885 -0.0058495520430576556 0.043905082525073788 0.0065580761293544112 -0.00028799669859864188 -0.085212529402156359 -0.0021550421124501783 0.0082418386794722125 0.032918447964430421 -0.093678686347927156 0.075946445901528173 -0.0040954336290688178 -0.0056436074781296636 -0.012691467206257955 -0.0017471381856572024 -0.017968151525082705 0.019971977424732154 0.039801830944219019 0.032548019916920863 -0.028992689292571913 -0.038699599631424955 -0.0042330016475841852 -0.010979610777961514 -0.034718932417530358 0.0017876706397185614 -0.021051024212205793 0.016993829623376127 0.067627973447524775 0.026946373027941773 0.007621228599335699 -0.011578045709264975 0.019154647292878402 -0.0014414608986894565 -0.0028843602469144471 0.087345010828579886 0.021705668490614699 -0.020903362757651485 -0.010472596729702362 0.010513922129220862 -0.0019383912042681849 -0.020738958492969198 0.12123819340095091 -0.068360575469264023 -0.021695866658157377 -0.005629087368402657 -0.041906984535234337 0.015544057166288873 -0.00064679681191688826 0.096997583632023668 0.028233602465578288 -0.029051929252704292 0.022165007333883185 0.13461653237892521 -0.00096829514728956475 0.01458087336952262 0.0076919462954675817 -0.047602700857122003 -0.03739597487419271 0.0029823364395787583 0.0088479399625950462 0.027828233924751047 0.001126634842363745 -0.017496603654559403
leaf_weight=11640.305618311279 38.227197923348285 23.414691783953458 22.959141385857947 543.89675721281674 476.80906345241237 66.569715540157631 120.75594676437322 2911.2852420858108 31.660323933348991 103.76360580325127 112.2763998536393 15.632323104306122 25.645354093401693 25.472275474923663 28.774931914755143 116.71538997755852 59.817749597132206 394.31492548016831 53.69069030333776 18.907491683959961 304.26067355275154 17.181862504803576 32.785706406459212 160.56829707475845 24.486512941191904 17.959182221093215 24.300554722547531 58.568709100829437 25.105403289198875 169.77666841621976 23.804478654405102 36.724250688101165 40.113428622484207 1474.4165053858887 44.570464603486471 75.67683184298221 25.514590926701203 176.04190622037277 20.78249305638019 4015.955395773286 131.7577130390564 48.18788045248948 27.583318456890993 763.20791339699645 75.316042698919773 25.949437418603338 25.785021778778173 101.98167982685845 78.550905309617519 44.704071134328842 30.589912226307206 32.025587618350983 27.82079462625552 106.65744153410196 74.045280158519745 40.475753711885773 24.66657292842865 24.77175235748291 27.035654802457429 126.93409714102745 69.006406307220459 166.13144548342098 40.900530185550451 36.871781758731231 149.46739214274567 74.955400062608533 177.68128571484704 46.258837461471558 27.122977204970084 85.240687787532806 41.290870696306229 146.38376680342481 28.60411833121907 31.283030287595466 29.264392137527466 231.80997066502459 56.162469711620361 38.529390811920166 51.127348108100705 33.530804505455308 36.92206193972379 49.475926387938671 247.77373242366593 92.001718036830425 128.68964586616494 450.34903701965231 36.220371626317501 48.597291439771652 193.19562762987334 80.902565403841436 36.716009749099612 118.57120197615586 217.54692504357081 86.928510755300522 82.494970964151435 163.5991585101001 99.842015087604523 25.102833636105061 38.721968740224838 30.347904901718721 435.89700121351052 202.79138553142548 35.010140359401703 42.39473058283329 24.056761301588267 55.142000026535243 54.470147602260113 1824.8590791345341 25.628891083528288 194.57135996443685 158.70639805297833 33.645276657771319 177.69992100447416 28.303756892681122 32.367692708969116 23.840516394353472 24008.499865105492 1465.9177991481265 323.2643345616525 170.1398187369341 27.571624878793955 905.26585329161026 433.49997591553256 94.611183762550354 9023.4619257498998 830.56021558516659
leaf_count=16399 64 70 58 742 656 100 166 4107 56 138 168 68 51 38 61 179 70 511 88 30 421 64 53 212 43 64 31 86 58 225 49 56 56 1995 73 101 58 251 37 5782 205 71 40 1011 109 39 56 179 103 58 58 37 57 140 86 59 31 47 62 145 83 222 69 55 186 110 229 53 71 95 50 198 72 61 41 309 78 42 67 53 60 75 335 125 183 619 51 59 264 108 67 162 282 121 115 202 120 49 49 42 548 255 55 57 59 100 72 2709 47 257 193 71 255 38 39 67 34408 2146 417 266 39 1263 597 129 12889 1258
internal_value=-8.19979e-05 0.000308406 0.00373031 0.0168646 0.00199587 0.0528117 0.00370734 -4.50101e-05 0.000469603 -0.00231539 -0.00595162 -0.0250517 -0.0143126 -0.0916691 -0.00454933 0.00158222 0.0278589 0.000142517 0.00591528 0.0213356 -0.0100564 -0.0293034 -0.106344 -0.00437587 -0.0133671 -0.0471807 -0.100691 0.0119916 0.00151475 -0.00313819 0.00432709 0.0219829 -0.00534488 -0.00637696 -0.0300437 -0.0486211 -0.0361091 0.0354521 0.0626462 0.00301893 -0.00879808 -0.0244293 0.00288845 0.00193119 -0.00686602 0.00617397 0.0104316 0.0247678 0.000122613 0.034792 -0.0305114 -0.0442413 0.0245341 -0.00506794 0.0112061 -0.013786 0.0551354 -0.018257 -0.0110809 -0.0196874 -0.0444811 0.00310772 -0.000597429 0.0254858 -0.00381032 0.00861263 0.0145617 -0.00371578 -0.0312964 -0.0206757 0.0434457 0.049184 -0.00643628 -0.0112121 -0.0491545 -0.00953282 0.0118198 0.0324452 -0.00281395 -0.0274807 -0.01176 0.000980373 -0.0155668 -0.0107791 0.00540639 -0.0158174 -0.00795777 -0.00141041 -0.00347191 -0.000968925 0.0184476 -0.00374988 -0.00807852 -0.0129514 0.03471 0.0103171 0.0136091 0.0287384 0.0485771 -0.051027 -0.016904 0.00262039 0.0286927 0.000848386 0.0890604 -0.0308517 -0.0457013 2.99186e-05 0.0145448 0.0084621 -6.17157e-05 0.000206403 0.0190505 0.0312042 0.0389271 0.0712074 -5.45454e-06 0.00172791 0.00831859 -0.00649891 -0.0223726 0.000501142 0.015481 0.0122725 -0.000146486 -0.00678873
internal_weight=69895.3 58255 5465.12 633.426 4831.69 89.5289 4174.94 52789.9 43018.8 9771.07 3948.58 266.698 243.283 41.1046 3681.88 202.178 85.4631 5822.49 3204.76 293.479 685.306 153.731 49.9676 531.575 371.007 66.7462 42.2597 373.636 5137.18 1928.56 3208.63 238.21 1758.78 1718.67 170.867 126.297 101.191 239.789 63.7467 4054.18 656.755 179.946 2970.42 2847.95 922.667 1925.28 1400.06 470.722 136.362 334.36 191.147 57.8106 122.465 525.224 180.703 344.521 52.4874 318.572 263.452 222.976 96.0421 929.339 731.52 77.7723 653.748 259.433 214.406 1547.8 73.3818 160.557 289.656 248.365 3308.25 1420.87 57.8685 1363 125.975 69.8124 1887.38 98.5261 1237.02 281.286 955.736 707.962 165.612 542.351 69.7512 1788.86 1576.59 1383.4 170.338 1213.06 930.887 713.34 119.211 282.17 212.264 112.422 63.8248 55.1197 632.438 261.36 109.966 69.978 42.9643 196.541 109.612 39814.1 251.861 220.2 39562.2 37737.4 420.918 262.212 233.908 56.2082 37316.4 13307.9 2081.5 615.587 292.323 11226.4 467.145 122.183 10759.3 1735.83
internal_count=99594 83195 7844 900 6944 158 6012 75351 61716 13635 5535 476 406 106 5059 300 121 8100 4572 465 1026 255 117 771 559 138 95 509 7074 2690 4384 334 2465 2409 290 217 159 377 126 5846 932 276 4050 3865 1248 2617 1914 681 196 485 262 93 185 703 226 477 88 438 349 290 145 1233 986 124 862 351 285 2119 124 204 427 377 4550 2000 113 1887 181 103 2550 165 1706 384 1322 987 243 744 104 2385 2108 1844 249 1595 1231 949 182 364 277 157 98 89 841 341 165 97 89 293 172 57144 360 304 56784 54075 592 399 361 106 53483 19075 2997 851 434 16078 668 168 15410 2521
is_linear=0
shrinkage=0.095553


end of trees

feature_importances:
hist_prior_ret=632
dist_to_prior_close=563
session_range=550
rv_1m=467
hist_prior_close=392
hist_gap_pct=391
ret_from_open=390
hist_prior_range_pct=373
minutes_since_open=356
session_sin=315
minutes_to_close=293
session_cos=290
dist_to_twap=229
dist_to_session_high=200
dist_to_session_low=199
ret_30m=191
dow=168
pos_in_session_range=146
ret_15m=97
session_frac=36
ret_5m=16
hist_prior_close__isna=3
ret_1m=2
hist_prior_ret__isna=1

parameters:
[boosting: gbdt]
[objective: custom]
[metric: custom]
[tree_learner: serial]
[device_type: cpu]
[data_sample_strategy: bagging]
[data: ]
[valid: ]
[num_iterations: 50]
[learning_rate: 0.095553]
[num_leaves: 127]
[num_threads: -1]
[seed: 7]
[deterministic: 0]
[force_col_wise: 0]
[force_row_wise: 0]
[histogram_pool_size: -1]
[max_depth: -1]
[min_data_in_leaf: 40]
[min_sum_hessian_in_leaf: 0.001]
[bagging_fraction: 0.8]
[pos_bagging_fraction: 1]
[neg_bagging_fraction: 1]
[bagging_freq: 1]
[bagging_seed: 17422]
[bagging_by_query: 0]
[feature_fraction: 0.847514]
[feature_fraction_bynode: 1]
[feature_fraction_seed: 7040]
[extra_trees: 0]
[extra_seed: 6516]
[early_stopping_round: 0]
[early_stopping_min_delta: 0]
[first_metric_only: 0]
[max_delta_step: 0]
[lambda_l1: 0.5]
[lambda_l2: 0.480062]
[linear_lambda: 0]
[min_gain_to_split: 0]
[drop_rate: 0.1]
[max_drop: 50]
[skip_drop: 0.5]
[xgboost_dart_mode: 0]
[uniform_drop: 0]
[drop_seed: 15215]
[top_rate: 0.2]
[other_rate: 0.1]
[min_data_per_group: 100]
[max_cat_threshold: 32]
[cat_l2: 10]
[cat_smooth: 10]
[max_cat_to_onehot: 4]
[top_k: 20]
[monotone_constraints: ]
[monotone_constraints_method: basic]
[monotone_penalty: 0]
[feature_contri: ]
[forcedsplits_filename: ]
[refit_decay_rate: 0.9]
[cegb_tradeoff: 1]
[cegb_penalty_split: 0]
[cegb_penalty_feature_lazy: ]
[cegb_penalty_feature_coupled: ]
[path_smooth: 1]
[interaction_constraints: ]
[verbosity: -1]
[saved_feature_importance_type: 0]
[use_quantized_grad: 0]
[num_grad_quant_bins: 4]
[quant_train_renew_leaf: 0]
[stochastic_rounding: 1]
[linear_tree: 0]
[max_bin: 255]
[max_bin_by_feature: ]
[min_data_in_bin: 3]
[bin_construct_sample_cnt: 200000]
[data_random_seed: 61]
[is_enable_sparse: 1]
[enable_bundle: 1]
[use_missing: 1]
[zero_as_missing: 0]
[feature_pre_filter: 1]
[pre_partition: 0]
[two_round: 0]
[header: 0]
[label_column: ]
[weight_column: ]
[group_column: ]
[ignore_column: ]
[categorical_feature: ]
[forcedbins_filename: ]
[precise_float_parser: 0]
[parser_config_file: ]
[objective_seed: 15521]
[num_class: 1]
[is_unbalance: 0]
[scale_pos_weight: 1]
[sigmoid: 1]
[boost_from_average: 0]
[reg_sqrt: 0]
[alpha: 0.9]
[fair_c: 1]
[poisson_max_delta_step: 0.7]
[tweedie_variance_power: 1.5]
[lambdarank_truncation_level: 30]
[lambdarank_norm: 1]
[label_gain: ]
[lambdarank_position_bias_regularization: 0]
[eval_at: ]
[multi_error_top_k: 1]
[auc_mu_weights: ]
[num_machines: 1]
[local_listen_port: 12400]
[time_out: 120]
[machine_list_filename: ]
[machines: ]
[gpu_platform_id: -1]
[gpu_device_id: -1]
[gpu_device_id_list: ]
[gpu_use_dp: 0]
[num_gpu: 1]

end of parameters

pandas_categorical:null
