tree
version=v4
num_class=1
num_tree_per_iteration=1
label_index=0
max_feature_idx=151
objective=huber
feature_names=minutes_since_open minutes_to_close session_frac session_sin session_cos dow ret_1m ret_5m ret_15m ret_30m rv_1m ret_from_open session_range pos_in_session_range dist_to_session_high dist_to_session_low dist_to_twap hist_prior_close hist_prior_ret hist_prior_range_pct hist_gap_pct dist_to_prior_close gex_net_total gex_abs_total gex_zero_level gex_dist_to_zero gex_dist_to_zero_pct gex_above_zero gex_top3_concentration gex_hhi gex_band_net gex_band_abs gex_band_share gex_pos_centroid gex_pos_centroid_dist gex_abs_centroid_dist gex_max_node_strike gex_max_node_value gex_max_node_dist gex_wall_above gex_wall_above_dist gex_wall_below gex_wall_below_dist gex_neg_pocket_above gex_neg_pocket_below vanna_net_total vanna_band_net charm_net_total charm_band_net max_pain max_pain_dist gex_snapshot_age_min gex_band_decay_5m gex_band_decay_pct_5m gex_dist_zero_chg_5m gex_band_decay_15m gex_band_decay_pct_15m gex_dist_zero_chg_15m charm_drift_to_close net_prem_1m call_prem_1m put_prem_1m otm_call_prem_1m otm_put_prem_1m flow_side_weighted net_prem_5m net_prem_z_5m net_prem_vel_5m net_prem_vel_z_5m net_prem_15m net_prem_z_15m net_prem_vel_15m net_prem_vel_z_15m net_prem_cum_session call_put_prem_ratio_15m otm_call_accel otm_put_accel otm_skew_momentum otm_skew_log_ratio otm_skew_level block_notional_15m sweep_notional_15m inst_block_weight dark_pool_share block_vs_sweep_z block_signed_bias has_gex_snapshot has_flow_prints ret_1m__isna ret_5m__isna ret_15m__isna ret_30m__isna rv_1m__isna hist_prior_close__isna hist_prior_ret__isna hist_prior_range_pct__isna hist_gap_pct__isna dist_to_prior_close__isna gex_net_total__isna gex_abs_total__isna gex_zero_level__isna gex_dist_to_zero__isna gex_dist_to_zero_pct__isna gex_above_zero__isna gex_top3_concentration__isna gex_hhi__isna gex_band_net__isna gex_band_abs__isna gex_band_share__isna gex_pos_centroid__isna gex_pos_centroid_dist__isna gex_abs_centroid_dist__isna gex_max_node_strike__isna gex_max_node_value__isna gex_max_node_dist__isna gex_wall_above__isna gex_wall_above_dist__isna gex_wall_below__isna gex_wall_below_dist__isna gex_neg_pocket_above__isna gex_neg_pocket_below__isna vanna_net_total__isna vanna_band_net__isna charm_net_total__isna charm_band_net__isna max_pain__isna max_pain_dist__isna gex_snapshot_age_min__isna gex_band_decay_5m__isna gex_dist_zero_chg_5m__isna gex_band_decay_15m__isna gex_dist_zero_chg_15m__isna charm_drift_to_close__isna net_prem_1m__isna call_prem_1m__isna put_prem_1m__isna otm_call_prem_1m__isna otm_put_prem_1m__isna flow_side_weighted__isna net_prem_5m__isna net_prem_vel_5m__isna net_prem_15m__isna net_prem_vel_15m__isna net_prem_cum_session__isna otm_call_accel__isna otm_put_accel__isna block_notional_15m__isna sweep_notional_15m__isna inst_block_weight__isna dark_pool_share__isna block_vs_sweep_z__isna block_signed_bias__isna
feature_infos=[-0.53977274894714355:0.53977274894714355] [-0.53977274894714355:0.53977274894714355] [-0.53977274894714355:0.53977274894714355] [-0.50589752197265625:0.50589752197265625] [-0.51000577211380005:0.5002143383026123] [-0.5:0.5] [-8:8] [-8:8] [-8:8] [-8:8] [-0.24949219822883606:8] [-3.843991756439209:5.8475494384765625] [-0.40240135788917542:5.5943512916564941] [-0.61099040508270264:0.39928379654884338] [-0.16352225840091705:5.1064281463623047] [-0.27188938856124878:7.8005528450012207] [-4.255521297454834:6.8585057258605957] [-0.76916438341140747:0.65935570001602173] [-2.0903298854827881:3.0228533744812012] [-0.31186875700950623:4.7921648025512695] [-1.8289365768432617:1.6395394802093506] [-2.2459993362426758:3.1695809364318848] none none none none none none none none none none none none none none none none none none none none none none none none none none none none none none none none none none none none none none none none none none none none none none none none none none none none none none none none none none none none none none none none none none none none [0:1] [0:1] none [0:1] [0:1] [0:1] [0:1] [0:1] none none none none none none none none none none none none none none none none none none none none none none none none none none none none none none none none none none none none none none none none none none none none none none none none none none none none none none
tree_sizes=11909 11946 11916 11981 11915 11942 11942 11929 11939 11961 11952 11991 11985 11974 11965 11942 11941 11892 11950 11966 11942 12032 11914 11944 11970 11940 11945 11988 11930 11942 11930 11996 11959 11921 11938 11971 11937 11942 11967 11945 11953 11923 11932 11951 11984 11953 11946 11998 11983 11958

Tree=0
num_leaves=127
num_cat=0
split_feature=18 21 18 21 18 21 18 18 21 21 21 18 11 0 0 21 18 18 21 0 21 0 18 21 11 10 0 4 11 20 18 4 10 21 18 21 1 10 11 18 12 3 15 8 21 8 21 18 0 21 20 11 21 18 1 15 16 11 21 18 3 9 21 7 16 5 18 12 20 3 16 10 12 12 10 18 10 0 9 8 15 0 10 16 21 4 21 10 16 18 12 18 3 20 11 0 12 14 0 12 9 7 10 3 15 0 4 7 4 11 15 10 12 18 21 4 10 4 0 15 18 21 18 12 4 18
split_gain=143.504 73.1282 71.3863 47.799 50.0534 42.7796 31.9417 22.2668 21.9051 20.9128 19.2205 18.6036 18.5326 17.9333 16.1673 15.2529 15.1344 12.8385 16.6412 12.011 11.4564 11.2828 10.9433 13.3011 12.52 10.4201 9.92778 9.85246 11.3386 11.0268 9.68083 11.2887 9.21125 8.92091 11.2578 10.1805 9.62984 8.39445 8.35031 7.9935 8.18511 7.77298 7.69587 8.39304 7.55205 7.48876 7.43304 7.51983 7.26828 7.21553 7.0173 8.0428 6.99765 8.96535 6.9415 7.13123 6.70333 7.80137 7.67844 6.67049 6.65159 7.87208 6.88448 6.53382 6.4763 9.62565 6.3994 6.25327 10.8665 6.23539 6.20889 6.10016 5.98338 5.94751 5.94521 6.42533 5.92387 5.91468 6.57194 7.3079 5.89872 5.87505 5.85486 7.77719 5.84256 6.55682 10.4225 7.12736 7.14806 6.82134 6.26329 5.82713 8.06555 6.82443 6.53574 5.82022 5.81172 5.76059 5.71019 5.56116 5.48181 5.4524 5.44354 6.05825 7.88305 5.43829 6.23322 5.40038 5.3496 7.95956 9.67224 5.34911 5.28738 5.2604 7.23891 6.01105 5.81143 8.95021 5.12793 5.10148 5.07187 6.98918 5.29323 5.00401 4.95118 4.92074
threshold=-0.065505117177963243 -0.036173962056636803 0.031402070075273521 -0.14633522927761075 -0.1645485237240791 0.083113092929124846 0.17105530947446826 -0.57647010684013356 -0.2010899409651756 0.180889368057251 0.083113092929124846 0.055483173578977592 0.16274712979793551 0.41335226595401769 0.47301135957241064 0.038608592003583915 0.096665639430284514 -0.13517671078443524 -0.049862641841173165 0.34801135957241064 -0.5822576880455016 0.42187500000000006 -0.29062251746654505 -0.36535407602787012 -0.027572725899517533 -0.21668158471584317 0.50142046809196483 0.45974253118038183 -0.35743924975395197 -0.11019899323582648 -0.019389361143112179 0.077078893780708327 0.22442187368869784 0.25815217196941381 0.29825963079929357 0.34955343604087835 -0.055397728458046906 0.2193591967225075 0.27405133843421942 -0.68872055411338795 1.0330188274383547 0.10119250044226648 0.40860983729362493 0.087035078555345549 -0.30865362286567682 -0.21546631306409833 0.55455446243286144 0.40874977409839636 0.18892045319080356 0.12484074756503107 0.076517753303051009 -0.102540235966444 0.17828200012445453 0.20737238228321078 0.42471592128276831 -0.23808755725622174 0.34445250034332281 0.27914266288280493 -0.095846824347972856 0.1432982608675957 0.14855950325727466 -0.015669781714677807 0.046939130872488029 -0.11055883020162581 0.16856441646814349 -0.37499999999999994 -0.13916920125484464 0.017547169700264934 0.082789152860641493 -0.12502200156450269 0.14868032932281497 -0.14734736829996106 -0.20342481136322019 0.35030302405357366 -0.15082355588674543 -0.038974093273282044 0.14672642946243289 0.29119317233562475 0.14077953249216082 -0.002737109898589551 -0.19200461357831952 -0.26278407871723169 0.15021160989999774 0.31960745155811315 0.17176358401775363 0.077078893780708327 0.28583590686321264 -0.18313124030828473 0.079460445791482939 0.21669483184814456 0.1077244132757187 0.023945228196680549 0.38928070664405828 -0.089047260582447038 -0.12143311649560927 0.50426137447357189 -0.10279588401317595 0.17676957696676257 -0.39914773404598231 0.10194968804717065 -0.12840449810028073 0.078267250210046782 0.15399561077356341 0.47445212304592138 -0.10060675814747809 0.46732954680919653 -0.24637155234813687 0.10176124423742296 0.43807719647884374 -0.0892026051878929 0.12673579156398776 0.22442187368869784 0.22424814105033877 -0.35214525461196894 -0.47482766211032862 0.25240264087915426 0.061524873599410064 -0.36894176900386805 0.28551135957241064 -0.0030952381202951069 -0.29443526268005366 -0.1092226170003414 -0.59597384929656971 0.0094511150382459181 0.39291179180145269 -0.20172158628702161
decision_type=2 2 2 2 2 2 2 2 2 2 2 2 2 2 2 2 2 2 2 2 2 2 2 2 2 2 2 2 2 2 2 2 2 2 2 2 2 2 2 2 2 2 2 2 2 2 2 2 2 2 2 2 2 2 2 2 2 2 2 2 2 2 2 2 2 2 2 2 2 2 2 2 2 2 2 2 2 2 2 2 2 2 2 2 2 2 2 2 2 2 2 2 2 2 2 2 2 2 2 2 2 2 2 2 2 2 2 2 2 2 2 2 2 2 2 2 2 2 2 2 2 2 2 2 2 2
left_child=3 14 10 4 7 11 9 20 22 16 30 15 32 -11 56 50 25 19 -19 42 39 72 23 54 45 49 97 28 37 77 74 64 84 36 35 105 52 -6 -36 40 -1 69 43 70 124 -25 47 -34 -12 -7 71 80 -14 -54 55 -9 58 -58 102 -15 -20 -62 98 -21 65 -32 -29 68 -38 -10 120 -4 107 -47 75 101 -41 78 79 100 -52 -74 83 -40 96 87 89 88 -86 -87 -89 94 93 -93 -60 108 -8 -18 -63 -45 -30 -3 -2 104 -104 106 -35 -13 109 -33 -111 -95 -83 114 116 -116 -57 -118 -96 -17 122 -122 -5 -43 -24 -46
right_child=1 2 5 17 27 6 12 8 41 13 48 21 33 59 -16 119 26 18 60 63 -22 -23 44 24 -26 -27 -28 66 29 -31 31 95 46 34 38 -37 67 -39 82 76 -42 123 -44 99 125 73 -48 -49 -50 -51 51 -53 53 -55 -56 113 57 -59 91 -61 61 62 -64 -65 -66 -67 -68 -69 -70 -71 -72 -73 81 -75 -76 -77 -78 -79 -80 -81 -82 112 -84 -85 85 86 -88 90 -90 -91 -92 92 -94 111 118 -97 -98 -99 -100 -101 -102 -103 103 -105 -106 -107 -108 -109 -110 110 -112 -113 -114 -115 115 -117 117 -119 -120 -121 121 -123 -124 -125 -126 -127
leaf_value=-0.0096669488879178155 0.011340859726444458 -0.0019461456735282551 0.0031657657919849365 -0.0075131777487729007 0.013854431558877486 0.0087027856756689663 0.017373608694236587 0.0074201704680522864 -0.0080683878720977879 -0.0030683813668541736 -0.0063679075918540171 0.012356590759614221 0.015511589432089691 -0.01958556301653681 0.020307595933586935 -0.007197389635722049 0.002968726564836537 -0.00090451162175422882 -0.010177728445621747 -0.0066356552550724309 -0.011173441960694683 0.017519718377387198 0.004377499910626627 -0.0024440445378482172 0.00033793622569107179 -0.0053662338344044325 0.01572525434862684 0.0048611068461499049 0.0067697077667611526 -0.0023146577028758607 0.011326246219563001 -0.0101701328283809 0.00031315145661958878 -0.0043278358248730886 0.0063810220369876569 -0.0083831256386308322 0.01205778385882755 0.001590065705776667 0.00079410963970513737 0.0088156907899508748 -0.0013653723274612579 -0.00073201605062289015 -0.017552695183562259 -0.0046972190909303404 -0.0014698638398242161 -0.016381349373320427 -0.0082166703105332351 0.011145378194347083 -0.014161784341061232 -0.0018975443684862703 -0.00084876230003492939 -0.0072376390550410175 0.00056334548336765768 0.011755911602902616 -0.0095662045991624697 -0.0062946129357223414 0.0082322768298963775 -0.0069355577054271466 -0.00012391767979513202 -0.0070014314437182295 -0.01018311245590346 -0.0047321516103837821 -0.0082126919697220104 -0.01979063392122889 -0.0044374646389350033 0.0015668343190870797 0.019122586479118887 -0.0027601091470893903 -0.0043716271234208971 -0.01931318064608032 0.0011300396071332996 0.014402752002416756 0.0016585657988308045 -0.0065490567181274544 -0.0026878583181710138 -0.015041370454760524 -0.002471384836183707 0.011567157410780722 -0.0036530081905857856 0.014189886854266746 0.013088847584882863 0.0056986434820378669 0.0040678107957991773 -0.0074830589884684962 0.0091821899452016603 0.0016543376057275424 -0.0015946966424507294 0.011876815557978367 -0.0061866863086011544 0.015760894035191469 0.00052668643995018973 8.5965648866038598e-06 0.014945584054737721 0.014177758137856855 0.0043415660099196006 0.0054173556939591562 0.0072080289765206482 -0.0047187877188796922 0.0067563553556952314 0.0036381811810667422 -0.0048361810490887037 -0.013422869166863983 0.0044934435653517218 -2.1286219943604276e-05 0.012127140335203637 -0.0080733710220503921 0.0041964865463100425 0.0046975638946025449 -0.011032752353311978 0.0063384099553415252 -0.0079553634171154134 0.002155259383783656 0.011646852163765303 0.0062102518430156937 -0.0025117169067334659 -0.014103988367036423 0.012930101586547223 0.00038202469176107866 0.013351043415064649 0.00080097066087474026 -0.0022798733908125091 -0.0090032755387443372 -0.01762320989742875 -0.010517811874999498 0.014075715418613025 0.0058051445412362892
leaf_weight=1467 2025 712 376 453 696 471 445 701 1021 4504 2093 1394 389 433 381 788 4499 3903 1741 257 1650 479 1399 552 1052 2324 253 263 454 1660 619 438 1009 581 1380 1076 432 394 1736 266 840 946 292 1583 1806 626 292 398 730 708 256 308 767 549 275 327 260 350 1384 349 675 305 409 538 454 1663 316 1025 298 287 308 527 1229 514 2990 409 891 471 457 324 271 3241 1217 706 262 285 996 1506 269 338 258 607 543 441 2030 263 612 474 502 452 294 250 1293 476 1159 334 1090 604 493 541 340 272 857 512 825 264 337 1009 330 629 918 2922 507 309 285 533
leaf_count=1467 2025 712 376 453 696 471 445 701 1021 4504 2093 1394 389 433 381 788 4499 3903 1741 257 1650 479 1399 552 1052 2324 253 263 454 1660 619 438 1009 581 1380 1076 432 394 1736 266 840 946 292 1583 1806 626 292 398 730 708 256 308 767 549 275 327 260 350 1384 349 675 305 409 538 454 1663 316 1025 298 287 308 527 1229 514 2990 409 891 471 457 324 271 3241 1217 706 262 285 996 1506 269 338 258 607 543 441 2030 263 612 474 502 452 294 250 1293 476 1159 334 1090 604 493 541 340 272 857 512 825 264 337 1009 330 629 918 2922 507 309 285 533
internal_value=8.78476e-05 0.00197811 0.000967546 -0.00308338 -0.0012084 0.00223166 0.00100714 -0.0028353 -0.00141908 -0.0013865 -0.00358447 0.00583317 0.00284709 -0.00469808 0.00680543 0.00149773 0.000615307 -0.00593823 -0.00393888 -0.00776421 -0.00658812 0.00758193 -0.000123341 -0.00172055 -0.00534056 -0.00277122 0.00289239 0.00449138 0.00347947 0.00168842 -0.00209797 -2.7448e-05 0.00564918 0.00122986 1.68134e-05 -0.00315442 0.0040651 0.00944973 0.00196271 -0.00439169 -0.00665901 -0.00697094 -0.00692092 -0.00647724 0.00264484 -0.00889203 0.00138555 0.00340966 -0.00839987 0.00231098 0.00568832 0.00123836 0.00763457 0.00526747 0.000609626 0.00132763 0.00633904 -0.000398064 0.00673193 -0.0140173 -0.00718851 -0.00441571 -0.00117565 -0.0155804 0.00277892 0.00423454 0.0127086 0.000577081 0.00529868 -0.0105785 -0.00792392 0.0097643 0.00692375 -0.0119852 -0.00437348 -0.00802003 0.0001026 0.00502649 0.00298168 0.00584371 0.00625851 0.00573908 0.000285474 -0.00158838 0.00710016 0.0058914 0.0026089 0.00818985 0.00135078 0.00936358 0.0102314 0.00502526 0.00808556 0.00522671 0.00349061 -0.0037419 0.0115313 0.00222722 0.00236475 -0.00282792 0.00216477 -0.00498498 0.00865558 0.00678359 0.00811904 -0.000328843 0.00120924 0.010059 -0.00509876 -0.00284585 0.000773269 0.00963893 0.00695427 9.5014e-06 -0.00113237 -0.00536642 0.00160583 0.00356027 0.00562342 -0.00362152 -0.00851404 -0.00740522 -0.0128972 -0.00318258 0.00604916 0.000178542
internal_weight=106558 66770 55219 39788 24023 43224 32265 18694 13580 14015 11995 10959 18250 5286 11551 3155 8729 15765 7535 8230 5114 7804 11017 6994 2744 3503 5226 5329 4750 3660 9172 4811 6670 11580 8120 3081 3460 1090 5039 3464 2307 2563 7435 7143 4023 1692 1699 1407 2823 1179 1738 835 1705 1316 4250 3975 11170 610 10560 782 3632 1891 1216 795 2736 2282 579 1755 730 1308 5108 903 7325 1140 4361 1371 1157 2000 1529 1072 527 5327 3659 2442 4971 3914 1619 2295 531 623 1764 5607 1863 1320 3744 2075 1057 4973 807 2035 748 962 4953 2928 2452 2005 1671 1998 1812 1319 881 713 4098 3274 2762 1089 1673 1346 2360 1417 4800 3840 960 1255 1684 2339
internal_count=106558 66770 55219 39788 24023 43224 32265 18694 13580 14015 11995 10959 18250 5286 11551 3155 8729 15765 7535 8230 5114 7804 11017 6994 2744 3503 5226 5329 4750 3660 9172 4811 6670 11580 8120 3081 3460 1090 5039 3464 2307 2563 7435 7143 4023 1692 1699 1407 2823 1179 1738 835 1705 1316 4250 3975 11170 610 10560 782 3632 1891 1216 795 2736 2282 579 1755 730 1308 5108 903 7325 1140 4361 1371 1157 2000 1529 1072 527 5327 3659 2442 4971 3914 1619 2295 531 623 1764 5607 1863 1320 3744 2075 1057 4973 807 2035 748 962 4953 2928 2452 2005 1671 1998 1812 1319 881 713 4098 3274 2762 1089 1673 1346 2360 1417 4800 3840 960 1255 1684 2339
is_linear=0
shrinkage=0.0667171


Tree=1
num_leaves=127
num_cat=0
split_feature=18 21 18 21 18 21 0 18 21 11 18 18 21 21 18 0 0 21 18 18 21 18 21 12 0 21 0 10 21 0 8 0 21 18 11 0 16 12 21 0 21 3 21 19 17 7 12 0 10 11 10 8 20 18 18 0 15 0 0 0 8 7 12 16 18 11 0 18 21 17 10 14 19 0 18 7 17 19 21 18 21 17 9 16 18 0 12 10 10 10 10 21 7 18 19 21 3 16 14 0 19 19 18 11 14 9 11 21 17 3 8 12 21 11 12 16 0 11 11 15 0 0 3 3 21 9
split_gain=138.325 62.4155 62.9182 45.9938 49.4488 40.443 24.5254 22.1444 28.8976 22.0521 21.0771 18.1569 22.6137 15.7379 14.9318 14.9078 14.613 13.9521 15.1548 12.362 15.8244 11.5643 10.9082 10.4919 10.3887 10.0189 9.93337 9.8338 9.77767 10.3507 10.4353 9.15864 8.98862 8.95219 9.7111 8.3147 13.7879 7.89905 7.7669 7.67555 7.66855 8.88582 7.6358 15.5231 7.49046 7.24221 8.23025 7.09697 7.05966 7.31412 9.15372 8.24303 6.94788 6.94689 6.85443 7.43456 6.74118 6.72689 6.70732 6.612 6.65278 6.56013 6.55081 6.45341 8.44992 6.36269 7.56273 7.74854 6.29018 10.8012 9.09273 7.7707 6.27816 6.24062 8.02851 6.77374 6.14595 5.94361 5.94297 5.94249 8.96487 9.42442 8.42665 6.51503 5.93924 5.90956 5.81699 5.7606 7.65755 5.75211 8.94706 8.23327 6.05827 5.72052 8.43913 6.97115 7.47764 8.86892 6.81546 6.57177 7.46145 5.97846 5.62035 5.59113 5.57913 5.56613 5.54425 5.52234 5.46595 7.10726 5.43912 8.38381 6.99025 5.6753 5.42092 5.90238 5.40508 5.38819 5.15394 5.15118 5.05569 5.02474 5.02324 4.97877 6.19257 4.96466
threshold=-0.065505117177963243 -0.036173962056636803 0.031402070075273521 -0.17690661549568173 -0.29062251746654505 0.062254153192043311 0.43039773404598242 0.17105530947446826 0.180889368057251 0.16274712979793551 0.096665639430284514 -0.13517671078443524 -0.049862641841173165 0.083113092929124846 0.084646522998809828 0.41335226595401769 0.47301135957241064 -0.25323729217052454 -0.13573190569877622 -0.57647010684013356 -0.52831456065177906 -0.16318259388208387 -0.56286215782165516 0.075826186686754241 0.50142046809196483 0.030313904397189621 0.39630682766437536 -0.21668158471584317 0.26302796602249151 0.052556818351149566 -0.070484917610883699 0.44744317233562475 0.17828200012445453 0.22037483006715777 0.24697937816381457 0.36789773404598242 0.22598450630903247 0.34745569527149206 0.14829727262258532 0.18892045319080356 -0.30865362286567682 0.31359797716140753 -0.11504682525992392 1.0000000180025095e-35 0.31871135532855993 -0.16175848245620725 -0.19084619730710981 -0.055397728458046906 0.004997019888833166 -0.47558756172657007 0.2193591967225075 0.1702041178941727 0.19858354330062869 -0.68872055411338795 0.26564061641693121 -0.27982954680919642 -0.23578340560197827 0.29687500000000006 0.22301135957241061 0.046875000000000007 -0.22014385461807248 0.17113457620143893 1.0330188274383547 0.25482596457004553 0.57462233304977428 0.3421280980110169 -0.041193181648850434 -1.0000000180025095e-35 0.26823617517948156 0.49151445925235754 0.080533046275377287 -0.12785183638334272 -0.10460270941257475 -0.47869317233562464 0.02152569126337767 0.085000928491354003 0.2834028452634812 0.057392572984099395 -0.69828557968139637 -0.26967006921768183 -0.11179413273930548 -0.045196317136287682 -0.011444739997386931 -0.06579249724745749 -0.40806765854358668 -0.39346592128276819 -0.197644367814064 0.69622471928596508 0.13606378436088565 0.12114332243800165 -0.0045939395204186431 0.44967308640480047 -0.081533025950193391 -0.019389361143112179 -0.061374567449092858 -0.014663181733340023 -0.49797412753105158 0.17414116859436038 -0.093674797564744935 0.39346592128276831 -0.010307393968105314 -0.09773752465844153 0.20948536694049838 0.058103878051042564 -0.072871383279561983 0.06677571684122087 -0.062981665134429918 -0.075284469872713075 -0.12886523827910421 0.39443531632423406 0.082541115581989302 -0.024974271655082699 -0.2010899409651756 -0.35094308853149409 0.041566608473658569 0.055775165557861335 -0.17471590638160703 -0.33223511278629297 0.10890743136405946 -0.14054531604051587 0.25710226595401769 -0.26278407871723169 -0.31995254755020136 0.41401703655719763 0.20044462382793429 -0.065946187824010835
decision_type=2 2 2 2 2 2 2 2 2 2 2 2 2 2 2 2 2 2 2 2 2 2 2 2 2 2 2 2 2 2 2 2 2 2 2 2 2 2 2 2 2 2 2 2 2 2 2 2 2 2 2 2 2 2 2 2 2 2 2 2 2 2 2 2 2 2 2 2 2 2 2 2 2 2 2 2 2 2 2 2 2 2 2 2 2 2 2 2 2 2 2 2 2 2 2 2 2 2 2 2 2 2 2 2 2 2 2 2 2 2 2 2 2 2 2 2 2 2 2 2 2 2 2 2 2 2
left_child=3 16 13 4 19 6 14 8 10 23 27 31 -13 93 25 68 42 21 110 22 37 40 53 52 -12 86 104 38 29 -11 -31 44 -32 34 -30 36 48 -21 -7 -15 41 -6 43 -2 79 -16 85 -25 -22 51 84 59 123 62 103 -56 -55 -39 -57 60 -50 77 -1 64 -35 66 87 -68 69 72 -70 -71 -10 -44 75 -75 -42 -37 -58 -5 81 83 -82 -81 -51 -47 121 88 -45 90 92 -91 -65 94 105 98 -97 101 -95 100 -96 -98 -34 -54 -14 -3 -76 -108 -106 -110 113 -112 -113 -19 115 -46 -88 -43 -49 -103 -23 -4 -94 124 -9 -83
right_child=1 2 5 11 17 7 -8 9 15 28 24 12 26 39 45 -17 -18 18 -20 20 35 120 -24 47 -26 -27 -28 -29 33 30 32 -33 102 63 -36 61 -38 57 -40 -41 76 117 73 65 114 46 -48 118 49 50 -52 -53 54 56 55 58 78 -59 -60 -61 -62 -63 -64 89 -66 -67 67 -69 70 71 -72 -73 -74 74 106 -77 -78 -79 -80 80 82 125 -84 -85 -86 -87 116 -89 -90 91 -92 -93 122 95 99 96 97 -99 -100 -101 -102 119 -104 -105 108 -107 107 -109 109 -111 111 112 -114 -115 -116 -117 -118 -119 -120 -121 -122 -123 -124 -125 -126 -127
leaf_value=-0.0090326816446725175 0.015737002786980096 -0.0044939279043310337 0.0063826936321773452 -0.0094454453717348081 0.0090069759870801264 0.0050469251385745805 0.020954226145037228 0.015524413180001903 -0.012689756810516862 0.00016437077311081761 0.0032367518900193121 -0.00012745069529330216 -0.002708385049051121 -0.0056360683525359164 0.013342283250843816 -0.013060254552718658 0.019025316175422243 0.0037783109822969716 0.0088678101502375258 -0.00011550661966611326 -0.0095235191907183103 0.0085725113835284483 -0.011271006224948364 -0.0084180299835513693 0.016445325484539194 -0.0014139325330509319 -0.019514608503990113 -0.0040697302294502901 -0.0011468799942243636 0.016389331659882475 0.01497811795722595 -0.015712584387063237 -0.0015169910012937644 0.0013421893320055369 -0.014678022247391004 0.00015866885667041128 0.0056238937684024116 0.014284754293129431 -0.0077982052283436278 -0.013656936116745087 0.0035211219086493098 0.005722145804602184 -0.0021886255010414332 0.013283309648067213 -0.010884791916885858 0.0084263552309236812 0.0045582918050674822 0.0054541980615603995 0.010066433125470035 -0.009066840585249876 -0.0092075052134369031 0.012395806492333501 0.0048042768037890376 0.0077495321643326126 0.0033635084132909109 0.013305409849403137 0.0028729161111925947 0.0007423343592080422 0.0021906009190360651 -0.0095807503375220544 -0.0047106217224439995 -0.018443747098406182 -0.001728517938674615 0.0073259291684171233 0.011867293869406147 -0.0041391878927016929 0.0078154211139563196 0.020785947688939821 -0.010427296826688626 -0.0050832993033496036 0.0014186222225948133 0.0084825658953433334 -0.0025832558780302904 0.00513761134646661 0.013187189214046303 -0.00062422336291676091 -0.0058412437460192397 -0.011696652464569765 -0.0076902592324171138 0.010352984912740459 -0.010472000700393934 0.00034807160402973702 -0.0041367923524140175 -0.0031280046342011575 0.0020455664852699002 0.021070731566178332 0.0011068894119727942 0.011139627518296323 0.0006992273663961083 0.0092084746407350218 -0.01221712194120834 -0.0015240259877931151 0.00029132845785663893 -0.0027583588756539814 0.0082420498815496974 0.0083242073015944804 0.0027369307640194495 -0.0098765723473480584 0.0096835010146617429 -0.0096693863368347704 -0.0016621065746753269 -0.0081790270765655128 0.0081149640963255575 -0.0048558666145961937 -0.013224734777652266 -0.011985721356760357 1.2661591360319353e-05 0.0091589118187121749 -0.0084869772475931714 0.0025983321941809743 0.012522732625386359 0.0034747054506560448 -0.009090012360059076 -0.0045519564407503444 -0.018121797687067752 -0.0010296843195624597 0.011224892669704728 -0.0077172938913874787 -0.0048339714294284714 -0.00076446069384998789 0.01893387397485749 -0.0025200535881282531 -0.0076735069495414135 0.0053042371645457042 0.0039678797374846893 -0.0074922509686411896
leaf_weight=1539 926 1489 546 1690 1285 1117 475 930 319 1847 5912 4721 1330 2034 961 807 388 429 750 944 819 1050 1383 300 276 1686 266 3304 632 426 289 559 759 2979 379 359 789 435 253 732 675 250 565 252 1350 523 2239 909 281 279 1069 253 658 335 1197 1020 404 267 325 280 253 252 865 282 382 250 756 288 981 258 399 648 1942 3087 741 1270 573 378 554 408 1652 579 2212 253 878 250 328 453 1420 447 438 1071 762 302 436 307 1172 596 529 321 1467 639 411 442 680 642 460 805 1076 330 271 564 298 2194 351 346 887 274 278 1222 271 571 639 588 275 907
leaf_count=1539 926 1489 546 1690 1285 1117 475 930 319 1847 5912 4721 1330 2034 961 807 388 429 750 944 819 1050 1383 300 276 1686 266 3304 632 426 289 559 759 2979 379 359 789 435 253 732 675 250 565 252 1350 523 2239 909 281 279 1069 253 658 335 1197 1020 404 267 325 280 253 252 865 282 382 250 756 288 981 258 399 648 1942 3087 741 1270 573 378 554 408 1652 579 2212 253 878 250 328 453 1420 447 438 1071 762 302 436 307 1172 596 529 321 1467 639 411 442 680 642 460 805 1076 330 271 564 298 2194 351 346 887 274 278 1222 271 571 639 588 275 907
internal_value=1.08946e-05 0.00187003 0.000932941 -0.00308119 -0.000974452 0.00211258 0.00624915 0.0011074 -0.000694364 0.00267445 0.00128029 -0.00550022 -0.00319113 -0.00336516 0.00536668 -0.00470605 0.00630521 0.00283575 0.000222678 -0.00366012 -0.00193895 0.00551767 -0.00620617 0.0056616 0.00383586 0.0024865 -0.0071081 -0.00209547 0.000910451 0.0037304 0.0072061 -0.00737921 0.0044887 -0.000399855 -0.00626111 -0.00355746 -0.0024214 0.00382936 0.00263642 -0.0077755 0.00324707 0.00602091 0.00586178 0.00806377 -0.00689544 0.00826924 0.00663477 0.000674015 -0.0039757 -0.00258205 -0.00476109 0.00193205 0.00702082 -0.00429928 0.00532603 0.00722995 -0.000330497 0.00917902 0.0106419 -0.001296 0.00299882 -0.00914104 -0.0064188 0.000443363 0.00255392 0.00597006 0.00678163 0.011446 -0.00321235 -0.00155977 -0.00697354 0.00456794 -0.00403194 0.00447463 0.00507257 0.00345058 -0.000749685 -0.00588975 -0.00319818 -0.00593032 -0.00493423 -0.0014583 -0.00685608 0.00513177 -0.000620442 0.0125828 0.00531926 0.00446852 0.00263024 -0.00149681 -0.00374421 0.00161999 -0.00150988 -0.00202348 -0.00377154 -0.000418653 -0.00159705 -0.00245083 0.00511369 -0.000880208 0.00059533 -0.000975652 0.00184761 0.000893662 -0.00612359 -0.006772 0.00857411 0.00583699 -0.00828244 -0.00585902 -0.00149951 0.00234106 -0.00083781 -0.00317294 -0.010503 -0.00889352 0.00851811 -0.00122867 0.00300764 -0.00333183 0.0107391 0.00180739 -0.00332033 0.0104387 0.0129139 -0.00441398
internal_weight=107106 66896 55235 40210 21500 43347 8466 34881 16216 18665 10862 18710 8403 11888 7991 5354 11661 8884 4506 12616 7536 4378 5080 6922 6188 4018 3682 4674 11743 3732 1885 10307 1459 8011 1011 5890 4901 1646 1370 2766 3057 1809 11273 4345 9748 3973 3012 1487 4112 3293 2226 1067 5435 3697 3642 2542 1293 702 1345 814 534 989 2404 7000 3361 3419 3169 1044 4547 3167 1380 906 2261 6928 6363 4357 1248 737 958 7701 6011 2147 3864 661 1157 773 2332 2125 1672 3639 2121 1518 1683 9122 4355 4767 3936 3629 831 2224 1903 3033 1170 1100 3416 2131 2006 1265 2086 1406 3756 1133 862 2623 2047 1696 1215 524 1187 1861 1321 1117 1401 1793 1205 1486
internal_count=107106 66896 55235 40210 21500 43347 8466 34881 16216 18665 10862 18710 8403 11888 7991 5354 11661 8884 4506 12616 7536 4378 5080 6922 6188 4018 3682 4674 11743 3732 1885 10307 1459 8011 1011 5890 4901 1646 1370 2766 3057 1809 11273 4345 9748 3973 3012 1487 4112 3293 2226 1067 5435 3697 3642 2542 1293 702 1345 814 534 989 2404 7000 3361 3419 3169 1044 4547 3167 1380 906 2261 6928 6363 4357 1248 737 958 7701 6011 2147 3864 661 1157 773 2332 2125 1672 3639 2121 1518 1683 9122 4355 4767 3936 3629 831 2224 1903 3033 1170 1100 3416 2131 2006 1265 2086 1406 3756 1133 862 2623 2047 1696 1215 524 1187 1861 1321 1117 1401 1793 1205 1486
is_linear=0
shrinkage=0.0667171


Tree=2
num_leaves=127
num_cat=0
split_feature=18 21 18 21 18 21 21 18 21 21 18 0 0 18 12 0 18 21 21 18 0 0 0 21 18 21 21 4 21 18 0 3 3 0 0 19 18 0 0 21 18 0 16 4 17 14 16 4 10 13 4 0 4 21 18 18 4 4 12 3 21 21 12 4 4 10 21 12 17 0 10 10 7 0 18 18 12 20 17 12 12 1 14 18 4 10 4 4 21 0 21 17 16 14 18 10 13 18 12 10 16 16 0 1 14 5 21 21 18 21 21 4 19 10 17 16 13 7 21 13 17 8 0 3 19 3
split_gain=121.97 60.7064 70.7474 47.0459 45.0394 43.439 27.6417 25.3655 28.4008 18.9019 17.2621 16.0622 13.7314 13.0093 12.6906 11.3631 11.078 13.795 9.71181 10.5014 9.75005 9.4958 9.27911 9.24503 9.20961 14.9066 11.3037 9.1885 8.85296 13.1162 12.3033 8.67397 8.59605 8.39854 8.29647 9.9375 8.0647 10.6492 7.97869 7.86979 7.82231 7.7023 7.62144 7.54984 7.41018 7.52757 7.38947 7.01144 6.96514 7.13222 6.79051 8.53799 6.73831 6.727 13.4104 6.84592 9.64064 6.59031 6.57111 6.43537 7.52585 6.36147 6.19299 8.76439 6.21676 6.09936 6.33035 5.99507 5.93062 6.25785 5.894 5.87813 7.26747 5.84542 5.83866 6.86827 6.55192 5.78217 8.11078 6.04642 5.6919 10.3925 12.687 8.85677 7.18071 7.3713 6.98585 5.67769 6.73366 5.76858 5.6284 9.03634 5.86329 5.6218 8.79544 5.57677 5.54677 5.53639 7.51361 5.63261 5.52296 5.46526 5.43749 5.42767 5.38547 5.36667 5.33703 5.32047 7.30668 6.18731 5.30573 5.2978 6.85369 6.47959 5.89957 5.21372 5.33235 5.101 5.09229 5.03088 5.00596 4.93648 5.9633 4.87339 8.89291 4.89198
threshold=-0.097563583403825746 -0.038129488006234162 0.055483173578977592 -0.18479389697313306 -0.32173828780651087 0.083113092929124846 0.055735735222697265 0.18636019527912143 0.180889368057251 0.2918361127376557 -0.0069711019750684491 0.47869317233562475 0.50142046809196483 0.29825963079929357 0.036895368248224265 0.47869317233562475 -0.13517671078443524 -0.055729217827320092 -0.088321309536695466 -0.054252579808235162 0.45312500000000006 0.42187500000000006 -0.15198864042758939 0.38562962412834173 -0.57647010684013356 -0.52831456065177906 -0.56286215782165516 0.37729673087596899 -0.30865362286567682 -0.1739988103508949 0.24005681276321414 -0.18699086457490918 -0.10119250044226645 0.40767045319080358 0.36505682766437536 -0.14722679555416104 0.096665639430284514 0.50142046809196483 0.44744317233562475 -0.0055373962968587867 0.13006787747144702 -0.38778407871723169 0.33604107797145849 0.43807719647884374 0.31871135532855993 0.32313643395900732 0.13080412894487384 -0.26754547655582422 1.0000000180025095e-35 0.13466835767030719 -0.24637155234813687 0.44460226595401769 -0.38544754683971399 0.61501601338386547 0.60444065928459179 0.42243160307407385 -1.0000000180025095e-35 0.47953346371650701 0.16649514436721805 -0.45878548920154566 0.15155648440122607 0.42027501761913305 0.34745569527149206 0.20911728590726855 -0.13304628431797025 0.070512924343347563 0.028358378447592262 0.30200687050819403 0.13300014287233355 -0.029829545877873894 -0.22085896134376523 -0.14380995184183118 0.26280136406421667 0.42187500000000006 0.08779925107955934 0.066034600138664259 -0.19084619730710981 0.029037673026323322 0.020872284658253196 -0.18055460602045056 -0.015694682486355301 -0.055397728458046906 -0.010461144614964722 0.21241156756877902 -0.45013153553009028 0.22442187368869784 -0.085229709744453416 -0.48522816598415369 -0.1580683812499046 0.40198864042758947 -0.2414911016821861 0.25539334863424307 -0.24934520572423932 0.023715890944004062 -0.26967006921768183 -0.22323742508888242 0.30182121694087988 -0.68872055411338795 1.0330188274383547 0.14672642946243289 0.34445250034332281 -0.0046038234140723935 -0.095170453190803514 0.48153407871723181 -0.086245007812976823 0.37500000000000006 -0.69828557968139637 0.55455446243286144 0.4593148678541184 0.37644191086292272 -0.018574233166873452 -0.069100182503461824 -0.22805814445018766 0.72277346253395092 0.052243635058403022 -0.48864495754241938 -0.56723320484161366 -0.0059631878975778809 0.20044462382793429 0.26246605813503271 0.48655256628990179 0.028359097428619865 0.2173295468091965 0.42316816747188574 -0.013687848113477228 -0.399487555027008
decision_type=2 2 2 2 2 2 2 2 2 2 2 2 2 2 2 2 2 2 2 2 2 2 2 2 2 2 2 2 2 2 2 2 2 2 2 2 2 2 2 2 2 2 2 2 2 2 2 2 2 2 2 2 2 2 2 2 2 2 2 2 2 2 2 2 2 2 2 2 2 2 2 2 2 2 2 2 2 2 2 2 2 2 2 2 2 2 2 2 2 2 2 2 2 2 2 2 2 2 2 2 2 2 2 2 2 2 2 2 2 2 2 2 2 2 2 2 2 2 2 2 2 2 2 2 2 2
left_child=3 18 6 4 24 21 10 8 36 80 34 40 43 23 22 -8 38 87 20 32 42 74 107 50 26 62 97 48 73 57 90 -19 -20 103 35 47 59 -38 44 -36 41 -10 120 65 45 93 70 -3 -27 -50 96 58 -43 55 -55 61 -57 123 -52 -7 95 -16 63 -26 -64 66 68 -47 -12 -70 104 -33 -73 115 75 -4 -76 79 -79 -37 84 82 83 -82 -9 118 -84 -18 -89 -90 -31 -92 -93 -5 -95 -61 -11 98 -1 -99 -56 -46 -81 -21 -42 -100 -101 108 109 -15 -49 112 -78 114 -113 116 -6 -77 -86 -58 -2 122 -48 124 125 -30
right_child=1 2 5 16 28 7 15 9 11 13 12 -13 -14 14 53 -17 17 31 19 33 -22 -23 -24 -25 25 27 -28 -29 29 30 -32 71 -34 -35 39 77 37 -39 -40 -41 46 52 -44 -45 101 67 121 110 49 -51 51 -53 -54 54 100 56 119 -59 -60 60 -62 -63 64 -65 -66 -67 -68 -69 69 -71 -72 72 -74 -75 76 117 111 78 -80 102 81 -83 86 -85 85 -87 -88 88 89 -91 91 92 -94 94 -96 -97 -98 99 105 106 -102 -103 -104 -105 -106 -107 -108 -109 -110 -111 -112 113 -114 -115 -116 -117 -118 -119 -120 -121 -122 -123 -124 -125 -126 -127
leaf_value=-0.0088796167040086655 0.0067265185561978958 -0.017860457979119646 0.0098855556882288878 -0.004899311570491862 0.017336901929650501 0.0048556598360601951 -0.0056739253475179491 -0.00016496669880753439 0.0030201835549882087 -0.0010328778461664099 0.0021600631567326172 -0.01690638691189613 0.016040424256684838 0.0066525582662722623 0.0024355583771964238 -0.019285878580198586 -0.0096379396084411428 -0.017573536039435702 0.0034505739369044522 0.005156164566041151 0.019401839673017302 0.015743613370529468 0.011446427420674362 -0.008004824242515942 -0.0057360563559301133 -0.0093387678840332715 -0.011233763063761502 -0.010850977223150475 -0.011195221097201717 0.0053058786843928098 0.0095234929951592551 0.0037326991184929016 -0.0061109480188970607 0.01499608293916352 -0.00435014753658018 0.0057076505871518834 0.0022990481949601081 0.015908025255568947 -0.014646120322533387 -0.016079018878615535 -0.011802861729236563 -0.0020347142202567143 -0.00043589777093183452 -0.006350570753915338 -0.012396804962947618 0.0021736745826980456 -0.006125521035734576 0.001925228179248316 -0.0027808347084689366 0.0065398901853462527 0.002230738880766758 -0.0059443860777388686 -0.012347255002924162 -0.0098067412620092345 0.0087752929700728524 0.0010564133513152156 0.019105671832096622 -0.011906917565145694 0.013884674261653187 0.0039333597654953849 -0.01300795100219683 -0.0064768019443675676 0.014835896194589606 0.0080420999878664801 0.0022465904467722586 -0.0032899142631537394 -0.00054653608105656069 -0.0076128632836775694 0.0019088932268799715 0.012516720948294384 0.0034552641878143739 -0.0093247664160557193 0.0029205176149985712 0.014177492442209538 0.011306804206227719 0.0052140337396051487 -0.0021022008000086212 0.0049714698280768068 -0.0075280827042911195 0.0056972737160182743 -0.0014132546117559446 -0.00011626946990686833 0.0089727132338699323 0.0084883924885451288 0.013879568576439379 0.0012054740104015392 0.023284227131526235 0.0089419819634548176 0.00083451250265044073 -0.0081265478071093009 0.0040539451221090596 -0.00062593461625731685 -0.013698207779684323 -0.018864310616712281 -0.0074500305393106108 -0.0042553539513853949 -0.013324606949686816 0.0070801230785989509 0.0045444050803059386 0.0018515892398900855 -0.0020439109708158664 -0.0051729216851395809 -0.0036468571370405567 -0.0034818102494047674 0.0017374958021723792 -0.0059605810673820387 -0.007819926869713268 -0.0031655148148604529 0.012659686021267547 -0.0067026206118195623 -0.0098692098669992401 0.0083830092816035897 0.0091014344839489003 -0.0068593417723665706 -0.0011375148675730343 0.0028494136634127417 0.003556416136180054 -0.0021726595612237992 0.0072783425717710959 0.0068006979175822182 0.012728443635208085 -0.0074001763203229371 0.0067478803943753409 0.0042248262814555257 0.0023243377730482804 -0.0029828301486119206
leaf_weight=1515 5907 251 514 3850 250 536 6246 434 259 459 1574 434 279 370 960 285 258 318 919 3844 281 484 994 961 532 588 1378 766 479 756 1157 252 761 365 709 879 5286 267 595 405 254 405 596 563 1500 859 340 292 2380 427 790 393 985 708 365 929 252 267 298 543 302 561 320 330 395 871 1548 407 400 679 1337 1212 255 299 1355 738 267 304 902 366 795 1691 405 798 1089 453 254 373 1836 383 558 292 328 344 2556 1131 256 315 401 486 478 705 1094 346 256 460 516 425 401 259 385 748 2102 256 460 2150 261 939 1063 386 707 1186 297 624 1063 1032
leaf_count=1515 5907 251 514 3850 250 536 6246 434 259 459 1574 434 279 370 960 285 258 318 919 3844 281 484 994 961 532 588 1378 766 479 756 1157 252 761 365 709 879 5286 267 595 405 254 405 596 563 1500 859 340 292 2380 427 790 393 985 708 365 929 252 267 298 543 302 561 320 330 395 871 1548 407 400 679 1337 1212 255 299 1355 738 267 304 902 366 795 1691 405 798 1089 453 254 373 1836 383 558 292 328 344 2556 1131 256 315 401 486 478 705 1094 346 256 460 516 425 401 259 385 748 2102 256 460 2150 261 939 1063 386 707 1186 297 624 1063 1032
internal_value=-7.62017e-06 0.00160271 0.000641951 -0.00316699 -0.00104596 0.00224333 -0.0028114 0.0011201 -0.0010073 0.00282836 -0.000839779 -0.00458905 0.00166827 0.00100004 0.00258852 -0.00627781 -0.00591007 -0.0032607 0.00558533 0.00362882 0.00720909 0.00667282 0.00647251 -0.00255538 -0.00399332 -0.00215345 -0.00606816 -0.00424931 0.00229863 0.000925306 0.00408624 -0.00744976 -0.000859874 0.00529167 -0.00349999 -0.00220648 0.0015437 0.00296463 -0.00710394 -0.00865493 -0.00357275 -0.00739233 0.00672474 0.000945531 -0.00665939 -0.00570611 -0.00184477 -0.00834384 -0.00274582 -0.00134711 -0.000152634 0.00240869 -0.00936625 0.00052973 -0.00304248 0.00233512 0.00542974 -0.00188576 0.00546699 -0.00158235 -0.00335139 -0.000831705 0.0033535 -0.000410886 0.0079381 0.00176442 0.00282207 -0.000956962 0.00480047 0.00861542 0.00111347 -0.00554434 -0.00716634 0.00532808 0.00607035 0.00315436 0.0072946 -0.000586547 -0.00433965 0.00133701 0.00550585 0.00381556 0.00678091 0.00353065 0.00768635 0.00901003 0.0145643 -0.00025173 0.000678111 -0.000702707 0.000812876 -0.0020489 -0.00759791 -0.00659201 -0.0088249 -0.0015777 -0.0054925 -0.00412834 -0.00605113 -0.000631522 0.00260193 -0.0101035 -0.00127392 0.0044326 -0.00494113 -0.00103487 -0.00309638 0.00304665 0.00564316 0.00110178 -0.00474149 0.00586413 0.00781974 0.00267295 0.00472896 0.00431349 0.0103765 0.00106132 0.0106393 0.0117336 0.00737592 -0.00485803 -7.59473e-05 -0.00103255 -0.0023226 -0.00561482
internal_weight=106694 70666 56940 36028 20325 38908 18032 31045 13818 17227 11501 5753 5914 10245 7088 6531 15703 4887 13726 6235 7491 7863 2449 3157 10809 5738 5071 4161 9516 6556 3091 2037 1680 4555 5587 4473 8065 5553 10816 1114 5319 1649 7210 5635 10221 8016 3670 928 3395 2807 2196 1481 1390 4639 1551 3088 1567 3465 1088 2512 1976 1521 1577 862 715 5072 4201 1266 2653 1079 1847 1719 1467 2960 7379 2191 5188 3545 1206 2339 6982 3943 2252 1593 3039 2605 659 2850 2592 2219 1934 1178 620 6750 2900 1674 715 3693 2376 1317 843 2205 1460 4190 510 861 1002 1455 1030 629 677 3833 2369 1464 1208 2661 511 1677 2152 638 6614 1823 637 3198 2574 1511
internal_count=106694 70666 56940 36028 20325 38908 18032 31045 13818 17227 11501 5753 5914 10245 7088 6531 15703 4887 13726 6235 7491 7863 2449 3157 10809 5738 5071 4161 9516 6556 3091 2037 1680 4555 5587 4473 8065 5553 10816 1114 5319 1649 7210 5635 10221 8016 3670 928 3395 2807 2196 1481 1390 4639 1551 3088 1567 3465 1088 2512 1976 1521 1577 862 715 5072 4201 1266 2653 1079 1847 1719 1467 2960 7379 2191 5188 3545 1206 2339 6982 3943 2252 1593 3039 2605 659 2850 2592 2219 1934 1178 620 6750 2900 1674 715 3693 2376 1317 843 2205 1460 4190 510 861 1002 1455 1030 629 677 3833 2369 1464 1208 2661 511 1677 2152 638 6614 1823 637 3198 2574 1511
is_linear=0
shrinkage=0.0667171


Tree=3
num_leaves=127
num_cat=0
split_feature=18 18 11 20 14 18 14 20 20 13 18 11 20 18 12 15 13 20 10 18 20 11 15 20 18 1 11 18 17 12 11 12 2 20 18 10 20 10 14 10 15 11 8 15 3 1 19 10 11 18 17 11 18 3 4 7 20 12 4 4 4 20 14 11 1 2 17 7 93 11 20 4 16 8 3 12 20 18 16 4 4 4 14 5 10 4 18 12 15 20 10 18 4 14 4 10 4 8 12 10 10 11 8 1 4 10 3 10 18 12 12 10 18 14 18 15 13 12 3 13 10 20 14 4 10 4
split_gain=119.368 25.028 31.8908 19.5116 18.4588 29.584 17.8046 26.8729 16.3474 15.1756 13.7099 13.0827 12.7517 12.5404 10.6125 10.5716 9.84104 9.8757 9.363 9.18395 9.14633 8.99359 8.90573 8.51606 13.9125 10.4966 8.97604 9.82939 7.74121 8.26846 7.49203 7.4318 7.32725 7.2352 6.85526 13.0808 9.27911 9.18429 7.15293 6.44328 6.72894 6.31277 7.26787 6.10044 6.57033 6.94347 7.16179 6.03621 5.91902 7.71617 6.88999 5.84213 7.6876 6.59386 6.24921 6.34158 6.33942 5.82479 5.77837 6.60963 7.63035 5.97554 5.77271 5.76528 8.36989 6.4448 5.82624 9.10626 5.71651 7.04818 11.9417 8.41992 7.30313 5.65239 5.64142 5.61499 5.60962 5.58923 5.52908 5.52871 5.51744 9.23627 5.81328 5.48471 5.44481 5.43547 5.40733 8.68846 5.73744 5.26898 7.6601 5.19476 9.22942 6.29125 6.00014 5.49579 5.19008 5.12684 5.11021 5.39242 6.89743 5.09236 5.90941 5.06132 8.15338 6.67216 5.03635 4.97589 7.42031 6.08146 4.93936 5.35112 5.32734 4.92715 4.92268 5.2311 4.92101 4.90739 4.82966 5.23373 4.75763 6.77923 4.88547 4.84127 4.72152 5.43185
threshold=-0.097563583403825746 0.055483173578977592 0.17213144898414615 0.10911072418093683 0.31050579249858862 -0.26967006921768183 0.095784857869148268 0.02633590251207352 -0.33771762251853937 0.31331706047058111 0.19194141775369647 -0.35094308853149409 0.18323166668415072 -0.53630343079566944 0.13247570395469668 -0.17126727849245069 -0.42206172645092005 -0.022945314645767208 0.15787179023027423 0.015367750544101002 -0.05969333462417125 0.14393101632595065 -0.2496083006262779 0.023183036595582966 0.22037483006715777 -0.44460226595401758 0.3221393376588822 0.090347733348608031 0.31871135532855993 -0.22286449372768399 -0.011543789878487585 -0.038759291172027581 0.37926135957241064 -0.15040439367294309 -0.24400845170021054 -0.084381487220525728 -0.11398294568061827 0.17783848196268084 0.057149948552250869 0.090738065540790572 -0.080637481063604341 0.0045565185137093076 -0.15550405532121656 -0.23578340560197827 -0.19453945755958554 -0.0042613637633621684 0.24997129291296008 -0.23264865577220914 -0.44840271770954127 -0.68872055411338795 0.57586652040481578 0.42797830700874334 0.64580601453781139 0.46854946017265325 -0.4010626077651977 0.096793476492166533 0.18085687607526782 1.0330188274383547 0.36079095304012304 0.14837970584630969 -0.18727959692478177 0.10344028100371362 0.22877810150384906 0.042374800890684135 -0.22869318723678586 -0.061079544946551316 -0.04350639879703521 -0.026204106397926804 1.0000000180025095e-35 -0.043922277167439454 -0.066364951431751237 0.30632472038269049 0.20858427882194522 -0.081906028091907487 0.30716200172901159 -0.0179645512253046 0.16526649147272113 -0.26244951784610743 -0.11154454201459883 -0.30144415795803065 -0.25349488109350199 -0.43807771801948542 0.082411233335733428 1.0000000180025095e-35 -0.21056620776653287 -0.24637155234813687 0.15868259221315387 -0.20514007657766339 0.25122120976448065 0.085519153624773039 -0.11784054338932036 -1.0000000180025095e-35 -0.35158383846282953 -0.086245007812976823 0.37189191579818731 0.10106261447072031 0.25240264087915426 -0.6353626251220702 0.16277873516082766 -0.098468150943517671 -0.20012298971414563 0.048794655129313476 -0.015352509915828703 0.052556818351149566 0.18670212477445605 0.049647402018308646 0.11710854247212411 -0.21668158471584317 0.11658803746104242 -0.035305887460708611 0.093996569514274611 0.26843051612377172 -0.14728643745183942 -0.089216921478509889 -0.0069711019750684491 -0.016920122317969796 0.33684453368186956 0.099879931658506407 0.49119704961776739 -0.48241925239562983 0.13936881721019748 -0.10949517786502837 -0.14568332582712171 0.052858233451843269 -0.14034544676542279 -0.46114358305931086
decision_type=2 2 2 2 2 2 2 2 2 2 2 2 2 2 2 2 2 2 2 2 2 2 2 2 2 2 2 2 2 2 2 2 2 2 2 2 2 2 2 2 2 2 2 2 2 2 2 2 2 2 2 2 2 2 2 2 2 2 2 2 2 2 2 2 2 2 2 2 2 2 2 2 2 2 2 2 2 2 2 2 2 2 2 2 2 2 2 2 2 2 2 2 2 2 2 2 2 2 2 2 2 2 2 2 2 2 2 2 2 2 2 2 2 2 2 2 2 2 2 2 2 2 2 2 2 2
left_child=4 6 3 30 8 20 7 9 13 91 11 -5 68 74 -14 -16 110 78 80 -17 48 28 -13 26 25 -25 27 -4 34 -30 118 -23 33 -11 37 85 106 38 -10 63 -41 42 -9 97 73 -46 -47 -32 49 57 -50 53 -53 54 55 -26 -56 -6 59 60 61 116 -40 65 66 -12 67 -65 69 71 72 103 -71 -45 -1 -39 98 -20 -18 -38 81 -15 -82 -28 -31 124 120 -88 -89 114 -91 95 113 94 -94 101 -61 -22 99 100 -24 102 -2 104 -8 -105 -37 -78 109 -109 -7 112 -112 -93 -44 -116 -27 -86 119 -3 121 -49 123 -123 -36 -126
right_child=1 2 23 10 5 16 12 41 21 32 39 22 14 18 15 19 17 -19 77 -21 43 31 76 24 51 58 83 -29 29 84 47 -33 -34 -35 35 36 79 75 62 40 -42 -43 89 44 45 46 -48 86 50 -51 -52 52 -54 -55 56 -57 -58 -59 -60 96 -62 -63 -64 64 -66 -67 -68 -69 -70 70 -72 -73 -74 -75 -76 -77 107 -79 -80 -81 82 -83 -84 -85 117 -87 87 88 -90 90 -92 92 93 -95 -96 -97 -98 -99 -100 -101 -102 -103 -104 105 -106 -107 -108 108 -110 -111 111 -113 -114 -115 115 -117 -118 -119 -120 -121 -122 122 -124 -125 125 -127
leaf_value=-0.01447378893811606 0.0053804012357083139 0.005536132396259134 -0.00062977730186028578 0.013940109951972668 -0.0069694927271052613 0.0012669738951081476 0.0082158154144091316 0.0026397689614814832 -0.00073608822734227367 0.001988014549157448 0.0067719653853760726 0.0087151046300143389 -0.0080580416444953253 -0.0048393092219905284 0.013117765768725432 -0.005728960261921965 0.00081565500822309016 -0.0035875630601762839 0.0014769901894934431 0.0058831500862678082 -0.0082522083139690127 -0.00448706118282656 -0.0011657732933282663 -0.013017878720087413 0.0021895904833135337 0.003929344970441475 0.0015782350399766872 0.0061970780109994357 -0.016188155904153387 0.0022114273533579672 0.012277245445989049 -0.017385489486437308 -0.010344706298875968 -0.004150969887920207 -0.00075400043975462074 -0.0010520026129170704 0.0010982660385630235 -0.021747820923350574 -0.013872277880445183 0.0065170580321093231 -8.083742974479033e-05 -0.0071825456378690781 -0.0051710630508858399 -0.017857575634588028 0.0035891945640737217 -0.013179512101055153 -6.8885339447205494e-05 0.01393976430332222 -0.0033514902378107975 0.0021473358420104299 -0.013972649823500129 -0.0051528205346857607 0.0046159374964211079 -0.0044583081249825662 0.0092962252593327861 -0.0088891883039703638 0.0027796579673633934 0.0012252253614436863 0.0069378511163984526 -0.016120377011374861 0.0034862227118573732 -0.008606608250046565 -0.0032071009344229831 0.0040300885781109864 0.0076614746008220047 0.017904766793034065 0.006916982645254548 -0.013608585982279464 -0.0047851985313985433 0.0094648858637611556 -0.0079652896065474862 0.011424078856785879 -0.0039889479218770249 -0.0078796926416946373 -0.0028494949600771867 -0.0084040028927857922 -0.0087108982995228543 0.0093480671833508448 0.011237617679971768 -0.0046964345725332502 -0.0088781643811066402 0.0090820442962139154 0.00014483400800916 -0.0034933577524564824 -0.0089863271190116362 -0.0087941607711901158 0.01765974325788849 0.0040949128843453834 0.014650474405844705 -0.014503638534042459 -0.0042129915161540389 0.0063785793645247321 0.0026522711018697729 0.005978729050152079 -0.0090874657756094424 0.0058165699298476014 -0.0038887132506235504 0.0023170835431990935 0.0090804556634972826 -0.0039094482768269549 0.0092035947816883536 -0.0019382494639946003 -0.00042859066961611301 0.007779455647638032 -0.0043039144544100181 -0.0021631232320946264 0.0060558668443310582 -0.012020346150579701 0.001359194425716505 -0.0022093113795442166 0.0066592330571633935 0.0020820063548756332 0.016107970684877182 0.018472860054627869 -0.0014288189649205138 0.0086399224895952371 -0.0063499047438114525 -0.00014708336196405232 0.0018069317134935771 0.013312871254237527 2.7093261585300651e-05 -0.0050981741353723258 0.0055398250486857949 0.0046477838588591027 -0.00081655902693359783 -0.01336864843577836
leaf_weight=391 1454 551 1300 307 1033 1099 1763 887 879 1521 616 470 737 455 288 741 600 1724 1436 507 332 343 650 481 849 480 3174 3283 477 273 562 498 466 1929 1013 852 965 275 517 1126 1734 2095 1345 466 304 486 305 343 2528 2147 305 1151 514 534 1009 311 2005 603 262 281 827 771 416 252 1749 385 291 259 282 578 468 1027 253 594 367 310 485 562 368 2912 800 390 512 1350 1861 2085 345 1338 279 437 1266 333 513 1114 305 1061 359 513 358 764 498 2149 1653 454 260 866 905 404 1789 948 994 711 374 290 1330 274 359 336 288 1434 1123 443 2659 458 270 368
leaf_count=391 1454 551 1300 307 1033 1099 1763 887 879 1521 616 470 737 455 288 741 600 1724 1436 507 332 343 650 481 849 480 3174 3283 477 273 562 498 466 1929 1013 852 965 275 517 1126 1734 2095 1345 466 304 486 305 343 2528 2147 305 1151 514 534 1009 311 2005 603 262 281 827 771 416 252 1749 385 291 259 282 578 468 1027 253 594 367 310 485 562 368 2912 800 390 512 1350 1861 2085 345 1338 279 437 1266 333 513 1114 305 1061 359 513 358 764 498 2149 1653 454 260 866 905 404 1789 948 994 711 374 290 1330 274 359 336 288 1434 1123 443 2659 458 270 368
internal_value=6.68929e-05 0.00165597 0.00268899 0.00437244 -0.00306366 -0.0013227 0.000132744 -0.000921554 -0.00437926 0.000946052 0.00268093 0.00055835 0.00275423 -0.00101641 -0.00148291 0.00165353 0.00240535 -0.000549903 0.000416792 -0.000979917 -0.00360191 -0.00543934 -8.65702e-05 0.000689037 -0.000633074 -0.0038176 0.00217212 0.00425256 -0.00505121 -0.00812088 0.00662178 -0.0121673 -0.00250758 -0.00143517 -0.00427862 -0.00345674 -0.00141898 -0.00747287 -0.00509479 0.00488392 0.00250809 -0.00405405 -0.00286368 -0.0066617 -0.00854923 -0.00487025 -0.00816593 0.00559945 -0.00220856 -0.000471675 -0.00451424 0.00127086 -0.00211171 0.0024753 0.00337309 -0.000758925 0.00497526 -0.00392659 -0.0024767 -0.00329391 -0.00169139 -0.00437282 -0.00915712 0.00678678 0.005076 0.0111014 -0.000522235 -0.00484708 0.00437908 0.00484357 0.000503564 0.00612634 0.00531687 -0.0123102 -0.00889188 -0.0147537 -0.000796954 0.00371196 0.00481803 -0.0032444 -0.00261984 0.00154668 -0.00533111 5.69553e-05 -0.00654102 -0.0065189 0.0050546 0.00803928 0.00595177 -0.0039213 -0.00688266 0.00247476 0.00501704 0.00271634 -0.0016895 0.00144047 -0.00932386 -0.00181042 0.00179368 0.000405348 0.00330699 0.000548774 0.00227973 0.00448465 0.00658306 0.00124004 0.0025894 -0.0024285 -0.00144372 -0.00517377 0.00491974 0.00683485 0.00927985 0.012076 -0.00219771 0.000278121 -0.000438641 -0.00764716 0.00999813 0.0111732 0.00388074 0.00498106 0.0041022 -0.000103102 -0.00362331 -0.00810999
internal_weight=106808 70854 42208 22908 35954 15486 28646 20422 20468 12788 13085 6673 8224 4913 2273 1536 5870 2692 4155 1248 9616 15555 6366 19300 10193 3820 9107 4583 14714 2947 9823 841 3916 3450 11767 9370 5634 2397 1812 6412 2860 7634 5539 3000 2155 1095 791 7550 6616 3783 2833 6373 1665 4708 4174 1160 3014 1636 3339 3077 2437 1610 933 3552 2551 1001 802 511 5951 5669 1299 4370 831 1060 758 585 5896 1998 968 3877 2157 845 1312 4524 2470 3736 6988 1962 1617 4652 1703 8872 2555 1932 818 6317 640 845 2270 1912 1148 5256 3107 3343 2023 1320 1757 3626 3141 1352 3178 2079 1368 623 2949 1604 839 2197 2273 1985 5026 3903 3560 901 1651 638
internal_count=106808 70854 42208 22908 35954 15486 28646 20422 20468 12788 13085 6673 8224 4913 2273 1536 5870 2692 4155 1248 9616 15555 6366 19300 10193 3820 9107 4583 14714 2947 9823 841 3916 3450 11767 9370 5634 2397 1812 6412 2860 7634 5539 3000 2155 1095 791 7550 6616 3783 2833 6373 1665 4708 4174 1160 3014 1636 3339 3077 2437 1610 933 3552 2551 1001 802 511 5951 5669 1299 4370 831 1060 758 585 5896 1998 968 3877 2157 845 1312 4524 2470 3736 6988 1962 1617 4652 1703 8872 2555 1932 818 6317 640 845 2270 1912 1148 5256 3107 3343 2023 1320 1757 3626 3141 1352 3178 2079 1368 623 2949 1604 839 2197 2273 1985 5026 3903 3560 901 1651 638
is_linear=0
shrinkage=0.0667171


Tree=4
num_leaves=127
num_cat=0
split_feature=18 21 18 21 21 18 21 18 18 21 0 21 18 17 0 18 0 0 18 21 14 8 21 16 0 21 18 14 4 0 21 18 18 18 8 1 21 0 21 3 21 18 14 18 0 0 5 14 7 14 9 10 21 9 9 21 15 3 18 4 16 0 18 10 8 3 13 14 8 3 18 9 17 15 15 16 15 10 1 14 18 21 21 7 3 20 10 18 21 10 21 1 16 18 4 21 16 4 17 20 16 10 21 0 15 10 17 20 5 21 0 3 18 16 17 18 18 21 0 0 9 8 3 9 8 15
split_gain=108.366 54.3329 66.0789 49.5307 46.1586 39.3202 24.737 19.5972 18.5386 24.0505 17.694 14.6929 13.6233 11.804 11.7246 10.827 10.6577 10.3784 10.2355 12.9141 9.9779 8.86944 8.86151 8.7951 8.79263 8.52534 9.72194 8.85113 8.57832 8.37601 8.22498 10.3514 8.59715 8.19503 10.9107 7.84639 7.82388 9.05394 7.66816 7.58741 7.45067 8.0668 7.34191 7.05486 6.88165 6.81567 6.79963 6.69501 6.63126 6.53315 6.51293 6.34128 8.63525 6.19623 6.95727 6.18576 7.72647 9.12484 6.76716 6.0016 5.99171 6.32459 5.98528 5.9488 5.90504 5.83415 5.69344 10.5548 5.68999 5.61096 5.53123 5.48821 5.48338 6.61191 6.53965 6.19418 5.29609 10.3371 9.27314 6.00763 7.3226 5.28621 5.28256 5.40082 5.17421 5.16353 6.69187 7.95927 8.55505 8.01072 7.67238 7.60982 8.85221 5.53855 6.10146 5.10051 5.01857 4.91998 4.88684 4.87833 4.87007 5.44502 4.8921 4.82289 4.7935 4.76437 4.74123 5.65374 4.77624 4.77771 4.69242 4.68361 6.02524 4.59886 5.32276 4.58921 4.56076 7.43498 7.0021 6.75538 4.53218 4.49578 4.48368 4.42543 5.09223 5.54848
threshold=-0.1062190495431423 -0.04204053804278373 0.055483173578977592 0.083113092929124846 -0.18870495259761808 -0.29062251746654505 0.055735735222697265 1.0000000180025095e-35 0.18636019527912143 0.18675594031810763 0.47017045319080358 0.2918361127376557 0.29825963079929357 0.31871135532855993 0.46732954680919653 0.02152569126337767 0.35369317233562475 0.47017045319080358 -0.68872055411338795 -0.36535407602787012 0.067975152283906951 -0.13932857662439344 0.030313904397189621 -0.27371285855770106 0.40482954680919653 -0.072677101939916597 -0.13294097036123273 0.29639662802219396 -0.33955840766429896 0.44460226595401769 0.55455446243286144 0.45690877735614782 0.60444065928459179 0.11253532022237779 0.058986894786357887 -0.072443179786205278 -0.090928677469491945 -0.098011363297700868 -0.2649704366922378 -0.36201974749565119 -0.73522868752479542 -0.44855967164039606 1.1756677627563479 -0.042091308161616318 -0.03835227154195308 -0.026988636702299115 1.0000000180025095e-35 0.46801735460758215 -0.04327654838562011 -0.12339395657181738 0.29878279566764837 -0.080592364072799669 -0.14242418110370633 0.20953432470560077 -0.080068957060575471 -0.0055373962968587867 0.024585253559052948 -0.35627987980842585 -0.034590752795338624 -0.4539192914962768 0.34445250034332281 -0.14062499999999997 -0.16318259388208387 0.20469906926155093 0.094183493405580535 -0.14074952155351636 -0.077251330018043504 0.37143008410930639 -0.20580125600099561 0.45529152452945715 -0.036129746586084359 -0.12546584010124204 0.57155185937881481 0.17358679324388507 -0.05211981572210788 0.29872444272041326 0.043018432334065444 0.11441120132803918 -0.061079544946551316 -0.0076675438322126857 0.20737238228321078 -0.16589048504829404 0.63589778542518627 0.071851409971714034 -0.46854946017265314 -0.055901374667882912 -0.19814543426036832 0.096665639430284514 0.062254153192043311 0.046730019152164466 0.066810529679059996 -0.095170453190803514 -0.063223939388990388 0.22423640638589862 -0.30144415795803065 0.36732265353202825 -0.15541695058345792 -0.47416162490844721 0.052243635058403022 -0.0069802755024284116 0.10425954312086107 -0.02314319089055061 0.38562962412834173 0.45028407871723181 0.0030798771185800437 0.26843051612377172 -0.24460664391517636 0.1690488085150719 -1.0000000180025095e-35 0.14829727262258532 -0.48437499999999994 -0.36766564846038813 0.036828249692916877 0.17125607281923297 -0.1108514331281185 -0.26967006921768183 -0.36954462528228754 -0.51055508852004994 0.28551135957241064 0.27982954680919653 -0.18197635561227796 -0.0068748693447560063 0.44795000553131109 0.50467547774314891 0.050336427986621864 -0.12057603895664214
decision_type=2 2 2 2 2 2 2 2 2 2 2 2 2 2 2 2 2 2 2 2 2 2 2 2 2 2 2 2 2 2 2 2 2 2 2 2 2 2 2 2 2 2 2 2 2 2 2 2 2 2 2 2 2 2 2 2 2 2 2 2 2 2 2 2 2 2 2 2 2 2 2 2 2 2 2 2 2 2 2 2 2 2 2 2 2 2 2 2 2 2 2 2 2 2 2 2 2 2 2 2 2 2 2 2 2 2 2 2 2 2 2 2 2 2 2 2 2 2 2 2 2 2 2 2 2 2
left_child=4 14 6 24 5 18 7 35 9 71 33 76 29 16 15 36 25 -8 42 40 46 120 45 -15 85 26 27 96 -28 53 31 59 82 34 -11 55 50 -38 62 70 -20 122 -1 -16 -27 48 -21 64 -9 -35 72 -23 -53 54 -13 58 57 -57 -3 -14 61 -34 103 -62 -40 98 67 -43 -29 -22 -39 -5 73 74 -2 -75 77 -10 79 80 -78 -76 83 121 -24 113 -87 88 91 90 -89 -88 -93 94 -91 -55 -6 -41 -47 -99 101 -61 -102 -7 -83 -64 -80 108 -108 -110 -17 -86 -113 -4 -115 -98 117 -69 -119 -118 -18 -32 -42 124 125 -73
right_child=1 2 3 8 13 38 17 22 11 10 -12 12 30 23 43 110 21 -19 19 20 69 51 84 -25 -26 44 28 68 -30 -31 32 -33 60 49 -36 -37 37 39 47 97 41 66 -44 -45 -46 65 -48 -49 -50 -51 -52 52 -54 95 -56 56 -58 -59 -60 100 63 -63 105 -65 -66 -67 -68 116 -70 -71 -72 123 -74 75 81 -77 78 -79 106 -81 -82 104 -84 -85 111 86 87 89 -90 93 -92 92 -94 -95 -96 -97 115 99 -100 -101 102 -103 -104 -105 -106 -107 107 -109 109 -111 -112 112 -114 114 -116 -117 119 118 -120 -121 -122 -123 -124 -125 -126 -127
leaf_value=-0.0097573857927176367 0.0061799279588204553 -0.0056845589342969533 0.0014311087926581927 -0.0026364931279008923 -0.0097799835980924617 0.002605253076602994 -0.0053721203744302361 0.0060248446986320035 0.012237459333953631 -0.014718330849939908 -0.017157801346489861 0.0031522998828839854 0.0088999230321426068 -0.021821003704261845 0.007755351091557716 0.0018227296131870521 0.0039761967043032732 -0.017697610466567378 0.0072445547482409755 0.0036291345240851698 -0.0092637876296723775 -0.0179765086723544 0.0059049025109348032 -0.0086036011688261482 0.014842895189584844 -0.0045698046250666358 -0.004040828681955615 -0.0039809446057871836 0.0076869700516165561 -0.010831665480539529 -0.0019465890657801989 0.010681827866953139 2.362083488875269e-05 -0.0049671884582386683 -0.00087398990467883514 -0.0010775100601899674 -0.002304950092512058 0.0030050988547062475 -0.0022658262618598874 0.0028711573591503653 -0.0030201404063879373 -0.0088804155535094423 -0.0027243245995754815 0.022136791755343659 -0.010013157238317163 0.00043753913389672408 -0.0077049876410100202 0.0062643848461901496 -0.0027890648080836234 0.00055044238757895694 -0.0011154564944617716 0.00074978670515758554 -0.0138409308887253 0.011525330891773723 -0.0056668540470746443 0.00030431639702322322 -0.014933736332125106 -0.012944545263732642 0.0030157100228687585 0.010718513828130632 -0.007960472830432325 0.012072322573237346 0.013679080574034561 0.0058073500731418677 0.0041580741383116003 0.0132999030560546 0.0092833322362513588 0.0037845053082146743 0.0066687964786725819 0.00011294849949282258 -0.0071352135770195333 -0.002899370349934806 0.015615794369208163 0.017301747516817925 0.0055936374004948572 0.0036608127230376496 3.5812338335163931e-05 0.0017492011327770183 -0.0043492296155874417 0.01308638000040584 0.0081840964356513172 -0.0096027898779773042 -0.0089465421767755508 -0.0064582264897119109 -0.011216389693224192 0.017780586379114682 0.015447156837537404 0.018476789521382885 -0.0078592132524445968 0.012903128196826317 0.0069060737180857102 -0.0056453657685048035 0.0072503675657456298 0.013375178497630267 0.0021720422095875239 -0.00036971009591048434 -0.0084417630545991044 0.016553336205476533 0.0083942351940724889 0.0051372694089399954 0.0037317690939585443 0.00045797741549558443 -0.0040015622639299597 0.011252191880264764 0.0024303140691377852 0.0024714302646352345 0.0049496376918721306 0.010050462689252216 0.0054876373972621312 -0.0050455249124402206 0.0087868027513755189 -0.005572275370918648 0.0041279551438431527 0.013326296548760587 0.00387592681488045 -0.0023201514485794504 0.00083038051079996442 1.267861895353551e-06 -0.013221999112088633 0.012538467603052652 -0.0084834598072338167 0.0083768214796654684 -0.012252745583888929 0.010719220209654984 -0.00025938337736566825 0.004359895662159002
leaf_weight=1588 2803 1226 1538 1297 825 2419 6122 653 1037 564 439 543 545 251 355 509 259 320 522 708 1992 560 326 2263 569 3697 450 380 704 491 411 914 314 1650 466 3788 1691 880 2305 545 2020 485 1157 278 1461 653 349 818 895 2238 609 278 484 257 1431 570 559 380 580 409 296 502 556 257 875 478 331 887 525 321 325 536 259 381 419 252 826 712 585 508 1233 324 511 468 271 270 259 615 262 296 456 363 660 389 1174 403 732 379 742 315 573 536 977 327 259 252 713 356 256 714 3275 672 487 395 846 2219 549 433 293 369 251 335 266 252 3111 3359
leaf_count=1588 2803 1226 1538 1297 825 2419 6122 653 1037 564 439 543 545 251 355 509 259 320 522 708 1992 560 326 2263 569 3697 450 380 704 491 411 914 314 1650 466 3788 1691 880 2305 545 2020 485 1157 278 1461 653 349 818 895 2238 609 278 484 257 1431 570 559 380 580 409 296 502 556 257 875 478 331 887 525 321 325 536 259 381 419 252 826 712 585 508 1233 324 511 468 271 270 259 615 262 296 456 363 660 389 1174 403 732 379 742 315 573 536 977 327 259 252 713 356 256 714 3275 672 487 395 846 2219 549 433 293 369 251 335 266 252 3111 3359
internal_value=2.45839e-05 0.00151272 0.000613063 0.00217355 -0.00300884 -0.00088048 -0.00264547 -0.000885912 0.000959822 -0.000847062 -0.00435303 0.00243058 0.000812024 -0.00575693 0.00526473 0.00483571 -0.00493175 -0.00599391 -0.00321256 -0.00217276 -0.00549154 -0.00965331 0.00223144 -0.00994873 0.00682186 -0.00414047 -0.00238372 -0.00373838 0.00307849 -0.00284793 0.0024398 0.0044554 -0.000125284 -0.00319771 -0.00848887 -0.00316254 0.00361992 0.00143304 0.00290411 0.00403243 -0.000349111 -0.001061 -0.00680588 0.0141422 -0.00612012 0.00421126 -9.48881e-05 0.000890134 0.00091223 -0.00178395 0.00531705 -0.0125402 -0.00848144 -0.00134174 -0.00322064 -0.00553438 -0.0086956 -0.00497647 -0.00287162 0.00256819 0.00380569 0.00744056 0.00516026 -0.00149203 -0.00048553 0.00691912 0.00101681 9.346e-05 0.00215261 -0.00794469 0.000237478 0.00134466 0.0061598 0.00559458 0.00452754 0.0119263 0.0047979 0.00798798 0.00371511 0.00656592 0.00493338 -6.1585e-05 -0.00326674 -0.000842018 -0.00160404 0.00620814 0.00755337 0.0069223 0.00301243 0.00896964 0.0135886 0.00526917 0.00263961 0.00628375 0.00436985 0.0042198 -0.0051609 0.00769478 0.00469833 0.0114302 0.00116543 0.00493931 -0.00111781 0.00365446 -0.00419667 0.010222 0.000911369 0.00243913 0.000800707 -0.0022198 0.00785757 -0.00334939 -0.00146786 0.0038976 0.00692091 -0.00385419 0.00183211 -0.000283481 -0.00529914 0.00558132 -0.00211147 0.00264742 -0.0041166 0.00206175 0.00174273 0.00335003
internal_weight=106858 71697 57839 39117 35161 19822 18722 12280 31025 13912 5357 17113 10173 15339 13858 13225 12825 6442 12270 9525 3370 1832 5177 2514 8092 10993 5835 4681 1154 3125 7048 3954 3094 4918 1030 7103 9441 4135 7552 2444 6155 5633 2745 633 5158 3421 1057 3998 1548 3888 5306 1322 762 2634 1974 3315 1509 950 1806 3040 1369 816 3554 553 3180 1873 3347 3016 905 2313 1205 8555 4697 4438 3805 633 6940 1749 5191 2567 2059 1002 1725 1214 1756 7523 4744 4474 1544 2930 1071 1282 1023 1859 1470 660 3776 1239 1395 694 2495 945 1550 2746 583 808 2624 2039 1683 970 3784 1430 1159 2779 1241 2951 2531 1613 726 918 510 746 2286 7258 7006 3895
internal_count=106858 71697 57839 39117 35161 19822 18722 12280 31025 13912 5357 17113 10173 15339 13858 13225 12825 6442 12270 9525 3370 1832 5177 2514 8092 10993 5835 4681 1154 3125 7048 3954 3094 4918 1030 7103 9441 4135 7552 2444 6155 5633 2745 633 5158 3421 1057 3998 1548 3888 5306 1322 762 2634 1974 3315 1509 950 1806 3040 1369 816 3554 553 3180 1873 3347 3016 905 2313 1205 8555 4697 4438 3805 633 6940 1749 5191 2567 2059 1002 1725 1214 1756 7523 4744 4474 1544 2930 1071 1282 1023 1859 1470 660 3776 1239 1395 694 2495 945 1550 2746 583 808 2624 2039 1683 970 3784 1430 1159 2779 1241 2951 2531 1613 726 918 510 746 2286 7258 7006 3895
is_linear=0
shrinkage=0.0667171


Tree=5
num_leaves=127
num_cat=0
split_feature=18 21 18 21 18 21 18 18 21 18 0 21 18 18 93 0 21 0 21 0 21 4 0 11 21 18 18 18 3 14 16 0 0 0 12 21 18 12 21 4 14 0 3 10 14 18 12 16 15 21 10 4 13 10 3 18 0 19 20 16 18 7 19 19 4 13 21 21 11 0 4 0 4 7 21 20 10 12 3 21 16 18 16 10 16 10 12 10 18 20 21 16 19 7 21 0 20 10 11 15 18 7 20 11 10 11 16 1 20 21 21 10 12 16 14 18 11 16 10 16 21 10 14 20 19 18
split_gain=106.609 50.9758 41.1146 40.9482 44.5942 24.0044 27.5773 23.4618 19.2429 29.804 18.7131 15.9798 15.0676 14.7448 13.1355 13.0084 12.7524 12.6307 11.2683 11.2005 10.9 9.6399 9.39027 9.17778 8.98483 14.7426 10.9882 8.82725 9.53281 8.66666 8.62355 8.41699 8.3701 8.13091 8.34569 7.73242 13.1339 7.89037 8.59184 7.70081 7.494 7.38256 7.2612 7.1877 7.16444 8.98885 7.12033 6.98651 7.11918 6.73045 10.7244 6.70565 7.15069 6.11448 6.0227 5.957 7.02968 5.93044 5.92266 8.37651 6.81591 5.81967 5.72739 5.71755 10.0017 7.43769 6.84461 5.70563 5.66876 6.05858 7.74418 5.63078 5.57369 5.79231 5.57222 7.18549 5.52363 5.48276 5.41639 6.76252 5.38594 5.33108 7.12681 6.06392 5.47458 5.29738 7.59695 5.24643 5.20203 5.48246 5.18327 5.10648 5.10287 5.03979 5.01275 4.97458 4.96971 8.24478 6.95569 4.9279 4.92151 4.8863 4.82342 6.50815 4.72865 4.7189 4.71143 4.60603 4.58906 4.46178 4.42844 4.37461 4.36471 4.29939 4.266 4.1403 4.04475 4.03891 4.00947 4.00212 6.22909 4.2223 3.98025 3.97851 3.94036 3.89652
threshold=-0.021325975656509396 0.059972707182168968 0.055483173578977592 -0.036173962056636803 -0.14547633379697797 -0.18479389697313306 -0.32173828780651087 0.081946276128292098 0.17176358401775363 0.19194141775369647 0.509943187236786 -0.24737071245908734 0.096665639430284514 -0.067185379564762102 1.0000000180025095e-35 0.47869317233562475 -0.1580683812499046 0.50142046809196483 0.020210355520248417 0.43607954680919653 0.2154369801282883 0.42568224668502813 0.47017045319080358 0.10606655478477479 -0.52831456065177906 -0.44855967164039606 -0.58566099405288685 -0.058091631159186356 0.14855950325727466 -0.11447820812463759 0.22598450630903247 0.35369317233562475 0.47585226595401769 0.28551135957241064 0.096941109746694579 0.2918361127376557 0.27269172668457037 -0.058198969811201089 0.3387198299169541 0.23822072893381122 0.31050579249858862 0.17187500000000003 0.5005888342857362 0.16185577958822253 -0.083273090422153459 0.15868259221315387 0.18736992776393893 -0.52026459574699391 -0.22426267713308332 0.14503806829452517 -0.21467588096857068 -0.20984914898872373 0.27887766063213354 -0.061202304437756531 -0.25294875353574747 -0.13264068961143491 0.17187500000000003 -0.042796092107892029 -0.13652861863374707 0.23981694877147677 -0.29062251746654505 -0.12735558301210401 0.14427565038204196 -0.061374567449092858 -0.36894176900386805 0.075142450630664839 -0.014663181733340023 -0.32428805530071253 0.38858269155025488 -0.31960226595401758 0.01222305651754141 0.41903407871723181 -0.471088096499443 -0.2109166085720062 -0.053773691877722733 -0.048784771934151643 0.30398213863372808 0.083882216364145293 0.34452423453330999 -0.093356788158416734 -0.086724087595939622 0.13006787747144702 0.14103370159864428 -0.2188623175024986 0.047302041202783592 -0.17560116201639173 -0.015694682486355301 0.15021160989999774 0.010823292657732965 0.11316256597638132 0.12484074756503107 -0.15212412178516385 -0.12409475445747374 0.10176124423742296 0.075290989130735411 -0.03835227154195308 -0.055901374667882912 0.049647402018308646 -0.018460356630384919 0.11599078401923181 0.028804156929254535 -0.3140877485275268 -0.089047260582447038 -0.041489684954285615 0.38611099123954779 -0.44840271770954127 -0.29977166652679438 -0.13494318723678586 0.1690488085150719 -0.0055373962968587867 0.38562962412834173 2.059259414672852 0.34745569527149206 -0.13902976363897321 -0.093674797564744935 0.29825963079929357 0.15946222841739657 -0.19643580168485639 -0.011831912677735089 -0.16226875036954877 0.0045661521144211301 -0.016483315266668793 0.07126654684543611 0.0048714033327996739 0.18187437206506732 -0.13517671078443524
decision_type=2 2 2 2 2 2 2 2 2 2 2 2 2 2 2 2 2 2 2 2 2 2 2 2 2 2 2 2 2 2 2 2 2 2 2 2 2 2 2 2 2 2 2 2 2 2 2 2 2 2 2 2 2 2 2 2 2 2 2 2 2 2 2 2 2 2 2 2 2 2 2 2 2 2 2 2 2 2 2 2 2 2 2 2 2 2 2 2 2 2 2 2 2 2 2 2 2 2 2 2 2 2 2 2 2 2 2 2 2 2 2 2 2 2 2 2 2 2 2 2 2 2 2 2 2 2
left_child=3 7 32 4 5 6 24 10 12 15 14 76 49 16 18 81 21 44 29 27 -17 125 40 46 25 43 124 28 117 53 -28 96 -3 34 41 54 110 -38 -39 95 58 101 55 57 45 -14 -11 48 -8 50 90 99 94 -2 114 56 -18 -1 59 -7 -60 62 -40 64 -29 -66 -65 77 69 80 118 -72 -62 -74 -57 -76 93 -49 79 -31 -46 84 83 -83 -10 -86 -87 92 -80 122 -4 -75 -47 113 -53 -20 119 -98 -99 123 -41 -15 -81 107 -69 -79 -42 -104 -56 -21 -37 -45 -27 -6 -25 -63 -54 -5 -71 -9 -121 -122 -90 -30 -26 -13
right_child=1 2 8 19 11 22 47 31 9 23 -12 13 17 33 -16 20 42 -19 39 109 -22 -23 -24 35 26 112 30 63 51 78 -32 -33 -34 -35 -36 36 37 38 61 100 106 -43 -44 111 68 87 -48 67 -50 -51 -52 52 116 -55 108 74 -58 -59 60 -61 72 115 -64 66 65 -67 -68 104 -70 70 71 -73 73 91 75 -77 -78 105 88 102 -82 82 -84 -85 85 86 -88 -89 89 -91 -92 -93 -94 -95 -96 -97 97 98 -100 -101 -102 -103 103 -105 -106 -107 -108 -109 -110 -111 -112 -113 -114 -115 -116 -117 -118 -119 -120 120 121 -123 -124 -125 -126 -127
leaf_value=-0.0045940633775295257 0.0036798674476364863 -0.0049778592516431172 0.01189017313429741 -0.018254146334320879 0.01471189811223482 -0.0018831428553561305 0.01420542966164509 0.00092268699345221126 -0.010872038858370865 0.0060132116820228463 0.018676134834091626 -0.0023093785244325507 0.0045327342856362309 0.014531047579878114 -0.011225995065451239 -0.0041275986693524716 -0.0021783761913987502 0.01943622909002592 -0.0021268650245636457 -0.0097385755580598407 -0.022487947818742932 0.014977702347063412 -0.01724813196765607 0.004416656326364273 -0.018132700270757925 0.0010767581941266197 -0.0055273247929446059 -0.012841451869766403 0.0094863677931244419 0.010635092336704975 0.0032227000827424429 0.018338175829501653 -0.017430639601416408 0.0095773966585992656 -0.0050792452953958922 -0.0032473006169244732 0.012128914985120599 0.010151311693274549 0.010936801471834534 -0.010045443088840703 -0.0057762062325977855 -0.004024372602431857 0.0087140524665950923 -0.005520136362572787 0.0046092676394980771 0.0076156913596775256 -0.0036518454678222969 -0.0014687903494005473 0.0010377806764374513 -0.0075175117202384333 -0.0018220018988717589 -0.0068097957950017281 0.0031829407885533242 -0.0045365531211652632 -9.1745459746025561e-05 -0.00047460846590886933 -0.013280156626368844 0.0058266458777508946 -0.017034751065365457 -0.013298876648546723 0.00050164666986862521 -0.0078970530997036145 0.00097070522756953969 0.0075621039044989017 0.00045117797677467263 -0.008947968700333566 -0.0023354472203300039 0.00023458710547614704 -0.0063672456931542281 0.0054517126142662213 0.013648177520467372 0.0016497300390696304 -0.0015432919548280812 -0.01512425616751226 0.0021883676281028229 -0.011221744115837505 0.0037076610588430712 0.00075582706755817502 -0.0019388103200025262 0.00035774798958339304 -0.0062217381011306474 -0.0041748298436518668 -0.0040104733164467348 0.0034548561153646155 -0.0088401590141228108 0.0092332777223564644 -0.0040048609525730836 0.004983646254292531 0.0049609616119322911 -0.0017102134363659962 0.0010100226440109439 -0.0077907038708311021 0.019492805146335199 0.020231072701510734 -0.015074486968661142 0.0040276456003849187 0.014895322674956895 0.0100795729167411 0.0014438455501614082 -0.0059687961654114417 -0.00078018982864151189 0.0046121740027470484 0.0085848210669520648 0.013677767412240386 -0.007124925671377293 0.0093998217655430327 0.0029044516537159552 0.0020964874171332695 0.0091863857735209435 -0.021233428254649137 -0.011008755057211883 0.0031356175735715286 0.010279589992072076 0.0026910667598188252 0.012550946924607065 -0.00043925458422319042 -0.0069757577578129738 -0.0092438740429129692 0.00022099303551814371 0.0089313803521052382 -0.001220568348783985 0.0069118528851966491 0.014445736330816283 -0.0010464051723153051 -0.0088836743527275271 0.0046241791674009177
leaf_weight=407 861 3882 466 256 264 1693 364 647 587 2953 328 566 2629 254 295 304 567 257 912 415 279 307 328 904 346 465 3741 610 271 1328 571 327 256 1017 509 1549 285 403 379 475 475 395 256 3336 340 269 376 557 374 500 1924 1387 424 752 1635 3575 469 588 369 344 345 362 807 359 1066 569 2167 4814 283 1253 592 254 462 602 261 521 574 438 746 787 496 639 2193 1646 482 266 677 350 842 406 344 1569 450 253 441 1592 875 1149 663 409 564 1823 833 449 419 822 659 1211 273 254 421 274 466 278 434 3736 290 2152 1384 2047 578 543 264 368 569 962
leaf_count=407 861 3882 466 256 264 1693 364 647 587 2953 328 566 2629 254 295 304 567 257 912 415 279 307 328 904 346 465 3741 610 271 1328 571 327 256 1017 509 1549 285 403 379 475 475 395 256 3336 340 269 376 557 374 500 1924 1387 424 752 1635 3575 469 588 369 344 345 362 807 359 1066 569 2167 4814 283 1253 592 254 462 602 261 521 574 438 746 787 496 639 2193 1646 482 266 677 350 842 406 344 1569 450 253 441 1592 875 1149 663 409 564 1823 833 449 419 822 659 1211 273 254 421 274 466 278 434 3736 290 2152 1384 2047 578 543 264 368 569 962
internal_value=-2.37131e-05 0.00194517 0.000506692 -0.0022828 -0.00123429 -0.00285519 -0.00160668 0.00471469 0.0012851 9.97657e-05 0.00300842 0.00196637 0.00345245 0.00115054 0.00258534 -0.00344909 -0.000592883 0.00491879 0.00292919 -0.00578554 -0.0129839 0.00422847 -0.00623255 0.00183133 -0.00379522 -0.00191306 -0.00578178 -0.00525941 -0.00696714 0.00424946 -0.00435917 0.00786835 -0.00576223 0.00442109 0.00264762 0.000912573 -0.000204825 0.00134877 0.000798716 -0.000220782 -0.00566897 0.00425556 -0.00216638 -0.00346505 0.00446101 0.00665295 0.00490747 0.00141377 0.00758168 -0.000416081 0.000873868 -0.00476965 -0.00661952 -0.00012824 0.00365508 -0.00269308 -0.00724236 0.00152338 -0.00670746 -0.00383909 -0.00844187 7.52353e-05 0.00419086 -0.00310429 -0.00555467 -0.00280703 -0.000910761 0.000761853 0.00269095 0.00329535 0.00452178 0.0100802 -0.00735762 -0.00840203 -0.00160135 -0.00669476 0.00877548 0.00398118 0.00528328 0.0065995 -0.00176828 -0.00258442 -0.00129241 0.00130297 -0.00543974 -0.0031712 -0.000225483 0.0118244 0.00258145 0.00483322 0.00730877 -0.00984758 0.0151065 0.012392 -0.00883148 0.00177135 0.00733237 0.00954955 0.00694136 -0.000248888 -0.00505075 0.00585167 0.00495182 0.00638846 -0.000350765 0.00642093 -0.000710139 0.00476183 0.00122797 -0.0141739 -0.00492837 -0.00485069 0.00571786 0.00863422 0.00708837 -0.00110949 -0.000912001 -0.0102257 0.00272118 0.00575921 0.00673645 0.00269598 0.00727039 0.00337475 -0.0124316 0.00203453
internal_weight=106679 56993 37519 49686 38248 25397 18551 19474 33381 21590 12645 12851 11791 11482 12317 7073 7484 8557 12022 11438 583 1835 6846 14517 10763 5536 5227 10769 5998 8479 4312 6829 4138 3998 2981 11188 7942 5972 5687 3543 6518 2472 5649 4605 8300 3698 3329 7788 738 3234 2734 3590 2542 1613 3246 5393 1036 995 5384 2037 3347 5284 1186 4771 2245 1635 2526 7050 4602 4319 3483 846 2978 2633 4357 782 1369 1817 6866 4608 836 6490 4478 2285 2012 1425 943 1069 2258 1512 810 2171 719 795 1828 2504 6502 2687 1812 1048 1039 2077 3280 2493 5233 1260 1134 2044 1908 669 1970 3610 931 542 1338 4098 714 2408 2637 3815 3168 1121 1106 639 915 1528
internal_count=106679 56993 37519 49686 38248 25397 18551 19474 33381 21590 12645 12851 11791 11482 12317 7073 7484 8557 12022 11438 583 1835 6846 14517 10763 5536 5227 10769 5998 8479 4312 6829 4138 3998 2981 11188 7942 5972 5687 3543 6518 2472 5649 4605 8300 3698 3329 7788 738 3234 2734 3590 2542 1613 3246 5393 1036 995 5384 2037 3347 5284 1186 4771 2245 1635 2526 7050 4602 4319 3483 846 2978 2633 4357 782 1369 1817 6866 4608 836 6490 4478 2285 2012 1425 943 1069 2258 1512 810 2171 719 795 1828 2504 6502 2687 1812 1048 1039 2077 3280 2493 5233 1260 1134 2044 1908 669 1970 3610 931 542 1338 4098 714 2408 2637 3815 3168 1121 1106 639 915 1528
is_linear=0
shrinkage=0.0667171


Tree=6
num_leaves=127
num_cat=0
split_feature=18 21 18 21 18 21 18 4 21 18 0 21 4 18 0 21 18 17 0 0 18 0 12 21 11 18 21 16 21 18 21 0 13 3 12 11 18 0 12 8 9 13 8 0 13 18 9 4 12 15 4 21 17 3 16 9 15 4 12 14 11 9 4 17 18 12 0 21 4 21 18 11 13 18 14 4 21 10 3 17 12 4 0 7 16 18 3 18 14 0 10 17 12 16 4 15 17 8 16 18 18 12 17 3 16 21 10 12 12 11 10 18 0 10 3 3 8 1 18 11 15 12 3 8 4 17
split_gain=94.2608 45.0971 47.2943 36.8449 35.5831 29.7607 33.9883 16.4991 15.2673 14.2468 13.8496 12.168 15.3233 16.6886 11.1301 10.0839 10.7073 9.51488 9.47002 8.77024 8.86001 8.66842 8.59071 8.5023 8.31111 8.22444 14.1079 9.35213 8.14692 8.03843 9.20609 10.3615 9.44618 8.5465 8.73219 7.84824 7.73386 9.40672 7.48713 7.28486 7.26298 7.23985 7.03643 6.78629 6.6427 7.1468 6.59493 6.45709 6.40235 6.39216 6.37362 6.33457 6.31056 11.055 6.35646 6.28718 6.02233 6.02038 5.98297 5.79885 5.78538 5.7329 6.88221 5.73204 5.72212 7.26059 5.67089 8.02678 5.45099 5.24053 10.9918 7.28292 7.12646 8.48499 5.54652 5.43836 5.15724 10.0554 6.20378 6.43758 5.54483 5.52406 5.15492 5.03439 5.42832 4.93655 4.91423 4.8864 6.97837 5.96936 6.62567 5.73412 5.12313 4.84366 5.19917 4.82195 4.81504 4.80792 6.0125 4.71773 6.1024 6.46433 5.02933 4.711 4.60184 5.16025 4.58668 4.57106 5.21737 4.76716 4.52788 4.31144 5.45646 5.2342 4.30781 4.42156 4.30762 4.25123 6.34635 4.19632 6.65078 7.11096 7.6471 6.0938 6.18992 5.56364
threshold=-0.065505117177963243 -0.038129488006234162 0.055483173578977592 -0.17690661549568173 -0.32173828780651087 0.17828200012445453 0.19194141775369647 0.47179107367992407 0.055735735222697265 -0.0069711019750684491 0.47301135957241064 1.0000000180025095e-35 0.19422595947980884 -0.0995199680328369 0.45880682766437536 -0.2649704366922378 -0.13573190569877622 -0.056810369715094559 0.50142046809196483 0.41051135957241064 0.15868259221315387 -0.052556818351149552 -0.32692396640777582 0.064538858830928816 0.14708225429058078 -0.68872055411338795 -0.52831456065177906 0.22598450630903247 0.24477964639663699 0.18636019527912143 0.064538858830928816 0.43323864042758947 -0.12871655821800229 -0.22420950233936307 -0.076992567628622041 -0.25380036234855646 -0.22151045501232144 -0.42755682766437525 1.0330188274383547 -0.18061775714159009 0.40514500439167028 -0.33632625639438624 0.02089297212660313 0.20596590638160708 -0.58764845132827748 -0.43540009856224055 0.52384480834007274 -0.4010626077651977 0.18736992776393893 0.061451612040400512 0.28666102886199957 -0.73522868752479542 0.052243635058403022 -0.46854946017265314 0.15144107490777972 0.23193927109241488 -0.053755760192871087 -0.093263927847146974 -0.099376786500215517 -0.0089900461025536043 0.11440916359424592 0.12367691099643709 0.27995325624942785 0.49151445925235754 -0.28176027536392206 -0.042166952043771737 0.43607954680919653 -0.012707656715065239 0.4861463755369187 0.3387198299169541 0.29731050133705145 0.23472466319799426 0.2679919302463532 0.42243160307407385 -0.10407650470733641 -0.052903147414326661 -0.1092226170003414 0.13238934427499774 0.45167937874794012 -0.35107149183750147 -0.087930243462324129 -0.06100905314087867 0.40482954680919653 -0.081533025950193391 -0.045884007588028901 -0.16318259388208387 0.4891828745603562 -0.38347558677196497 0.39519055187702185 0.36789773404598242 1.0000000180025095e-35 0.4485833495855332 0.46809606254100805 -0.23326500505208966 0.093124173581600203 -0.019193547777831551 0.17391773313283923 -0.20580125600099561 -0.026431220583617684 0.060200810432434089 0.081946276128292098 -0.035305887460708611 0.25539334863424307 -0.24585780501365659 0.17414116859436038 0.11490342020988466 0.11441120132803918 0.038987994194030769 -0.068210408091545091 0.078316263854503645 0.17783848196268084 0.20948536694049838 0.20596590638160708 -0.19267497211694715 0.49308374524116522 -0.50058883428573597 0.014733741059899332 0.48153407871723181 0.023945228196680549 -0.35094308853149409 -0.19891705363988874 0.0017381361103616657 0.39948755502700811 0.056698584929108627 -0.31447555124759669 0.2834028452634812
decision_type=2 2 2 2 2 2 2 2 2 2 2 2 2 2 2 2 2 2 2 2 2 2 2 2 2 2 2 2 2 2 2 2 2 2 2 2 2 2 2 2 2 2 2 2 2 2 2 2 2 2 2 2 2 2 2 2 2 2 2 2 2 2 2 2 2 2 2 2 2 2 2 2 2 2 2 2 2 2 2 2 2 2 2 2 2 2 2 2 2 2 2 2 2 2 2 2 2 2 2 2 2 2 2 2 2 2 2 2 2 2 2 2 2 2 2 2 2 2 2 2 2 2 2 2 2 2
left_child=3 10 8 4 25 7 19 29 9 55 46 12 13 35 97 40 119 36 52 28 -21 42 -19 58 48 38 44 87 63 30 99 32 -32 -31 96 47 -14 -38 -1 -15 85 -39 86 -41 -27 51 76 -5 57 -44 -30 -46 54 -54 56 66 -11 107 -23 -9 116 62 -55 -7 65 -37 -3 -68 83 74 82 -72 73 -73 111 -75 77 -2 79 -79 -81 -82 106 -24 -85 -6 -13 89 -89 90 -28 -90 -92 94 -53 -49 -35 110 -99 -4 101 -101 -102 -76 105 -36 -71 108 109 -8 -10 113 -113 -26 115 -34 -59 118 -78 -17 -121 122 123 124 -122 -123
right_child=1 2 5 11 15 6 24 59 14 18 -12 21 17 39 -16 16 -18 22 -20 20 -22 23 68 -25 69 26 27 -29 50 33 31 -33 114 34 104 64 37 41 -40 43 -42 -43 49 -45 45 -47 -48 95 -50 -51 -52 93 53 61 -56 -57 -58 60 -60 -61 -62 -63 -64 -65 -66 -67 67 -69 -70 70 71 72 -74 75 103 -77 117 78 -80 80 81 -83 -84 84 -86 -87 -88 88 91 -91 92 -93 -94 -95 -96 -97 -98 98 -100 100 102 -103 -104 -105 -106 -107 -108 -109 -110 -111 -112 112 -114 -115 -116 -117 -118 -119 -120 120 121 125 -124 -125 -126 -127
leaf_value=-0.0088695372411306036 0.012018105668034495 -0.0016817043159775289 0.013000721026472333 -0.0058717421654742143 0.0038640834255672168 -0.0021114710983858812 -0.00094560671113857401 0.0079734296804725331 0.0081290853320512349 -0.0023283811274253871 0.018441669112683464 -0.0075019059438160684 -0.0097467606478413571 0.01404287048087109 -0.015601342956260275 0.0033501790119742558 0.0072613688675808464 0.00075631696062028204 0.0133999893478094 -0.013488137553335161 -0.00094300744006608605 -0.0015844206927685971 -0.0053801705968875898 -0.022104246289065647 -0.011033025244688523 0.007739354062545961 -0.016038753133792272 0.0027860716583949616 -0.0072749688934877878 0.012979352328281259 -0.0028669344164965319 -0.0069289950642305934 0.0093476964937668321 0.014558528169365564 0.003008371707927295 -0.0028410477057945107 0.0088735629098856874 0.0054498830039828852 -0.0012389061411913406 0.0043369209835218223 -0.0054386359951956948 -0.006688787659320853 0.0017792894837002063 -0.0059384842555397638 0.0057684454207668906 0.0077318946840427534 -0.0026114927462157073 0.0066541075067506157 -0.0036610190959433814 -0.0073104102273643407 0.0038463025701292578 -0.011178479041570681 0.012920263234226929 0.0057243582885165879 -0.011294495000784853 -0.011318669343715266 0.0046589524231890464 0.0076626803773341629 -0.01425222122805932 0.017096320865046456 -0.0032140880624243703 -0.0055616998379354561 -0.0028183346080090234 0.0042399273546673104 -0.0039534554206979294 -0.017745977588803176 -0.0013810480282610265 -0.017486832422374157 -0.017754470475895408 -0.0064817420759716885 0.0066412836802055156 -0.0046865718041269426 -0.0015847819136413953 0.0029464026110568166 0.0099911263165022145 0.014588676484002517 0.003117828598062135 -7.9006435504894919e-05 -0.00090539481138155495 0.0029595296696345906 0.0071195984127540961 0.016223139106241923 -0.014324477543113464 -0.014881736704666637 -0.0069836360042424385 0.0092801797252966365 -0.017763953958575034 -0.007982180175322158 0.0079006103331001158 -0.015656537928262677 -0.0067321030539089386 -0.002812989812748913 0.00071879498772327429 -4.327407824287753e-06 -0.00037284228509307894 -0.0037218674152796208 0.0048705416982555176 -0.0087127831658924439 -0.0034042977070812548 -0.0036258548059757484 0.0076497762569675718 0.0086933967852390152 0.0021570512943722558 0.0023683096984241378 0.0073722464705462546 -0.0055141333277288918 0.0039862488413315491 0.00095060476878915448 0.01450315112013047 0.011788168482081585 -0.004126258844357019 2.3311445650343317e-06 0.0076181110044036496 0.0011298382119681784 0.0093188284362380504 0.002085495205574849 0.0012882035282593318 -0.0017884738709904194 0.0080050999066172412 -0.0072616979424461629 0.0028345795100148214 -0.00021836508008719833 0.01353240130263615 0.007634424908077724 -0.011192048187552957 -0.0073459779307948926
leaf_weight=1877 1303 3529 309 437 3525 2532 253 1206 263 1892 350 1125 547 252 400 827 819 367 280 716 392 289 1118 336 254 574 266 680 1795 677 1454 625 401 477 862 276 359 291 837 1172 309 827 690 373 392 417 479 726 372 673 256 530 434 1276 254 414 769 1124 405 432 471 431 616 838 5358 318 299 259 357 660 906 289 3036 371 741 357 3970 506 623 599 757 512 255 873 739 968 262 646 340 336 1613 624 538 830 324 267 463 1270 3929 694 2196 257 1149 728 499 495 252 274 673 256 264 1165 647 393 458 5512 835 495 1709 807 296 1360 267 345 256 765
leaf_count=1877 1303 3529 309 437 3525 2532 253 1206 263 1892 350 1125 547 252 400 827 819 367 280 716 392 289 1118 336 254 574 266 680 1795 677 1454 625 401 477 862 276 359 291 837 1172 309 827 690 373 392 417 479 726 372 673 256 530 434 1276 254 414 769 1124 405 432 471 431 616 838 5358 318 299 259 357 660 906 289 3036 371 741 357 3970 506 623 599 757 512 255 873 739 968 262 646 340 336 1613 624 538 830 324 267 463 1270 3929 694 2196 257 1149 728 499 495 252 274 673 256 264 1165 647 393 458 5512 835 495 1709 807 296 1360 267 345 256 765
internal_value=2.70895e-05 0.00155713 0.00077524 -0.00254312 -0.00065592 0.00204434 0.000322159 0.00401819 -0.00220857 -0.000655119 0.00539874 -0.00472847 -0.00385333 -0.00218108 -0.00485349 0.00210032 0.000207822 -0.00664784 0.00148254 -0.00366407 -0.00907737 -0.00811064 -0.00878092 -0.0133537 0.00214316 -0.00334371 -0.0022733 -0.00444389 -0.00254969 0.00338187 0.00261817 0.00130471 0.00196837 0.00624035 0.00459107 -0.00358648 -0.00299035 -0.000454418 -0.00652784 0.00357076 0.00435621 -0.00348915 -0.00612988 0.00182967 0.00128513 -0.0001911 0.00497615 0.000828055 0.00461523 -0.00268952 -0.00586348 -0.0018059 0.000884039 0.00317417 -0.00127118 -0.00348846 -0.000294676 0.00541952 -0.0090397 0.0104092 0.00336295 0.00133087 0.00292297 -0.000520929 -0.00465346 -0.0108835 -0.00268303 -0.00892825 -0.00992883 0.0010925 -0.000121964 0.00124324 2.60534e-05 0.00485943 0.00299406 0.00871069 0.00532725 0.00711171 0.00496319 0.0065179 0.00832502 0.0108299 -0.00594434 -0.00888391 -0.0112875 0.00504106 -0.00948011 -0.00558072 -0.00262794 -0.00729442 -0.00610877 0.000935835 -0.00485251 -0.00359608 -0.00711686 0.00382174 0.00982849 -0.00409248 -0.00470955 0.00501972 0.00443329 -0.000244155 0.00577352 0.00623882 0.00191367 -7.82401e-05 -0.00354887 0.00882303 0.010625 0.00541622 0.00192006 0.00104026 0.00271811 -0.00360211 0.00307814 0.00258656 0.00496377 0.00407787 0.00459606 -0.000961897 -0.00184251 -0.000499584 0.00367412 0.000685508 -0.00361456 -0.00280251
internal_weight=106694 66889 55586 39805 21368 39007 20841 18166 16579 10453 11303 18437 14657 9179 6126 10544 5742 5478 5952 6529 1108 3780 3454 1030 14312 10824 8110 5043 5421 16528 13055 8450 7825 3473 2796 7382 2024 1477 2714 1797 4802 1118 2750 1545 3067 2493 10953 1430 4258 1363 2051 2076 5672 2757 2915 4501 2661 3886 694 1638 2430 2323 1892 3370 5952 594 4087 558 3087 10054 6126 4959 4053 1017 3928 728 10474 4300 2997 2374 1868 1269 1167 2730 1612 4493 1387 4363 1610 2753 2417 964 2151 1684 854 993 940 5726 5199 4605 4296 951 3345 1469 1856 1357 912 1456 1182 509 527 2459 1812 647 6371 5913 1959 6174 5679 4923 4096 3289 1164 897 552 2125
internal_count=106694 66889 55586 39805 21368 39007 20841 18166 16579 10453 11303 18437 14657 9179 6126 10544 5742 5478 5952 6529 1108 3780 3454 1030 14312 10824 8110 5043 5421 16528 13055 8450 7825 3473 2796 7382 2024 1477 2714 1797 4802 1118 2750 1545 3067 2493 10953 1430 4258 1363 2051 2076 5672 2757 2915 4501 2661 3886 694 1638 2430 2323 1892 3370 5952 594 4087 558 3087 10054 6126 4959 4053 1017 3928 728 10474 4300 2997 2374 1868 1269 1167 2730 1612 4493 1387 4363 1610 2753 2417 964 2151 1684 854 993 940 5726 5199 4605 4296 951 3345 1469 1856 1357 912 1456 1182 509 527 2459 1812 647 6371 5913 1959 6174 5679 4923 4096 3289 1164 897 552 2125
is_linear=0
shrinkage=0.0667171


Tree=7
num_leaves=127
num_cat=0
split_feature=18 21 18 21 21 18 18 21 21 0 0 0 21 18 21 18 18 0 21 18 21 18 21 3 0 21 0 18 14 17 3 8 12 10 5 14 15 10 18 21 0 21 0 18 0 12 12 9 21 1 12 21 21 11 8 18 0 0 10 12 21 18 21 7 10 9 14 19 5 21 10 3 18 21 3 3 15 17 19 8 0 8 9 8 0 3 7 18 21 20 19 10 10 21 0 3 9 0 21 12 0 14 20 14 21 8 18 14 7 17 17 11 12 14 21 5 18 8 10 9 17 19 9 0 14 12
split_gain=95.182 41.88 43.7903 34.1175 30.2268 33.1711 20.3293 18.3278 16.2129 15.5091 14.5978 13.575 12.3852 11.4587 16.2616 10.7117 10.261 10.084 10.0739 10.8629 11.4886 10.0329 13.0107 9.99856 8.85875 10.2571 8.5786 8.20775 8.0405 7.77069 8.06498 7.71687 7.04666 6.90006 6.89073 6.73609 6.56752 7.60658 6.49904 7.0963 6.38192 6.35208 6.27001 6.25675 8.96405 6.31252 6.21805 6.05826 6.92725 6.72538 5.9733 5.81894 5.74258 5.70267 5.63686 5.60746 9.3277 7.79294 7.94269 6.52551 5.89578 5.4634 5.95559 6.38944 5.37751 5.31532 5.27966 5.25246 5.24188 8.79449 6.56981 5.13553 5.12218 5.87315 5.28396 5.10877 5.04527 6.17649 6.45566 7.00345 5.58461 5.46981 4.98364 5.96856 4.93653 6.25213 5.13527 6.99098 5.2776 4.95649 4.90824 4.83257 4.8172 4.79147 4.71116 6.64107 4.68493 4.72235 7.87248 4.58324 7.02926 5.4629 5.55223 5.28983 5.19294 7.33125 5.65725 4.95748 4.57917 4.64122 4.56601 4.69561 4.5432 4.5135 4.87432 4.45866 4.42255 8.09579 4.41585 4.38401 4.37954 4.31029 4.6218 4.29249 6.65879 5.46839
threshold=-0.065505117177963243 -0.038129488006234162 0.053196527063846595 0.083113092929124846 -0.18479389697313306 -0.29062251746654505 0.17105530947446826 0.18675594031810763 0.059972707182168968 0.49005682766437536 0.42187500000000006 0.47017045319080358 0.2741092741489411 -0.13517671078443524 -0.049862641841173165 0.27269172668457037 -0.0069711019750684491 0.47017045319080358 0.38562962412834173 0.42243160307407385 0.55455446243286144 -0.68872055411338795 -0.52831456065177906 0.14855950325727466 0.34801135957241064 -0.11830602958798407 0.50710228085517894 -0.13916920125484464 -0.0074892286211252204 0.13300014287233355 -0.46854946017265314 -0.38894423842430109 1.0330188274383547 0.18669666349887851 0.37500000000000006 0.3030760139226914 -0.22887096554040906 0.3621919453144074 -0.38347558677196497 -0.36535407602787012 0.36789773404598242 -0.30865362286567682 0.46732954680919653 0.084646522998809828 -0.14914772659540174 -0.19084619730710981 -0.23153229802846906 -1.0000000180025095e-35 0.046939130872488029 0.40198864042758947 0.34745569527149206 0.36732265353202825 -0.2010899409651756 0.4142459928989411 -0.20580125600099561 0.096665639430284514 0.50142046809196483 0.41619317233562475 -0.18313124030828473 0.061869639903306968 0.11212657019495965 0.60444065928459179 0.63589778542518627 0.074175108224153533 0.31744201481342321 0.52384480834007274 0.42938244342803961 -0.01983541157096624 -1.0000000180025095e-35 0.0045661521144211301 -0.15961211919784543 -0.45878548920154566 0.066034600138664259 -0.095846824347972856 0.44795000553131109 0.46854946017265325 0.44950076937675482 0.01427441416308284 0.22541885077953341 1.0000000180025095e-35 -0.21732954680919644 0.16689747571945193 0.069011043757200255 -0.10565338656306265 -0.33096592128276819 -0.41401703655719752 -0.13025121390819547 -0.20860014855861661 -0.25323729217052454 -0.24013996869325635 -0.099549043923616395 0.7532392442226411 0.34677459299564367 -0.56286215782165516 -0.31960226595401758 0.45529152452945715 0.22708170861005786 0.36789773404598242 -0.01075213076546788 0.021926815621554855 -1.0000000180025095e-35 -0.062469677999615662 0.082789152860641493 0.057149948552250869 0.15481569617986682 -0.068553242832422243 0.21241156756877902 -0.098132669925689683 -0.32224686443805689 -0.18894721567630765 0.31871135532855993 -0.35094308853149409 -0.25645512342452997 -0.040180305019021027 -0.13134286552667615 1.0000000180025095e-35 0.11253532022237779 0.046233167871832855 0.2193591967225075 0.2844394743442536 -0.12886523827910421 -0.14722679555416104 -0.068135000765323625 -0.10937499999999999 -0.10853437706828116 0.0094511150382459181
decision_type=2 2 2 2 2 2 2 2 2 2 2 2 2 2 2 2 2 2 2 2 2 2 2 2 2 2 2 2 2 2 2 2 2 2 2 2 2 2 2 2 2 2 2 2 2 2 2 2 2 2 2 2 2 2 2 2 2 2 2 2 2 2 2 2 2 2 2 2 2 2 2 2 2 2 2 2 2 2 2 2 2 2 2 2 2 2 2 2 2 2 2 2 2 2 2 2 2 2 2 2 2 2 2 2 2 2 2 2 2 2 2 2 2 2 2 2 2 2 2 2 2 2 2 2 2 2
left_child=4 9 8 10 5 21 7 55 16 65 43 54 46 24 113 42 96 64 -17 53 -21 32 33 -16 31 82 29 52 41 -18 -31 -6 -1 71 -34 76 -35 -38 40 -40 50 -24 51 44 -4 112 -8 120 49 -49 75 123 84 -20 -10 57 -57 58 60 -60 -5 62 63 -22 116 72 -37 68 69 -32 -70 -23 73 74 92 -30 77 -33 79 -79 -81 -82 83 -26 89 86 -86 -88 -89 -7 -54 -47 -2 -73 95 118 97 121 -99 101 103 102 -96 -101 -102 -106 -107 -108 109 -74 -87 -112 -45 -15 -115 -69 117 -9 -48 -118 -25 -3 -123 -14 -125 -126
right_child=1 2 3 6 13 27 12 17 11 -11 -12 -13 15 14 23 18 26 -19 19 20 61 22 28 47 25 -27 -28 -29 38 30 67 35 34 36 -36 66 37 -39 39 -41 -42 -43 -44 45 -46 91 94 48 -50 -51 -52 -53 90 -55 -56 56 -58 -59 59 -61 -62 -63 -64 -65 -66 -67 -68 115 70 -71 -72 93 108 -75 -76 -77 -78 78 -80 80 81 -83 -84 -85 85 110 87 88 -90 -91 -92 -93 -94 -95 99 -97 -98 98 -100 100 104 -103 -104 -105 105 106 107 -109 -110 -111 111 -113 -114 114 -116 -117 119 -119 -120 -121 -122 122 -124 124 125 -127
leaf_value=-0.00872026657333759 0.0089716082207234073 -0.0052549239910042924 -0.0023443452552578885 0.013491359119369275 -0.01131774845661123 0.0020512031369958185 0.012168018198178697 -0.014056903104366875 0.0026640979945246964 0.021719889227029401 0.016626964803144646 -0.019730605075841557 0.0065652860106993356 0.0060247233178370831 -0.0095142060266803097 0.0067756739156487507 -0.0015559538927072017 -0.015342337093919522 -0.0016706323903943204 0.0078579620215449252 0.0041777122576507836 -0.0024659733846851611 0.010596886141549185 -0.013130065959250255 -0.0025932732861608803 -0.018888948352744309 0.013349532340945722 0.0074870306968157297 -0.010713366405551587 0.011798163758357995 0.0089762097001437387 -0.0029098585471325675 0.0051666811183032069 0.0058719348131756081 -0.0068258118340097894 0.0051043098192876607 -0.0093557170564613178 0.00067159897379223557 0.0014789717955871399 -0.0052085211110796427 -0.015172458964747084 -0.0015486842502466871 -0.010203370816426267 0.007342871883616691 0.0059173567171439028 0.0057699555872018637 0.007476715462180733 0.0090180389734910906 -0.0067355431115304152 -0.0034600164975956611 -0.001779511783481051 -0.0059353071080458014 0.0019795806650276175 -0.012305180201478942 -0.0048717829741779317 0.001479642452874293 0.013988114341574338 -0.0086670808127444019 -0.0069822747082756726 0.0044703427239643689 0.0014870008317988256 0.003528297905428386 -0.0093679869778305353 -0.0061340794503897409 0.0048428417962179133 -0.0017591675035350887 -0.0047779399173347135 0.0019121709380492814 0.00097949324709474452 -0.0057145284433676481 0.014535927250185958 0.011193324111293377 -0.0028882115559610631 0.0027321841124824677 0.0012358950606897667 -0.00012100588373589878 -0.013184704611839694 -0.010855986093506301 8.146770124972746e-05 -0.0094626256319425266 0.0029638348227813468 -0.0086402547596817272 0.00047377315103695966 -0.016338389763282182 0.0054922398662154539 0.0064724010688095631 -0.010338272813669468 0.0064917154367539701 -0.0052572334145791939 -0.0081989182312480167 -0.0081691428673248551 -0.0021876243700499703 0.0022110198666591167 0.0011695032726130167 0.012192285188752454 -0.0092432026656995795 -0.0093995173357467217 -0.00085622303703914045 -0.013655191086253004 0.0017519477615208555 0.01174592256630142 0.013295423143155407 0.0033500327359066696 -0.0090361746295355896 0.011240369320251227 -0.0022659052324032571 0.012816327903349869 0.00031093055222514371 0.0094670014046534297 0.0085115723423515744 0.0060570763530155116 -0.0010911743596311112 0.015409774492824253 0.0029502919581158404 -0.0020619661118952679 -0.0077282533456676612 -0.0020684878231001761 -0.0013997354984361164 -0.0016238379279101861 -0.011045339056646411 -0.0024188684414337049 -0.0036608537792226603 0.0023828652464518681 -0.0061956167578877249 -0.0028514615898327161 0.0074663290470499853
leaf_weight=1898 2390 793 1041 251 813 476 462 487 477 250 527 261 449 499 1750 1813 2903 341 1515 1408 690 270 280 321 264 468 252 1270 1032 428 310 3840 385 474 467 542 542 864 1241 1613 360 580 380 891 1314 3695 469 477 397 313 1041 782 383 263 4887 5363 277 551 756 306 670 1389 387 432 317 489 426 479 286 427 369 636 309 4254 728 258 335 1677 510 565 548 265 289 313 434 2240 378 358 317 366 457 365 600 328 417 251 437 493 382 661 452 520 1360 286 435 807 274 297 1968 315 688 985 503 1191 3094 375 2783 426 465 265 376 839 1691 614 411 499
leaf_count=1898 2390 793 1041 251 813 476 462 487 477 250 527 261 449 499 1750 1813 2903 341 1515 1408 690 270 280 321 264 468 252 1270 1032 428 310 3840 385 474 467 542 542 864 1241 1613 360 580 380 891 1314 3695 469 477 397 313 1041 782 383 263 4887 5363 277 551 756 306 670 1389 387 432 317 489 426 479 286 427 369 636 309 4254 728 258 335 1677 510 565 548 265 289 313 434 2240 378 358 317 366 457 365 600 328 417 251 437 493 382 661 452 520 1360 286 435 807 274 297 1968 315 688 985 503 1191 3094 375 2783 426 465 265 376 839 1691 614 411 499
internal_value=0.000106289 0.00164823 0.000892453 0.00209265 -0.00247118 -0.000693924 0.00107184 -0.000963876 -0.00203829 0.00534938 0.00588163 -0.00492681 0.00250549 -0.00437098 -0.00251645 0.00109936 -0.000482125 -0.00432332 0.00241086 0.00110332 0.00291812 -0.00290258 -0.00187202 -0.00587905 -0.00580586 -0.0109153 0.00137675 0.00254661 -0.00359293 0.000825315 0.00342224 -0.00508489 -0.00645521 0.00165667 -0.00137261 -0.00449695 -0.000870153 -0.0031748 -0.00452595 -0.00229001 -0.00688317 0.00237421 -0.00219312 0.00514897 0.0022527 0.00639285 0.00466815 -0.00248253 0.000390474 0.00402649 -0.00557959 -0.00107092 0.00165473 -0.00327135 -0.00419397 0.000930698 0.00210451 -0.00166717 0.000266299 -0.00364149 0.00480882 0.000504096 -0.00225988 0.000171184 -0.00343159 0.00497268 0.000713833 0.00180401 0.00433548 0.000432629 0.00867055 0.00553219 0.00528818 0.00443978 0.00638279 -0.00861546 -0.00515347 -0.00478262 -0.00678872 -0.00794865 -0.0043813 -0.000794145 -0.00654941 -0.010117 0.0023547 0.0030982 -0.000561633 -0.00309862 0.000918337 -0.00236611 -0.00349879 0.00504464 0.00762576 0.00781716 0.00414276 0.000299272 -0.00282636 -0.00213085 -0.00648968 0.00496366 0.00331578 0.00725061 0.00545415 -0.00147773 0.0053349 0.00370999 0.00129611 0.006376 0.0078809 0.00282642 0.00449802 0.00183311 0.010287 3.22453e-05 -0.000659935 -0.00228357 -0.00410517 -0.00819165 0.00291119 -0.00286674 -0.00740759 -0.000969986 0.000363366 0.000844667 -0.00082408 0.00276711
internal_weight=106603 66709 55406 39317 39894 20621 30981 12793 16089 11303 8336 5625 18188 19273 8418 11032 10464 4619 7897 6084 4306 12269 9519 3634 10855 1334 5829 8352 6405 5577 2674 9521 2750 3114 852 8708 1880 1406 5545 2854 2691 860 3135 7809 2355 5454 7156 1884 1187 790 2331 2755 7082 1778 5364 8174 5640 2534 1983 1062 921 2898 1509 1122 4278 11053 968 2246 1392 737 655 1234 10564 7972 3718 1290 7740 7405 3565 3055 1378 813 866 577 6242 5400 1487 1053 675 842 840 4060 2990 964 6694 1185 4635 4198 875 5509 3212 2297 1777 947 2265 1813 1378 571 2592 624 3913 1673 1394 4784 4285 854 3961 913 934 3048 697 3323 2530 1973 1524 910
internal_count=106603 66709 55406 39317 39894 20621 30981 12793 16089 11303 8336 5625 18188 19273 8418 11032 10464 4619 7897 6084 4306 12269 9519 3634 10855 1334 5829 8352 6405 5577 2674 9521 2750 3114 852 8708 1880 1406 5545 2854 2691 860 3135 7809 2355 5454 7156 1884 1187 790 2331 2755 7082 1778 5364 8174 5640 2534 1983 1062 921 2898 1509 1122 4278 11053 968 2246 1392 737 655 1234 10564 7972 3718 1290 7740 7405 3565 3055 1378 813 866 577 6242 5400 1487 1053 675 842 840 4060 2990 964 6694 1185 4635 4198 875 5509 3212 2297 1777 947 2265 1813 1378 571 2592 624 3913 1673 1394 4784 4285 854 3961 913 934 3048 697 3323 2530 1973 1524 910
is_linear=0
shrinkage=0.0667171


Tree=8
num_leaves=127
num_cat=0
split_feature=18 21 21 18 18 21 18 21 18 21 2 21 4 21 18 1 1 17 21 18 18 10 1 18 18 21 10 10 21 12 2 10 21 21 1 18 1 21 17 3 9 18 21 5 9 18 13 19 3 17 11 17 1 1 8 10 18 16 10 18 15 5 13 21 9 18 3 4 4 17 21 19 1 10 2 19 17 21 10 15 2 16 18 10 9 18 13 15 18 10 10 13 8 21 4 18 15 10 15 3 8 21 9 17 3 1 1 12 11 10 12 12 17 12 15 4 20 11 11 19 21 1 4 8 17 4
split_gain=90.1561 39.4577 31.1847 37.6266 26.0641 24.2095 23.3027 20.0796 25.1912 13.0244 12.9877 12.0112 11.732 11.2131 11.0739 9.92291 9.65771 10.698 9.48498 12.3701 9.77406 8.9197 8.83656 8.71881 8.51981 9.98158 8.18107 8.1078 8.04297 8.01964 9.15061 7.85362 7.85098 7.78385 8.57405 7.62308 12.1352 8.33605 8.47747 7.57034 9.15525 7.53719 7.52484 7.38263 7.58611 7.10315 6.9379 6.91876 6.88045 7.20219 6.86341 6.6457 8.77366 6.53906 6.40819 6.37428 6.35315 8.05337 6.84204 6.32045 6.3125 6.2785 6.20187 6.0039 6.06594 5.93756 8.30752 5.81517 9.46166 5.81101 5.78888 12.9727 7.48147 5.76838 6.01257 5.69025 5.68675 6.42907 6.15154 7.74996 5.68606 5.66385 10.7889 6.58634 5.65618 5.6362 5.61893 5.56242 6.9062 5.45478 5.45216 5.44973 5.44828 5.43129 7.41967 8.54371 5.67773 6.20561 5.40699 8.03155 6.81485 5.36494 5.35696 5.27429 5.25144 5.20085 5.18519 5.87685 5.11813 5.01807 4.943 10.8792 6.7608 4.93822 4.9285 5.4319 4.90327 4.88908 4.86176 4.83861 4.94196 5.50392 4.81022 4.79559 4.73604 4.65932
threshold=-0.021325975656509396 -1.0000000180025095e-35 -0.036173962056636803 -0.1062190495431423 0.055483173578977592 0.17828200012445453 0.19685667008161548 -0.18479389697313306 -0.32173828780651087 0.055735735222697265 0.47017045319080358 0.2918361127376557 0.46896232664585119 0.21979128569364551 0.15868259221315387 -0.43892045319080347 -0.34801135957241053 0.31871135532855993 -0.52831456065177906 -0.44855967164039606 -0.58566099405288685 -0.12520330399274823 -0.41051135957241053 -0.22926829755306241 0.30457496643066412 0.55455446243286144 0.052724398672580726 0.34677459299564367 -0.088321309536695466 0.34745569527149206 -0.049715908244252198 0.15399561077356341 -0.32428805530071253 0.066810529679059996 -0.43323864042758936 -0.1739988103508949 -0.24005681276321408 -0.2356440797448158 0.25539334863424307 0.42316816747188574 0.18985769897699359 0.075347539037466063 -0.012707656715065239 -1.0000000180025095e-35 -0.098188858479261384 -0.1645485237240791 -0.14012815058231351 -0.15636944770812986 -0.17175004631280896 0.55292677879333507 0.23472466319799426 0.40845750272274023 -0.39346592128276819 -0.27414773404598231 0.084683913737535491 -0.19814543426036832 0.60444065928459179 0.34445250034332281 0.20959558337926867 -0.049812914803624146 -0.26112903654575342 1.0000000180025095e-35 0.19880526512861255 0.40756410360336309 0.24310711026191714 -0.054252579808235162 -0.10916468873620032 0.4340589046478272 -0.32718469202518458 0.49848985671997076 -0.13134286552667615 0.090889409184455885 -0.0042613637633621684 -0.23498421907424924 0.47585226595401769 0.025938472710549835 -0.19466417282819745 0.21979128569364551 -0.055399475619196885 0.03072964679449797 -0.14062499999999997 0.15144107490777972 0.13006787747144702 -0.2188623175024986 0.013569789472967388 -0.032817851752042763 0.24859540164470675 -0.14745775610208509 -0.24400845170021054 -0.07320998981595038 0.16185577958822253 -0.40296727418899531 0.34254297614097601 -0.66699388623237599 0.32526347041130071 -0.99757909774780262 -0.21504608541727063 0.34677459299564367 0.018440860323607925 -0.23870303481817243 -0.081906028091907487 -0.14242418110370633 0.25460825860500341 -0.039515316486358636 0.42757956683635717 -0.33096592128276819 -0.13494318723678586 -0.25291594862937922 -0.097007948905229555 0.12876033782958987 0.017547169700264934 0.08603201806545259 0.17391773313283923 0.34745569527149206 0.10523041337728502 -0.30144415795803065 -0.022945314645767208 -0.41347318887710566 -0.35743924975395197 0.27974697947502142 -0.08310657367110251 0.06960227340459825 -0.27446910738945002 -0.1697866469621658 0.22950524836778644 -0.23918534070253369
decision_type=2 2 2 2 2 2 2 2 2 2 2 2 2 2 2 2 2 2 2 2 2 2 2 2 2 2 2 2 2 2 2 2 2 2 2 2 2 2 2 2 2 2 2 2 2 2 2 2 2 2 2 2 2 2 2 2 2 2 2 2 2 2 2 2 2 2 2 2 2 2 2 2 2 2 2 2 2 2 2 2 2 2 2 2 2 2 2 2 2 2 2 2 2 2 2 2 2 2 2 2 2 2 2 2 2 2 2 2 2 2 2 2 2 2 2 2 2 2 2 2 2 2 2 2 2 2
left_child=2 22 3 7 9 12 10 8 18 29 81 -8 14 -12 33 42 21 23 19 31 -20 -9 -2 -18 63 50 60 98 51 30 47 117 87 91 -35 39 118 -38 -39 40 122 70 -4 116 59 -23 -36 -3 49 -32 67 52 -5 73 -14 -55 58 80 -27 -45 -25 -19 -22 64 114 66 -30 68 -26 76 71 -24 -73 -11 -75 103 -46 78 79 125 -58 82 -7 -84 -50 105 -52 88 -10 -72 -59 -6 -89 94 -33 -96 -95 -98 -16 -100 -101 -47 -54 -28 -62 -67 -107 -108 -93 -110 112 -112 -102 -21 -13 -116 -17 -1 -37 -77 121 -121 -34 -57 -88 -78
right_child=1 4 15 28 5 6 11 16 32 53 13 24 54 -15 27 43 17 61 20 113 62 45 41 26 25 56 75 -29 65 -31 48 93 35 34 46 36 37 38 -40 -41 -42 -43 -44 44 69 101 -48 -49 84 -51 86 -53 102 55 -56 123 57 90 -60 -61 104 -63 -64 -65 -66 85 -68 -69 -70 -71 89 72 -74 74 -76 119 77 -79 -80 -81 -82 -83 83 -85 -86 -87 124 92 -90 -91 -92 108 -94 96 95 -97 97 -99 99 100 110 -103 -104 -105 -106 106 107 -109 109 -111 111 -113 -114 -115 115 -117 -118 -119 -120 120 -122 -123 -124 -125 -126 -127
leaf_value=0.0066966863525989651 0.013726537392788299 -0.012305910587605558 -0.0061268048697226893 0.013593351035305555 -0.001853073701236337 -0.0063484102316747112 0.0052859972554376794 -0.015317048782022594 0.002313004820548757 -0.017915562338217797 -0.0021977700083394584 0.0017036033393530083 0.0066820513016963871 -0.01954157820777306 0.011710375240141846 -0.004146751758907722 -0.0063277189643735181 -0.0067085853071714805 -0.011691813063305533 0.00061420807960709781 -0.004864093093981667 -0.011487551660516323 0.019750878907142357 0.0055107259292972314 0.013493941929532722 -0.00074545296480202675 0.014375363960723643 0.00098129290587425683 0.0024085142008690875 -0.011242717445256884 -0.00062168871330460236 -0.0047658560702260686 -0.00085232238735012135 -0.0071718610120377682 -0.0031808977150435624 0.015717740696732003 0.0042028982860528646 0.001991768340266052 -0.010254856873066535 0.0047922516256002157 0.0046936398342718134 0.0073125593246743071 -0.020617561973625364 -0.010738643078793032 -0.0072606777610842331 0.006099034451399094 0.0023186965560475451 -0.00098432363820582136 0.0035501514597856736 0.010114810907841991 0.0080434087833589889 0.01106275651756704 0.0035082250287702607 0.0032096450855998676 0.016897491447475096 0.0030949748294959107 -0.00011302728587519578 -0.010536629964323757 -0.010081548536118532 -0.0029809191383021673 -0.0028953004788181366 -0.017991494255921239 0.0029773896617359074 -0.0071303453558753645 0.007617920345300953 0.014253447569825465 -0.0061857498607969155 0.016023229062013915 0.0016536801124417543 -0.0074218632783622602 0.0053835230184522799 0.012091682443801204 0.0006175336519146197 -0.0036421822085361075 -0.015482100515458083 -0.0056168128369625614 0.0043433412347652321 -0.009750145543960604 0.0029157920001262462 -0.0088116085258830943 0.011187796012023181 -0.0040675247153569329 -0.003137757967093827 0.0038476901767507438 0.015525799367820942 -0.0034753454560269396 -0.0025561372265805655 -2.8503293581167268e-05 0.013259524298677054 0.00072670061857064267 0.0024547563283351522 0.014806754519123857 0.010552159833653462 -0.00042798207967921801 -0.0067942673822708787 0.0079581845605778447 -0.019360994692127112 -0.0062087182111151325 0.013047082153937127 -0.0041784168526900851 0.017449159524447616 -0.0057546495440280723 -0.0063283541701706705 0.0020107127229778703 -0.010434356078444182 -0.0024394441089626777 -0.0006497759016486235 0.011387527130596055 0.0060765820450278084 -0.0019018230236898591 -0.007629102870994193 0.010249957648817797 0.0028413954392250852 0.010279598992581893 -0.013391278804857543 -0.0022883116586432375 -0.0095562684420693721 -0.0038465099591138553 0.0056553232024452059 0.0003205072515963536 -0.0050276230463661377 0.012980138967615556 -0.0068505534988069824 -0.0057003915651452509 0.0064541442834104411 -0.0034851136695445198
leaf_weight=556 540 299 337 359 490 957 3375 647 469 256 310 939 1168 364 1012 1267 2001 1266 878 464 3842 520 292 325 456 1241 274 1100 1051 254 1655 1915 951 567 1236 295 915 459 540 669 560 3793 316 1037 640 271 5705 1213 416 330 464 707 2352 552 365 306 311 259 488 876 2394 270 500 802 349 253 945 301 891 847 1760 361 849 775 256 477 663 307 1913 585 511 3046 840 2058 313 381 1078 1128 585 3123 309 251 263 285 259 513 280 393 501 396 290 440 270 360 501 397 279 477 2163 409 289 310 283 489 253 887 1920 294 836 353 254 273 1646 2276 338 683
leaf_count=556 540 299 337 359 490 957 3375 647 469 256 310 939 1168 364 1012 1267 2001 1266 878 464 3842 520 292 325 456 1241 274 1100 1051 254 1655 1915 951 567 1236 295 915 459 540 669 560 3793 316 1037 640 271 5705 1213 416 330 464 707 2352 552 365 306 311 259 488 876 2394 270 500 802 349 253 945 301 891 847 1760 361 849 775 256 477 663 307 1913 585 511 3046 840 2058 313 381 1078 1128 585 3123 309 251 263 285 259 513 280 393 501 396 290 440 270 360 501 397 279 477 2163 409 289 310 283 489 253 887 1920 294 836 353 254 273 1646 2276 338 683
internal_value=-5.98246e-05 0.00174894 -0.00214379 -0.0012265 0.000903016 0.00167644 0.000161588 -0.00226313 -0.00101494 -0.00233928 -0.00278781 0.00185009 0.00358235 -0.0116165 0.0030106 -0.00520696 -0.00460703 -0.00366805 -0.00322908 -0.00127384 -0.00526299 -0.00895753 0.00539654 -0.00258395 0.000672105 0.00204017 -0.00113819 0.00592929 0.00301566 0.000187982 0.000889024 -0.0027421 0.00151713 0.00187906 0.00068498 0.000356702 0.00285009 -0.000369223 -0.00459384 -0.0016197 -0.00299254 0.00494934 -0.0132032 -0.00471577 -0.00356987 -0.00557751 0.00133359 -0.0032549 0.00321128 0.00115608 0.00447126 0.00523394 0.00383574 -0.0049079 0.00914708 -0.00324585 -0.000699147 0.00264109 -0.00340567 -0.00720545 -0.00321972 -0.00872744 -0.00395178 -0.00213254 -0.000465061 0.000844422 -0.00164397 0.00761738 0.00569929 -0.00232849 0.00353894 0.00716844 0.00408318 -0.00892272 -0.00663675 0.00221149 -0.00141832 -0.000506287 0.000228542 -0.00241619 0.00686927 -0.00191812 -0.000210071 0.00180926 0.00874913 0.00364036 0.00169368 0.00476299 0.00842366 0.0024134 -0.00341173 0.00457303 0.00196213 -0.00409245 -0.00253577 0.0029496 -0.00841382 -0.0117528 0.00768596 0.00569567 0.00331297 -0.00118942 0.00247772 0.0074181 -0.0042166 0.00559926 0.00365452 0.00689873 0.00570339 0.00479284 0.00587648 0.00157651 0.0103051 0.00560771 -0.00184399 -0.00479579 -0.00741731 0.00300003 0.00832249 -0.000200475 0.00270131 0.005906 -0.00466701 -0.00464103 -0.000373476 0.000344696
internal_weight=106453 56981 49472 38081 46263 37362 20827 30610 19984 8901 7575 13252 16535 674 15002 11391 10626 8748 10668 5448 5220 1878 10718 7212 9877 6647 5211 4181 7471 4480 4226 4495 9316 10821 7508 6871 3045 1914 999 3826 3157 10178 653 10738 7551 1231 6941 1512 2714 1985 3528 3688 2981 4421 1533 3134 3119 1390 1729 1913 3220 1536 4342 3230 2428 3783 1996 1648 1347 5638 6385 1502 1210 1287 1031 1991 4791 4151 3844 1931 822 6901 3855 2898 729 1787 1880 2445 1054 4883 568 3313 1391 3645 2687 772 958 673 3081 2069 1568 711 2622 634 2895 1406 1153 756 2823 2572 1172 599 573 953 2079 1140 3187 850 1131 1357 880 626 2597 2582 1416 1346
internal_count=106453 56981 49472 38081 46263 37362 20827 30610 19984 8901 7575 13252 16535 674 15002 11391 10626 8748 10668 5448 5220 1878 10718 7212 9877 6647 5211 4181 7471 4480 4226 4495 9316 10821 7508 6871 3045 1914 999 3826 3157 10178 653 10738 7551 1231 6941 1512 2714 1985 3528 3688 2981 4421 1533 3134 3119 1390 1729 1913 3220 1536 4342 3230 2428 3783 1996 1648 1347 5638 6385 1502 1210 1287 1031 1991 4791 4151 3844 1931 822 6901 3855 2898 729 1787 1880 2445 1054 4883 568 3313 1391 3645 2687 772 958 673 3081 2069 1568 711 2622 634 2895 1406 1153 756 2823 2572 1172 599 573 953 2079 1140 3187 850 1131 1357 880 626 2597 2582 1416 1346
is_linear=0
shrinkage=0.0667171


Tree=9
num_leaves=127
num_cat=0
split_feature=18 21 18 21 21 18 18 21 18 0 0 0 21 21 18 0 18 21 21 21 18 21 21 0 21 21 0 14 10 18 0 0 3 9 4 4 21 4 0 4 21 18 14 12 21 19 0 10 3 20 17 13 19 17 10 4 18 16 21 0 3 12 14 4 10 14 16 17 4 14 14 8 4 18 7 0 9 19 10 10 0 7 12 21 19 21 18 8 17 17 14 3 10 3 12 20 5 18 12 18 10 0 21 16 10 17 13 12 3 0 9 10 12 10 12 3 19 18 4 0 0 19 3 0 0 19
split_gain=79.6709 39.0892 36.0744 29.6431 26.9793 22.468 21.5463 22.2657 14.6417 14.2776 14.049 13.7431 14.1825 13.2979 14.0473 10.4517 10.4289 10.0717 9.79958 9.25823 13.5377 11.9021 9.18372 8.54797 8.28628 8.07759 7.68406 7.65264 7.60887 7.59674 7.52099 7.51149 7.48126 7.2043 7.10966 9.24353 7.99275 10.7946 9.17295 7.22212 7.02464 17.3968 8.63118 8.21484 6.91322 12.0286 9.66016 6.71383 8.8885 7.48104 6.66597 6.64065 6.29645 6.28584 6.20217 6.13671 6.04672 10.3504 6.92422 6.8211 6.50494 6.01797 5.99968 5.7267 5.71079 6.15793 5.59794 5.57919 5.47235 8.61856 5.71625 5.44248 5.4276 5.60895 5.37087 5.2999 5.28221 5.84782 5.23038 5.19819 6.61538 5.68159 5.19708 5.75557 5.40421 5.15687 9.39507 5.61183 5.06982 9.15833 5.1756 5.05659 4.96076 4.94724 9.07891 4.9663 4.92623 4.92068 4.89822 9.73351 6.83106 6.33331 5.19669 4.87868 6.30289 4.85758 4.76522 5.47765 4.75522 4.72158 4.67083 5.28505 5.07293 4.66789 4.65865 8.56922 4.9483 4.63611 4.62589 4.62103 7.39636 4.90529 4.54085 4.52415 4.51935 4.4462
threshold=-0.058091631159186356 -0.020529758185148236 0.055483173578977592 -0.049862641841173165 0.17176358401775363 0.19685667008161548 -0.20737677067518231 -0.2414911016821861 -0.13294097036123273 0.49573864042758947 0.47301135957241064 0.49573864042758947 0.11212657019495965 0.055735735222697265 0.010823292657732965 -0.055397728458046906 0.15868259221315387 0.062254153192043311 0.085720460861921324 -0.17690661549568173 -0.53630343079566944 -0.54573827981948841 0.21979128569364551 0.47017045319080358 -0.13851312547922132 -0.52831456065177906 -0.19460227340459821 0.044519303366541869 0.2624864280223847 0.13716869056224826 0.48153407871723181 0.43039773404598242 -0.40443611145019526 -0.015669781714677807 -0.50133109092712391 -0.069100182503461824 -0.18870495259761808 0.40759967267513281 0.34232954680919653 -0.42501027882099146 0.38562962412834173 0.42243160307407385 0.03263163939118386 0.30845054984092718 -0.095846824347972856 0.074154198169708266 -0.046874999999999993 0.2193591967225075 0.28063790500164038 -0.053737180307507508 0.088846541941165938 -0.16759104281663892 -0.042796092107892029 0.0097799510695040243 0.51303610205650341 0.43807719647884374 0.13006787747144702 0.12821015715599063 0.18675594031810763 0.12073863670229913 0.3620197474956513 0.067575756460428252 0.22877810150384906 -0.12514853850007054 -0.22785680741071698 -0.098132669925689683 0.31960745155811315 -0.011254135053604839 0.39291179180145269 0.20648873597383502 -0.0713854245841503 -0.18816920369863507 0.45974253118038183 0.028804156929254535 0.0081264846958220022 -0.29687499999999994 -0.34878757596015925 0.38539844751358038 0.59310182929039013 -0.15421031415462491 -0.026988636702299115 0.071851409971714034 0.25423669815063482 -0.11504682525992392 -0.16160489618778226 -0.36535407602787012 -0.32173828780651087 -0.18061775714159009 -0.0080540773924440128 -0.091471306979656206 -0.095160752534866319 0.10916468873620035 0.17783848196268084 -0.38928070664405817 0.08603201806545259 -0.081186510622501359 0.37500000000000006 0.19685667008161548 -0.12109205499291419 0.096665639430284514 -0.063313566148281084 -0.26278407871723169 0.013379053678363563 -0.026431220583617684 -0.05711406655609607 -0.078095786273479448 0.32863789796829229 0.19927386939525607 0.31359797716140753 0.35369317233562475 -0.13781769573688504 0.15399561077356341 0.36833047866821295 -0.15961211919784543 -0.19542024284601209 -0.46854946017265314 0.01067691156640649 -0.15630872547626493 -0.39075338840484614 -0.30823864042758936 -0.18323864042758939 -0.20872952789068219 0.052880689501762397 0.092329546809196486 -0.33664773404598231 -0.14568259567022321
decision_type=2 2 2 2 2 2 2 2 2 2 2 2 2 2 2 2 2 2 2 2 2 2 2 2 2 2 2 2 2 2 2 2 2 2 2 2 2 2 2 2 2 2 2 2 2 2 2 2 2 2 2 2 2 2 2 2 2 2 2 2 2 2 2 2 2 2 2 2 2 2 2 2 2 2 2 2 2 2 2 2 2 2 2 2 2 2 2 2 2 2 2 2 2 2 2 2 2 2 2 2 2 2 2 2 2 2 2 2 2 2 2 2 2 2 2 2 2 2 2 2 2 2 2 2 2 2
left_child=3 9 13 6 11 10 19 61 34 29 56 16 -13 14 63 26 18 109 98 20 21 28 -12 71 32 62 33 -27 52 44 55 51 -10 -5 -9 39 38 114 -37 -36 -7 -42 43 -43 45 82 78 49 -49 -18 88 -20 -1 -28 122 79 58 64 -6 60 91 -8 -22 125 65 -58 -48 68 69 70 -21 92 73 74 -46 -31 77 124 -47 81 -81 -16 83 -2 -85 110 87 -87 89 90 -35 -60 -15 -26 95 108 123 -51 99 100 -4 -100 -103 104 -73 -97 107 -105 -95 -17 111 -78 -112 -111 -38 -116 -117 -39 -34 -59 -121 -122 -30 -23 -29 -3
right_child=1 2 4 15 5 40 7 8 24 -11 22 12 -14 23 30 17 47 -19 31 67 25 96 -24 -25 93 27 53 76 54 75 -32 -33 118 50 35 36 37 117 -40 -41 41 42 -44 -45 72 46 66 48 -50 97 -52 -53 -54 -55 -56 -57 57 119 59 -61 -62 -63 -64 -65 -66 -67 -68 -69 -70 -71 -72 103 -74 -75 -76 -77 85 -79 -80 80 -82 -83 -84 84 -86 86 -88 -89 -90 -91 -92 -93 -94 94 -96 105 -98 -99 101 -101 -102 102 -104 106 -106 -107 -108 -109 -110 113 112 -113 -114 -115 115 116 -118 -119 -120 120 121 -123 -124 -125 -126 -127
leaf_value=-0.005421050103146462 0.01543004452293081 -0.007180352880625007 0.0056464456638125327 -0.010196782449954563 0.0015550038389156519 0.0033219838321620963 0.001025039788295001 0.0059630926617461714 -0.0030175970414603043 0.018505941965448646 -0.0039703320354888601 0.024252044160113555 0.0036184143787085549 0.0076364690119999599 0.0015056999050197179 -0.006120787951842243 -0.00045328672640742641 -0.019661075838102973 -0.0041657919338102586 -1.448141449802054e-05 -0.0040526828403442388 -0.00422567050388707 -0.019469679283234499 -0.015213574404805001 0.0040239170093260886 0.0023516715844145116 -0.0037677072728953269 -0.0045067399834298012 -0.013404703522402818 0.0053146650753412147 0.013105792143272382 -0.0073899939835501234 0.0020959723967701395 -0.0034533628506724702 -0.0016105916751057805 -0.0027328921206684976 0.0067230860558858416 -0.014136708617264199 0.010860809970220597 -0.0094883220820216729 -0.0043446582858977303 0.0036167172256121802 0.0084273903657396589 -0.0032777299324706854 0.0038699042499025539 -0.0020208461972822901 0.010403190179545094 0.0075339572690024011 -0.0017351593560187566 0.013594683247093061 -0.0081892357565480668 0.0021512001976270768 0.0037765398525643626 0.0065055438616733706 -0.0026212734951965317 -0.0081673005453627816 -0.010983207285325182 -0.011992972463882121 -0.0054144772381350282 -0.013805474576062593 -0.010488031447709116 0.0077207253141246658 0.0060568048900020415 -0.0051412621916811811 0.0041296821976921248 0.002163847010157319 -0.0006945324273492005 -0.0090882358412082542 -0.011216235114303318 0.0046146315301452655 -0.010639428550425257 -0.01347411866221212 -0.0037847702799815226 0.0062802238079335774 -0.00067699906506703429 0.014160366444634717 -0.011278253337588608 -0.0062536151378777246 0.0065947074236854253 0.00057022523799242562 0.0081058996303524696 -0.0083585333103906329 0.0022696145125535631 0.00018756915017357784 0.012453295239144959 -0.0031162699404795567 -0.0030220467501738276 -0.014751906617885016 0.0052369913059355571 -0.013581083736652125 0.0075469377735239897 0.0072583446775643049 -0.004671919567441684 0.009700390626627399 -0.008551310841352076 -0.009202379410584301 -0.016694252993298353 0.0071041649673003028 -0.0049802119767432358 0.011303708872611033 -0.0062132527555026464 0.0099256245010745734 0.0025492125188168765 -0.0028058929312981375 -0.0036950705339828158 8.5608143738865521e-05 -0.0065663776781978061 0.0074137675868921832 -0.0006062899197665885 -0.006598475452435474 -0.0025721946989747321 0.0003311749341984386 0.005440781717197609 -0.01938408052236202 0.0073698570406392182 -0.0092339307525563658 0.0018781306377280271 -0.0039724149784370055 0.010795024815856541 0.0070343649071137335 0.0029500877740535596 -0.0053291478298735061 -0.0041131535119720997 -0.013076781579254286 0.0055453865998585199 0.0014337741751124992
leaf_weight=488 836 325 750 1093 524 6877 863 352 342 324 348 289 309 322 1121 1815 362 371 873 403 331 676 342 318 1016 1754 594 250 553 690 267 495 412 577 784 435 347 448 437 1585 2342 2196 944 1176 2542 1340 881 938 890 907 911 4710 1009 472 1604 264 259 255 288 483 398 2024 1148 2559 2006 391 253 1536 337 567 495 574 560 1724 2097 560 344 377 406 1025 1066 334 322 297 355 276 2362 602 419 286 280 266 258 418 618 301 374 1313 408 1080 298 515 2527 2242 622 1383 1455 256 365 253 730 338 668 277 303 555 253 379 858 308 376 1857 427 430 885 1416
leaf_count=488 836 325 750 1093 524 6877 863 352 342 324 348 289 309 322 1121 1815 362 371 873 403 331 676 342 318 1016 1754 594 250 553 690 267 495 412 577 784 435 347 448 437 1585 2342 2196 944 1176 2542 1340 881 938 890 907 911 4710 1009 472 1604 264 259 255 288 483 398 2024 1148 2559 2006 391 253 1536 337 567 495 574 560 1724 2097 560 344 377 406 1025 1066 334 322 297 355 276 2362 602 419 286 280 266 258 418 618 301 374 1313 408 1080 298 515 2527 2242 622 1383 1455 256 365 253 730 338 668 277 303 555 253 379 858 308 376 1857 427 430 885 1416
internal_value=2.4815e-05 0.00145926 0.000645963 -0.00229219 0.00171737 0.000161801 -0.00144779 0.00048827 -0.000814863 0.00470803 -0.00261502 0.00373494 0.0136585 -0.00219645 -0.000471126 -0.00612973 0.00336204 -0.00942462 0.00231155 -0.00292754 -0.00224264 -0.0048848 -0.011708 -0.00458086 0.00158579 -0.000778929 -0.00418916 -0.00156596 -0.00301367 0.00435541 0.00232914 0.000452221 0.00563452 -0.00567473 -0.00315388 -0.00374378 -0.00136682 -0.00344647 0.00404071 -0.00689498 0.00182631 0.000276365 0.00279224 0.00120191 0.00381786 0.00580029 0.00310421 0.00612917 0.00300625 0.00832625 -0.00365827 0.00115588 0.000749452 0.000748507 -0.0052059 0.00155941 -0.00176144 -0.000611803 -0.00494014 -0.00733951 -0.00401007 0.00572925 0.00376351 -0.00313346 0.00236189 -0.00302998 0.00789012 -0.00612147 -0.00357135 -0.0017766 -0.00585049 -0.00398047 0.00246911 0.00302604 0.00180787 0.00931061 -0.0025774 0.000881748 1.77688e-06 0.0022978 0.0044292 -0.000742349 0.0100671 0.0117359 0.00693305 -0.00356743 -0.00523329 -0.0111296 -0.00098765 -0.00330279 0.000107841 0.000605553 0.00209301 3.86588e-07 -0.00133676 0.000461928 -0.0100148 0.00977666 0.00433081 0.0068575 0.00223869 0.00276114 0.00381362 -0.00467234 -0.00842208 -0.00156243 -0.00352673 -0.00173965 0.0048533 -0.00777949 -0.000955938 -0.00547857 0.00123286 -0.0133601 -2.36221e-06 -0.00209872 -0.00570615 -0.00952277 0.00799949 -0.00344797 -0.00257019 -0.00391625 -0.00939455 -0.00771115 0.00329247 -0.000163748
internal_weight=106701 65911 52724 40790 38300 21636 33442 14478 11591 13187 8101 16664 598 14424 8377 7348 16066 2716 11656 18964 15626 5561 690 6047 5713 10065 4632 8586 4081 12863 4077 6078 1612 3566 5878 5526 3157 2285 872 2369 13535 6658 4316 3372 11613 4690 2880 4410 1828 2582 2473 5583 1497 1066 2584 3810 7411 5452 1959 1435 952 2887 1479 4300 2656 650 1134 3338 1802 1465 898 5729 6923 6363 4639 1250 6832 1512 1746 3546 2091 1455 1810 1488 652 5320 3240 878 1562 1143 857 554 580 4101 3085 2467 1480 2220 5578 2128 1048 3450 3042 5149 1196 1684 3953 2498 783 2345 2080 682 1398 530 1458 1111 808 827 1270 2796 2541 2233 980 1106 1135 1741
internal_count=106701 65911 52724 40790 38300 21636 33442 14478 11591 13187 8101 16664 598 14424 8377 7348 16066 2716 11656 18964 15626 5561 690 6047 5713 10065 4632 8586 4081 12863 4077 6078 1612 3566 5878 5526 3157 2285 872 2369 13535 6658 4316 3372 11613 4690 2880 4410 1828 2582 2473 5583 1497 1066 2584 3810 7411 5452 1959 1435 952 2887 1479 4300 2656 650 1134 3338 1802 1465 898 5729 6923 6363 4639 1250 6832 1512 1746 3546 2091 1455 1810 1488 652 5320 3240 878 1562 1143 857 554 580 4101 3085 2467 1480 2220 5578 2128 1048 3450 3042 5149 1196 1684 3953 2498 783 2345 2080 682 1398 530 1458 1111 808 827 1270 2796 2541 2233 980 1106 1135 1741
is_linear=0
shrinkage=0.0667171


Tree=10
num_leaves=127
num_cat=0
split_feature=18 21 18 21 18 21 0 18 21 18 21 0 21 0 21 21 18 18 0 18 0 21 10 18 18 16 11 8 0 12 18 7 13 21 9 16 19 0 19 10 18 0 21 3 13 21 18 21 14 16 10 21 5 19 11 7 20 10 20 0 20 18 10 0 0 3 20 12 12 10 10 13 16 8 12 11 18 21 21 18 21 10 3 18 3 15 10 11 14 8 5 11 20 11 13 18 10 21 21 15 3 19 9 19 3 15 0 13 15 13 9 3 9 8 16 11 15 21 5 12 20 19 21 10 5 0
split_gain=71.0477 36.9476 45.8773 28.9973 25.8632 25.1852 21.8716 16.224 14.0645 12.3862 12.1683 12.0514 10.3505 9.13995 10.4975 8.85152 10.4413 8.75618 8.66907 8.36638 8.79718 11.0985 8.19134 10.6475 7.87353 8.07757 7.77198 8.52741 7.76313 7.50619 7.74563 7.46588 7.31226 7.13322 7.01709 6.90685 7.01975 6.85927 7.05621 6.84184 6.61622 6.54481 6.50122 9.27468 6.49847 6.48295 13.6915 8.48361 6.44724 6.36198 6.96672 6.76778 7.69297 6.25843 6.2042 8.17571 6.15525 6.15301 5.97769 5.91289 5.73944 5.6943 6.48987 5.69141 5.6168 5.46261 5.45874 5.45288 5.50314 7.19981 5.43775 5.36852 5.16371 5.12597 5.04372 9.66133 7.41883 5.02281 4.97321 4.96207 5.61035 6.81103 4.95071 6.45291 6.4157 6.06455 5.29838 4.9632 4.93885 7.24812 5.5496 5.1932 4.93177 5.16266 4.90066 4.80991 7.2427 5.01846 4.75842 4.69457 4.671 4.66288 5.38683 4.63725 4.60044 4.5793 4.5114 4.50674 6.50596 4.47771 6.05101 4.45124 5.82345 4.44561 4.36723 5.16355 4.31412 5.68526 6.20624 4.31159 4.30315 4.27806 4.25178 4.23745 4.22142 8.26936
threshold=-0.1062190495431423 -0.04204053804278373 0.031402070075273521 -0.18479389697313306 -0.36954462528228754 0.083113092929124846 0.49573864042758947 0.13985770940780642 0.25815217196941381 0.084646522998809828 0.17828200012445453 0.25142045319080358 0.083113092929124846 0.41051135957241064 0.12484074756503107 -0.52831456065177906 -0.68872055411338795 -0.61250972747802723 0.49857954680919653 0.20737238228321078 0.47017045319080358 0.23564407974481585 -0.080592364072799669 -0.22926829755306241 -0.019389361143112179 0.32819584012031561 -0.3716976642608642 0.0012657745974138381 0.36789773404598242 -0.051326472312211983 -0.20172158628702161 -0.015995624475181099 0.29703441262245184 -0.14633522927761075 0.29878279566764837 0.047302041202783592 0.0048614367842674264 0.43323864042758947 -0.14722679555416104 0.08739252015948297 0.11658803746104242 0.35369317233562475 -0.11830602958798407 0.13290300965309146 -0.5754432976245879 0.38562962412834173 0.42243160307407385 0.44967308640480047 0.038575472310185439 0.15430071949958804 -0.16141516715288159 -0.0042337127961218348 1.0000000180025095e-35 0.27974697947502142 -0.98833349347114552 -0.088414199650287614 -0.39181731641292566 0.46603681147098547 0.0010564463154878469 0.48153407871723181 -0.54909017682075489 0.14948536455631259 0.37007774412631994 0.10369317978620531 -0.30255682766437525 -0.32622407376766199 -0.23524740338325498 -0.19084619730710981 0.22424814105033877 0.69622471928596508 -0.04144014045596122 0.3411767184734345 0.060116931796073921 0.29225407540798193 0.021926815621554855 0.083695221692323699 0.17573304474353793 -0.34317517280578608 0.020210355520248417 -0.44855967164039606 -0.73522868752479542 0.13936881721019748 -0.18699086457490918 0.059295460581779487 -0.36201974749565119 -0.26112903654575342 0.13606378436088565 -0.18696226924657819 -0.05503988824784755 -0.068553242832422243 1.0000000180025095e-35 -0.052942577749490731 0.1306615546345711 -0.18696226924657819 -0.36538229882717127 -0.24400845170021054 -0.04144014045596122 -0.35359160602092737 -0.012707656715065239 -0.0030952381202951069 -0.12502200156450269 0.13029981404542926 0.091345801949501051 -0.09773752465844153 0.43187998235225683 -0.22426267713308332 -0.20028409361839292 0.18807654082775119 0.65447005629539501 -0.48689362406730646 -1.0000000180025095e-35 0.17175004631280902 -1.0000000180025095e-35 0.040251506492495544 -0.31327544152736658 -0.25380036234855646 -0.064508449286222444 0.038608592003583915 -1.0000000180025095e-35 -0.25645512342452997 -0.13652861863374707 0.017980955541133884 -0.08310657367110251 0.29126545786857611 -1.0000000180025095e-35 0.24005681276321414
decision_type=2 2 2 2 2 2 2 2 2 2 2 2 2 2 2 2 2 2 2 2 2 2 2 2 2 2 2 2 2 2 2 2 2 2 2 2 2 2 2 2 2 2 2 2 2 2 2 2 2 2 2 2 2 2 2 2 2 2 2 2 2 2 2 2 2 2 2 2 2 2 2 2 2 2 2 2 2 2 2 2 2 2 2 2 2 2 2 2 2 2 2 2 2 2 2 2 2 2 2 2 2 2 2 2 2 2 2 2 2 2 2 2 2 2 2 2 2 2 2 2 2 2 2 2 2 2
left_child=3 18 12 4 15 6 9 8 13 31 11 74 24 88 59 16 54 60 33 20 32 -22 41 114 25 37 66 124 35 -29 56 78 -12 34 39 36 106 38 -3 63 -16 104 53 65 -18 -21 -47 -48 107 50 103 -52 -53 100 55 -1 -31 -45 -43 -15 -17 62 82 -2 -14 122 -6 119 69 -69 -58 -66 -40 -32 75 76 -9 -38 94 80 -46 -82 84 85 87 -84 -85 -35 89 -7 91 -90 93 -87 -4 97 -97 -68 -39 -67 -25 113 -103 -26 -5 -98 -19 -49 -109 -102 -111 112 -76 -34 -24 -116 117 118 -33 -11 -72 -93 -44 -83 -28 -126
right_child=1 2 5 22 26 7 -8 10 -10 67 19 -13 64 14 40 17 44 28 -20 45 21 -23 23 42 49 -27 27 29 -30 30 73 116 101 61 -36 -37 77 98 72 -41 -42 58 43 57 79 46 47 48 -50 -51 51 52 -54 -55 -56 -57 70 -59 -60 -61 -62 -63 -64 -65 71 99 95 68 -70 -71 120 -73 -74 -75 111 -77 -78 -79 -80 -81 81 123 83 86 -86 92 -88 -89 90 -91 -92 121 -94 -95 -96 96 105 -99 -100 -101 109 102 -104 -105 -106 -107 -108 108 -110 110 -112 -113 -114 -115 115 -117 -118 -119 -120 -121 -122 -123 -124 -125 125 -127
leaf_value=-0.0064360136591370826 0.019335210725122891 -0.0074427105991858354 0.0013375804063661346 -0.0048373625680589467 0.01289693019203186 0.007374622646262049 0.021697202228078853 -0.003610254825817926 -0.011187302974569919 0.0065357901883985638 0.0019431830580916441 0.012778709555931078 -0.0017241414939536922 -0.0055596209280417679 -0.01419757597241072 -0.0068809296436948475 0.0065961377140270486 -0.0041535718135948937 0.014563671521579056 0.0031827063014792092 0.00033302582607996792 -0.01864128734119384 -0.013620467895629344 0.0028416887115821346 0.010503978236056925 0.0079071312883438553 -0.0035718683879242003 0.0096087346879758558 -0.012516030067880213 0.0044661038223000361 0.0029087522998629133 -0.0048558255181058727 0.0043183135631367081 0.0092026430124049624 6.7033600034902279e-05 0.0027659639730203381 0.0015450574170667959 -0.005629897635007001 -0.00010854282648593418 0.0060136838314533746 -0.0030199286550086843 -0.016999874440009041 0.0024692352231104426 -0.0024503729990443526 0.0048051570325523558 -0.0039761300146336793 0.012800782985970923 -0.0063199659521298761 0.0067558826344011032 -0.0043558595129137012 0.0044353913938188676 -0.0053282949166725997 0.0040614026889026298 0.0067886254369738542 -0.0075923731860695698 0.0058165017283447387 -0.012634519158809933 0.0066925582034931914 -0.0049336479585744978 0.0084032108745863646 -0.02053287933284955 0.009764196160873621 -0.0034075482338564327 0.0071978413347643854 -0.0065237436942861974 -0.0066673157870465486 0.003637206922706005 0.0041661015340512496 0.0087915058850872949 -0.0073599749628807396 -0.0057177483588318253 -0.015186897979669767 -0.0051114581209825097 0.013566064864720836 -0.0031758942073345101 0.0095035596491874416 0.0060591556836597088 -0.0064717522800513318 0.0015058212008682683 0.0040412954006018567 0.0031305043798796517 -0.012798669641140703 0.008091970484681325 0.011842280498151525 0.0095159768078858387 0.0094286967972867803 0.00033287515813564938 0.0010249662290532085 -0.00017677277365912627 5.7485203837396177e-05 0.00094411078133057539 -0.0031389927025869575 -0.0071829004120660921 0.00010112309189245115 0.011381093513453672 0.016036924348079237 0.010132588430565225 -0.0048349773570591824 -0.017180822109924412 -0.0156148158119685 -0.01156035253733317 -0.014481911577270763 -0.0032706295707381448 0.0018262973145889757 -0.010996287885224752 0.0012130923238221627 -0.01344961636982504 0.0035041102815485752 -0.0033460056531657875 0.0048577726180535491 -0.0068432174642983025 -0.0041715626440724015 0.0083240768066075669 -0.0037104969639477209 0.0015217091568373805 -0.0072913589502667754 0.0015485042154178756 -0.0089992721912286241 0.0065872540226455624 0.014164412379926602 0.004557202318735333 -0.013352616438458205 -0.0068404611175630079 -0.0035030722941551688 -0.0022461390466211829 0.0071561985221399787
leaf_weight=514 364 1308 342 3194 290 694 307 702 652 931 2409 679 861 251 601 297 709 435 354 6261 255 283 405 701 505 261 2393 593 465 469 837 520 466 432 660 657 801 410 2734 2562 400 507 346 2663 334 2292 321 411 834 1125 860 1374 534 550 1466 452 279 369 299 282 270 522 730 348 1756 674 779 3038 1069 257 463 398 1390 267 339 1135 701 604 1322 675 336 421 468 479 1051 284 290 1423 482 4510 1015 326 373 3388 620 255 356 513 271 449 269 297 554 619 663 932 531 1794 933 352 434 636 447 877 335 2096 1525 530 350 537 291 442 563 477 1367 594
leaf_count=514 364 1308 342 3194 290 694 307 702 652 931 2409 679 861 251 601 297 709 435 354 6261 255 283 405 701 505 261 2393 593 465 469 837 520 466 432 660 657 801 410 2734 2562 400 507 346 2663 334 2292 321 411 834 1125 860 1374 534 550 1466 452 279 369 299 282 270 522 730 348 1756 674 779 3038 1069 257 463 398 1390 267 339 1135 701 604 1322 675 336 421 468 479 1051 284 290 1423 482 4510 1015 326 373 3388 620 255 356 513 271 449 269 297 554 619 663 932 531 1794 933 352 434 636 447 877 335 2096 1525 530 350 537 291 442 563 477 1367 594
internal_value=-4.67567e-05 0.00115475 0.000417833 -0.00251179 -0.000858844 0.00149619 0.0041998 0.000544593 -0.00174311 0.00370667 0.00152234 0.00456925 -0.00284543 -0.00105335 -0.00573908 -0.00340268 -0.00162038 -0.00575731 0.00426723 0.000734335 -0.00153618 -0.00958852 -0.00474634 -0.00368055 -0.0019211 -0.0034768 0.0013882 0.000225927 -0.00449254 0.00284358 0.00128668 0.00133383 -0.000584486 0.00399041 0.006384 -0.0032423 -0.0049231 -0.00397179 -0.00317037 0.00764904 -0.00976681 -0.0070706 -0.00233647 -0.00367385 0.0010365 0.0016457 0.000179068 0.00240586 0.00155196 4.91884e-05 0.00133331 -0.000453772 -0.00267868 0.000586233 -0.004857 -0.000671939 -0.00181323 -0.00132297 -0.0125681 0.00175235 -0.0134572 0.00298852 0.0025861 0.0134628 -0.0063247 -0.00716252 0.00418573 0.00581957 0.00461962 0.00325211 -0.00470456 -0.0081491 -0.00180458 0.00552929 0.00314883 0.00492939 0.00120098 -0.00188314 0.004192 -0.00070909 -0.00277965 -0.0048684 0.00312557 0.00189851 0.00534256 0.000926568 0.00754132 0.00295568 -8.51622e-05 0.00104197 -0.00268767 -0.00566404 8.5356e-05 0.000836381 0.00784433 0.00327607 0.00578829 0.000247134 -0.0102914 -0.0102859 -0.0013415 -0.00337404 -0.0072366 0.00575849 -0.00590911 0.00371602 -0.00930268 0.000154743 0.00114664 -0.00415582 -0.00156312 -7.18803e-06 0.00331835 -0.0008985 -0.0071581 -0.00606085 -0.000888422 -0.00356721 -0.000212655 0.00935723 -0.00170808 -0.00906549 -0.0032635 -0.00790645 -0.00169035 0.000588248
internal_weight=106754 71763 58035 34991 20122 43629 11348 32281 9655 11041 22626 4639 14406 9003 1534 9444 5384 4060 13728 17987 5141 538 14869 10206 11391 6374 10678 7553 3493 3199 2606 5209 4603 13374 3934 3028 2371 6113 5432 3274 1001 4663 7370 5064 2952 12846 6585 4293 3972 5017 3892 2768 1908 2306 2432 966 1502 3032 806 533 567 9440 8918 712 3015 2032 3125 5832 4364 3295 1033 2154 4124 1104 3960 2538 1403 1405 2284 2243 1568 1234 8188 5282 2906 4513 769 1855 7469 5204 2265 1250 4045 3672 962 2835 1543 1292 681 1123 1756 2194 851 1124 3857 1288 966 3138 2727 1055 786 1422 786 1343 2836 2431 2925 1400 870 1468 754 768 909 898 4354 1961
internal_count=106754 71763 58035 34991 20122 43629 11348 32281 9655 11041 22626 4639 14406 9003 1534 9444 5384 4060 13728 17987 5141 538 14869 10206 11391 6374 10678 7553 3493 3199 2606 5209 4603 13374 3934 3028 2371 6113 5432 3274 1001 4663 7370 5064 2952 12846 6585 4293 3972 5017 3892 2768 1908 2306 2432 966 1502 3032 806 533 567 9440 8918 712 3015 2032 3125 5832 4364 3295 1033 2154 4124 1104 3960 2538 1403 1405 2284 2243 1568 1234 8188 5282 2906 4513 769 1855 7469 5204 2265 1250 4045 3672 962 2835 1543 1292 681 1123 1756 2194 851 1124 3857 1288 966 3138 2727 1055 786 1422 786 1343 2836 2431 2925 1400 870 1468 754 768 909 898 4354 1961
is_linear=0
shrinkage=0.0667171


Tree=11
num_leaves=127
num_cat=0
split_feature=12 7 15 0 21 4 4 8 0 14 17 4 17 17 0 19 0 5 11 10 9 17 17 9 5 8 17 21 17 15 8 8 4 12 12 9 17 13 19 15 14 8 6 12 4 19 21 17 19 4 0 14 9 5 17 20 19 9 19 12 12 8 20 17 10 8 4 4 21 9 1 17 19 19 17 11 21 20 19 17 12 11 14 19 19 4 15 21 0 11 19 11 5 0 15 19 8 0 7 11 11 20 21 19 20 5 19 1 12 21 19 13 21 15 5 17 0 10 9 4 15 15 17 9 10 21
split_gain=6.90741 6.12331 8.42097 6.85091 5.17904 5.41285 5.14522 5.08236 4.84396 4.59688 4.5783 4.60917 5.74546 4.42266 5.23135 9.68177 9.66398 6.69328 9.49148 6.90052 5.49639 5.42553 9.50252 5.02701 5.00975 5.0342 4.4513 6.72538 6.05005 4.74439 4.43274 4.30693 4.94649 4.4995 4.23855 4.59345 4.14277 4.42431 4.35413 4.13845 4.05851 4.04334 4.03826 3.80094 8.32768 8.36031 6.72372 5.52013 5.25514 5.75128 5.30306 10.6246 6.9764 6.19834 6.13456 5.74091 5.49438 5.83908 5.83766 5.14813 6.34358 5.10409 4.98408 4.74114 4.67767 4.88227 7.64156 8.25222 4.78283 7.8908 5.33434 4.49131 4.35243 4.87719 4.25167 4.4099 4.23819 4.13991 4.69809 4.02772 3.84998 6.82297 6.65716 4.72413 3.82245 3.81954 3.78043 6.34807 5.3129 6.85592 6.33094 4.87616 4.3443 6.00978 5.25332 4.16086 6.8714 6.65331 5.38586 6.36937 4.026 3.88951 3.87084 4.33986 3.77265 3.76912 3.74772 3.70815 4.09269 3.73101 3.72806 3.67039 3.71404 4.41616 5.71568 3.66919 4.04761 3.65721 5.52641 4.07224 7.75108 4.67666 3.40052 7.52998 4.26767 6.54824
threshold=0.91549459099769603 -0.081533025950193391 -0.19891705363988874 0.18323864042758944 0.63589778542518627 0.49461714923381811 -0.22463172674179074 -0.11362314596772193 -0.31392045319080347 0.50665226578712474 -0.017114914022386071 0.052858233451843269 0.023694448173046116 0.55853590369224559 0.50142046809196483 0.08404515311121942 0.44176135957241064 -0.37499999999999994 0.16274712979793551 0.024144205264747146 0.031531237065792091 0.25539334863424307 -0.033115202561020844 -0.38983659446239466 0.37500000000000006 0.14176300168037417 0.34276571869850164 -0.0029202514560893174 -1.0000000180025095e-35 -0.043102918192744248 0.12435443699359895 0.017026422545313839 0.06094936095178128 -0.051326472312211983 -0.058198969811201089 0.031531237065792091 0.56256294250488292 -0.38009697198867792 -0.013687848113477228 0.10523041337728502 -0.035722432658076279 -0.27892823517322535 -0.14161517471075055 -0.027324185706675049 -0.50721788406372059 0.071947943419218077 -0.18479389697313306 -0.068351790308952318 0.01067691156640649 -0.44220972061157221 -0.18323864042758939 -0.13825353980064389 0.14077953249216082 -1.0000000180025095e-35 0.17391773313283923 -0.010234280023723839 -0.11892903223633765 0.1437814608216286 -0.20579023659229276 -0.21755288541316983 -0.18741566687822339 0.076018393039703383 -0.038972415030002587 0.60538616776466381 -0.21668158471584317 0.014733741059899332 0.12489546835422517 0.18670212477445605 0.2741092741489411 -0.052689181640744202 -0.11221591010689734 -0.045016538351774209 0.17302466183900836 0.41464605927467352 0.29886379837989813 0.044416593387722976 0.13331142812967303 0.47832845151424414 0.63484871387481701 0.0048899755347520122 -0.13024013489484784 0.083695221692323699 -0.13082375377416608 -0.11585957929491995 -0.14722679555416104 0.06094936095178128 -0.25652073323726649 -0.075284469872713075 0.29119317233562475 -0.59473228454589833 0.17699311673641208 -0.33223511278629297 -1.0000000180025095e-35 0.44460226595401769 -0.14284946769475934 0.18187437206506732 0.17346291244030002 -0.052556818351149552 -0.22523785382509229 0.04026483558118344 0.11754218861460687 -0.3510815948247909 0.053721543401479728 -0.061374567449092858 0.071482531726360335 -0.37499999999999994 -0.026889803819358345 -0.049715908244252198 -0.23887363821268079 -0.020529758185148236 0.28736564517021185 0.27046284079551702 -0.44357509911060328 -0.14745775610208509 0.37500000000000006 0.052243635058403022 0.086647726595401778 0.021539418958127502 0.27826106548309332 0.12489546835422517 -0.058364056050777428 -0.07833333313465117 0.52096217870712291 0.093495514243841185 0.23447446525096896 -0.11830602958798407
decision_type=2 2 2 2 2 2 2 2 2 2 2 2 2 2 2 2 2 2 2 2 2 2 2 2 2 2 2 2 2 2 2 2 2 2 2 2 2 2 2 2 2 2 2 2 2 2 2 2 2 2 2 2 2 2 2 2 2 2 2 2 2 2 2 2 2 2 2 2 2 2 2 2 2 2 2 2 2 2 2 2 2 2 2 2 2 2 2 2 2 2 2 2 2 2 2 2 2 2 2 2 2 2 2 2 2 2 2 2 2 2 2 2 2 2 2 2 2 2 2 2 2 2 2 2 2 2
left_child=1 4 9 43 5 8 -5 -7 36 10 -3 -12 -13 14 16 26 17 18 19 34 -17 22 24 -19 25 -18 27 29 -29 -16 -20 33 -33 -15 35 -8 38 -38 -1 -24 -2 -40 -14 44 76 46 47 -46 49 80 53 52 -52 56 55 62 58 85 -51 -53 -61 -60 -55 84 -45 68 122 -68 70 -70 71 -66 -69 -74 -62 -76 79 78 107 -4 81 82 -48 -82 -56 -58 -10 88 -88 -90 101 -89 -93 94 102 98 97 -97 99 -96 -99 -91 103 -94 -50 -49 -23 -47 109 -109 -110 112 113 -42 -115 116 -11 118 -25 121 -121 -119 124 -124 -67 -126
right_child=40 2 3 6 -6 7 13 -9 86 115 11 12 42 31 15 20 21 23 30 -21 -22 106 39 117 -26 -27 -28 28 -30 -31 -32 32 -34 -35 -36 -37 37 -39 41 -41 111 -43 -44 64 45 77 48 105 104 50 51 59 -54 54 63 -57 57 -59 61 60 74 -63 -64 -65 65 66 67 72 69 -71 -72 -73 73 -75 75 -77 -78 -79 -80 -81 83 -83 -84 -85 -86 -87 87 91 89 90 -92 92 93 -95 95 96 -98 100 -100 -101 -102 -103 -104 -105 -106 -107 -108 108 110 -111 -112 -113 -114 114 -116 -117 -118 119 -120 120 -122 -123 123 -125 125 -127
leaf_value=0.0022598899112733642 -0.0096397263468056306 -0.0060032036425385479 0.01633290141899027 -0.0059992270641146149 -0.0058658869293336073 -0.010200565689959992 -0.0017650244284586082 -0.00064945684744426144 0.0038059463150437443 0.0044372640942286264 0.00067232235276102638 0.0031062307300566108 0.00045623828448636131 -0.0063993793452828398 0.0087743646218628058 -0.0096389483383705083 0.0021857089679647294 -0.0078833049430283748 0.0054813056290847449 0.0027622889668767713 0.0018676979123170214 0.0045195223581414694 -0.0071411011073569735 0.00058763606570492533 -0.010428773903866291 -0.0071083775208485127 -0.0014997274637067934 0.0060356685399922836 0.01984221278594462 -0.0040833489520248406 -0.0038702128360583472 -1.7743692043693878e-05 -0.0094358776549758518 0.0018760302917336152 -0.014669880601257373 -0.011513875065858711 -0.00027583333684525092 -0.0098392330632832131 -0.003594012845329524 -0.016938275461512421 -0.0064332738295922549 0.00059883493253027221 -0.0071423117886546374 -0.007706944276141995 -0.0012956508040840389 -0.0023168555956006656 -0.011336045968624621 0.0037260497829065577 0.00079033708138135826 -0.00098025539423424743 0.0011055787216872734 0.012173855250731147 -0.010432967658253871 0.0043253551407904777 -0.0077564583266271853 0.0010267298808219287 -0.0021426006308102917 -0.0060032175920378163 -0.0038242691914845248 -0.0052489982824331111 0.0025821623563343568 -0.01389595421039823 0.014919415660443122 0.005140458194193025 -0.00083243241871416732 0.0027901998592493021 -0.013595821163520729 -0.0061530618710833379 -0.013224532885328223 -0.00060670245604578315 -0.0016692941758702613 0.0098744777658274618 0.00704679464391182 -0.0028882869955198817 0.014506485950054561 0.0035839618802759039 2.6283692183226456e-05 0.009892560249875058 -0.0054479618390087291 0.0057507079076430543 0.0029562588713928097 -0.012284372421034388 0.00074123915044924321 -0.0063677945428936159 -0.00074618284472149151 0.00779713495159127 -0.0010728714314768217 0.0094671195889562115 -0.0065936882414866877 -0.0038205047709679724 0.010424241540789057 0.0035746365203369007 -0.0046172225772054924 -0.0041464302010345592 0.0016096276529191866 -0.0065949938439035932 0.010163495403311251 -0.0025946564996336473 0.0021473823777452142 0.011962138127547938 0.0053254697926945196 0.0036843000396135895 -0.0089299775826805067 0.0058567541283042843 -0.0066180354725366508 0.014504563290163182 -0.0048721088314321393 -0.0061497969942846268 0.0036702485794018374 0.002843582841237161 0.0093129871779390524 0.0049601108378160997 -0.0061809358601552641 0.0066042341912319535 -0.004471726248016835 0.006851992357139047 -0.0054740517795373641 -0.0027771994043195975 -0.0074090739048215714 0.010802954935497943 -0.0017474639230342826 0.0066197229328797168 0.0037059021458476274 -0.0066078865003043755 -0.0040760644399211888 0.0023724716327717162
leaf_weight=2756 377 1809 269 863 500 348 512 872 2943 314 1700 414 384 429 250 336 832 289 616 292 395 458 444 6635 290 372 264 295 286 251 348 361 771 894 359 380 479 398 1754 364 400 2425 1446 358 327 497 263 288 440 893 741 428 334 619 496 1425 252 346 488 274 902 431 298 406 329 6415 292 513 389 516 4320 353 395 483 374 309 271 370 300 429 820 405 838 339 1171 500 6682 397 314 398 504 4715 399 886 464 696 255 522 3003 636 615 1273 311 310 937 309 316 312 2737 584 657 277 979 501 346 371 427 274 405 260 1297 1429 577 681 1194 1685
leaf_count=2756 377 1809 269 863 500 348 512 872 2943 314 1700 414 384 429 250 336 832 289 616 292 395 458 444 6635 290 372 264 295 286 251 348 361 771 894 359 380 479 398 1754 364 400 2425 1446 358 327 497 263 288 440 893 741 428 334 619 496 1425 252 346 488 274 902 431 298 406 329 6415 292 513 389 516 4320 353 395 483 374 309 271 370 300 429 820 405 838 339 1171 500 6682 397 314 398 504 4715 399 886 464 696 255 522 3003 636 615 1273 311 310 937 309 316 312 2737 584 657 277 979 501 346 371 427 274 405 260 1297 1429 577 681 1194 1685
internal_value=3.40764e-05 0.000123768 -0.000239904 4.51685e-06 0.000844754 0.000943804 -0.000955722 -0.00340822 0.00110529 -0.00245679 -0.00321771 -0.00193002 -0.00391536 -0.000743364 -0.00038356 0.00276244 -0.00078999 -6.03184e-08 -0.00309722 -0.00634463 -0.00337578 -0.00415334 -0.00577922 0.000734423 -0.00259703 -0.000666981 0.00612525 0.00802451 0.0129077 0.00228354 0.00206231 -0.00340185 -0.00642322 -0.000789731 -0.00850572 -0.00596962 -0.000343328 -0.00465732 0.00019845 -0.0116082 -0.00318668 -0.00115336 -0.00552711 0.000515719 0.00110696 0.000827391 4.12622e-05 0.00555407 -0.000303135 9.92234e-05 0.000793101 0.00298636 -0.00245505 -0.000209389 0.00136067 0.0037026 -0.00260256 0.00109205 -0.00486111 0.00556083 0.00401222 -0.0085924 0.00781879 -0.00126878 -0.000188088 -3.70139e-05 0.00072152 -0.00344367 -0.00161345 -0.00607426 -0.000798037 0.00465971 -0.001276 0.00154492 0.00564083 0.00962101 0.00714916 0.00307541 0.00257002 0.00989686 -0.00266899 -0.00489265 -0.00213085 0.000190797 -0.00285679 0.00441519 0.00155354 0.00125561 -8.92914e-05 0.0025359 0.00387693 0.00219183 0.00196245 0.00101903 0.0016594 0.00239321 -1.43212e-05 -0.00146018 0.00362663 0.00762684 0.00165784 0.00187427 -0.00275519 -3.88055e-06 -0.0042232 0.00937113 0.000632306 0.00308217 0.00371712 -0.000253565 0.00477596 -0.00219639 -0.00310646 -0.000662642 0.00203496 0.00144434 -0.00122328 0.000981229 0.000120803 0.00282815 0.00034054 0.00508232 0.00138973 -0.00184858 0.0018322 -0.000290562
internal_weight=106746 103866 69011 62146 34855 34355 21567 1220 33135 6865 5753 3944 2244 20704 18249 2077 16172 13096 2507 1543 731 3076 2302 10589 1494 1204 1346 1082 581 501 964 2455 1132 1323 1251 892 7812 877 6935 808 2880 4179 1830 40579 22079 21110 15653 924 14729 13352 10687 3362 1075 7325 4415 2342 2910 1098 1812 2287 1859 919 917 2073 18500 18142 12235 1683 5907 905 5002 682 1391 878 1585 683 969 5457 5087 698 2665 1506 1101 1159 1667 752 25323 22380 9171 2489 2175 13209 12812 8097 7211 6191 2088 1833 4103 1100 1137 1671 1020 709 1377 597 774 4787 4290 896 3394 2503 2226 1247 847 1112 741 10300 7040 3260 1557 1703 10552 1258 9294 2879
internal_count=106746 103866 69011 62146 34855 34355 21567 1220 33135 6865 5753 3944 2244 20704 18249 2077 16172 13096 2507 1543 731 3076 2302 10589 1494 1204 1346 1082 581 501 964 2455 1132 1323 1251 892 7812 877 6935 808 2880 4179 1830 40579 22079 21110 15653 924 14729 13352 10687 3362 1075 7325 4415 2342 2910 1098 1812 2287 1859 919 917 2073 18500 18142 12235 1683 5907 905 5002 682 1391 878 1585 683 969 5457 5087 698 2665 1506 1101 1159 1667 752 25323 22380 9171 2489 2175 13209 12812 8097 7211 6191 2088 1833 4103 1100 1137 1671 1020 709 1377 597 774 4787 4290 896 3394 2503 2226 1247 847 1112 741 10300 7040 3260 1557 1703 10552 1258 9294 2879
is_linear=0
shrinkage=0.0667171


Tree=12
num_leaves=127
num_cat=0
split_feature=18 21 18 21 18 21 0 0 18 21 18 18 0 0 21 10 16 21 21 0 18 10 21 16 10 14 21 18 21 18 18 14 21 8 18 21 18 20 17 10 16 21 18 16 17 21 10 12 0 21 18 7 0 8 8 18 11 0 18 21 18 16 0 1 20 17 11 12 12 0 21 10 7 13 12 21 20 0 17 18 14 0 10 16 12 11 0 21 0 8 7 0 18 0 13 17 7 8 17 18 0 17 11 8 10 17 6 10 11 17 16 5 12 10 0 12 16 12 18 8 6 0 20 1 5 0
split_gain=71.4657 41.3951 38.7887 27.0348 25.8784 23.0012 21.173 13.5479 13.4289 16.9838 14.4802 13.2267 12.9926 11.0033 10.2691 10.0172 9.11694 7.89307 7.76974 8.72313 8.07677 11.5179 7.57301 7.24082 6.93897 6.92622 6.89947 8.81257 7.71734 9.93919 9.56161 8.2861 6.63676 7.09802 6.60406 6.29552 8.83145 6.15273 6.39792 6.12367 6.08965 6.03204 9.14996 11.3048 7.9573 7.36736 6.02167 5.93741 5.85868 7.51593 8.94362 5.71018 5.59552 5.57961 5.48072 6.15985 6.08263 5.82944 11.4951 5.43476 5.43078 5.38217 5.97663 5.34479 6.58117 5.29806 5.28531 5.03246 5.88225 4.98822 4.91506 5.99983 4.85833 4.81211 4.76354 4.74394 5.05588 4.69198 4.66078 4.65297 5.70752 6.39296 5.59959 4.56739 5.64819 4.88635 4.55174 4.4812 11.9511 6.91302 4.98158 5.442 4.46571 5.223 4.33568 4.30026 4.21933 4.18485 4.42257 4.17059 6.98953 5.05696 4.39132 4.20684 4.17769 4.8294 4.24134 4.23886 4.14837 4.12668 6.57029 6.40231 4.11472 5.09435 4.1288 4.06686 4.0457 4.04546 6.84013 5.76461 4.30832 4.02059 4.9271 3.97909 3.93647 5.90205
threshold=-0.065505117177963243 -0.034218437969684594 0.031402070075273521 -0.16589048504829404 -0.14464228600263593 0.062254153192043311 0.42471592128276831 0.47301135957241064 0.10598503425717355 0.17502278834581378 0.19611540436744693 -0.53630343079566944 0.49573864042758947 0.34232954680919653 -0.56286215782165516 -0.21668158471584317 -0.52026459574699391 0.1277740299701691 0.062254153192043311 -0.03267045505344867 -0.18711137771606443 0.46603681147098547 0.083113092929124846 0.15430071949958804 -0.22558488696813581 -0.093674797564744935 0.2918361127376557 0.27762436866760259 0.43492516875267034 0.40874977409839636 0.42243160307407385 0.03263163939118386 -0.0055373962968587867 0.02637705393135548 0.084646522998809828 -0.036173962056636803 -0.13294097036123273 0.061988044530153281 -0.17078959196805951 0.061524873599410064 0.51439917087554943 -0.42924110591411585 -0.32173828780651087 0.22598450630903247 -0.13785416632890699 -0.2010899409651756 0.15399561077356341 0.017547169700264934 0.43323864042758947 -0.001277609961107373 -0.0019346683839103205 -0.15177133679389951 0.39630682766437536 -0.37652650475502009 0.076018393039703383 -0.22926829755306241 0.16908067464828494 0.29119317233562475 -0.20379465818405149 -0.10396550968289374 -0.59597384929656971 -0.019997823052108284 -0.041193181648850434 -0.089488636702299104 0.1690488085150719 0.042931107804179199 0.013923345133662226 -0.015694682486355301 0.11229273676872255 0.18892045319080356 0.36732265353202825 0.073982462286949172 -0.051653567701578133 -0.34140987694263453 -0.066203545778989778 0.038608592003583915 0.076517753303051009 -0.075284089893102632 0.23619301617145541 0.17105530947446826 -0.098132669925689683 -0.046874999999999993 0.12876033782958987 0.34445250034332281 0.48439107835292822 0.27914266288280493 -0.29119317233562464 0.1173347868025303 0.43323864042758947 0.21794527769088748 -0.15177133679389951 -0.11221591010689734 0.059295460581779487 -0.14914772659540174 0.18807654082775119 0.2834028452634812 -0.10576959326863287 1.0000000180025095e-35 -1.0000000180025095e-35 -0.096240367740392671 -0.35369317233562464 0.32606464624404913 0.10016058385372163 -0.10820392891764639 0.0024971090024337177 -0.037106284871697419 0.10333471000194551 -0.088045820593833909 -0.23605119436979291 0.43157629668712622 -0.058116041123867028 1.0000000180025095e-35 -0.12337907403707503 0.010489702690392734 -0.29687499999999994 -0.015694682486355301 0.0046316231600940236 1.0330188274383547 -0.78451398015022267 -1.0000000180025095e-35 0.37228564918041235 0.12642045319080356 -0.24013996869325635 0.43607954680919653 0.37500000000000006 0.098011363297700896
decision_type=2 2 2 2 2 2 2 2 2 2 2 2 2 2 2 2 2 2 2 2 2 2 2 2 2 2 2 2 2 2 2 2 2 2 2 2 2 2 2 2 2 2 2 2 2 2 2 2 2 2 2 2 2 2 2 2 2 2 2 2 2 2 2 2 2 2 2 2 2 2 2 2 2 2 2 2 2 2 2 2 2 2 2 2 2 2 2 2 2 2 2 2 2 2 2 2 2 2 2 2 2 2 2 2 2 2 2 2 2 2 2 2 2 2 2 2 2 2 2 2 2 2 2 2 2 2
left_child=3 7 22 4 11 6 34 83 15 12 23 14 53 18 46 17 -13 -7 20 39 60 32 48 24 25 -11 63 70 29 -29 -30 40 99 78 37 36 59 38 66 -20 94 44 43 -43 -18 54 65 -47 97 -50 -51 -36 -6 -10 56 -56 57 73 72 96 -5 62 -46 115 -65 -1 -4 86 -69 -24 -28 -72 -59 -44 75 76 -39 -35 -34 -55 82 -82 -81 84 -2 -85 -26 90 89 109 -17 -92 -40 -94 -32 -57 -15 -3 -99 101 -101 102 104 -102 105 107 -107 -22 -62 110 111 -89 113 114 -53 -12 -38 118 -48 -120 -119 122 -75 -41 125 -16
right_child=1 2 5 13 52 8 -8 -9 9 10 26 16 -14 35 124 87 41 -19 19 -21 21 -23 69 -25 67 -27 27 28 30 -31 31 -33 33 77 51 -37 116 74 92 123 -42 42 45 -45 61 47 117 -49 49 50 -52 112 -54 79 55 95 -58 58 -60 -61 108 -63 -64 64 -66 -67 -68 68 -70 -71 71 -73 -74 121 -76 -77 -78 -79 -80 80 81 -83 -84 85 -86 -87 -88 88 -90 -91 91 -93 93 -95 -96 -97 -98 98 -100 100 103 -103 -104 -105 -106 106 -108 -109 -110 -111 -112 -113 -114 -115 -116 -117 -118 120 119 -121 -122 -123 -124 -125 -126 -127
leaf_value=0.0086140383106251758 0.0044665187067402237 0.00037518870722047802 0.0049356149593738491 0.0017442178206799584 0.0046470681346323286 0.0077234838305889585 0.017741696339871982 0.016956080145872174 -0.0042997070230816458 -0.0088531269284582159 0.013444764003511517 0.0040782409494083656 0.018803157865716055 -0.0013124521786604521 -0.0030293658853923831 0.0051062295236909911 0.011809809144804964 -0.0017565097793118649 -0.00016035821340850483 -0.018471846155441382 -0.0025437905336950528 0.0073960497728142172 -0.0041751374036699956 -0.0047551890789478855 -0.00098940684641042782 0.0019763713744645208 -0.00056164354390552751 0.002918265701332072 -0.0054933984528687026 0.014356985474438642 -0.0052426066272389868 0.0074796916553420134 -0.0068042438086206867 0.0023986585822612701 0.010071521080866581 -0.017256467760167524 -0.00039934323711443597 0.0076226654544382646 0.012191889326329782 -0.011843733214583903 -0.0075997841884776233 -0.0073238112934781484 -0.0011396210702579069 0.0038435931331896153 -0.0055487540554666126 -0.0010161050197125606 -0.0091225139687768787 -0.0085495653421811656 0.00022856645926379679 -0.020539425408374144 -0.0050112240723485073 0.017894567454723516 0.01346464223314809 0.0025629343856331654 -0.0009819500397232634 0.011044497614940585 0.0082129001691977031 0.0025468564127228833 0.011020934305320512 -0.019532581964009418 0.00086559641483280976 0.0069745188697906369 0.0024787757726877011 -0.0010712489742848376 0.006769537482463275 -0.003190445305925466 -0.0084410916934036465 -0.0077036363443422611 0.0031055684782278973 -0.010684697339629625 -0.012316766725157136 -0.0013147276038137071 -0.0084793193385160927 0.00097383848931642363 0.004296682945065659 -0.0083635578700770787 -0.0031896570500906064 -0.0085718994040330041 -0.017479315560566221 0.013767949285225026 0.0005009420617549115 0.0084155213567764873 0.0025506309232045691 0.0056157983911411828 0.011810617726972401 -0.0064491383983594714 0.0066047360210567873 -0.0079284940953632619 -0.018373043341460272 0.0038902261460633963 -0.0086523743756079883 -0.00080908232511346786 -0.00078503629876906496 0.0093547464716569589 0.0022861559445467527 0.0026039185726544488 -0.011865646347194654 0.00019978016979698484 -0.0044000341851033785 -0.0071484771833588067 0.0098754187734463872 -0.007549778370471028 -0.0082149491982192787 0.0012428697282959467 0.0017205204404096687 0.0013085686363865535 -0.0066197094619356144 -0.011423125937162928 -0.007074173293938002 0.0017449584139293843 -0.011194276950463098 0.0059962802526884957 0.0022045197365416825 0.0027995899602185868 0.0058756346802672941 0.0051102201485127945 -0.010096139866672753 -0.0027062764414507966 0.0015848904460847248 -0.00785317528625387 0.0071675336426693164 -0.014302911660388209 -0.010484334404713637 -0.0018818654216563859 -0.013826216838121649 -0.01278302870841941
leaf_weight=380 10345 3812 258 402 1693 720 515 401 387 674 330 1792 251 257 795 412 317 839 572 281 580 554 2065 2904 520 420 1556 2139 1027 402 391 866 514 460 1010 312 818 265 476 643 394 2069 1756 494 769 1141 1009 797 483 253 489 272 401 4770 755 541 307 361 433 273 312 447 878 1340 731 295 259 442 443 717 441 452 339 352 581 464 678 272 296 643 1088 788 296 261 492 338 1027 333 286 406 536 1503 458 431 2421 556 526 1450 2521 357 326 774 419 1115 1524 1326 384 420 3198 264 792 256 1783 533 258 1363 250 673 813 439 274 253 305 257 464 431
leaf_count=380 10345 3812 258 402 1693 720 515 401 387 674 330 1792 251 257 795 412 317 839 572 281 580 554 2065 2904 520 420 1556 2139 1027 402 391 866 514 460 1010 312 818 265 476 643 394 2069 1756 494 769 1141 1009 797 483 253 489 272 401 4770 755 541 307 361 433 273 312 447 878 1340 731 295 259 442 443 717 441 452 339 352 581 464 678 272 296 643 1088 788 296 261 492 338 1027 333 286 406 536 1503 458 431 2421 556 526 1450 2521 357 326 774 419 1115 1524 1326 384 420 3198 264 792 256 1783 533 258 1363 250 673 813 439 274 253 305 257 464 431
internal_value=5.65217e-06 0.00134011 0.000567655 -0.0022333 -0.000694694 0.00149584 0.0046658 0.00491833 0.000745174 0.00136378 0.000325094 -0.00142669 0.00392125 -0.00420328 -0.00419315 -0.00202742 -0.000372571 0.00260037 -0.00352307 -0.00770545 -0.00296554 -0.00189192 -0.00282183 -0.00228873 -0.000247601 -0.00466118 0.00154085 0.000627475 0.00174631 0.00474881 0.000242692 0.00169945 -0.00248444 -0.00646109 0.0037861 -0.00836977 -0.00703815 0.00182594 0.00455935 -0.00561121 0.000124641 -0.000995423 -0.00169061 -0.00515356 0.00200461 -0.000561512 -0.00229172 -0.0041336 -0.00187664 -0.0061661 -0.010376 0.00574334 0.00635745 0.00344428 0.000595998 0.00360944 -0.000755859 -0.00149428 0.00249267 -0.0113667 -0.0055132 0.000495926 -0.0012497 0.00397914 0.00168474 0.00339869 -0.00169343 0.00172723 -0.00225398 -0.0058687 -0.00284784 -0.00679009 -0.00274387 -0.00320266 -0.000747197 -0.00285947 -0.000108059 -0.00165014 -0.0107644 0.00384531 0.00600426 0.0038482 0.0102661 0.00449089 0.00480487 -0.00112409 0.00402867 -0.00354272 -0.00563712 -0.00383096 -0.00153095 -0.00289221 0.00695628 0.00410295 0.00122336 0.00680146 -0.00845055 -0.0011958 -0.00271178 -0.00162984 0.00114023 -0.00255395 -0.00171335 0.00322729 -0.00105836 -0.00263367 -0.000459533 -0.00631323 -0.00635676 -0.00576075 -0.00722578 -0.00182612 0.00419177 0.00748481 0.0121232 0.00676411 -0.0027179 -0.00350106 -0.00503378 -0.0017071 0.000121435 -0.00714016 -0.00430972 -0.00903367 -0.00853774 -0.00649848
internal_weight=106472 66721 54884 39751 22329 43094 8241 11837 34853 28506 20283 20235 8223 17422 5573 6347 14662 1559 14986 1753 13233 9321 11790 6430 3526 1094 13853 10089 7640 2541 5099 4072 8767 1542 7726 2436 2124 3870 1882 1472 3206 12870 10459 2563 2411 7896 3883 1938 9008 1225 742 3856 2094 7972 5958 1852 4106 3799 1133 1056 3912 2094 1647 3764 2071 675 517 2432 885 2782 2449 893 700 2666 1988 1407 943 732 810 7585 2815 1876 939 11436 10837 599 1547 4788 2337 2051 2451 2039 1365 889 2812 1097 783 7783 3971 7225 1798 5427 4653 1441 4234 2710 1710 1000 3510 1645 1381 589 2846 1063 530 1693 1068 3208 2261 1252 947 910 657 900 1690 1226
internal_count=106472 66721 54884 39751 22329 43094 8241 11837 34853 28506 20283 20235 8223 17422 5573 6347 14662 1559 14986 1753 13233 9321 11790 6430 3526 1094 13853 10089 7640 2541 5099 4072 8767 1542 7726 2436 2124 3870 1882 1472 3206 12870 10459 2563 2411 7896 3883 1938 9008 1225 742 3856 2094 7972 5958 1852 4106 3799 1133 1056 3912 2094 1647 3764 2071 675 517 2432 885 2782 2449 893 700 2666 1988 1407 943 732 810 7585 2815 1876 939 11436 10837 599 1547 4788 2337 2051 2451 2039 1365 889 2812 1097 783 7783 3971 7225 1798 5427 4653 1441 4234 2710 1710 1000 3510 1645 1381 589 2846 1063 530 1693 1068 3208 2261 1252 947 910 657 900 1690 1226
is_linear=0
shrinkage=0.0667171


Tree=13
num_leaves=127
num_cat=0
split_feature=18 11 18 18 11 20 18 14 10 20 11 9 20 12 20 20 11 10 5 9 18 10 12 11 20 18 12 12 9 19 0 9 18 13 7 10 10 15 9 17 14 15 20 11 12 18 5 10 15 0 18 13 18 8 19 13 17 5 16 18 12 11 10 9 18 18 16 10 19 12 15 16 0 20 8 17 8 15 20 7 10 17 19 12 0 15 19 18 12 12 0 20 8 18 10 11 0 12 5 7 8 10 10 0 20 0 8 0 11 15 16 7 11 16 15 11 0 0 10 9 11 16 19 12 0 11
split_gain=67.6352 14.8089 16.174 13.1589 18.272 11.6296 13.9352 12.3629 11.1636 10.5379 16.5233 9.70582 9.66794 9.61611 8.45218 7.88037 7.61281 8.16538 7.57131 8.40703 7.22942 7.18348 7.01343 6.56418 6.46838 6.13445 8.78654 5.94785 5.77329 8.11737 6.92782 7.01757 5.72456 5.65375 5.62769 5.84611 5.47049 5.39582 5.6835 5.3844 5.36979 5.36628 5.31676 7.05388 8.7392 5.48045 6.54226 7.58687 9.90386 5.45604 9.2564 5.407 9.98761 5.44701 6.91763 7.81083 6.76343 5.1981 5.19416 4.97462 5.60402 4.92907 5.94734 5.12931 4.92519 4.8805 4.8313 4.7737 5.09424 6.83091 5.15264 5.36547 4.72075 5.62577 5.2685 4.70209 4.67355 7.15968 6.31139 8.26861 6.82723 5.55643 5.31713 4.66638 6.6955 5.23256 4.78539 4.61507 4.60781 8.25134 4.69997 4.60686 6.98437 4.60498 6.10826 4.53185 6.91381 4.48846 4.44555 4.39467 4.34312 4.31307 4.56425 4.30607 5.03374 4.30003 4.24118 4.2052 4.18084 4.17367 3.99828 3.98857 3.9749 4.40309 3.9683 4.52959 5.39483 5.33599 3.89554 3.83242 4.07249 6.44928 3.82721 5.10638 3.80939 6.39501
threshold=-0.0995199680328369 -0.33223511278629297 -0.40806765854358668 0.055483173578977592 0.12352046743035318 -0.089895855635404573 -0.32173828780651087 0.14407849311828616 -0.10708231851458548 -0.013428404927253721 -0.05781267583370208 0.21375150978565219 0.10911072418093683 0.036895368248224265 -0.42653231322765345 0.10344028100371362 -0.65195417404174794 0.23447446525096896 1.0000000180025095e-35 0.043815791606903083 0.19194141775369647 0.16589901596307757 -0.29943396151065821 -0.35743924975395197 -0.3162167221307754 -0.68872055411338795 1.0330188274383547 0.20366495102643969 -0.031329818069934838 0.017980955541133884 0.024147727526724342 0.089114733040332808 -0.24400845170021054 -0.42206172645092005 0.00077084335498511802 0.2624864280223847 0.090738065540790572 -0.2496083006262779 -0.10898427292704581 0.57586652040481578 -0.11447820812463759 0.43933179974555975 0.023183036595582966 0.3221393376588822 0.22424814105033877 0.22304980456829074 1.0000000180025095e-35 0.40373790264129644 0.60062211751937877 0.44460226595401769 0.22037483006715777 0.33911854028701788 0.10864803194999696 0.266157016158104 0.082066517323255553 0.22658272832632068 0.12106284871697427 -0.37499999999999994 0.081650860607624068 0.13895370811223987 -0.0099028018303215486 -0.011543789878487585 -0.23264865577220914 0.04973771050572396 -0.0019346683839103205 1.0000000180025095e-35 -0.048308618366718285 -0.033582117408514016 0.18187437206506732 0.22424814105033877 -0.15974655002355573 -0.0093264621682465059 0.14914772659540179 -0.055901374667882912 -0.081906028091907487 0.14587228745222094 0.036252418532967574 0.10905529931187631 0.085519153624773039 -0.16925795376300809 0.046730019152164466 -0.055731339380145066 -0.23604997992515561 0.12639222294092181 0.30255682766437536 0.099838711321353926 -0.15445105731487271 -0.13916920125484464 -0.062178388237953179 -0.13024013489484784 0.23437500000000003 0.35361006855964666 0.034287570044398315 0.19685667008161548 0.024144205264747146 0.23093622922897342 -0.035511363297700875 0.15563751012086871 -1.0000000180025095e-35 -0.25787711143493647 0.078051425516605391 -0.011831912677735089 -0.11610391363501547 0.38494317233562475 -0.23200869560241696 0.098011363297700896 0.032299766317009933 1.0000000180025095e-35 -0.17148938775062558 0.13493855297565463 -0.15541695058345792 0.041358627378940589 -0.2722047865390777 -0.15212412178516385 -0.0030952381202951069 -0.68562191724777211 0.29687500000000006 -0.026988636702299115 1.3943152427673342 0.055920891463756568 0.24266309291124347 0.07312259823083879 -0.14192452281713483 -0.058198969811201089 -0.22869318723678586 0.080926660448312773
decision_type=2 2 2 2 2 2 2 2 2 2 2 2 2 2 2 2 2 2 2 2 2 2 2 2 2 2 2 2 2 2 2 2 2 2 2 2 2 2 2 2 2 2 2 2 2 2 2 2 2 2 2 2 2 2 2 2 2 2 2 2 2 2 2 2 2 2 2 2 2 2 2 2 2 2 2 2 2 2 2 2 2 2 2 2 2 2 2 2 2 2 2 2 2 2 2 2 2 2 2 2 2 2 2 2 2 2 2 2 2 2 2 2 2 2 2 2 2 2 2 2 2 2 2 2 2 2
left_child=1 2 24 9 12 6 18 8 100 11 28 40 61 22 41 -12 -4 21 67 39 23 32 -10 -14 25 26 -1 -27 34 58 -31 -32 -18 -34 35 99 106 -25 -39 66 103 -15 43 44 59 46 47 48 97 51 -51 52 109 54 55 56 -54 -13 -30 -6 75 -5 -63 72 -42 -33 -20 -3 70 -70 -69 -72 73 74 -64 -61 78 82 79 -7 98 -79 -78 86 85 -85 -9 124 89 90 -40 92 -90 94 -53 96 -66 -45 122 -11 -8 102 -75 104 -2 -101 -22 -62 -107 -44 -35 -52 -80 -114 115 116 -26 -117 -28 120 121 -56 123 -81 125 -24
right_child=3 5 16 4 42 76 7 83 13 10 15 57 20 14 -16 -17 17 -19 19 -21 36 -23 87 37 114 27 118 -29 29 30 31 65 33 110 -36 -37 -38 38 88 -41 64 -43 49 45 -46 -47 -48 -49 -50 50 111 93 53 -55 119 -57 -58 -59 -60 60 107 62 63 -65 95 -67 -68 68 69 -71 71 -73 -74 101 -76 -77 77 81 112 80 -82 -83 -84 84 -86 -87 -88 -89 91 -91 -92 -93 -94 -95 -96 -97 -98 -99 -100 105 -102 -103 -104 -105 -106 108 -108 -109 -110 -111 -112 -113 113 -115 -116 117 -118 -119 -120 -121 -122 -123 -124 -125 -126 -127
leaf_value=-0.0073352480070669485 0.0064787299149889283 -0.010374006046439907 0.010760439962380491 0.0079659430129455523 0.00082732204545360715 -0.0011051273322821237 -0.009228777764390364 0.0084747754997233551 -0.0079454397610453139 0.0094464029277042567 -0.0024708689358703272 -0.0096970283834259697 0.010150312693222724 0.0046209467597808276 -0.010452378558168711 -0.0083933419993573941 -0.0018257091889055041 -0.0021279674430479149 -0.011184092882983653 -0.0020130026079222979 0.0091484580005638874 0.0098806533161018058 0.0028763265650843567 0.0070352510487131361 0.0013430847873791179 -0.0045513195337711695 0.0085996146730454026 0.0058351689724293306 -0.0020143970823313017 -0.0021694632093619917 -0.001322054395483171 0.0051565115624839369 0.006599775646873301 -0.0057740022133621555 -0.00077223871177657763 -0.0026011473251549549 0.0020003814478613512 -0.0044439114007363738 -0.00020594820490203879 -0.0047293256805233585 0.0022803827351835643 -0.0051899945387795217 -0.0013607038944816487 -0.00074944874688058418 0.010627714700608522 0.0029878720426896265 -0.0073910848622366736 0.010191707152645172 -0.0077388260918065275 -0.010200164644153157 0.0044493319452182855 -0.0065468725499730736 0.0052727793535108187 0.0092539963991292006 -0.0043631819932801836 0.0017382569676194293 0.018168567587813919 -0.0010238913840610192 -0.011425992668098911 0.015229778898337838 -0.0018479643701826039 0.01301155590544501 0.0067903405890065898 0.0062531512762069282 0.0043384098276958759 0.018375609083787409 -0.022804540232529816 0.0054271948230504652 -0.011763118481677116 -0.00078957269862423051 -0.0084128350550226709 0.0012947307711529258 -0.0035811140830805076 0.0028090399265475957 -0.0045471996525813328 0.003928858055589712 0.005887690137587831 -0.014884960521146698 -0.0041033229952459139 -0.021265924917038603 -0.0019687910856130788 -0.003460162336546075 -0.0025956856341257952 0.009614124390461257 0.013228177869421889 -0.0020538284642182014 -0.00062595701364111212 0.011325512041188078 0.011548331364272911 -0.007794875296147372 0.0090462960547937673 -0.002517616895862676 0.0013541956478358296 8.601699958379748e-06 0.0040728935156663579 -0.00016875604404543147 0.013431334385049306 0.0078135736943875274 -0.0057875801002479164 0.00077832614813434537 -0.00046908793875536861 0.0023279501042763324 0.014139390421772256 -0.0068571837823179034 -0.00055962222226132877 0.011538484843965352 0.0034950078704118035 0.0058892663003837897 0.002622656234702642 -0.013384672032597624 0.0043244197776819713 -0.0050002143435839523 -0.020456017431319223 -0.0096165451143220577 -0.010806860817660002 -0.0038435932127251471 -0.0062547517283207893 -0.015411837833021528 -0.0020213398297145766 0.0027131503387029373 -0.0059662576518973512 0.005684555652560928 -0.0076338191061694205 -0.0094116220821120582 0.0053930868010950081 -0.007114097482519296
leaf_weight=972 568 338 407 2301 3189 1682 1114 310 283 741 5235 378 311 458 646 1244 1160 1975 488 574 1258 595 911 476 910 335 281 869 2838 582 262 253 1319 354 1794 525 2558 1179 1699 321 5658 532 266 788 659 1618 713 278 717 618 485 1225 597 454 619 2109 265 1658 287 362 552 322 257 1995 1033 260 254 576 451 583 405 654 567 273 601 315 371 355 321 299 1035 423 2620 278 419 426 1410 267 510 602 281 411 737 3078 293 396 595 408 1582 1212 334 815 401 357 2142 444 1162 699 517 257 336 331 252 563 471 473 753 292 324 1008 806 520 769 388 897 411
leaf_count=972 568 338 407 2301 3189 1682 1114 310 283 741 5235 378 311 458 646 1244 1160 1975 488 574 1258 595 911 476 910 335 281 869 2838 582 262 253 1319 354 1794 525 2558 1179 1699 321 5658 532 266 788 659 1618 713 278 717 618 485 1225 597 454 619 2109 265 1658 287 362 552 322 257 1995 1033 260 254 576 451 583 405 654 567 273 601 315 371 355 321 299 1035 423 2620 278 419 426 1410 267 510 602 281 411 737 3078 293 396 595 408 1582 1212 334 815 401 357 2142 444 1162 699 517 257 336 331 252 563 471 473 753 292 324 1008 806 520 769 388 897 411
internal_value=2.49624e-05 -0.00233746 -0.000402065 0.0012188 0.0019742 -0.00328981 -0.00197266 -0.000392579 -0.00214863 0.000124295 -0.00100483 0.00155694 0.00352584 -0.000469999 -0.0045268 -0.00361465 0.00196622 0.00133363 -0.00492277 -0.00858153 0.00227608 0.00315918 0.00191695 0.000750206 -0.00297002 -0.000658302 -0.00340232 0.00290918 0.000732454 -0.00101911 0.00327263 0.00740674 0.00188228 0.00403982 0.00223929 0.00382057 0.00417071 0.000244911 -0.000348044 -0.0120972 0.00235866 -0.000620706 0.000722482 0.00185356 0.00339834 -0.000112252 -0.00185267 -3.11918e-05 -0.00154325 -0.000175914 -0.00405354 0.000305422 0.00148834 0.00221962 0.00167217 0.00394509 0.00929492 -0.00265582 -0.0028953 0.0024576 0.00513365 0.0053766 0.00422976 0.00364201 0.0033007 0.0119386 -0.0152375 -0.0029177 -0.00195355 -0.00561389 0.000344738 -0.00239123 0.00184061 0.00316676 -0.00109753 0.0100283 -0.00493463 -0.00302687 -0.00597289 -0.00506303 -0.00668886 -0.00872468 -0.00152872 0.00321024 0.00655672 0.00252414 0.00100432 0.00306081 0.000784498 -0.000966859 0.00109725 0.00353081 0.00555698 -0.00146319 -0.00446728 0.00613304 0.00769005 0.00214795 -0.00828611 0.00499192 -0.0072265 0.00564734 0.00960329 7.68793e-07 0.000906649 0.00345245 0.00644965 0.00245154 0.00678293 -0.00733311 -0.000802025 0.000565991 -0.0105405 -0.0130358 -0.00517589 -0.00406411 -0.0020808 -0.00831767 0.00285496 -0.000604166 -0.0023431 0.000194501 -0.010972 -0.0146439 0.00204305 -0.000209208
internal_weight=106750 35826 11826 70924 41945 24000 13340 8696 5853 28979 16194 12785 18716 4405 1636 6479 6146 5739 4644 1637 11184 3764 2769 6206 5680 2781 1577 1204 9715 4482 1357 775 3169 2009 5233 3439 4978 5895 5419 1063 10749 990 23229 10298 5776 4522 2904 2191 1913 12931 1434 11497 6901 6378 5924 2971 862 2036 3125 5117 1928 7532 5231 4909 7682 513 742 3007 2669 1034 1635 1059 2914 2347 858 677 10660 3769 6891 5755 4073 778 2991 2843 1123 704 1720 2486 4240 2582 1980 1658 1247 4596 1518 2024 1628 1196 3038 2914 1448 1489 674 3067 2710 2173 2420 1251 961 523 690 816 1136 815 2899 2428 1663 765 605 2953 1945 1139 1456 687 2219 1322
internal_count=106750 35826 11826 70924 41945 24000 13340 8696 5853 28979 16194 12785 18716 4405 1636 6479 6146 5739 4644 1637 11184 3764 2769 6206 5680 2781 1577 1204 9715 4482 1357 775 3169 2009 5233 3439 4978 5895 5419 1063 10749 990 23229 10298 5776 4522 2904 2191 1913 12931 1434 11497 6901 6378 5924 2971 862 2036 3125 5117 1928 7532 5231 4909 7682 513 742 3007 2669 1034 1635 1059 2914 2347 858 677 10660 3769 6891 5755 4073 778 2991 2843 1123 704 1720 2486 4240 2582 1980 1658 1247 4596 1518 2024 1628 1196 3038 2914 1448 1489 674 3067 2710 2173 2420 1251 961 523 690 816 1136 815 2899 2428 1663 765 605 2953 1945 1139 1456 687 2219 1322
is_linear=0
shrinkage=0.0667171


Tree=14
num_leaves=127
num_cat=0
split_feature=18 11 18 11 18 20 11 20 20 18 4 16 11 13 20 18 20 12 3 18 13 12 4 16 8 11 4 11 18 16 93 11 20 12 18 4 9 15 20 18 3 18 0 16 17 15 20 20 15 0 0 13 15 15 9 18 4 9 16 8 12 18 0 12 9 16 8 8 17 17 9 9 12 0 20 20 17 19 3 0 11 5 4 7 17 17 13 0 11 17 15 12 9 13 7 4 9 18 20 12 11 5 12 15 7 20 20 11 12 17 3 3 5 4 19 5 5 11 17 12 12 18 4 4 19 19
split_gain=62.9401 11.9594 19.9135 11.741 19.0205 15.7811 14.7313 10.3751 10.2166 15.1082 10.0343 9.77485 7.94665 7.92349 7.07637 7.28159 6.9012 6.80125 6.60899 6.48258 6.43633 6.81833 7.38684 6.23604 6.39197 6.21364 6.11538 6.08635 7.09473 5.96974 5.95128 6.68153 10.4203 8.58089 5.84907 5.81634 5.66614 5.98026 5.66278 8.80364 6.81434 5.62162 6.32031 7.66002 11.3269 6.61991 8.17494 6.45946 8.19226 6.16468 7.33853 6.87281 7.29541 6.08023 5.92188 5.50618 5.22574 5.22048 5.20307 5.09355 6.38352 5.09017 5.01737 8.06126 4.99907 8.43792 4.97481 4.93569 6.48231 4.8339 7.27532 5.51296 4.68899 4.5175 4.9683 6.90968 5.22552 4.50957 4.48833 4.46938 4.20606 6.30806 5.82194 5.38515 4.47139 4.19684 4.14946 4.10462 4.82445 6.93079 7.51722 3.99881 3.97131 3.99083 3.95716 3.95628 4.15215 4.48508 3.94696 8.10394 9.97293 5.22409 3.94508 3.9347 4.23948 3.92714 3.89857 4.97888 6.64016 4.72031 6.14401 5.13899 3.86051 6.9158 3.85295 3.83693 3.82835 3.8193 5.56628 3.74294 7.75826 4.79968 4.51478 3.73399 3.6416 6.66604
threshold=-0.058091631159186356 -0.33223511278629297 -0.40806765854358668 0.18943096697330478 0.081946276128292098 -0.013428404927253721 -0.05781267583370208 0.10344028100371362 -0.13652861863374707 -0.32173828780651087 0.47953346371650701 -0.23833270370960233 -0.17899565398693082 -0.43116340041160578 0.071482531726360335 0.026488136500120166 -0.084243051707744585 0.18736992776393893 0.28738254308700567 0.19194141775369647 -0.2783766090869903 -0.31203544139862055 0.34931121766567236 0.15430071949958804 0.21794527769088748 -0.33223511278629297 -0.24637155234813687 1.0000000180025095e-35 -0.0069711019750684491 0.090232741087675108 1.0000000180025095e-35 -0.19553063064813611 0.10518647357821466 0.50297313928604137 -0.24400845170021054 -0.085229709744453416 0.26644423604011541 -0.2496083006262779 0.042696811258792884 -0.0069711019750684491 0.26693189144134527 0.60444065928459179 0.41335226595401769 0.26451236009597784 -0.20059686899185178 1.4412442445755007 -0.19460634142160413 0.061988044530153281 0.83569893240928661 0.20028409361839297 0.18323864042758944 0.30443954467773443 0.17819508165121081 0.1874116733670235 0.23707477748394015 0.29949583113193518 0.12489546835422517 0.46649724245071417 0.35438753664493566 -0.007959118112921713 -0.1634019464254379 -0.68872055411338795 -0.37642045319080347 -0.22664380073547361 -0.33008505403995508 -0.50527572631835926 0.32368624210357672 -0.057775052264332764 -0.041313102468848222 0.53721415996551525 -0.070542547851800905 0.17888835817575457 1.0330188274383547 0.44460226595401769 -0.058829646557569497 -0.019990757107734677 0.029519631527364257 0.25585715472698217 -0.399487555027008 0.37073864042758947 0.10314595326781274 1.0000000180025095e-35 -0.028517822735011574 0.12490425631403924 -0.37491010129451746 0.48845821619033819 0.093772035092115416 0.38210226595401769 -0.0068189271260052911 -0.029519991017878052 -0.15131336450576779 0.30845054984092718 -0.14394240826368329 0.3349089920520783 0.22459989786148074 0.29984846711158758 0.10063128173351289 -0.015463230200111864 0.21040020138025287 -0.046763865277171128 -0.13849003612995145 1.0000000180025095e-35 -0.044196683913469308 -0.064508449286222444 -0.008769944775849579 -0.33771762251853937 0.30266089737415319 0.12352046743035318 -0.13542595505714414 0.25539334863424307 -0.34452423453330988 0.29405258595943456 0.37500000000000006 0.20169832557439807 -0.023948374204337593 0.37500000000000006 -1.0000000180025095e-35 -0.027572725899517533 0.15856464952230456 0.29700401425361639 0.15563751012086871 0.016325897537171844 -0.10926083102822302 -0.50721788406372059 0.14159815013408664 0.051171923056244857
decision_type=2 2 2 2 2 2 2 2 2 2 2 2 2 2 2 2 2 2 2 2 2 2 2 2 2 2 2 2 2 2 2 2 2 2 2 2 2 2 2 2 2 2 2 2 2 2 2 2 2 2 2 2 2 2 2 2 2 2 2 2 2 2 2 2 2 2 2 2 2 2 2 2 2 2 2 2 2 2 2 2 2 2 2 2 2 2 2 2 2 2 2 2 2 2 2 2 2 2 2 2 2 2 2 2 2 2 2 2 2 2 2 2 2 2 2 2 2 2 2 2 2 2 2 2 2 2
left_child=1 2 10 4 5 20 30 87 9 18 16 -11 66 34 27 -16 17 -1 23 25 -2 -22 95 24 77 -9 29 28 -8 59 31 32 -7 119 64 116 37 -27 40 78 -33 42 45 44 -44 46 54 48 -45 50 53 52 -51 55 92 -48 57 94 91 -14 -61 72 63 -13 -4 -66 -10 -24 -69 70 -15 -72 -19 74 76 -76 -37 112 -40 -18 84 83 115 86 -21 -77 -82 88 89 90 -6 -43 -5 -94 -55 96 97 103 99 100 -41 -100 -99 104 -23 -63 107 109 -109 110 -39 -111 113 114 -3 -83 -28 -30 -119 120 122 -122 -34 -90 125 -102
right_child=3 8 13 41 7 6 14 19 12 11 -12 62 26 69 15 -17 79 61 -20 80 21 22 67 -25 -26 36 35 -29 117 -31 -32 38 33 -35 -36 73 -38 106 39 98 -42 58 43 47 -46 -47 49 -49 -50 51 -52 -53 -54 56 -56 -57 -58 -59 -60 60 -62 105 -64 -65 65 -67 -68 68 -70 -71 71 -73 -74 -75 75 85 -78 -79 -80 -81 81 82 -84 -85 -86 -87 -88 -89 123 -91 -92 -93 93 -95 -96 -97 -98 102 101 -101 124 -103 -104 -105 -106 -107 -108 108 -110 111 -112 -113 -114 -115 -116 -117 -118 118 -120 -121 121 -123 -124 -125 -126 -127
leaf_value=-0.012110615121514096 0.0075648521518398622 -0.012709220456436115 0.0058282312900194786 -0.00080866296291793411 -0.00025540189163070302 0.012029305083265763 -0.0024752065617843744 0.01055771930589865 -0.0025525669481886179 0.0075408922952803882 0.0088466820031698496 -0.002813001733550557 -0.0042394833941352891 -0.0048462637186843195 -0.012694943653950196 -0.0037898990832479574 -0.0053048816682728693 -0.0059330900681311581 -0.00098026183408304835 -0.00015528203592944992 -0.0072927678460161342 0.01075473633085337 0.014233873103034238 -0.0012801322199623608 -0.018364068262849316 0.0079716705033583534 -0.01638434881982084 -0.0032222175907024543 0.0099822012200919859 -0.0094846238369902178 -0.0079510048804709004 0.0012174744990312251 -0.0099361015870165909 0.013722866072394917 0.0066662801187790935 -0.0059903926641829332 0.0073423600037557796 0.010341370325340221 -0.012862918142040894 0.0090821666371703382 0.013951233628754472 0.014942125128880629 0.01293681923135097 -0.0080590529891064414 -0.0021932122346343306 -0.0080719736864589761 0.0008539411293452591 -0.014872341356734277 0.0041320337613987568 -0.0046512859613524514 -0.011595175271851551 -0.00020744267917168806 0.0072359653882845994 -0.0010415409613623778 -0.00095585184933784134 0.010980340983806298 -0.0071736909976432674 0.0061440101731206351 -0.00010919722470793603 0.0079927898694899715 -0.0018310914051896518 0.0055338509543278172 -0.0011752224290093303 0.0078702467708567665 0.0065639207477513287 -0.0063113914571867064 0.0046231066300351448 0.013115839532059009 0.0012103728975187921 -0.0068252971424286341 0.0078250447946350676 -0.00053270948446589646 0.0014044961594000189 -0.011474176367981479 0.00058819999779634573 -0.0045144500813962471 -0.016928509134008524 -0.01330640395674952 -0.003175252879625539 -0.013392673275601079 2.7959976433094411e-05 -0.0030128807502561865 -0.007442029058271394 -0.0025083852725641619 0.0056063518089447366 -0.012132491619263089 0.010020954245341589 0.012167971522684529 0.011531084129807193 0.014478720817378466 0.0097104341418818609 0.0039828464367277893 0.012422925030497075 0.0046041626849209405 -0.0066105090539578595 -0.0062005106376086727 -0.00050663423998932252 0.0040470271212153502 -0.0089610513166613337 0.0086693428306281219 -0.00075721371668171123 0.0030140886511119068 0.011872520857074916 -0.0021683147771727803 -0.00097630032939501695 -0.0016458300527891776 -0.0056660212517847053 0.0013382485448429889 -0.012823777877891724 -0.0042051361358788845 0.000759695884085568 0.0040062126729941486 -0.012647112354615363 0.0029623472524403748 -0.0029456204037360649 0.0077401845504900934 -0.0075592520614947509 0.0080012667738194355 -0.0053024559736192765 -0.0043992583027899525 0.00059899597035883957 0.010261988484464621 0.00079787533072422879 0.0036000962409818253 0.0038992739392823277 -0.011264953952360327
leaf_weight=264 1195 340 651 250 594 590 958 255 5853 750 291 533 1243 671 510 2134 1638 1122 1539 696 313 278 333 777 250 328 371 2782 462 460 300 614 253 253 2080 712 423 397 257 457 270 258 251 763 1643 412 2111 327 354 269 289 2616 1384 4117 641 268 750 392 587 462 790 699 6483 746 348 630 458 289 695 444 688 698 579 499 1153 2867 275 392 1289 382 256 298 534 346 3811 368 648 360 278 512 753 370 560 643 661 269 1831 1559 352 672 1047 290 358 877 256 643 759 271 307 1205 1200 465 253 447 402 282 594 293 260 476 397 559 529 6056 369 362
leaf_count=264 1195 340 651 250 594 590 958 255 5853 750 291 533 1243 671 510 2134 1638 1122 1539 696 313 278 333 777 250 328 371 2782 462 460 300 614 253 253 2080 712 423 397 257 457 270 258 251 763 1643 412 2111 327 354 269 289 2616 1384 4117 641 268 750 392 587 462 790 699 6483 746 348 630 458 289 695 444 688 698 579 499 1153 2867 275 392 1289 382 256 298 534 346 3811 368 648 360 278 512 753 370 560 643 661 269 1831 1559 352 672 1047 290 358 877 256 643 759 271 307 1205 1200 465 253 447 402 282 594 293 260 476 397 559 529 6056 369 362
internal_value=2.82713e-05 -0.00202934 -0.000238312 0.00130338 0.00188904 0.000643 -0.00053273 0.00336763 -0.00275832 -0.00135617 -0.00311799 0.00028097 -0.00388029 0.00236191 -0.00275717 -0.00552615 -0.00378235 -0.00189115 -0.00452942 0.0021363 0.00303056 0.00225679 0.00270732 -0.00642743 -0.0083312 0.000446781 -0.00507212 -0.00120969 0.00161176 -0.00251635 0.00122667 0.00153725 0.00407366 0.0021512 0.00431924 -0.0061713 -3.28235e-05 -0.000675212 0.000234122 -0.000615683 0.00515789 -4.82297e-05 -0.000335757 -0.00296646 -0.000159277 0.000233959 0.000466277 -0.00662344 -0.00416358 -0.000160894 -0.00119318 0.00190732 0.00527251 -0.000824229 0.00432945 0.00201574 -0.00197153 -0.00120829 0.00434141 -0.00121104 0.00177126 -0.000985511 -0.000417903 0.00338934 0.00130088 -0.00168674 -0.00202508 0.00719142 0.00475985 -0.000526754 0.000820736 0.0035932 -0.00341385 -0.00536984 -0.00479333 -0.00381643 -0.00908893 -0.00693069 -0.00481734 -0.00685879 0.00351044 0.00121252 -0.00241517 0.00446986 0.00470825 -0.00539682 0.00718571 0.00516012 0.0048458 0.00785098 0.00529566 0.00855417 0.00668758 0.00827926 -0.00182111 0.00161132 0.00202767 0.00343216 0.00120666 0.00225943 0.000312127 -0.00349532 0.00553373 0.000552614 0.00506972 0.0020681 -0.00130227 -0.000429961 -0.0061259 0.00057113 0.00316977 -0.00189393 -0.00516067 -0.00352217 -0.0074732 0.00215591 -0.0109996 0.00550339 0.00169384 0.000801649 0.00224867 0.00628379 -0.00264081 0.00395684 -0.00193263 -0.00349022
internal_weight=106783 40845 11828 65938 46022 24988 16735 21034 29017 12912 5618 8512 16105 6210 7399 2644 5327 3307 4400 12481 8253 7058 6745 2861 2084 5610 9794 4755 1973 2955 9336 9036 3057 2467 3709 6839 5355 4932 5979 5095 884 19916 18701 3338 1894 15363 14951 1444 1117 12857 8588 4269 1653 8299 2094 2379 5920 5170 1215 2495 1252 3043 7762 1279 1629 978 6311 1317 984 2501 2057 1386 1701 5874 5375 4388 987 1834 1546 2020 6871 2364 1114 1250 4507 3235 904 8553 8193 1859 1347 628 1453 1203 4778 5428 5159 3328 3549 2907 2235 642 1917 1411 534 1342 4604 3845 578 3267 1597 1670 1442 1189 742 580 965 1015 553 2214 1738 956 782 6334 1778 1409
internal_count=106783 40845 11828 65938 46022 24988 16735 21034 29017 12912 5618 8512 16105 6210 7399 2644 5327 3307 4400 12481 8253 7058 6745 2861 2084 5610 9794 4755 1973 2955 9336 9036 3057 2467 3709 6839 5355 4932 5979 5095 884 19916 18701 3338 1894 15363 14951 1444 1117 12857 8588 4269 1653 8299 2094 2379 5920 5170 1215 2495 1252 3043 7762 1279 1629 978 6311 1317 984 2501 2057 1386 1701 5874 5375 4388 987 1834 1546 2020 6871 2364 1114 1250 4507 3235 904 8553 8193 1859 1347 628 1453 1203 4778 5428 5159 3328 3549 2907 2235 642 1917 1411 534 1342 4604 3845 578 3267 1597 1670 1442 1189 742 580 965 1015 553 2214 1738 956 782 6334 1778 1409
is_linear=0
shrinkage=0.0667171


Tree=15
num_leaves=127
num_cat=0
split_feature=18 21 18 21 18 21 18 21 21 18 1 1 21 18 1 18 21 4 18 21 11 10 5 11 21 1 3 1 12 9 1 10 7 16 15 21 1 18 1 15 4 3 16 3 10 13 19 21 4 21 18 18 1 21 18 11 1 3 10 11 10 18 1 15 21 10 19 10 1 19 12 1 19 20 8 8 18 19 7 8 14 20 21 9 19 19 18 21 19 18 9 14 12 3 15 13 1 15 10 20 16 11 20 9 12 19 21 1 9 19 18 20 14 4 21 4 21 19 10 19 18 4 8 19 7 10
split_gain=54.2665 29.6882 27.2942 22.77 23.0575 22.7529 25.4915 12.6491 12.5678 12.9149 11.976 11.8681 11.3756 11.1841 10.5669 10.3221 12.878 9.11781 7.88943 7.74861 7.55396 8.33346 7.08472 7.46395 7.07023 10.3473 7.59978 7.16253 8.02388 7.79634 7.02414 6.95514 6.79851 6.48554 6.37872 6.28358 10.2021 6.26077 5.96757 5.91886 5.88501 7.03565 8.16673 6.0474 5.81009 7.6291 8.54819 5.80213 5.55223 5.54671 8.27129 5.48514 6.43521 6.08632 5.64476 5.4511 5.40827 5.38936 5.29744 5.8847 5.23654 5.90493 5.20806 5.12009 5.05664 5.02021 10.814 5.00734 4.93185 4.83443 4.74833 7.36813 4.68055 4.455 6.79917 4.44575 4.26101 4.23666 4.20357 4.75576 4.17112 4.54068 5.19301 6.31791 4.76594 4.10788 4.09586 4.08924 6.42809 4.78575 4.90896 5.28834 5.11321 4.92412 4.55701 5.54068 4.654 4.55016 4.0647 5.29593 4.0568 4.02533 6.3206 5.96088 4.70145 4.35819 10.1835 8.88149 6.62658 4.7584 4.75602 4.52095 7.49765 6.14736 4.00566 5.94088 3.98196 4.20378 3.96832 6.02948 4.08067 6.15424 6.12706 3.95748 3.95616 3.88109
threshold=-0.058091631159186356 -0.036173962056636803 0.031402070075273521 -0.11179413273930548 -0.29062251746654505 0.17176358401775363 0.17105530947446826 -0.25323729217052454 -0.36535407602787012 -0.57647010684013356 -0.47301135957241053 -0.50142046809196461 0.096149928867816939 -0.13517671078443524 -0.43323864042758936 0.096665639430284514 0.020210355520248417 0.45299275219440466 -0.16318259388208387 -0.54573827981948841 0.4142459928989411 0.058669773861765868 -1.0000000180025095e-35 -0.091666329652070985 0.062254153192043311 0.029829545877873901 0.46854946017265325 -0.34801135957241053 0.11229273676872255 0.0055905324406921872 -0.37073864042758936 0.15399561077356341 0.16408948600292209 0.22598450630903247 0.25122120976448065 -0.014663181733340023 -0.44460226595401758 -0.0019346683839103205 -0.27982954680919642 -0.2496083006262779 0.49318027496337896 -0.41401703655719752 -0.23833270370960233 -0.37866973876953119 0.2624864280223847 -0.58342492580413807 0.26425185799598699 -0.2010899409651756 0.028504603542387489 -0.04204053804278373 -0.1117778606712818 -0.57647010684013356 -0.26278407871723169 -0.0055373962968587867 -0.18711137771606443 -0.041489684954285615 -0.25710226595401758 0.49484245479106909 -0.21248716115951535 0.18101559579372409 2.059259414672852 -0.78451398015022267 0.42471592128276831 -0.24269585311412809 0.22759057581424716 0.21442810446023944 0.14159815013408664 0.42273630201816564 -0.28551135957241053 0.19845730811357501 0.021926815621554855 -0.0071022729389369479 0.025938472710549835 0.15986795723438266 0.084683913737535491 0.1447088420391083 0.068872988224029555 0.16338387876749041 -0.026204106397926804 -0.12169975042343138 0.3498836904764176 -0.013428404927253721 0.075290989130735411 0.12080277875065805 -0.0046812506625428787 0.16338387876749041 -0.35214525461196894 0.066810529679059996 -0.22805814445018766 0.15868259221315387 -0.13781769573688504 -0.16202887147665021 -0.2419554069638252 0.15633092820644381 0.11599078401923181 0.060572933405637748 -0.049715908244252198 -0.18048387020826337 0.38611099123954779 0.1475138068199158 -0.070798516273498521 0.3421280980110169 -0.47421868145465845 0.14676918089389804 0.48439107835292822 0.090889409184455885 -0.12478534132242201 -0.23437499999999997 -0.34878757596015925 -0.0046812506625428787 0.075347539037466063 -0.080934900790452943 0.50665226578712474 -0.16428215801715848 -0.30865362286567682 0.39291179180145269 -0.13851312547922132 0.030931482091546062 -0.075286276638507829 -0.09773752465844153 -0.034590752795338624 -0.36894176900386805 0.0035595754161477093 -0.07237162813544272 -0.021221922710537907 0.15021160989999774
decision_type=2 2 2 2 2 2 2 2 2 2 2 2 2 2 2 2 2 2 2 2 2 2 2 2 2 2 2 2 2 2 2 2 2 2 2 2 2 2 2 2 2 2 2 2 2 2 2 2 2 2 2 2 2 2 2 2 2 2 2 2 2 2 2 2 2 2 2 2 2 2 2 2 2 2 2 2 2 2 2 2 2 2 2 2 2 2 2 2 2 2 2 2 2 2 2 2 2 2 2 2 2 2 2 2 2 2 2 2 2 2 2 2 2 2 2 2 2 2 2 2 2 2 2 2 2 2
left_child=3 10 35 4 8 11 14 18 9 19 -2 12 -4 40 34 16 22 38 114 44 -8 -22 76 -24 27 -26 98 28 49 51 -10 32 77 57 -7 -3 37 -37 -15 -17 41 42 -9 -43 45 -1 125 70 -44 50 -5 -29 -53 54 -54 -33 -20 -32 59 -18 61 67 63 -11 -38 66 87 -46 -67 -70 -45 -72 -55 -23 -75 -35 124 -31 -56 -80 81 82 83 -60 -84 86 -65 88 -41 90 -89 -92 -93 -94 95 -91 -96 -90 99 -27 -50 102 -12 -103 105 106 109 -107 -108 -104 118 113 -113 -109 115 -6 117 -40 119 120 121 -110 -123 -116 -13 -47
right_child=1 2 5 24 7 6 20 13 30 62 101 15 -14 17 -16 39 58 -19 56 -21 21 73 23 -25 25 26 -28 29 -30 31 33 55 -34 75 -36 36 64 -39 116 65 -42 43 48 47 60 46 -48 -49 100 -51 -52 52 53 72 78 -57 -58 -59 80 -61 -62 -63 -64 85 -66 68 -68 -69 69 -71 71 -73 -74 74 -76 -77 -78 -79 79 -81 -82 -83 84 -85 -86 -87 -88 89 97 94 91 92 93 -95 96 -97 -98 -99 -100 -101 -102 103 104 -105 -106 107 108 111 110 -111 -112 112 -114 -115 123 -117 -118 -119 -120 -121 -122 122 -124 -125 -126 -127
leaf_value=0.0090759083203010814 0.016415298080933768 0.0010793465783616521 0.021313668420005254 -0.0097484305058198502 0.0024499177920316102 -0.0042115817806457588 0.0020370360833156824 0.0038206327823455829 -0.014206160782849425 0.0073844494399136658 0.011572494478244594 0.0098600941365453391 0.0037396362386241735 -0.003808361798955418 -0.0026844883030787241 0.011666015770852051 0.0053876616721997891 0.012890917639027952 0.016884890728540238 -0.010184160519326073 -0.0055952086801179263 0.0035164541013539517 0.0022523557813754454 0.014850887948526122 -0.019076062730202039 -0.0061195923921098065 -0.013504699204033577 0.0042664745312776305 -0.013836325417251903 0.00028944289342520296 -0.0070012011467559549 -0.0014461019197327056 -0.0084668254156000048 0.0058463880475793685 -0.01609018183568971 -0.01556805077011445 -0.0019597949520421751 -0.0044749745716313426 0.0039400953062930042 -0.0011541472708938543 -0.011560324238111945 0.0090144124066825065 -0.012336656760229254 0.0070690624165026372 -0.01623094389920364 -0.001960799916899235 0.0075141254749799347 -0.0022643220153328908 -0.008646529886651929 -0.011818494001972034 0.0056672725077141252 0.0025906264125840853 -0.0091020671692651888 -0.013401263405633117 -0.0010061434856094816 0.0080569943330351113 0.0062078831006074338 0.0018813856904922868 0.0083784834533525039 -0.0028565057292486208 0.0039934509707539008 -0.00076409148593768175 -0.0072655559108743845 -0.0019325936973281898 -0.011247685535586744 0.0090036735289053902 0.009807763825428131 -0.0061347221981752414 0.0041121419879821871 -0.0016264150003814301 0.0052661412610349231 -0.0060838535924001786 -0.0041866353974454916 -0.010513662726462491 0.0029602635267914116 -0.0042595547231390196 -0.0035329075681378064 -0.0081284905387911353 -0.012692682614935166 -0.0035576967859022018 0.0056395270157614721 -0.0033009458201973805 0.0038147823493418294 -0.0031319864611305264 -0.0073731056760525165 0.0045043158272283813 0.0052686430097782832 -0.0058757658575998564 0.0012650297421152119 0.0035761889405485762 -0.0058294641883177966 -0.0023146972506460496 0.0067159983539424525 -0.00020905287568640077 0.0083946857063783159 0.014150320921807333 -0.0029755669724003827 0.010653311566480259 -0.0091315575193142914 0.0049949623189028116 0.0029762292526807769 0.0053582815662419278 0.016503438030811134 -0.009002810824854629 0.010085762315046907 0.011612479737354778 0.013265982069374977 0.0025634990381688759 0.0075155179659434097 0.0053186537976059392 0.0086915353659009712 0.0078973125819867054 -0.0039904049088907842 -0.0050834339419351653 -0.0046244122586275305 0.012586015290196021 -0.0001172726616537909 0.013818853932110379 0.00027475654867877009 0.010754136358537223 0.0069571505771751207 0.0015884468133946649 -0.012471673897993354 0.0028855524070578523 0.00023586310800588993 -0.012265762160320357
leaf_weight=370 358 2057 299 253 1471 374 12423 329 390 650 509 377 370 609 5278 427 1215 386 270 708 1343 1287 345 554 311 347 398 301 595 2235 2953 463 625 378 457 427 8409 503 801 393 253 302 612 637 276 410 283 3335 266 268 388 463 885 682 1891 616 1048 330 595 555 279 748 287 1917 268 334 1427 1149 1022 1792 518 494 402 304 356 389 386 298 343 1023 343 3405 261 321 457 991 426 400 307 480 340 624 1432 655 253 423 420 1004 306 416 257 254 435 252 523 349 294 856 260 294 563 698 349 1016 590 313 674 257 2277 494 471 290 252 653 393 277
leaf_count=370 358 2057 299 253 1471 374 12423 329 390 650 509 377 370 609 5278 427 1215 386 270 708 1343 1287 345 554 311 347 398 301 595 2235 2953 463 625 378 457 427 8409 503 801 393 253 302 612 637 276 410 283 3335 266 268 388 463 885 682 1891 616 1048 330 595 555 279 748 287 1917 268 334 1427 1149 1022 1792 518 494 402 304 356 389 386 298 343 1023 343 3405 261 321 457 991 426 400 307 480 340 624 1432 655 253 423 420 1004 306 416 257 254 435 252 523 349 294 856 260 294 563 698 349 1016 590 313 674 257 2277 494 471 290 252 653 393 277
internal_value=5.43251e-05 0.0012386 0.000611043 -0.00185757 -0.000747031 0.00138105 -0.000137007 0.00113011 -0.00274929 -0.00128028 0.00443815 0.00291556 0.0116573 -0.000202991 -0.00379449 0.00263371 0.000956752 0.00341548 0.00412237 -0.00377517 0.00128308 -0.00155237 0.00560859 0.0100542 -0.00409801 -0.00803042 -0.00564925 -0.0034983 -0.00780583 -0.00286032 -0.00564276 -0.000660969 -0.00224667 -0.00480478 -0.0107879 -0.00225293 -0.00297051 -0.00961119 0.00183128 0.00394657 -0.00161765 -0.00123686 -0.00532532 -9.66455e-05 -0.00256623 0.000943145 -0.00213362 -0.000658923 -0.00801632 -0.0038114 -0.000382631 -0.00441001 -0.00487746 -0.00554731 -0.0043664 0.00394576 0.00843514 -0.00609527 -0.000376616 0.00278011 -0.00449735 -0.00560875 0.00134121 0.00197425 -0.0022531 0.00365033 0.00452524 -0.00812803 0.00137194 0.000447639 0.00256565 -0.000239548 -0.0100167 0.00122007 -0.00319827 0.000672041 0.00211891 -0.000694258 -0.00306511 -0.00588614 -0.001422 -0.00191203 0.000960952 0.00430226 -0.00325025 0.000906093 -0.000604449 0.00339834 0.00623286 0.00242905 0.00102549 0.00194465 0.00293692 0.00452575 0.00547657 0.00857571 0.00126719 0.00847782 -0.00267485 -2.26581e-05 -0.00288733 0.00402146 0.00431814 -0.0017215 0.00392055 0.00355243 0.00468012 0.00159862 0.00357469 0.0120412 0.00294352 0.000381989 0.0038958 -0.00156817 0.00223113 0.0042567 0.00383596 0.0063864 0.00213134 0.00450237 0.00204124 -0.000815918 -0.00489481 -0.000651347 0.00499558 -0.00617513
internal_weight=106684 65889 55095 40795 27286 43431 21822 14075 13211 8771 10794 21609 669 9730 6109 20940 9207 2727 4345 4500 15713 3290 2055 899 13509 1778 1467 11731 1504 10227 4440 4237 3158 4050 831 11664 9607 930 2341 11733 7003 6750 1464 5286 3792 1340 970 4984 1135 909 641 5990 5689 5226 4142 1079 1318 3283 7152 1770 2452 2173 4271 3984 8677 11306 8158 1425 3148 2814 1649 1012 1084 1947 660 767 1156 2533 3257 1366 5382 5039 1634 916 718 3334 2343 6731 1704 5027 3451 3051 2711 2087 1576 903 673 1311 1069 763 523 10436 9930 506 9421 8898 5630 3268 4901 729 4607 2919 1047 1872 3027 1784 1732 1058 4044 1767 1273 802 542 1243 770 687
internal_count=106684 65889 55095 40795 27286 43431 21822 14075 13211 8771 10794 21609 669 9730 6109 20940 9207 2727 4345 4500 15713 3290 2055 899 13509 1778 1467 11731 1504 10227 4440 4237 3158 4050 831 11664 9607 930 2341 11733 7003 6750 1464 5286 3792 1340 970 4984 1135 909 641 5990 5689 5226 4142 1079 1318 3283 7152 1770 2452 2173 4271 3984 8677 11306 8158 1425 3148 2814 1649 1012 1084 1947 660 767 1156 2533 3257 1366 5382 5039 1634 916 718 3334 2343 6731 1704 5027 3451 3051 2711 2087 1576 903 673 1311 1069 763 523 10436 9930 506 9421 8898 5630 3268 4901 729 4607 2919 1047 1872 3027 1784 1732 1058 4044 1767 1273 802 542 1243 770 687
is_linear=0
shrinkage=0.0667171


Tree=16
num_leaves=127
num_cat=0
split_feature=18 21 18 21 21 18 0 18 0 21 11 0 17 21 18 18 0 18 21 4 4 21 18 18 15 4 15 20 17 21 9 0 21 4 0 18 20 12 3 21 18 12 18 4 12 9 21 11 11 4 16 6 21 14 4 4 17 9 18 21 21 18 0 4 13 20 12 11 4 4 9 18 21 11 14 0 21 18 21 4 14 18 4 21 3 21 12 14 18 12 17 3 11 3 9 5 18 4 18 3 9 0 11 15 17 12 18 11 12 9 9 14 18 18 14 1 17 17 14 21 5 20 0 13 12 20
split_gain=51.386 31.7092 31.3313 21.1466 19.8591 19.6016 18.7853 17.7612 11.2578 9.86323 9.27044 8.17079 7.86895 7.77562 8.37642 7.59928 7.34504 7.23367 9.53981 7.58686 7.08432 10.542 7.90776 7.85419 8.63277 6.94722 7.81471 14.0028 6.90815 6.88318 6.83429 6.97019 6.58931 9.28682 8.20231 9.38688 7.2168 6.46302 6.39507 6.28739 7.18296 6.26848 6.43596 6.18242 6.11076 5.9601 5.73925 5.61452 5.56981 7.08921 5.39948 5.84028 5.3532 5.46462 5.25852 5.11232 5.99069 5.04402 5.044 11.5462 5.91877 4.90672 7.18139 9.29185 4.80256 5.2797 5.0499 4.7802 6.25311 7.21132 4.77164 4.71945 4.5778 4.57707 5.51672 4.93733 4.55546 6.22692 5.04078 6.9762 5.91486 6.31046 5.33951 4.82692 4.46042 4.13389 4.13386 5.87901 4.08199 4.38286 4.25683 6.76203 4.03409 8.73792 8.50428 5.26334 3.96698 4.73817 3.94068 3.92713 4.29212 3.90539 3.89694 5.99162 3.86235 3.83477 3.76556 3.76382 3.74582 3.94513 4.31964 3.7425 3.73985 9.57366 4.2524 3.99742 9.93877 6.35477 4.01621 3.86001 3.73638 3.73085 3.72303 7.20284 5.61653 3.70934
threshold=-0.096240367740392671 -0.040085013955831521 0.031402070075273521 -0.16589048504829404 0.10657939687371255 -0.32173828780651087 0.49573864042758947 0.11253532022237779 0.43323864042758947 0.083113092929124846 0.29839794337749487 0.40482954680919653 0.43157629668712622 -0.36535407602787012 -0.57647010684013356 0.57462233304977428 0.19460227340459826 -0.14464228600263593 -0.22585993260145185 0.4340589046478272 0.27995325624942785 0.042653270065784461 -0.054252579808235162 -0.019389361143112179 0.60062211751937877 0.29984846711158758 0.079884793609380736 0.17096640169620517 0.31871135532855993 0.15155648440122607 0.64112457633018505 0.47017045319080358 0.19391968101263049 -0.044784568250179284 0.46732954680919653 0.2262433543801308 0.19858354330062869 -0.13367066532373426 0.42316816747188574 0.013379053678363563 0.090347733348608031 -0.25030875205993647 0.24711910635232928 -0.036655424162745469 -0.18055460602045056 0.0038755522109568123 -0.11179413273930548 0.042374800890684135 -0.25380036234855646 -0.45759029686450953 0.14103370159864428 -0.50660270452499379 -0.095846824347972856 -0.11002033576369284 0.4457684606313706 0.085113108158111586 0.45868690311908727 -0.34878757596015925 0.20200974494218829 0.40756410360336309 0.23564407974481585 -0.20172158628702161 0.29119317233562475 -0.30144415795803065 -0.579534351825714 -0.089895855635404573 0.20222412794828418 -0.31376573443412775 -0.49001491069793696 -0.38544754683971399 0.077767301350831999 0.13895370811223987 -0.5822576880455016 0.033784927800297744 0.22877810150384906 0.0071022729389369496 0.63589778542518627 0.28306050598621374 0.2918361127376557 -0.23918534070253369 -0.087730962783098207 0.1432982608675957 -0.085229709744453416 0.36732265353202825 -0.43606831133365626 0.66011369228363048 0.30200687050819403 0.28973209857940679 -0.68872055411338795 1.0330188274383547 -0.28128147125244135 0.27382043004035955 -0.48984086513519282 -0.19453945755958554 -0.043966185301542275 -1.0000000180025095e-35 0.02152569126337767 -0.4294768869876861 0.42243160307407385 -0.20203755795955655 -0.04830698482692241 0.20596590638160708 0.22255933284759524 -0.069116741418838487 -0.24460664391517636 0.33294454216957098 -0.042091308161616318 0.12940261512994769 -0.23887363821268079 0.30618810653686529 -0.50711610913276661 -0.15162716060876844 -0.61250972747802723 -0.26967006921768183 -0.0713854245841503 0.45312500000000006 -0.11419531330466269 0.0048899755347520122 0.20648873597383502 -0.11504682525992392 0.37500000000000006 0.22255595773458484 -1.0000000180025095e-35 0.18807654082775119 -0.076992567628622041 0.053461156785488136
decision_type=2 2 2 2 2 2 2 2 2 2 2 2 2 2 2 2 2 2 2 2 2 2 2 2 2 2 2 2 2 2 2 2 2 2 2 2 2 2 2 2 2 2 2 2 2 2 2 2 2 2 2 2 2 2 2 2 2 2 2 2 2 2 2 2 2 2 2 2 2 2 2 2 2 2 2 2 2 2 2 2 2 2 2 2 2 2 2 2 2 2 2 2 2 2 2 2 2 2 2 2 2 2 2 2 2 2 2 2 2 2 2 2 2 2 2 2 2 2 2 2 2 2 2 2 2 2
left_child=3 30 9 5 6 13 39 8 12 20 15 28 25 14 72 32 96 18 37 -19 23 22 -22 24 -3 26 27 44 48 -10 31 52 33 41 76 -36 55 -7 73 -4 54 -9 71 -40 -6 -28 -13 -27 49 -5 101 -52 53 -2 102 -35 104 -50 60 -60 -53 64 63 -63 -39 -66 -67 -25 -69 -70 -54 -43 88 74 -20 -76 77 78 80 83 81 82 -34 -80 -47 -17 87 -51 89 90 -1 -92 93 94 -16 -94 97 -11 -61 100 -68 -12 103 -41 -57 112 -33 -42 -15 110 -110 -62 -59 114 -114 118 -117 -118 119 -115 121 -82 124 -124 -73 -99
right_child=1 2 4 11 7 17 -8 10 29 16 50 46 -14 108 92 85 -18 19 38 -21 21 -23 -24 67 -26 47 45 -29 -30 -31 -32 106 34 36 35 -37 -38 61 43 40 107 42 -44 -45 -46 84 -48 -49 57 86 51 58 70 -55 -56 56 -58 105 59 98 111 62 -64 -65 65 66 99 68 69 -71 -72 122 -74 -75 75 -77 -78 -79 79 -81 120 -83 -84 -85 -86 -87 -88 -89 -90 -91 91 -93 95 -95 -96 -97 -98 125 -100 -101 -102 -103 -104 -105 -106 -107 -108 -109 109 -111 -112 -113 113 115 -116 116 117 -119 -120 -121 -122 -123 123 -125 -126 -127
leaf_value=-0.011914297716536251 -6.0960185550303325e-05 -0.0031133293362167391 0.0054667669163878255 -0.0090668787796428577 -0.0017408022636324532 -0.0049660772469714521 0.017304374567906178 -0.008373523902570108 -0.005686817825978744 -0.011758533382680694 -0.0013615534978772936 -0.0053248205376994441 0.0022021815755900094 0.00087513188640355171 -0.0069426807324568345 0.014730743625386289 -0.011485199495976489 0.0032821075161538114 0.00051370202063381225 0.015710733975048713 -0.01070021182637949 -0.011578771416126761 -0.00059090740611733561 -0.0062168900906233544 0.0094884955882752441 -0.0048248726003999815 -0.018240121869568963 -0.010525272991158631 -0.0070271319126824416 -0.019750351739972007 -0.0044270262509802172 0.005703004009268057 -1.4417655915614834e-05 0.014726502804647348 -0.013019554656727822 0.0021630645403226205 -0.0021791349173430922 0.0075508789485181091 0.010552791282263489 -0.0016307065867107598 0.005028107588247302 -0.0012650005356004714 -0.00487585516372611 -0.0026195914510621621 0.010867408901975606 -0.00052641543170777578 -0.014616654857579641 0.0074731020056259612 -0.0098652718962136329 -0.0024307215872509166 0.0076361536632873249 -0.0016000970971324908 0.0013317226362501691 0.0060787625744241338 -0.0078239679528494463 0.00091990818098642397 -0.0011857726474241127 0.0049276937451095204 0.0028746536673914347 -0.0088748501293233611 -0.015891746783468625 0.0092303305136770021 0.01505381579044735 -0.0019879982436171277 0.0026708984622039527 -0.0095323307134295258 -0.010516247617526994 0.01060495544975004 -0.0046005001737000981 0.0034600844412625387 0.0055313909323901752 0.0071733554885836806 -0.0076647143791906611 -0.0099715265616957521 -0.013780097874842238 -0.0033025567396737748 -0.007374522560577323 0.0035733836939136651 -0.0037428062290188512 0.00052336465842810719 0.012074004699292352 0.0016410201559957339 -0.011171451953807485 -0.01441007502551862 -0.011415142420223472 0.004538002991646581 -0.0036232376649795615 0.009088141523385846 0.00065142353071642593 -0.00025377119125795903 -0.0072227209937486651 0.0047130291001200976 0.0014141595051321355 0.0085356588119190335 0.0073020620464627059 -0.004941826982978118 0.00046680222880184086 0.0019975899530052126 -0.0024238403811147786 0.0040584864069392402 0.0016450826853507798 0.0071645835768394187 -0.0058260490782175269 0.0034839584413466447 0.0094248532231781378 -0.010702879436956112 0.017182106054923211 0.0012732022892385131 -0.001307718812048968 0.00032467439886860595 -0.0094208545660377074 -0.0061381728380018223 -0.0063552742316248306 -3.8337318500219175e-05 -0.017388832469330397 0.010780605792164218 -0.011425720545051895 0.0020865605268275637 0.0011349309352581068 -0.0044932543117163761 -0.00010927993553787434 0.0033893526281086801 0.015276682484817866 0.00231301390388735 -0.0053638030485188351 -0.0058939345446793147
leaf_weight=435 720 3832 3191 254 365 527 412 301 377 418 398 718 1250 302 497 280 754 1498 1181 256 405 659 2262 284 254 298 298 516 2176 272 409 255 381 369 406 317 395 494 298 1716 3528 642 515 326 311 296 523 359 523 282 280 1099 4334 5321 334 298 393 261 1975 580 252 655 304 646 2014 354 251 393 634 2164 1683 366 1029 452 275 766 275 3398 642 1364 425 2004 372 273 400 515 294 611 1150 830 779 283 1381 713 293 989 657 372 1614 477 252 570 358 2481 1338 286 277 1831 366 283 1635 636 416 1083 262 338 255 377 891 4599 405 483 378 395 274 861
leaf_count=435 720 3832 3191 254 365 527 412 301 377 418 398 718 1250 302 497 280 754 1498 1181 256 405 659 2262 284 254 298 298 516 2176 272 409 255 381 369 406 317 395 494 298 1716 3528 642 515 326 311 296 523 359 523 282 280 1099 4334 5321 334 298 393 261 1975 580 252 655 304 646 2014 354 251 393 634 2164 1683 366 1029 452 275 766 275 3398 642 1364 425 2004 372 273 400 515 294 611 1150 830 779 283 1381 713 293 989 657 372 1614 477 252 570 358 2481 1338 286 277 1831 366 283 1635 636 416 1083 262 338 255 377 891 4599 405 483 378 395 274 861
internal_value=-3.63873e-05 0.0010162 0.000339063 -0.00208036 0.00122719 -0.000784018 0.00330939 0.000243314 -0.00349264 -0.00240894 0.000964811 -0.0040927 -0.00218753 -0.00278195 -0.00178909 0.00181495 -0.0057563 0.00120004 0.000452832 0.00512728 -0.00146392 -0.00402939 -0.00214599 -0.000330217 -0.00231607 -0.00412983 -0.00594063 -0.00226216 -0.00359089 -0.0116483 0.00399028 0.00426765 0.00150355 0.00334551 0.000529125 -0.00631212 0.00608447 0.00204544 -0.00242145 0.00287552 0.00206465 0.000668543 0.00174598 0.00361726 0.00401172 -0.0103115 -0.00927477 0.00183506 -0.00289005 0.0009479 -0.00100581 -0.00170833 0.00393297 0.0053406 0.000208294 0.00746399 0.00611668 -0.00348921 -0.00214173 -0.000813564 -0.00490898 0.00273233 0.00583406 0.00363928 0.0014262 0.000508228 -0.00273122 0.00199543 0.0027419 0.00161937 0.00251335 0.00342649 -0.00374467 -0.00384689 -0.00257979 -0.00611625 0.00102722 0.00126945 3.0552e-05 -0.00247464 0.00144181 -0.000301409 -0.00550754 -0.00697617 -0.00684341 0.0081821 0.00313577 0.00540768 -0.00257251 -0.00417981 -0.00633464 -0.004006 0.000478135 0.00318559 -0.00160371 -0.00122501 -0.00386512 -0.00560867 -0.00414814 -0.000230822 -0.00435991 0.00362094 0.000807708 0.00138459 0.00789341 -0.00310318 0.0117522 0.00375143 -0.0059837 -0.0069092 -0.0079521 -0.00896123 -0.00284062 -0.00309287 -0.0106834 -0.00240371 0.00156631 -0.00332048 -0.00299525 -0.00364959 0.0051241 0.00749937 0.00558392 0.00870531 0.00175717 -0.0034856
internal_weight=106289 70149 57150 36140 43201 21991 13851 29350 4742 13949 24608 14149 4093 10965 8379 17204 3062 11026 9272 1754 10887 3326 2667 7561 4086 2843 2186 1192 12908 649 12999 12590 16409 5664 10745 723 2793 5974 3298 13439 10248 2871 2570 624 676 994 1241 657 10732 1441 7404 6436 12058 6041 4889 2398 2029 9291 6156 4169 1987 5447 1605 1301 3842 3348 1334 3475 3191 2798 6017 2055 4506 2674 2222 1041 10022 9747 6349 2279 4070 2757 753 915 696 795 1187 893 3477 2327 1497 1062 3873 1503 790 2370 2308 1651 2194 980 503 968 4555 4197 1636 8768 532 5359 2586 2284 2001 888 8482 8221 678 7543 970 632 6573 5682 1313 908 1413 773 640 1233
internal_count=106289 70149 57150 36140 43201 21991 13851 29350 4742 13949 24608 14149 4093 10965 8379 17204 3062 11026 9272 1754 10887 3326 2667 7561 4086 2843 2186 1192 12908 649 12999 12590 16409 5664 10745 723 2793 5974 3298 13439 10248 2871 2570 624 676 994 1241 657 10732 1441 7404 6436 12058 6041 4889 2398 2029 9291 6156 4169 1987 5447 1605 1301 3842 3348 1334 3475 3191 2798 6017 2055 4506 2674 2222 1041 10022 9747 6349 2279 4070 2757 753 915 696 795 1187 893 3477 2327 1497 1062 3873 1503 790 2370 2308 1651 2194 980 503 968 4555 4197 1636 8768 532 5359 2586 2284 2001 888 8482 8221 678 7543 970 632 6573 5682 1313 908 1413 773 640 1233
is_linear=0
shrinkage=0.0667171


Tree=17
num_leaves=127
num_cat=0
split_feature=18 21 21 18 18 21 0 21 18 18 12 0 93 21 0 0 0 21 18 3 18 8 18 0 21 21 14 18 12 12 0 13 18 16 3 21 16 18 21 18 16 18 12 17 0 8 18 17 14 14 11 8 0 16 1 21 0 17 7 3 21 21 18 16 15 0 12 21 8 17 19 18 17 3 19 0 3 18 11 3 16 19 13 18 14 18 12 13 3 15 17 0 16 17 0 12 13 18 0 11 19 21 19 20 7 12 12 21 14 13 0 19 21 0 14 18 19 21 19 0 18 21 14 17 3 8
split_gain=47.7485 25.2735 24.855 26.1783 16.427 15.7645 19.6327 13.8647 16.9849 13.3605 9.46775 9.09785 9.50497 8.85888 9.33993 8.61068 7.71213 7.57263 10.4267 6.95111 6.7133 6.44045 6.27074 8.47831 9.48855 7.47564 6.2398 5.92217 5.6738 9.14406 7.95529 5.51062 5.42318 5.42206 11.1134 7.48901 5.27709 5.22323 5.20809 9.0219 7.35215 5.33033 5.20226 7.32154 5.20129 5.12488 5.1168 5.08872 6.54047 6.33656 5.08852 5.01893 5.00446 4.94725 4.75504 4.62189 4.61626 6.79042 7.38805 5.95022 6.13017 4.59256 7.12453 5.12167 4.58856 4.54791 8.84008 8.0325 5.09039 4.54532 4.54105 6.61613 5.17761 5.34437 4.48598 4.39949 9.05994 5.42462 5.10779 5.2872 4.48775 4.34988 4.27206 5.51347 4.18708 4.17022 6.07633 4.93839 4.65397 4.15227 7.29506 4.9664 4.14046 4.13274 5.07274 4.78 5.40035 4.12005 4.06969 4.03113 4.01964 5.65849 5.72359 5.65668 5.10698 3.93735 4.41451 4.12759 3.92747 5.03404 3.88223 3.7413 3.73109 6.00817 8.60761 3.9062 3.72441 5.21744 3.97712 3.7163 8.69603 4.60427 6.82036 4.59194 3.68115 6.29575
threshold=-0.021325975656509396 0.020210355520248417 -0.036173962056636803 -0.14188373088836667 0.055483173578977592 0.12484074756503107 0.49857954680919653 -0.2010899409651756 -0.32173828780651087 0.17105530947446826 0.033516295254230506 0.49289773404598242 1.0000000180025095e-35 0.18675594031810763 0.41335226595401769 0.47017045319080358 0.36505682766437536 -0.1580683812499046 -0.096240367740392671 0.47445212304592138 0.22423640638589862 -0.093472320586442934 0.29825963079929357 -0.15198864042758939 0.55455446243286144 0.2918361127376557 0.24660960584878924 0.026488136500120166 -0.13367066532373426 -0.26002858579158777 -0.15198864042758939 -0.40296727418899531 0.52285957336425792 0.14103370159864428 -0.24585780501365659 -0.040085013955831521 -0.14902096986770627 -0.052385110408067696 -0.56286215782165516 -0.44258654117584223 0.22598450630903247 -0.61250972747802723 -0.15461406856775281 -0.22220624238252637 0.40482954680919653 -0.025351905263960358 0.084646522998809828 0.31871135532855993 0.3030760139226914 0.27707174420356756 -0.62293937802314747 0.34254297614097601 0.45596592128276831 0.34445250034332281 -0.044034091755747788 0.36024364829063421 -0.0071022729389369479 0.42693801224231726 0.071851409971714034 -0.36766564846038813 -0.053773691877722733 0.61501601338386547 0.60444065928459179 0.33604107797145849 0.44950076937675482 -0.32528407871723169 -0.12337907403707503 0.20044462382793429 0.044370600953698165 0.49848985671997076 -0.14999118447303769 -0.3290975540876388 0.2834028452634812 0.17939373850822452 -0.10066525638103484 -0.058238636702299111 0.31995254755020147 -0.13020855188369748 -0.11135032773017882 -0.40443611145019526 -0.11738410592079161 0.74289092421531688 0.28659367561340338 0.1432982608675957 -0.12042204290628432 -0.78451398015022267 1.0330188274383547 -0.58342492580413807 0.093194048851728453 -0.17357143014669416 0.43308643996715551 -0.43892045319080347 0.045202448964118964 -0.093880340456962572 -0.26278407871723169 0.041566608473658569 0.3782698661088944 0.1432982608675957 0.27414773404598242 -0.25962115824222559 0.29309800267219549 -0.25323729217052454 0.11995649337768556 -0.017895364202558991 0.061639195308089263 0.32572327554225927 0.038987994194030769 0.046939130872488029 0.19608702510595324 0.33684453368186956 0.26278407871723181 -0.1893181577324867 -0.12156524136662482 -0.29687499999999994 -0.069899469614028917 0.011439860332757236 0.01067691156640649 -0.026396335102617737 -0.18375552445650098 -0.38778407871723169 0.10598503425717355 0.26823617517948156 -0.121908001601696 0.38771033287048345 -0.39443531632423395 0.27190808951854711
decision_type=2 2 2 2 2 2 2 2 2 2 2 2 2 2 2 2 2 2 2 2 2 2 2 2 2 2 2 2 2 2 2 2 2 2 2 2 2 2 2 2 2 2 2 2 2 2 2 2 2 2 2 2 2 2 2 2 2 2 2 2 2 2 2 2 2 2 2 2 2 2 2 2 2 2 2 2 2 2 2 2 2 2 2 2 2 2 2 2 2 2 2 2 2 2 2 2 2 2 2 2 2 2 2 2 2 2 2 2 2 2 2 2 2 2 2 2 2 2 2 2 2 2 2 2 2 2
left_child=2 11 3 7 105 6 20 8 38 13 22 12 27 26 119 47 70 19 44 52 28 -20 25 24 32 65 46 33 29 -6 108 -32 55 34 -2 53 -33 -18 39 85 41 -40 43 -29 69 -39 -7 48 -9 -49 -10 -52 100 -35 -45 -24 57 58 -23 -58 74 124 -63 -64 -42 66 -11 68 -67 75 72 -72 73 -4 -61 76 -19 -77 79 -79 -78 -22 -31 -84 -25 86 -1 -87 110 -56 91 -91 -69 -48 -95 96 -96 -16 -27 -73 101 104 103 -103 -5 106 -3 -108 109 -30 -89 -75 -36 115 -115 -114 117 -44 -119 -15 -121 122 -122 -124 125 -12
right_child=1 4 16 17 5 9 -8 15 50 10 61 -13 -14 14 97 -17 37 18 21 -21 81 56 23 84 -26 98 -28 42 30 82 31 36 -34 35 112 -37 -38 45 40 -41 64 -43 116 54 -46 -47 93 49 -50 -51 51 -53 -54 -55 89 -57 59 -59 -60 60 -62 62 63 -65 -66 67 -68 92 -70 -71 71 99 -74 111 -76 77 80 78 -80 -81 -82 -83 83 -85 -86 87 -88 88 -90 90 -92 -93 -94 94 95 -97 -98 -99 -100 -101 -102 102 -104 -105 -106 -107 107 -109 -110 -111 -112 -113 113 114 -116 -117 -118 118 -120 120 121 -123 123 -125 -126 -127
leaf_value=-0.007569533751834152 0.0098976208421343633 -0.0027607938909701667 -0.01000371643748307 0.0035946146079133497 4.4499157488505832e-06 -0.0042728791239823264 0.0194762637856075 -0.003717350866323548 0.010118679549327134 0.0037376719871006375 0.0013994087934347686 0.016285312595966647 -0.0083654749554082537 0.0032106686296507038 -0.016613473386399381 -0.012729174205101229 -0.015863618523682021 0.012783914260886953 0.006264181550036399 -0.0055993563966993155 0.012356745892022337 0.00022094403445413214 0.0065808722680587468 0.0067984247744448086 -0.0056129585092516733 -0.00027026419646903227 -0.0080214882934421337 -0.0045172703838862061 -0.007760648161472262 0.010900300647937029 -0.0064718505406645222 0.011038355094378418 0.013740611073775916 0.0068141386115599164 0.0051883988441589193 -0.0080854647972011841 0.0024467956579952367 0.000805753988803979 -0.01050739872015781 0.00767842491935851 0.0094907873820366199 -0.0038559533498622304 0.015580449316842064 -0.0036997116706880473 -0.0081306319007200378 -0.010213303501440651 -0.002319359992743175 -0.0049901696384395434 0.0014710192577307858 -0.016586500814635845 0.00081619543614002582 0.0071534796509004758 0.014434460049186019 -0.0037382811308920216 0.0087337439974500258 -0.0018013479971951401 -0.00052963047264992756 0.007396992651270546 -0.010425198069332104 0.015022871792805492 1.5677458862711245e-05 -0.0078562611476480984 0.0075101504530351035 -0.0031406343699137596 -0.0015871460707742265 0.016091712529842112 -0.010469822458918879 0.00902743104934077 0.0049734954131930298 -0.0073787687741398164 -0.010407703244738777 0.005665579261807681 -0.013302642495868227 0.0029484805292321302 0.0044120901085994545 -0.0078724626488344447 0.0039952029596697471 0.0095456309953442474 -0.0051155812427656462 -0.0021822082560946383 -0.0066866720438514861 0.0023546112844851762 0.0079905500157797151 -0.0037102410039127824 0.015755878671968804 0.0054865970604988257 7.3092566092784015e-05 -0.0084038301845172289 0.002866181649378722 -0.00085863658295233926 -0.0037805842306352063 0.0091942744660254289 0.0008936424407415813 0.01001835040526943 0.0020546119168475736 0.0074131523452001594 -0.0070422668129537487 -0.0057457688457542349 -0.008544185600851727 -0.0027527791428616022 0.010896707196903502 0.0098158233596964631 -0.0070482497960068346 -0.0002042787051096308 0.0153934067540916 -0.0097068347552786635 0.0079026856039034615 -0.00056550588109270151 0.0038159206900202883 0.0025265679336750743 -0.0007314776657749713 -0.0069786431332960128 -0.00084954215591264489 0.010642107106705462 -0.00078298045610810025 -0.01028864376515082 0.0054016758326480389 0.00121938016921063 0.010801890991948879 -0.011598497472627468 -0.0042684021140010665 -0.0056206743654332843 -0.00045647387082899945 0.0080759076979536361 -0.00028582170364367893 0.010788172782143241
leaf_weight=1034 912 5607 475 396 1083 677 330 5061 307 620 2114 259 280 442 318 473 372 327 1706 250 528 770 812 563 431 1109 362 475 808 936 274 350 290 469 870 483 3555 288 617 496 265 4420 445 282 494 503 774 1360 1362 250 6486 608 276 333 978 446 963 301 456 397 416 764 328 504 426 379 280 342 375 396 498 256 412 436 339 477 402 372 420 305 304 318 545 259 422 563 819 524 654 301 465 731 1511 409 1710 570 346 327 348 7888 418 389 292 676 287 301 330 1082 269 278 685 270 537 424 921 311 3251 365 425 476 941 995 601 511 5179 374
leaf_count=1034 912 5607 475 396 1083 677 330 5061 307 620 2114 259 280 442 318 473 372 327 1706 250 528 770 812 563 431 1109 362 475 808 936 274 350 290 469 870 483 3555 288 617 496 265 4420 445 282 494 503 774 1360 1362 250 6486 608 276 333 978 446 963 301 456 397 416 764 328 504 426 379 280 342 375 396 498 256 412 436 339 477 402 372 420 305 304 318 545 259 422 563 819 524 654 301 465 731 1511 409 1710 570 346 327 348 7888 418 389 292 676 287 301 330 1082 269 278 685 270 537 424 921 311 3251 365 425 476 941 995 601 511 5179 374
internal_value=0.000100379 0.00141771 -0.00141222 -0.000596112 0.000633839 0.00121753 0.00354596 -0.00176497 -0.000709055 0.000383221 0.00149219 0.00393775 0.00369185 -0.00162864 -0.0037222 -0.0039832 -0.00414684 0.00201058 0.00102537 0.00491838 0.00296724 0.00287937 0.00318431 0.00561643 0.00307422 0.00172452 0.000355737 0.00395619 0.00238763 0.00482371 0.00113783 0.00258202 0.00551932 0.00221824 0.00343785 -0.0015276 0.00323015 -0.00930693 -0.00243501 -0.000799178 -0.00379276 -0.00468044 0.00513591 0.00307493 -0.00180046 -0.00616427 0.00104328 -0.00346151 -0.00261156 -0.00682532 0.00173584 0.00136594 0.00589891 0.00238507 0.00439799 0.00358336 0.00128317 -0.00149521 -0.00371833 0.00330421 0.0065375 4.02035e-05 -0.00320873 0.00102065 0.00261669 0.00339606 -0.000654956 0.00480868 0.0106149 -0.000744402 -0.00355605 -0.00294517 -0.00684241 -0.00454862 0.0101896 0.000256037 0.00364523 -0.00194827 0.000604135 0.00421139 -0.00055699 0.0086353 0.00781685 0.00417935 0.0106803 -0.00179288 -0.00417398 1.30583e-05 -0.00162669 0.00533888 0.00309341 0.00622523 0.00242172 0.00199928 0.00311348 0.00201951 0.000502129 -0.0111646 -0.00227489 -0.00248236 0.00491772 0.00366783 0.00114532 0.00343167 0.00861476 -0.00224634 -0.00191945 0.00139587 -0.00328875 -0.00509047 -0.00408811 -0.000814898 0.00149941 1.68079e-05 0.00280123 -0.00435784 0.00661252 0.00976432 0.00642834 -0.00249939 -0.00322695 -0.00190255 -8.05187e-05 0.00343641 0.000721405 0.00283041
internal_weight=106657 57020 49637 38239 43503 36183 9533 26410 17904 26650 17191 13517 13258 9459 4611 8506 11398 11829 8845 2984 9203 5348 7928 2964 1979 4964 4848 12978 8357 2823 5534 4179 1548 5260 3975 1285 3905 1163 10503 4775 5728 5037 7718 3232 3497 791 4486 8033 6423 1610 7401 7094 2734 802 2757 1258 3642 1527 1226 2115 1152 9263 1596 832 691 3507 900 2607 754 3003 10235 8642 1593 1181 736 2607 1033 1574 1097 677 706 846 1740 804 985 4279 1853 2426 1863 2475 1497 1032 1853 3809 3035 2626 2056 645 1457 8144 2458 2040 1357 1065 683 7320 7019 1412 1355 1086 1209 706 3063 2193 1345 848 4486 1235 790 3966 3524 3048 2053 1112 7667 2488
internal_count=106657 57020 49637 38239 43503 36183 9533 26410 17904 26650 17191 13517 13258 9459 4611 8506 11398 11829 8845 2984 9203 5348 7928 2964 1979 4964 4848 12978 8357 2823 5534 4179 1548 5260 3975 1285 3905 1163 10503 4775 5728 5037 7718 3232 3497 791 4486 8033 6423 1610 7401 7094 2734 802 2757 1258 3642 1527 1226 2115 1152 9263 1596 832 691 3507 900 2607 754 3003 10235 8642 1593 1181 736 2607 1033 1574 1097 677 706 846 1740 804 985 4279 1853 2426 1863 2475 1497 1032 1853 3809 3035 2626 2056 645 1457 8144 2458 2040 1357 1065 683 7320 7019 1412 1355 1086 1209 706 3063 2193 1345 848 4486 1235 790 3966 3524 3048 2053 1112 7667 2488
is_linear=0
shrinkage=0.0667171


Tree=18
num_leaves=127
num_cat=0
split_feature=18 21 21 18 18 2 21 18 21 18 18 1 1 11 17 1 8 21 19 12 1 15 21 1 3 20 1 18 11 18 2 21 18 21 18 18 3 8 15 21 18 1 11 12 7 8 20 4 17 8 2 11 17 21 4 1 7 8 12 12 19 4 21 2 14 4 17 8 17 8 18 19 4 17 21 4 14 1 21 4 8 5 8 18 1 14 5 7 3 1 17 14 3 15 21 3 17 15 17 17 15 1 18 21 13 8 17 17 8 19 21 15 17 21 3 15 18 18 4 20 11 12 12 18 12 18
split_gain=47.0623 24.9484 24.7035 25.9672 17.8669 17.519 15.9055 13.824 12.7009 18.0931 12.2952 9.89629 9.3689 8.89644 7.72375 8.58424 8.5572 7.41069 10.8798 7.67766 11.4041 7.5083 7.08785 6.46485 6.24969 6.16318 9.74944 6.05795 6.02711 5.71696 5.63082 5.55293 7.08122 6.97549 7.16114 6.30631 5.53149 6.56291 5.3661 5.95956 6.14621 5.73528 5.30362 5.43096 5.23633 5.16042 5.1152 5.1105 4.96949 4.95289 4.93529 4.84149 4.717 4.55566 6.59314 4.55464 4.55023 4.54958 4.54621 4.47704 5.78105 5.19523 4.44784 6.01141 4.43913 4.36759 4.79326 4.36543 4.42494 4.35965 4.31455 5.57281 4.26692 5.21756 7.53464 4.99055 4.26499 4.26094 4.25328 4.22561 4.41804 4.21174 4.17892 4.1735 5.65095 5.81637 4.11671 4.07031 3.99018 4.3621 3.98949 5.18487 10.9518 8.43992 4.55796 4.34394 4.92971 4.63427 4.0093 3.96611 6.66053 5.65123 3.94391 4.6274 3.90288 8.13576 4.80653 5.02679 4.46192 4.04952 4.91829 3.90118 3.89505 3.85245 3.83729 3.82466 3.82262 3.81941 3.80262 3.77463 4.65487 8.98231 6.82079 4.67698 3.74231 4.32391
threshold=-0.021325975656509396 0.062254153192043311 -0.040085013955831521 -0.096240367740392671 0.096665639430284514 0.509943187236786 0.17828200012445453 0.08779925107955934 -0.18479389697313306 -0.38347558677196497 0.19778967648744586 -0.50142046809196461 -0.44460226595401758 -0.3716976642608642 0.31871135532855993 -0.34801135957241053 -0.15900763869285581 -0.13472266495227811 0.051171923056244857 0.29700401425361639 0.035511363297700889 0.20891705155372622 0.22373819351196292 -0.34801135957241053 0.2314863055944443 0.030311418697237972 0.18892045319080356 -0.18711137771606443 -0.15627615153789517 -0.30736744403839106 0.45880682766437536 0.2918361127376557 0.30457496643066412 0.55455446243286144 0.45690877735614782 0.60444065928459179 0.49647271633148199 -0.0033863876014947887 -0.22426267713308332 -0.47482766211032862 -0.20737677067518231 -0.24005681276321408 0.26463140547275549 -0.21428816765546796 0.035501876845955856 0.056698584929108627 -0.084243051707744585 -0.47994188964366907 0.023694448173046116 0.22285324335098269 0.48721592128276831 -0.46187721192836756 -0.037106284871697419 0.38562962412834173 -0.30799929797649378 -0.0042613637633621684 0.071851409971714034 -0.40109857916831965 -0.19084619730710981 0.60875356197357189 0.4767290353775025 -0.26055346429347986 0.030313904397189621 0.36789773404598242 -0.11447820812463759 0.37729673087596899 1.0000000180025095e-35 -0.31819787621498102 -0.44157198071479792 0.266157016158104 -0.16318259388208387 0.030931482091546062 0.29329334199428564 0.40399827063083654 -0.090928677469491945 -0.23193810880184171 0.3498836904764176 0.40482954680919653 -0.13134286552667615 0.46896232664585119 0.3069166243076325 0.37500000000000006 0.0035595754161477093 0.15868259221315387 -0.26278407871723169 -0.074357341974973665 1.0000000180025095e-35 0.23972135782241824 -0.12502200156450269 0.13778409361839297 0.58381274342536937 -0.10853437706828116 0.30064630508422857 0.0092242704704403895 -0.0055373962968587867 0.28738254308700567 0.42161656916141516 -0.1159677430987358 -0.070976555347442613 0.17391773313283923 -0.11367895454168318 0.40198864042758947 -0.1739988103508949 -0.13472266495227811 -0.011130264494568108 -0.22014385461807248 0.14587228745222094 -0.122608944773674 0.036252418532967574 0.14159815013408664 0.12484074756503107 0.036874039098620422 -0.086653243750333772 0.20044462382793429 0.47445212304592138 -0.24269585311412809 0.031402070075273521 -0.29443526268005366 -0.34561544656753534 -0.33771762251853937 0.053339188918471343 -0.0099028018303215486 0.15563751012086871 -0.61810606718063343 -0.197644367814064 1.0000000180025095e-35
decision_type=2 2 2 2 2 2 2 2 2 2 2 2 2 2 2 2 2 2 2 2 2 2 2 2 2 2 2 2 2 2 2 2 2 2 2 2 2 2 2 2 2 2 2 2 2 2 2 2 2 2 2 2 2 2 2 2 2 2 2 2 2 2 2 2 2 2 2 2 2 2 2 2 2 2 2 2 2 2 2 2 2 2 2 2 2 2 2 2 2 2 2 2 2 2 2 2 2 2 2 2 2 2 2 2 2 2 2 2 2 2 2 2 2 2 2 2 2 2 2 2 2 2 2 2 2 2
left_child=2 5 3 8 30 7 11 17 9 46 12 -6 22 38 15 16 -10 18 -2 20 62 90 -8 -9 -4 26 -26 36 29 76 104 47 50 34 42 56 37 48 52 -40 111 -42 43 -34 78 -21 51 -12 117 -49 53 67 -11 54 -33 -20 -35 -13 -5 60 -25 -62 69 -64 -53 119 -67 68 -1 124 -18 -72 73 -60 -75 -76 -15 102 -39 80 -31 -28 -30 -59 -85 -86 -16 -84 -45 -90 91 92 -22 94 95 -93 97 98 -97 101 -101 -27 -29 -104 105 -3 107 108 -106 -107 -111 -41 -56 -108 -94 -69 -65 -17 -55 120 121 -66 -122 -123 -19 -126
right_child=1 4 24 58 6 -7 10 23 14 13 31 57 -14 28 86 27 70 19 55 45 21 -23 -24 59 25 99 81 77 82 79 -32 32 33 35 -36 -37 -38 44 39 40 41 -43 -44 88 -46 -47 -48 49 -50 -51 -52 64 -54 118 112 -57 -58 83 72 -61 61 -63 63 116 65 66 -68 115 -70 -71 71 -73 -74 74 75 -77 -78 -79 -80 -81 -82 -83 87 84 85 -87 -88 -89 89 -91 -92 93 114 -95 -96 96 -98 -99 -100 100 -102 -103 103 -105 106 109 113 -109 -110 110 -112 -113 -114 -115 -116 -117 -118 -119 -120 -121 122 123 -124 -125 125 -127
leaf_value=-0.0096923245174538684 0.018307118024780546 0.0042205788560330283 -0.0054089420120364429 0.00026259223948102423 0.015793435851274781 0.017594571382161545 -0.002255869374287128 0.015084676404307419 0.0018059144411091516 0.0021728606212513689 -0.0037713679067565469 -0.0040256101884272042 -0.0012502329789207429 -0.012207723020230411 -0.0056239080099983428 -0.0099502368264646705 -0.01361811848044284 0.00035813202542254872 0.0097466084660015554 -0.011014166059826027 -0.011032825698508926 -0.011608597405719538 -0.013989179794941933 0.0060386724840529983 0.00614568890421448 -0.0051713718985071577 -0.0042564512203168651 0.0064040865114695584 0.00015738808128070507 -0.0018994764579637106 -0.0080080808273184766 -0.0050987677993770885 -0.0021054983223888842 -0.00023126878773988951 0.0087924067669618508 0.002766939328570848 0.0053349493668017039 -0.0030942162228196797 0.011043751389273739 -0.0037974733049508888 0.014024138121155709 0.0019392427379024179 -0.0013040631067362859 0.0019341311022434524 -0.0048064113842990058 0.0011171643112840939 -0.005696094024629882 0.0060109673770705361 -0.015091500257019563 -0.00053142244349017799 -0.010081247254420108 0.0043534215957853383 0.011545538100604168 0.0019323838429108626 0.0097836591198937964 0.00094236308351932068 -0.0071285502537764538 0.0021181005846469233 0.0016856581180698421 0.013659658285801865 0.0067889169009363263 -0.0013688187278567277 0.003562052644354705 -0.010692568454121802 0.010450661909394256 -0.012214718566101549 -0.001791330443880671 0.0097751018688012788 -0.00023302841023851344 -0.0031198694571917475 -0.0093902710879092757 0.0021492940659387956 0.00793692007107351 0.015871761895748581 0.0092406868761077381 -0.0035539502356844248 -0.0014662640011726253 0.0061766788783820213 0.0081503689648280541 0.0075644776749829402 0.0071454700445289553 0.0026448352878405456 0.0024027746662529134 0.014298346310835373 0.0078365465286239985 0.0018807207232836077 -0.014136627310816016 0.0098907425364405006 0.016517114107655755 0.0051927989949191733 0.0058566450764533538 0.0068276554234538494 0.0041223589168642889 0.009925723060600182 -0.0031401051964391356 0.00012657480306188182 -0.0057348554624696473 -0.0038517144828113734 0.011288606069433505 -0.016939081943770248 -0.001901870938717936 0.0044971994361038686 0.0025626123183178089 -0.0026590171895991151 -0.0059664840530869925 -0.0090388073814899467 0.0017158183421157483 -0.0084029376071352146 0.0022822015837777659 0.0042718882553052055 -0.0085211433455412936 0.0039939487478605007 0.0012787653129117825 -0.0045211964758070274 -0.0050976802759229506 0.0010032529304878123 0.00052945972113307266 -0.0015259437837241731 -0.0069929500270736675 -0.0083634480283560093 -0.013971460017010866 -0.0067208438176558248 0.00057807928984536039 0.00055463143201138541 0.0023839030612822494 0.0083326954221877251
leaf_weight=317 268 378 6852 1587 276 370 444 305 422 385 363 385 6176 357 1691 460 546 485 370 368 569 252 487 4004 768 1424 1634 333 2052 2998 756 591 371 988 924 1389 271 255 312 974 256 562 1196 402 851 259 1905 2281 330 651 308 309 669 278 317 908 758 5113 2541 261 508 1070 1305 255 299 508 331 256 727 253 615 258 1161 317 267 265 316 473 344 263 257 509 1040 277 1245 1806 304 478 293 335 485 554 562 404 1401 269 463 304 316 284 250 325 1056 2598 488 1034 2597 641 710 276 251 398 1004 526 307 1607 270 518 809 441 295 606 266 1087 758 2089
leaf_count=317 268 378 6852 1587 276 370 444 305 422 385 363 385 6176 357 1691 460 546 485 370 368 569 252 487 4004 768 1424 1634 333 2052 2998 756 591 371 988 924 1389 271 255 312 974 256 562 1196 402 851 259 1905 2281 330 651 308 309 669 278 317 908 758 5113 2541 261 508 1070 1305 255 299 508 331 256 727 253 615 258 1161 317 267 265 316 473 344 263 257 509 1040 277 1245 1806 304 478 293 335 485 554 562 404 1401 269 463 304 316 284 250 325 1056 2598 488 1034 2597 641 710 276 251 398 1004 526 307 1607 270 518 809 441 295 606 266 1087 758 2089
internal_value=4.75592e-05 0.00135472 -0.00145156 -0.000610784 0.000330495 0.00325487 0.00107734 0.00298111 -0.00138291 -0.000381236 3.94535e-05 0.00339551 -0.00219739 0.00138963 -0.00317265 -0.00236122 -0.00644389 0.00178109 0.00612785 0.00121393 0.00161507 -0.000412284 -0.00843192 0.00560452 -0.00408217 -0.00232521 -0.000277744 -0.00135175 0.000119165 -0.0015918 -0.00253888 0.00124113 0.000452085 0.00170821 0.00374657 -0.000570554 -0.00365335 -0.00455433 0.00415217 0.00245031 0.00120134 0.00577673 0.00193478 0.00472129 -0.00143559 -0.00594264 -0.00262289 0.00361568 -0.00798217 0.00454579 -0.00206561 -0.00178681 0.00815359 -0.00122604 0.00071902 0.00352898 -0.00324649 0.00300085 0.00335747 0.0050999 0.00468931 0.00124343 0.00382458 0.00112586 -0.00325148 -0.00387663 -0.00814276 0.000289198 -0.00314513 0.00519302 -0.00892722 -0.00594158 0.00443034 0.00321685 0.00774665 0.00282049 -0.00721566 0.000204848 0.00330071 -0.000503581 -0.00117019 -0.0025984 0.00213651 0.00332656 0.00517165 0.00432474 -0.0069465 0.00478855 0.00721912 0.0105462 8.64819e-05 -0.000452698 -0.00385397 0.000857527 -0.000245395 0.00186533 -0.000148238 0.00272842 0.00621585 -0.00491878 -0.00996986 -0.0033513 -0.000497824 -0.00113973 -0.00193333 -0.0044737 -0.000932649 -0.00363853 -0.0010561 -0.00660784 -0.00177401 -0.00150716 0.00335319 0.000651507 0.000815869 0.00223434 -0.00485914 -0.00553256 -0.00467289 -0.00266643 -0.00166353 -0.000133655 -0.00701609 -0.00203291 0.00583784 0.00676092
internal_weight=106896 57116 49780 37734 37124 19992 29467 19622 31596 20271 20365 9102 7107 11317 11325 9330 1841 13474 1546 11928 11301 5886 931 6148 12046 5194 2911 7489 7761 4191 7657 13258 9963 6656 3521 3135 3029 2758 3556 2502 2190 818 2597 1401 1450 627 8954 3295 1308 2932 3307 7049 1054 2999 1912 1278 1746 8826 6138 5843 5582 1578 5415 1830 4142 3833 839 2907 1044 3585 1419 873 4551 3390 849 532 673 4460 599 3518 3255 2143 3570 8441 3328 3051 1995 1518 1030 628 5634 5149 1438 3711 3307 1906 1352 889 585 2283 534 1749 3987 3654 6901 1939 4962 1839 1198 1561 527 1372 1321 3123 869 1863 525 978 1087 2994 2553 1992 561 1693 3332 2847
internal_count=106896 57116 49780 37734 37124 19992 29467 19622 31596 20271 20365 9102 7107 11317 11325 9330 1841 13474 1546 11928 11301 5886 931 6148 12046 5194 2911 7489 7761 4191 7657 13258 9963 6656 3521 3135 3029 2758 3556 2502 2190 818 2597 1401 1450 627 8954 3295 1308 2932 3307 7049 1054 2999 1912 1278 1746 8826 6138 5843 5582 1578 5415 1830 4142 3833 839 2907 1044 3585 1419 873 4551 3390 849 532 673 4460 599 3518 3255 2143 3570 8441 3328 3051 1995 1518 1030 628 5634 5149 1438 3711 3307 1906 1352 889 585 2283 534 1749 3987 3654 6901 1939 4962 1839 1198 1561 527 1372 1321 3123 869 1863 525 978 1087 2994 2553 1992 561 1693 3332 2847
is_linear=0
shrinkage=0.0667171


Tree=19
num_leaves=127
num_cat=0
split_feature=18 21 18 21 21 0 18 18 21 21 21 18 18 21 0 16 14 10 0 18 0 21 18 10 8 3 10 8 18 3 21 0 21 3 18 21 17 18 16 8 10 21 14 4 17 4 9 12 11 16 21 18 10 14 11 10 20 11 19 18 3 21 5 3 4 4 4 21 19 18 0 17 19 17 10 3 17 0 12 17 4 14 16 3 11 0 0 0 5 11 20 7 9 11 3 14 18 14 4 4 3 3 11 4 20 21 9 10 13 16 12 12 11 10 0 10 11 16 13 11 21 3 0 18 21 10
split_gain=47.4794 24.3955 23.1165 19.3803 15.2492 20.059 14.933 12.5739 11.8394 11.6914 11.1223 15.2872 8.31661 8.02654 10.14 7.58091 6.96373 6.95056 6.94106 6.8422 8.04026 9.51704 6.82238 6.76074 9.12673 6.75794 9.44213 6.36521 6.31444 6.21764 6.859 7.03518 6.0234 5.98573 5.90461 5.72161 8.43144 8.21543 7.69543 7.03156 6.71914 6.08544 5.70146 5.70705 5.58699 9.8624 7.95751 6.72886 6.31057 6.15161 5.85151 6.72657 7.63654 5.78983 5.32186 5.96801 5.79568 5.22641 5.27058 7.30807 9.69569 7.50817 6.49168 6.03376 5.06935 5.26967 5.06392 5.0368 7.88419 5.46605 5.45542 5.13282 8.15642 5.03548 5.02743 4.98181 11.2803 4.97839 8.91377 4.90449 4.89093 4.83652 8.86012 5.273 4.83069 5.51573 5.18207 5.76811 4.79609 4.78204 5.8651 4.98331 4.7122 4.6871 4.57506 4.57022 6.24959 4.53727 4.71398 5.90889 4.51717 7.80547 4.43187 4.39329 9.73262 5.42666 5.42606 4.31379 4.28224 4.25036 6.75686 4.25014 4.13508 5.63981 4.90123 4.47344 5.68944 4.40267 4.12325 4.7491 8.76328 6.21479 12.0184 4.06849 4.05838 6.40932
threshold=-0.0995199680328369 -0.04204053804278373 0.023945228196680549 -0.17306074500083921 0.066810529679059996 0.48437500000000006 -0.57647010684013356 0.18636019527912143 -0.5822576880455016 0.25815217196941381 0.38562962412834173 0.42243160307407385 -0.13916920125484464 -0.014663181733340023 0.44176135957241064 -0.53644683957099903 0.050500284880399711 -0.084381487220525728 -1.0000000180025095e-35 -0.043483361601829522 -0.14914772659540174 -0.10688576474785803 -0.0019346683839103205 -0.17749093472957608 -0.12169975042343138 -0.20948321372270581 0.45380924642086035 -0.34446375072002405 0.08779925107955934 0.14855950325727466 -0.1092226170003414 0.40767045319080358 0.44967308640480047 -0.052880689501762383 -0.29443526268005366 -0.44357509911060328 -0.13785416632890699 -0.32173828780651087 -0.21814088523387906 -0.25869306921958918 0.38611099123954779 -0.27148886024951929 0.27707174420356756 -0.24637155234813687 0.43157629668712622 0.4340589046478272 0.38016945123672491 -0.18055460602045056 0.23883989453315738 0.39565201103687292 0.180889368057251 0.096665639430284514 -0.21668158471584317 -0.15014120191335675 0.11754218861460687 -0.10345440730452536 0.1306615546345711 -0.26595823466777796 -0.12124206870794295 -0.22926829755306241 0.27382043004035955 -0.018574233166873452 1.0000000180025095e-35 0.3620197474956513 -0.28810407221317286 0.26631829142570501 0.34343302249908453 0.090935196727514281 -0.11802849173545836 -0.0040189226856455198 0.27414773404598242 0.57155185937881481 -0.0076580906752496949 0.0048899755347520122 0.015910748392343525 -0.46216037869453425 0.13300014287233355 0.2173295468091965 0.50297313928604137 0.20732057839632037 -0.49221940338611597 0.13962062448263171 -0.30657304823398585 -0.37321612238883967 0.065397262573242201 0.41335226595401769 -0.25142045319080347 -0.029829545877873894 1.0000000180025095e-35 0.18614629656076434 0.061988044530153281 0.057611018419265754 0.0055905324406921872 -0.13166313618421552 0.42316816747188574 -0.092188838869333253 0.096665639430284514 -0.12042204290628432 -0.16428215801715848 0.23103451728820804 0.3620197474956513 0.16406177729368213 0.17213144898414615 0.093124173581600203 0.16258373111486438 0.026402853429317478 0.0076340080704540023 -0.24949025362730023 0.17618634551763537 0.022285465151071552 -0.14939965307712552 -0.27715837955474848 -0.3716976642608642 0.14672642946243289 -0.075284089893102632 2.059259414672852 -0.57009485363960255 -0.39886908233165735 -0.49165171384811396 0.025092958472669128 -0.22064519673585889 -0.40443611145019526 0.24573864042758944 0.13716869056224826 0.032595351338386543 -0.093420296907424913
decision_type=2 2 2 2 2 2 2 2 2 2 2 2 2 2 2 2 2 2 2 2 2 2 2 2 2 2 2 2 2 2 2 2 2 2 2 2 2 2 2 2 2 2 2 2 2 2 2 2 2 2 2 2 2 2 2 2 2 2 2 2 2 2 2 2 2 2 2 2 2 2 2 2 2 2 2 2 2 2 2 2 2 2 2 2 2 2 2 2 2 2 2 2 2 2 2 2 2 2 2 2 2 2 2 2 2 2 2 2 2 2 2 2 2 2 2 2 2 2 2 2 2 2 2 2 2 2
left_child=3 18 13 6 5 28 8 9 112 44 54 -12 15 -3 67 25 32 42 19 20 21 73 -16 -11 -25 77 -27 34 75 30 -29 80 -13 81 -19 36 -17 38 -37 -38 41 100 43 -5 46 47 50 -46 53 -48 51 52 102 -49 55 -9 -57 -31 62 -60 61 -61 63 -59 123 -66 -14 68 69 -15 79 72 97 -2 -53 76 -4 -8 -79 -69 -32 83 -83 93 -52 86 -86 -88 -23 90 91 -77 -71 -20 118 96 109 -70 -99 -100 101 -39 -6 104 106 -105 -74 -56 -108 -21 -111 -97 113 -1 -114 116 -115 -118 -43 121 -121 122 -120 -55 -92 -126
right_child=1 2 4 17 7 -7 12 10 -10 23 11 16 66 14 22 35 -18 27 33 95 -22 88 -24 24 -26 26 -28 29 -30 57 31 -33 -34 -35 -36 37 39 40 -40 -41 -42 94 -44 -45 45 -47 49 48 -50 -51 84 74 -54 64 107 56 -58 58 59 60 -62 -63 -64 -65 65 -67 -68 70 71 92 -72 -73 103 -75 -76 89 -78 78 -80 -81 -82 82 -84 -85 85 -87 87 -89 -90 -91 124 -93 -94 -95 -96 111 -98 98 99 -101 -102 -103 -104 105 -106 -107 108 -109 -110 110 -112 -113 114 115 -116 -117 117 -119 119 120 -122 -123 -124 -125 125 -127
leaf_value=0.0062238711009038362 0.0017556852917779294 0.00083493185007579233 -0.00078501498789192723 -0.004113150718568743 0.0088704915106983806 0.019303675045777811 -0.0069885045436957364 0.011968535023551935 -0.0087008547805420555 -0.012657555074149337 -0.0047445133787792715 0.010525145289066914 0.0033263723456069213 -0.0081172738507914906 -0.015668358909783148 0.01285404430943848 0.0076762260089957325 -0.014549729301654574 -0.0065796885641739239 -0.0097283793524524705 -0.0077716157192766451 -0.0087150418917926742 -0.003361515851428958 -0.013111126746739027 -0.00058784247821971436 0.014610614341095321 0.00085833148883055117 -0.00096443777367447351 0.0048270312779127656 0.0060380586295906893 -0.01257537557776507 -0.016876706921472331 -7.3972459141723613e-05 0.014917211747276815 -0.0044132614322057069 -0.0092064936426197556 -0.0060094256929136558 0.0028890911248955786 -0.0017856591378980729 0.0027978674800146577 -0.0057853982384677505 -0.0069950714009310968 0.0027951202665704952 -0.0092159944183978441 0.012603322995008085 -0.0059004178826469631 0.011028908196598877 -0.0061837501016585583 0.0069964838799641688 -0.0018572795021674815 -0.012891571441858245 0.0024280193099764313 -0.0045065048024392935 0.0027747503179513956 -0.0032469118952473848 0.013776255827295884 0.003148989877323352 -0.0025667322852188754 -0.0046930176087975643 0.017061355149001096 -0.00036012522594153099 0.0014195783062103332 0.0022313489365498431 -0.014639311187217742 -0.0029674813884145671 0.0059380936976529868 0.014012125681691254 -0.0018654131104881766 -0.00051496355132880185 0.0059797136499829453 -0.014009897288142364 -0.0064195750670963834 -0.0081358794848174817 0.011786680090533167 -0.0023957534321291914 0.0061139455441781825 0.015224379964481153 0.011559811907228039 -0.0039095847691341624 -0.0098782688282413253 -0.0037125199914224798 0.002721634694567493 0.011254033068188356 0.0060427868856736061 -0.0089000992519442448 -0.010189460190148384 0.00766404282083296 -0.0021802452819426913 0.0015423823833210228 -0.0083340314441944265 0.00097293782281397993 -0.00051666389523272844 -0.0052546436741163632 0.0023934334198164693 0.003828911866330542 0.011082107454515225 0.0077826514596193927 0.010202590684608107 -0.0025114887387768263 0.0096468039769165292 -0.0025015169323624842 0.015434137879564136 -0.0025817805025387225 -0.00055396207374936498 0.011788934142527586 -0.011129479590408888 0.0058355725226970911 0.0025668444794536382 -0.0046959163891283845 0.0069962242512095736 -0.0057640677909114747 0.0039547389011002736 -0.00098904720676136699 -0.0046940109327196552 -0.01311911788752714 0.0064097870078020248 0.0095500879441984699 -0.0027404418737531078 -0.016257484414347646 0.0018579190027358072 -0.011900566921514278 0.0026827694229027881 0.0012107819296009218 0.012660778975718432 -0.010170730789582857 0.0010210644284476586
leaf_weight=447 521 3179 434 1922 338 341 305 508 1543 463 2319 254 831 1108 448 289 779 358 342 263 544 418 375 332 1167 467 430 1696 4218 468 336 262 3230 286 939 985 517 1753 1719 1782 868 600 291 2056 301 632 418 458 927 262 257 3397 2556 573 612 250 2633 364 1031 292 1750 262 335 386 1027 411 262 1391 726 285 272 502 447 398 1332 1312 347 307 349 454 1669 1025 1176 1332 349 411 342 1135 380 252 1364 802 388 1034 728 415 354 630 443 290 507 252 260 445 261 428 393 6794 298 339 398 4039 322 1718 281 254 252 255 256 382 432 1733 530 280 468 429
leaf_count=447 521 3179 434 1922 338 341 305 508 1543 463 2319 254 831 1108 448 289 779 358 342 263 544 418 375 332 1167 467 430 1696 4218 468 336 262 3230 286 939 985 517 1753 1719 1782 868 600 291 2056 301 632 418 458 927 262 257 3397 2556 573 612 250 2633 364 1031 292 1750 262 335 386 1027 411 262 1391 726 285 272 502 447 398 1332 1312 347 307 349 454 1669 1025 1176 1332 349 411 342 1135 380 252 1364 802 388 1034 728 415 354 630 443 290 507 252 260 445 261 428 393 6794 298 339 398 4039 322 1718 281 254 252 255 256 382 432 1733 530 280 468 429
internal_value=3.86582e-05 0.00103757 0.000444157 -0.00194296 0.00115577 0.00345832 -0.000665209 0.000499121 -0.0038257 -0.000754947 0.001773 -0.000383768 0.000317564 -0.00206056 -0.00302492 -8.48157e-05 0.00198121 -0.00383327 0.00361779 0.00238567 -0.000714345 0.00150706 -0.0101041 -0.00560647 -0.00339804 0.00390158 0.00805974 -0.00287655 0.00288986 -0.00223083 -0.0041952 -0.00659696 0.000695491 0.0055245 -0.00724769 -0.000643421 0.00216605 -0.00132362 -0.00450363 0.000799192 -0.000249421 0.000417512 -0.0060984 -0.00676065 -0.000144646 0.00180365 -0.000959943 0.00303983 0.0022418 0.00600594 -0.00142097 -0.000524927 -0.0029127 0.00062256 0.00309098 0.00528559 0.00409086 -0.000630538 -0.00134659 -2.2466e-05 0.0020561 0.00972733 -0.00537957 -0.00883261 0.00200195 -0.000391881 0.00593065 -0.00235419 -0.0014438 -0.00523781 -0.00519198 -4.58249e-05 0.000683386 0.0061421 0.00106123 0.00137188 0.00629376 4.05569e-06 0.00328362 -0.0038632 -0.00522457 0.00496559 0.00729794 0.00305486 -0.00423762 -0.00322001 -0.00162393 8.34252e-05 -0.00378665 0.000531287 0.0010534 0.00358187 -0.000450202 0.000134091 -0.0010033 0.00359824 0.000180644 0.00369585 0.00596532 0.00226975 0.0030661 0.00449463 0.00382676 -0.00207204 0.000220512 -0.00578089 -0.00241882 0.00208095 0.00123808 -0.00249156 5.99995e-05 0.00463017 -0.00168257 -0.000631856 -0.00670445 -0.00188573 -0.00285449 0.00329915 -0.00190847 -0.00097964 -0.00540329 0.000440038 -0.00445384 0.00607114 -0.00129642 -0.00478238
internal_weight=106774 71001 57737 35773 44974 9967 21356 35007 5072 17628 17379 6582 16284 12763 9584 15191 4263 14417 13264 8069 2261 1717 823 1962 1499 1858 897 10148 9626 8851 3963 2267 3484 5195 1297 13333 2588 10745 2704 2299 8041 7173 4269 3978 15666 4609 11057 3977 3676 680 10377 7883 3154 2749 10797 3391 2883 4888 4420 3335 2304 554 1085 750 2291 1438 1093 8761 6644 1781 2117 4863 4361 919 4729 5408 781 961 656 1845 2005 4909 2201 2708 2494 2237 1826 1477 798 4627 4375 2114 673 1376 4661 5808 1354 2089 1363 733 2512 2005 598 2272 1399 873 1138 7406 691 1000 737 4454 3529 2926 603 2479 2225 507 3933 3333 814 2519 786 853 2261 897
internal_count=106774 71001 57737 35773 44974 9967 21356 35007 5072 17628 17379 6582 16284 12763 9584 15191 4263 14417 13264 8069 2261 1717 823 1962 1499 1858 897 10148 9626 8851 3963 2267 3484 5195 1297 13333 2588 10745 2704 2299 8041 7173 4269 3978 15666 4609 11057 3977 3676 680 10377 7883 3154 2749 10797 3391 2883 4888 4420 3335 2304 554 1085 750 2291 1438 1093 8761 6644 1781 2117 4863 4361 919 4729 5408 781 961 656 1845 2005 4909 2201 2708 2494 2237 1826 1477 798 4627 4375 2114 673 1376 4661 5808 1354 2089 1363 733 2512 2005 598 2272 1399 873 1138 7406 691 1000 737 4454 3529 2926 603 2479 2225 507 3933 3333 814 2519 786 853 2261 897
is_linear=0
shrinkage=0.0667171


Tree=20
num_leaves=127
num_cat=0
split_feature=18 21 18 21 21 18 0 21 21 18 0 0 18 18 21 9 18 21 21 0 18 21 18 14 21 0 18 0 0 18 20 21 4 4 0 4 18 12 5 21 19 14 20 9 19 11 0 18 0 9 8 4 21 18 9 16 19 16 11 18 21 7 19 21 12 7 15 21 21 8 11 9 20 12 20 15 6 12 4 13 14 1 15 21 21 4 12 5 14 8 0 19 9 8 9 14 5 19 19 13 7 8 21 16 19 0 0 14 4 13 9 21 20 4 14 5 19 8 16 4 15 12 21 0 19 12
split_gain=41.1114 22.0229 21.0029 20.3825 17.2409 16.0926 11.9975 8.78358 8.68144 10.6002 8.47269 8.45847 8.35465 8.33188 9.66372 8.25023 6.70219 8.58629 8.22571 9.27633 7.25995 7.78748 10.2245 7.23945 6.44826 10.9844 8.01843 7.67409 6.68717 6.13818 6.1024 6.37323 5.92966 5.69921 5.67645 5.53007 5.37425 7.29488 5.27373 5.21239 7.96872 6.96286 5.73341 5.25517 5.17386 5.17226 6.15085 6.31935 5.13666 5.08076 5.06411 6.57234 5.06232 5.03664 4.90686 4.89105 5.29594 6.62154 5.0231 4.82167 5.45673 5.64564 4.71512 5.58916 4.41662 4.4163 4.40111 4.39291 4.35541 4.326 4.30548 4.58329 4.29475 4.28567 4.24766 5.58498 4.38712 5.33922 5.38933 4.70848 5.70426 4.20541 4.15493 4.15457 4.12476 6.07402 7.87707 4.13298 4.07947 4.15219 4.06543 4.47766 3.97937 3.87348 3.83882 4.35623 4.30111 3.82451 4.54742 3.82192 3.81863 6.45581 4.70544 4.64485 3.80928 6.92908 6.77539 5.86207 3.83644 3.76358 3.81558 3.75406 3.72387 3.72101 5.31371 6.58995 4.4328 4.66139 5.96531 3.67088 3.66749 3.64714 4.38138 3.54491 5.09775 4.37791
threshold=-0.058091631159186356 -0.014663181733340023 0.055483173578977592 0.083113092929124846 -0.10688576474785803 -0.29443526268005366 0.49289773404598242 -0.36535407602787012 -0.25323729217052454 -0.13294097036123273 0.35369317233562475 0.41335226595401769 -0.57647010684013356 -0.1117778606712818 -0.04204053804278373 -0.015669781714677807 0.17105530947446826 0.2918361127376557 0.180889368057251 0.46732954680919653 0.27762436866760259 0.44967308640480047 0.42243160307407385 0.038575472310185439 0.055735735222697265 0.47017045319080358 0.010823292657732965 0.41619317233562475 -0.026988636702299115 -0.16318259388208387 0.20792858302593234 0.059972707182168968 -0.45759029686450953 -0.47416162490844721 0.25710226595401769 0.4660108089447022 0.075347539037466063 -0.3188564926385879 0.37500000000000006 -0.095846824347972856 -0.0076580906752496949 0.14853636920452121 -0.080184120684862123 0.27231815457344061 0.15299953520298007 0.29839794337749487 -0.24573864042758939 0.21241156756877902 0.18892045319080356 0.20531906932592395 0.20535171031951907 0.036633748561143882 0.38562962412834173 0.38635124266147619 0.15580300986766818 -0.14225514978170392 0.339147299528122 0.092598587274551405 0.04026483558118344 -0.57647010684013356 -0.0055373962968587867 -0.21552640944719312 -0.25786091387271876 0.020210355520248417 -0.16700972616672513 -0.33125352859497065 0.67537635564804088 -0.32428805530071253 -0.5822576880455016 -0.1163666285574436 -0.11475029587745665 -0.50711610913276661 -0.019019757397472855 -0.13367066532373426 0.15063112229108813 -0.1781797185540199 0.19952494651079181 -0.19313322007656095 -0.36894176900386805 0.29427553713321691 0.092069961130619063 0.42471592128276831 -0.038056835532188409 -0.15415733307600019 -0.56286215782165516 0.20911728590726855 0.34745569527149206 0.37500000000000006 0.45800942182540899 0.29225407540798193 -0.14630681276321408 -0.10754640027880667 0.055920891463756568 -0.15900763869285581 0.18985769897699359 -0.14122544974088666 -1.0000000180025095e-35 -0.14192452281713483 -0.044089324772357934 -0.09374272450804709 0.1091146767139435 0.038209870457649238 -0.018574233166873452 -0.022082723677158352 0.099091757088899626 -0.25142045319080347 -0.38778407871723169 -0.15014120191335675 -0.471088096499443 0.18807654082775119 0.12629505246877673 0.21979128569364551 -0.2197015583515167 0.48991973698139196 0.4866661280393601 1.0000000180025095e-35 0.0089619513601064699 0.080249875783920302 -0.019997823052108284 0.10906854644417764 0.096029184758663191 0.075826186686754241 -0.47482766211032862 -0.1264204531908035 0.17699311673641208 0.25866210460662847
decision_type=2 2 2 2 2 2 2 2 2 2 2 2 2 2 2 2 2 2 2 2 2 2 2 2 2 2 2 2 2 2 2 2 2 2 2 2 2 2 2 2 2 2 2 2 2 2 2 2 2 2 2 2 2 2 2 2 2 2 2 2 2 2 2 2 2 2 2 2 2 2 2 2 2 2 2 2 2 2 2 2 2 2 2 2 2 2 2 2 2 2 2 2 2 2 2 2 2 2 2 2 2 2 2 2 2 2 2 2 2 2 2 2 2 2 2 2 2 2 2 2 2 2 2 2 2 2
left_child=4 6 24 11 5 7 36 12 29 33 15 74 68 44 -15 34 18 32 82 69 49 53 92 66 26 93 27 94 64 67 31 55 -18 -10 48 38 37 -2 -11 40 41 42 -39 123 -12 -34 -47 111 59 52 51 -33 -19 -22 -32 -17 57 100 -58 -6 61 -61 -30 73 -28 -38 109 121 -1 120 71 -9 -67 -64 76 -76 77 -4 79 80 -79 84 -5 -72 85 86 -14 99 89 -41 97 -92 -23 -26 95 -3 -97 -63 -99 -86 101 102 -57 -102 105 -71 -106 -107 -108 -24 -111 -48 -70 114 116 -116 117 -35 -119 -73 -20 -7 -123 124 -42 -125
right_child=1 2 3 16 10 8 -8 70 9 35 13 -13 81 14 -16 30 17 20 19 -21 21 22 23 -25 25 -27 28 -29 62 -31 54 50 45 113 -36 -37 65 39 -40 88 43 -43 -44 -45 -46 46 47 -49 -50 -51 -52 -53 -54 -55 -56 56 58 -59 -60 60 -62 90 63 -65 -66 72 -68 -69 112 104 83 119 -74 -75 75 -77 -78 78 -80 -81 -82 -83 -84 -85 87 -87 -88 -89 -90 -91 91 -93 -94 -95 -96 96 -98 98 -100 -101 103 -103 -104 -105 106 107 108 -109 -110 110 -112 -113 -114 -115 115 -117 -118 118 -120 -121 -122 122 -124 125 -126 -127
leaf_value=-0.0021158199729006 -0.007130182991997666 0.0069763117421259005 0.0074887016587597997 -0.002042596705097253 0.0024723503199945256 -0.0014113838254941797 0.014924612342689882 -0.0010537860328891141 0.0030710084100806939 0.00099153193145526224 -0.020181768542553425 0.012753097423888098 -0.004063635685165802 0.0017069558339638294 -0.012950520847664298 -0.0083517499693482548 -0.0012872633450511258 -0.0031706071560360554 -0.00079933110799495089 -0.012413371745791294 0.0022385224218049661 -0.011973997454417315 -0.0048799947523784359 0.0063489709669184166 0.0015147088697223723 -0.015359556278894711 0.00092619138264680165 -0.010061174939171772 -0.0040103126836195258 0.0070377564865778666 0.011360301397487052 -0.011530049554987872 0.004739980968601184 -0.0053734792011681451 0.0019905585000866101 0.01147375698738274 0.00063891676850121948 0.011482403052183489 0.010996405865965826 0.0022881072546031664 0.0051503200737386358 0.018795185027367114 -0.00014971508753828375 -0.0039544648790694713 -0.0074098030327878137 -0.0087405806785157032 0.0022329839826736577 0.0072245316277279939 -0.015150824697107594 0.0023686920426638281 -0.014538999534546947 0.0029230364607160356 -0.012277532404249893 0.0089870920113348015 -0.0012456286349520266 0.0011322329713235972 -0.001799721169789578 -0.0059577713629963133 0.0094660577333070539 0.0013016824182044758 -0.01000475956337262 -0.013462652891314961 0.0036185064722185196 0.002419743253593632 -0.0065246102915809141 0.005295017025566201 -0.0046460536007926108 -0.00077440344368877832 -0.0043151318504132874 -0.01158384344953816 -0.0019815288193082625 -0.0069186616428939859 0.012301328217358852 0.014370489608917849 0.0027168313947255928 0.013771243612237785 -0.00077238876130710378 0.014150968380453448 0.00059153993437207752 1.828991590192526e-05 0.0018441916533083668 -0.0068920550147477987 0.0015266675929228707 -0.010580491588275422 0.00056151296658693724 0.012756975667288544 0.010196449891158614 -0.0042939869832350607 -0.00591444590945035 -0.0049435496450686862 0.0030819232424814046 -0.0063138910588262437 -0.0026935364706734801 -0.0034856850805920934 -0.0073105884537940655 -0.0048576404014106008 0.00065879126828548003 0.00058445232114315542 -0.0097037140154315315 0.0093206818689690624 -0.010321251325490659 0.0059828476656626148 -0.0075419204101966819 -0.00027587925135361081 0.01026483076329843 -0.0097778105974391238 0.0059042901006044748 0.001277441586241178 -0.0019805313801655147 0.004804442176391051 -0.0012719167301310271 -0.0068174444845973976 -0.013088659093170103 -0.0088774397658534249 0.010829174908021407 -0.0025124024222978989 7.0669762790187944e-05 -0.0049144993071120815 0.0052213712045632498 -0.014393827577423766 -0.01046146201084046 0.012541588775022722 0.0034849755986689625 0.012046249604959518 -0.0047491095530162375 0.0032610677312774178
leaf_weight=3498 351 297 1372 1927 316 415 386 403 977 2203 332 504 425 491 330 405 1263 1670 298 411 2183 413 406 824 787 326 903 543 297 1277 277 254 5076 2750 435 314 708 411 261 5695 552 272 334 439 264 267 469 632 254 578 299 299 327 642 259 930 301 1147 403 596 1093 448 299 1399 572 2118 885 1712 713 367 2019 1018 489 394 417 411 1042 443 2192 348 278 282 5800 286 1827 317 284 693 313 371 365 568 429 5002 439 1029 1587 308 472 251 305 862 391 631 284 270 324 961 1680 1058 797 352 319 369 305 345 1789 542 488 432 445 316 1012 414 392 679
leaf_count=3498 351 297 1372 1927 316 415 386 403 977 2203 332 504 425 491 330 405 1263 1670 298 411 2183 413 406 824 787 326 903 543 297 1277 277 254 5076 2750 435 314 708 411 261 5695 552 272 334 439 264 267 469 632 254 578 299 299 327 642 259 930 301 1147 403 596 1093 448 299 1399 572 2118 885 1712 713 367 2019 1018 489 394 417 411 1042 443 2192 348 278 282 5800 286 1827 317 284 693 313 371 365 568 429 5002 439 1029 1587 308 472 251 305 862 391 631 284 270 324 961 1680 1058 797 352 319 369 305 345 1789 542 488 432 445 316 1012 414 392 679
internal_value=-3.58959e-05 0.000995526 0.000362918 0.00117375 -0.00169805 -0.000759026 0.00335168 -0.00250227 0.000715276 -0.00036463 -0.00370098 0.00442362 -0.00128085 -0.00858001 -0.00416318 -0.00310203 0.000438808 0.0012589 -0.000732263 -0.00282968 -2.25631e-05 0.00100687 -0.000619157 0.000789477 -0.00185799 -0.00347893 -0.000576104 -0.00271434 0.00157116 0.00308227 -0.00158828 -0.00217997 0.00288668 -0.00166173 -0.00520265 0.00315362 0.00301731 0.0022543 0.00207326 0.002593 0.00466811 0.00964501 0.00623388 0.00260643 -0.0145935 0.00366812 0.000486087 0.00221325 -0.00592041 -0.00308738 -0.00753907 -0.00367503 -0.00468719 0.00378743 0.0052044 -0.00132207 -0.000739187 -0.00162961 0.00459732 -0.00534355 -0.00599601 -0.0043904 0.00375572 0.00488008 -0.00194232 0.00535803 -0.000658775 0.00160869 -0.00325372 -0.00196715 -0.00502218 -0.00742831 0.00662818 0.0097843 0.00377004 0.00825067 0.00310804 0.00398846 0.00250304 0.00638318 0.00945449 0.000902525 0.000631645 -0.00307148 0.00149466 0.0051034 0.001618 0.000144227 0.00145074 0.00183832 -0.00597671 -0.00260468 -0.00728781 -0.00279945 -0.00150991 -0.000619552 -0.00149969 -0.00850853 -0.00560483 0.00164276 -2.49992e-05 0.00149263 -0.00141497 -0.00359359 -0.00106418 -0.0035639 0.000668794 -0.00113443 -0.000683034 0.00088924 0.00217549 -0.00160804 -0.00707081 -0.00236989 -0.00197591 0.00369769 -0.00264559 -0.00394013 -8.27136e-05 -0.00917954 -0.00662952 0.00396662 0.00567665 0.00403975 0.00100495 0.00662814
internal_weight=106720 65843 51919 38045 40877 27842 13924 12767 15075 10343 13035 7007 8609 1417 821 11618 31038 18271 12767 5040 10212 7637 4812 3970 13874 6115 7759 3895 3864 4732 6763 6227 8059 7565 4855 2778 13538 10223 2464 9872 3493 1017 745 2476 596 6796 1720 1453 4420 2575 852 553 1997 2825 536 5375 4970 4266 704 4166 3850 2757 2389 2092 1475 3315 3146 3455 4530 4629 4158 1853 2607 693 6503 828 5675 4633 3261 1069 721 4079 7727 2305 3797 1026 709 2771 6379 6066 2161 933 842 5789 3352 2913 2616 1228 780 2078 3119 2183 1321 936 3886 1598 2288 1231 2004 2261 1855 821 1032 6588 6219 650 5569 3780 1030 1450 743 1743 1328 2037 944 1093
internal_count=106720 65843 51919 38045 40877 27842 13924 12767 15075 10343 13035 7007 8609 1417 821 11618 31038 18271 12767 5040 10212 7637 4812 3970 13874 6115 7759 3895 3864 4732 6763 6227 8059 7565 4855 2778 13538 10223 2464 9872 3493 1017 745 2476 596 6796 1720 1453 4420 2575 852 553 1997 2825 536 5375 4970 4266 704 4166 3850 2757 2389 2092 1475 3315 3146 3455 4530 4629 4158 1853 2607 693 6503 828 5675 4633 3261 1069 721 4079 7727 2305 3797 1026 709 2771 6379 6066 2161 933 842 5789 3352 2913 2616 1228 780 2078 3119 2183 1321 936 3886 1598 2288 1231 2004 2261 1855 821 1032 6588 6219 650 5569 3780 1030 1450 743 1743 1328 2037 944 1093
is_linear=0
shrinkage=0.0667171


Tree=21
num_leaves=127
num_cat=0
split_feature=6 3 19 4 8 21 4 12 19 17 21 10 4 7 15 10 16 9 4 11 3 13 20 13 17 8 8 17 0 4 12 3 14 13 10 1 19 16 7 11 10 4 8 1 16 20 11 0 12 17 21 0 16 3 14 19 14 11 14 14 16 0 21 20 19 21 21 17 3 9 1 10 12 11 11 15 17 17 10 3 0 11 12 6 15 13 0 16 19 16 20 19 11 20 19 9 10 4 12 19 12 12 21 17 8 4 1 19 0 11 8 14 13 14 21 14 8 11 10 10 16 7 15 8 13 0
split_gain=4.61503 4.18432 4.15121 6.58335 4.98146 4.58395 4.79445 3.75819 3.75792 3.98498 4.17426 3.90206 3.76432 3.73901 5.70911 5.23383 5.26823 5.08994 5.5756 3.84448 4.41206 4.33775 3.70041 4.99617 4.0361 3.65881 3.63643 3.58187 3.37177 3.20144 3.49847 3.15809 3.15469 3.11803 3.10388 3.23086 3.2698 4.05088 2.93467 2.93309 3.40742 3.9104 3.34034 4.31385 4.65827 3.7283 4.66797 4.45056 4.92014 4.2418 3.88518 3.72032 3.49578 3.35656 4.3787 3.60638 3.16281 3.11281 3.37993 3.70816 3.10213 4.2334 3.03442 2.95611 2.8367 2.81221 2.81055 2.80369 2.75248 2.71146 5.31918 4.2794 2.66861 2.6285 2.60934 3.09542 3.05004 5.1336 2.80719 2.65124 4.53083 7.47511 3.53393 3.44979 4.2949 3.92003 3.34283 4.16407 3.69828 3.22074 3.60494 2.94073 4.81842 3.36208 2.56131 5.46087 4.93717 5.56356 5.71537 4.50823 4.03634 3.66941 4.42436 3.30762 3.08802 3.43443 2.53391 2.50794 2.55155 2.47019 2.46959 2.4656 4.88624 3.98356 3.86311 3.74865 3.26693 3.03678 2.64267 3.47385 3.69318 2.46113 3.66666 2.44702 5.102 4.46547
threshold=-0.027172490023076531 -0.16406177729368207 -0.15445105731487271 -0.50866037607192982 -0.55356204509735096 -0.16952450573444364 -0.33955840766429896 0.91549459099769603 -0.20579023659229276 0.0097799510695040243 -0.1092226170003414 -0.18120186775922772 0.17912877351045611 -0.18443359434604642 -0.19891705363988874 0.15021160989999774 0.31960745155811315 -0.33008505403995508 -0.069100182503461824 0.3221393376588822 -0.49119704961776728 0.19880526512861255 0.023183036595582966 -0.579534351825714 1.0000000180025095e-35 -0.007959118112921713 -0.12464594095945357 0.56256294250488292 0.43892045319080358 0.12489546835422517 -0.28565466403961176 -0.085171408951282487 -0.10853437706828116 -0.58764845132827748 0.11767040938138963 -0.03835227154195308 -0.24961624294519422 0.15144107490777972 -0.002525955555029213 -0.37897720932960505 0.20469906926155093 0.21648090332746509 1.0000000180025095e-35 0.45312500000000006 0.011217402759939434 -0.035538826137781136 0.21532527357339862 -0.23437499999999997 -0.20839337259531018 0.56256294250488292 -0.014663181733340023 -0.28551135957241053 0.097231984138488783 0.10119250044226648 0.08599239215254785 0.0089619513601064699 0.035603554919362075 -0.17148938775062558 0.2525534331798554 0.41155095398426061 0.0046316231600940236 -0.42755682766437525 -0.036173962056636803 -0.0040530514670535913 -0.18375552445650098 -0.024440809153020378 -0.0087966057471930963 -0.018265496939420697 0.47445212304592138 0.062303895130753524 -0.021306818351149556 -0.17380151897668836 0.15020011365413669 -0.078653711825609193 0.45676505565643316 0.83569893240928661 -0.37491010129451746 -0.061124693602323525 -0.10026524215936659 -0.41401703655719752 0.36789773404598242 0.15946222841739657 0.096941109746694579 0.099305178970098509 -0.14284946769475934 0.093772035092115416 0.21164772659540179 -0.0022268359316512938 -0.12926788628101346 -0.10889014601707457 0.030311418697237972 -0.1655360013246536 -0.12490470707416533 -0.036809355020523064 -0.073047429323196397 0.075523611158132567 -0.15253707021474835 -0.50276798009872425 0.29456833004951483 0.24149841070175174 0.37318466603755956 -0.22057747095823285 -0.022485284134745594 0.003667481592856348 -0.11362314596772193 -0.036655424162745469 -0.17471590638160703 0.15299953520298007 0.13210227340459826 -0.14501772075891492 0.044370600953698165 0.13144785165786746 0.084500808268785491 0.71171447634696972 -0.024440809153020378 -0.026806683279573914 -0.064081482589244829 -0.3716976642608642 -0.18492510169744489 -0.21668158471584317 0.097231984138488783 -0.079519417136907564 -0.015353302471339701 -0.22954488545656201 -0.29744578897953028 0.42755682766437536
decision_type=2 2 2 2 2 2 2 2 2 2 2 2 2 2 2 2 2 2 2 2 2 2 2 2 2 2 2 2 2 2 2 2 2 2 2 2 2 2 2 2 2 2 2 2 2 2 2 2 2 2 2 2 2 2 2 2 2 2 2 2 2 2 2 2 2 2 2 2 2 2 2 2 2 2 2 2 2 2 2 2 2 2 2 2 2 2 2 2 2 2 2 2 2 2 2 2 2 2 2 2 2 2 2 2 2 2 2 2 2 2 2 2 2 2 2 2 2 2 2 2 2 2 2 2 2 2
left_child=7 28 3 -3 -4 6 -5 13 34 12 -11 -12 -10 15 22 33 17 18 72 21 -21 94 23 26 -25 -8 -15 -19 74 -26 -31 -20 67 -1 35 -7 110 -38 -13 40 -6 -42 45 51 -45 46 50 49 -49 -47 53 56 57 55 60 -41 -44 58 -53 -60 61 -55 -46 -50 -35 -22 -48 -23 -34 70 -59 -71 -17 -73 75 79 -76 -78 -79 80 86 82 -82 107 -85 -86 87 89 -89 90 -2 92 -88 -94 -16 96 103 -98 101 -97 -100 -99 104 -96 105 -103 -105 -81 -109 -58 -37 112 114 117 -93 118 -115 -113 119 120 -114 -104 -123 124 -66 -125
right_child=1 2 4 5 39 8 25 -9 9 10 11 38 -14 14 19 16 -18 27 31 20 65 32 -24 24 29 -27 -28 -29 -30 30 -32 -33 68 64 -36 36 37 -39 -40 42 41 -43 43 44 62 47 66 48 63 -51 -52 52 -54 54 -56 -57 109 69 59 -61 -62 -63 -64 -65 123 -67 -68 -69 -70 71 -72 73 -74 -75 76 -77 77 78 -80 83 81 -83 -84 84 85 -87 91 88 -90 -91 -92 111 93 -95 95 99 97 98 100 -101 -102 102 121 106 -106 -107 -108 108 -110 -111 -112 113 115 116 -116 -117 -118 -119 -120 -121 -122 122 -124 125 -126 -127
leaf_value=0.0053961989718544542 -0.0073307083759588344 0.0084456061977071593 -0.0038423264186241567 -0.0045712694499144054 0.0066598458188690353 0.0050126408687313972 0.00061173737611988686 -0.0030077580147544057 -0.014024918017527623 0.0046085452292710972 0.0023364508825270396 -0.0015994034713899135 -0.0036127561162127733 -0.0024236277723198472 0.0012911455142919316 -0.0074736098777338942 0.007286351531686725 -0.0012914635199644114 0.0097408807070325856 0.0059020484666515204 -0.0078433554146299378 0.0030422714821141338 0.00014282704959409911 -0.0097830295604572071 0.00041095185332026563 0.011938533202363875 0.0064438611785096267 -0.0089475500215454307 -0.0031465342882985173 -0.00036818542838551672 -0.010503630718586435 0.0027200185073716562 0.0048261961575958509 -0.0019832288086282543 0.0058577962068297488 -0.0029128352529089016 0.00082999635293191096 -0.00830379097981589 -0.0087825498209991217 -0.0010865981369659859 -0.00076812572123768495 0.0077705797773052797 -0.00022789041508787281 -0.0030529699917259236 0.011477896420164601 0.0028880514279399001 0.0084438333614634663 -0.0082627603529905908 0.0050068520132161617 -0.0052316946769715338 -0.0098024303971105901 -0.0058427944755047763 0.0002142774220470416 -0.0017034287278198605 -0.0048139235102587401 -0.0099808962624548699 -0.0017885984814807756 -0.0067783113554241246 0.0056813860417839427 -0.0041758824487024525 -0.00258892868345807 0.0087614694377469889 0.0040321730546056611 -0.0012236845003526107 -0.00039426228392057291 -0.00173479058829223 -0.00066794366946686047 0.00012342189009581094 -0.0022528724433679885 0.013889397175995395 0.0036393680517171948 0.0096044059746893794 0.00014400104111608682 0.0024568498159156914 0.0020912996283696779 0.0049792601643880744 -0.0097025702238638899 -0.0061163936659287751 0.0030326857475826128 0.00076429158457840148 -0.015443531952341551 0.0032404985380699021 -0.0047365503377101124 -0.0055986884846135412 0.0018312526789957123 -0.0027447764170337426 -0.0037213622779304623 -0.012435918430504409 -0.003781181661928193 0.0048379471375479882 0.0024447990562774125 -0.011362560463086216 0.0088498331668563409 0.0012788248148889122 -0.00051792472151886105 -5.9705047769169762e-05 -0.0094817915219882146 -0.0055966434392051307 -0.011228455570921706 0.005274698089009093 -0.0020214037831910786 0.0020909483254812206 0.0027880456280793848 -0.013504623417369882 0.0014714279791356601 0.011498324114008843 -0.0042360849463211501 0.00061488420098450942 0.0088101668031610649 -0.0099857911591197581 -0.010039108512311139 0.0074659380454215026 0.0035896339121672667 -0.0089861435842545859 -0.0027534413978392495 0.0054209085620064643 0.00018140658807797895 0.00076119735568452515 -0.0036869836699162752 0.0063557389094623835 -0.0056896601312027631 0.0010787470157318582 -0.0060801684295233895 0.0024587652194716205 0.0075492514875266344 -0.0046228929280317565
leaf_weight=1523 371 279 1193 253 721 277 250 1349 338 267 294 410 302 630 5229 260 427 3544 394 286 408 2322 2123 652 562 267 301 294 3128 261 379 1098 2167 694 256 604 1331 254 713 380 1127 298 3630 306 337 2987 250 400 387 311 364 334 5488 281 755 454 417 257 481 255 443 417 963 2540 544 1984 355 4026 266 250 1305 310 883 938 328 429 559 254 349 3683 298 253 274 799 1904 1475 419 299 888 362 295 384 475 601 287 2112 317 366 309 1046 699 335 531 309 1138 376 250 317 381 280 353 363 326 308 615 384 372 1774 1298 338 444 606 650 3079 1010 449
leaf_count=1523 371 279 1193 253 721 277 250 1349 338 267 294 410 302 630 5229 260 427 3544 394 286 408 2322 2123 652 562 267 301 294 3128 261 379 1098 2167 694 256 604 1331 254 713 380 1127 298 3630 306 337 2987 250 400 387 311 364 334 5488 281 755 454 417 257 481 255 443 417 963 2540 544 1984 355 4026 266 250 1305 310 883 938 328 429 559 254 349 3683 298 253 274 799 1904 1475 419 299 888 362 295 384 475 601 287 2112 317 366 309 1046 699 335 531 309 1138 376 250 317 381 280 353 363 326 308 615 384 372 1774 1298 338 444 606 650 3079 1010 449
internal_value=-4.52241e-05 -0.000430025 3.16007e-05 -0.00149913 0.000370702 -0.00195763 0.00282776 0.000454224 -0.00264761 -0.00467537 -0.00294117 -0.00439303 -0.00917138 0.000558618 0.000145924 0.00145505 0.000132715 -0.000336522 0.00191366 0.000540611 -0.00184837 0.000816324 -0.00193901 -0.00353828 -0.00554047 0.00653154 0.00041129 -0.0018905 -0.00109658 -0.00320414 -0.00642251 0.00460306 0.00198748 0.00270043 -0.00110309 -0.00175096 -0.00250573 -0.000622947 -0.00619078 0.000551575 0.00292212 0.00100398 0.000353477 0.00097184 0.00424627 -0.000574723 -0.00227201 0.000368117 -0.00134655 0.00210812 -0.00332526 0.000591849 0.00132413 -0.00244386 -0.000870813 -0.00597032 -0.00102796 0.00279046 -0.000274661 0.00221232 0.001714 0.0044983 0.00599806 -0.000385577 0.00198276 -0.00279531 0.00304541 0.00119696 0.0040347 0.00387396 0.00189693 0.00591075 -0.00156625 0.00427059 -0.000798228 -0.000596693 -0.00349395 -0.00510547 -0.00078011 -0.000720372 -0.00139896 -0.00615535 -0.0103849 0.000159059 -0.00120755 -0.000157156 -0.00101432 -0.00331127 -0.00600091 -0.000172541 -0.00294838 -0.000381514 0.00228096 0.00465665 0.000107604 -0.000552279 -0.00170917 -0.000949544 -0.00039915 0.00169779 -0.00488578 0.000724676 0.00137365 -0.00644155 0.00366331 0.00711783 -0.00942946 0.00147014 0.00513685 -0.00513703 -0.0055841 -0.000989623 -0.00210223 0.000494956 -0.00610349 -0.00065506 -0.00392533 0.00192061 -0.00164237 0.000722989 -0.00171339 -0.00097726 -0.00260037 0.00253178 0.00474595 0.00154558
internal_weight=106884 60409 35662 6448 29214 6169 770 46475 5399 2324 1684 1417 640 45126 30927 14199 6900 6473 2635 26019 2678 23341 4908 2785 1854 517 931 3838 24747 1202 640 1492 8781 7299 3075 2819 2542 1585 1123 28021 2146 1425 25875 15551 1606 10324 3699 6625 3327 3298 3094 13945 9618 2730 1896 834 4327 4130 1070 736 1141 698 1300 2927 5776 2392 605 6348 2433 3060 1562 1498 1143 1248 21619 20129 1490 1162 603 19700 11141 825 572 8559 4178 3379 10316 2215 1187 1028 666 8101 1495 1076 14560 9331 6173 5327 5010 3158 1008 4002 3636 846 1849 711 559 4381 698 697 957 6606 3789 2817 999 2790 680 2137 2406 1108 770 1787 1256 5082 1554 3528
internal_count=106884 60409 35662 6448 29214 6169 770 46475 5399 2324 1684 1417 640 45126 30927 14199 6900 6473 2635 26019 2678 23341 4908 2785 1854 517 931 3838 24747 1202 640 1492 8781 7299 3075 2819 2542 1585 1123 28021 2146 1425 25875 15551 1606 10324 3699 6625 3327 3298 3094 13945 9618 2730 1896 834 4327 4130 1070 736 1141 698 1300 2927 5776 2392 605 6348 2433 3060 1562 1498 1143 1248 21619 20129 1490 1162 603 19700 11141 825 572 8559 4178 3379 10316 2215 1187 1028 666 8101 1495 1076 14560 9331 6173 5327 5010 3158 1008 4002 3636 846 1849 711 559 4381 698 697 957 6606 3789 2817 999 2790 680 2137 2406 1108 770 1787 1256 5082 1554 3528
is_linear=0
shrinkage=0.0667171


Tree=22
num_leaves=127
num_cat=0
split_feature=18 21 18 21 0 21 18 21 18 21 4 18 21 18 0 21 7 0 21 0 21 0 21 8 10 0 0 17 18 9 17 4 21 0 21 18 15 20 14 18 4 17 21 0 4 19 8 18 4 21 18 0 4 21 18 18 21 0 7 16 16 9 21 7 4 19 10 16 0 21 12 20 17 6 4 0 20 14 14 13 10 18 4 0 12 16 20 4 8 20 8 15 20 0 8 19 0 15 9 4 7 9 4 21 10 14 14 14 4 4 19 16 18 9 10 0 7 21 15 10 4 21 10 5 5 7
split_gain=41.3173 20.5685 20.6818 17.1572 21.4731 15.7651 15.2214 13.5107 9.5132 14.8305 11.6569 9.15694 9.09476 9.40544 8.96616 13.4985 8.38596 7.61098 7.09349 6.56565 6.08308 6.75169 6.07651 5.72232 5.69858 5.60841 5.18478 6.87854 5.14414 5.10798 5.68121 5.0684 5.25712 9.25484 6.31903 5.50195 5.06081 4.94399 4.96621 4.92498 7.04693 10.6456 9.68668 7.30651 7.26949 7.1491 4.86084 4.76102 5.84309 4.72033 6.39819 5.58117 5.63335 5.50365 8.02866 5.31253 5.10416 4.71634 4.58943 4.58849 4.57678 4.44564 4.80179 4.65449 4.39009 4.37649 4.75825 4.36203 5.46302 4.24381 4.24017 4.21768 4.13378 4.36005 4.12842 4.10829 5.03421 7.38676 4.07659 4.07469 6.5186 4.69822 8.91945 4.69966 5.33858 4.7049 4.90557 4.50177 4.47906 4.26785 4.19991 4.04353 3.97453 3.90481 4.32567 3.87479 3.80342 4.84091 6.01388 3.79311 7.17681 4.19742 3.77746 3.94198 4.36448 3.8573 3.85077 3.87708 3.74429 5.40043 4.11885 3.72067 6.00433 5.47807 4.70299 3.70936 3.70685 3.69331 3.69213 3.68038 3.65982 4.62501 6.2157 3.84021 5.37224 6.39579
threshold=-0.065505117177963243 -0.036173962056636803 0.031402070075273521 0.062254153192043311 0.45596592128276831 -0.055729217827320092 -0.18711137771606443 -0.2356440797448158 0.096665639430284514 0.17176358401775363 0.46896232664585119 0.20737238228321078 -0.18479389697313306 -0.57647010684013356 0.47301135957241064 0.21979128569364551 -0.23023799806833264 -0.03835227154195308 0.062254153192043311 0.49289773404598242 -0.51055508852004994 -0.10937499999999999 -0.5822576880455016 -0.34446375072002405 -0.21668158471584317 0.24005681276321414 0.17755681276321414 -0.062958434224128709 -0.40806765854358668 -0.14092821627855298 -0.29666906595230097 -0.50800451636314381 -0.014663181733340023 0.45596592128276831 0.042653270065784461 -0.0019346683839103205 -0.25652073323726649 0.061988044530153281 0.34319688379764562 -0.13294097036123273 0.020367002114653591 0.32606464624404913 -0.16589048504829404 0.34801135957241064 -0.42043441534042353 0.01067691156640649 -0.011178631335496901 -0.61250972747802723 -0.20984914898872373 0.3387198299169541 0.28306050598621374 0.39346592128276831 -0.20984914898872373 0.55455446243286144 0.40874977409839636 0.60444065928459179 0.44967308640480047 0.35369317233562475 0.10672512650489809 0.34445250034332281 -0.13270692527294156 -0.15681900084018704 0.63589778542518627 0.074175108224153533 0.49318027496337896 -0.064785823225975023 0.004997019888833166 0.34445250034332281 -0.16051135957241056 0.43492516875267034 -0.23402515798807141 -0.052729601040482514 -0.20059686899185178 0.34306487441062933 -0.26754547655582422 0.26278407871723181 0.0081433255691081303 0.13962062448263171 0.14407849311828616 0.22971034049987796 0.026807511225342754 -0.35214525461196894 0.38260257244110113 -0.024147727526724335 0.089525442570447936 -0.33465202152729029 -0.24013996869325635 -0.052903147414326661 -0.38894423842430109 -0.67234852910041798 0.017026422545313839 -0.089101381599903093 -0.47421868145465845 0.41335226595401769 0.030119674280285839 -0.22805814445018766 0.45312500000000006 0.33570660650730139 0.047629032284021385 -0.069100182503461824 0.071851409971714034 -0.046166198328137391 -0.49976514279842371 -0.12156524136662482 -0.10345440730452536 0.28375855088233953 0.46801735460758215 0.31050579249858862 -0.49976514279842371 -0.46789334714412684 0.24997129291296008 0.15144107490777972 0.13006787747144702 0.031531237065792091 -0.24637661874294278 0.024147727526724342 0.12490425631403924 0.14503806829452517 0.14516896754503253 0.17376793920993808 -0.26055346429347986 0.24020697176456454 -0.16663190722465512 0.37500000000000006 -1.0000000180025095e-35 0.087383527308702483
decision_type=2 2 2 2 2 2 2 2 2 2 2 2 2 2 2 2 2 2 2 2 2 2 2 2 2 2 2 2 2 2 2 2 2 2 2 2 2 2 2 2 2 2 2 2 2 2 2 2 2 2 2 2 2 2 2 2 2 2 2 2 2 2 2 2 2 2 2 2 2 2 2 2 2 2 2 2 2 2 2 2 2 2 2 2 2 2 2 2 2 2 2 2 2 2 2 2 2 2 2 2 2 2 2 2 2 2 2 2 2 2 2 2 2 2 2 2 2 2 2 2 2 2 2 2 2 2
left_child=5 19 31 4 16 6 12 25 24 10 29 14 13 22 111 -16 74 23 57 59 21 -15 36 -7 117 58 108 -28 -23 30 -10 -3 46 -34 35 -35 -1 72 -39 40 41 44 78 71 115 -45 -33 -25 -49 93 51 52 -51 54 56 61 -52 -19 60 75 -8 -55 63 -63 79 -32 -67 68 -57 -56 -12 -44 116 -74 -4 92 118 -78 -42 81 -81 82 88 85 -85 -83 -87 90 -22 -82 -88 -79 -2 -13 -95 -31 97 -26 -99 101 -101 -86 -41 104 -104 -105 107 -106 -14 -110 -111 112 113 -11 -114 -9 -18 -5 -77 -69 121 -113 -123 124 125 -122
right_child=1 2 3 8 -6 17 7 39 9 11 70 49 26 20 15 -17 37 18 -20 -21 64 28 -24 47 96 -27 27 -29 -30 95 65 32 33 34 -36 -37 -38 38 -40 102 42 -43 43 45 -46 -47 -48 48 -50 50 53 -53 -54 55 69 67 -58 -59 -60 -61 -62 62 -64 -65 -66 66 -68 119 -70 -71 -72 -73 73 -75 -76 76 77 91 -80 80 89 83 -84 84 99 86 87 -89 -90 -91 -92 -93 -94 94 -96 -97 -98 98 -100 100 -102 -103 103 105 106 -107 -108 -109 109 110 -112 120 114 -115 -116 -117 -118 -119 -120 -121 123 122 -124 -125 -126 -127
leaf_value=0.0029076573083564004 0.008797759103265735 0.0060454632235255098 0.014809559361010614 0.0035166900471969216 0.020264791103625359 -0.0099168721419489649 0.0045154880494268244 0.0086172798323902611 -0.0096957642424302139 -0.0096516366538949901 0.0057558875795571578 0.002045980088155474 -0.010998824162753299 -0.0020904517146036481 0.00065763526545210838 -0.017619168047198024 0.0030279533835697527 -0.0043573807435827398 -0.01651025711239535 0.014192280905840493 0.004927771468453781 0.0024923245031080498 -0.0073255667251751772 0.0061737814411696188 -0.0037745335532884967 0.012033354900269976 -0.0033788713504650245 -0.014972305092182146 0.011115368014955898 -0.0018895289814937258 -0.0054783831259716089 0.0042740614353337239 -0.0022415435442422909 -0.011948289775985301 -0.017252069004908669 0.0017652505099845007 -0.0035195472530338088 -0.0011410440289229967 0.008475450726642594 -0.005590767197624651 0.00042640767048515764 -0.011677355586507433 -0.0030843509315269307 -0.014468113885886797 -0.0047747183003904745 -0.00052962352318730761 -0.0021498457188456658 0.001341702076573816 -0.00420774196547121 -0.008462560346451006 0.0017143316439685815 -0.012401955372755373 0.0019881198034536001 -0.01168235753255983 0.013251107927750163 -0.0023698265560841147 -0.0061314677426741624 -0.011588294668895948 0.0093235047631808742 -0.0022340219189170051 -0.0046347620035394593 0.0042340464612703119 -0.0074729408701557434 -0.0048548581084603059 -0.0086455293430944546 0.0094641267343565805 -0.00077068366418461484 -0.008483721103523429 0.0090369997030202535 0.00450696238201336 0.015678514871652966 0.0067828752157579322 0.0054917292800020674 -0.0034000438323893685 0.0057945306347225202 0.016307728128787037 -0.0054897245628382297 0.013200578844326995 0.0095527906884300667 -0.0059459135012061778 0.0001491548489851689 0.0075772349124394716 -0.012651332047637402 -0.0056195369110458608 -0.0069783317931136658 0.0046699635221783943 -0.0053051796914846813 -0.0094221508788160258 -0.0031951916546411716 0.010634649316175424 0.0065558567518508243 0.0022511825801214691 0.0027630587305058347 0.012961688655754762 0.0015354239653726383 0.0038824757370843239 -0.0088220161169946486 0.010639671877037234 -0.0023742727059172446 0.0057975105144162081 -0.0042001911949379042 0.0017880468460012024 -0.0017174293655794614 0.0012498769082407452 0.0053762429923511412 -0.0059918817171872845 0.00097834536646433656 0.014586017195501354 0.0059192520944253554 -0.0052748241662745722 0.0010819818177658592 -0.0010976317445830304 -0.0041574092562557301 0.002064392180567746 0.0028720867416522954 -0.0014562232381228255 -0.0050038746510993586 -0.0042360090113535915 0.0060429536834834801 0.0024817795392911711 0.0018358905971578949 -0.017414563850452435 -0.0044548601797313181 -0.0056413038926199175 0.004300069379843994 -0.011966642049819181
leaf_weight=666 518 335 336 1069 339 463 705 356 272 445 379 4160 281 770 336 373 690 1840 327 252 350 843 1550 283 2821 493 452 475 495 559 326 966 8673 253 307 255 2842 2190 265 320 356 628 376 337 1137 324 1133 1150 3076 356 1687 285 625 253 311 277 469 524 466 615 365 604 500 423 330 350 458 251 537 1298 419 384 3099 259 754 331 273 296 587 250 295 554 408 1063 549 659 257 306 1999 433 267 318 8715 329 277 5653 499 251 408 910 485 423 415 2234 644 380 472 310 273 2018 572 653 502 285 2538 286 402 361 321 284 352 250 503 534 871 251
leaf_count=666 518 335 336 1069 339 463 705 356 272 445 379 4160 281 770 336 373 690 1840 327 252 350 843 1550 283 2821 493 452 475 495 559 326 966 8673 253 307 255 2842 2190 265 320 356 628 376 337 1137 324 1133 1150 3076 356 1687 285 625 253 311 277 469 524 466 615 365 604 500 423 330 350 458 251 537 1298 419 384 3099 259 754 331 273 296 587 250 295 554 408 1063 549 659 257 306 1999 433 267 318 8715 329 277 5653 499 251 408 910 485 423 415 2234 644 380 472 310 273 2018 572 653 502 285 2538 286 402 361 321 284 352 250 503 534 871 251
internal_value=-8.38555e-07 0.00101762 0.00047681 0.00115929 0.0038772 -0.00169526 -0.00104935 0.000887228 0.000504358 0.000980654 0.00334362 2.36523e-05 -0.00212994 -0.00143788 -0.00176495 -0.00891279 0.00317363 -0.00441704 -0.00728195 0.00356529 -0.000391294 0.00284526 -0.00383999 -0.00285866 -0.00206318 0.00582778 -0.00495986 -0.00936177 0.0057139 0.00253369 -0.00107652 -0.00198047 -0.00221687 -0.00288593 -0.00968246 -0.00502042 -0.00228856 0.0023077 -8.17878e-05 -0.000160191 -0.00167893 -0.00422081 0.000895237 -0.00256323 -0.00156254 -0.00769119 0.000790249 -0.00212233 -0.00268903 0.00111845 0.000139882 -0.00420924 -0.00178152 0.000944344 0.00266475 -0.00111495 1.2354e-06 -0.00598153 0.00380703 0.00332503 0.00136094 -0.00351334 -0.0021271 0.000452782 -0.00111052 0.000972126 0.00362738 0.00202324 0.00510843 0.00622745 0.0110128 0.00185435 0.00363315 0.00479244 0.00861527 0.00364619 0.00685309 0.00352509 0.00613961 -0.000835064 0.00321972 -0.00132176 -0.00356697 -0.000184007 -0.00169766 0.00234052 0.00036476 -0.00301862 -0.00196706 0.00643136 0.000668953 0.00759307 0.00310696 0.00278652 0.00779688 0.00335654 -0.0033639 -0.00256796 0.0025393 5.17566e-05 0.00229334 -0.00312716 0.00135012 0.00185931 0.00422271 0.000180817 0.0059794 0.00841902 -0.00364823 -0.00290809 -0.00385647 -0.00105287 0.000384004 -0.00502523 0.00169718 0.00407312 3.98414e-05 0.00152918 0.011318 -0.00260083 -0.00264868 -0.00526062 -0.00882336 -0.00080158 0.000935636 -0.00386253
internal_weight=106552 66539 54900 42978 8334 40013 32350 11575 34644 29235 8416 20819 20775 16704 7893 709 7995 7663 2691 11639 11646 2108 5058 4972 5409 2029 4071 927 1338 7618 1406 11922 11587 9488 815 508 3508 6905 2455 9546 4771 2407 2364 1421 1779 661 2099 4509 4226 12926 8160 1266 981 6894 3765 3129 2156 2364 1536 11387 1070 1780 1527 1027 9538 1134 808 1349 814 1609 798 760 4450 3358 1090 10772 1539 887 943 9208 978 8230 2757 5473 3430 2043 1489 830 2349 728 524 614 9233 4766 606 6212 3979 3480 659 2367 1395 972 4775 4455 1841 2614 1426 954 3144 2863 2590 7184 3770 730 3040 642 1092 1430 652 535 3414 1406 753 2008 1474 603
internal_count=106552 66539 54900 42978 8334 40013 32350 11575 34644 29235 8416 20819 20775 16704 7893 709 7995 7663 2691 11639 11646 2108 5058 4972 5409 2029 4071 927 1338 7618 1406 11922 11587 9488 815 508 3508 6905 2455 9546 4771 2407 2364 1421 1779 661 2099 4509 4226 12926 8160 1266 981 6894 3765 3129 2156 2364 1536 11387 1070 1780 1527 1027 9538 1134 808 1349 814 1609 798 760 4450 3358 1090 10772 1539 887 943 9208 978 8230 2757 5473 3430 2043 1489 830 2349 728 524 614 9233 4766 606 6212 3979 3480 659 2367 1395 972 4775 4455 1841 2614 1426 954 3144 2863 2590 7184 3770 730 3040 642 1092 1430 652 535 3414 1406 753 2008 1474 603
is_linear=0
shrinkage=0.0667171


Tree=23
num_leaves=127
num_cat=0
split_feature=18 21 21 18 18 0 21 18 0 21 18 0 21 93 18 10 0 21 21 18 0 0 21 14 18 10 3 0 0 14 9 8 7 19 12 13 16 15 21 18 13 21 15 11 19 18 0 21 18 7 17 3 17 10 14 5 9 3 10 0 10 13 0 10 1 0 12 19 11 21 18 18 0 12 13 19 17 18 19 0 18 21 12 19 6 13 21 8 15 12 0 1 21 16 3 0 9 18 18 11 3 21 12 9 10 21 16 11 0 0 19 12 16 10 21 10 7 3 15 8 18 9 7 16 8 12
split_gain=40.1415 23.0896 17.0921 19.4422 16.6657 12.4945 12.2827 10.8399 9.9065 9.39342 11.2959 8.94441 8.63157 8.61156 7.09562 8.18992 6.77177 7.05587 6.65558 9.32657 6.6465 6.33761 7.28041 6.13054 6.82098 7.28105 6.04886 5.84533 6.0424 5.397 6.40256 5.39117 11.2764 7.89833 6.39908 5.95396 5.47651 5.41127 5.33035 7.9232 5.18855 5.15873 4.98737 6.25044 4.93614 6.93276 4.92602 6.73449 9.47403 6.42403 6.30491 5.14282 4.90962 9.15104 6.12571 4.87953 7.11259 5.51887 4.86829 8.19557 6.78695 6.45815 4.85982 4.83689 4.71797 6.64378 7.28014 6.15111 6.03106 4.69414 8.77454 5.18913 4.90235 4.6352 5.22371 4.58385 5.39221 6.23389 5.42037 4.53255 5.80919 4.50887 4.35928 4.34875 4.34127 4.23655 4.18729 4.14805 4.135 8.24867 4.54872 5.92465 4.75376 6.06436 4.8372 4.08125 4.92866 4.03057 4.01229 4.11801 9.79459 4.01102 6.02003 5.70216 3.96907 5.53464 4.94233 3.9585 3.95652 3.92761 3.90666 3.87209 3.86013 4.18189 3.75767 6.23581 5.93356 4.50155 3.75272 5.16757 4.74762 8.74058 4.34762 4.07535 4.71708 4.22717
threshold=-0.021325975656509396 0.038608592003583915 -0.040085013955831521 -0.13916920125484464 0.055483173578977592 0.49289773404598242 0.17176358401775363 0.19194141775369647 0.49857954680919653 -0.20565284043550489 -0.32173828780651087 0.47017045319080358 0.11212657019495965 1.0000000180025095e-35 0.15868259221315387 0.34677459299564367 0.44176135957241064 -0.0068410797975957385 -0.1580683812499046 -0.090686492621898637 -0.061079544946551316 0.47869317233562475 0.21979128569364551 0.10395762696862222 0.081946276128292098 -0.07320998981595038 0.46216037869453436 0.43607954680919653 0.39630682766437536 0.10395762696862222 0.26054367423057562 0.0035595754161477093 0.082765553146600737 -0.040019819512963288 -0.011675242800265549 0.0050854284781962642 -0.52026459574699391 -0.24730414897203443 0.2918361127376557 0.27762436866760259 -0.12871655821800229 -0.2356440797448158 -0.2496083006262779 -0.10856995731592177 -0.14192452281713483 -0.12176372483372687 -1.0000000180025095e-35 -0.070069734007120119 -0.035081364214420312 -0.097636409103870378 0.42693801224231726 -0.36201974749565119 0.31871135532855993 -0.20216131210327146 0.25849726796150213 -0.37499999999999994 -0.26226060092449183 0.25294875353574758 0.010489702690392734 0.22301135957241061 0.18669666349887851 -0.41749387979507441 0.45028407871723181 0.33124984800815588 0.46448864042758947 -1.0000000180025095e-35 0.021926815621554855 0.13029981404542926 0.15946222841739657 0.43492516875267034 0.40874977409839636 0.35167858004570013 0.48437500000000006 -0.18055460602045056 0.23643353581428531 -0.14999118447303769 0.14979145675897601 -0.052385110408067696 -0.1893181577324867 0.30823864042758947 -0.20379465818405149 0.040430489927530296 0.13247570395469668 -0.042796092107892029 0.21703514456748965 -0.066030472517013536 -1.0000000180025095e-35 0.29928106069564825 -1.0000000180025095e-35 -0.1105317324399948 -0.089488636702299104 -0.083806820213794694 0.077898357063531889 0.16581860184669497 0.43606831133365637 0.42755682766437536 -0.21224568784236905 -0.18711137771606443 -0.13264068961143491 -0.097007948905229555 -0.37321612238883967 0.38562962412834173 0.16649514436721805 -0.077711928635835634 -0.14205475896596906 -0.088321309536695466 0.097231984138488783 0.094266131520271315 0.18323864042758944 -0.26278407871723169 0.11482527107000352 -0.085231561213731752 0.14103370159864428 -0.14913389831781385 -0.088321309536695466 0.16975324600934985 -0.088414199650287614 0.39443531632423406 0.7649846374988557 0.38597470521926885 0.11253532022237779 0.0099080512300133722 -0.041618220508098595 0.21695854514837268 -0.051632929593324654 0.033516295254230506
decision_type=2 2 2 2 2 2 2 2 2 2 2 2 2 2 2 2 2 2 2 2 2 2 2 2 2 2 2 2 2 2 2 2 2 2 2 2 2 2 2 2 2 2 2 2 2 2 2 2 2 2 2 2 2 2 2 2 2 2 2 2 2 2 2 2 2 2 2 2 2 2 2 2 2 2 2 2 2 2 2 2 2 2 2 2 2 2 2 2 2 2 2 2 2 2 2 2 2 2 2 2 2 2 2 2 2 2 2 2 2 2 2 2 2 2 2 2 2 2 2 2 2 2 2 2 2 2
left_child=2 5 3 9 87 13 8 21 14 10 58 52 -10 23 27 64 55 -18 29 20 44 118 -23 24 25 112 -25 28 40 -5 95 32 36 34 -33 41 37 -12 -9 62 42 63 -6 -44 -20 -46 49 48 -48 -21 -51 -49 53 -11 104 86 57 -57 59 83 -60 -61 101 -35 65 66 -16 -67 -68 70 -41 -71 -73 -62 -75 76 78 -78 -58 108 -81 -59 -36 -1 -26 -42 -4 -3 89 -77 92 -92 93 -90 -94 96 -31 -55 -22 100 -100 102 103 -40 -54 106 -106 -93 -38 -28 -45 -105 -2 -114 115 117 -116 -27 119 120 121 -8 -122 124 -124 -126
right_child=1 4 16 18 6 -7 7 38 12 11 31 -13 -14 -15 15 -17 17 -19 19 46 98 22 -24 26 84 114 109 -29 -30 30 -32 33 -34 35 82 -37 79 -39 39 69 85 -43 43 110 45 -47 47 51 -50 50 -52 -53 54 97 -56 56 75 81 60 61 73 -63 -64 -65 -66 67 68 -69 -70 71 -72 72 -74 74 -76 88 77 -79 -80 80 -82 -83 -84 -85 -86 -87 -88 -89 90 -91 91 107 94 -95 -96 -97 -98 -99 99 -101 -102 -103 -104 111 105 -107 -108 -109 -110 -111 -112 -113 113 -115 116 -117 -118 -119 -120 -121 122 -123 123 -125 125 -127
leaf_value=-0.017842193986286156 0.0047877779284915571 -0.003409329797160457 -0.0037372597667237823 0.011500841229055429 0.0058898658710426306 0.015196224345634866 -0.011218139181788956 0.0029542792588612764 0.020231389147889276 -0.014116524393809563 0.014032951452811773 -0.011811227192172253 0.0034010256485064554 -0.008169113811173051 0.006689351381760915 -0.00082748214765781039 -0.0047831383286096683 -0.018776727837160553 -0.0041389875686546384 0.0052494119746729906 -0.0094771347269354215 -0.0021192425330046898 -0.017440452286890618 0.0063912556807877554 0.0060850646782470543 0.011216148331396333 -0.0032327241892715092 -0.0049182462572367148 0.010016632640874051 0.0073534331061698779 -0.0067016258568848479 0.0091906296554641921 -0.0072640860184563037 0.016933512819547112 -0.0068252505144771707 0.0011213527138819136 0.00019274188498298627 0.00048605760434369951 0.0064728495942446632 0.0018652808761214408 0.0098365191172698225 0.0016565256937780908 0.0025283156987072164 -0.0091343041189732455 0.013414173010609935 0.00092296558549403659 0.01295704750819463 -0.0020413941971171661 1.2786458686644078e-05 -0.0048246404038088369 0.0064547582053991895 0.0059658542528515943 0.0014736792089690787 -0.0027805879770699989 -0.014451372762100482 -0.013270928110437801 0.0018557341960066006 0.0030179649533940236 0.0011248805779635934 0.006346854868532926 -0.011603637547509611 -0.0081243426385792638 -0.010081743064388245 0.0052278444078711602 0.01429000777621779 0.0058598503325884227 0.0049898567056644479 0.018013624132015411 -0.007507966058810784 -0.0062872976418287428 0.01267502694726374 0.00018164198856114542 0.0089052145323778083 -0.0028893063880960439 0.0060259821362991378 -0.0011932116532515566 -0.015451405443981299 -0.0018237186166004278 -0.0096036347870658116 0.0005830084167192639 0.012892848314214556 -0.0093408668962242924 0.0013779056672700715 -0.0062047908928938855 0.00028333526515372684 0.0017388004064208384 -0.01232896367458909 0.0036353824142357494 -0.0017101164299083082 0.0075748539551095881 -0.0021352288355241107 -0.003325222594432397 0.00034171871199700391 0.0089506727838957519 -0.0098492735287256435 0.011494881262254482 9.1592071134845708e-05 0.00073858924949939499 0.0058342555233599812 -0.0068949492159224284 -0.0058114207468078867 -0.0070489076380729791 0.0070842484563730457 0.001177930799187626 -0.013864137632240526 0.0018507434375934508 -0.0023238288352267428 -0.013100353667498959 -0.0066159154954550893 0.0058703268146188606 -8.8993337827981226e-05 -0.0074488632558304775 -0.0041554083607632224 0.0057564104739533332 0.0027824317562226328 -0.0021203739765812469 -0.004328826516131837 -1.7438670880085529e-05 -0.0080247779046803136 0.0070776457616249962 0.0022316800936125862 0.00014549939515063367 -0.0073887098694299458 -0.0061515467595471933 -0.00065245306712025694 0.0079065170238142388
leaf_weight=277 2536 5411 597 422 301 386 584 4309 255 266 277 532 297 293 977 918 449 255 407 754 458 315 250 3927 2694 398 543 653 362 727 250 264 823 462 515 536 1882 255 251 2136 301 254 512 718 278 688 743 761 370 1048 274 661 390 4079 318 476 545 253 2729 292 256 253 374 252 303 518 292 298 403 512 396 4262 305 6057 302 3451 388 250 271 516 256 261 636 319 743 6131 456 392 590 551 1145 299 435 389 381 315 987 2223 605 631 678 502 380 333 436 256 276 525 470 340 310 703 511 296 727 733 1796 251 380 314 1521 605 382 818 1593 302
leaf_count=277 2536 5411 597 422 301 386 584 4309 255 266 277 532 297 293 977 918 449 255 407 754 458 315 250 3927 2694 398 543 653 362 727 250 264 823 462 515 536 1882 255 251 2136 301 254 512 718 278 688 743 761 370 1048 274 661 390 4079 318 476 545 253 2729 292 256 253 374 252 303 518 292 298 403 512 396 4262 305 6057 302 3451 388 250 271 516 256 261 636 319 743 6131 456 392 590 551 1145 299 435 389 381 315 987 2223 605 631 678 502 380 333 436 256 276 525 470 340 310 703 511 296 727 733 1796 251 380 314 1521 605 382 818 1593 302
internal_value=2.16586e-05 0.00122931 -0.00136446 -0.000666322 0.000384159 0.00336314 0.000932787 -5.61301e-05 0.00250633 -0.00164242 -0.000762692 -0.00343091 0.0112492 0.00307 0.00213092 0.00459961 -0.00356167 -0.00991854 0.00168394 0.000748592 -0.00171834 -0.00219933 -0.00897074 0.00328598 0.00238952 0.00122228 0.00526918 0.00114084 0.00160406 0.00456381 0.00325811 0.00123029 -0.000216181 0.00346082 -9.12328e-05 0.00682389 0.0013642 0.0076047 0.000988447 0.000150675 0.00122961 0.00994797 -0.0018813 -0.0034313 0.00195544 0.00456701 0.00275926 0.00473262 0.00862124 0.0003334 -0.00245087 0.0016617 -0.00288371 -0.00205296 -0.00611388 -0.00316003 -0.00270832 -0.00808564 -0.00217203 -0.00629103 -0.00166452 -0.000325977 -0.00306769 0.0128552 0.00639838 0.00541547 0.00297625 0.0103568 -0.00219944 0.00123087 0.00357623 5.44997e-05 0.0007752 -0.00282048 -0.0024584 -0.00212577 -0.00556821 -0.0101649 -0.00192689 0.000287158 0.00472123 -0.00320925 -0.0022657 -0.0116862 0.00483942 0.00212569 -0.00749614 -0.00292544 -0.00147577 8.76686e-06 -0.00306235 -0.00527737 -0.000613167 0.0024967 -0.00437947 0.00450859 0.00319552 -0.00153394 -0.00386052 -0.00249295 -0.000294831 -0.00183684 -0.000240461 -0.00243635 -0.00412372 -0.0064137 -0.0094407 -0.00959503 -0.00115745 0.000245996 -0.00643581 -0.00464059 0.003508 -0.000467367 -0.000726813 0.00205328 -0.00226437 0.00681706 -0.00160336 -0.00119657 -0.00165252 -0.00541062 -0.000675621 -0.00211562 -0.00064814 0.000700462
internal_weight=106736 57053 49683 37716 40879 16174 35076 21527 13549 26659 17883 8776 552 15788 12997 3709 11967 704 11057 8356 3745 7064 565 15495 10685 7248 4810 9288 8635 2701 2279 7398 4479 2919 1415 1504 3656 532 14463 10154 8273 968 1841 1540 1373 966 4611 2535 1113 2076 1322 1422 8244 6568 1676 11263 10210 990 10485 1141 9344 545 2543 714 2791 2488 1672 816 695 7611 2532 5079 4567 6615 6359 9220 1454 638 816 3124 772 514 1151 596 3437 6432 1053 5803 7766 4002 3764 1969 1795 979 816 2029 1714 6302 2372 1914 1283 2169 1667 1287 1358 968 712 824 2352 883 1028 1036 3343 807 3905 1382 2523 649 6499 6119 5805 1189 4616 3095 2277 1895
internal_count=106736 57053 49683 37716 40879 16174 35076 21527 13549 26659 17883 8776 552 15788 12997 3709 11967 704 11057 8356 3745 7064 565 15495 10685 7248 4810 9288 8635 2701 2279 7398 4479 2919 1415 1504 3656 532 14463 10154 8273 968 1841 1540 1373 966 4611 2535 1113 2076 1322 1422 8244 6568 1676 11263 10210 990 10485 1141 9344 545 2543 714 2791 2488 1672 816 695 7611 2532 5079 4567 6615 6359 9220 1454 638 816 3124 772 514 1151 596 3437 6432 1053 5803 7766 4002 3764 1969 1795 979 816 2029 1714 6302 2372 1914 1283 2169 1667 1287 1358 968 712 824 2352 883 1028 1036 3343 807 3905 1382 2523 649 6499 6119 5805 1189 4616 3095 2277 1895
is_linear=0
shrinkage=0.0667171


Tree=24
num_leaves=127
num_cat=0
split_feature=18 21 21 18 18 21 0 18 0 21 0 11 9 18 19 21 4 18 14 21 21 10 12 14 0 8 14 4 18 19 8 10 16 18 21 16 10 18 18 6 20 21 9 9 3 18 21 0 16 10 14 18 21 9 12 12 18 12 8 12 18 19 21 14 0 10 3 18 8 18 21 4 12 19 11 18 16 15 11 8 11 11 4 4 0 19 19 20 14 8 16 0 10 21 15 10 10 9 21 18 11 16 1 12 13 4 0 4 16 10 0 13 5 15 15 8 1 9 18 4 16 12 9 19 15 0
split_gain=28.4277 23.3299 16.4165 15.3261 11.7701 15.2752 15.0336 13.0718 11.8274 11.6093 12.9574 7.92856 7.89631 6.80872 6.58457 6.54364 8.3968 8.30566 7.8187 6.11877 5.91963 5.8861 5.51511 5.73375 6.02062 7.28768 5.92877 6.3213 5.89718 6.78006 10.8538 5.46952 5.42235 5.35579 11.469 5.69356 8.58667 5.18863 5.15639 5.97055 5.29934 6.38034 5.36541 5.20504 5.66027 5.01936 6.43774 4.99951 5.52873 5.1832 6.22849 4.94551 6.61684 5.31368 4.94252 5.04717 9.66081 5.99379 4.92917 8.11599 5.37076 5.18686 7.52417 4.84501 4.79403 4.75878 6.93305 4.87842 4.74414 4.82365 6.57135 6.19927 4.7272 4.58529 4.51014 4.68898 6.03194 4.46301 4.44012 4.439 4.43368 4.41463 4.41204 6.57685 4.60714 4.53238 4.45184 4.36768 7.05935 6.94893 6.68393 4.42072 4.35613 7.09276 4.32018 4.29293 6.97364 8.38766 4.73704 4.29043 5.66101 4.27586 4.27487 6.02809 4.25357 4.23438 4.22982 4.22466 5.40789 6.29814 4.88729 4.20378 4.09766 7.58069 4.06662 4.01668 9.65898 4.01351 4.01304 4.26269 4.01237 3.97123 4.32316 3.92757 5.90648 5.71739
threshold=-0.096240367740392671 -0.088321309536695466 -0.17306074500083921 -0.36954462528228754 0.02152569126337767 0.12484074756503107 0.49005682766437536 0.11253532022237779 0.43323864042758947 -0.012707656715065239 0.44460226595401769 -0.3716976642608642 0.25460825860500341 0.059295460581779487 -0.1799083277583122 0.17828200012445453 -0.40606333315372461 0.19611540436744693 -0.10407650470733641 0.2918361127376557 0.080505724996328368 -0.0070086116902530185 0.30200687050819403 0.4866661280393601 0.34232954680919653 -0.511836677789688 0.25849726796150213 -0.44220972061157221 -0.61250972747802723 -0.20291815698146817 0.040251506492495544 -0.13488890230655667 0.20470655709505084 0.60444065928459179 0.63589778542518627 0.33604107797145849 0.14672642946243289 -0.0019346683839103205 0.081946276128292098 0.05424714274704457 -0.055901374667882912 0.07319205999374391 0.26644423604011541 0.045678444206714637 0.3262240737676621 -0.13264068961143491 -0.10688576474785803 0.47869317233562475 0.13080412894487384 -0.22785680741071698 -0.098132669925689683 -0.29443526268005366 -0.001277609961107373 -0.011444739997386931 0.13247570395469668 -0.18398513644933698 -0.041037458926439278 -0.197644367814064 1.0000000180025095e-35 -0.051326472312211983 -0.14547633379697797 -0.063054207712411867 -0.2010899409651756 -0.05503988824784755 0.18323864042758944 0.23447446525096896 -0.26693189144134516 -0.20379465818405149 0.41252522170543676 0.42243160307407385 0.38562962412834173 0.44198071956634527 0.19927386939525607 -0.13277257233858106 0.2926346510648728 0.29825963079929357 0.11122865602374078 -0.082941628992557512 0.053339188918471343 -0.051632929593324654 0.070455934852361693 -0.25380036234855646 -0.43383307754993433 -0.26754547655582422 -0.29687499999999994 0.54834127426147472 -0.0076580906752496949 0.038155868649482734 0.11138741672039033 0.29225407540798193 -0.045884007588028901 0.092329546809196486 0.15021160989999774 -0.14633522927761075 -0.23808755725622174 0.18669666349887851 0.11126694455742837 -0.080068957060575471 -0.54573827981948841 -0.61250972747802723 -0.33223511278629297 -0.12653043866157529 0.44744317233562475 -0.0099028018303215486 -0.40777818858623499 -0.46114358305931086 -0.23437499999999997 -0.47994188964366907 0.13832896947860721 0.16975324600934985 -0.31960226595401758 0.13466835767030719 1.0000000180025095e-35 0.086797237396240248 -0.024569892324507233 0.02089297212660313 0.39062500000000006 -0.25549733638763422 -0.20860014855861661 0.044752327725291259 -0.25536964833736414 -0.16568896919488904 -0.021340321749448773 -0.082641415297985063 -0.20350997895002362 -0.29119317233562464
decision_type=2 2 2 2 2 2 2 2 2 2 2 2 2 2 2 2 2 2 2 2 2 2 2 2 2 2 2 2 2 2 2 2 2 2 2 2 2 2 2 2 2 2 2 2 2 2 2 2 2 2 2 2 2 2 2 2 2 2 2 2 2 2 2 2 2 2 2 2 2 2 2 2 2 2 2 2 2 2 2 2 2 2 2 2 2 2 2 2 2 2 2 2 2 2 2 2 2 2 2 2 2 2 2 2 2 2 2 2 2 2 2 2 2 2 2 2 2 2 2 2 2 2 2 2 2 2
left_child=2 12 3 21 9 6 38 8 63 87 14 65 92 -8 -11 16 32 47 -18 107 54 79 23 24 25 -4 28 -28 -27 30 -30 -20 -9 34 68 -35 -37 -12 39 114 41 43 -43 44 -40 46 -26 48 49 50 -17 -31 111 -54 55 57 -57 -16 -13 -60 61 -61 118 115 -56 66 67 -5 69 70 -21 -71 -36 -23 75 76 -72 -58 -33 -1 -14 104 -22 -84 86 -86 -85 89 90 -3 101 106 93 -2 -67 96 97 98 -75 -98 -101 -89 103 -97 -29 -41 -90 -19 109 -109 -110 -53 -65 -114 117 -7 -117 -6 119 -63 -93 122 -95 -94 -125 -126
right_child=1 4 22 11 5 7 13 15 -10 10 37 58 80 -15 20 17 18 19 31 33 82 73 -24 -25 45 26 27 81 29 51 -32 78 -34 35 72 36 -38 -39 40 105 -42 42 -44 -45 -46 -47 -48 -49 -50 -51 -52 52 53 -55 64 56 77 -59 59 60 -62 62 -64 112 -66 94 -68 -69 -70 71 74 -73 -74 95 -76 -77 -78 -79 -80 -81 -82 -83 83 84 85 -87 -88 88 91 -91 -92 120 123 121 -96 102 99 -99 -100 100 -102 -103 -104 -105 -106 -107 -108 108 110 -111 -112 -113 113 -115 -116 116 -118 -119 -120 -121 -122 -123 -124 124 125 -127
leaf_value=-0.0037631219807843863 0.013185272155070048 0.0026608647209326024 -0.011179417312608573 -0.00035221044312554412 0.0075580833664408717 0.0024509022727234155 0.0048787771093835057 -0.0051702918811185562 -0.012846749118755675 -0.010323573995942022 -0.016520227120736621 -0.0010840791087811583 0.0030694351662273584 0.018038110636924502 -0.00048270598981529488 -0.010796878799780406 0.0092163536639573024 -0.0029586287137028464 0.0092774090893826995 0.0003839893460674271 -0.010794000024619284 -0.0071980807916268317 -0.0077659742527945901 0.005024663416413575 -0.0064878275866023386 0.0061023824645557575 -0.0064597620717255751 0.014415420289491927 -0.014828332507797855 -0.007123719963217345 0.00049715660591158914 -0.0047519404683299083 0.0059852794884123622 0.0069814183653730778 -0.0041274244123510745 -0.010442203646618933 0.0047169293814044895 -0.0048065659120511721 0.00236113664441462 0.0039393604527479713 0.0041857817794365261 -0.0070843388101925683 0.003830132162467202 0.0054797140771889498 -0.0069924458099928722 -0.0022014327432120341 -0.018829622682253463 -0.0083584266399494966 -0.0034917857628253366 0.0027581020616829132 0.0016566777714695929 -0.0018155943579499778 -0.011495491625822965 -0.0032988550780878425 0.0089884656240119334 -0.010334520520999877 -0.0070515419706800751 0.0086134665739465866 0.0084470817212736315 -0.0042721040169678304 0.0068204238109470273 0.0063185002310795395 -0.0062967742061544856 -0.0096860013828380491 -0.0013131487823195079 0.0087271211390738297 0.011172363860566742 0.010084942020269851 0.0059184530265558432 0.000957026888161706 -0.014434942215486843 0.012009011791929263 -0.016570209827786023 -0.00076476948543095671 -0.0090294948984150601 0.0010893260499900545 -2.6529947980375432e-05 0.00064308970015485858 0.0029585261508673602 -0.015361921750428602 -0.0054929675020146552 -0.00076650156278942373 0.0051202948701558511 0.0042713798533454772 -0.012424873204290591 -0.0016967744839483001 -0.00683471584346311 -0.0043173532975235279 0.0037755572418481666 -0.0076698722724874852 0.00058144027954782295 -0.0016569907606866548 0.010044257777771938 -0.0027464827161762283 -0.00047820926240698216 0.0059433629766171888 -0.0018709915691975311 0.0026672843843127949 -0.012217216626688917 0.012850272124476101 0.0018102220910133858 -0.01624295728432636 -0.008029565174335113 -0.0024639128878929982 0.0031492376139517944 -0.0027121500190543046 -0.0073832910570023032 0.010407213659222127 -0.0063214361803755814 -0.00022128518521280675 0.0032634788178758476 0.0023971327440850156 0.0025295623185867368 -0.010650044844265431 0.0043474763344998517 -0.0056500360879996846 0.0087790049097900297 -0.00034314611979068709 0.011291183187037821 -0.0039199304984883655 0.0085299781594609971 0.0077356867221116165 0.0063425410931422684 -0.0019537061973946201 0.0091188914225682136 0.0018548529415118255
leaf_weight=371 686 4539 415 675 318 1194 339 733 515 400 395 4946 583 379 1647 322 1130 415 376 3175 406 652 1078 399 695 319 302 264 513 922 333 506 258 947 314 262 441 309 1035 507 6528 650 282 1412 395 629 264 507 2735 1792 386 4754 479 1386 450 630 416 396 726 1045 505 438 361 558 350 278 788 276 577 1944 252 254 250 276 658 764 266 1653 952 252 492 421 346 343 489 283 295 263 256 305 397 254 378 440 1146 407 308 731 401 408 431 291 543 4808 360 2496 352 920 269 329 1739 1346 528 301 2183 1073 251 2574 302 300 491 1316 481 823 798 1250
leaf_count=371 686 4539 415 675 318 1194 339 733 515 400 395 4946 583 379 1647 322 1130 415 376 3175 406 652 1078 399 695 319 302 264 513 922 333 506 258 947 314 262 441 309 1035 507 6528 650 282 1412 395 629 264 507 2735 1792 386 4754 479 1386 450 630 416 396 726 1045 505 438 361 558 350 278 788 276 577 1944 252 254 250 276 658 764 266 1653 952 252 492 421 346 343 489 283 295 263 256 305 397 254 378 440 1146 407 308 731 401 408 431 291 543 4808 360 2496 352 920 269 329 1739 1346 528 301 2183 1073 251 2574 302 300 491 1316 481 823 798 1250
internal_value=5.97385e-05 0.000843569 -0.00145697 -0.000270778 0.00043026 0.000962234 0.00241584 -3.18921e-05 -0.00336016 -0.00113425 -0.00275609 0.00133866 0.00442795 0.0118754 -0.00199625 0.000593615 0.00306745 9.03988e-05 0.00484808 0.000980477 -0.00155691 -0.00225241 -0.00315863 -0.00279551 -0.00303179 -0.00250847 -0.00218795 0.00194973 -0.00274622 -0.00304131 -0.00875383 0.00213428 -0.00221804 0.000129431 -0.000545879 0.00360536 -0.000892662 -0.0114284 0.00204333 0.000775786 0.00303379 0.00103211 -0.00373581 0.00260875 -0.000203896 -0.00689729 -0.00994173 -0.00203887 -0.00141802 0.000838104 -0.00396374 -0.0024921 -0.00195021 -0.00542816 -0.000395039 -0.00121878 -0.00311498 0.00126962 0.000286559 0.00213864 0.000571585 -0.000710279 0.0019238 -0.00209572 0.00443707 0.00419513 0.00654016 0.00265939 0.000107413 -0.000348052 -0.00147501 0.00225784 -0.00971115 -0.00181151 -0.00453296 -0.00219354 -0.0070835 -0.000894379 0.000257749 -0.00852184 -0.00081596 0.00442616 -0.00451689 -0.00303922 -0.00507106 -0.00853564 -0.00082296 0.000859422 -0.00152182 0.00199969 -0.00592676 0.00155141 0.00534797 0.00722805 0.00130728 -0.0013834 0.00088197 -0.00224412 -0.0075958 0.00474813 0.00722651 -0.0106531 -0.00239453 -0.00179893 0.00798428 -0.00157471 -0.0026223 0.0033122 0.00412464 0.00757657 0.00195745 -0.00088007 -0.00525934 -0.0022321 0.00217318 -0.000337119 -0.00287537 0.000519596 0.00482092 0.00211298 0.00500615 0.00537926 0.00196955 0.00364448 0.00278392 0.00470503
internal_weight=106447 70194 36253 21374 62947 46991 19098 27893 4420 15956 8808 11786 7247 718 8104 23473 3955 19518 2964 13776 7704 9588 14879 13801 13402 11814 11399 1347 10052 9733 846 1834 991 10104 8454 1650 703 704 18380 8078 10302 3774 932 2842 1430 1588 959 5742 5235 2500 708 8887 7965 1865 5542 4742 2699 2043 8623 3677 2951 2446 1401 3905 800 3163 1739 951 7890 7313 5115 2198 564 8965 1940 1282 518 2069 1458 623 1075 1045 2162 1756 1410 772 638 7148 2304 4844 951 1353 6172 2923 1424 8313 2555 1408 677 1147 839 554 5758 5215 624 3003 608 3672 3257 1249 2008 6100 1387 829 5075 2518 1324 2892 1040 738 745 2237 921 3249 2871 2048
internal_count=106447 70194 36253 21374 62947 46991 19098 27893 4420 15956 8808 11786 7247 718 8104 23473 3955 19518 2964 13776 7704 9588 14879 13801 13402 11814 11399 1347 10052 9733 846 1834 991 10104 8454 1650 703 704 18380 8078 10302 3774 932 2842 1430 1588 959 5742 5235 2500 708 8887 7965 1865 5542 4742 2699 2043 8623 3677 2951 2446 1401 3905 800 3163 1739 951 7890 7313 5115 2198 564 8965 1940 1282 518 2069 1458 623 1075 1045 2162 1756 1410 772 638 7148 2304 4844 951 1353 6172 2923 1424 8313 2555 1408 677 1147 839 554 5758 5215 624 3003 608 3672 3257 1249 2008 6100 1387 829 5075 2518 1324 2892 1040 738 745 2237 921 3249 2871 2048
is_linear=0
shrinkage=0.0667171


Tree=25
num_leaves=127
num_cat=0
split_feature=18 21 18 21 21 0 18 18 21 18 18 7 21 0 18 0 11 21 21 21 18 9 0 18 17 0 5 4 18 17 9 21 13 0 21 6 21 21 17 19 0 17 12 3 12 1 18 3 18 15 4 7 9 19 11 18 7 11 0 4 4 19 0 9 21 19 13 11 3 16 13 7 9 1 21 18 3 12 15 0 16 21 0 7 17 21 12 7 0 13 3 4 20 4 20 12 11 7 3 9 17 19 19 5 0 12 16 3 15 3 3 0 21 20 20 11 16 21 4 17 9 21 9 9 6 21
split_gain=29.62 23.0504 21.6395 18.3136 12.5496 18.6361 9.89222 9.12685 7.20694 7.27896 6.97806 6.95729 6.65757 9.46503 6.88109 12.1222 6.5489 6.31647 6.29833 6.27838 8.12937 6.19293 6.14735 5.94321 5.80922 5.68162 5.62034 5.40596 6.7137 5.98632 5.12612 5.07052 4.81031 6.13711 4.63991 5.09052 4.56295 4.49684 4.93037 5.15522 4.6677 4.48688 4.46627 4.45487 7.73746 4.43335 5.84646 4.42691 6.06037 4.29831 4.26149 4.23916 4.22389 8.88707 4.21176 5.51839 4.05142 4.02674 3.9195 3.70726 8.13158 6.0834 3.69669 3.66656 6.64744 3.76619 3.88298 3.65795 7.04621 3.61728 4.94026 3.61219 4.79573 3.61126 3.96763 5.48177 4.2551 4.24147 4.48169 6.52902 4.087 3.98608 4.34076 6.27825 5.39165 3.87259 7.3353 5.53501 5.42636 4.75847 5.40004 3.59833 3.59557 5.36013 4.12627 3.54675 3.50439 3.49304 3.44113 4.38098 5.3378 4.3448 3.42258 4.9631 3.37182 3.63922 3.3122 5.32722 3.26508 5.75646 5.5239 5.81834 3.29045 3.19235 4.67417 4.54164 3.18422 3.18267 3.161 3.16096 3.14686 5.12358 3.1246 3.12078 3.66418 3.11118
threshold=-0.096240367740392671 -0.036173962056636803 0.031402070075273521 -0.16589048504829404 0.062254153192043311 0.45596592128276831 -0.13916920125484464 0.17105530947446826 0.2918361127376557 0.27762436866760259 -0.53630343079566944 -0.16175848245620725 0.180889368057251 0.41051135957241064 0.096665639430284514 0.50142046809196483 -0.62293937802314747 0.055735735222697265 -0.54573827981948841 0.43492516875267034 0.40874977409839636 0.20531906932592395 0.509943187236786 0.35167858004570013 0.31871135532855993 0.43607954680919653 0.37500000000000006 0.25939466059207922 -0.049812914803624146 -0.16377823054790494 0.64112457633018505 0.38562962412834173 0.3411767184734345 -0.29687499999999994 0.15155648440122607 0.05424714274704457 -0.088321309536695466 0.26823617517948156 0.49151445925235754 -0.12926788628101346 -0.19460227340459821 0.48655256628990179 0.17963979393243792 0.40443611145019537 0.055008575320243842 0.39062500000000006 0.010823292657732965 -0.20203755795955655 -0.38347558677196497 0.29801075160503393 -0.4010626077651977 0.038921084254980094 0.39224661886692053 0.13029981404542926 0.3163354247808457 0.22366008907556537 -0.079519417136907564 0.091483842581510558 -0.15198864042758939 -0.40606333315372461 -0.18727959692478177 -0.11001310497522353 0.41619317233562475 0.045678444206714637 0.013379053678363563 -0.22805814445018766 0.10766294226050378 -0.25380036234855646 0.31995254755020147 0.26451236009597784 0.25401449203491216 1.0000000180025095e-35 0.080030921846628203 0.43607954680919653 -0.2649704366922378 -0.21447290480136869 0.37321612238883978 0.021926815621554855 -0.1943087503314018 0.07528408989310266 -0.22774213552474973 -0.35359160602092737 0.18323864042758944 0.074175108224153533 -0.060225801542401307 -0.22585993260145185 0.17963979393243792 -0.11055883020162581 0.21164772659540179 -0.34140987694263453 -0.33241093158721918 -0.45759029686450953 0.064918685704469695 -0.32718469202518458 0.0081433255691081303 0.089525442570447936 0.3421280980110169 -0.3702824860811233 0.4891828745603562 -0.11988136917352675 0.25539334863424307 0.057392572984099395 0.096964869648218169 -1.0000000180025095e-35 0.34232954680919653 0.13247570395469668 -0.15541695058345792 0.41401703655719763 0.11214285716414453 -0.45529152452945704 -0.46541532874107355 -0.34801135957241053 -0.12156524136662482 0.15986795723438266 0.076517753303051009 -0.043922277167439454 -0.2049218341708183 0.25388912856578832 -0.27446910738945002 -0.044441247358918183 0.04973771050572396 -0.098366189748048768 -0.19422647356986997 -0.019015557132661339 -0.12063888460397719 -0.053773691877722733
decision_type=2 2 2 2 2 2 2 2 2 2 2 2 2 2 2 2 2 2 2 2 2 2 2 2 2 2 2 2 2 2 2 2 2 2 2 2 2 2 2 2 2 2 2 2 2 2 2 2 2 2 2 2 2 2 2 2 2 2 2 2 2 2 2 2 2 2 2 2 2 2 2 2 2 2 2 2 2 2 2 2 2 2 2 2 2 2 2 2 2 2 2 2 2 2 2 2 2 2 2 2 2 2 2 2 2 2 2 2 2 2 2 2 2 2 2 2 2 2 2 2 2 2 2 2 2 2
left_child=3 30 17 6 5 11 10 12 52 21 18 118 14 37 34 98 47 27 -1 20 56 31 24 -21 67 32 -20 29 -29 -3 36 57 92 -34 35 69 41 38 39 -14 -39 62 -42 44 58 46 71 48 -12 -45 -8 -30 54 -54 91 -56 -11 -10 -25 -26 -61 -62 -2 113 -65 -66 -67 68 120 70 -6 -38 -73 74 75 81 -77 78 79 -76 -78 -18 84 -84 -83 86 -79 88 -87 -88 -91 -9 93 -19 -95 -52 -44 -46 99 100 101 -16 103 -75 119 -106 107 -69 109 -108 -110 -112 -113 114 115 -13 -89 -57 -4 -101 121 -5 -43 124 -48 -47
right_child=1 2 4 22 7 -7 50 8 9 19 16 63 13 -15 15 -17 73 25 26 23 -22 -23 -24 43 59 -27 -28 28 51 -31 -32 -33 33 -35 -36 -37 45 40 -40 -41 42 122 96 49 97 125 123 -49 -50 -51 95 -53 53 -55 55 117 -58 -59 -60 60 61 -63 -64 64 65 66 -68 106 -70 -71 -72 72 -74 102 77 76 80 85 -80 -81 -82 82 83 -85 -86 87 89 116 -90 90 -92 -93 -94 94 -96 -97 -98 -99 -100 104 -102 -103 -104 -105 105 -107 108 -109 110 -111 111 112 -114 -115 -116 -117 -118 -119 -120 -121 -122 -123 -124 -125 -126 -127
leaf_value=-0.0013713289086364387 0.003618482123930746 -0.0073883773193258321 0.010875054451310014 -0.00050034047431210234 -0.0011661568021703453 0.01840212594684603 -0.0012638081482681325 0.00041918674219099534 0.0044761120594902035 0.0074128268006955714 -0.0057906512273641084 0.0087396232483068458 -0.010410744086134139 -0.0095243424893778853 -0.013652219552534522 0.015167071496410766 0.0012186938838276392 -0.0058273134877412404 -0.0039991690229488376 -0.0068895505386788467 0.012621886974800652 0.0030693506528154065 -0.0137622002342375 0.0017383779033084451 -0.012302155587810164 -0.013918311091026168 -0.013378767923263023 -0.010600658325345182 0.00029035974632398445 0.00059116375902369136 -0.0040565729542903434 -0.012345057415816565 -0.00062317170149644443 -0.01226985520211952 -0.0079799699103697309 -0.0041908547642467778 0.0035043691102982144 0.00088015902667150727 0.0040780783540304644 -0.00061922745656027751 -0.012717128447058622 0.015514354635675633 0.0018723343637828301 -0.0076573767487758413 0.0072785230866878933 -0.0043502694740915962 -0.0026599362074873735 0.010987813798653042 0.0083501255803499971 0.0022300378169377881 0.0033998691603154686 -0.0054676899839401537 -0.010286188506136364 0.00339946493443411 -0.0033495595338694896 0.0098977317638354514 0.00057472803573311736 -0.0045777398584241329 0.010922296727174196 0.0035495791760708612 -0.014296126725372345 -0.0046840455615460861 0.010815138233405635 0.0080343740389045241 -0.0064138383391489605 -0.0024752459639794328 0.00458483560457676 -0.0037829840173174904 0.0069952259881164019 -0.0064635322584473158 0.0049440178352414465 -0.0031933493426365366 0.003771169994326396 0.0048170861859074933 0.0011116097687145061 0.0059941463752797575 0.004780114998115704 -0.0056916184127325034 0.0030950769605829357 -0.011012636297808843 -0.0071125272330017988 -0.0073077134580530351 -0.0017978143436516321 -0.014191703973895711 0.0029302613792869239 -0.01594598306982049 0.0097821652004550872 0.0027137221190921905 -0.0029520701613312932 0.0063717487542026396 -0.0072429118518461148 0.0047723992209689351 -0.0038321132404420992 -0.00050459425429884622 0.010098430570414185 0.011308226785179889 -0.0089185508721807694 -0.00077361692402968499 0.0064593917670025388 0.0034728887468229337 0.0040604700139199512 -0.0025684004625378073 -0.010615560156092194 -0.0067463117413972002 0.009308704063129284 -0.00045863233215242725 -0.0091785652401566494 -0.012374048845195962 0.0028047193565447848 -0.0010616888578589311 0.0026242244739899273 -0.0021142439361007373 -0.0092519220347354724 0.0067000463147970151 -0.0048289203987193635 -2.6204330155651833e-05 -0.004388647901005481 -8.6227629766007571e-05 0.0044206415175695631 -0.00069331535034942396 0.0033282487397574777 -0.011113216601952022 0.0063102012029972775 0.0093024038543372232 0.0066943075684325094 0.0032201230321146214
leaf_weight=4041 5837 449 510 535 1326 343 342 1030 252 510 256 294 271 784 257 276 3595 334 1123 520 400 585 251 365 389 252 387 493 1396 5610 412 323 323 555 486 1503 1967 431 871 1964 404 258 271 504 260 705 284 379 276 309 543 945 326 582 854 295 1604 1412 503 381 404 1122 339 920 253 504 1064 1589 486 279 1046 1173 698 287 580 1378 253 634 1461 293 253 313 510 286 826 326 345 378 265 260 252 5144 2426 331 307 497 252 2688 460 1150 277 423 273 376 437 264 418 408 364 5381 284 388 1261 303 808 2226 1022 257 1091 2702 293 329 508 797 509 359
leaf_count=4041 5837 449 510 535 1326 343 342 1030 252 510 256 294 271 784 257 276 3595 334 1123 520 400 585 251 365 389 252 387 493 1396 5610 412 323 323 555 486 1503 1967 431 871 1964 404 258 271 504 260 705 284 379 276 309 543 945 326 582 854 295 1604 1412 503 381 404 1122 339 920 253 504 1064 1589 486 279 1046 1173 698 287 580 1378 253 634 1461 293 253 313 510 286 826 326 345 378 265 260 252 5144 2426 331 307 497 252 2688 460 1150 277 423 273 376 437 264 418 408 364 5381 284 388 1261 303 808 2226 1022 257 1091 2702 293 329 508 797 509 359
internal_value=-2.68011e-05 0.000770645 0.000173062 -0.00157541 0.000900965 0.00322979 -0.000366472 0.000344287 0.00134701 0.000151646 -0.00073402 0.00256871 -0.00081731 -0.0027689 0.000120649 0.00156899 8.33227e-06 -0.00216578 -0.00275573 0.00118529 0.00391696 -0.00291381 -0.00343592 -0.000142643 -0.00324709 -0.00419632 -0.00643435 -0.00112788 -0.00353145 -1.8612e-07 0.00321049 -0.00469655 -0.00361019 -0.00802121 -0.0018214 -0.00108992 0.00343689 -0.00157196 -0.000160374 -0.00182886 -0.00477082 0.00463001 -0.00743857 0.000610653 0.00157226 0.00215536 0.00292916 0.00548387 0.00149194 -0.00385238 0.00508862 -0.0020225 0.00278434 -0.00148408 0.00330088 2.34604e-06 0.00224587 -0.00318148 0.00709829 -0.00632484 -0.00508029 -0.00726128 0.00402205 0.00157336 0.00341462 0.00105838 0.00229174 -0.00264132 0.000257477 0.000657469 0.00151532 0.00150802 -0.000574547 -0.00034218 -5.61622e-05 0.000964338 0.00407007 -0.00136262 0.00082557 -0.00292922 -0.00109325 -8.85498e-05 -0.00253369 -0.00630679 7.66107e-05 -0.00283931 -0.000246194 -0.00476425 -0.0101819 0.00375043 -0.000258336 0.00405119 -0.00245708 0.000940147 0.00454971 0.007218 -0.00328078 -4.66984e-05 0.000929914 0.000459905 -0.0036272 -0.00682203 -0.00434054 -0.00169264 0.00132763 0.00557885 -0.00311666 -0.00556251 -0.00250834 -0.00165562 -0.0046438 -0.00606876 -0.00759217 0.000173171 -0.000415445 0.00098901 -0.00244588 0.00518848 0.00650304 0.000543163 -0.0025491 -0.00459033 0.00947048 0.00633415 0.00330383 -0.00175798
internal_weight=106733 70440 56594 36293 43173 8316 22010 34857 18723 10235 20628 7973 16134 5248 10886 6246 15077 13421 5551 7663 2514 2572 14283 5149 14032 4528 1510 8893 2834 6059 13846 1987 4276 878 4640 4154 13434 4464 3106 2235 1358 6942 927 4629 3816 6492 5428 911 532 813 1382 2341 8488 908 7580 1406 2114 1664 868 2296 1907 1526 6176 6372 2741 1821 1568 11736 1643 2651 2372 3838 1871 14166 13230 7414 1884 5816 2334 873 506 5530 1935 796 1139 3482 1491 1991 591 857 512 6174 3398 972 638 1040 523 2948 5970 5510 957 680 936 663 4553 701 10093 1997 8096 5799 2297 1933 1649 3631 3328 2520 1400 552 1601 3852 1157 864 766 1590 793 1064
internal_count=106733 70440 56594 36293 43173 8316 22010 34857 18723 10235 20628 7973 16134 5248 10886 6246 15077 13421 5551 7663 2514 2572 14283 5149 14032 4528 1510 8893 2834 6059 13846 1987 4276 878 4640 4154 13434 4464 3106 2235 1358 6942 927 4629 3816 6492 5428 911 532 813 1382 2341 8488 908 7580 1406 2114 1664 868 2296 1907 1526 6176 6372 2741 1821 1568 11736 1643 2651 2372 3838 1871 14166 13230 7414 1884 5816 2334 873 506 5530 1935 796 1139 3482 1491 1991 591 857 512 6174 3398 972 638 1040 523 2948 5970 5510 957 680 936 663 4553 701 10093 1997 8096 5799 2297 1933 1649 3631 3328 2520 1400 552 1601 3852 1157 864 766 1590 793 1064
is_linear=0
shrinkage=0.0667171


Tree=26
num_leaves=127
num_cat=0
split_feature=18 21 18 21 21 18 21 18 3 18 0 8 21 3 0 21 0 13 3 11 0 21 18 0 1 16 3 10 0 18 8 21 11 18 10 11 10 10 9 18 0 0 0 21 13 16 3 14 10 10 8 3 12 12 21 10 18 21 12 0 0 18 21 0 0 18 21 21 18 8 11 9 21 0 14 20 16 11 15 9 8 10 0 20 21 10 13 18 18 3 1 12 20 18 3 3 0 1 15 7 12 15 16 15 0 19 8 19 16 7 14 3 14 18 12 10 21 19 9 9 8 21 19 10 3 14
split_gain=29.7143 16.0639 19.2247 13.6717 9.69415 8.66192 11.4516 11.1685 7.45627 7.3622 11.8745 8.98609 7.04775 8.23513 7.20637 6.41613 6.37072 6.23651 5.72624 5.70072 5.65641 5.83754 6.69002 5.69348 5.53354 5.50326 6.99495 7.27873 6.02428 5.76477 7.97431 6.57027 5.50493 5.86051 5.43163 5.36157 5.15514 6.02993 5.98199 5.11213 6.65239 5.10911 4.98406 5.87338 4.92668 4.79966 4.79493 4.70956 4.69179 5.79963 6.94782 4.99982 4.73517 4.48212 4.42421 4.45302 4.26533 7.81532 6.45382 5.3959 5.1871 4.96587 7.24277 8.33407 8.06305 5.67643 8.2137 5.15592 11.1945 6.24371 6.09507 5.89969 4.83661 4.79894 4.50139 4.2255 4.15692 4.3833 5.18567 4.62235 4.27247 4.15395 4.95453 4.14369 4.06348 4.07852 6.59082 4.04228 3.96276 3.93161 5.27565 4.71668 4.66021 3.92501 4.95974 3.91722 3.8944 5.13219 7.2447 7.35075 5.45525 6.86268 5.65633 5.09387 5.03184 5.00552 4.73172 3.89149 3.89016 3.84234 3.83722 3.82637 3.76063 7.00193 4.54444 4.12123 3.73216 4.14776 4.79631 3.72067 4.38733 6.59995 4.17379 3.71769 5.02207 4.89303
threshold=-0.058091631159186356 0.032595351338386543 0.055483173578977592 -0.047568157315254204 0.066810529679059996 -0.14464228600263593 -0.2010899409651756 -0.58566099405288685 0.14855950325727466 0.026488136500120166 0.41903407871723181 -0.017828000709414479 -0.15415733307600019 0.50170147418975841 0.47017045319080358 -0.54573827981948841 0.47301135957241064 0.25673288106918341 0.44014346599578863 0.2557451874017716 0.27414773404598242 0.088327828794717803 0.028804156929254535 0.38210226595401769 0.45880682766437536 -0.52026459574699391 -0.20948321372270581 0.44302266836166387 0.2173295468091965 -0.20172158628702161 -0.27892823517322535 -0.42924110591411585 -0.037005878984928124 -0.26967006921768183 -0.1719623580574989 0.016142357140779499 0.25656493008136755 0.51303610205650341 -0.28140775859355921 -0.38347558677196497 -0.041193181648850434 0.42187500000000006 0.22869318723678592 -0.2414911016821861 -0.58342492580413807 -0.24934520572423932 0.48704174160957342 0.22877810150384906 -0.20659994333982465 -0.053267380222678178 0.0035595754161477093 0.44014346599578863 0.083882216364145293 0.50297313928604137 -0.014663181733340023 -0.18680419027805326 0.57462233304977428 0.63589778542518627 0.29456833004951483 -0.31392045319080347 -0.34232954680919642 0.15333474427461627 0.12484074756503107 0.49005682766437536 0.41335226595401769 0.11658803746104242 0.19001515209674838 0.2918361127376557 0.27762436866760259 0.41252522170543676 0.18614629656076434 0.20531906932592395 0.36732265353202825 0.43607954680919653 -0.049839032813906663 -0.47421868145465845 0.29872444272041326 0.16274712979793551 -0.11827188730239867 0.29132089018821722 0.098997920751571669 0.26843051612377172 -0.49005682766437525 0.071482531726360335 0.3387198299169541 -0.02081670984625816 0.24238831549882892 0.18170517683029178 0.81820604205131542 -0.47156198322772974 -0.095170453190803514 -0.13024013489484784 0.028709064237773422 -0.067185379564762102 -0.093194048851728425 -0.04476844705641269 -0.28551135957241053 -0.061079544946551316 0.63751921057701122 0.12232605367898942 0.021926815621554855 0.56529185175895702 0.097231984138488783 -0.039185868576169007 -0.11789772659540175 0.2504176944494248 0.21794527769088748 0.0069352795835584411 -0.59216600656509388 -0.20160061866044995 -0.11893608421087264 0.16406177729368213 -0.13676758110523221 0.010823292657732965 -0.28059463202953333 0.021539418958127502 -0.30865362286567682 -0.07237162813544272 -0.095605790615081773 0.29132089018821722 -0.11362314596772193 -0.34317517280578608 0.013927378691732885 -0.011831912677735089 0.38928070664405828 0.13516274839639666
decision_type=2 2 2 2 2 2 2 2 2 2 2 2 2 2 2 2 2 2 2 2 2 2 2 2 2 2 2 2 2 2 2 2 2 2 2 2 2 2 2 2 2 2 2 2 2 2 2 2 2 2 2 2 2 2 2 2 2 2 2 2 2 2 2 2 2 2 2 2 2 2 2 2 2 2 2 2 2 2 2 2 2 2 2 2 2 2 2 2 2 2 2 2 2 2 2 2 2 2 2 2 2 2 2 2 2 2 2 2 2 2 2 2 2 2 2 2 2 2 2 2 2 2 2 2 2 2
left_child=3 9 20 5 87 6 7 15 -5 11 -11 54 14 46 -7 36 -8 25 75 -19 48 22 23 -22 56 26 28 108 -9 31 -31 39 33 119 -10 -34 44 38 -38 -27 -41 -24 43 47 -1 -46 93 -32 -3 50 51 -50 81 -30 123 -56 57 59 -58 60 -6 62 63 73 -64 -66 -67 96 71 70 -70 -69 -73 -61 -60 -13 77 78 -36 80 -80 82 -51 -52 -72 86 -86 89 -76 -4 -91 92 -92 110 -95 -87 -63 98 105 -100 102 -102 103 -99 -104 106 -98 -37 -28 -57 -14 -17 -77 114 -114 -115 -35 118 -118 120 -33 122 -122 124 125 -2
right_child=1 2 4 8 24 12 16 17 34 10 -12 18 13 -15 -16 111 -18 19 -20 -21 21 -23 41 -25 -26 29 27 -29 53 30 42 32 35 116 76 107 37 -39 -40 40 -42 -43 -44 -45 45 -47 -48 -49 49 52 83 -53 -54 -55 55 109 58 -59 74 61 -62 67 64 -65 65 66 -68 68 69 -71 84 72 -74 -75 88 112 -78 -79 79 -81 -82 -83 -84 -85 85 95 -88 -89 -90 90 91 -93 -94 94 -96 -97 97 100 99 -101 101 -103 104 -105 -106 -107 -108 -109 -110 -111 -112 -113 113 115 -116 -117 117 -119 -120 -121 121 -123 -124 -125 -126 -127
leaf_value=0.0086579226044109243 0.0027823571811864877 0.0032896630147625835 -0.0042437215569624742 -0.0064123069616748253 -0.00089725618829834006 0.0028303595057660134 -0.003069386909038577 -0.0069880799772919517 0.0062941178841656427 0.0033644664011297509 0.016012979621970094 0.0075257788323393584 0.0069112058365172124 0.01140318536508585 0.014736767145844477 -0.012873033992259376 -0.011439968683697174 0.011305943935374332 -0.0045904213536620058 -0.00032763648249172964 -0.0004742016384957111 -0.0099710255218200573 -0.0034613250925118974 -0.011064768820061492 0.0040652590716831714 -0.00065497528182868509 0.017936304966125551 0.0011700395487703921 0.0088270067398652126 -0.0061309313865678446 -0.0015434735462999726 -0.0034442008984590855 0.008736483008544866 0.003180292860351517 -0.0055095852399278701 -0.0066669190938163109 -0.0028522552889795071 -0.0013858131904406516 -0.014638015603301916 -0.00028695757469918257 0.011280431530523769 0.0097659513008267751 0.0091390319555839268 -0.0037448588154491281 -0.004106287264699012 0.0066086925589422633 -0.0097258573564101385 0.0095297264923682387 0.0016091029908270116 -0.0087847077939086742 -0.0053743853860447914 -0.0083086781276905438 0.0053413321129253868 -0.0011698941939675648 0.0069060598790624877 0.0039526635476739569 0.0074322106527447244 -0.0079894796173924313 -0.0056225345211555677 0.0017238786159688288 -0.0074721345511696751 0.010144502475913779 -0.00073975523865936683 0.013285873718369265 -0.011810769567682391 0.0049104386895667002 -0.0098080284081320471 -0.0050694186917543084 0.0052991011776523543 0.012201069938473631 0.0069636781013545923 0.0081778802200517045 -0.0038338282475426449 -0.0075703655092218521 0.0097505206876506469 -0.0035915314826077817 0.0048460905434354528 -0.0097064334674597935 -0.0012472867843567855 -0.0069878320482410668 0.0067147898700785124 -0.0074509382383309642 0.0010413310702475599 -0.013490226157127661 0.010173692724529499 -0.0097244937090155397 -0.001105568109948587 0.010320800360645558 -0.0011457025570451192 0.010023878567463999 0.013355686656797807 -0.0012546070875129609 0.0018350864624638009 0.011836792663030905 -0.00088961676103527861 0.00023034140524277091 0.0044362456170707991 0.0007287248732220379 -0.0089543916836882544 0.0053755114049496532 -0.0044168979521446387 0.0072282340470030682 0.0044367550390354482 0.011568675157864951 -0.0051385793502138439 0.010407005752621547 -0.0046500683080962051 0.0016733526069496354 0.0065227294073531032 -0.0039642859425781315 -0.0014840348285462435 -0.0042999818572777545 0.0082914251823274724 0.011916249886396847 -0.00088211325357237698 0.0018492698693878568 -0.00043221426470645017 0.0012159650924401634 -0.012708566093393697 0.0014511546505472088 0.0011403425607246303 -0.014458677010262105 -0.010131015932393087 0.0025615031210612844 0.013458828109372914 0.01155801427156161
leaf_weight=313 1235 752 252 3212 2579 2239 7380 402 313 8745 342 362 253 255 251 432 429 437 1139 315 418 835 251 504 1874 1813 279 499 337 390 256 901 303 618 1360 381 400 1498 380 428 441 258 628 497 643 257 252 476 879 260 915 300 538 469 351 386 913 515 414 2930 676 284 5102 261 550 325 341 2070 1272 254 307 311 277 266 251 994 285 436 721 318 503 434 1715 419 266 403 1592 474 344 554 260 755 404 251 282 297 3157 343 374 270 1385 264 459 456 513 587 271 695 277 892 4180 533 255 364 3439 374 266 476 312 250 287 621 283 2384 377 371
leaf_count=313 1235 752 252 3212 2579 2239 7380 402 313 8745 342 362 253 255 251 432 429 437 1139 315 418 835 251 504 1874 1813 279 499 337 390 256 901 303 618 1360 381 400 1498 380 428 441 258 628 497 643 257 252 476 879 260 915 300 538 469 351 386 913 515 414 2930 676 284 5102 261 550 325 341 2070 1272 254 307 311 277 266 251 994 285 436 721 318 503 434 1715 419 266 403 1592 474 344 554 260 755 404 251 282 297 3157 343 374 270 1385 264 459 456 513 587 271 695 277 892 4180 533 255 364 3439 374 266 476 312 250 287 621 283 2384 377 371
internal_value=4.38774e-05 0.000919197 0.000181303 -0.00137297 0.000864505 -0.000807509 -0.00140576 -0.000468814 -0.00402287 0.00239037 0.00384734 0.00136312 0.00111157 -0.000221127 0.00405305 -0.00336038 -0.00353586 0.000495211 -0.000269135 0.00638549 -0.00267123 -0.00552896 -0.00290829 -0.0063015 0.000546597 0.000139661 0.0031191 0.00708393 -0.000317504 -0.000510867 0.00247061 -0.00134523 -0.00268901 -0.00393962 -0.00206371 0.000924667 -0.00201625 -0.00388923 -0.00864444 0.00134361 0.00554736 0.00317299 0.00430306 0.00179798 0.00147385 -0.000997099 -0.000800441 0.00560578 -0.00162273 -0.00230657 -0.00466053 -0.000899433 -0.000287006 0.00297352 0.00325384 0.000266562 0.000331709 0.000128433 0.00337337 0.000277199 -0.0022756 0.000608615 -0.000565103 0.00188392 -0.00191087 -0.00678967 -0.00258554 0.00135524 2.14916e-05 0.00209393 0.00146019 -0.00338902 0.00245546 0.000935238 -0.000268102 0.00057656 -0.00279836 -0.00346485 -0.00251043 0.00011619 0.00200049 -0.00156081 -0.000244207 -0.00795799 -0.000235027 -0.00111799 0.000500246 0.00470705 0.00340206 0.00349102 0.0045006 0.00231251 0.00640955 -0.000336989 0.00504557 -0.00545178 0.00247539 0.00219944 0.00364 -0.00288243 0.000226731 -0.00252201 0.0028039 0.00695768 -0.000578769 0.00469676 0.00370489 -0.00125327 0.0123262 -0.00154174 -0.000993826 -0.00817936 0.000104202 0.000941878 -0.000234903 0.0068629 -0.000900169 -0.00332389 -0.00712049 -0.00609466 -0.00701687 -0.00968704 -0.00441635 0.00436102 0.00650517 0.00484136
internal_weight=106653 65940 43930 40713 35452 33565 25602 17793 7148 22010 9087 12923 7963 5473 2490 4456 7809 13337 6927 752 8478 2266 1431 922 32753 12585 2263 1055 1208 10322 2247 8075 5393 4014 3936 1379 3491 2278 780 2682 869 509 1857 1229 1213 900 5218 732 6212 5460 2513 1179 2947 806 5996 1629 30879 28957 1922 28442 3255 25187 9775 3457 6318 1216 666 15412 7049 4391 4137 2658 588 3196 1009 5788 3623 3338 2902 1542 1224 2409 1975 1334 2865 2558 1858 2699 595 2225 1973 1419 664 4966 533 700 8363 8079 4659 644 3420 1649 1771 799 972 4015 3428 1076 556 1278 4433 965 5426 4432 3694 738 1672 1054 578 2342 2092 1191 570 4367 1983 1606
internal_count=106653 65940 43930 40713 35452 33565 25602 17793 7148 22010 9087 12923 7963 5473 2490 4456 7809 13337 6927 752 8478 2266 1431 922 32753 12585 2263 1055 1208 10322 2247 8075 5393 4014 3936 1379 3491 2278 780 2682 869 509 1857 1229 1213 900 5218 732 6212 5460 2513 1179 2947 806 5996 1629 30879 28957 1922 28442 3255 25187 9775 3457 6318 1216 666 15412 7049 4391 4137 2658 588 3196 1009 5788 3623 3338 2902 1542 1224 2409 1975 1334 2865 2558 1858 2699 595 2225 1973 1419 664 4966 533 700 8363 8079 4659 644 3420 1649 1771 799 972 4015 3428 1076 556 1278 4433 965 5426 4432 3694 738 1672 1054 578 2342 2092 1191 570 4367 1983 1606
is_linear=0
shrinkage=0.0667171


Tree=27
num_leaves=127
num_cat=0
split_feature=18 7 18 11 20 11 11 4 4 11 18 20 4 3 10 11 4 3 19 11 3 19 20 3 12 15 10 18 12 20 11 16 18 10 4 15 7 15 18 20 15 3 1 20 12 4 19 3 3 7 15 17 11 3 18 14 18 4 4 18 10 20 20 3 20 4 12 0 16 10 0 3 14 4 10 19 3 14 3 10 14 3 3 17 10 17 11 12 0 11 15 15 16 15 15 16 0 17 20 0 19 18 5 16 10 19 3 3 4 20 20 6 10 0 12 1 4 4 19 16 0 14 15 20 18 14
split_gain=28.7867 9.4813 7.58138 10.6587 9.45227 8.29694 7.57282 8.29695 7.9199 5.55034 8.49594 7.32231 8.29734 6.71501 7.22391 9.55252 6.28672 6.69808 6.69218 5.37191 5.35576 5.6867 5.74399 5.33923 5.334 5.56745 5.15275 6.83847 5.5271 4.85707 7.03655 4.66647 4.61521 6.3895 4.9367 4.58093 9.27585 5.38435 4.67702 4.63851 4.54829 4.64616 5.3951 4.32221 4.75583 4.31383 5.16646 4.31206 4.2968 4.26826 5.69672 4.84031 4.24586 4.12651 4.10037 4.08899 4.05883 5.32295 4.33815 3.98676 3.94718 8.34112 3.94311 3.89024 3.87463 4.29623 5.16592 4.7156 3.86066 3.8592 3.75043 4.46607 3.68084 3.67379 10.5321 3.61357 3.56094 3.54908 3.63459 3.89361 3.49484 3.40344 3.35798 3.3404 3.33684 3.31268 4.83451 3.25887 3.22476 3.22439 3.87643 5.74758 3.20831 3.19688 3.17405 3.17189 3.15861 3.12567 3.11858 3.11596 3.11177 3.0954 5.48208 4.79001 6.30299 3.80216 3.04327 2.99893 2.98138 4.41525 5.7188 2.99949 2.97042 5.27244 5.1055 3.95101 3.86513 3.96248 2.95916 2.95169 2.95014 7.14083 7.18986 3.45862 4.43144 5.18194
threshold=-0.14464228600263593 -0.18867348134517667 0.055483173578977592 0.3221393376588822 -0.016000446863472458 -0.05781267583370208 0.04026483558118344 -0.39595885574817652 0.47179107367992407 -0.32008774578571314 -0.24400845170021054 -0.084243051707744585 0.48186407983303076 0.48477418720722204 -0.096823185682296739 -0.55057191848754872 0.4916143417358399 -0.41401703655719752 -0.1799083277583122 0.98741090297698986 -0.10119250044226645 0.096964869648218169 -0.46630848944187159 0.5026838779449464 0.14448256045579913 -0.26880952715873713 -0.033582117408514016 -0.68872055411338795 1.0330188274383547 0.02633590251207352 0.11754218861460687 -0.0093264621682465059 0.19194141775369647 1.0000000180025095e-35 0.42992690205574041 -0.19891705363988874 -0.19298527389764783 -0.14284946769475934 -0.35214525461196894 -0.010234280023723839 -0.23578340560197827 -0.19453945755958554 -0.0042613637633621684 -0.03162131737917661 0.12639222294092181 -0.44220972061157221 0.025938472710549835 -0.41864693164825434 -0.49484245479106898 0.065537147223949446 -0.19891705363988874 0.55292677879333507 -0.44840271770954127 -0.30064630508422846 0.29731050133705145 0.14407849311828616 0.015367750544101002 -0.37454032897949213 -0.26055346429347986 0.038896562531590469 -0.018571468070149418 0.31527754664421087 -0.36231037974357599 0.052880689501762397 -0.46630848944187159 0.028504603542387489 0.14448256045579913 0.35369317233562475 0.24972602725028994 -0.089761838316917406 0.46164773404598242 0.44014346599578863 -0.14716928452253339 -0.49807056784629816 0.013339512515813114 -0.22805814445018766 0.50353580713272106 0.41155095398426061 -0.37866973876953119 -0.20216131210327146 -0.11299224942922591 0.42757956683635717 0.35627987980842596 0.31871135532855993 -0.033582117408514016 -0.20059686899185178 -0.65195417404174794 -0.1634019464254379 -0.0042613637633621684 -0.33223511278629297 -0.24730414897203443 -0.17126727849245069 0.44766594469547277 -0.25346390902996058 -0.14953149110078809 -0.060617467388510697 0.49289773404598242 -0.13486984372138974 0.32828423380851751 -0.098011363297700868 0.017980955541133884 0.22304980456829074 1.0000000180025095e-35 0.27494889497756964 0.30398213863372808 0.025938472710549835 0.46216037869453436 0.10916468873620035 0.48186407983303076 -0.080934900790452943 -0.18262697756290433 -0.34919981658458704 -0.082418661564588533 -0.31392045319080347 -0.10622641444206236 0.36221592128276831 -0.4539192914962768 -0.11721936985850333 -0.035821469500660889 -0.011420154012739657 0.38494317233562475 -0.092188838869333253 0.30415514111518865 -0.23200869560241696 -0.034106232225894921 -0.089216921478509889
decision_type=2 2 2 2 2 2 2 2 2 2 2 2 2 2 2 2 2 2 2 2 2 2 2 2 2 2 2 2 2 2 2 2 2 2 2 2 2 2 2 2 2 2 2 2 2 2 2 2 2 2 2 2 2 2 2 2 2 2 2 2 2 2 2 2 2 2 2 2 2 2 2 2 2 2 2 2 2 2 2 2 2 2 2 2 2 2 2 2 2 2 2 2 2 2 2 2 2 2 2 2 2 2 2 2 2 2 2 2 2 2 2 2 2 2 2 2 2 2 2 2 2 2 2 2 2 2
left_child=9 19 4 29 6 23 7 31 120 10 11 12 26 14 94 -16 17 18 -11 20 -2 24 -23 48 25 -22 -1 28 -28 45 32 -3 89 72 -35 36 38 39 -19 55 -13 85 -43 44 -9 46 -4 -7 69 51 -51 -50 93 -54 75 -37 57 -52 -59 70 68 -62 -55 -27 -20 66 -66 -67 -56 -6 71 95 -34 74 -39 -32 96 78 -75 -80 -61 -44 88 92 -10 -42 -87 -40 -17 -31 -91 107 112 -29 -12 -49 -47 -48 -36 -58 -101 102 103 -5 105 -105 119 -92 109 110 -24 -111 116 115 -115 -114 -81 -118 -18 -60 123 -122 -123 -8 -125 -126
right_child=1 2 3 101 5 47 8 43 84 16 13 40 -14 -15 15 82 118 35 64 -21 21 22 108 -25 -26 63 27 52 -30 30 54 -33 33 34 98 37 -38 73 87 -41 41 42 81 -45 -46 76 97 59 49 50 56 -53 53 62 60 -57 99 58 106 80 61 -63 -64 -65 65 67 -68 -69 -70 -71 -72 -73 -74 77 -76 -77 -78 -79 79 83 -82 -83 -84 -85 -86 86 -88 -89 -90 90 91 -93 -94 -95 -96 -97 -98 -99 -100 100 -102 -103 -104 104 -106 -107 -108 -109 -110 111 -112 -113 113 114 -116 -117 117 -119 -120 -121 121 122 -124 124 125 -127
leaf_value=-0.0089655014553049108 0.0043823901041988014 0.01234684739695378 -0.0042935432024627726 0.0024866245627513939 -0.00097095072247990516 -0.0072870349720123755 0.0017790372060163667 0.00018718633152535835 0.0021253047653912822 -0.01273186746914866 0.013757257320731429 -0.00014250381588142746 0.011441861974875695 0.012744457790385254 0.011673084577394726 0.0043572678613869476 -0.0036226387177851101 -0.0052251739699301974 0.0012828284790247554 -0.0072165471627963912 0.0073715398543986246 0.0082659754626738732 0.0015983452476090111 0.0078970178155824446 0.011495445699676319 -0.0058465424463550715 -0.0059889968792224881 0.010979577601701356 0.0020392631123278106 0.0083970553755306852 0.0048857927197628898 0.0031760190300324977 0.00071151954738922019 0.00011541418925899414 0.011756661469290084 0.00092058899298216141 -0.0067890418122555848 0.0007451939387118679 0.0076052723402783139 -0.0035014392552330771 -0.0016188505186968442 0.003972771350216832 -0.0089752782634668227 0.0098906154482687331 0.0082764414508283562 0.003610336966590843 0.0081629427603928696 -0.0045170641309903864 0.0011563800865194791 -0.008936616369307088 -0.0086551378408376012 -0.0037272766683492274 0.0038149173234731599 0.0027432511804148466 0.0076858959274522876 0.0087370995706353375 -0.0030885545766793886 0.0060976100455384999 -0.0020506250522350227 -0.013133630506019209 0.0083260499881857991 -0.0054380955749443512 -0.0069637472920713412 0.0020168231800977809 -0.0045594505112769119 0.0019507425184655087 -0.014730777193772322 -0.0088833236317406479 0.00045358357879957486 0.0081594862872461961 -0.0094342845313452363 -0.0051087935315771603 0.0092288911379448616 0.0054406834760101774 -0.013381149341438617 -0.0015892348676971979 -0.0029796149868930857 -0.0081919488525228901 -0.0089792320301327506 0.0039535281604146872 -0.0035331091163932566 -0.00018305458975586463 -0.009026141975935105 -0.0033358877540690638 0.012994393137292249 -0.0064251847338308091 -0.016278345197589372 -0.00061688359884119574 -0.0025582716420687458 0.0087679734462307781 -0.0073046638289705063 0.0014097267141772107 -0.0071688661700455439 0.0027864809014959326 0.0035485126444351608 0.00086104647062464036 0.011202237938683593 0.00010949514448083652 0.0021653054719442144 2.1419986639750931e-05 0.010129695573078717 -0.00010072249244818179 -0.0077993762099306503 -0.001856950462990468 0.0051392185167811943 -0.010454252094354185 0.0037342648813916694 -0.00028920225833397326 -0.0063310529175518212 0.0044120308974348087 -0.0093919512207887943 -0.00052139181274697948 -0.0088832889146114504 0.011347843989029379 0.0018535734434618413 -0.0001352962167210959 -0.0097073531841636845 0.00063642253450243047 -0.011886051239800561 -0.00952028777765874 -0.011421548751241991 0.0083922788527214364 -0.006994750485701297 -0.0036202043653677804 -0.00098752752228660999 0.0073738791753489279
leaf_weight=314 4570 576 749 880 362 1036 2150 3275 258 445 251 938 259 256 256 394 361 406 513 251 835 320 370 340 321 307 1208 255 547 259 403 451 290 1809 310 634 1896 518 420 407 250 368 520 259 357 6793 344 593 4533 558 568 1124 497 267 726 576 291 295 865 272 277 644 571 2748 649 542 348 261 615 454 269 1051 1148 386 419 6348 344 301 271 252 474 324 258 1782 258 575 379 419 1206 261 557 5408 259 1333 316 2682 255 582 310 251 286 3702 780 435 258 506 259 544 413 810 469 1655 311 281 2417 884 411 262 451 330 379 261 273 2144 1572 413
leaf_count=314 4570 576 749 880 362 1036 2150 3275 258 445 251 938 259 256 256 394 361 406 513 251 835 320 370 340 321 307 1208 255 547 259 403 451 290 1809 310 634 1896 518 420 407 250 368 520 259 357 6793 344 593 4533 558 568 1124 497 267 726 576 291 295 865 272 277 644 571 2748 649 542 348 261 615 454 269 1051 1148 386 419 6348 344 301 271 252 474 324 258 1782 258 575 379 419 1206 261 557 5408 259 1333 316 2682 255 582 310 251 286 3702 780 435 258 506 259 544 413 810 469 1655 311 281 2417 884 411 262 451 330 379 261 273 2144 1572 413
internal_value=5.18235e-05 0.000715284 0.000385242 0.00104188 -0.000404151 -0.001437 0.000975027 0.00302059 -0.000325977 -0.00175774 -0.000623757 -0.00168331 -0.000121571 0.00246836 0.00146715 -0.000312062 -0.00252204 -0.00223296 -0.00523295 0.00235541 0.00254697 0.0015254 -0.000255872 -0.000282206 0.00324035 0.00254576 -0.000732671 -0.000169279 -0.00346448 0.00159222 0.00100666 0.00835396 0.00214764 0.00400155 0.00189623 -0.00161755 -0.00385194 -0.000937042 0.000593393 0.00258878 -0.00411757 -0.00564826 -0.00269108 0.00160171 0.000995888 0.00287397 -0.000162117 -0.00333572 -0.000560324 -0.000968137 -0.0027288 0.000178841 0.00179904 -0.00095093 -0.000369134 0.00467251 -0.00161275 -0.0030505 -0.00120532 -0.00256135 0.00208196 -0.00124733 -0.00382415 0.00121212 -0.00376869 -0.00522798 -0.00815652 -0.0015465 0.00439505 0.0040658 -0.00181609 -0.00133037 0.00753036 -0.00159264 -0.00554255 -0.00119601 0.00356686 -0.00111378 -0.000823652 -0.00116911 -0.00709082 -0.00563853 -0.00199429 -0.000853116 0.00762606 -0.00859309 -0.0103901 0.00346099 -0.000831072 0.00112251 0.000836667 0.00051075 1.27127e-05 0.00413236 0.00813584 -0.000105293 0.00389255 0.00314247 0.00701956 0.00236717 0.00539784 -0.00138302 -0.00303174 -0.00122292 -0.00397237 -0.00651922 -0.00271643 -0.00386856 -0.00100348 -0.000324223 -0.00450368 0.00108768 0.000408961 0.00122251 0.00286151 -0.00244682 -0.00297294 -0.00562979 -0.00825568 -0.00415023 -0.000903519 -0.0044442 0.000457213 -0.000382241 -0.00151602 0.000740071
internal_weight=106749 78125 65056 35537 29519 16893 12626 4918 7708 28624 11542 8605 5251 2937 2681 2114 17082 16270 2758 13069 12818 8248 4037 10516 4211 3890 4992 4678 1755 28976 19909 1027 10896 3867 2429 13512 3141 10371 1245 1617 3354 2416 1212 3891 3632 9067 1675 6377 10176 9360 3703 5657 2923 1335 9013 1210 3145 2317 1749 5341 2262 921 838 3055 2313 1800 997 803 1341 816 4595 4326 1438 8754 937 6751 7392 7817 7516 7130 746 844 1858 6859 516 1204 954 839 1600 7029 6770 6509 5077 1588 567 3275 7048 926 620 828 537 6561 2859 2079 1199 941 1454 1101 3717 3304 839 2465 4818 3893 2698 1195 925 673 812 1195 7192 913 534 6279 4129 1985
internal_count=106749 78125 65056 35537 29519 16893 12626 4918 7708 28624 11542 8605 5251 2937 2681 2114 17082 16270 2758 13069 12818 8248 4037 10516 4211 3890 4992 4678 1755 28976 19909 1027 10896 3867 2429 13512 3141 10371 1245 1617 3354 2416 1212 3891 3632 9067 1675 6377 10176 9360 3703 5657 2923 1335 9013 1210 3145 2317 1749 5341 2262 921 838 3055 2313 1800 997 803 1341 816 4595 4326 1438 8754 937 6751 7392 7817 7516 7130 746 844 1858 6859 516 1204 954 839 1600 7029 6770 6509 5077 1588 567 3275 7048 926 620 828 537 6561 2859 2079 1199 941 1454 1101 3717 3304 839 2465 4818 3893 2698 1195 925 673 812 1195 7192 913 534 6279 4129 1985
is_linear=0
shrinkage=0.0667171


Tree=28
num_leaves=127
num_cat=0
split_feature=18 11 18 20 18 14 10 13 11 4 4 12 0 12 14 3 11 10 0 3 14 4 93 11 20 18 20 0 11 20 7 12 12 9 19 10 4 13 18 4 13 13 18 3 20 11 11 3 18 0 19 17 20 12 4 9 7 11 10 10 15 4 12 7 10 10 10 4 16 17 4 16 10 4 11 12 14 19 14 19 19 3 11 10 0 19 18 17 11 10 10 14 14 10 19 0 19 20 1 0 19 7 18 11 12 9 1 15 3 11 0 16 20 4 19 12 12 0 12 20 19 0 0 0 15 0
split_gain=26.1216 6.98299 10.1213 7.65679 7.96769 6.81793 5.32304 6.48057 5.71752 7.86886 7.21954 8.48471 5.15329 4.94009 4.90147 4.76675 4.71678 5.90024 8.12259 5.36716 8.34403 4.60685 4.46754 5.18652 7.13097 10.1208 7.20936 6.67916 5.94395 5.80671 7.48046 4.83861 7.60907 4.7804 7.41784 6.67248 6.60548 4.9018 4.77728 4.72582 5.11983 5.95425 4.65103 4.47489 6.57864 5.03938 4.60599 4.80632 4.44028 6.13244 5.91996 5.49208 5.27066 5.27083 5.18719 6.43679 6.29459 4.5926 4.40797 6.85993 4.48504 4.33626 6.39093 6.02156 4.55326 7.50037 4.30174 4.23087 4.59643 4.22927 4.75442 6.69767 4.17517 4.14491 4.11972 4.09867 5.6139 4.07413 5.68487 4.11872 5.38486 4.04105 4.01645 6.37137 5.18444 4.59715 5.20429 5.03796 6.1466 7.39189 4.65186 4.2885 4.11838 5.67782 5.00056 3.9663 3.96235 3.95175 3.94588 6.57855 4.22206 4.46958 3.93101 3.90932 7.00245 5.0539 3.88346 3.83841 5.17311 3.82253 3.81291 3.79277 3.73122 3.69011 3.68547 4.87232 5.52157 4.33774 3.88404 6.39387 3.6675 3.60295 3.58385 3.5388 6.29945 4.8339
threshold=-0.058091631159186356 -0.33223511278629297 -0.40806765854358668 -0.016956363804638382 -0.1645485237240791 -0.10853437706828116 0.15399561077356341 -0.26822882890701288 0.078316263854503645 -0.46789334714412684 -0.24637155234813687 -0.19542024284601209 0.48153407871723181 0.067575756460428252 0.34319688379764562 -0.50268387794494618 -0.65195417404174794 0.23447446525096896 -0.18039772659540174 -0.28063790500164026 0.67307958006858837 0.47953346371650701 1.0000000180025095e-35 -0.19553063064813611 0.061988044530153281 0.10598503425717355 0.22921405732631686 0.092329546809196486 -0.097007948905229555 0.16258373111486438 0.029573093168437484 0.48439107835292822 0.29700401425361639 0.04973771050572396 0.27119912207126623 0.12876033782958987 0.30632472038269049 -0.31707975268363947 0.25257980823516851 -0.4539192914962768 -0.51320663094520558 0.22327340394258502 0.015367750544101002 -0.36766564846038813 -0.021669291891157624 -0.097007948905229555 0.49551667273044592 -0.50353580713272084 0.090347733348608031 -0.45596592128276819 -0.12409475445747374 -0.072486694902181611 0.023183036595582966 0.46809606254100805 0.43807719647884374 0.1437814608216286 0.33665850758552557 0.042374800890684135 0.11767040938138963 0.27998256683349615 -0.14953149110078809 -0.46457822620868677 0.17532303929328921 0.067863967269659056 -0.086325071752071367 0.13238934427499774 -0.089761838316917406 0.39291179180145269 -0.15887840092182157 0.4740759432315827 0.35509769618511206 0.11834616214036943 0.010489702690392734 -0.10127499327063559 -0.33223511278629297 -0.16700972616672513 0.053472200408577926 0.55113697052001964 0.082411233335733428 -0.026889803819358345 -0.14722679555416104 0.49797412753105169 -0.086576685309410081 -0.098468150943517671 0.19460227340459826 -0.1655360013246536 -0.59597384929656971 -0.045016538351774209 0.011582366656512024 0.25656493008136755 0.015910748392343525 -0.043152222409844392 0.12001340463757516 -0.12520330399274823 -0.034142112359404557 -0.16903409361839292 -0.040019819512963288 0.12339927256107332 -0.072443179786205278 0.25142045319080358 -0.060797620564699166 0.00077084335498511802 0.17748695611953738 0.23093622922897342 -0.197644367814064 0.091345801949501051 -0.11221591010689734 -0.23578340560197827 -0.44410437345504755 -0.10541319102048873 0.07528408989310266 -0.55395415425300587 0.11762282624840738 0.12489546835422517 -0.14722679555416104 0.27799314260482794 0.45066323876380926 0.12642045319080356 0.11229273676872255 -0.020612128078937527 0.10917907580733301 0.37357954680919653 0.25710226595401769 0.39914773404598242 -0.0046159753110259763 0.45880682766437536
decision_type=2 2 2 2 2 2 2 2 2 2 2 2 2 2 2 2 2 2 2 2 2 2 2 2 2 2 2 2 2 2 2 2 2 2 2 2 2 2 2 2 2 2 2 2 2 2 2 2 2 2 2 2 2 2 2 2 2 2 2 2 2 2 2 2 2 2 2 2 2 2 2 2 2 2 2 2 2 2 2 2 2 2 2 2 2 2 2 2 2 2 2 2 2 2 2 2 2 2 2 2 2 2 2 2 2 2 2 2 2 2 2 2 2 2 2 2 2 2 2 2 2 2 2 2 2 2
left_child=1 2 21 4 12 48 8 -8 10 -10 11 -6 82 109 -9 -5 -4 18 -18 -19 -21 67 23 27 43 26 28 31 42 122 -31 32 58 35 97 81 110 -37 -39 112 -41 66 -26 44 46 -46 47 -25 54 50 -50 -52 69 -54 55 57 -56 -2 60 73 -7 62 -20 64 -63 96 106 68 107 70 71 -51 -65 -60 -61 -68 -77 78 79 80 -49 -27 92 84 91 90 -87 103 -89 -90 -85 -84 94 -94 -3 -11 -66 -35 99 -57 101 -100 -48 104 -88 -105 -42 108 -1 -12 -36 -69 -30 -81 -73 117 -117 118 119 -116 -53 -32 -29 -17 125 -125
right_child=5 3 16 15 6 22 7 14 9 95 13 -13 -14 -15 -16 123 17 19 61 20 -22 -23 -24 24 25 33 -28 29 39 30 121 -33 -34 34 36 37 -38 38 -40 40 41 -43 -44 -45 45 -47 102 77 49 52 51 120 53 -55 56 98 -58 -59 59 74 -62 63 -64 72 65 -67 75 111 -70 -71 -72 114 -74 -75 -76 76 -78 -79 -80 113 -82 -83 83 85 -86 86 87 88 89 -91 -92 -93 93 -95 -96 -97 -98 -99 100 -101 -102 -103 -104 105 -106 -107 -108 -109 -110 -111 -112 -113 -114 -115 115 116 -118 -119 -120 -121 -122 -123 -124 124 -126 -127
leaf_value=0.0090332943844670718 0.0045450119903472953 -0.011723679321831446 0.0086734806007908328 0.0050850408952211506 0.01436263291854036 0.0011262694272132351 0.010229368585889399 0.0030813655413386219 -0.014474797469047744 -0.0093836100835110337 -0.0098945767876640143 0.0017837980256992299 -0.0089572734089952699 0.0046944355566595642 -0.0053665933069006171 -0.0033287906429145739 0.014377055637103401 0.0046435378371558304 -0.00052246125008874138 -0.0078813427315697331 0.0019248232003959431 0.005866974119323313 -0.0068498986663429115 0.012009695180958414 -0.0019564082841008945 0.0012733381609619126 -0.0071065299124261063 0.0057074181759659524 0.0060079779501944867 0.0079803040014055342 0.0023183459384320862 0.0086605505579797591 -0.0089150407260311267 0.0079551001136908689 0.015293944580932089 0.0017586087073487521 -0.00063084733430872147 -0.012447873795934568 -0.0028766760617559796 0.0046655001651918007 -0.0050302974676290357 0.0055714427794815741 0.0040052432796271091 0.0025560937858299061 -0.011582972171274361 -0.0015285858211412815 -0.0088317111001383099 0.0045274989272635615 -0.0031151507747783007 0.01330371228146791 0.0014688148199777777 0.0055442078102474687 -0.00059822115898069516 -0.0097174288614356643 -0.0075161447264578633 -0.01588672882855208 0.0040726724466279623 -0.00036620946956471593 -0.0084041014164303596 0.0082549868879704634 0.012546384888675464 0.0086398260473586654 0.013460471256304903 -0.0080211285998703832 0.0023915804985768499 0.0096931854724845098 0.00099795722800118656 -0.0028871853322556874 0.0048051396662139078 -0.0055545856349048855 -0.002637777824944839 -0.0049284663987631556 0.00089989137710188042 0.001827120577303079 0.00018477181703479401 -0.012587089512905799 -0.0013108974177018307 -0.005329473588783838 0.012636231289040151 0.0017536441481836424 -0.0062376596754093998 0.0096873224855094 -0.0058296050980223817 0.011331880424970162 -0.012691278951799776 -0.0082475249901248961 -0.0025957961647089058 0.002310942904534252 -0.0075843472817118795 0.001219350268395825 -0.00076784894875448612 0.004135286414985972 0.003526027885196693 -0.0036739328705891303 -0.0021099298052131153 -0.00027493926292694972 -0.005301914672321194 0.00011553225848357228 0.0024109023647928916 -0.0019125564497606345 0.0011040339502168483 -0.007747988076403394 0.0021096596397414589 0.0046917254493678432 0.0081517863140353232 -0.0075710253177075706 -0.012237946271607344 -0.0037937124775063403 -0.0015395003702084562 -0.0016110772630201766 0.0051924844380640328 -0.013668551754254044 -0.0037651041327837111 0.012150629916130499 0.0095009767238640169 -0.0068303447938417384 0.0043977833412813085 0.0091917318649673355 -0.0026047651871426093 -0.00061946606472694054 0.01550348539272319 -0.0077492613393167192 0.015881314961342582 -0.010884604186110173 -0.016664289594414589 0.00090359287544193058
leaf_weight=254 1134 536 419 273 307 330 457 1509 262 258 289 1073 494 478 378 8212 254 469 250 853 693 303 295 261 938 5482 961 291 475 845 412 356 338 340 466 636 259 318 893 317 1036 255 1504 14076 260 1501 278 383 343 281 517 339 8031 290 1055 264 253 3287 498 454 293 490 327 451 610 356 772 331 416 309 672 261 466 262 754 322 515 259 259 393 439 265 606 301 316 368 384 1007 1095 680 253 274 580 2860 452 1193 571 1778 256 355 1038 706 294 278 860 313 510 3011 1023 1768 277 270 266 254 603 393 378 701 418 500 347 250 362 265 254 353
leaf_count=254 1134 536 419 273 307 330 457 1509 262 258 289 1073 494 478 378 8212 254 469 250 853 693 303 295 261 938 5482 961 291 475 845 412 356 338 340 466 636 259 318 893 317 1036 255 1504 14076 260 1501 278 383 343 281 517 339 8031 290 1055 264 253 3287 498 454 293 490 327 451 610 356 772 331 416 309 672 261 466 262 754 322 515 259 259 393 439 265 606 301 316 368 384 1007 1095 680 253 274 580 2860 452 1193 571 1778 256 355 1038 706 294 278 860 313 510 3011 1023 1768 277 270 266 254 603 393 378 701 418 500 347 250 362 265 254 353
internal_value=-4.68329e-05 -0.00137297 -3.32983e-06 -0.00193024 -0.00117895 0.000776111 0.000442764 0.00311484 -0.000664615 -0.00387941 0.000734426 0.00461845 -0.00229079 -0.00136813 0.00136736 -0.00350234 0.00184913 0.00134707 0.00290535 -0.00155532 -0.00346417 -0.00205994 0.00127039 0.00132768 0.0010451 0.000118226 -0.00169595 0.00325333 -0.000937144 0.00613735 0.00382454 0.0013456 0.000439131 0.00145411 0.00365352 0.000545666 0.00838231 -0.00293328 -0.00542891 -0.00238621 -0.00335744 -0.00411684 0.00170018 0.00196653 0.000147976 -0.00304099 0.00215143 0.00351843 -0.00015701 0.00055163 0.00451746 0.00673012 7.08237e-05 -0.000922294 -0.0013819 -0.000659476 -0.00523908 0.000887068 0.00167859 0.000113107 0.00655739 0.00206116 0.00734349 0.00101027 0.00304666 0.00123541 -0.00491533 -0.002522 -0.00183835 0.00190756 0.00246707 0.00344881 -0.0034514 -0.00482529 0.00324952 -0.00246838 -0.00569957 0.00237675 0.00355709 0.00192044 -0.0011774 0.00167018 -0.00199139 -0.000958311 -0.00536795 -1.7298e-07 -0.000645326 -2.88204e-05 -0.00182479 -0.00419185 0.00574425 -0.0026865 -0.00355431 -0.00244843 -0.00736227 -0.00192923 -0.00129963 0.00139707 -0.00328138 -0.00794087 -0.00181845 -0.00500212 -0.00314857 0.00267509 0.00480313 -0.0017401 -0.00743704 -0.00249304 0.000546473 -0.00279832 0.0115792 -0.00779638 0.00244423 0.0058987 0.00258052 0.00325018 -0.00127797 0.00483785 0.00280322 0.00488465 0.0106425 -0.00143634 0.0114071 -0.00376582 -0.00782927 -0.00411738
internal_weight=106516 40803 11817 28986 19629 65713 7972 2344 5628 1713 3915 1380 11657 2535 1887 9357 6209 5790 3775 2015 1546 5608 42982 42687 37242 18585 7871 5445 6910 2160 1507 3285 2929 10714 3120 7594 1002 1847 1211 4468 3727 3410 2442 18657 4581 1761 2820 2248 22731 14383 1546 1203 12837 8321 8348 7040 1308 4421 2591 1968 623 3521 577 2944 2027 1537 3155 5305 4704 4516 4207 3535 917 760 1208 1609 837 1987 1728 1469 822 5747 11163 6735 1196 5539 4985 4617 2782 1775 554 880 4428 3440 988 1451 1181 2118 2619 619 2000 962 572 1835 1244 591 1546 4288 1277 2057 743 601 741 647 3254 2993 771 2222 1521 1103 686 662 653 9084 872 618
internal_count=106516 40803 11817 28986 19629 65713 7972 2344 5628 1713 3915 1380 11657 2535 1887 9357 6209 5790 3775 2015 1546 5608 42982 42687 37242 18585 7871 5445 6910 2160 1507 3285 2929 10714 3120 7594 1002 1847 1211 4468 3727 3410 2442 18657 4581 1761 2820 2248 22731 14383 1546 1203 12837 8321 8348 7040 1308 4421 2591 1968 623 3521 577 2944 2027 1537 3155 5305 4704 4516 4207 3535 917 760 1208 1609 837 1987 1728 1469 822 5747 11163 6735 1196 5539 4985 4617 2782 1775 554 880 4428 3440 988 1451 1181 2118 2619 619 2000 962 572 1835 1244 591 1546 4288 1277 2057 743 601 741 647 3254 2993 771 2222 1521 1103 686 662 653 9084 872 618
is_linear=0
shrinkage=0.0667171


Tree=29
num_leaves=127
num_cat=0
split_feature=18 21 21 18 21 0 18 21 18 21 18 0 21 4 0 21 4 0 21 18 8 15 13 0 18 21 17 20 8 10 18 3 21 9 9 4 18 21 18 18 10 0 3 12 14 11 17 3 15 13 4 7 21 0 9 9 3 3 18 18 18 20 15 10 0 17 0 7 10 17 18 3 18 8 0 12 10 3 18 11 12 0 10 13 12 17 3 3 17 11 10 3 5 11 10 3 4 4 3 21 12 0 4 8 0 11 10 10 11 3 17 7 18 9 20 4 8 11 10 4 11 0 4 21 9 9
split_gain=24.1705 13.3038 12.3166 12.1147 9.91402 13.6797 8.55383 8.77207 9.22257 9.10085 8.45921 8.2319 7.767 10.4934 6.92918 6.78616 6.73323 6.68253 6.85848 7.20776 6.16948 6.13713 7.2862 6.77036 7.85814 9.69545 6.03578 6.83131 5.8767 5.6306 5.48029 5.97764 5.38807 5.20268 5.166 5.02085 5.00548 5.45086 9.0455 5.33179 4.72494 6.072 4.68905 7.33546 4.79248 4.6519 5.55069 4.6212 4.54323 5.84397 5.06756 5.34032 4.89761 4.6953 5.33601 4.51951 4.49758 4.53497 12.6501 7.58968 5.54631 4.49435 6.82941 5.84361 5.40648 7.92515 4.95068 4.43137 6.77402 4.86397 4.41601 4.41321 4.37272 4.673 5.7519 5.71226 7.35172 8.55212 4.90867 4.89785 6.10411 5.2734 5.30671 4.89411 4.73648 4.57911 4.5029 6.27659 5.24987 5.81826 5.34281 4.27373 5.06243 4.49731 4.74006 4.2316 4.10207 5.57987 4.06401 4.23635 4.03796 4.03435 5.25792 4.02444 4.00066 3.94721 3.94297 5.05928 7.97303 4.43652 3.93735 3.90188 3.83909 5.1983 6.29669 4.83135 5.32086 4.886 4.74567 5.27984 5.07662 4.66281 3.83209 3.73629 3.68168 4.57927
threshold=-0.058091631159186356 -0.022485284134745594 -0.047568157315254204 0.02152569126337767 0.083113092929124846 0.49573864042758947 -0.14361403882503507 -0.18479389697313306 -0.68872055411338795 -0.77860224246978749 0.17105530947446826 0.50142046809196483 -0.14633522927761075 0.4770773202180863 0.39914773404598242 0.25815217196941381 0.41228359937667852 0.43892045319080358 -0.0029202514560893174 -0.0019346683839103205 -0.017828000709414479 -0.2496083006262779 -0.16759104281663892 0.43039773404598242 0.11253532022237779 0.17502278834581378 -0.055049259215593331 -0.2197015583515167 -0.084310024976730333 -0.13488890230655667 0.08779925107955934 0.50170147418975841 0.2918361127376557 -0.015669781714677807 -0.34878757596015925 -0.45759029686450953 0.27762436866760259 0.43492516875267034 0.40874977409839636 0.35167858004570013 0.28569556772708898 -0.12357954680919646 0.38402506709098821 0.055008575320243842 0.029659722931683067 0.3421280980110169 0.13300014287233355 0.49484245479106909 -0.015353302471339701 0.32632923126220709 -0.46457822620868677 -0.023955039680004116 0.038608592003583915 0.20596590638160708 0.011641149409115316 0.1687380596995354 0.5005888342857362 -0.10119250044226645 -0.090686492621898637 -0.12176372483372687 -0.13264068961143491 0.047028858214616782 -0.093694314360618577 0.2193591967225075 -0.22301135957241056 -0.1108514331281185 -0.11505682021379469 -0.13926612585783002 0.083906285464763655 -0.017114914022386071 0.11658803746104242 -0.23870303481817243 -0.57647010684013356 0.0012657745974138381 -0.43323864042758936 -0.051326472312211983 -0.0091528906486928446 -0.31995254755020136 -0.28176027536392206 -0.53287884593009938 0.12639222294092181 0.080965910106897368 0.21442810446023944 -0.5754432976245879 -0.13367066532373426 0.029519631527364257 0.12502200156450274 0.3620197474956513 -0.069646194577217088 -0.68562191724777211 0.13936881721019748 0.15633092820644381 -1.0000000180025095e-35 -0.10856995731592177 -0.18120186775922772 0.052880689501762397 0.20169832557439807 -0.38004273176193232 0.44410437345504766 -0.1092226170003414 0.21624356508255008 0.47869317233562475 -0.21726810187101361 0.13259329646825793 0.37926135957241064 0.15946222841739657 2.059259414672852 0.26843051612377172 -0.98833349347114552 -0.37866973876953119 0.47191859781742101 0.020746481604874138 0.21241156756877902 0.15580300986766818 0.05771592631936074 0.085113108158111586 -0.057775052264332764 0.18614629656076434 -0.13281684368848798 -0.10926083102822302 0.24697937816381457 0.39914773404598242 0.0040748808532953774 -0.2649704366922378 -0.0753754787147045 0.17203990370035174
decision_type=2 2 2 2 2 2 2 2 2 2 2 2 2 2 2 2 2 2 2 2 2 2 2 2 2 2 2 2 2 2 2 2 2 2 2 2 2 2 2 2 2 2 2 2 2 2 2 2 2 2 2 2 2 2 2 2 2 2 2 2 2 2 2 2 2 2 2 2 2 2 2 2 2 2 2 2 2 2 2 2 2 2 2 2 2 2 2 2 2 2 2 2 2 2 2 2 2 2 2 2 2 2 2 2 2 2 2 2 2 2 2 2 2 2 2 2 2 2 2 2 2 2 2 2 2 2
left_child=2 11 6 17 5 30 7 8 106 -10 15 20 13 -8 33 21 -9 -3 -19 -20 26 -6 104 67 -25 -26 27 -2 -17 -30 48 61 35 -4 -28 -12 101 38 -38 -39 112 -42 43 95 -45 46 -22 -44 52 50 -50 -52 53 54 -5 -51 57 58 60 -59 -14 63 66 64 -32 -66 -63 68 -24 -69 -67 -46 86 74 -74 84 78 100 -77 -79 85 82 -82 -76 -75 -81 88 -88 90 -90 -11 93 -93 -35 -95 -41 97 -85 99 -48 -78 102 -34 111 -23 -94 107 108 -1 -109 -54 -61 115 118 -115 -37 -117 -118 120 -120 -114 -119 -53 -80 -104 -126
right_child=1 3 14 4 10 -7 12 16 9 72 32 -13 56 -15 -16 28 -18 18 19 -21 45 22 23 24 25 -27 34 -29 29 -31 31 -33 36 91 -36 40 37 39 -40 42 41 -43 47 44 71 -47 98 -49 49 55 51 122 110 -55 -56 -57 -58 59 -60 103 -62 62 -64 -65 65 70 -68 69 -70 -71 -72 -73 73 75 83 76 77 79 123 80 81 -83 -84 96 -86 -87 87 -89 89 -91 -92 92 105 94 -96 -97 -98 -99 -100 -101 -102 -103 124 -105 -106 -107 -108 109 -110 -111 -112 -113 113 114 -116 116 117 121 119 -121 -122 -123 -124 -125 125 -127
leaf_value=0.0085600301242851895 0.0087254770970459587 -0.0013600670510787584 -0.0056784189157642996 -0.0030565754031226171 0.0093257693958387882 0.015192767370333636 0.0026365682051436709 -0.0024228179365252773 0.012368301085153065 0.0059478065094371703 -0.0014681539074525771 0.01451680233468413 -0.0083421473048997056 0.016329978321856838 -0.012345620031731824 -0.011646282195267083 -0.0079483012320808299 0.0014141453570893007 -0.018864421276925347 -0.0043232464159192107 0.0032073479478952663 -0.0065730399350296771 0.0071508774553208582 -0.0084487410736669259 0.0104935810301261 -0.0048775883913088859 0.012124834702212388 -0.00016024126172796719 -0.0083962033049518516 0.00044663717392592537 0.0093143646857950704 -0.0058091280389575622 -0.0056850943658193218 0.0025129434093139574 0.0047118453374977451 0.0048478904678754646 0.0017850508427460978 -0.0067103324681533115 0.012859928149941208 0.013982923336932906 -0.0043546275617336394 0.0064906444851221008 -0.0071632143726822863 -0.0018018504721028946 0.00085947135581516433 -0.0061635645963436384 0.0057490968726767551 0.0033636673684373599 0.013500777804406991 0.0013926046205061432 0.0075832720222498784 -0.005157686733820251 -0.0060290444490053857 0.0079698566001364119 0.0049200376689599121 -0.0086773946414775809 0.0079853270557579629 0.0038525520505241686 0.0086464403588130973 -0.004276756183396924 0.00020242695210470258 0.0080148696658295087 0.014994146227798851 -0.0009991075605511328 0.012951585169935005 0.0044881852327547577 -0.0012860407135069361 -0.0023045944602094258 -0.0043964359544011256 0.0011099662043796844 -0.0038115220504515361 0.011399210485115531 -0.0065257707916789769 0.0011855301579290262 0.0030017893656488349 -0.010996100764585508 0.00086774338119348664 0.0073400671642384514 0.0034851237611521419 0.010327019561556402 0.0038688225600810905 -0.010670298389399851 -0.0053112853809272019 0.00092901737072282231 0.012778958218713445 -0.00035366065133570938 0.0080094845638950252 -0.0039048342436733921 -0.0031091793422428071 -0.016287800259883533 -0.0062536870108734002 -0.0045148667067326691 0.0039429139519391266 -0.0136388308460833 -0.0040087761188816627 0.0035997426115971661 0.0016661240440351273 -0.0040216754415342594 -0.0066398444084374893 -0.0012814039650872607 0.009072470784658138 -0.010148641174338889 0.0081837984837489844 0.0012253177763034704 0.0024873305291965536 -0.0034014717778108215 0.0035466250361634029 -0.012707755968257467 -0.0065375332979966637 -0.0049206858840326042 0.0029523976199347631 -0.011944777262061345 0.018861784495546177 0.0074408593265651969 -0.0039451090807183708 0.0060883301120874022 0.0019149927858361842 -0.013701212153936939 0.00029467074167755273 0.009238259704001427 0.0058557477855467732 -0.0015926285130652756 0.0048220050721963451 -0.0051131544971737952 -0.0038731221396376154 0.0044792280941735457
leaf_weight=277 468 7739 2557 1128 274 360 2447 5678 257 261 1232 255 439 276 398 431 1195 261 295 324 3445 1267 918 865 286 491 492 2069 492 888 779 276 850 348 3053 1568 2148 514 387 267 727 331 607 2070 571 375 492 259 270 724 696 380 1042 357 553 268 268 536 708 933 1405 671 380 1149 253 521 398 2735 293 5766 623 258 710 291 1612 300 385 354 412 292 491 351 639 1580 353 436 322 493 293 316 397 764 1246 281 1263 533 1668 2768 447 1650 933 268 252 338 253 433 257 434 347 1412 266 447 302 410 447 397 491 259 518 697 255 322 305 483 749 473
leaf_count=277 468 7739 2557 1128 274 360 2447 5678 257 261 1232 255 439 276 398 431 1195 261 295 324 3445 1267 918 865 286 491 492 2069 492 888 779 276 850 348 3053 1568 2148 514 387 267 727 331 607 2070 571 375 492 259 270 724 696 380 1042 357 553 268 268 536 708 933 1405 671 380 1149 253 521 398 2735 293 5766 623 258 710 291 1612 300 385 354 412 292 491 351 639 1580 353 436 322 493 293 316 397 764 1246 281 1263 533 1668 2768 447 1650 933 268 252 338 253 433 257 434 347 1412 266 447 302 410 447 397 491 259 518 697 255 322 305 483 749 473
internal_value=-3.06218e-05 0.000760985 -0.00130088 0.000295962 0.000739736 0.00243677 -0.000763101 -0.00134495 -0.000608094 -8.44644e-06 0.000154588 0.00269682 0.00117244 0.00404624 -0.00378865 -0.00101898 -0.00338981 -0.00199204 -0.00749965 -0.0113246 0.00245072 -0.000488696 -0.00070172 -0.000117831 -0.00407836 0.000743923 0.00397418 0.00147229 -0.00484648 -0.00268982 0.00201519 0.00363485 0.00112301 -0.0032868 0.0057548 0.00242448 0.000105098 0.000970104 0.00349619 -0.00028474 0.00314346 -0.000919053 0.000433987 0.00147522 -7.42025e-05 0.000999263 0.00145195 -0.00396623 0.000643348 0.00271264 0.00514653 0.00347575 -0.000982144 0.00104821 -0.000408584 -0.00130216 -0.000363701 -0.000840037 0.00107538 -0.00302299 -0.00181864 0.00419134 0.00730388 0.00282241 0.00485526 0.00233915 0.00452371 0.000549155 0.00431993 7.2396e-06 8.27879e-07 0.004191 -0.000209207 0.000211229 -0.00079336 0.00168129 0.000922395 0.00233599 -0.00363641 7.74767e-05 -0.0010784 -0.00354713 -0.00129402 -0.000253941 0.00759277 0.00389066 -0.0030615 0.000764837 -0.00555082 -0.0100121 -0.00136394 -0.00186691 -9.79468e-06 -0.0042447 -0.00579507 0.00711952 -0.00113259 -0.00221468 -0.00087097 0.000321407 0.00669808 -0.00242202 -0.00151006 -0.0051927 -0.00503546 0.00202463 -0.00419851 -0.00502346 0.000109288 -0.00677777 -0.00416956 -0.00679358 0.00390868 0.00578265 0.00147166 0.00227402 -0.000453324 -0.00291744 0.00784872 0.00545754 0.012981 -0.00705959 -0.000657433 -0.00112059 0.000879382 -0.000608976
internal_weight=106969 65885 41084 53139 44520 11399 33794 25997 19124 16397 33121 12746 7797 2723 7290 14959 6873 8619 880 619 12491 13148 12874 11354 1642 777 6082 2537 1811 1380 11039 5050 18162 6892 3545 7956 10206 7614 2535 5079 6724 1058 4565 3699 2899 6409 6034 866 5989 2643 1651 1381 3346 2038 1681 992 5074 4806 2552 2254 1844 4774 1449 3325 2176 1397 1069 9712 1211 8501 1144 829 16140 14058 8338 5720 5076 3881 1195 2563 2209 1481 1130 7628 644 728 2082 815 1267 609 658 4335 2443 1892 1544 800 6016 4348 2589 2142 1318 2592 2324 1718 1520 1679 2727 2470 624 1846 1308 1380 5666 2629 857 3037 1469 1072 1772 1215 557 581 685 895 1474 1222
internal_count=106969 65885 41084 53139 44520 11399 33794 25997 19124 16397 33121 12746 7797 2723 7290 14959 6873 8619 880 619 12491 13148 12874 11354 1642 777 6082 2537 1811 1380 11039 5050 18162 6892 3545 7956 10206 7614 2535 5079 6724 1058 4565 3699 2899 6409 6034 866 5989 2643 1651 1381 3346 2038 1681 992 5074 4806 2552 2254 1844 4774 1449 3325 2176 1397 1069 9712 1211 8501 1144 829 16140 14058 8338 5720 5076 3881 1195 2563 2209 1481 1130 7628 644 728 2082 815 1267 609 658 4335 2443 1892 1544 800 6016 4348 2589 2142 1318 2592 2324 1718 1520 1679 2727 2470 624 1846 1308 1380 5666 2629 857 3037 1469 1072 1772 1215 557 581 685 895 1474 1222
is_linear=0
shrinkage=0.0667171


Tree=30
num_leaves=127
num_cat=0
split_feature=18 21 21 18 21 21 18 0 18 0 21 21 0 6 0 21 9 13 0 9 17 18 21 21 0 3 14 11 4 17 19 14 9 15 11 18 21 19 10 18 11 0 5 18 18 19 18 16 12 12 21 5 4 18 18 21 21 18 0 15 20 0 14 10 19 17 20 0 16 3 9 18 18 20 3 21 9 11 11 15 19 20 10 10 4 12 18 9 21 5 10 12 17 3 15 12 0 0 18 0 21 17 9 12 14 0 20 15 3 0 15 5 9 10 19 11 17 12 10 5 0 12 13 15 12 12
split_gain=22.3281 15.7604 11.7943 10.5328 15.3729 12.7204 10.4551 9.80001 7.13644 9.27241 8.33673 7.42084 8.57575 7.0947 7.03466 7.47786 8.47083 8.08341 6.80653 7.64146 6.35524 5.70362 5.65263 5.61043 9.36459 6.7283 5.45785 5.26326 5.9138 5.17925 5.17323 7.76373 5.38465 7.57884 5.13585 4.99063 4.84606 4.77805 4.616 4.9423 4.5967 6.67022 4.58741 4.51806 4.94547 4.50132 5.7831 6.26105 4.84988 5.24149 4.47012 6.79438 6.23825 7.58454 5.34404 6.40085 4.4663 5.0962 4.39866 4.29927 5.3998 4.20598 5.22128 5.32735 4.96114 4.49406 5.21135 4.20504 4.18957 5.93687 4.06692 4.2659 8.93555 4.227 3.99469 4.85161 6.2981 4.54426 4.32399 4.65457 5.17699 5.34315 6.61991 4.12426 3.95212 7.55825 5.42679 4.9883 3.92303 6.07743 4.53414 3.91362 4.54143 5.49802 4.23718 3.78675 3.77667 5.08196 6.71732 9.49475 8.64161 5.5291 5.03754 3.66892 3.66686 3.65815 4.79727 5.23619 7.0995 3.58116 3.57434 3.55973 4.47223 3.54271 5.1002 3.86739 3.6845 4.17919 3.53618 3.49289 3.43814 9.26111 3.41971 3.40853 4.09383 6.24631
threshold=-0.096240367740392671 -0.088321309536695466 -0.16589048504829404 0.12257515639066698 0.13851964473724368 0.17176358401775363 -0.32173828780651087 0.25142045319080358 0.031402070075273521 0.48437500000000006 0.068772573024034514 -0.018574233166873452 0.44176135957241064 -0.016039526090025898 0.41051135957241064 0.24933275580406192 -0.023000850342214104 -0.18972496688365934 0.35937500000000006 -0.18197635561227796 0.31871135532855993 0.19685667008161548 -0.30865362286567682 0.23143643885850909 0.46732954680919653 0.44410437345504766 -0.12785183638334272 -0.25380036234855646 -0.39595885574817652 0.44685746729373937 -0.05466064624488353 0.1574521139264107 0.29878279566764837 0.049162825569510467 -0.070385936647653566 -0.0019346683839103205 0.036825804039835937 -0.13066414743661878 -0.13100191950798032 -0.1645485237240791 0.11440916359424592 -0.27982954680919642 -1.0000000180025095e-35 -0.13573190569877622 -0.11898674443364142 -0.15636944770812986 1.0000000180025095e-35 0.16856441646814349 -0.16568896919488904 -0.13367066532373426 -0.54573827981948841 0.37500000000000006 0.31272041797637945 -0.40806765854358668 -0.68872055411338795 -0.77860224246978749 0.55455446243286144 0.57462233304977428 -0.35937499999999994 0.079884793609380736 0.16526649147272113 -0.29119317233562464 -0.059497760608792298 -0.07320998981595038 -0.12409475445747374 0.40399827063083654 -0.035538826137781136 0.21164772659540179 0.33604107797145849 0.45167937874794012 -0.37906259298324579 -0.61250972747802723 -0.29443526268005366 -0.16312379390001294 0.49484245479106909 0.071057274937629714 -0.18992332369089124 0.055760608986020095 -0.073385193943977342 0.27112902700901037 0.68791252374649059 -0.067558705806732164 0.20469906926155093 0.21442810446023944 0.16384139657020572 0.42807318270206457 -0.36954462528228754 -0.11709819361567496 0.020210355520248417 -1.0000000180025095e-35 0.070512924343347563 1.0330188274383547 -0.28128147125244135 0.3504475355148316 -0.21504608541727063 -0.25543168187141413 -0.27982954680919642 -0.17755681276321408 -0.20172158628702161 0.29119317233562475 -0.2356440797448158 0.25539334863424307 0.26644423604011541 -0.044196683913469308 0.0088563100434839743 0.48153407871723181 -0.3510815948247909 -0.03068356309086084 -0.39443531632423395 0.42187500000000006 0.34255760908126837 -1.0000000180025095e-35 0.062303895130753524 0.0024971090024337177 -0.19387444108724591 0.15017911791801455 -0.13691931962966916 -0.097164094448089586 -0.13677545636892316 1.0000000180025095e-35 -0.1576704531908035 0.055008575320243842 -0.51717185974121083 -0.26112903654575342 -0.26490566134452814 -0.2419554069638252
decision_type=2 2 2 2 2 2 2 2 2 2 2 2 2 2 2 2 2 2 2 2 2 2 2 2 2 2 2 2 2 2 2 2 2 2 2 2 2 2 2 2 2 2 2 2 2 2 2 2 2 2 2 2 2 2 2 2 2 2 2 2 2 2 2 2 2 2 2 2 2 2 2 2 2 2 2 2 2 2 2 2 2 2 2 2 2 2 2 2 2 2 2 2 2 2 2 2 2 2 2 2 2 2 2 2 2 2 2 2 2 2 2 2 2 2 2 2 2 2 2 2 2 2 2 2 2 2
left_child=2 30 6 4 8 7 50 74 11 13 -11 61 45 29 15 16 17 -6 20 -20 27 23 109 40 25 26 -25 28 -4 -10 31 -2 33 -32 -22 -14 -37 -28 -21 -40 -7 -42 -34 96 -45 46 -13 -48 -47 -50 54 58 53 -53 91 -56 57 -23 103 60 -19 65 63 64 -63 66 -3 -30 69 -35 -29 -72 73 -73 75 78 -77 -76 -5 80 81 82 -80 95 85 -60 87 -86 89 -15 -91 92 -1 94 -94 -83 -24 -98 102 100 -100 -102 105 -52 -36 106 -99 108 -108 -8 -9 112 -18 114 -74 116 117 -115 -101 -120 -58 -122 -110 -116 -125 -126
right_child=1 3 18 5 14 21 22 110 9 10 -12 12 35 88 -16 -17 111 59 19 38 34 56 43 24 -26 -27 37 70 67 -31 32 -33 42 68 104 36 -38 -39 39 -41 41 -43 -44 44 -46 48 47 -49 49 -51 51 52 -54 -55 55 -57 120 -59 84 -61 -62 62 -64 -65 -66 -67 -68 -69 -70 -71 71 72 113 -75 77 76 -78 -79 79 -81 -82 83 -84 -85 86 -87 -88 -89 -90 90 -92 -93 93 -95 -96 -97 97 98 99 118 101 -103 -104 -105 -106 -107 107 -109 122 -111 -112 -113 -114 115 123 -117 -118 -119 119 -121 121 -123 -124 124 125 -127
leaf_value=-0.01043363792997644 0.0039332438290129307 -0.0046798275886109856 -0.0048979579313787351 0.0093620399749509316 -0.015851409066028974 0.0053216011229963202 0.002738437507616211 0.011479690096689662 0.0019702873563258046 0.017975328394051176 0.0029609389194833382 -0.010835435825983264 -0.012789306703805145 -0.0013783508688424183 -0.011231376240015677 -0.0091038098920045909 0.0016614227499586699 0.0070360575111617883 0.0024976577547771305 -0.014500010668712943 -0.0086360817251153674 0.0014239527330584306 -0.004091124968732685 -0.0072055431302879627 -0.01452910826564394 0.0081561547429046585 0.0070610212959693903 -0.0084731094898703938 0.0077094952196266314 0.0085100579317528881 0.0014301122722101163 0.01293095876865181 -0.0084140651844980072 0.011987619085672975 -0.0045628928043812758 0.0030429734110756154 -0.009812845537101704 -0.002514558223794915 -0.013558640935631213 -0.0028950128837423443 -0.010761187978337012 0.0003538599901334907 0.0014647246745568797 0.012004884055811578 0.0013820522764090985 0.0015402193275689908 0.0039858095360459601 -0.0092676343328993924 -0.0077581884675196966 -0.0011391265894032025 -0.0015204399429926223 -0.011253624401099576 -0.015397775087601854 0.001155280936608338 0.011639704144973839 0.00055763538444272105 -0.0052398562133295374 0.0087336218324933074 -0.0037962886543811093 -0.0093762660233336851 -0.0064031279417126729 0.0037850244126054304 0.00056040769552529975 -0.0011614487639204968 0.013797255802724421 -0.0069676502876928736 0.0062752803892747863 -0.0018818647200967917 2.5548932856286402e-05 0.00020594696555785639 0.0063056814595291019 -0.0048161140988237329 -0.011260603456975151 -0.01573977664624682 0.0014388023839989755 -0.0059158778058935333 0.0015221190218762766 0.011230375727134853 -0.009873219887155291 0.0088748007412805842 -0.0060876810552796846 0.0033318179767097196 0.0051545231204962226 -0.0013265995809417972 -0.015561626485643867 0.003378033481938934 0.00045155455745796586 -0.0036376574214347247 -0.0016046082341772661 0.0099624208421769216 1.9411457733286778e-05 0.00088466423622825642 0.00068061117986715548 0.0054020154914842661 -0.0089938213162881631 0.01304540048836794 0.0059517582081015999 0.0039843722361749068 0.0043027141700915988 0.0017585982966036582 -0.0006467793169250229 -0.010603020576594487 0.0058708781387104593 0.0084116590873417624 0.00432310380001552 -0.010851877617873599 -0.0086850514221870779 -0.011071404601374915 -0.0044176797697420001 0.010365476003439407 0.0037301038553644679 0.0023798415550884641 -0.0080642383757356453 0.011132732375842971 0.0046785121430884353 -0.0045664830883485157 -0.00069426481017439555 0.0016554335203708506 0.014894131631027723 0.0048732828803500165 0.0096079339259909514 -0.0016829898379855132 0.0043301161959179131 -0.0080589285669005455 0.0063743714291935403 -0.0028467515633813362
leaf_weight=440 1664 378 367 563 301 701 2634 796 4210 269 433 474 476 1045 529 750 426 274 310 457 1162 9811 1070 952 302 250 279 439 704 621 2830 581 337 845 746 261 250 1282 281 644 263 2428 530 272 701 2718 403 256 608 4328 344 402 331 466 254 2461 698 443 2125 301 252 522 4339 379 395 568 387 276 258 251 269 377 292 285 400 571 4255 463 263 450 339 357 250 254 342 936 321 301 4611 530 318 858 322 291 504 379 612 373 745 382 560 453 261 306 279 288 492 392 298 308 419 1555 402 291 296 625 1641 738 323 321 379 2096 573 540 366 2758
leaf_count=440 1664 378 367 563 301 701 2634 796 4210 269 433 474 476 1045 529 750 426 274 310 457 1162 9811 1070 952 302 250 279 439 704 621 2830 581 337 845 746 261 250 1282 281 644 263 2428 530 272 701 2718 403 256 608 4328 344 402 331 466 254 2461 698 443 2125 301 252 522 4339 379 395 568 387 276 258 251 269 377 292 285 400 571 4255 463 263 450 339 357 250 254 342 936 321 301 4611 530 318 858 322 291 504 379 612 373 745 382 560 453 261 306 279 288 492 392 298 308 419 1555 402 291 296 625 1641 738 323 321 379 2096 573 540 366 2758
internal_value=-1.67807e-05 0.000674434 -0.00136378 0.000334958 -0.00047358 0.00125167 -0.000397925 0.00322444 0.000107777 0.00134768 0.00877668 -0.0007817 -0.00196857 0.000883262 -0.00397214 -0.00305953 -0.00175463 -0.00651195 -0.00286798 -0.00684511 -0.00232408 0.00028163 0.00104883 -0.00134515 -0.00341446 -0.00217897 -0.003227 -0.00162337 0.00224728 0.00282033 0.00361027 0.00628302 0.00241481 0.00340908 -0.00559331 -0.00786223 -0.00319947 -0.000775322 -0.00897339 -0.00619115 0.000514953 -0.000727212 -0.00234011 0.00013646 0.00439728 -0.00130133 -0.005225 -0.00113043 -0.000714922 -0.00196363 -0.00185468 -0.00311192 -0.00759621 -0.00456547 -0.000408536 0.00161391 0.00106647 0.00174456 -0.00195262 -0.00305316 0.000526704 0.000878189 0.00167906 0.00539323 0.00814485 -0.00247763 0.000815416 0.00496826 0.007515 0.00931545 -0.00221232 -0.00188242 -0.0021566 -0.0095799 0.00242134 0.00193101 0.000633017 0.00673289 0.00411175 0.00280258 0.00129307 0.00298626 -0.00247877 0.00585571 -0.00277897 -0.00159064 -0.00650934 -0.0100417 -0.000550818 0.00199626 0.00619226 -0.00269499 -0.00469066 -0.0023886 -0.00518068 0.00838802 -0.000440546 0.000198233 -0.000442419 0.00184352 -0.00111455 -0.00513618 -0.00283215 0.00310416 -0.00210895 -0.00379277 -0.00281379 -0.00428185 -0.00229431 0.00355331 0.00883424 0.000487001 -0.00302122 -0.00149876 -0.00277094 0.000133291 0.00124941 0.00437863 0.00694007 0.00996421 -0.00111349 3.90307e-05 0.0012898 -0.00213166 -0.0026938 -0.00175178
internal_weight=106713 70508 36205 63212 33569 29643 22062 9759 28779 12037 702 16742 9774 11335 4790 4261 3511 1128 14143 1692 12451 19884 11058 6457 3065 2763 2513 10264 1347 4831 7296 2245 5051 4184 2187 987 511 1561 1382 925 3392 2691 867 8116 973 8787 1133 659 7654 4936 11004 5874 1199 868 5130 2715 13427 10254 4675 827 526 6968 5635 1296 917 1333 765 980 1354 1096 8917 8478 8209 662 8544 7681 4826 863 2855 2292 1842 1503 513 990 4025 3061 964 643 6504 1893 848 2415 1557 1117 826 736 7143 6073 5461 2784 1758 1013 2677 650 1025 2416 2128 1755 1363 2942 1215 2383 828 7547 4252 3295 2670 1029 1026 644 3173 2475 871 3960 3664 3124
internal_count=106713 70508 36205 63212 33569 29643 22062 9759 28779 12037 702 16742 9774 11335 4790 4261 3511 1128 14143 1692 12451 19884 11058 6457 3065 2763 2513 10264 1347 4831 7296 2245 5051 4184 2187 987 511 1561 1382 925 3392 2691 867 8116 973 8787 1133 659 7654 4936 11004 5874 1199 868 5130 2715 13427 10254 4675 827 526 6968 5635 1296 917 1333 765 980 1354 1096 8917 8478 8209 662 8544 7681 4826 863 2855 2292 1842 1503 513 990 4025 3061 964 643 6504 1893 848 2415 1557 1117 826 736 7143 6073 5461 2784 1758 1013 2677 650 1025 2416 2128 1755 1363 2942 1215 2383 828 7547 4252 3295 2670 1029 1026 644 3173 2475 871 3960 3664 3124
is_linear=0
shrinkage=0.0667171


Tree=31
num_leaves=127
num_cat=0
split_feature=6 10 15 15 0 8 3 9 21 7 0 5 11 19 15 8 21 7 20 20 13 8 14 21 0 8 11 4 0 21 3 20 4 11 8 4 7 9 0 0 12 21 19 9 19 16 21 10 12 12 4 4 19 10 7 4 0 8 13 19 21 16 8 12 19 19 7 4 13 19 7 16 19 21 20 15 3 12 19 13 4 4 8 12 14 1 0 0 19 21 8 19 9 0 11 12 7 14 3 20 9 4 8 20 13 19 12 19 19 4 3 9 14 21 12 10 13 8 9 20 13 19 10 12 15 3
split_gain=4.8356 5.47888 6.3043 5.08692 4.64723 4.61904 4.26568 4.12852 4.38232 3.74425 3.63329 5.35536 4.49303 3.70922 3.35852 3.20856 3.95756 3.19844 4.58624 2.97347 3.51965 3.79934 2.8579 3.35977 3.37337 3.10289 2.83475 3.78066 2.79062 3.24667 2.77022 3.92497 2.72797 5.06191 4.07424 3.14709 4.08366 3.26169 2.79722 2.62932 2.61759 2.75715 2.74916 2.60297 2.77963 2.59732 2.59698 3.63111 2.57209 3.16015 4.02897 4.12579 5.27416 3.09483 3.92203 2.8922 3.04313 3.58899 5.19334 2.77327 3.49664 3.29781 2.74223 2.67961 2.63695 2.74582 2.95703 2.5914 2.53992 4.68929 3.17595 2.91018 2.83575 2.61996 2.5394 2.53309 2.50843 2.95043 3.27265 2.48458 2.45874 4.25493 2.44666 4.27474 2.96968 2.42505 2.48798 3.05337 2.68799 3.24681 3.4975 2.41003 2.39605 2.84102 4.358 3.64135 2.83214 2.39556 3.78763 2.36862 4.04113 3.11912 2.4244 2.31171 2.51333 3.12489 3.27131 3.77209 3.17634 2.99981 3.35011 2.89993 3.94899 2.69733 2.49436 2.48195 2.40384 2.69966 4.14297 3.51974 3.2604 2.63039 3.98111 3.18624 2.40596 2.39864
threshold=-0.026113698258996006 0.23968589305877688 0.35716590285301214 -0.26112903654575342 0.50426137447357189 0.44233578443527227 -0.399487555027008 0.17557670921087268 -0.18479389697313306 -0.54488861560821522 0.43892045319080358 1.0000000180025095e-35 0.21532527357339862 0.062695985659956946 -0.20582949370145795 -0.38894423842430109 0.11961623653769494 0.049105660989880569 0.02539441175758839 -0.052729601040482514 0.24558138847351077 0.04229185730218888 1.4643447995185854 -0.070069734007120119 -0.46164773404598231 0.34254297614097601 0.14393101632595065 0.39791251718997961 0.51278409361839306 -1.0000000180025095e-35 0.13290300965309146 -0.10040592402219771 -0.50800451636314381 -0.14880634099245069 -0.007959118112921713 -0.50133109092712391 0.13901007175445559 0.36931312084198004 -0.52414771914482106 0.063920453190803542 0.095311604440212264 0.11212657019495965 -0.074469476938247667 -0.47257974743843073 -0.066379640251398073 -0.93938717246055592 -0.2414911016821861 -0.13100191950798032 0.036895368248224265 0.15563751012086871 0.27995325624942785 0.13275974243879321 0.41464605927467352 -0.164838932454586 0.25663112103939062 -0.069100182503461824 -0.34232954680919642 -0.017828000709414479 0.30182121694087988 0.25205020606517797 0.013379053678363563 0.15721269696950915 0.15396259725093844 0.13576329499483111 0.68791252374649059 0.10185924544930459 0.27517719566822058 -0.4294768869876861 -0.49165171384811396 0.013927378691732885 -0.18443359434604642 -0.48864495754241938 0.27974697947502142 -0.33339753746986384 -0.030719152651727196 0.093709677457809462 -0.50170147418975819 0.050714693963527686 -0.071787007153034196 -0.41749387979507441 -0.28132256865501398 -0.4539192914962768 0.010950713418424131 0.025443110615015033 0.07126654684543611 0.49857954680919653 0.41903407871723181 0.36505682766437536 -0.099549043923616395 0.098757293075323119 -0.014096037950366734 0.082066517323255553 -0.17105012387037274 0.029829545877873901 -0.32637909054756159 -0.11706117913126944 -0.2413595914840698 -0.059497760608792298 -0.35044753551483149 0.22921405732631686 -0.019015557132661339 -0.29481184482574457 0.41252522170543676 -0.042871212586760514 0.36211089789867407 0.10344240069389345 0.038987994194030769 0.28736564517021185 0.051171923056244857 -0.42501027882099146 -0.11710854247212409 -0.14718988537788388 -0.069899469614028917 0.24020697176456454 0.11977701261639596 -0.075286276638507829 -0.32649883627891535 -0.15550405532121656 0.019770233891904358 -0.33771762251853937 -0.14564178884029386 -0.074469476938247667 -0.096823185682296739 0.036895368248224265 0.096029184758663191 -0.11710854247212409
decision_type=2 2 2 2 2 2 2 2 2 2 2 2 2 2 2 2 2 2 2 2 2 2 2 2 2 2 2 2 2 2 2 2 2 2 2 2 2 2 2 2 2 2 2 2 2 2 2 2 2 2 2 2 2 2 2 2 2 2 2 2 2 2 2 2 2 2 2 2 2 2 2 2 2 2 2 2 2 2 2 2 2 2 2 2 2 2 2 2 2 2 2 2 2 2 2 2 2 2 2 2 2 2 2 2 2 2 2 2 2 2 2 2 2 2 2 2 2 2 2 2 2 2 2 2 2 2
left_child=1 3 22 9 10 14 -4 8 -6 -1 13 19 46 32 -5 16 30 76 79 20 21 -12 23 25 -25 45 27 -26 -10 -30 -15 -32 33 -2 -35 36 -34 38 -37 -20 41 42 -39 44 -40 -3 -13 -48 55 53 51 -51 62 -50 63 59 64 -58 -59 60 -17 75 -53 67 65 -57 -67 -55 69 71 72 -47 73 -71 -69 80 77 78 -16 -19 81 -62 84 -84 -21 86 87 92 89 90 -89 -31 93 94 -45 -95 -96 -52 -99 102 -101 -102 -94 116 105 108 107 111 -105 -108 113 -107 -113 -111 -110 -114 -78 120 119 -119 -118 122 -120 -123 -121 -126
right_child=4 2 6 5 7 -7 -8 -9 28 -11 11 12 -14 15 17 48 -18 18 39 82 -22 -23 -24 24 26 -27 -28 -29 29 91 31 -33 35 34 -36 37 -38 40 43 -41 -42 -43 -44 85 -46 68 47 -49 49 50 97 52 -54 54 -56 56 57 58 -60 -61 61 -63 -64 -65 -66 66 -68 74 -70 70 -72 -73 -74 -75 -76 -77 103 -79 -80 -81 -82 -83 83 -85 -86 -87 -88 88 -90 -91 -92 -93 99 95 96 -97 -98 98 -100 100 101 -103 -104 104 -106 106 109 -109 114 110 -112 112 115 -115 -116 -117 117 118 121 124 -122 123 -124 -125 125 -127
leaf_value=0.0096015747418844236 -0.0050490628042379939 0.0050182924153882539 0.0069793921218703611 -0.0012969517302343974 0.0076613467493362583 0.0072239325460864449 0.00058936276346589907 0.0085445981179220962 0.0047039987914691281 0.0026044774957249637 3.6780961556316738e-05 -0.0093618930852972793 -0.012173769840234343 0.0025586102169413661 0.0059814208745660067 0.0055236131192296549 -0.0085902412542612685 0.0071737936379575283 -0.0004480824611100954 0.0048625164471110642 -0.0026880897659991021 0.011411381005024717 -0.0062297280101243488 0.00074332668982737035 -0.0018859093020865943 0.0047073363106351802 -0.008693461410329735 -0.010586046910655624 -0.0079908951393413852 0.0034142923409399943 -0.0073433133452659215 0.0011937770549436399 -0.006841399480372129 -0.00048360348993468384 0.0093480716588692295 -0.0055288629067966654 0.0018848533664454577 -0.0085051294787615115 0.0073068198944047612 -0.0042408133367059335 -0.00019161647339085622 -0.0119635965045089 0.0010713654356045333 0.0065105655992270814 -0.00070877653106811293 0.0076068040090585863 -0.0065374591520299527 0.0026554793787764847 -0.0088384743150340204 0.00071246616378859101 1.2717970486748944e-05 0.0039901352379993014 -0.0097615645575846177 -0.0029532725853907956 -0.0052571530938791767 -0.0019404704620693636 0.0019581408272622207 -0.0090437436463686738 0.00096787430351241905 0.0060942824513450641 -0.0033530054140013172 -0.0049397066407018747 -0.0047403711931671986 -0.0056930752251670904 -0.0040624579026015736 0.0014094565556346662 0.0065650955561409935 -0.00076898361961796164 0.00034729821766331918 -0.0019444480052593252 -0.0095832264269400842 -0.0020828457240313165 0.00060930306732793257 -0.010624084844117906 0.0046506445742511508 0.0064021343826674874 0.0035788827114366347 0.0080795722324077373 -0.0042708282646168631 0.000692185287291265 -0.0055856445073847348 0.0075360647689515226 0.00045986003000102286 -0.010424914325008056 -0.0038695523641889499 0.0028674439045935415 0.0032060028873396027 -0.0036875010821416114 -0.00070030555025036754 -0.00050800460752576022 -0.013881762756093062 -0.0048496867271579343 -0.00039551770838769878 0.0022410578679002142 0.0042474701191599698 -0.0064380374842149379 -0.0032077665693210152 0.0018245215134203238 0.011931181239587429 0.0025590515212812934 -0.00052055643638345707 -0.0094124297826459931 0.0040680440297346954 0.0020071609084837748 -0.0026790964781611497 0.0070208569159422125 0.00366980603669201 0.0096210022861832143 0.0039166630699288508 -0.0048292087603031397 -0.0088917020267832263 0.0034667117960434264 -0.0088743676933995385 0.0019130740712121118 0.011267459133032315 -1.586040350979303e-05 -0.0029765949674200338 -0.009613902053149043 0.0015771281223974161 -0.0041946134229196652 0.0038233178305081437 0.006982989557422872 -0.0066103704074046733 0.00030955792827502457 0.0033469517473954575 -0.0044214094657440634
leaf_weight=394 280 322 634 3763 358 469 1772 425 320 2652 260 251 367 630 281 758 360 284 1782 323 344 270 544 838 1800 514 488 254 314 404 481 461 833 305 455 516 324 252 378 1528 483 271 266 306 373 261 346 414 254 6402 355 344 403 539 793 532 588 522 399 920 310 431 294 302 319 1334 806 645 2388 362 422 278 561 283 913 372 786 508 265 3456 258 318 282 350 366 823 668 310 795 324 309 252 19462 259 261 1086 1487 342 332 336 287 480 553 7382 568 268 337 258 812 508 353 524 287 535 286 284 418 331 629 1052 1186 480 446 966 514 264
leaf_count=394 280 322 634 3763 358 469 1772 425 320 2652 260 251 367 630 281 758 360 284 1782 323 344 270 544 838 1800 514 488 254 314 404 481 461 833 305 455 516 324 252 378 1528 483 271 266 306 373 261 346 414 254 6402 355 344 403 539 793 532 588 522 399 920 310 431 294 302 319 1334 806 645 2388 362 422 278 561 283 913 372 786 508 265 3456 258 318 282 350 366 823 668 310 795 324 309 252 19462 259 261 1086 1487 342 332 336 287 480 553 7382 568 268 337 258 812 508 353 524 287 535 286 284 418 331 629 1052 1186 480 446 966 514 264
internal_value=-1.05296e-05 0.000498901 -0.000747184 0.000918927 -0.000407577 0.000668173 0.00228964 0.00269112 0.00115553 0.00352474 -0.000519455 -0.00258082 -0.00583942 -0.00038286 0.000568521 0.000290965 -0.00229864 0.000824373 -0.000397849 -0.000518251 0.00247697 0.00589964 -0.00153572 -0.00123957 -0.00288848 -0.000198988 -0.00410025 -0.00298723 -0.000634373 -0.00243894 -0.000829775 -0.00313123 -0.000834393 0.00251361 0.00535786 -0.000946404 -0.00436329 -0.000814493 -0.000668052 -0.00220943 -0.00412213 -0.00648832 -0.00353841 -0.000578466 0.00328144 -0.000724625 -0.00349472 -0.00149339 0.0005458 -6.95231e-05 0.000620311 7.46483e-05 -0.00380957 -0.00177467 -0.00119754 0.00148208 0.000367225 -0.00206338 -0.00467042 0.00296169 0.00176772 5.77729e-05 -5.96177e-06 0.000133802 0.001605 0.00229794 0.00336948 0.000994623 -0.00114042 -0.00279464 -0.00458666 0.00254474 -0.00280174 -0.00581369 0.00238523 0.00180072 0.0012458 0.00442135 0.000952077 0.00119645 -0.000100731 0.00210812 -0.00252481 -0.00551724 0.000174017 -0.000684413 -0.000794481 -0.000897828 -0.0036023 -0.00601293 -0.00884229 0.000179183 -0.000704485 -0.00234994 -0.000770001 -0.00473575 -0.00206968 0.0045276 0.00686111 -0.000437874 -0.00344589 -0.00612806 -0.000270089 0.00107182 0.00162083 0.00183067 9.68998e-05 0.00225803 0.00251252 -0.00190658 -0.00328305 0.000829891 -0.000666492 -0.00134269 0.0058719 -0.00452022 0.000104256 -0.000326139 -0.00113985 -0.00328445 0.00202613 0.000685759 -0.00179133 0.002552 -0.00211424 0.00065871
internal_weight=106422 46577 11721 34856 59845 31810 2406 2073 1648 3046 57772 3573 1378 54199 31341 21717 1932 27578 7050 2195 874 530 9315 8771 3380 5391 2542 2054 1290 970 1572 942 32482 1040 760 31442 1157 30285 29013 3310 1272 789 518 28497 751 4877 1011 760 19785 11918 8472 7443 1041 3446 3192 7867 4500 1509 921 3367 2447 1689 638 2399 2991 2672 2140 2097 4555 2167 1628 539 1206 645 1558 1258 20528 1054 546 3740 886 628 1321 632 689 27746 26923 26255 1738 943 619 656 24517 3399 2054 1345 1748 1029 674 21118 1103 767 20015 19474 12402 11834 3354 1621 8480 1733 1396 1363 1095 1043 1098 571 7072 6286 4682 2161 1604 2521 1075 1446 1830 778
internal_count=106422 46577 11721 34856 59845 31810 2406 2073 1648 3046 57772 3573 1378 54199 31341 21717 1932 27578 7050 2195 874 530 9315 8771 3380 5391 2542 2054 1290 970 1572 942 32482 1040 760 31442 1157 30285 29013 3310 1272 789 518 28497 751 4877 1011 760 19785 11918 8472 7443 1041 3446 3192 7867 4500 1509 921 3367 2447 1689 638 2399 2991 2672 2140 2097 4555 2167 1628 539 1206 645 1558 1258 20528 1054 546 3740 886 628 1321 632 689 27746 26923 26255 1738 943 619 656 24517 3399 2054 1345 1748 1029 674 21118 1103 767 20015 19474 12402 11834 3354 1621 8480 1733 1396 1363 1095 1043 1098 571 7072 6286 4682 2161 1604 2521 1075 1446 1830 778
is_linear=0
shrinkage=0.0667171


Tree=32
num_leaves=127
num_cat=0
split_feature=18 21 21 18 21 18 21 0 0 18 21 14 21 4 21 3 18 21 9 15 4 0 4 18 13 18 21 16 10 10 8 18 14 21 7 16 16 21 8 21 7 18 0 13 16 16 9 12 15 16 10 9 10 10 21 21 8 13 16 12 7 12 4 0 12 8 9 21 9 18 5 10 7 10 16 16 8 15 0 3 16 13 0 12 0 3 9 4 4 8 18 15 21 10 7 8 10 13 5 15 13 0 9 21 4 13 21 13 8 21 3 0 10 12 21 8 3 10 15 18 1 16 10 15 8 12
split_gain=24.3353 15.4659 13.7987 9.82696 9.53933 9.34976 10.8577 15.7384 9.27246 8.16473 8.11796 8.11067 7.2086 6.96299 6.84924 6.23786 6.0495 6.94209 5.89051 5.80586 5.77 5.5476 5.52325 6.53076 4.87358 4.81616 5.69171 5.47809 6.05888 4.80959 6.59175 5.74508 5.57476 5.1326 4.73766 4.61607 4.42415 4.42186 5.16009 4.4059 4.26862 5.34887 4.21099 4.02737 4.47097 4.78613 4.02122 3.9179 3.86768 3.84315 5.48174 4.78252 5.53052 3.97803 10.7004 3.83095 4.51564 3.78607 7.59298 4.84675 3.83646 3.69747 5.95055 3.67908 3.67559 3.66971 5.6857 6.04834 4.87482 4.17745 4.11555 6.1011 5.44997 4.05253 4.02149 4.80884 3.65724 3.89596 3.61893 4.70917 6.51107 3.60022 4.49983 4.33006 5.16014 4.77529 5.31265 4.26549 6.15189 4.00376 3.95444 4.54747 4.26742 4.58438 3.92836 3.70796 3.58704 3.54915 5.94438 5.03227 6.92235 5.02729 4.65906 5.09369 5.14902 3.63322 3.50958 3.4839 4.07981 3.40524 3.49562 5.76416 3.40313 3.88257 6.33512 4.46906 3.56737 3.39592 5.14784 5.45876 5.74003 11.1616 4.58917 4.15027 3.38125 3.35412
threshold=-0.096240367740392671 -0.11179413273930548 -0.088321309536695466 -0.29062251746654505 -0.36535407602787012 0.02152569126337767 0.059972707182168968 0.48153407871723181 0.40482954680919653 0.18170517683029178 0.24477964639663699 0.32982325553894049 0.055735735222697265 0.41228359937667852 0.2918361127376557 -0.50268387794494618 -0.68872055411338795 -0.77860224246978749 0.10328308492898942 -0.2496083006262779 -0.46457822620868677 0.38494317233562475 0.4457684606313706 0.075347539037466063 -0.43116340041160578 0.57462233304977428 0.63589778542518627 0.34445250034332281 0.14672642946243289 1.0000000180025095e-35 -0.055603528395295136 -0.44258654117584223 0.050500284880399711 -0.2356440797448158 -0.16925795376300809 -0.15887840092182157 0.077250700443983092 -0.049862641841173165 0.089360799640417113 -0.20565284043550489 -0.21552640944719312 -0.17216216027736661 0.098011363297700896 0.38203723728656774 0.036018626764416702 0.13080412894487384 0.39224661886692053 0.095311604440212264 0.05837941728532315 0.0046316231600940236 1.0000000180025095e-35 0.21375150978565219 0.32446266710758215 0.12876033782958987 -0.14633522927761075 0.55455446243286144 0.048311443999409683 -0.39818258583545679 -0.14902096986770627 -0.27715837955474848 0.44298236072063452 0.22424814105033877 -0.22463172674179074 0.16619318723678592 0.56420809030532848 0.0035595754161477093 0.4189878255128861 -0.19685297459363935 -0.14092821627855298 -0.24400845170021054 -1.0000000180025095e-35 -0.02081670984625816 -0.26363955438137049 0.0077573978342115888 -0.019997823052108284 0.18044628947973254 0.41252522170543676 0.87711980938911449 -0.19460227340459821 -0.12502200156450269 0.27494889497756964 -0.16199221462011335 0.38210226595401769 -0.13367066532373426 -0.31960226595401758 -0.085171408951282487 -0.1506078094244003 -0.33955840766429896 -0.25349488109350199 -0.18412277847528455 0.1432982608675957 0.18280338495969775 0.18675594031810763 -0.18680419027805326 -0.14895045012235639 0.010950713418424131 0.20009052008390429 -0.58764845132827748 -1.0000000180025095e-35 0.16897848993539813 -0.33138750493526453 -0.24005681276321408 -0.010017415974289177 -0.51055508852004994 -0.01222570054233074 -0.51717185974121083 -0.2414911016821861 -0.09374272450804709 -0.25869306921958918 0.21979128569364551 -0.46541532874107355 0.098011363297700896 -0.19267497211694715 -0.083316180855035768 0.10657939687371255 0.048311443999409683 -0.30064630508422846 0.28569556772708898 0.049162825569510467 0.29585492610931402 -0.061079544946551316 0.22101972997188571 0.46603681147098547 0.65447005629539501 -0.051632929593324654 1.0330188274383547
decision_type=2 2 2 2 2 2 2 2 2 2 2 2 2 2 2 2 2 2 2 2 2 2 2 2 2 2 2 2 2 2 2 2 2 2 2 2 2 2 2 2 2 2 2 2 2 2 2 2 2 2 2 2 2 2 2 2 2 2 2 2 2 2 2 2 2 2 2 2 2 2 2 2 2 2 2 2 2 2 2 2 2 2 2 2 2 2 2 2 2 2 2 2 2 2 2 2 2 2 2 2 2 2 2 2 2 2 2 2 2 2 2 2 2 2 2 2 2 2 2 2 2 2 2 2 2 2
left_child=1 3 42 4 16 12 7 22 18 10 19 15 -4 29 46 -5 125 -18 37 -8 43 109 34 -24 -13 26 76 55 -29 30 -6 -31 39 61 36 -26 -7 38 40 -33 41 -3 49 44 -21 -46 117 -48 -12 53 -51 -52 -53 54 -2 -27 -57 -36 -59 -60 -61 -34 -63 -39 107 68 67 -67 70 -70 71 -17 -72 -74 -69 -76 77 -16 -50 80 -80 82 89 87 -85 86 94 95 -89 -22 92 -92 112 -94 -86 -83 -15 -19 99 100 101 -99 103 104 105 -100 -37 108 -44 110 -14 -112 113 -88 -115 -116 -114 118 -11 120 123 -122 -119 -120 -103 -1
right_child=2 8 5 11 13 6 9 -9 -10 14 48 24 21 96 25 65 17 97 -20 20 81 -23 23 -25 35 27 -28 28 -30 31 -32 32 33 -35 57 106 -38 63 -40 -41 -42 -43 64 -45 45 -47 47 -49 78 50 51 52 -54 -55 -56 56 -58 58 59 60 -62 62 -64 -65 -66 66 -68 74 69 -71 72 -73 73 -75 75 -77 -78 -79 79 -81 -82 83 -84 84 85 -87 90 88 -90 -91 91 -93 93 -95 -96 -97 -98 98 102 -101 -102 124 -104 -105 -106 -107 -108 -109 -110 -111 111 -113 116 114 115 -117 -118 122 119 -121 121 -123 -124 -125 -126 -127
leaf_value=-0.0048673881678810626 0.018559040158127555 -0.0054624106389971469 -0.00028522842565621969 -0.010216156780419443 -0.002594969354707198 0.0042964831910746485 0.0078952584277941253 0.017333298395470726 -0.012320691974275856 0.0073025784235156068 -0.009196843627327379 0.0046609516499521242 -0.0077604206561848405 -0.0057267024626371579 0.00010310921818329407 0.0035183657207463119 0.010917417724624741 0.0037826184558168701 -0.00041042886056814328 -0.00050617312445467991 0.00060079975309261762 -0.012441947552612558 -0.009027172533645848 0.0016253569731334509 -0.0015843139190367386 0.013138403350577997 -0.0072319652463565757 -0.0096152581832060994 0.0029615359881836126 -0.0062144465603760539 -0.014075240149014897 0.0099638737709518751 -0.0060403578307064616 -0.009622660723335185 -0.0017726906355586033 0.010330971964763885 0.013039728938934106 -0.0051769585191672393 0.0034918185644135101 -0.00061212088616144822 -0.0049958379194869201 0.0068913787410610416 0.013052260149059686 -0.0049719727593963243 0.010325976411136412 0.0020643053807878797 -0.0069263764238874414 0.0022920872447644925 0.0036139740845545342 -0.0088397601580380812 0.0049503362990279721 -0.0088486719424562127 0.0027438952614322475 0.0019196755333792713 0.0038027621855532029 -5.9623930417060828e-05 0.0093410246362374758 0.010489783065889834 0.0096010511278722677 0.0019010383818078387 -0.0056393527633807573 -0.0026953352501063606 0.010080571609005684 -0.013354609221358539 -0.00067704966765969033 0.005834202332173407 -0.0065629505066068542 -0.0031510176655489847 0.0035717351298832174 -0.0044432545700736894 0.011613980961093862 -0.0085687164001805802 -0.0039728421072607219 0.0058810971198266174 0.0071689302491176766 -0.0030828110524877923 0.005205275234340904 -0.0047829989673367577 0.0027851019412724783 -0.008965992124461036 -0.0081841263022520098 0.0014467136790833003 0.0033686457514675414 -0.0077126702166249858 -0.0013204854741431643 0.0021865389525411866 -0.0026898708322819348 0.012076339114865643 0.0015446538895541831 -0.0069977639021956538 0.0096868682719513811 -0.00013114012128638119 -0.01362500753902247 -0.0025198701734474821 -0.012413591455409762 -0.0097094373981168932 -0.015722300124707295 -0.0037354951087015149 -0.0012462522900663906 0.010052951808379782 -0.0053209888625311936 0.0029906472794401016 0.00050543414685295083 -0.0094432945526584742 0.0034145979410367534 -0.011298241539772783 0.00076974892603795097 0.013586890385584508 0.003424204008640172 -0.010036089549930986 -0.0027349313414424775 0.0056943508208096485 -0.001065243748635395 0.012493626132073096 0.0041211828688861914 -0.0061970586559071039 -0.0076608022028365154 -0.0058216105382094888 0.0055408612759314264 0.010596500023253831 -0.0046462486114460235 0.0080382100424479606 0.0033472295742228483 -0.0030827527883392361 0.012536871897250512 0.00021134466703481418
leaf_weight=1810 264 281 12603 287 537 1520 387 315 523 1589 551 2798 427 341 6372 357 272 957 2514 662 405 297 397 699 1525 264 521 252 506 932 388 366 302 328 998 303 315 3412 544 321 2134 340 261 253 631 638 343 494 317 262 845 326 404 2190 1272 521 390 502 346 5379 313 364 284 268 268 1270 354 950 325 2229 289 376 377 358 518 326 545 815 629 570 384 260 338 514 254 1795 741 270 2740 1178 291 709 263 463 339 256 326 253 370 313 529 396 1348 638 461 290 404 345 828 271 1993 436 1206 264 554 277 530 385 1727 359 1105 424 646 282 296 830
leaf_count=1810 264 281 12603 287 537 1520 387 315 523 1589 551 2798 427 341 6372 357 272 957 2514 662 405 297 397 699 1525 264 521 252 506 932 388 366 302 328 998 303 315 3412 544 321 2134 340 261 253 631 638 343 494 317 262 845 326 404 2190 1272 521 390 502 346 5379 313 364 284 268 268 1270 354 950 325 2229 289 376 377 358 518 326 545 815 629 570 384 260 338 514 254 1795 741 270 2740 1178 291 709 263 463 339 256 326 253 370 313 529 396 1348 638 461 290 404 345 828 271 1993 436 1206 264 554 277 530 385 1727 359 1105 424 646 282 296 830
internal_value=-4.13754e-05 -0.00144401 0.000682868 -0.000592786 -0.00187289 0.000364863 0.000839813 0.00269816 -0.00367532 0.000285333 -0.000684513 0.000705096 -0.00102558 -0.00437412 0.00131945 -0.000608983 -0.00058738 0.000559053 -0.00319339 -0.0001415 -0.000341112 -0.00373972 0.00225152 -0.00220713 0.00280564 0.000195804 -0.000502933 0.00319303 -0.00118415 -0.00326263 -0.00745576 -0.00190839 0.000121377 -0.00246314 0.00277702 0.000464833 0.00582446 -0.00419105 -0.00239942 0.00497333 -0.00357687 0.00123852 0.00343605 0.00283689 0.00388487 0.0062026 0.00287107 -0.00144721 -0.00426131 0.00253717 2.24955e-05 0.00152654 -0.00238987 0.00376771 0.00637768 0.00604733 0.00393902 0.00202971 0.00261565 0.00195243 0.00147835 -2.59005e-06 0.00285898 -0.00578715 0.00635108 -0.000245378 0.00138144 0.00231519 -0.00154296 -0.00340603 0.00114551 -0.00263477 0.00388761 0.000787869 -0.00015966 0.00316429 -4.34369e-05 -0.000447501 -0.00280764 -0.00411872 -0.00135026 -0.000852562 -0.00352985 -0.000410652 -0.00125342 -0.000815316 -0.00173618 0.00153938 0.00250738 -0.0050304 -0.00105801 0.00270111 -0.0019414 -0.00660203 -0.0077174 -0.00402286 -0.010672 6.81969e-05 -0.000652782 0.00240098 0.000744689 0.0041789 -0.00242079 -0.00468245 -0.00193624 -0.0057218 0.00492047 0.0076933 0.00578037 -0.00289646 -0.00220086 -0.00120432 -0.000982134 0.00100558 0.00353984 0.000637185 -0.00310217 0.00343177 0.00409193 0.00277209 0.00196306 -0.0010978 -4.60239e-05 0.00430843 0.00713419 -0.00325694
internal_weight=106599 36314 70285 26298 13252 63020 46993 10784 10016 36209 18669 13046 16027 4489 17540 8016 8763 6123 9493 16218 15831 3424 10469 1096 5030 10186 8253 1933 758 3822 925 2897 1965 1278 9373 2232 1835 6979 3299 687 2755 621 7265 2184 1931 1269 7354 837 2451 5563 1837 1575 730 3726 1536 1175 911 7538 6540 6038 5692 950 648 3680 1702 7729 3418 3064 4311 2554 1757 733 1024 735 1794 844 7732 7187 1900 1583 1013 13647 1921 11726 8200 7686 5891 3526 3010 1583 5298 1000 4298 726 593 516 667 5851 4894 1787 1474 945 3107 1759 1121 660 707 1434 1089 3127 2856 2429 3572 1836 1095 831 1736 6517 5486 3897 3538 1529 1031 2009 692 2640
internal_count=106599 36314 70285 26298 13252 63020 46993 10784 10016 36209 18669 13046 16027 4489 17540 8016 8763 6123 9493 16218 15831 3424 10469 1096 5030 10186 8253 1933 758 3822 925 2897 1965 1278 9373 2232 1835 6979 3299 687 2755 621 7265 2184 1931 1269 7354 837 2451 5563 1837 1575 730 3726 1536 1175 911 7538 6540 6038 5692 950 648 3680 1702 7729 3418 3064 4311 2554 1757 733 1024 735 1794 844 7732 7187 1900 1583 1013 13647 1921 11726 8200 7686 5891 3526 3010 1583 5298 1000 4298 726 593 516 667 5851 4894 1787 1474 945 3107 1759 1121 660 707 1434 1089 3127 2856 2429 3572 1836 1095 831 1736 6517 5486 3897 3538 1529 1031 2009 692 2640
is_linear=0
shrinkage=0.0667171


Tree=33
num_leaves=127
num_cat=0
split_feature=18 21 18 21 21 18 21 18 0 0 7 0 0 8 15 15 18 9 7 21 15 0 18 5 9 19 8 19 7 9 18 4 0 8 18 13 14 3 7 19 20 21 13 4 21 21 0 0 13 11 0 21 19 14 3 0 3 3 15 11 18 1 21 0 9 18 20 3 17 21 11 15 0 20 11 14 17 17 9 19 21 17 7 9 7 11 17 8 9 21 0 19 7 3 19 3 20 4 18 4 9 21 13 13 3 11 15 19 18 18 17 15 18 18 18 21 15 20 8 0 8 21 14 14 15 7
split_gain=18.3304 14.0787 11.9768 13.3182 10.1197 10.3262 9.16271 8.50879 7.88618 7.53825 6.83045 6.76887 6.41629 5.96968 5.58894 6.51083 4.95993 4.94758 4.71462 4.62928 5.74016 5.39782 6.6768 4.66149 7.03507 5.17325 4.54936 8.39697 7.12778 5.26782 5.0366 4.93106 4.40862 4.66101 4.37833 4.35682 6.39292 4.35054 4.2932 4.28242 4.56965 4.28069 4.65699 5.3821 4.11008 4.09162 4.25859 6.69085 5.22848 4.09777 3.94048 3.93519 3.78142 3.69045 3.65891 4.06025 5.42244 4.01657 3.93457 3.63664 3.63299 8.57099 4.51917 4.44121 5.70274 4.17693 4.00105 9.8646 4.02826 3.71192 5.59617 5.12663 4.89141 3.66008 3.58226 3.56843 3.66354 3.55366 4.27123 3.52465 3.51171 3.59082 3.46987 3.43524 4.89014 3.3983 3.39499 7.60979 4.49627 4.77113 4.71178 4.75755 7.09529 4.21198 3.38542 3.68757 3.31685 5.17728 7.58522 5.21288 3.97659 3.44037 3.27643 3.27514 3.25226 3.22759 3.16797 3.8064 3.88436 3.12651 3.12242 3.10896 3.33615 3.08349 3.07101 6.82608 4.43541 3.76813 3.06988 3.358 3.01849 3.96347 4.65666 4.993 5.55608 4.09091
threshold=-0.14464228600263593 -0.088321309536695466 0.081946276128292098 0.17176358401775363 -0.2010899409651756 -0.32173828780651087 0.083113092929124846 0.13985770940780642 0.27982954680919653 0.49289773404598242 0.11440603062510492 0.47301135957241064 0.50142046809196483 -0.41317287087440485 0.65447005629539501 0.38096006214618688 -0.29062251746654505 -0.12273042276501654 -0.3811922669410705 -0.52831456065177906 -0.25652073323726649 0.36789773404598242 -0.38347558677196497 0.37500000000000006 -0.24371481686830518 -0.050476364791393273 0.0012657745974138381 -0.071481898427009569 -0.060069352388381951 0.1437814608216286 -0.20379465818405149 -0.36324852705001826 0.40767045319080358 -0.057775052264332764 -0.43540009856224055 -0.49165171384811396 -0.059497760608792298 0.069061897695064559 0.047503734007477767 0.074154198169708266 -0.16744834184646604 -0.2414911016821861 0.084500808268785491 0.052858233451843269 0.20761488378047946 0.066810529679059996 0.43892045319080358 0.37642045319080358 -0.12871655821800229 -0.050719249993562691 0.29119317233562475 -0.059314347803592675 -0.088733751326799379 0.1574521139264107 -0.41401703655719752 0.28551135957241064 -0.46854946017265314 -0.37866973876953119 0.0092242704704403895 -0.013928839471191166 -0.019389361143112179 0.47585226595401769 -0.047568157315254204 -0.092329546809196458 -0.23241105675697324 -0.083368375897407518 -0.0069802755024284116 0.3504475355148316 0.1121458373963833 0.038608592003583915 -0.2963383942842483 -0.13209677487611768 0.41619317233562475 0.079801581799983992 0.044416593387722976 0.29639662802219396 0.19002588838338855 -0.17078959196805951 0.12367691099643709 0.17699311673641208 0.13331142812967303 0.41773335635662084 0.17470692098140719 -0.068135000765323625 0.012471226043999197 0.11754218861460687 0.242557168006897 -0.41317287087440485 0.52384480834007274 -0.31644639372825617 0.35937500000000006 0.17699311673641208 -0.053746668621897691 0.49119704961776739 -0.20579023659229276 0.39443531632423406 -0.028294114395976063 0.23103451728820804 -0.89468982815742482 0.12489546835422517 0.20161149650812152 -0.69828557968139637 0.21642130613327029 0.014739084523171188 0.3620197474956513 -0.44840271770954127 -0.15360214561223981 0.0069352795835584411 -0.038788501173257821 -0.68872055411338795 0.29886379837989813 0.43933179974555975 -0.13399154692888257 -0.78451398015022267 0.57462233304977428 0.63589778542518627 0.56529185175895702 0.36418080329895025 0.0012657745974138381 -0.16051135957241056 -0.22495071589946744 -0.32428805530071253 0.1084006428718567 0.39519055187702185 -0.12288018316030501 0.10672512650489809
decision_type=2 2 2 2 2 2 2 2 2 2 2 2 2 2 2 2 2 2 2 2 2 2 2 2 2 2 2 2 2 2 2 2 2 2 2 2 2 2 2 2 2 2 2 2 2 2 2 2 2 2 2 2 2 2 2 2 2 2 2 2 2 2 2 2 2 2 2 2 2 2 2 2 2 2 2 2 2 2 2 2 2 2 2 2 2 2 2 2 2 2 2 2 2 2 2 2 2 2 2 2 2 2 2 2 2 2 2 2 2 2 2 2 2 2 2 2 2 2 2 2 2 2 2 2 2 2
left_child=4 9 6 12 5 19 10 17 14 86 18 13 45 16 15 35 -6 -5 -3 20 109 23 -23 25 -25 -21 28 29 50 -28 31 -30 33 -19 96 -8 44 -32 -26 40 -12 42 43 -29 52 59 47 48 49 -47 -7 -41 80 -50 55 58 -57 -56 -15 -4 62 69 79 66 -65 -66 67 -64 -68 70 -62 -71 77 106 -10 113 -77 -72 85 -20 -37 -82 -53 -38 -85 -79 88 -88 89 118 93 92 -92 105 95 -61 97 99 -99 100 -22 -100 -84 -74 -70 -91 -67 108 -108 -1 -76 112 -107 -59 115 -9 -116 -118 119 -2 -27 122 -122 -124 -125 -123
right_child=1 2 3 7 11 26 8 114 74 -11 39 -13 -14 54 -16 -17 -18 32 60 21 34 22 -24 24 38 120 27 41 30 -31 37 -33 -34 -35 -36 36 83 -39 -40 51 -42 -43 -44 -45 -46 46 -48 -49 53 -51 -52 82 -54 -55 57 56 -58 75 -60 94 61 -63 63 64 65 73 68 -69 104 71 72 -73 103 -75 110 76 -78 78 -80 -81 81 -83 102 84 -86 -87 87 -89 -90 90 91 -93 -94 -95 -96 -97 -98 98 101 -101 -102 -103 -104 -105 -106 111 107 -109 -110 -111 -112 -113 -114 -115 116 -117 117 -119 -120 -121 121 125 123 124 -126 -127
leaf_value=0.00062690094253664292 -0.00062233997521550315 0.0046771277415158935 0.0064555287654953081 -0.011892143654197721 -0.013104940946886646 0.00080199706721791075 0.0067148415412149184 0.00042995568463404307 -0.0027465976227288294 0.011609332703173655 0.0052856937504565356 -0.011030958584944914 0.011539382285338764 -0.0039204064528159744 -0.010749149877162769 0.0092054336905173974 -0.0026970278498026946 0.0053985997143174095 0.0021939850373343377 -0.0068779042717244622 -0.0034505270881450586 -0.014638926605049127 -0.0016757170914670826 -0.013809863982310039 0.0038114961773781622 0.0032716297851924972 0.0019050356670679146 0.01550583615742682 0.0015980467793531626 -0.0081025142284111059 0.0056121884530867206 -0.0090682184543848625 -0.0091839354641443625 -0.002792402639697919 0.0049037897486649915 0.0070065482574127747 -0.0019610583220001226 -0.0049711825085133722 -0.0079777286557002128 -0.006554271619875136 -0.0037177001808120398 0.0015767146900727321 0.0017199001287671518 0.004562935350445105 -0.0061112897637877247 0.00062013089250072468 -0.0049246308729576325 0.010000449491735369 0.0025495026859596462 -0.0061597299776553422 0.0067439393202877451 -0.0033607947796287694 -0.0023607326578919639 -0.0054090545905028748 0.0061332531612847485 0.003782406020567551 -0.0082767079471923084 0.0046997469549697286 -0.013404277143883914 -0.0049645644785413596 -0.0057083566857214409 -0.0084023957517782039 0.013815166123480332 -0.012748676876881358 -0.0082913051319162597 0.0063126796584559927 0.00065273097371585612 -0.00086750656621005832 -0.011865490611813065 -0.0058252424869845295 -0.0011987232682103876 0.0011756717820847508 0.014310458418282624 -0.0067017156645863135 -0.014078118369603437 0.0046300569840419976 -0.0044195814738271491 0.0035819429288570875 -0.0010179422398398968 -0.0056851303743756434 0.0054013840524417701 -0.0049451953892888376 0.0074279713169069896 -0.013483265359569533 -0.0036203220656684152 0.0098950681021991605 0.015372263775158809 0.0033121333461666562 -0.0049744178799238032 -0.003498425966852878 0.00076316759639252329 0.0044825045426127481 -0.013399663243944203 -0.003305118740142915 0.0035740913401830273 0.0049768761059104548 -0.007171117402781378 -0.006713253722034125 0.0098221019277524978 -0.011884840986423912 0.0034982479203521264 0.0015039407379323171 -0.00071457815850942943 0.0040832682396230004 -0.0011105241020729405 0.0097080639912742323 0.0028080099036131871 -0.006983568944062336 -0.0041523597978089053 0.008596668333772952 -0.0062109051689218375 -0.0027289445265575238 0.0031236556256241869 -0.0027042312315974735 0.005857578775784974 -0.0072155350073357374 0.003845276312908394 -0.0047599031391642298 0.012905847644078303 0.0096721302767554685 0.0081426581210422445 -0.010668857086778952 -0.0082521432603394184 -0.0051666143788621334 0.0071301506288626608 8.0884858024808586e-05
leaf_weight=466 302 1114 1606 280 426 1995 250 15857 520 413 261 447 345 426 284 252 406 372 2588 577 1765 380 339 358 286 880 876 532 252 315 401 735 374 1715 443 618 708 297 256 256 4167 546 314 336 419 1019 437 418 6213 638 666 329 815 265 283 383 286 254 378 468 325 391 296 264 479 274 1033 624 255 589 909 2165 276 493 421 667 277 2285 735 275 274 320 609 424 496 464 255 2620 418 334 309 255 307 554 3333 251 493 310 410 266 455 500 330 303 256 377 960 411 563 426 533 355 4184 6595 1074 534 445 453 261 251 285 343 324 282 376 276
leaf_count=466 302 1114 1606 280 426 1995 250 15857 520 413 261 447 345 426 284 252 406 372 2588 577 1765 380 339 358 286 880 876 532 252 315 401 735 374 1715 443 618 708 297 256 256 4167 546 314 336 419 1019 437 418 6213 638 666 329 815 265 283 383 286 254 378 468 325 391 296 264 479 274 1033 624 255 589 909 2165 276 493 421 667 277 2285 735 275 274 320 609 424 496 464 255 2620 418 334 309 255 307 554 3333 251 493 310 410 266 455 500 330 303 256 377 960 411 563 426 533 355 4184 6595 1074 534 445 453 261 251 285 343 324 282 376 276
internal_value=5.58101e-05 0.000586351 0.000218389 0.00104198 -0.00138868 -0.000406466 -0.000751657 -3.65697e-05 -0.00301119 0.00277565 -0.000160661 -0.00299656 0.00256226 -0.00264558 -0.00170549 -0.00113214 -0.00807028 -0.0035034 0.000475585 -0.00174607 -0.000412582 -0.00322634 -0.00857749 -0.00230885 -0.0065705 -0.00114842 0.00152434 0.00356098 0.000148438 -0.000719675 -0.00323574 -0.00630417 -0.00252852 -0.00131224 -0.00135978 -0.00174681 -0.00227816 0.00105219 -0.00171105 -0.00212473 -0.00317617 0.00653106 0.00879233 0.0113144 -0.000108592 0.00234713 0.00145623 0.0017874 0.00135897 -0.00197172 0.00230433 0.000905874 0.00112206 0.00221659 -0.00216793 -0.00523265 -0.00133723 -0.00160376 -0.00843048 0.00375605 0.000201234 0.00119051 -0.0007472 -0.00180373 -0.0033512 -0.00255384 0.000345578 0.00383398 -0.0017123 0.00166297 0.00269625 -0.000312127 0.00325536 -0.00151876 -0.00728831 -0.00189079 0.00192916 0.00248397 0.00345502 0.0014205 0.00349349 -0.000108025 0.00245011 -0.00551457 -0.00821141 0.00466455 0.00243236 0.00440209 0.00171119 0.00209028 0.00149529 -0.00305648 -0.00624847 0.00218516 0.00267626 -0.00143549 -0.0020313 -0.00133546 0.00220413 -0.00308659 -0.00200886 0.00529364 0.00452889 0.00902587 -0.006548 0.00277256 -0.000341147 -0.00130671 0.000209729 0.00447166 -0.00972915 0.00320745 0.00367871 -0.00242293 0.000479394 0.000177916 0.00296587 -0.000455294 0.00691437 0.00400787 3.92262e-05 -0.00145273 0.000659774 -0.00148853 0.00180218 -0.00582223
internal_weight=106494 77905 66710 36097 28589 17761 30613 21104 6334 11195 24279 10828 14993 10381 4860 4576 832 2741 18327 10496 5534 4962 719 4243 900 3343 7265 2919 4346 1191 1685 987 2461 2087 4642 4324 4074 698 542 5952 4428 1728 1182 868 2446 14648 8990 8553 8135 1657 2661 1524 2027 6478 9549 1473 669 8076 804 5658 17213 8442 8771 5908 3444 3180 2464 920 1544 8051 5297 2754 4972 2701 1474 7793 944 4393 3484 2863 1212 594 1268 1628 920 2749 10782 2875 7907 7489 6675 871 616 5804 4052 719 4199 3706 1220 2486 2220 910 939 579 511 5250 2208 1934 1523 892 954 4916 4561 6849 18363 16391 1972 898 814 553 2766 1886 1267 982 658 619
internal_count=106494 77905 66710 36097 28589 17761 30613 21104 6334 11195 24279 10828 14993 10381 4860 4576 832 2741 18327 10496 5534 4962 719 4243 900 3343 7265 2919 4346 1191 1685 987 2461 2087 4642 4324 4074 698 542 5952 4428 1728 1182 868 2446 14648 8990 8553 8135 1657 2661 1524 2027 6478 9549 1473 669 8076 804 5658 17213 8442 8771 5908 3444 3180 2464 920 1544 8051 5297 2754 4972 2701 1474 7793 944 4393 3484 2863 1212 594 1268 1628 920 2749 10782 2875 7907 7489 6675 871 616 5804 4052 719 4199 3706 1220 2486 2220 910 939 579 511 5250 2208 1934 1523 892 954 4916 4561 6849 18363 16391 1972 898 814 553 2766 1886 1267 982 658 619
is_linear=0
shrinkage=0.0667171


Tree=34
num_leaves=127
num_cat=0
split_feature=18 21 21 0 18 0 18 21 0 21 18 21 18 0 21 0 3 19 0 16 12 17 5 9 0 18 3 5 19 15 9 17 20 21 0 16 3 11 8 9 3 15 18 19 0 20 14 18 19 19 21 17 4 1 21 0 19 0 9 15 11 20 3 19 15 0 0 17 9 18 0 9 11 3 19 18 18 1 14 11 8 11 1 11 17 4 4 21 4 15 15 7 20 21 14 19 8 11 9 4 9 11 0 19 8 4 20 8 21 0 16 4 14 18 3 7 19 12 16 17 9 5 3 20 8 0
split_gain=18.4041 17.2574 13.805 11.4395 10.3638 9.18198 7.68401 9.46025 10.2699 7.57258 9.15775 6.98052 6.77163 6.58909 8.38706 7.07797 6.24413 5.49404 5.06415 4.81151 4.76506 4.75678 4.55884 8.40829 5.32617 4.55189 5.46054 5.41308 6.30256 8.01342 5.94186 4.91285 4.27678 4.17739 8.6493 5.25118 5.39114 4.48168 4.14601 4.07502 5.8281 5.02106 5.73784 8.65435 4.69802 5.63953 4.3217 5.75431 5.02956 4.3853 4.06961 8.12206 5.36325 5.10567 4.05127 6.96434 4.61305 6.3397 4.60715 4.03595 5.39847 4.02843 4.64372 4.4812 8.94742 4.03048 5.48539 4.24436 4.34923 3.93985 4.35735 3.91991 6.32731 4.52766 4.14431 7.52744 3.82656 4.59872 3.88666 7.37995 5.73438 4.05574 5.09317 3.81501 4.61362 3.79751 6.17206 5.97096 3.7563 3.75351 5.57537 3.78372 4.62566 5.0454 4.09424 3.94276 7.26654 3.80777 3.69181 3.69111 3.6888 3.67143 3.61444 3.58312 4.56544 3.54865 3.49268 3.49033 3.43899 3.42902 3.28164 4.46539 6.07012 7.91578 7.58413 6.83518 6.67225 4.99235 4.87305 4.83424 4.64825 4.41563 5.46867 4.39845 4.51541 4.3053
threshold=1.0000000180025095e-35 0.020210355520248417 -0.0042337127961218348 0.43607954680919653 -0.1117778606712818 0.41335226595401769 0.055483173578977592 0.17176358401775363 0.49857954680919653 -0.18479389697313306 -0.29062251746654505 0.11212657019495965 0.13006787747144702 0.34801135957241064 -0.11179413273930548 0.28551135957241064 -0.48918287456035608 0.15299953520298007 -0.33096592128276819 0.24972602725028994 -0.0188507717102766 -0.055731339380145066 0.37500000000000006 -0.059141250327229493 -0.041193181648850434 0.15868259221315387 0.2599740624427796 -1.0000000180025095e-35 -0.12409475445747374 -0.0015898617566563187 0.062303895130753524 -0.3045088499784469 -0.016000446863472458 -0.36535407602787012 0.37073864042758947 0.22598450630903247 0.49119704961776739 0.29839794337749487 -0.007959118112921713 -0.26821170747280115 0.26693189144134527 0.055307218804955489 -0.22151045501232144 -0.14999118447303769 -0.29687499999999994 -0.49393545091152186 -0.011947102844715117 -0.037025602534413331 -0.010307393968105314 -0.079807955771684633 -0.25323729217052454 0.25539334863424307 -0.13304628431797025 -0.078124999999999986 -0.10086600482463835 0.45596592128276831 -0.22195809334516522 -0.12357954680919646 0.23193927109241488 1.0000000180025095e-35 -0.037005878984928124 0.1306615546345711 -0.11710854247212409 -0.061374567449092858 -0.15748848021030423 -0.30823864042758936 -0.061079544946551316 -0.14871278405189511 0.0055905324406921872 -0.16318259388208387 0.45312500000000006 0.041644891723990447 -0.011543789878487585 0.060979206115007407 -0.0076580906752496949 0.066034600138664259 -0.57647010684013356 0.42471592128276831 1.1010354757308962 -0.57009485363960255 0.29225407540798193 -0.38682116568088526 -0.083806820213794694 0.086447924375534071 -0.37491010129451746 -0.15653052181005475 -0.36894176900386805 0.020210355520248417 -0.06100905314087867 -0.17126727849245069 -0.2496083006262779 0.007165539776906372 -0.055901374667882912 0.10397202894091608 -0.05503988824784755 -0.058900021016597741 -0.049618305638432496 -0.067989047616720186 -0.14718988537788388 -0.39075338840484614 0.055920891463756568 0.018271072767674926 -1.0000000180025095e-35 0.4767290353775025 -0.095921404659748064 0.077078893780708327 0.035874240100383765 0.15396259725093844 0.044654425233602531 -0.34232954680919642 0.12821015715599063 -0.50133109092712391 0.32982325553894049 -0.35214525461196894 0.27382043004035955 -0.2109166085720062 -0.1799083277583122 -0.14939965307712552 -0.24934520572423932 -0.0046742411796003571 -0.019015557132661339 1.0000000180025095e-35 0.10916468873620035 -0.089895855635404573 -0.0033863876014947887 -0.29119317233562464
decision_type=2 2 2 2 2 2 2 2 2 2 2 2 2 2 2 2 2 2 2 2 2 2 2 2 2 2 2 2 2 2 2 2 2 2 2 2 2 2 2 2 2 2 2 2 2 2 2 2 2 2 2 2 2 2 2 2 2 2 2 2 2 2 2 2 2 2 2 2 2 2 2 2 2 2 2 2 2 2 2 2 2 2 2 2 2 2 2 2 2 2 2 2 2 2 2 2 2 2 2 2 2 2 2 2 2 2 2 2 2 2 2 2 2 2 2 2 2 2 2 2 2 2 2 2 2 2
left_child=2 5 4 39 9 59 -3 8 25 10 33 -10 22 15 21 16 32 -16 20 110 38 -15 23 -9 -24 89 27 -27 -29 -30 -31 -28 -11 76 35 36 -35 -37 -12 40 -4 42 -41 -44 -43 -46 47 49 -49 -47 69 -52 53 -53 55 58 57 -56 -6 71 102 63 -63 -58 -65 -66 -67 -68 -69 70 -20 72 74 -74 75 -2 78 109 79 88 -80 -81 -83 84 -14 86 87 -45 -1 90 -8 92 -91 94 -94 96 -95 -96 -71 -25 -23 -88 -61 104 -62 -60 -98 -101 -87 -78 111 120 113 -113 121 117 -117 -116 -114 -118 -18 122 123 -115 -125 -121
right_child=1 6 3 -5 54 -7 7 12 11 13 18 -13 83 14 17 -17 19 -19 50 -21 -22 100 24 99 -26 26 31 28 29 30 -32 -33 -34 34 -36 37 -38 -39 -40 41 -42 44 43 85 45 46 -48 48 -50 -51 51 52 -54 -55 56 -57 61 -59 105 60 103 62 -64 64 65 66 67 68 -70 98 -72 -73 73 -75 -76 -77 77 -79 80 81 -82 82 -84 -85 -86 108 101 -89 -90 91 -92 -93 93 95 97 -97 106 -99 -100 107 -102 -103 -104 -105 -106 -107 -108 -109 -110 -111 -112 112 118 114 115 116 119 -119 -120 125 -122 -123 -124 124 -126 -127
leaf_value=-0.015949465026245214 0.002334209677284118 -0.0018390417752621622 -0.013245532836219124 -0.014267985147915227 0.0031057432308984759 0.012686307288780752 0.0048217489293950226 -0.01511026029853489 0.018972871861024587 -0.015059209539800316 -0.0054670145484223137 0.0036980566206518063 -0.0032215170052416141 0.0028273131328948337 -0.017566808490752827 0.0055666125348230126 -0.013646368121952551 -0.0046512089396481783 0.0013567423038755853 -0.0096056655571106278 -0.0085623565193522176 -0.0093975586757074191 0.0082930160258270786 0.0034126332587027298 -0.0048579544610228859 0.012126787258352973 -0.0070609426906791612 -0.0035462053565496264 0.015654027798200892 -0.0019456114027306696 0.0089941259123180375 0.0024165894313075294 -0.0029223856884622564 -0.0045768936853112681 -0.012966993321805448 0.0076896183247817046 0.0054397224239447588 -0.0035987376864192355 0.005498820782138209 0.0053280034280315672 -0.0019038691562051878 0.00098291573138948804 -0.010140995576679485 -0.0091386563210728907 0.0022229960716160283 -0.0084334144574800124 -0.0030884810952363866 -0.012022843999968343 -1.3589330167986033e-05 -0.020064598770208358 0.0033632957465122861 -0.014840974147176928 0.0011466733127334871 -0.0031591126097024829 -0.012841007044114935 0.013568626612600578 2.3337129235373363e-05 0.00020853747578665214 -0.0067326292058021396 0.0060128943094943463 0.011908814738141135 0.00034508553549183644 -0.011140809762189124 0.011458858213295188 -0.0061954278362243518 0.0090014674747395645 -0.0056502749337983904 -0.0010710746606549392 0.0080258226526362456 0.0033130610651322554 0.0093139888261942836 0.005043231689781694 0.0036315633464177278 -0.0056536236539150948 0.00054112111213517548 0.013234028425685327 0.008875183032202175 -0.0072493584150927657 -0.0012247964723578184 0.0017523309186230993 0.0087967385012927505 -0.012603297360481616 -0.0018677201169369597 -0.0002784671605205114 0.0030797650725245943 -0.0003050741019339106 0.0025702070311210755 0.001897270305530732 -0.0052483881094460465 -0.00088680454551826916 -0.0048967501429299379 0.00011453470863785006 0.011217249604518979 0.0083199991868299471 0.0096049300064487853 0.0049951446619374128 -0.00020243606477133319 -0.00085342465792992211 0.012111295076832493 -0.0073335276425155714 5.6070748363002823e-05 0.012772262380499059 0.015435536349150106 -0.00041996850045656497 0.003328194188124961 0.0026730441143157859 -0.01011813734979173 0.0016435085562899127 -0.0054090830475177045 0.0009124206203703451 0.0034237629384562623 -0.011266453358400007 0.00030312526165684046 -0.0057866194727798541 0.0093771827743351042 -0.013764531957335046 -0.0074176215753452707 -0.0030268099844143917 0.010448819719055463 -0.0051472998718418012 -0.0016659486036080505 -0.0033874268636231771 0.0072025432044144745 -0.0031061983656985471 0.0076268177029536711 0.0030497516251359281
leaf_weight=268 1155 6338 379 396 3713 446 349 325 256 270 264 287 608 424 370 556 275 255 2210 328 393 489 263 292 277 486 284 367 306 471 405 1566 260 2296 368 389 261 253 355 566 443 555 488 318 327 308 757 262 368 298 1903 253 633 506 269 250 4720 409 414 514 336 376 258 503 258 449 361 533 405 442 356 1383 310 883 2300 375 256 287 1558 882 300 251 920 15658 3223 1431 409 669 347 1062 1007 4805 637 250 261 910 335 360 431 742 280 263 296 805 1626 303 307 250 1011 3707 580 388 660 389 270 352 908 298 311 543 313 664 774 297 404 590
leaf_count=268 1155 6338 379 396 3713 446 349 325 256 270 264 287 608 424 370 556 275 255 2210 328 393 489 263 292 277 486 284 367 306 471 405 1566 260 2296 368 389 261 253 355 566 443 555 488 318 327 308 757 262 368 298 1903 253 633 506 269 250 4720 409 414 514 336 376 258 503 258 449 361 533 405 442 356 1383 310 883 2300 375 256 287 1558 882 300 251 920 15658 3223 1431 409 669 347 1062 1007 4805 637 250 261 910 335 360 431 742 280 263 296 805 1626 303 307 250 1011 3707 580 388 660 389 270 352 908 298 311 543 313 664 774 297 404 590
internal_value=1.6672e-05 0.000897926 -0.000852662 -0.00319845 -0.00036495 0.00333085 0.000302651 0.000677086 0.00198251 -0.00102639 -0.000248504 0.0109713 -0.000208951 -0.00241255 -0.00609423 -0.00169838 -0.0021587 -0.0123553 0.00154727 -0.00170713 -0.00283187 -0.00277775 -0.00376126 -0.00554541 0.00148074 0.00163424 0.0035818 0.00596808 0.00400526 0.00638206 0.00308422 0.000937929 -0.00917403 -0.0013782 -0.00330461 -0.00217618 -0.00353573 0.0031789 0.000758437 -0.0026967 -0.00718079 -0.00223197 -0.000977543 -0.00176464 -0.00446777 -0.00578866 -0.00712447 -0.00956641 -0.00501446 -0.0142284 0.00221154 0.000524465 -0.00333259 -0.00711409 0.00120021 0.00277843 0.000331365 -0.00492959 0.00215654 0.00290743 0.00470821 0.000790419 -0.0042841 0.00124142 0.00351827 0.00150313 0.00266453 0.000440003 0.00282521 0.00381775 0.00248026 0.00189582 0.00102095 -0.00320449 0.00234695 0.00503757 -0.000591072 0.00084076 -0.00194267 -0.00357456 0.000382396 -0.0016337 -0.00421076 0.000181363 0.00206871 -0.000755498 0.00169387 -0.00163202 -0.00997915 0.000894713 -0.002363 0.00139377 0.00287648 0.00419458 0.00744214 0.0019057 -0.00121372 0.0035076 0.00770105 -0.00308254 -0.00591001 0.00662383 0.00951201 0.00328586 0.00482305 -0.00270488 -0.00500046 -0.00503193 -0.00243308 0.00143932 -0.00137739 -0.0017574 -0.00127186 -0.00208272 -0.00142377 -0.00371654 -0.00528277 0.00280793 0.00359446 -0.0037938 -0.00733351 0.00124911 0.00292277 -8.9857e-05 0.00302773 -0.000853562
internal_weight=106922 53116 53806 9248 44558 10429 42687 36349 14711 31337 20089 543 21638 11248 1818 9430 8874 625 7746 8344 1012 1193 2149 1609 540 14168 3885 2035 1549 1182 876 1850 530 12343 3567 3199 2557 642 619 8852 822 8030 5155 4589 2875 2320 1993 1236 630 606 6734 3295 1392 759 13221 4680 8541 678 4430 9983 3577 7863 634 7229 2509 2006 1748 1299 938 3439 2566 6406 5023 1193 3830 1530 8776 4250 4526 2668 1858 2053 1171 19489 3831 4101 1659 987 615 10283 1356 8927 4122 3060 1258 1802 892 621 873 1284 769 672 810 2767 1962 717 642 992 2442 3963 8016 7436 6848 5877 5489 2961 2393 568 971 2041 588 2528 1864 1090 701 1133
internal_count=106922 53116 53806 9248 44558 10429 42687 36349 14711 31337 20089 543 21638 11248 1818 9430 8874 625 7746 8344 1012 1193 2149 1609 540 14168 3885 2035 1549 1182 876 1850 530 12343 3567 3199 2557 642 619 8852 822 8030 5155 4589 2875 2320 1993 1236 630 606 6734 3295 1392 759 13221 4680 8541 678 4430 9983 3577 7863 634 7229 2509 2006 1748 1299 938 3439 2566 6406 5023 1193 3830 1530 8776 4250 4526 2668 1858 2053 1171 19489 3831 4101 1659 987 615 10283 1356 8927 4122 3060 1258 1802 892 621 873 1284 769 672 810 2767 1962 717 642 992 2442 3963 8016 7436 6848 5877 5489 2961 2393 568 971 2041 588 2528 1864 1090 701 1133
is_linear=0
shrinkage=0.0667171


Tree=35
num_leaves=127
num_cat=0
split_feature=6 12 3 10 21 19 10 4 17 10 4 13 12 16 3 21 20 12 17 20 10 8 21 6 10 11 16 0 19 11 16 3 0 8 10 20 21 16 20 12 20 12 14 20 4 15 6 17 19 20 12 17 3 15 8 4 3 20 19 4 21 5 5 0 4 13 17 0 12 11 17 0 15 20 16 4 14 11 0 0 10 17 1 0 12 1 12 0 13 3 19 8 20 12 17 17 17 10 8 3 19 12 20 14 11 17 21 17 11 13 0 12 4 12 11 15 17 5 8 16 17 17 0 10 20 21
split_gain=4.46316 4.26588 3.65057 3.90813 3.61121 3.548 4.32034 3.35251 7.29001 4.04256 6.24243 5.19403 4.07907 3.26522 3.6517 3.81291 3.24433 3.21395 2.89446 2.88276 3.1879 2.69821 2.67879 2.48661 2.73445 4.05359 3.33584 4.43435 2.55343 2.53654 2.98916 2.87278 3.39774 3.86467 3.447 3.36253 2.76149 2.50827 2.56972 3.01847 2.43891 2.38783 3.30849 2.34856 2.33736 3.92202 2.79702 3.5137 3.49144 2.51608 2.37039 2.57444 2.33344 3.54762 2.20535 3.09826 3.35659 3.27475 2.75054 2.13728 2.13294 2.10634 3.33792 2.08714 2.74444 2.16356 2.07727 3.45432 3.10503 2.07078 2.99414 2.26958 3.75026 3.45075 3.37691 2.06912 5.75744 4.92915 2.1402 8.46852 4.86984 3.46032 5.74038 3.44689 4.63654 3.38033 3.23338 4.81144 3.05636 3.67972 4.89103 3.80962 3.43184 2.893 3.85126 5.30515 4.68724 3.47518 4.0732 2.81932 2.55807 2.53745 2.50158 2.60002 3.15474 2.46729 2.37483 2.3218 2.28844 2.69718 2.28652 2.18472 2.61867 5.88127 3.37938 4.15298 3.10467 2.06456 1.99984 3.08711 2.94766 2.92802 5.58242 3.79738 3.3977 4.16796
threshold=-0.026113698258996006 0.91549459099769603 -0.50170147418975819 0.13606378436088565 -0.12156524136662482 -0.12926788628101346 -0.164838932454586 0.49461714923381811 0.34276571869850164 0.22915028780698779 0.47953346371650701 -0.19497662782669065 -0.25543168187141413 -0.017982181161642071 -0.45878548920154566 -0.37773908674716944 -0.016956363804638382 0.056946827098727233 -0.020818351767957207 -0.010234280023723839 -0.065374013036489473 0.39860899746418005 -0.051818165928125375 -0.19090177118778226 -0.164838932454586 -0.1913306191563606 -0.036142682656645768 0.45028407871723181 -0.11352385953068732 0.22658039629459384 -0.017982181161642071 0.49484245479106909 0.29687500000000006 -0.057775052264332764 0.14309544861316684 0.02539441175758839 0.049217317253351218 0.099532864987850203 0.17777300626039508 -0.15654087811708448 0.020204637199640278 -0.21256718039512632 -0.121908001601696 0.071482531726360335 0.17150787264108661 -0.080637481063604341 -0.13794695585966107 -0.084567815065383897 0.27593496441841131 -0.086363814771175371 -0.12566609680652616 0.01427441416308284 0.5026838779449464 -0.041466973721981042 -0.081906028091907487 -0.49976514279842371 -0.29405258595943445 0.2848306298255921 -0.07025104388594626 -0.20237678289413449 0.077898357063531889 -1.0000000180025095e-35 -0.37499999999999994 0.28551135957241064 -0.29481184482574457 -0.50051376223564137 -0.25230116397142405 0.06960227340459825 0.096941109746694579 -0.68562191724777211 -0.3402488231658935 -0.35369317233562464 -0.21043778210878369 0.47832845151424414 -0.25536964833736414 -0.50800451636314381 0.11138741672039033 0.14708225429058078 -0.34801135957241053 -0.31392045319080347 0.45380924642086035 0.48673234879970556 0.40198864042758947 -0.15482954680919644 -0.22057747095823285 -0.12357954680919646 0.25423669815063482 -0.17187499999999997 0.3782698661088944 -0.17939373850822446 0.10917907580733301 0.16039723157882693 0.049524733796715743 -0.09021726623177527 -0.035236589610576623 0.1786279305815697 0.025564504787325863 0.17376793920993808 0.16362900286912921 0.4891828745603562 -0.21631202101707456 -0.25291594862937922 0.0010564463154878469 -0.063955634832382188 -0.14501772075891492 0.47191859781742101 0.022524395026266578 0.34276571869850164 0.013923345133662226 -0.21089017391204831 -0.24005681276321408 1.0330188274383547 -0.48522816598415369 0.13576329499483111 0.14708225429058078 -0.14953149110078809 0.1121458373963833 1.0000000180025095e-35 0.0012657745974138381 0.26451236009597784 -0.31418092548847193 0.052243635058403022 0.38494317233562475 -0.14913389831781385 -0.055901374667882912 0.077898357063531889
decision_type=2 2 2 2 2 2 2 2 2 2 2 2 2 2 2 2 2 2 2 2 2 2 2 2 2 2 2 2 2 2 2 2 2 2 2 2 2 2 2 2 2 2 2 2 2 2 2 2 2 2 2 2 2 2 2 2 2 2 2 2 2 2 2 2 2 2 2 2 2 2 2 2 2 2 2 2 2 2 2 2 2 2 2 2 2 2 2 2 2 2 2 2 2 2 2 2 2 2 2 2 2 2 2 2 2 2 2 2 2 2 2 2 2 2 2 2 2 2 2 2 2 2 2 2 2 2
left_child=1 2 3 4 -1 -6 -7 9 18 10 21 22 -11 69 -15 -16 52 -8 -9 20 -18 23 -12 54 25 -25 28 37 40 30 31 32 34 -34 35 -26 43 38 39 41 -27 42 -28 -37 45 -32 47 -47 60 -46 51 -51 118 -54 55 -4 -57 -58 -56 -38 -48 62 -39 64 -3 -65 67 68 -17 70 -14 72 74 -73 -71 76 77 -21 80 -80 81 102 -83 86 85 -85 87 93 100 91 -91 92 -90 94 -81 96 -96 98 99 -95 108 -87 -77 106 -105 -97 -104 -108 109 -86 -99 112 113 114 115 -102 -117 -106 121 120 -120 122 123 -2 125 -125
right_child=16 63 7 -5 5 6 17 8 -10 12 11 -13 13 14 15 66 19 -19 -20 75 -22 -23 -24 24 29 26 27 -29 -30 -31 44 -33 33 -35 -36 36 59 61 -40 -41 -42 -43 -44 -45 49 46 48 -49 -50 50 -52 -53 53 -55 58 56 57 -59 -60 -61 -62 -63 -64 65 -66 -67 -68 -69 -70 71 -72 73 -74 -75 -76 78 -78 -79 79 83 -82 82 -84 84 88 101 -88 -89 89 90 -92 -93 -94 97 95 105 -98 110 -100 -101 111 -103 103 104 117 -107 107 -109 -110 -111 -112 -113 -114 -115 -116 116 -118 -119 119 -121 -122 -123 -124 124 -126 -127
leaf_value=-0.0036979854497760979 -0.0074637489180052682 -0.0038508702382785377 -0.0030737622169714649 0.0093113697883717324 0.010352354109579338 -0.0055006978147184157 -0.00039974163165165525 -0.0022256824160212605 -0.0097337909566763414 -0.0085161656355504812 0.015194825832577743 0.0018715377906786655 -0.0028718304365821963 0.0091005905823953633 0.0072431778415193169 -0.0044356062743381493 -0.0097408386910559242 0.0097926521927286219 0.0050002526068809831 0.010238144899215705 -0.00033239329834232198 0.0052555771476480309 0.0054475276172678581 0.0088906377045551623 -0.0029696125802079884 0.0048829346732390914 2.1606612506622149e-05 -0.0048190765986367819 -0.0054101435593094044 -0.0023611583616269596 -0.0068487698969562439 0.0038203419700267652 0.0053907846069159689 -0.0015535047939088168 -0.0066623086503160142 0.0063416731014300535 0.00046024687018853141 -0.00093159436455463257 -0.0017425560615305304 0.008221925736940949 -0.00347469566033899 -0.001195840369441165 0.010496507942325607 0.00020616556526308771 0.0081356296255540098 0.0038286890133641745 0.0030000715301796619 -0.0057951223103798813 0.009256229479264088 0.0085531119167100537 -0.001996317524402152 0.00054807255574551312 0.0017974113627600458 -0.0063456567130875273 -0.0016801267424207524 0.0003432299402508685 0.0047481444016000997 -0.0024912314469007647 0.0017664202900299286 -0.0063372196796888233 -0.0012341502670965301 -0.00077996107539193447 0.0071715806328108353 -0.010612751911568749 0.0043881885507542065 -0.0026993255315849668 0.0015985052588341144 -0.0079143250017164411 0.0032899597548647509 0.00016143851592010083 0.0060566498972313395 -0.0019802752122015633 0.0035271628732863195 -0.0099131150377474008 -0.0076938603987113437 -0.0055708685146542494 -0.0053222653262250483 -0.0013189955478182353 -0.007162822443049258 -0.006205733918257756 0.0046375570797865043 0.0038711086971846185 -0.0077905218140880495 -0.00091680063248987802 0.0034959180276890899 -0.0042117662052298648 -0.0045431773666098057 0.0078782027106110587 -0.0038709667581484732 -0.011125644030398013 -2.6059533041690596e-05 -0.0064656973589771564 0.0050620542105932484 0.0029726540053792868 -0.00012761649574815739 -0.0077029871428118532 0.010938014277147308 0.0016811467565554534 -0.0010201448900945685 0.010951211488745049 -0.0053698605836123041 -0.013653275014004335 0.00821002674324821 0.0044925415576268016 -0.0012152542246435497 0.0002914533899710619 0.00038888024650501576 0.0064650249825131548 0.0074373534580573983 -0.0048722355242691081 -0.0060207799291731737 -0.006438019748517437 -0.0010835877335104314 0.0074563887912611586 -0.0059983867590299817 0.0093274336143366349 -0.00028745501484535774 -0.008338522691126421 0.0059147590693567264 -0.000793116144965628 0.0011358039811212182 0.00091406897169002703 0.0033295634306347173 -0.0015786083196382293 0.0030660449851461907 -0.0094249184607685717
leaf_weight=373 529 454 402 408 277 255 250 661 443 274 278 721 280 250 353 401 332 285 388 416 320 595 254 310 2414 318 254 394 548 2082 297 561 675 739 608 491 518 408 266 795 295 408 279 659 398 251 1310 485 276 333 420 401 393 576 1636 1538 3151 296 2754 329 871 1272 484 255 292 421 1485 330 539 748 394 3572 867 262 352 287 297 260 969 507 986 262 619 377 478 253 446 453 310 484 272 395 481 383 372 328 301 443 376 437 264 281 251 251 478 339 1819 331 298 262 272 308 13958 536 391 301 279 302 610 3813 10286 4740 992 4081 623 325
leaf_count=373 529 454 402 408 277 255 250 661 443 274 278 721 280 250 353 401 332 285 388 416 320 595 254 310 2414 318 254 394 548 2082 297 561 675 739 608 491 518 408 266 795 295 408 279 659 398 251 1310 485 276 333 420 401 393 576 1636 1538 3151 296 2754 329 871 1272 484 255 292 421 1485 330 539 748 394 3572 867 262 352 287 297 260 969 507 986 262 619 377 478 253 446 453 310 484 272 395 481 383 372 328 301 443 376 437 264 281 251 251 478 339 1819 331 298 262 272 308 13958 536 391 301 279 302 610 3813 10286 4740 992 4081 623 325
internal_value=4.08306e-05 0.000530139 0.00064393 0.00354858 0.00188546 0.00387231 0.00154313 0.000519247 -0.00258075 0.000630619 0.00100065 0.00561457 -0.000529262 -0.000301635 0.00138124 0.00074459 -0.000340696 0.00496988 0.000416888 -0.000786963 -0.00517612 0.000809794 0.0106156 0.000719929 0.000294242 0.00148372 0.00107375 0.00189022 -0.00210131 -0.000211682 0.000157668 -0.000731712 -0.00113528 0.00173788 -0.00195209 -0.00129293 0.000717885 0.0025356 0.00424106 0.00518157 0.000802596 0.00257094 0.00550969 0.00285745 0.00139787 0.000429167 0.00112064 -0.00245806 0.00220819 0.00355276 0.00193585 0.00423087 0.000200255 -0.00300569 0.0015936 0.00249939 0.00295735 0.00411409 0.000474367 -0.00214445 0.0012941 0.000941198 0.00342806 -0.00305981 -0.000580469 -0.00574581 -8.10374e-05 -0.00207122 -2.20108e-06 -0.00117972 0.00229232 -0.00158994 0.000235944 -0.00253552 -0.00232785 -0.000696501 0.00231957 0.00574045 -0.000791989 -0.00105092 0.000386369 -0.000519048 -0.00427458 -0.000808108 -0.00119064 -0.00583935 0.000821319 0.00140006 -0.00096563 -0.00347568 -0.00711425 -0.00112445 0.00151279 0.000606682 -0.00126318 0.000586759 0.00477823 0.00243064 0.00463375 0.00727099 -0.000677834 -0.00925407 0.00036325 0.000872807 -0.00190839 -0.00359072 0.00208217 0.00134517 0.00251873 0.000484631 -0.001205 -0.000887152 -0.000775524 0.00163161 -0.000874895 0.00146464 0.00464788 -0.00402366 0.000321298 0.000834542 0.00140736 -0.000344414 -0.00126038 -0.00208698 -0.00151234 -0.0021687
internal_weight=106376 46643 45221 1848 1440 1067 790 43373 1492 41881 31774 1253 10107 9833 3358 3108 59733 535 1049 32765 652 30521 532 29926 20149 6031 5721 4560 1161 14118 12036 6994 6433 1414 5019 4411 1997 4166 2002 1736 613 941 533 1150 5042 3490 3193 736 2457 1552 1154 734 26968 969 9777 5387 4985 3447 4390 847 2181 2164 892 1422 746 676 2755 1270 940 6475 674 5801 1967 3834 1100 32113 973 676 31140 25554 5586 4600 881 24585 19928 911 4657 4211 19017 1942 756 1186 791 3758 1847 1340 673 1911 1196 820 17075 534 3719 3432 1031 667 2401 2150 1038 740 715 16037 15729 1771 1235 844 580 780 25999 14709 10896 11290 6550 5558 5029 4406
internal_count=106376 46643 45221 1848 1440 1067 790 43373 1492 41881 31774 1253 10107 9833 3358 3108 59733 535 1049 32765 652 30521 532 29926 20149 6031 5721 4560 1161 14118 12036 6994 6433 1414 5019 4411 1997 4166 2002 1736 613 941 533 1150 5042 3490 3193 736 2457 1552 1154 734 26968 969 9777 5387 4985 3447 4390 847 2181 2164 892 1422 746 676 2755 1270 940 6475 674 5801 1967 3834 1100 32113 973 676 31140 25554 5586 4600 881 24585 19928 911 4657 4211 19017 1942 756 1186 791 3758 1847 1340 673 1911 1196 820 17075 534 3719 3432 1031 667 2401 2150 1038 740 715 16037 15729 1771 1235 844 580 780 25999 14709 10896 11290 6550 5558 5029 4406
is_linear=0
shrinkage=0.0667171


Tree=36
num_leaves=127
num_cat=0
split_feature=3 12 19 12 3 0 0 15 0 19 21 8 10 11 0 19 19 8 10 14 11 13 9 7 3 19 13 19 12 0 19 5 15 3 20 9 4 20 8 16 4 15 16 5 3 20 0 0 0 8 10 10 11 12 9 4 10 20 8 14 11 15 21 10 21 19 11 10 10 10 13 11 10 15 9 3 14 11 10 21 4 20 4 19 20 11 21 11 15 9 14 21 7 20 20 19 5 11 0 4 7 13 19 11 16 21 21 9 8 4 5 10 13 15 4 4 10 20 5 4 3 10 12 11 10 4
split_gain=3.33666 4.89577 7.82617 11.4414 4.85445 4.76636 4.7043 10.8943 4.92094 7.51613 5.44292 4.88906 4.51503 5.1716 5.83619 4.82618 4.40934 4.24209 4.02682 5.88138 6.24941 6.0305 4.82092 7.61741 4.43198 4.06215 3.8083 3.63047 4.80553 3.59069 3.57007 6.2442 6.94816 6.87582 8.99227 6.03663 5.74588 5.66862 5.47937 5.296 5.53046 4.94163 5.47613 5.81827 5.18655 4.81769 4.73044 5.71025 4.72619 4.69526 7.60481 4.57926 5.54169 6.78706 4.51219 4.50653 4.45823 4.71704 6.22068 5.71732 4.19621 5.43061 4.56998 4.63904 4.11657 4.04444 3.94022 4.0952 3.89767 3.85583 6.95858 4.67031 3.79407 5.10193 5.42745 5.12985 4.94433 4.72631 3.72684 3.65624 3.61473 10.2383 3.59192 5.64157 4.73554 3.58031 3.54251 3.53931 3.53614 4.10552 3.51815 3.50963 5.9085 4.03429 5.69324 4.36675 3.46063 4.30318 3.49785 4.68687 3.44413 3.4286 3.4235 4.31952 3.71063 3.39028 4.74804 3.39017 4.77862 4.98267 3.37775 3.36302 3.48751 3.34183 3.26774 3.54988 3.22418 3.22299 4.98061 8.17187 6.23701 5.79982 4.94166 4.39707 4.24647 4.05467
threshold=-0.50170147418975819 0.060714693740010268 -0.071787007153034196 -0.054499715566635125 -0.42316816747188563 0.28551135957241064 0.36789773404598242 0.23733486980199817 0.29687500000000006 0.86722841858863842 0.25815217196941381 0.013010214082896711 0.2193591967225075 -0.3716976642608642 -0.17755681276321408 0.16338387876749041 -0.23604997992515561 0.02089297212660313 -0.14734736829996106 0.1084006428718567 0.058103878051042564 0.33684453368186956 0.095790356397628798 -0.14895045012235639 -0.46216037869453425 -0.034933861345052712 -0.45401927828788752 -0.073373496532440172 0.22424814105033877 0.21164772659540179 -0.12926788628101346 -1.0000000180025095e-35 0.19662826508283618 -0.30064630508422846 -0.19460634142160413 0.15580300986766818 -0.50866037607192982 -0.055901374667882912 -0.22954488545656201 0.20095739513635638 -0.4010626077651977 0.036874039098620422 0.30554574728012091 -0.37499999999999994 -0.20203755795955655 0.20560259371995929 0.49289773404598242 0.46732954680919653 0.39346592128276831 0.13870009779930118 -0.018571468070149418 -0.051311669871211045 0.067917462438344969 0.055008575320243842 0.01765211392194033 -0.21726810187101361 -0.18680419027805326 -0.11398294568061827 -0.27892823517322535 0.078696340322494521 -0.0892026051878929 -0.26112903654575342 -0.2010899409651756 0.090738065540790572 -0.061009135097265237 -0.099549043923616395 0.10890743136405946 -0.2188623175024986 0.14672642946243289 -0.18120186775922772 -0.049939356744289391 0.065397262573242201 0.0024971090024337177 -0.11827188730239867 -1.0000000180025095e-35 0.26693189144134527 -0.13825353980064389 -0.1913306191563606 -0.24007404595613477 0.31125773489475256 -0.43807771801948542 0.10344028100371362 -0.36324852705001826 -0.034142112359404557 -0.12763735651969907 0.21173205971717837 -0.128083661198616 -0.0091827362775802595 -0.21043778210878369 0.19773416966199878 0.07126654684543611 -0.52831456065177906 -0.11350036785006522 -0.06333687342703341 0.014412305783480408 -1.0000000180025095e-35 0.37500000000000006 0.18943096697330478 -0.15198864042758939 -0.471088096499443 -0.16556315869092939 -0.11712568253278731 -0.020415270701050755 0.25140579044818884 0.18364616483449939 0.030313904397189621 -0.053773691877722733 0.0018205799278803172 -0.22954488545656201 -0.32087123394012446 -0.37499999999999994 -0.11963960155844687 0.065408110618591322 0.32877880334854132 -0.01222570054233074 0.37729673087596899 0.15399561077356341 -0.13652861863374707 0.37500000000000006 0.21648090332746509 0.3504475355148316 0.3621919453144074 0.16962835937738421 0.3498156219720841 0.34677459299564367 0.12489546835422517
decision_type=2 2 2 2 2 2 2 2 2 2 2 2 2 2 2 2 2 2 2 2 2 2 2 2 2 2 2 2 2 2 2 2 2 2 2 2 2 2 2 2 2 2 2 2 2 2 2 2 2 2 2 2 2 2 2 2 2 2 2 2 2 2 2 2 2 2 2 2 2 2 2 2 2 2 2 2 2 2 2 2 2 2 2 2 2 2 2 2 2 2 2 2 2 2 2 2 2 2 2 2 2 2 2 2 2 2 2 2 2 2 2 2 2 2 2 2 2 2 2 2 2 2 2 2 2 2
left_child=1 2 3 101 6 111 8 11 9 16 91 -8 13 14 -6 17 -2 27 19 20 -18 24 23 29 -22 -25 -19 28 -16 -20 36 41 46 34 -34 38 -15 -36 -35 56 -41 69 43 51 79 48 47 60 -39 102 -51 66 55 85 -48 -53 80 59 -59 -58 61 -33 -62 78 -65 -63 -43 -68 -60 70 -32 -72 76 -74 -75 -76 -71 -78 -64 -45 81 105 84 -84 -40 -54 -7 -4 100 -90 -79 -10 -93 -94 95 -95 98 -98 -37 -100 -67 -1 -46 -104 -105 106 -38 108 109 -80 -96 -3 116 -55 -42 -116 -113 118 119 123 121 -121 -120 125 -125 -14
right_child=4 5 87 -5 12 86 7 -9 10 -11 -12 -13 117 30 15 -17 18 26 22 -21 21 -23 -24 25 -26 -27 -28 -29 -30 -31 31 32 33 35 37 96 39 45 82 40 114 42 -44 44 49 -47 54 -49 -50 50 -52 52 53 113 -56 -57 57 58 68 -61 62 65 63 64 -66 88 67 -69 -70 72 71 -73 73 74 75 -77 77 90 107 -81 -82 -83 83 -85 -86 -87 -88 -89 89 -91 -92 92 93 94 110 -97 97 -99 99 -101 -102 -103 103 104 -106 -107 -108 -109 -110 -111 -112 112 -114 -115 115 -117 -118 -119 122 120 -122 -123 -124 124 -126 -127
leaf_value=0.0026075699606614585 -0.0092818247230496247 -0.0049990390919477006 -0.010672026530093718 -0.0058537063307437078 0.011860008232607286 0.0027688480833451671 -0.0048150785028286706 0.0035345419945606174 -0.0048563912607339083 0.0077311133099481578 -0.003899329400290078 -0.015894858125809559 0.0012611589356137356 0.0061025841543000028 0.012491596724125245 0.008004471625893534 -0.0066640672588854227 -0.0078998143269224438 0.0036385852209500046 0.0097608775926535506 0.0093084162017811178 -0.0033388700490698284 4.9807619099558475e-06 -0.010578232616983143 -0.0013462233861032203 -0.0045777360010753826 0.00080758337408003502 0.00073491284962540985 8.986438719162626e-05 -0.003654305981397142 -0.0098404327669687711 0.0042447258621178706 -0.0083329138777090452 0.0030167148526256686 0.012121067376508627 0.0019782350458957105 0.0046486679056952397 -0.0061217082914686739 -0.0097300672202680245 -0.011978664445146094 0.0034025848421331711 -0.0057649042341790177 -0.00040694679801059531 0.012502642564832156 0.0014807115468604866 0.0083671661857790073 0.0020409889565468305 -0.0072263848658407443 0.0053721806040687662 -0.0099073886600536988 0.0053770544817938765 0.01653946008962465 0.011716531994461923 -0.0084703864440090933 0.01295874342208774 0.0038152205141568319 0.0044654782934065267 0.0039181536818699205 -0.0023965104092792773 -0.0039441216025566782 0.0075686685708348826 -0.0076001118859005835 -0.0041814778884505547 0.0041083775207353861 -0.0034857331644452621 0.0013531573542295485 0.0074482548677497857 -0.00057347279810011313 0.0048983120670314153 -0.0040753115051792082 0.0045305197845310462 -0.0062957876011582288 0.0016256532823004149 -0.00957160531172703 0.0051984466736974553 -0.0051329181990716413 -0.0044282515414640605 0.0030596369549258061 -0.00066081250173782218 0.0030070706961594072 0.0025118060424471149 -0.012119669803177118 -0.00077397415169048783 -0.010610680672989583 -0.0010649854544588116 0.0020398930626590477 0.012123704839821116 -0.0019226993350867972 0.00098761768806903435 -0.0057345113762138347 0.0090793672930650614 0.0060073652166965068 0.0032497799883235506 -0.0087337781281782208 -0.0045624890104653329 0.0015676360965312735 0.010611193491272883 -0.000959600560348779 0.00079627232889681191 -0.0090122860111902636 -0.0077463967020990508 0.011956250798727168 0.013447380652603674 0.0098243679631818577 -0.0014424276635959595 0.0066667310424010631 -0.0074884245413029188 0.0031472296600721797 -0.00036494403268383076 0.011360668239580599 0.002612467035864487 -0.0033062333294778829 0.0077342206747763051 0.0013263727097478355 -0.011015006348045812 -0.00056478475958923096 0.0045797253666574325 -0.0013507691091833116 -0.0063423307408325752 0.0068809842151504423 0.0093330435251505906 -7.2105499388812328e-05 3.7420193660675418e-05 -0.012533078776507337 -0.0020757440687215207 -0.0073761563913340164
leaf_weight=317 399 269 345 413 291 325 380 390 382 332 1075 350 2214 555 323 504 592 380 559 255 487 612 1485 829 259 1358 520 1290 250 641 436 723 305 339 313 582 278 393 387 355 306 458 2009 675 517 328 520 429 261 251 332 251 313 283 253 258 1262 813 9222 496 483 503 469 390 1594 256 362 1235 332 448 496 271 1730 474 371 494 306 2326 267 259 3262 312 349 1084 1040 390 433 532 2445 481 540 1125 1546 586 364 256 253 311 378 484 602 416 411 252 254 375 287 4577 3694 339 1391 453 471 325 251 351 461 14205 872 769 677 1699 1384 250 578 268
leaf_count=317 399 269 345 413 291 325 380 390 382 332 1075 350 2214 555 323 504 592 380 559 255 487 612 1485 829 259 1358 520 1290 250 641 436 723 305 339 313 582 278 393 387 355 306 458 2009 675 517 328 520 429 261 251 332 251 313 283 253 258 1262 813 9222 496 483 503 469 390 1594 256 362 1235 332 448 496 271 1730 474 371 494 306 2326 267 259 3262 312 349 1084 1040 390 433 532 2445 481 540 1125 1546 586 364 256 253 311 378 484 602 416 411 252 254 375 287 4577 3694 339 1391 453 471 325 251 351 461 14205 872 769 677 1699 1384 250 578 268
internal_value=-4.56804e-05 0.00174467 -0.000660065 0.00294579 -0.000123779 0.00377563 -0.00120494 -0.00537119 -0.000880961 -0.00202078 0.000437607 -0.010184 7.15265e-05 0.000361286 0.00283231 0.0020122 -0.00246088 0.000902036 -0.00206926 0.000281433 -0.000949328 0.00152252 -0.00313999 -0.00452907 0.00555872 -0.00687161 -0.00283486 0.00272628 0.00713952 -0.00023223 0.00021415 0.000557454 -0.000112458 -0.00192919 0.00187937 -0.0031069 -0.00055702 0.00432472 -0.00490631 -0.000766141 -0.00492849 0.0015539 0.0026381 0.00353957 0.00577577 0.00179126 0.000571874 0.000340894 -0.00147398 0.00384324 -0.00114834 0.00182684 0.00426227 0.00193608 0.00567 0.0101676 -0.00044764 -0.00111539 -0.00165908 0.00206891 0.000536771 -0.00107717 0.00122422 0.000949566 -0.00197079 -0.00198482 -0.000316052 0.00122997 -0.00213819 0.000335861 -0.0031304 0.000649127 0.000964933 -0.000751696 -0.00384761 -0.000664274 0.0024295 0.00336213 0.00157347 0.0099033 0.00133824 -0.00168937 -0.00586103 -0.00823567 -0.00344887 0.00640315 0.0081596 -0.00540896 -0.00122638 -0.000109838 0.00420978 0.00127018 0.001723 0.000549536 -0.00104672 -0.00555434 -0.000223542 0.00417773 -0.00196755 -0.00467281 -0.00498586 0.00796074 0.00589582 0.00834795 0.00412144 0.00175234 -0.00145461 0.00188248 0.000528094 0.00600699 0.00109966 0.00174176 0.00308066 -0.00317939 -0.00212323 -0.00498829 0.000638259 -0.000730819 0.000276213 0.00122273 0.0036592 0.00208487 -0.00241524 -0.00108244 -0.00528665 0.000308719
internal_weight=106578 4435 2023 1146 102143 2412 15653 1120 14533 7808 6725 730 86490 63574 3558 3267 7476 2763 7077 2205 1950 1358 4872 3387 746 2187 900 1863 573 1200 60016 41559 24832 6807 1600 5207 18457 1295 3199 17902 1263 16727 8835 6826 2951 982 18025 17252 654 2017 583 3875 1820 1311 773 509 16639 12125 10367 1758 16823 5010 11813 11330 1984 4287 2055 1597 9554 7892 1203 767 6689 3069 1339 865 3620 3172 9346 934 4514 1252 2860 1433 1427 703 758 877 3784 2926 2866 5650 5268 4143 2597 842 2008 564 1444 862 858 733 1434 917 506 940 565 8877 4300 606 1755 1654 1385 608 908 602 914 22916 8711 6455 3145 2468 2256 3310 828 2482
internal_count=106578 4435 2023 1146 102143 2412 15653 1120 14533 7808 6725 730 86490 63574 3558 3267 7476 2763 7077 2205 1950 1358 4872 3387 746 2187 900 1863 573 1200 60016 41559 24832 6807 1600 5207 18457 1295 3199 17902 1263 16727 8835 6826 2951 982 18025 17252 654 2017 583 3875 1820 1311 773 509 16639 12125 10367 1758 16823 5010 11813 11330 1984 4287 2055 1597 9554 7892 1203 767 6689 3069 1339 865 3620 3172 9346 934 4514 1252 2860 1433 1427 703 758 877 3784 2926 2866 5650 5268 4143 2597 842 2008 564 1444 862 858 733 1434 917 506 940 565 8877 4300 606 1755 1654 1385 608 908 602 914 22916 8711 6455 3145 2468 2256 3310 828 2482
is_linear=0
shrinkage=0.0667171


Tree=37
num_leaves=127
num_cat=0
split_feature=18 21 0 21 18 21 0 7 9 11 18 21 12 0 0 4 0 12 21 18 18 0 21 10 19 21 17 10 11 12 5 21 0 17 21 18 21 0 10 18 0 21 13 17 17 12 12 21 12 17 4 18 21 15 0 20 8 0 0 0 11 10 13 17 19 7 14 8 10 21 5 9 0 0 14 0 17 11 15 11 20 11 21 19 14 10 18 21 1 0 4 19 19 11 18 0 21 17 4 14 0 21 8 19 5 12 12 9 0 18 0 10 19 7 7 20 5 20 0 0 12 19 0 19 15 7
split_gain=19.5591 14.5487 17.4375 11.0307 6.88506 12.444 7.14033 6.50388 6.45182 6.34395 5.98897 10.3439 6.46656 6.41224 6.03247 6.85579 12.1631 7.58614 5.92039 6.04608 6.01543 5.68456 5.19594 7.79375 5.15468 5.15423 5.91123 5.85457 9.96403 6.30981 5.65876 4.9688 5.07776 4.91526 4.85467 6.34939 6.70418 6.85127 5.75821 5.72717 4.791 5.88011 5.65726 5.78612 4.75792 4.74409 5.60154 4.59028 4.48711 4.5117 5.53042 7.55315 5.68425 5.15201 4.97813 4.43291 4.4239 4.34478 8.77062 7.7687 7.3756 6.68287 5.84742 4.95325 4.83252 5.64192 4.79977 4.6342 4.29277 4.97016 4.25643 8.34694 4.25543 4.17265 4.16349 5.10029 6.45296 7.25105 4.60385 4.14516 4.13628 5.2125 4.07914 4.06913 4.07532 4.06389 5.11144 5.89976 7.4506 4.1526 4.03342 3.99249 3.94537 10.4378 4.244 4.13246 4.76021 3.88383 4.06819 3.81884 3.78672 3.78354 4.11981 3.76672 3.75677 3.75504 6.01724 3.72904 7.56653 5.23783 4.76019 9.60737 4.66136 4.75755 4.40494 4.39288 5.27669 4.75373 3.91752 4.39702 3.72569 4.12441 3.844 3.71006 3.7014 3.69266
threshold=0.018174973316490654 0.062254153192043311 0.48437500000000006 0.077898357063531889 -0.18711137771606443 -0.11179413273930548 0.50142046809196483 0.087383527308702483 -0.11709819361567496 0.42797830700874334 0.29585492610931402 0.40756410360336309 0.19450543075799945 0.018465909175574783 0.45312500000000006 0.19422595947980884 -0.32528407871723169 -0.25645512342452997 -0.17690661549568173 -0.61810606718063343 -0.57647010684013356 -0.34801135957241053 -0.27148886024951929 0.40373790264129644 -0.19750742614269254 0.2741092741489411 0.43157629668712622 0.080533046275377287 0.2557451874017716 0.12639222294092181 -1.0000000180025095e-35 -0.34317517280578608 0.48437500000000006 0.40399827063083654 0.12484074756503107 0.11253532022237779 0.21979128569364551 0.48721592128276831 -0.093420296907424913 0.20200974494218829 0.18323864042758944 0.028358378447592262 -0.28790664672851557 0.13300014287233355 0.5756148397922517 0.15563751012086871 -0.171406514942646 0.24020697176456454 0.45066323876380926 -0.17078959196805951 0.4457684606313706 0.13716869056224826 -0.14633522927761075 -0.22426267713308332 0.42187500000000006 -0.08796158060431479 -0.025351905263960358 -0.14630681276321408 -0.16619318723678586 -0.055397728458046906 0.16274712979793551 -0.13677545636892316 0.28138349950313574 -0.17600316554307935 0.2504176944494248 0.13901007175445559 -0.14122544974088666 0.0035595754161477093 -0.16663190722465512 -0.065506841987371431 1.0000000180025095e-35 0.029749285429716114 0.21164772659540179 -0.098011363297700868 1.1010354757308962 -0.044034091755747788 -0.2132892310619354 -0.39559455215930933 0.16897848993539813 0.060569927096366889 -0.3162167221307754 -0.32008774578571314 0.43492516875267034 0.30666792392730718 0.041547387838363654 0.57546344399452221 -0.0995199680328369 -0.04204053804278373 -0.061079544946551316 0.39914773404598242 -0.036655424162745469 0.42312593758106237 0.01067691156640649 -0.36459049582481379 -0.090686492621898637 -0.13778409361839292 -0.30865362286567682 -0.16377823054790494 0.15613134205341342 0.038575472310185439 0.49573864042758947 -0.049862641841173165 0.067656554281711592 0.24724351614713672 1.0000000180025095e-35 0.18736992776393893 0.055008575320243842 0.30618810653686529 -0.0071022729389369479 -0.36954462528228754 -0.021306818351149556 0.38611099123954779 -0.013687848113477228 0.089483447372913374 -0.04327654838562011 -0.046661861240863793 -1.0000000180025095e-35 -0.16312379390001294 0.29119317233562475 0.13778409361839297 -0.11929674074053763 -0.0019469300168566404 -0.35937499999999994 0.32083949446678167 0.4616128951311112 -0.25787711143493647
decision_type=2 2 2 2 2 2 2 2 2 2 2 2 2 2 2 2 2 2 2 2 2 2 2 2 2 2 2 2 2 2 2 2 2 2 2 2 2 2 2 2 2 2 2 2 2 2 2 2 2 2 2 2 2 2 2 2 2 2 2 2 2 2 2 2 2 2 2 2 2 2 2 2 2 2 2 2 2 2 2 2 2 2 2 2 2 2 2 2 2 2 2 2 2 2 2 2 2 2 2 2 2 2 2 2 2 2 2 2 2 2 2 2 2 2 2 2 2 2 2 2 2 2 2 2 2 2
left_child=3 2 48 4 18 6 8 24 83 40 11 14 82 -13 15 16 -3 -18 20 -20 74 -5 23 -10 68 26 33 28 30 -30 -27 -22 107 55 38 -36 100 -38 -16 -39 42 -42 -9 97 -45 46 -28 70 49 -2 52 53 -51 -52 103 -19 -17 58 60 63 62 -62 -57 -59 65 -61 -65 -66 69 -7 71 -23 -71 104 75 76 -1 -78 -76 -68 81 90 -12 84 -6 86 89 88 -88 101 -77 -29 93 -86 -95 -94 -97 -44 -99 -84 -37 -26 -103 105 -14 106 -54 109 -109 114 111 115 113 -112 -33 116 117 -111 119 -114 122 -122 -90 -24 -107 -75
right_child=1 10 -4 21 5 7 -8 9 22 -11 12 13 73 -15 34 56 17 25 19 -21 31 47 123 -25 85 27 45 91 29 -31 -32 32 -34 -35 35 36 37 39 -40 -41 41 -43 43 44 -46 -47 -48 -49 -50 50 51 -53 54 -55 -56 57 -58 59 -60 64 61 -63 -64 66 67 -67 79 -69 -70 72 -72 -73 -74 125 78 80 77 -79 -80 -81 -82 -83 99 -85 92 -87 87 -89 120 -91 -92 -93 95 94 -96 96 -98 98 -100 -101 -102 102 -104 -105 -106 124 -108 108 -110 110 112 -113 118 -115 -116 -117 -118 -119 -120 -121 121 -123 -124 -125 -126 -127
leaf_value=-0.0066893239811413301 6.8690053216122432e-07 -0.010715161052122446 0.017783172574352614 -4.0926051859011749e-05 0.010219720110230961 0.0052632249233970623 0.010011781348722441 -0.0066383827846894462 0.0086680323245085789 0.0074869471935725632 0.0054441115756801691 -0.002770990046300833 -0.01026770106630249 -0.015395498635141409 -0.0025942335475107612 0.0048671586000868707 -0.0086336036319737079 -0.0040002145445083353 0.0065194107447461569 -0.0040200365219348905 0.0013448971338130514 -0.0015515101758169522 -0.0010999882618929059 -0.0030424224720695531 0.0007807942261835668 -0.0074407097652883416 0.011778321742845713 0.0095817109621118609 -0.019280406950953913 -0.0054384500523182982 0.001681140700036815 -0.010955016936198055 -0.0086213693108533208 -0.0079068901371919954 -0.012221623960821144 -0.0030983492691049053 0.00062436809350357417 -0.017366984100541907 0.0099086191315323913 -0.0044038254774307669 -0.004405813870029621 -0.015297342010204058 -0.002292634909098899 -0.006797214305391569 0.0013733922468066474 0.011010246962947029 0.001466974691596063 -0.014523201217643646 0.0075505188774742295 0.010731448534008833 0.0017374999223598736 0.0070739311503277367 0.0034336282786350328 -0.0087163752634563472 0.01206681539907734 0.0014952112839820646 0.0010811263318059193 -0.013073312231206823 0.014948523427054406 0.0010331958414812855 0.01597685937985897 0.0020833147534302446 -0.008764763072249996 -0.010249437254219246 -0.0013617414047734885 -0.0052247636593421047 -0.0063542397274780702 0.0087253059435698777 -0.0074149001878145854 -0.0089997158494695001 -0.0026949652740856154 -0.014289181152201846 0.0015362102417361464 0.006219576013554 -0.0015804947279961078 -0.0072139727680280404 0.011026224248919924 -0.0016785642540445348 0.0080879213235901387 0.0044800443811357383 -0.013870589201711846 -0.013406261656690096 0.00053826397685325853 0.0097845997930626587 0.0145685648584859 0.0077131896612881385 0.0071523828355829159 -0.00013941571872993843 -0.0012943903263332869 -0.01017578092941057 0.0020319550161213163 -0.0018978931817844062 -0.0054144227683436841 -0.00029916810754879148 0.0089314375396723211 0.0095076885657513731 -0.00096558182717837102 0.0065778014774556933 -0.0014601859036043594 0.0072730752896230612 0.0075536939521784969 -0.0057403823133083329 0.0024238974294330689 -0.00092201104241652616 -0.00017205920825403385 0.011932253450536744 -0.0041711311424031889 -0.0030457020159061483 0.011157434796589887 0.011088619071464238 -0.0027577985413327899 -0.0087213781702495507 0.0037690188928148601 -0.012152672847866999 -0.0015990540218470866 0.01107880294381597 -0.0027285260653871083 -0.00049869916579654968 0.0062565002729519821 -0.0078737301351829835 -0.0079188500830882566 0.0019227643071689049 0.0079922249680110802 0.006253658991873896 0.0016583970230706925 -0.00033913154794126279
leaf_weight=727 3172 483 337 987 310 386 467 882 697 257 2300 455 323 301 456 1968 439 992 250 4720 5864 423 4810 388 1737 429 255 260 254 364 998 430 400 339 391 256 411 284 250 341 1457 262 681 897 478 312 2748 256 735 457 335 337 5601 532 264 891 4648 264 252 4121 250 410 337 263 294 756 250 604 721 369 1397 511 304 455 1620 413 262 800 250 410 326 261 2351 441 350 325 1341 6058 369 253 413 266 483 1045 276 274 620 845 407 446 336 1140 353 1053 342 420 498 336 321 381 1076 296 266 312 483 335 499 256 391 303 378 366 410 322 259 2256
leaf_count=727 3172 483 337 987 310 386 467 882 697 257 2300 455 323 301 456 1968 439 992 250 4720 5864 423 4810 388 1737 429 255 260 254 364 998 430 400 339 391 256 411 284 250 341 1457 262 681 897 478 312 2748 256 735 457 335 337 5601 532 264 891 4648 264 252 4121 250 410 337 263 294 756 250 604 721 369 1397 511 304 455 1620 413 262 800 250 410 326 261 2351 441 350 325 1341 6058 369 253 413 266 483 1045 276 274 620 845 407 446 336 1140 353 1053 342 420 498 336 321 381 1076 296 266 312 483 335 499 256 391 303 378 366 410 322 259 2256
internal_value=5.66274e-05 0.00102157 0.00284526 -0.000790138 -0.000548132 8.87757e-05 0.00196194 -0.000859399 0.00158155 -0.00267429 0.000307615 -0.00017162 0.00185739 -0.00785087 4.61301e-05 0.000387084 -0.000311797 -8.65907e-06 -0.00145201 -0.00347942 -0.000857835 -0.00437767 0.000252138 0.00444399 -8.57014e-05 0.000222464 0.000737109 -0.00251466 -0.00413701 -0.0111999 -0.00104647 -3.78174e-05 -0.00137567 -3.95419e-05 -0.00292446 -0.00459392 -0.00273137 -0.00597157 0.00179379 -0.010364 -0.00312526 -0.00609732 -0.00189628 -0.00061848 -0.00392966 0.00319024 0.00236111 -0.006021 0.00247192 0.00217954 0.00289004 -0.00131877 0.00348709 -0.00463535 0.0030717 0.000222952 0.00221299 0.000687792 0.00331538 -0.000115717 0.00173261 0.00741207 -0.0013004 -0.00502892 0.000889738 5.45414e-05 -0.0026772 0.00537953 -0.00344724 -0.000711198 -0.00506348 -0.00856027 -0.00419021 -0.00039761 -0.00278232 -0.0042433 -0.00185158 0.00143624 -0.000263348 0.000313307 -0.00724438 -0.005212 0.00335773 0.00374726 0.00294036 0.00038228 0.000186267 0.00103477 0.00352894 -0.00197696 -0.0025577 0.00371064 0.00218295 0.00436106 0.00161666 -0.000437701 0.0022171 0.00172174 0.00393531 0.00162898 0.00288248 -0.00131925 -0.00378282 0.00276125 -0.00512847 0.00333886 0.00280556 -0.000857343 0.00384416 -0.00147979 -0.000456409 0.00214729 -0.00242996 -0.00490413 -0.00604599 0.00436993 0.00235048 0.0063776 0.00111104 -0.00236865 0.000314885 -0.00303271 0.0035506 -0.000629328 0.00806145 0.000752786
internal_weight=106535 49811 14000 56724 53150 31159 10483 20676 10016 6166 35811 27338 8473 756 26582 23857 17241 16758 21991 4970 17021 3574 6217 1085 14510 16319 13748 2571 2045 618 1427 11949 6085 10433 2725 2019 1628 1036 706 625 5909 1719 4190 3308 1375 3315 3003 2587 13663 12928 9756 1204 8552 867 8095 10094 6616 9102 2140 6962 1888 660 1228 1187 5775 4877 923 898 1780 1059 2331 934 673 3376 5072 3202 1789 1062 1870 660 1413 1087 5097 3799 3358 12730 12405 8922 2864 3483 826 526 3048 1671 1321 1377 894 1933 1252 2797 592 3230 1493 7831 665 6778 6099 5685 657 5028 4115 1767 2348 1388 913 1471 1136 637 960 569 1523 744 779 5132 679 2711
internal_count=106535 49811 14000 56724 53150 31159 10483 20676 10016 6166 35811 27338 8473 756 26582 23857 17241 16758 21991 4970 17021 3574 6217 1085 14510 16319 13748 2571 2045 618 1427 11949 6085 10433 2725 2019 1628 1036 706 625 5909 1719 4190 3308 1375 3315 3003 2587 13663 12928 9756 1204 8552 867 8095 10094 6616 9102 2140 6962 1888 660 1228 1187 5775 4877 923 898 1780 1059 2331 934 673 3376 5072 3202 1789 1062 1870 660 1413 1087 5097 3799 3358 12730 12405 8922 2864 3483 826 526 3048 1671 1321 1377 894 1933 1252 2797 592 3230 1493 7831 665 6778 6099 5685 657 5028 4115 1767 2348 1388 913 1471 1136 637 960 569 1523 744 779 5132 679 2711
is_linear=0
shrinkage=0.0667171


Tree=38
num_leaves=127
num_cat=0
split_feature=6 10 9 13 11 14 19 9 8 13 3 20 10 14 13 11 16 11 0 11 3 20 7 7 20 21 19 0 11 14 5 3 10 16 10 7 11 14 6 20 9 1 6 10 11 11 19 13 10 21 16 17 10 9 20 11 3 9 0 4 0 10 10 21 3 17 3 9 5 14 10 5 16 13 3 21 10 8 7 20 8 16 16 4 17 11 9 10 21 7 3 21 1 4 17 0 11 14 10 19 19 10 20 19 19 5 4 10 8 11 14 17 11 9 7 10 3 17 16 5 8 9 14 17 10 21
split_gain=5.64191 3.83944 3.50513 3.18915 4.82322 4.39052 3.38042 3.50628 3.16476 5.2507 4.07652 3.81393 3.456 3.77922 3.28771 5.47334 3.23868 3.22202 3.15956 3.86399 3.11014 2.98602 2.96008 2.91542 2.91416 2.9112 2.84128 2.83816 2.75697 8.82408 4.86752 4.27919 2.74564 2.73795 4.08281 4.08147 2.72457 4.6208 2.71613 2.71214 2.7104 2.53328 2.5061 2.48637 3.23796 2.70819 2.45003 2.73579 4.21965 4.14463 2.80413 2.68376 3.6818 2.62909 2.61667 2.38123 6.26007 2.36927 3.11284 5.1878 4.9325 6.62318 3.11651 2.62471 2.33679 2.32547 2.57459 2.32297 4.08274 4.71996 2.72049 2.65639 6.62037 3.20878 2.64357 2.33328 2.90334 2.31764 2.24367 3.33518 2.24338 2.5161 2.23778 2.22614 2.19148 2.15648 2.66302 3.58659 3.3176 2.15122 3.11269 2.14894 2.12365 2.09917 5.50953 4.48066 3.05188 2.39202 2.97807 2.77798 2.41282 3.75409 3.24575 3.7575 3.01857 3.88161 5.92617 3.7955 3.21699 3.18178 2.87376 2.83901 2.79777 2.67532 2.86845 4.99086 3.56164 2.57663 2.72685 2.54191 2.54153 3.67597 3.21272 3.0353 2.46214 3.54187
threshold=-0.027172490023076531 -0.12329863384366034 0.64112457633018505 0.20236641913652423 0.29839794337749487 -0.086245007812976823 -0.078225329518318162 0.086638763546943678 -0.12464594095945357 -0.28790664672851557 0.13290300965309146 -0.28103819489479059 0.14672642946243289 0.56541445851326 -0.6109865903854369 -0.86423033475875843 -0.12653043866157529 -0.11813600733876227 0.45028407871723181 -0.17899565398693082 -0.085171408951282487 0.32828423380851751 -0.32224686443805689 0.80844819545745861 -0.046661861240863793 -0.045609371736645692 -0.26719449460506434 -0.075284089893102632 -0.075916323810815797 0.12327508255839349 -1.0000000180025095e-35 -0.22420950233936307 2.059259414672852 0.23981694877147677 -0.15421031415462491 -0.090569660067558275 -0.3716976642608642 0.75777918100357067 -0.084951777011156068 0.0093396361917257326 -0.42690415680408472 -0.16335227340459821 -0.35963746905326838 -0.19078191369771955 -0.12143311649560927 -0.13501518219709394 -0.11585957929491995 0.3782698661088944 -0.15961211919784543 0.12484074756503107 0.13080412894487384 0.57155185937881481 -0.17749093472957608 0.11077413335442544 -0.028294114395976063 -0.016201619058847424 -0.40927968919277186 -0.11988136917352675 -0.083806820213794694 -0.16428215801715848 0.27414773404598242 -0.10894276201725005 -0.11076753586530684 -0.085713941603898988 -0.48704174160957331 -0.028117718175053593 -0.25997406244277949 -0.015669781714677807 1.0000000180025095e-35 -0.093674797564744935 -0.1964025795459747 -0.37499999999999994 0.066575564444065108 0.23934800922870639 -0.28063790500164026 0.1173347868025303 -0.19449365884065625 -0.15208160132169721 -0.19710338115692136 -0.053737180307507508 -0.055603528395295136 -0.04099410027265548 -0.053266586735844605 -0.19485294818878171 -0.064360707998275743 0.094266131520271315 0.21816572546958926 -0.21056620776653287 0.22373819351196292 0.029573093168437484 0.29405258595943456 0.29561352729797369 0.40767045319080358 0.49461714923381811 0.34276571869850164 0.50710228085517894 -0.070385936647653566 0.84693667292594921 0.82543927431106578 0.72458770871162426 -0.13066414743661878 0.30398213863372808 0.1306615546345711 -0.1655360013246536 -0.11923863366246222 0.37500000000000006 0.30632472038269049 0.083906285464763655 0.22285324335098269 -0.3716976642608642 -0.046124139800667756 0.088846541941165938 0.04026483558118344 -0.57365891337394703 0.32806979119777685 0.013339512515813114 -0.20203755795955655 0.242557168006897 0.16856441646814349 1.0000000180025095e-35 0.1702041178941727 -0.056947490200400346 -0.031264556571841233 0.0025168991414830093 0.4887691736221314 0.37644191086292272
decision_type=2 2 2 2 2 2 2 2 2 2 2 2 2 2 2 2 2 2 2 2 2 2 2 2 2 2 2 2 2 2 2 2 2 2 2 2 2 2 2 2 2 2 2 2 2 2 2 2 2 2 2 2 2 2 2 2 2 2 2 2 2 2 2 2 2 2 2 2 2 2 2 2 2 2 2 2 2 2 2 2 2 2 2 2 2 2 2 2 2 2 2 2 2 2 2 2 2 2 2 2 2 2 2 2 2 2 2 2 2 2 2 2 2 2 2 2 2 2 2 2 2 2 2 2 2 2
left_child=3 28 26 6 5 -5 36 8 12 16 11 -11 17 20 -15 -16 -10 39 19 -13 24 55 -17 41 -14 -21 -3 38 29 43 31 -31 93 34 -7 -35 37 -1 -22 40 -8 -4 -6 45 -45 -2 47 48 -30 54 -50 67 -53 -51 -49 -19 -57 58 59 -38 61 77 -62 -63 -9 -44 91 68 69 -48 -71 73 -73 -69 -72 -75 -77 -60 79 -58 -27 -82 -32 -36 -83 -74 87 88 -87 90 -12 -67 -61 95 -95 97 -97 98 100 -100 101 102 117 -104 108 109 124 -108 111 -106 -109 -102 -113 -111 -115 -116 -117 118 120 -118 121 123 -123 -28 125 -107
right_child=1 2 23 4 42 33 7 64 9 10 89 18 13 14 15 22 -18 21 -20 25 27 -23 -24 -25 -26 80 32 -29 46 30 82 -33 -34 35 83 -37 57 -39 -40 -41 -42 -43 65 44 -46 -47 51 49 50 53 -52 52 -54 -55 -56 56 78 -59 60 92 62 63 -64 -65 -66 66 -68 71 -70 70 74 72 85 75 -76 76 -78 -79 -80 -81 81 84 -84 -85 -86 86 -88 -89 -90 -91 -92 -93 -94 94 -96 96 -98 -99 99 -101 104 -103 103 -105 105 106 107 110 -110 113 -112 112 -114 114 115 116 119 -119 -120 -121 -122 122 -124 -125 -126 -127
leaf_value=0.009271147204472141 0.000813387658123414 -0.005102407745774108 0.0027714656793576438 0.0016067866452499616 0.0031319468914751273 0.010455664946320928 0.0029019959287518906 0.006163493311478834 -0.0007920689411496485 -0.011131891900505269 0.0029287004075170681 0.0047763660101192628 0.0052844066034014306 0.004354244495482322 -0.0083889189110642002 0.0047805286050895774 0.0043172600336781244 0.0066913338440847967 -0.01034877495659549 -0.0095920901509737779 -0.0018635916849971434 -0.0036800666516952634 -0.0018966002329950723 -0.0085081430363019312 -0.002793671107957336 0.0017026234252254585 0.00021150683935440708 -0.0096202325577933682 0.001562457255827541 -0.0075449025499898627 0.0058748374371495257 0.0029083226066420232 0.0065377612008423033 0.014810386308529289 0.0048172288343194865 0.0030291945328215692 0.010725785064963227 -0.00097397199688880774 -0.0089441248663691877 0.0020587743377737141 -0.0049405864577011169 -0.0034520733742888147 -0.0027751547748442996 -0.013277352021192115 -0.0050880136779688206 -0.0074383268269373973 -0.0066783958872316104 -0.0021252619214079949 -0.0050368803937881857 -0.0022363650464252427 0.0028589352108080771 -0.0097920640346385677 1.8958954816894092e-05 -0.0098983679559803885 0.0059566810406491014 0.010961208365181508 -0.0027261115619041632 8.1220942687899812e-05 0.0075483779371760288 0.00046302216692771118 0.00032379054424195718 -0.0030523715688467465 0.0092738535836505032 -0.012134189527468637 0.00088431128159438088 0.006338373849246552 -0.0023528628194722993 -0.009332769006215616 -0.0078895257437355242 0.0075274782848436745 -0.0058034279004006064 0.0064550417179207861 -0.005371577603812642 0.0038529654941433481 0.0033187046451346679 0.00079350215171801583 -0.0087122543855388569 -0.0011865966810311319 -0.0031565413576719044 0.007277710334361611 -0.0091591953084302347 -0.006029687524473055 -0.0013914494736787485 -0.0030201075783245286 0.0017186050528586788 0.0010504828826195748 -0.0060674388596157888 0.0028484122537402652 -0.0074445637532017921 0.0023146490534007281 -0.0049088560675493486 -0.0011076537888479315 0.0068071911328745419 -7.7172256848203621e-05 -0.0097233958235586598 0.011393678286512008 0.0012523414554296028 -0.0022022185949899515 -0.00026457136079952211 -0.0072181176159980083 0.0013369889095838712 0.0058670214121174626 -0.0090408271524832981 -0.0013708327909179188 0.0033760068776771345 0.0010610600530099718 -0.00084243541063215848 -0.013114498186702793 -0.0026870661818717543 -0.0042878880143025575 -0.00466858489082282 0.012969792560691243 0.0034111070246471047 0.00026810392721564021 -0.0038783450140757888 -0.00047089141912244533 0.0032472114323353141 -0.0021681975475921628 -0.0040524774634083174 0.0082625693712562662 0.0067288311217178305 0.00067049485772480578 -0.008168013462284315 0.0093110720050492545 -0.0059898922469145575 -0.0052310069693083747
leaf_weight=456 326 477 400 7547 678 253 255 412 2939 382 313 250 403 862 328 567 676 830 291 335 2217 255 602 348 381 376 360 294 4508 460 628 271 286 290 288 251 421 330 272 911 763 1009 1949 417 482 365 445 429 809 456 257 406 278 372 297 283 261 6485 254 923 364 321 340 270 4048 453 598 293 595 254 252 647 426 268 311 293 264 271 545 326 318 296 257 356 343 435 300 1266 372 635 752 264 318 1056 351 256 285 2038 591 461 449 333 478 725 1893 3783 567 309 271 499 469 300 269 16336 475 747 1482 2201 383 671 409 543 268 306 284 441
leaf_count=456 326 477 400 7547 678 253 255 412 2939 382 313 250 403 862 328 567 676 830 291 335 2217 255 602 348 381 376 360 294 4508 460 628 271 286 290 288 251 421 330 272 911 763 1009 1949 417 482 365 445 429 809 456 257 406 278 372 297 283 261 6485 254 923 364 321 340 270 4048 453 598 293 595 254 252 647 426 268 311 293 264 271 545 326 318 296 257 356 343 435 300 1266 372 635 752 264 318 1056 351 256 285 2038 591 461 449 333 478 725 1893 3783 567 309 271 499 469 300 269 16336 475 747 1482 2201 383 671 409 543 268 306 284 441
internal_value=-3.99941e-05 -0.00046613 -0.000125338 0.000512586 0.00140288 0.00225709 0.000167738 -0.000292319 -0.000703126 -0.00170824 -0.00328615 -0.00495322 6.11428e-05 -0.000988873 0.00107184 -0.000797493 0.000155624 0.00147357 -0.00386269 -0.002852 -0.00236144 0.00305546 0.00131348 -0.00304076 0.00131308 -0.0040212 -3.05309e-09 -0.00341013 -0.00130072 -0.00307171 0.000378397 -0.0036166 5.98553e-05 0.00564139 0.00332054 0.00941577 0.00114278 0.00492561 -0.00265717 -0.000558941 -0.00293614 -0.00165988 -0.000535238 -0.00659793 -0.00893416 -0.00350634 -0.000899197 -2.0589e-05 0.000664907 -0.00249774 -0.00309366 -0.00177575 -0.00575438 -0.00572513 0.0011366 0.00384028 0.00213991 0.000840315 0.00224372 0.00433089 0.000318528 -0.00241828 0.00469599 -0.0072667 0.00138156 -0.00130955 0.000836761 -0.00134532 -0.00333621 -0.00115731 0.00182024 -0.000526957 0.000381317 -0.00335131 -0.000706308 -0.00117503 -0.00365775 0.0029741 -5.25515e-05 0.00276994 -0.00258662 -0.00430787 0.00372092 0.000441401 -0.00182793 -0.00101423 -0.000214736 0.000621979 -0.00282602 -0.000725494 -0.00256873 0.00354661 0.00212472 1.26922e-05 -0.00251506 0.000105156 0.00611684 1.91202e-05 0.000144865 -0.00334553 0.000250185 -0.000965589 -0.00137503 -0.00445075 0.000501073 0.000354139 -0.00117092 -0.00505278 0.00365653 0.000759578 -0.00807898 0.00538679 0.00851921 0.000512574 0.000636271 0.00240733 0.00345196 -0.000538437 0.00102849 0.00482969 0.00208286 0.000767841 -0.00221697 0.00444695 -4.0459e-06 0.000393693
internal_weight=106649 60248 42809 46401 12927 8985 33474 22721 18261 7906 4291 2591 10355 5926 2359 1497 3615 4429 2209 1918 3567 2500 1169 1757 784 1668 41052 2783 17439 3206 1616 731 40575 1438 897 541 10753 786 2489 1929 1018 1409 3942 1590 899 691 14233 7128 5574 1554 1066 7105 684 828 726 2245 1415 9967 3482 1662 1820 1116 704 591 4460 3264 1315 6421 1857 1262 817 4564 3446 1118 563 825 557 525 1132 587 1333 957 885 644 639 2799 2373 2073 807 1700 1065 717 1241 40289 1407 38882 541 38341 36303 1052 35251 6006 5673 1203 29245 27956 5853 1345 1289 22103 778 1018 569 20210 19711 3375 2900 4470 2269 2153 1886 1477 811 666 4508 4224
internal_count=106649 60248 42809 46401 12927 8985 33474 22721 18261 7906 4291 2591 10355 5926 2359 1497 3615 4429 2209 1918 3567 2500 1169 1757 784 1668 41052 2783 17439 3206 1616 731 40575 1438 897 541 10753 786 2489 1929 1018 1409 3942 1590 899 691 14233 7128 5574 1554 1066 7105 684 828 726 2245 1415 9967 3482 1662 1820 1116 704 591 4460 3264 1315 6421 1857 1262 817 4564 3446 1118 563 825 557 525 1132 587 1333 957 885 644 639 2799 2373 2073 807 1700 1065 717 1241 40289 1407 38882 541 38341 36303 1052 35251 6006 5673 1203 29245 27956 5853 1345 1289 22103 778 1018 569 20210 19711 3375 2900 4470 2269 2153 1886 1477 811 666 4508 4224
is_linear=0
shrinkage=0.0667171


Tree=39
num_leaves=127
num_cat=0
split_feature=18 21 21 0 18 21 0 18 0 3 18 21 0 18 11 16 18 21 21 10 4 12 12 18 20 1 18 3 21 13 4 21 4 11 8 0 16 11 3 18 18 19 20 10 10 4 14 21 12 21 8 19 4 10 10 10 8 14 20 18 3 3 17 16 0 11 20 1 20 10 10 14 5 7 8 0 4 4 18 21 7 0 20 4 11 18 17 13 0 0 0 0 19 16 4 10 17 17 14 10 21 20 10 18 12 15 5 21 10 17 17 11 20 8 7 21 4 4 12 0 13 8 21 20 7 15
split_gain=19.766 11.1255 9.33411 10.993 9.47169 10.4546 17.1904 8.95467 7.39219 6.70835 5.97186 6.33786 5.91575 5.57073 7.27857 5.49904 7.27499 9.05946 5.15328 4.95417 5.31815 6.00346 6.99742 5.71314 4.82641 5.6965 4.78296 6.87119 6.4695 6.41194 4.95631 4.75278 5.25986 5.61392 4.72936 4.71021 4.68649 5.52815 4.6822 4.7508 5.55257 6.67697 4.67401 4.66641 6.65906 6.14975 6.98559 4.63637 7.83807 4.62148 4.49735 6.53024 5.56157 4.45039 4.42186 5.61901 4.81139 4.38955 4.37476 4.84162 5.33078 4.96008 4.27404 4.26307 4.22889 5.22663 4.20017 6.07222 4.20954 4.16861 4.13664 4.02954 4.00965 3.96729 3.96389 3.91008 3.87149 5.17891 5.06693 5.55544 4.10165 3.85997 3.7951 3.79338 8.13723 4.94217 3.79223 4.285 3.69492 4.73433 4.29621 3.69409 3.65822 3.74513 4.66451 4.17102 3.59716 5.30498 4.80256 4.07328 3.51414 4.33091 4.22646 5.22412 4.27508 4.217 4.84362 3.56292 3.50453 4.65687 4.63072 4.21498 3.79314 7.44782 4.57809 3.78836 3.54873 3.47248 3.41827 7.12087 5.54187 4.31856 3.74291 7.79667 3.60643 5.1776
threshold=-0.058091631159186356 -0.04204053804278373 -0.020529758185148236 0.50142046809196483 0.055483173578977592 0.10657939687371255 0.49573864042758947 0.11253532022237779 -0.063920453190803514 0.50353580713272106 -0.61810606718063343 -0.56286215782165516 0.42755682766437536 -0.18711137771606443 -0.35743924975395197 0.13832896947860721 0.22304980456829074 0.42027501761913305 0.064538858830928816 0.026807511225342754 0.17150787264108661 0.050714693963527686 0.19289308041334155 -0.32173828780651087 0.1560536324977875 -0.055397728458046906 -0.28176027536392206 -0.41864693164825434 -0.30865362286567682 -0.29744578897953028 0.37729673087596899 0.23564407974481585 0.40759967267513281 0.18614629656076434 0.13259329646825793 0.39914773404598242 0.34445250034332281 0.23472466319799426 0.50353580713272106 -0.61250972747802723 -0.29443526268005366 -0.14999118447303769 -0.49393545091152186 0.11767040938138963 -0.23022390902042386 -0.10926083102822302 -0.12487991526722907 -0.63389989733695973 0.30845054984092718 0.21979128569364551 0.094183493405580535 0.082066517323255553 0.32526347041130071 0.18669666349887851 -0.23498421907424924 -0.20216131210327146 0.018856232985854152 0.2168904393911362 0.27580115199089056 0.38635124266147619 0.41401703655719763 -0.21687450259923932 0.43157629668712622 -0.4611473530530929 -0.43323864042758936 0.2557451874017716 0.35361006855964666 0.37926135957241064 0.53302875161170971 0.91659632325172435 0.50017908215522777 0.07126654684543611 -0.37499999999999994 -0.011723461095243691 -0.27892823517322535 -0.27982954680919642 0.10111001133918764 -0.044784568250179284 0.44895094633102423 0.61501601338386547 0.13901007175445559 0.26846592128276831 0.049524733796715743 0.06094936095178128 0.38858269155025488 0.29949583113193518 -0.24460664391517636 -0.088573273271322236 0.24005681276321414 0.07528408989310266 -0.11789772659540175 -0.08096591010689734 -0.066379640251398073 -0.13902976363897321 0.48809692263603216 0.23968589305877688 0.57629799842834484 0.2834028452634812 0.14853636920452121 -0.12152498587965964 -0.20565284043550489 0.12106416374444963 0.20959558337926867 -0.43540009856224055 0.56420809030532848 -0.19891705363988874 -1.0000000180025095e-35 -0.34317517280578608 -0.13677545636892316 0.25539334863424307 0.39781390130519872 0.13815743476152423 -0.055901374667882912 0.096557971090078368 0.0016651449259370568 0.071057274937629714 -0.077174432575702653 -0.35158383846282953 -0.085231561213731752 0.035511363297700889 -0.31707975268363947 -0.12464594095945357 -0.17690661549568173 -1.0000000180025095e-35 -0.13590420037508008 -0.19200461357831952
decision_type=2 2 2 2 2 2 2 2 2 2 2 2 2 2 2 2 2 2 2 2 2 2 2 2 2 2 2 2 2 2 2 2 2 2 2 2 2 2 2 2 2 2 2 2 2 2 2 2 2 2 2 2 2 2 2 2 2 2 2 2 2 2 2 2 2 2 2 2 2 2 2 2 2 2 2 2 2 2 2 2 2 2 2 2 2 2 2 2 2 2 2 2 2 2 2 2 2 2 2 2 2 2 2 2 2 2 2 2 2 2 2 2 2 2 2 2 2 2 2 2 2 2 2 2 2 2
left_child=1 10 3 36 49 6 9 12 38 108 47 57 54 19 24 43 31 50 35 26 21 -21 23 53 25 -15 73 29 -29 -28 96 75 33 -33 118 -10 42 -38 39 -3 -41 -42 -2 44 45 46 -9 63 -49 -4 83 -52 -53 -23 56 -56 -7 -12 71 60 61 72 64 -1 -57 88 86 68 -68 70 -65 -46 -60 81 -59 -17 77 80 -78 -80 -19 -13 -14 85 -85 -18 -45 -88 89 90 -66 -63 -22 -94 95 -95 97 98 99 -30 102 -102 103 -24 105 -104 117 -105 112 115 116 -112 113 -6 -114 -110 -111 -107 124 120 -120 -121 123 -123 -16 -126
right_child=2 8 4 -5 5 7 -8 15 18 -11 11 13 82 14 34 16 17 76 -20 20 92 22 100 -25 -26 -27 27 28 30 -31 -32 32 -34 -35 -36 -37 37 -39 -40 40 41 -43 -44 66 58 -47 -48 48 -50 -51 51 52 -54 -55 55 62 -58 74 59 -61 -62 91 -64 69 65 -67 67 -69 -70 -71 -72 -73 -74 -75 -76 -77 78 -79 79 -81 -82 -83 -84 84 -86 -87 87 -89 -90 -91 -92 -93 93 94 -96 -97 -98 -99 -100 -101 101 -103 104 107 -106 106 -108 -109 109 110 111 -113 114 -115 -116 -117 -118 -119 119 121 -122 122 -124 -125 125 -127
leaf_value=-1.1177378823538125e-06 0.009740268483060326 0.0062735554014447265 -0.00092686970984982246 0.015328548803344295 -0.0026756362263641426 0.0076761244552519675 0.019606306814375293 -0.014644927584620986 -0.0038681649024209772 -0.0065635447364478195 -0.0036908977591214561 -0.005568628278741581 -0.0038763012542434873 0.015524790007173495 0.0036796744073995043 -0.0063670052546762673 -0.00674468065160735 0.0012167416090872111 -0.013647543078681275 0.0054936629181276042 0.00098989209299730802 -0.0040265991067532057 -0.0019401951561487071 0.00015733652419539437 0.0017023641770906035 0.0025405827669737779 -0.00058147219834350046 0.009349448235545451 -0.0075962764602320754 -0.01170400294319184 -0.0070591791677239116 0.006160650952691569 -0.011784468044823838 -0.004463353680477543 0.0023378649801880235 -0.013034865989260364 0.0042249612194226304 -0.0079572691463968594 -0.010801951726704411 -0.010504614487653404 -0.0078053156852337076 3.1534589909604794e-05 0.0020664192672621867 -0.010077311196784908 0.0040165592479962575 0.0020991806316785653 -0.00095965643966503553 -0.0022913151668768803 -0.015339508510803859 -0.0073195050743843984 -0.00033647844719794781 0.011189843504348221 0.00073567705838020433 -0.015615724246584981 -0.011858200597065157 0.0043112476886363899 -0.002825650795067644 0.0002162141368129085 -0.0052147407033629805 0.0049495742802181594 0.0072101813420822076 -0.0022904450589074283 0.0047476459367315994 -0.0080568815344705409 -0.0055985745316769354 -0.012726715580070682 0.0029018406943730995 0.0074551942119847866 -0.0046566326659386202 -0.01196269637194481 0.0037960704259328154 0.01265513063304711 0.0055040559074131454 -0.009000448584443552 0.006641731626710389 0.00034703683278043917 -0.0090989235670407165 0.0082225697136963892 0.0063905981890034309 -0.0046584183818111236 -0.005354382941514111 0.0027010762707539177 -0.014678619406864201 0.011819294228456319 -0.0020441822719822456 0.0030097180546320378 -0.0083888015455266148 0.0019372619821235624 0.0040194342480472595 -0.012458490740401455 0.0044347394863329904 -0.013039280163766801 -0.0062630166040571452 -0.0035329650086623377 -0.0096290503848062564 0.0041860209319913742 0.0072336260725888862 -0.0075047854071197588 0.0075883886282304604 0.0024722512269204468 -0.0088280599342991477 0.0019340302330236488 0.0050891607000826547 0.012499736575031643 0.0058704095468439643 -0.0040350556732345055 -0.0087641481380795784 0.0036621217766740922 0.0042547434172160847 -1.6629215032491314e-05 0.003942362765421749 -0.0056177951505741262 0.011282119785425085 0.010429199657635545 0.00328927885008921 0.00039967636966722084 -0.0095826973765123676 0.004804056005890958 -0.0021216995730389213 0.00289741285222945 -0.0098409864481646507 0.0079729222254685261 -0.0043510075689321363 -0.0054524596425564635 -0.0037428790744361826 0.0017303284926282372
leaf_weight=1697 364 322 14023 279 593 412 259 260 1713 363 356 823 328 308 1112 439 448 1398 394 944 950 339 321 521 1094 304 441 299 297 494 478 251 366 1616 2433 295 261 432 251 319 580 2792 11683 310 4666 1007 464 513 346 521 502 926 307 273 281 282 356 681 269 849 260 295 359 257 523 280 619 519 685 308 257 255 356 904 1190 2994 522 331 307 577 600 352 273 361 381 466 260 547 281 252 291 288 1381 627 252 612 297 384 383 433 325 327 335 403 448 446 454 435 3294 316 851 265 641 281 663 1759 382 350 918 1173 772 398 1297 365 1402 1689
leaf_count=1697 364 322 14023 279 593 412 259 260 1713 363 356 823 328 308 1112 439 448 1398 394 944 950 339 321 521 1094 304 441 299 297 494 478 251 366 1616 2433 295 261 432 251 319 580 2792 11683 310 4666 1007 464 513 346 521 502 926 307 273 281 282 356 681 269 849 260 295 359 257 523 280 619 519 685 308 257 255 356 904 1190 2994 522 331 307 577 600 352 273 361 381 466 260 547 281 252 291 288 1381 627 252 612 297 384 383 433 325 327 335 403 448 446 454 435 3294 316 851 265 641 281 663 1759 382 350 918 1173 772 398 1297 365 1402 1689
internal_value=-3.06783e-05 -0.00118356 0.000684278 0.00228456 0.000289233 0.000840307 0.00273718 0.000198299 -0.00367756 0.00226527 -0.000696314 -0.000403135 -0.00276201 -0.000671119 0.000327758 0.00066939 -0.000288776 0.00112658 -0.00664206 -0.00153772 -0.000625311 0.000622377 -0.000296507 -0.00490284 0.00439296 0.00913885 -0.00312299 -0.00160601 0.000162999 -0.00649502 -0.00103829 -0.00207468 -0.00447086 -0.00301082 -0.000269946 -0.00524229 0.001994 -0.00330988 -0.00199867 -0.00143423 -0.00211924 -0.0013106 0.00230257 0.00170136 0.00245813 -0.00124228 -0.00593492 -0.0033594 -0.00759768 -0.00115905 0.00362437 0.00600076 0.00861072 -0.00926561 -0.00164565 -0.00298795 0.00276128 0.00301983 0.00334826 0.000940128 -0.00136091 -0.00324602 -0.00186577 -0.00189792 -0.00313134 -0.00444857 -0.000595166 0.00136332 -0.00104165 -0.00583238 -0.00207808 0.00447527 0.000827555 -0.00566307 0.00432078 -0.000505645 -0.00113236 0.000522839 -0.00389679 -0.000779929 -0.000742591 -0.00306208 -0.00884917 0.00111355 0.00465979 -0.00173471 -0.00382031 -0.00136345 -0.00268947 -0.00449469 -0.00196925 -0.00766558 -0.00256611 -0.0037554 -0.00140798 0.000252043 0.000552775 -0.000757647 0.00154862 -0.0015826 0.00105421 -0.00337915 0.00197267 0.00518398 0.000123345 -0.001487 -0.00328435 0.00796061 0.00262498 0.00187713 -0.00100698 0.00163202 0.00496468 0.0015174 0.00724884 0.00291932 -0.00527146 -0.000108045 -0.000969334 -0.00216313 -0.00567036 -0.000317914 -0.00216535 0.00150297 0.00042104 -0.000741673
internal_weight=106713 40864 65849 13019 52830 38286 9667 28619 6666 9408 34198 30820 3918 28593 13265 24701 12792 7126 2402 15328 9743 5921 4977 1133 1706 612 5585 3506 2571 935 2272 5666 2233 1867 11559 2008 12740 693 4264 4013 3691 3372 12047 11909 8969 1731 724 3378 859 14544 3391 1735 1233 612 3317 2549 768 2227 7238 2317 1468 1208 2268 2519 1909 1627 2940 1823 1304 822 514 4921 625 2079 1871 3433 3735 2329 1406 884 1998 1175 601 1656 742 914 1117 807 1347 1066 814 583 3822 2872 1491 1239 1794 1497 1113 730 3844 652 3192 1159 2033 1585 1250 838 9045 6867 1814 1116 2178 874 1304 5053 698 796 9126 4923 1690 3233 2060 763 4203 3091
internal_count=106713 40864 65849 13019 52830 38286 9667 28619 6666 9408 34198 30820 3918 28593 13265 24701 12792 7126 2402 15328 9743 5921 4977 1133 1706 612 5585 3506 2571 935 2272 5666 2233 1867 11559 2008 12740 693 4264 4013 3691 3372 12047 11909 8969 1731 724 3378 859 14544 3391 1735 1233 612 3317 2549 768 2227 7238 2317 1468 1208 2268 2519 1909 1627 2940 1823 1304 822 514 4921 625 2079 1871 3433 3735 2329 1406 884 1998 1175 601 1656 742 914 1117 807 1347 1066 814 583 3822 2872 1491 1239 1794 1497 1113 730 3844 652 3192 1159 2033 1585 1250 838 9045 6867 1814 1116 2178 874 1304 5053 698 796 9126 4923 1690 3233 2060 763 4203 3091
is_linear=0
shrinkage=0.0667171


Tree=40
num_leaves=127
num_cat=0
split_feature=18 21 21 18 21 0 18 18 0 21 21 0 9 0 18 18 17 10 21 4 3 9 10 0 18 21 11 5 16 18 21 5 10 9 3 8 7 19 0 18 21 11 21 18 10 19 11 18 10 14 0 19 21 10 18 8 18 3 10 5 4 5 4 18 15 11 21 11 4 15 0 15 4 0 16 7 15 9 16 17 15 93 3 9 14 4 3 14 4 8 10 19 9 11 3 15 4 4 18 3 18 18 0 8 1 10 19 7 11 8 19 21 21 7 3 3 3 18 10 5 18 10 21 3 9 14
split_gain=16.2982 11.3027 10.9108 12.8242 10.4443 13.1651 6.31905 6.24529 6.0815 9.7706 5.93943 10.2633 5.8754 5.85813 6.17617 5.97075 5.82949 6.65416 5.66135 9.80211 5.95027 5.56109 5.41466 5.26175 8.1723 14.1129 6.01475 5.14634 5.01836 4.77991 4.97294 6.26812 5.58203 5.31595 4.98509 4.80166 5.32917 5.14252 4.92017 5.5833 5.98004 4.81334 4.75334 7.27027 4.6777 6.56638 5.82879 5.03188 4.99101 4.64395 4.58874 5.28646 5.32532 5.95994 6.63019 5.33751 4.77951 4.53692 6.01493 5.36981 4.27126 5.79482 4.26644 4.8685 4.25805 6.21423 4.12482 3.9858 3.97431 3.96575 3.82271 3.88897 3.78556 4.1838 3.95184 3.74516 3.73199 3.69379 3.6779 5.88188 3.67599 3.6688 3.62544 3.59192 3.5826 3.50834 3.49479 4.36769 3.49424 4.61313 4.54166 9.2433 4.67436 3.46326 3.43713 4.94444 6.82341 7.87305 3.35134 5.50908 7.63652 4.78006 3.79056 4.55356 3.55645 3.36539 5.66643 4.59018 3.34556 4.32292 3.31807 3.30724 3.29962 3.88723 3.27849 3.22286 3.58716 5.12704 3.87179 3.59671 3.23684 3.67874 5.21834 4.76597 3.32407 3.75342
threshold=-0.058091631159186356 -0.053773691877722733 0.032595351338386543 0.096665639430284514 0.17176358401775363 0.48721592128276831 0.20737238228321078 -0.14464228600263593 0.47017045319080358 0.21979128569364551 -0.2010899409651756 0.47301135957241064 -0.24371481686830518 0.49289773404598242 -0.035081364214420312 0.026488136500120166 0.31871135532855993 0.073982462286949172 -0.15415733307600019 0.4770773202180863 0.5005888342857362 0.15254098922014239 -0.16839562356472013 0.46448864042758947 0.031402070075273521 0.071057274937629714 -0.28452830016613001 -0.37499999999999994 1.0000000180025095e-35 -0.32173828780651087 -0.54573827981948841 0.37500000000000006 0.16589901596307757 -0.29597520828247065 -0.1485595032572746 0.0012657745974138381 0.14793612062931064 -0.040019819512963288 0.29687500000000006 -0.20379465818405149 -0.30865362286567682 -0.2135040462017059 0.38562962412834173 0.42243160307407385 0.21442810446023944 0.096964869648218169 0.12650631368160251 0.15504919737577441 0.043737068772315986 0.038575472310185439 0.36789773404598242 0.0048614367842674264 -0.34317517280578608 0.57546344399452221 -0.38347558677196497 -0.17713839560747144 -0.38347558677196497 0.15633092820644381 -0.17380151897668836 -1.0000000180025095e-35 -0.4771131426095962 -1.0000000180025095e-35 -0.23193810880184171 -0.44855967164039606 -0.14054531604051587 -0.043922277167439454 -0.29365147650241846 -0.44840271770954127 -0.49001491069793696 0.7374040186405183 0.28551135957241064 0.23733486980199817 -0.18727959692478177 -0.31392045319080347 -0.097631026059389101 0.0052214006427675494 -0.087549924850463853 0.13797158747911456 0.44766594469547277 -0.3045088499784469 -0.016920122317969796 1.0000000180025095e-35 -0.20948321372270581 -0.092796452343463884 0.40273177623748785 -0.38004273176193232 0.2599740624427796 -0.12339395657181738 -0.36324852705001826 -0.090975672006607042 0.058669773861765868 -0.013687848113477228 -0.029248823411762711 -0.53287884593009938 -0.35627987980842585 0.4616128951311112 -0.4539192914962768 0.12489546835422517 -0.13264068961143491 -0.10119250044226645 -0.090686492621898637 -0.12176372483372687 -0.14914772659540174 -0.17334724962711331 -0.16903409361839292 0.10106261447072031 -0.14192452281713483 -0.060069352388381951 0.15017911791801455 0.046233167871832855 -0.071481898427009569 0.16171543300151828 -0.14242418110370633 -0.047602890059351914 -0.37866973876953119 0.5005888342857362 0.38402506709098821 -0.021325975656509396 -0.078774958848953233 1.0000000180025095e-35 -0.021325975656509396 0.43227565288543707 -0.12156524136662482 -0.23148630559444425 -0.40114244818687433 -0.06098371930420398
decision_type=2 2 2 2 2 2 2 2 2 2 2 2 2 2 2 2 2 2 2 2 2 2 2 2 2 2 2 2 2 2 2 2 2 2 2 2 2 2 2 2 2 2 2 2 2 2 2 2 2 2 2 2 2 2 2 2 2 2 2 2 2 2 2 2 2 2 2 2 2 2 2 2 2 2 2 2 2 2 2 2 2 2 2 2 2 2 2 2 2 2 2 2 2 2 2 2 2 2 2 2 2 2 2 2 2 2 2 2 2 2 2 2 2 2 2 2 2 2 2 2 2 2 2 2 2 2
left_child=1 7 13 23 5 44 8 10 69 -10 29 16 -3 15 -15 21 22 28 19 68 98 81 -12 26 -25 -26 -4 -24 -18 30 32 50 34 -33 93 36 38 41 64 40 -40 77 60 94 45 47 -47 48 -5 -45 51 62 53 54 -53 -54 -52 -14 -59 75 61 -8 -32 -64 66 85 110 -56 -9 -6 71 88 -70 -74 -75 -60 111 84 79 -46 -43 115 -51 -68 -37 -66 87 -23 89 -29 112 -92 -93 -1 -44 96 -96 -98 104 100 105 -101 103 -103 -20 106 -100 -108 109 -61 -31 -28 -90 -114 -102 116 120 118 -118 -119 124 122 -122 -124 -2 -126
right_child=2 12 3 4 6 -7 42 18 9 -11 11 -13 57 14 -16 -17 17 -19 20 -21 -22 86 27 24 25 -27 76 70 -30 35 31 33 -34 -35 -36 37 -38 -39 39 -41 -42 80 43 49 78 46 -48 -49 -50 82 56 52 55 -55 67 -57 -58 58 59 108 -62 -63 63 -65 65 -67 83 -69 72 -71 -72 -73 73 74 -76 -77 -78 -79 -80 -81 -82 -83 -84 -85 -86 -87 -88 -89 90 -91 91 92 -94 -95 95 -97 97 -99 99 101 114 102 -104 -105 -106 -107 107 -109 -110 -111 -112 -113 113 -115 -116 -117 117 119 -120 -121 121 -123 123 -125 125 -127
leaf_value=0.0055887794893848377 0.0070368465138128423 -0.0087517933784898548 0.0088368782323232347 0.0012711004783992168 -0.00055199784393760527 0.015210758979973687 0.0034292955177180509 -0.0054773583184602658 0.00053023353225626008 -0.014680516855083986 -0.0069411316239688346 -0.012529740418656983 -0.0045025629961449624 -0.00022605913062890911 0.012392357236289767 0.0029743375629839026 -0.0055986548254284181 -0.012092183743178537 -0.0089699967659601695 0.016032637897833761 0.0094654374229373693 -0.0071199630310560284 0.0042144118172662481 -0.014673244524614468 0.010685971550229602 -0.0083922273438796786 -0.0026910894148475355 -0.0055275780577935399 0.0047001519659258112 0.0090970446448815825 -0.0093831740703521314 -0.013661334800271516 -0.0010191442042510731 -0.0038255567491107065 0.010681983111386498 -0.0047077143597299672 -0.0066234387369796619 0.0059678389627616946 0.0094013761798952804 0.012362860149426601 -0.0031977174106002661 0.010803088629587667 3.6161609202128593e-06 9.3376591806513647e-05 -0.0067086950577863883 0.011029062412105033 0.0032620699352850116 0.0046872070777642418 -0.0062698035678090012 0.0013870128594226695 -0.01197274616897539 0.011396768786834117 0.003741884653643294 -0.0036289065774998798 0.006041166448590163 -0.0063479516825219037 -0.00081109994701109554 0.007828597335400268 -0.0014588335388387046 -0.0018732165278942383 0.0027533971230324747 -0.0089367288400710732 -0.0073637123102760485 0.0045690199533490418 -0.0025122120135650269 0.0017707686754738366 0.00047278876772261386 -0.005007402563661085 0.0071894094902180778 -0.007422514685844284 0.0035238358601071911 -0.0099693734785479861 0.0077513530278866781 0.0014627720519727243 -0.0082115735711995319 -0.0092446435409957121 -0.00075213380885098824 -0.0094938953425667254 0.0065245710981139977 0.00093288484696803979 1.7004305519860145e-05 -0.0061529555474537229 0.0099315203031814809 -0.008670181420313481 0.0051166773681570396 -0.012722274618978945 -0.0054115221164971611 0.0020339721794795452 -0.0018194529644128498 0.0048386974530479961 0.0068117475473219481 -0.00012957574852940712 -0.011658440608028656 -0.0025957181960877358 0.0066422924442115557 -0.010968024550924818 -0.012616630333462546 0.00071231698313850165 0.0057694154455667692 0.0054422339483208085 0.0037760615364080654 -0.008222391013860339 -0.0076184334126109254 0.0015841409639310577 1.6163621006551488e-05 0.0068142460226122657 0.0011060987844569777 -0.0088986560853362463 -0.0047274242867445786 0.0048054239576192873 0.00060886607158574439 -0.009849554282650913 -0.0031615303725921378 -0.013687025239495748 0.013814521042474593 -0.0036372755922477865 0.0018498448715376906 0.0037275784836032231 0.010955938770920031 -0.0051163678627254589 0.0093739244088290163 -0.0048843816205482136 0.0052011751112799659 -0.00068419738717529486 0.0032649411384849895 -0.0016807665815994923
leaf_weight=446 273 802 252 3161 6804 352 323 251 357 382 603 432 3292 264 463 8973 702 485 405 258 270 298 928 340 250 535 3017 260 294 375 448 370 3916 755 361 344 536 1411 258 284 461 267 834 3396 650 734 1076 1769 442 474 346 544 364 364 323 625 346 305 525 863 5697 341 273 334 266 436 705 257 725 394 621 259 316 707 251 601 8504 252 289 1410 301 275 428 256 312 368 932 1006 535 679 508 363 279 463 257 470 381 394 321 292 299 289 672 743 361 252 346 472 509 848 466 320 294 355 301 490 322 651 632 293 541 250 1160 1273 881 2971
leaf_count=446 273 802 252 3161 6804 352 323 251 357 382 603 432 3292 264 463 8973 702 485 405 258 270 298 928 340 250 535 3017 260 294 375 448 370 3916 755 361 344 536 1411 258 284 461 267 834 3396 650 734 1076 1769 442 474 346 544 364 364 323 625 346 305 525 863 5697 341 273 334 266 436 705 257 725 394 621 259 316 707 251 601 8504 252 289 1410 301 275 428 256 312 368 932 1006 535 679 508 363 279 463 257 470 381 394 321 292 299 289 672 743 361 252 346 472 509 848 466 320 294 355 301 490 322 651 632 293 541 250 1160 1273 881 2971
internal_value=6.77636e-06 -0.00104273 0.00065477 4.82932e-05 0.00079469 0.00258199 -4.76966e-05 -0.000502621 -0.00153219 -0.00728994 -0.00100306 -0.00256554 -0.00333646 0.00186992 0.00775872 0.00166597 -0.00195705 -0.00568557 0.00118258 0.00377006 -0.000103232 0.000704489 -0.000978112 -0.00168914 -0.00605527 -0.00226306 -0.00127946 -0.000261187 -0.00252221 -0.000335404 -0.00124573 -0.00267306 0.000220128 -0.00710006 0.0040641 0.000974149 -0.000403222 0.00308966 0.000451368 0.00447333 0.00129445 0.000314421 0.000856462 -0.000388481 0.00210916 0.00295479 0.00643423 0.00177481 0.00033382 0.00123352 -0.00148401 -0.000499543 0.00117408 0.00370313 0.00611518 -0.00259425 -0.00644369 -0.00270437 -0.0010727 -0.00189848 0.00216004 -0.00286788 -0.00445437 -0.000755039 -0.000943517 -0.00427826 0.00101961 0.00109453 0.00233772 -0.000934803 -0.00127089 -0.00212565 0.00334106 0.00111975 -0.00104683 -0.0056456 -0.00149925 -0.00267244 -0.00046181 -0.00146548 0.0051353 0.00137827 0.00548175 -0.00193728 -4.06765e-06 -0.00849436 -0.00229607 -4.25562e-05 -0.00148942 0.00192105 -0.00287666 7.85107e-05 -0.0051979 0.00138858 -0.00338612 -0.00529199 -0.00266392 -0.00580301 -0.000658215 0.000110302 0.00259957 -0.00235572 -0.00371965 -0.00114282 -0.00469223 -8.90412e-05 -0.00165821 -0.00462521 -8.54785e-07 0.00141761 0.00443776 -0.00339197 -0.00577353 -0.00897808 0.00887415 0.00159595 0.00187786 0.00446789 0.00791664 0.00094455 0.00120356 0.00278646 0.0034471 0.00210995 -2.62048e-05 -0.000539481
internal_weight=106687 40706 65981 44033 30815 9883 20932 32961 7937 739 25430 7597 7745 21948 727 21221 7165 1481 7531 2508 5023 12248 5684 13218 1125 785 12093 5081 996 17833 10535 5349 5186 1125 1270 7298 4411 2887 3875 1003 719 1476 12995 6634 9531 7182 1810 5372 3603 4298 4224 3532 2477 1488 1124 989 692 6943 3651 3346 6361 664 1055 607 2872 1070 1802 580 2250 7198 4153 3532 1999 1274 958 1126 11841 908 2349 2060 568 10012 902 961 656 634 2236 1304 3273 939 2334 1150 642 909 2336 1502 1032 775 4753 3987 1991 1996 1704 1032 766 1391 1139 818 2220 1711 841 3337 1184 649 600 9737 9247 1898 954 944 7349 3224 2974 2433 4125 3852
internal_count=106687 40706 65981 44033 30815 9883 20932 32961 7937 739 25430 7597 7745 21948 727 21221 7165 1481 7531 2508 5023 12248 5684 13218 1125 785 12093 5081 996 17833 10535 5349 5186 1125 1270 7298 4411 2887 3875 1003 719 1476 12995 6634 9531 7182 1810 5372 3603 4298 4224 3532 2477 1488 1124 989 692 6943 3651 3346 6361 664 1055 607 2872 1070 1802 580 2250 7198 4153 3532 1999 1274 958 1126 11841 908 2349 2060 568 10012 902 961 656 634 2236 1304 3273 939 2334 1150 642 909 2336 1502 1032 775 4753 3987 1991 1996 1704 1032 766 1391 1139 818 2220 1711 841 3337 1184 649 600 9737 9247 1898 954 944 7349 3224 2974 2433 4125 3852
is_linear=0
shrinkage=0.0667171


Tree=41
num_leaves=127
num_cat=0
split_feature=18 21 21 18 2 21 2 21 18 2 7 18 16 18 1 4 1 21 13 21 18 12 21 2 12 15 3 4 21 12 21 14 11 21 18 21 21 9 12 21 2 16 3 3 14 21 14 15 12 3 4 20 12 17 4 14 3 1 18 11 17 17 4 18 8 18 17 16 14 4 1 18 8 17 14 16 5 18 12 1 20 13 13 8 3 16 20 11 9 15 15 3 20 1 1 12 16 15 12 15 1 2 8 9 14 16 16 13 3 1 14 9 2 3 16 17 1 13 21 15 15 15 20 20 16 8
split_gain=15.0527 11.7985 10.955 10.1839 9.88807 9.70638 9.91314 7.08309 7.4604 6.55266 6.3466 6.33705 5.99574 6.00682 7.79012 6.35646 5.88836 9.01114 5.17652 5.37291 7.00669 5.02751 4.89679 4.6786 4.96359 4.84769 6.38996 4.57881 4.50402 6.0516 4.48123 4.45911 4.42019 4.20787 5.42402 5.03411 4.98353 4.31872 6.00513 4.14811 5.66376 5.31038 4.6441 4.58841 8.30497 4.06857 5.94773 5.31539 4.34381 4.09754 3.98277 3.85694 4.54488 4.10554 5.8494 5.27729 5.13304 4.05142 4.09381 3.75156 3.72161 4.64356 3.98028 3.65276 4.16622 3.6498 3.67913 6.24831 5.36012 4.26563 3.56722 3.55318 7.16918 3.54833 3.52577 3.50867 5.97674 4.05331 3.45704 3.64072 3.43818 3.41226 3.78252 3.4554 3.39656 6.78371 4.2512 4.70823 3.59362 3.35006 3.31226 3.31171 4.66827 4.82498 4.18427 6.62199 4.21305 5.95202 4.68 3.36155 4.48698 3.22323 3.99642 5.62342 3.69994 3.48477 3.20878 4.15317 3.22254 3.53266 5.57763 4.42047 6.01357 6.00598 3.88633 3.87332 3.18751 3.17706 3.14926 8.06262 7.42087 3.18571 3.14701 3.83156 3.14649 3.10952
threshold=0.096665639430284514 0.17176358401775363 0.062254153192043311 -0.14464228600263593 0.48721592128276831 -0.090928677469491945 0.49289773404598242 -0.20565284043550489 -0.57647010684013356 0.48153407871723181 0.13045245409011844 0.19778967648744586 -0.36856618523597712 -0.0096093527972698194 -0.50142046809196461 0.4457684606313706 -0.46732954680919642 0.21979128569364551 0.21997722238302234 -0.51055508852004994 -0.32173828780651087 0.13247570395469668 -0.5822576880455016 0.45880682766437536 0.041566608473658569 -0.087549924850463853 0.46541532874107366 -0.12514853850007054 0.090935196727514281 -0.26174384355545038 0.030313904397189621 0.31050579249858862 0.23472466319799426 0.2918361127376557 0.42243160307407385 0.55455446243286144 0.38562962412834173 0.15580300986766818 -0.046763865277171128 -0.018574233166873452 0.36221592128276831 -0.20902445167303083 0.49308374524116522 0.38928070664405828 -0.063955634832382188 0.071057274937629714 0.17676957696676257 0.16437020152807238 0.60875356197357189 0.17175004631280902 -0.48522816598415369 0.038155868649482734 0.0017381361103616657 0.40399827063083654 -0.49807056784629816 0.011828226502984764 -0.34452423453330988 -0.26278407871723169 -0.065505117177963243 -0.57009485363960255 0.15856464952230456 0.41773335635662084 0.17150787264108661 -0.38347558677196497 -0.16267035901546475 -0.59597384929656971 0.31871135532855993 0.055775165557861335 0.3030760139226914 -0.23918534070253369 0.30823864042758947 -0.058091631159186356 0.0092203603126108664 -0.17078959196805951 -0.087730962783098207 0.14604976773262027 1.0000000180025095e-35 0.25915643572807318 0.055008575320243842 0.06960227340459825 0.12867714464664462 -0.33138750493526453 -0.52534303069114674 0.0012657745974138381 0.3262240737676621 -0.11738410592079161 -0.0048093076329678288 -0.016201619058847424 -0.04830698482692241 0.3164439350366593 -0.25346390902996058 -0.36766564846038813 0.047028858214616782 0.25142045319080358 0.39914773404598242 -0.22664380073547361 0.33604107797145849 0.27112902700901037 0.036895368248224265 -0.038056835532188409 0.24573864042758944 0.48153407871723181 0.050336427986621864 0.14077953249216082 -0.11447820812463759 0.20858427882194522 -0.11738410592079161 -0.16199221462011335 -0.49797412753105158 0.45596592128276831 -0.15608503669500348 0.019770233891904358 -0.061079544946551316 0.29405258595943456 0.23522112518548968 -0.092082552611827836 -0.29119317233562464 -0.21089017391204831 0.083113092929124846 0.65447005629539501 0.49923963844776159 0.39939324557781225 -0.037971185520291321 0.044256864115595825 0.0089508416131138819 0.12708888202905658
decision_type=2 2 2 2 2 2 2 2 2 2 2 2 2 2 2 2 2 2 2 2 2 2 2 2 2 2 2 2 2 2 2 2 2 2 2 2 2 2 2 2 2 2 2 2 2 2 2 2 2 2 2 2 2 2 2 2 2 2 2 2 2 2 2 2 2 2 2 2 2 2 2 2 2 2 2 2 2 2 2 2 2 2 2 2 2 2 2 2 2 2 2 2 2 2 2 2 2 2 2 2 2 2 2 2 2 2 2 2 2 2 2 2 2 2 2 2 2 2 2 2 2 2 2 2 2 2
left_child=2 4 3 7 45 6 -5 8 22 65 12 16 27 31 -15 30 17 -3 19 21 -21 -10 90 25 -25 26 28 -7 -4 -30 73 39 -20 37 36 -36 -35 50 -39 41 42 -14 43 44 71 48 106 49 91 -48 -13 53 116 54 -43 -55 57 58 -56 -24 -12 125 -63 64 -23 -9 68 81 -67 -69 78 -41 -73 -16 -17 76 -52 -77 79 -37 -70 82 -68 -83 86 -86 87 -58 -87 -75 -1 -2 94 -94 96 -96 97 98 99 -93 -101 102 105 -104 -105 -80 -47 -108 -109 110 114 113 -113 115 -110 -112 -53 -31 121 120 -120 -27 -114 -124 -115 -62
right_child=1 11 23 5 -6 10 -8 9 18 -11 60 33 13 14 15 74 -18 -19 32 20 -22 63 59 24 -26 118 -28 -29 29 117 -32 -33 -34 34 35 70 -38 38 -40 40 -42 51 -44 -45 -46 46 47 -49 -50 -51 75 52 -54 55 56 -57 84 -59 -60 -61 61 62 -64 -65 -66 66 67 69 80 -71 -72 72 -74 89 -76 77 -78 -79 101 -81 -82 83 -84 -85 85 88 -88 -89 -90 -91 -92 92 93 -95 95 -97 -98 -99 -100 100 -102 -103 103 104 -106 -107 107 108 109 -111 111 112 122 124 -116 -117 -118 -119 119 -121 -122 -123 123 -125 -126 -127
leaf_value=0.0030575669553861368 -0.0010776894903434472 0.00039846874875641713 -0.007616822186257307 0.001963085966484362 0.013761956889214236 -0.012176696701567857 0.012708188841405779 0.0036543175094439257 -0.0024133792598797503 -0.010597575885441845 -0.00073997450441552737 -0.0026903322082574188 0.0097747366102586709 0.013307597091392731 -0.00016563466903050285 -0.010627992434529642 -0.00072061952001500537 -0.013981441682832076 0.010256964750915955 -0.0029211202457273431 0.00085089781494564881 -0.0012122031308819899 -0.011599821682622283 -0.0024259273025030634 -0.013012803160255043 7.6337799259165414e-05 -0.012019114244070038 -0.00096685338344339134 0.0048634155087130043 -0.0017876313406944911 -8.8892475238102467e-05 -0.0090329256041455259 0.00057383134743494975 0.00071662498408569609 0.0051692994923670981 0.011386029599061395 -0.0033699372704443769 -0.0088344703664955948 0.0025739137577375508 -0.0016099360381316822 -0.0084775015384165441 -0.0068573143293712089 -0.009265580684438661 0.0049345178862255888 -0.0053048296644201054 0.00818533258181222 0.0047013419421907347 -0.011221979326680977 0.012117844447315175 -0.0060545707584510194 0.0045043328532159048 0.00027748401568875833 0.0043819534975696869 -0.0078858449294624371 -0.0024241373582125441 0.0021091237967251508 0.017948821614781563 -0.0052614537079950403 0.0090285234105992283 -0.0037367252523915441 -0.0050352629953591861 0.00075334941038177712 -0.0069690424200163576 0.011317183395833763 0.0067941538702682063 -0.0025184743057863716 -0.0094569859349404352 0.0074783126783563572 0.0056490887428511339 -0.0043220354222529836 -0.0069216977090697518 0.014575299370708074 4.6291880388923379e-05 0.0049336492640536522 -0.00072297676571360619 1.6610273833002767e-05 0.015012210042739865 0.0091038723978951082 -0.010039958358786865 0.00067731198312886195 -0.0016444341137882659 -0.015614811231870628 -0.00055973990700305064 -0.0061602262815578885 0.011464248252088713 -0.0073994199445719484 0.0019011642069917158 0.0066922383788931084 0.0024966876908447868 -0.0025531521714555216 -0.0021158455661078606 0.010837962102756586 0.01561458077678974 0.0049296908395074484 0.004526527809827624 -0.0051739647726945226 -0.0023753434437703497 0.012300725373225289 -0.00030806983322513587 -0.00064808145512317635 0.0097182640530346833 0.0069157140833716645 0.0096214594040703386 -0.0061243143069250987 0.004404838097745634 -0.0012051929060287519 -0.0043807549959283482 0.0093370141760175229 -0.0078725822246983341 0.0072330719405150727 -0.0082544886058079255 0.00094649738910679813 0.002437324834113195 0.0097238404371020812 0.0018458243395452685 -0.00024679634097256358 -0.0078459893388047597 -0.010433224434882517 -0.0018792451601301646 -0.010624521360204498 0.0081930103170189013 0.008119500978755299 0.016006331207666733 0.0062259062617669777 0.00059631123950294176 -0.014234172967404014
leaf_weight=678 654 373 668 9264 349 280 397 451 498 427 3183 280 286 263 942 253 6863 389 437 3340 6345 487 363 436 371 1508 425 395 509 753 2348 256 414 3045 1545 269 2338 278 755 474 502 266 265 631 1205 362 340 282 263 288 671 314 291 429 270 505 259 448 273 1131 425 818 457 344 683 5815 353 260 651 277 262 254 376 3513 446 714 386 316 304 307 501 317 548 414 255 258 385 497 427 279 2804 461 278 619 630 616 349 451 756 450 306 252 291 345 253 592 454 268 452 494 412 1283 371 311 296 787 621 256 5033 438 344 255 299 484 378 283
leaf_count=678 654 373 668 9264 349 280 397 451 498 427 3183 280 286 263 942 253 6863 389 437 3340 6345 487 363 436 371 1508 425 395 509 753 2348 256 414 3045 1545 269 2338 278 755 474 502 266 265 631 1205 362 340 282 263 288 671 314 291 429 270 505 259 448 273 1131 425 818 457 344 683 5815 353 260 651 277 262 254 376 3513 446 714 386 316 304 307 501 317 548 414 255 258 385 497 427 279 2804 461 278 619 630 616 349 451 756 450 306 252 291 345 253 592 454 268 452 494 412 1283 371 311 296 787 621 256 5033 438 344 255 299 484 378 283
internal_value=4.38033e-05 0.00118788 -0.000506404 -0.000155501 0.00270521 0.000628928 0.00241044 -0.00110504 -0.000294061 -0.00252071 -9.80552e-05 0.000185024 0.000478721 0.000714724 0.00206455 0.00167705 -0.0013441 -0.00690151 0.000570651 0.000202025 -0.000446742 0.00333851 -0.0024805 -0.00244428 -0.00734114 -0.0020521 -0.00453427 -0.005673 -0.00305646 -0.00102067 0.00227924 -0.000395957 0.00558647 0.00107067 0.000365365 0.00209902 -0.00105229 0.00309345 -0.000472389 -0.000157604 -0.00190203 0.000954953 -0.000857757 -8.21651e-05 -0.00147063 0.00241273 0.00138417 -0.00365276 0.00373962 -0.000187492 0.00466488 0.000486754 -0.0027983 0.00143828 0.00253701 -0.00244702 0.0033668 -0.000550306 0.00327274 -0.00567779 -0.0021657 -0.00443618 -0.00199604 0.00525752 0.00343571 -0.00215557 -0.00244703 -0.00485317 -0.00169225 0.00132273 0.000436137 0.00268382 0.00597235 0.00346095 -0.00436279 0.00567244 0.00838577 0.00285025 0.00119137 0.00574249 0.00244545 -0.00690923 -0.00409557 -0.0103214 0.00524883 0.00222907 0.00770465 0.0106155 -0.00118708 0.00437145 -0.00109772 0.00333433 0.00392888 0.00829416 0.00294344 -0.000240414 0.00438583 0.00537671 0.00376843 0.00632589 0.00351885 -8.3023e-05 -0.00109778 0.00204086 -0.00160549 -0.00424878 0.00207937 0.00172032 0.00220244 0.00184992 0.00131655 0.00224129 0.00411795 -0.000163716 -0.00397578 -0.00303129 -0.00508015 -0.00402506 -0.00119162 -0.00194245 -0.00122549 0.00126513 0.00761178 0.0100216 0.00476826 -0.00877329
internal_weight=106398 34571 71827 60831 13743 33293 9661 27538 17524 10014 23632 20828 18466 17791 8044 7781 7625 762 12548 11697 9685 2012 4976 10996 807 10189 2611 675 2186 1518 7082 9747 851 13203 9803 4420 5383 3400 1033 9491 3707 5784 3205 2940 2309 13394 7561 910 5833 628 2367 5498 1226 4272 3338 934 3072 991 543 1494 5166 1983 1275 1514 1170 9587 9136 2169 6967 537 2875 1104 630 4734 699 2087 1057 1030 2613 576 1152 1632 901 731 2081 940 1141 756 685 3792 3482 5570 4916 897 4019 1246 2773 2424 1973 1217 756 2037 1785 889 598 896 6651 6289 5835 5567 5073 4325 2437 1888 748 1199 935 1009 7578 5815 5377 1763 1154 783 689 708
internal_count=106398 34571 71827 60831 13743 33293 9661 27538 17524 10014 23632 20828 18466 17791 8044 7781 7625 762 12548 11697 9685 2012 4976 10996 807 10189 2611 675 2186 1518 7082 9747 851 13203 9803 4420 5383 3400 1033 9491 3707 5784 3205 2940 2309 13394 7561 910 5833 628 2367 5498 1226 4272 3338 934 3072 991 543 1494 5166 1983 1275 1514 1170 9587 9136 2169 6967 537 2875 1104 630 4734 699 2087 1057 1030 2613 576 1152 1632 901 731 2081 940 1141 756 685 3792 3482 5570 4916 897 4019 1246 2773 2424 1973 1217 756 2037 1785 889 598 896 6651 6289 5835 5567 5073 4325 2437 1888 748 1199 935 1009 7578 5815 5377 1763 1154 783 689 708
is_linear=0
shrinkage=0.0667171


Tree=42
num_leaves=127
num_cat=0
split_feature=4 11 4 8 9 17 7 21 9 11 12 14 17 12 8 11 4 13 4 7 10 13 20 3 16 8 7 9 8 16 4 12 8 8 10 17 8 3 8 21 13 8 4 0 20 20 17 9 17 17 14 0 20 4 10 10 4 0 4 3 9 14 4 8 8 9 21 6 20 7 7 3 20 10 17 10 9 7 12 17 0 11 20 13 13 11 17 17 9 10 12 10 7 21 17 8 16 20 10 11 11 4 16 20 20 12 3 0 12 16 11 16 0 1 0 0 20 10 16 0 0 0 11 11 20 21
split_gain=2.90452 10.0915 6.15083 5.32429 4.43235 4.60821 3.78881 3.65665 4.09823 4.13721 3.2328 7.6846 5.06416 4.77425 5.89009 4.58849 5.20974 6.31145 3.63817 3.23205 5.43117 4.2408 4.09852 4.21093 4.19392 4.7265 3.99718 4.8079 6.03641 5.79777 5.7676 5.08179 4.96449 4.94833 3.98548 3.74461 3.6679 3.50881 4.67949 3.36886 5.54466 6.9639 4.05454 6.92566 3.33463 3.59331 3.22483 3.22384 3.55106 3.46382 3.97464 3.96139 3.93895 3.86321 4.68688 3.78797 3.53795 3.44953 4.04244 4.19664 3.40861 3.20311 3.18619 3.08732 6.35301 3.05731 3.85364 3.84656 3.19219 3.0773 2.95194 2.95184 3.53106 4.41446 6.05376 5.85951 3.52125 3.50638 4.32015 4.87144 6.16362 3.51431 3.39278 3.29098 6.03921 4.22369 3.75245 5.63603 5.13424 3.08336 5.72719 5.50518 3.57194 3.4383 2.94909 2.94512 2.91083 2.89114 2.88674 2.86318 2.85268 3.04061 5.29774 2.83321 3.2243 2.83078 4.01891 2.70711 2.69616 4.08211 3.55081 3.35037 3.2836 3.53848 2.6693 2.60724 4.77588 3.7321 2.60688 2.59654 2.59155 4.65107 3.11337 2.92941 4.2686 2.60439
threshold=-0.50800451636314381 -0.22994027286767957 -0.50133109092712391 -0.039116000756621354 -0.19889104366302487 0.003667481592856348 0.11697092279791833 -0.45925189554691309 -0.015669781714677807 0.26920866966247564 0.30845054984092718 0.69091105461120617 -0.55688193440437306 0.36833047866821295 -0.37652650475502009 0.42797830700874334 0.10111001133918764 -0.3459655344486236 -0.020373876206576821 0.067863967269659056 0.3946236521005631 -0.50051376223564137 -0.11398294568061827 -0.41864693164825434 0.32819584012031561 0.35206392407417303 -0.20160061866044995 -0.12840449810028073 -0.57915344834327687 0.24972602725028994 -0.46114358305931086 -0.13938822597265241 -0.11362314596772193 0.018856232985854152 0.024144205264747146 -0.14871278405189511 0.3069166243076325 -0.10916468873620032 -0.0312614869326353 0.017928909510374073 -0.2783766090869903 -0.045589702203869813 -0.25349488109350199 -0.15482954680919644 0.23152447491884234 0.43652699887752539 -0.14626780152320859 0.0055905324406921872 -0.35107149183750147 0.52096217870712291 0.03263163939118386 0.49857954680919653 0.044256864115595825 0.31272041797637945 -0.22785680741071698 -0.24949025362730023 -0.085229709744453416 0.43607954680919653 0.36638951301574713 0.26693189144134527 0.077767301350831999 0.11584529280662538 -0.48522816598415369 -0.023400612175464627 0.094183493405580535 -0.40114244818687433 -0.12478534132242201 -0.73758950829505909 -0.57596492767333973 -0.40542431175708765 0.035501876845955856 -0.399487555027008 0.47832845151424414 0.32446266710758215 -0.39105421304702753 -0.071250993758440004 0.73664942383766185 -0.70946460962295521 1.234534025192261 -0.36139076948165888 0.052556818351149566 -0.20375050604343412 -0.17417909950017926 -0.13440082222223279 0.35103827714920049 -0.4238262921571731 -0.12886523827910421 -0.44157198071479792 0.095790356397628798 0.23447446525096896 0.50068612396717083 0.19125304371118548 -0.32224686443805689 -0.040085013955831521 -0.28128147125244135 0.080249875783920302 0.17414116859436038 0.10911072418093683 -0.15082355588674543 -0.25380036234855646 0.73580223321914684 -0.10127499327063559 0.292701005935669 -0.09936881065368651 0.10518647357821466 0.48439107835292822 -0.4823808073997497 0.086647726595401778 0.17532303929328921 -0.31327544152736658 -0.28452830016613001 -0.043379960581660264 0.29687500000000006 -0.10653408989310263 -0.021306818351149556 0.47585226595401769 -0.09894146770238875 -0.13281684368848798 0.12821015715599063 0.41903407871723181 -0.34232954680919642 -0.31392045319080347 0.02060812991112471 0.04026483558118344 0.10518647357821466 0.15155648440122607
decision_type=2 2 2 2 2 2 2 2 2 2 2 2 2 2 2 2 2 2 2 2 2 2 2 2 2 2 2 2 2 2 2 2 2 2 2 2 2 2 2 2 2 2 2 2 2 2 2 2 2 2 2 2 2 2 2 2 2 2 2 2 2 2 2 2 2 2 2 2 2 2 2 2 2 2 2 2 2 2 2 2 2 2 2 2 2 2 2 2 2 2 2 2 2 2 2 2 2 2 2 2 2 2 2 2 2 2 2 2 2 2 2 2 2 2 2 2 2 2 2 2 2 2 2 2 2 2
left_child=1 3 7 -1 -3 6 46 -2 114 -10 11 12 -4 14 -12 16 17 -16 -17 20 26 34 24 44 25 94 27 28 99 30 -29 33 108 -32 -21 -26 -37 61 -39 42 41 -41 43 -25 -24 -46 -6 48 -28 51 52 55 53 54 -51 97 -56 58 -57 -60 -54 -33 -15 -7 -65 66 69 -67 -69 -22 -19 83 73 74 -73 -76 77 -75 79 81 -81 -79 -82 85 100 86 87 -64 105 91 -91 92 -77 119 -23 -84 -27 118 -59 -14 101 -85 -103 -70 -105 -88 -107 -34 109 110 -30 112 113 -111 -9 116 -44 -118 -49 -94 122 -122 125 124 -123 -42
right_child=2 4 10 -5 5 63 -8 8 9 -11 13 -13 19 62 15 18 -18 70 -20 21 65 22 23 39 35 96 47 29 32 -31 31 37 107 -35 -36 36 -38 38 -40 40 120 -43 115 -45 45 -47 -48 49 -50 50 -52 -53 60 -55 56 57 -58 98 59 -61 -62 -63 71 64 -66 67 -68 68 103 -71 -72 72 -74 76 75 89 -78 78 -80 80 82 -83 95 84 -86 -87 88 -89 -90 90 -92 -93 93 -95 -96 -97 -98 -99 -100 -101 -102 102 -104 104 -106 106 -108 -109 -110 111 -112 -113 -114 -115 -116 -117 117 -119 -120 -121 121 123 -124 -125 -126 -127
leaf_value=9.3773876704419793e-05 0.0046553308207010905 -0.0040798838238430644 0.0080335029436258022 -0.011610296328511087 0.0062237280295940438 -0.0020975245188203794 0.0018362500241523433 -0.0020067343555411482 0.00021425260239913883 -0.0080492082508169163 -0.010999186688786371 0.009338913804364973 0.0024428195181330804 0.0041724855700629327 -0.0037403225684147449 -0.013148677395216758 -0.0043144973894912158 0.012732948175714322 -0.0025672963629706047 -0.011164080256777724 -0.0065210518468759842 0.0062737730062519112 -0.0019624269684690773 0.011034903696157417 -0.0095434250485097755 0.0082590864014517977 -0.0077202547773150675 0.0074981800663544438 0.0048490586266134303 0.009170343522424294 0.0031405393362297879 -0.0041454071843187194 0.0023283418337879413 -0.0060449032900702178 -0.0010199371411567662 0.0051033855645562613 -0.0056330205364583672 -0.007489012417735242 0.00014180877963133881 -0.0010495978005893767 -0.0037177246696172015 0.011688645202117437 -0.01148733999420886 -0.00061420305494365641 -0.01243642584919352 -0.0017460131204379847 0.015366152291062729 0.0033560497041268816 -0.00014290038849815252 0.0072514640593073871 0.0032766503457769517 0.0080483418986758808 -0.001690698807724975 -0.0078328152850830682 -0.004956786815122116 0.001509008862223154 0.004601776205827671 -0.0071596600520854505 0.012613157568787361 0.0021343131958666828 -0.01079344078821347 0.0027680865429403341 -0.003355042441690105 0.010850552506145621 -0.0017589783407258844 0.0028056312715145628 0.0058835030260742712 0.0023478528774879413 -0.0082052811771627324 0.0027697149924814286 0.002869886792668155 0.0060578179190277351 -0.0063296568819797734 -0.0037033962926186076 0.0041098115717445446 0.0023899692616610089 -0.0045714166278523274 -0.010269665926218764 0.0094258902336171006 0.0061439938561190345 0.0032247538818868243 0.00051349844424159678 -0.0063905160590728965 0.001062016404259476 -0.0038747595683155706 -0.0057081461022570525 -0.0052734807162795804 0.0082357461325381579 -0.010128508328659998 -0.016313461117940888 -0.0040579643578552513 0.0037434521167596388 -0.0074428777013189062 -0.010013776007914268 0.00029007125468729755 0.0022448371689718096 0.0015241570243482588 -0.0082230058308068593 0.001054475911861616 -0.0059308323667708633 -0.00038741913651800855 0.013844361618901768 0.0036996416354519402 -4.1876877902675596e-06 -0.0062049741390164887 0.0095444701479183765 -0.0013578592698144821 -0.005675567149125026 0.0096688380206185684 -0.00056833035261820951 -0.0037459504106365778 0.00079950756195602314 0.014133800919963193 0.0073685063252932606 -0.0083984932544857345 0.0017636228406055754 -0.009076965947279917 -0.0019081885550319502 -0.0043173346346037089 -0.00035265786731758514 -0.0078618710121153585 -0.003095522941008053 0.0026784842986763576 -0.0012293179946323007 0.0041327755105383815 0.0032242481322302765
leaf_weight=375 257 262 358 308 358 461 299 451 1394 329 387 404 305 663 358 254 779 260 353 312 339 396 3028 253 284 689 276 400 410 311 1708 496 490 303 397 285 275 999 541 344 768 411 299 1975 308 268 364 393 21244 379 680 388 362 255 516 11280 252 357 305 400 388 738 282 371 329 424 443 302 758 287 300 321 576 548 395 257 530 250 316 1118 597 273 512 424 494 610 252 522 254 254 533 410 409 588 4716 257 509 291 389 427 411 397 566 750 758 250 358 299 510 295 439 489 257 1352 900 479 363 3043 387 542 391 511 2523 4891 1211 342
leaf_count=375 257 262 358 308 358 461 299 451 1394 329 387 404 305 663 358 254 779 260 353 312 339 396 3028 253 284 689 276 400 410 311 1708 496 490 303 397 285 275 999 541 344 768 411 299 1975 308 268 364 393 21244 379 680 388 362 255 516 11280 252 357 305 400 388 738 282 371 329 424 443 302 758 287 300 321 576 548 395 257 530 250 316 1118 597 273 512 424 494 610 252 522 254 254 533 410 409 588 4716 257 509 291 389 427 411 397 566 750 758 250 358 299 510 295 439 489 257 1352 900 479 363 3043 387 542 391 511 2523 4891 1211 342
internal_value=-8.67748e-06 0.00199326 -6.94681e-05 -0.00513783 0.00400421 0.00499605 0.00827151 -0.00288864 -0.00353493 -0.00135299 2.39174e-05 0.000194569 0.000149417 -0.000818214 -0.00339414 -0.00209562 -0.000293414 0.00308635 -0.00706145 0.00011465 0.000423945 -0.000448159 -0.000320302 -0.000783168 0.00105993 0.00165446 0.000617611 0.00175445 0.00319408 0.000366972 -0.00015848 -0.000808787 0.00410308 0.00173278 -0.00553652 -0.00333542 -0.000116558 -0.00266374 -0.0047858 -0.000359996 0.00032607 0.00583941 -0.00158379 0.000701865 -0.00286327 -0.00752445 0.0108928 0.000299042 -0.000242372 0.000985425 -0.00113728 0.00141165 -0.00255093 -0.000438383 0.00118979 0.00122155 -0.00176674 0.00154377 0.00181952 0.00672345 -0.00644814 -2.15688e-06 -0.000326303 0.00208189 0.00487861 -0.00191834 0.00111719 -0.00301548 -0.00399276 -0.00220482 0.00751898 -0.000550244 -0.00128629 -0.000922621 -0.00261874 -0.00345532 0.000499696 0.00120531 0.00202733 0.00123339 0.00247372 -0.00457898 -0.000508132 0.000769076 0.00260247 -0.000879967 0.000641656 0.00412141 -0.0018411 -0.00446857 -0.00807514 -0.00316256 -0.00476133 -0.00598303 0.000762636 -0.00345481 0.00542571 -0.00257204 -0.00283164 -0.00238861 0.00440564 0.0058528 0.00792795 -0.00485616 -0.00314495 0.000582412 0.00307937 -0.000663118 0.00511537 0.00438463 0.000371653 0.00579433 0.00706103 0.0059249 -0.00628941 -0.00280929 -0.00341128 -0.00268677 -0.000412149 -0.00344612 -6.31499e-05 -0.000816052 0.00137867 -0.000392188 0.00196473 -0.00154269
internal_weight=106723 3127 103596 683 2444 2182 1021 3331 3074 1723 100265 83405 83001 16860 2691 2304 1697 918 607 82643 53372 29271 28562 21408 7154 6310 49311 10769 5273 5496 5185 4785 4541 2011 709 844 560 2774 1540 17804 11392 755 6412 2228 3604 576 722 38542 21520 17022 2832 14190 2152 1402 1147 13802 768 12731 11985 705 750 1234 14169 1161 700 4061 1069 2992 2568 626 560 13506 8686 8110 3709 3388 4401 3871 3323 3007 2484 523 1366 4820 2292 2528 1918 804 1114 2993 787 2206 1796 1539 5112 769 1198 1071 746 732 1798 1387 963 2266 1508 860 608 789 3752 3242 849 2393 1904 1647 1351 4184 3705 3406 780 951 10637 7004 3633 6613 1722 1110
internal_count=106723 3127 103596 683 2444 2182 1021 3331 3074 1723 100265 83405 83001 16860 2691 2304 1697 918 607 82643 53372 29271 28562 21408 7154 6310 49311 10769 5273 5496 5185 4785 4541 2011 709 844 560 2774 1540 17804 11392 755 6412 2228 3604 576 722 38542 21520 17022 2832 14190 2152 1402 1147 13802 768 12731 11985 705 750 1234 14169 1161 700 4061 1069 2992 2568 626 560 13506 8686 8110 3709 3388 4401 3871 3323 3007 2484 523 1366 4820 2292 2528 1918 804 1114 2993 787 2206 1796 1539 5112 769 1198 1071 746 732 1798 1387 963 2266 1508 860 608 789 3752 3242 849 2393 1904 1647 1351 4184 3705 3406 780 951 10637 7004 3633 6613 1722 1110
is_linear=0
shrinkage=0.0667171


Tree=43
num_leaves=127
num_cat=0
split_feature=18 21 18 21 0 18 0 21 18 0 19 8 0 21 18 9 0 20 0 21 18 19 21 17 0 15 5 11 16 8 0 18 21 0 8 16 21 3 3 16 21 9 16 19 3 15 17 12 5 21 19 17 9 17 11 18 21 20 3 20 11 8 12 12 0 11 3 16 19 21 19 15 17 20 11 13 21 3 18 18 9 20 3 17 19 21 12 18 20 16 11 3 3 17 16 19 0 17 18 8 17 12 12 19 18 21 0 21 0 3 12 9 18 18 9 9 18 9 12 21 8 12 0 0 9 8
split_gain=14.8294 10.8385 8.89069 8.85082 13.7798 8.95204 6.7999 6.67738 9.15663 8.65712 8.34088 7.57844 6.91968 6.59032 5.80403 5.6584 5.43442 5.08575 4.89344 4.7831 4.7201 5.61496 4.69442 4.68754 8.16409 4.69653 4.63907 5.05261 6.16053 4.95031 4.51819 4.88001 4.9475 6.08939 5.89823 4.46668 5.72607 5.08074 4.45796 4.42046 4.34496 5.68224 4.66071 7.04495 4.14163 4.11299 4.10496 3.99405 3.94783 3.84516 3.77016 3.71917 3.56367 3.43745 5.77479 4.68814 3.92273 3.43738 3.42567 3.36142 3.22582 5.12795 4.1664 4.53283 3.79199 3.69627 3.79266 3.3474 3.28082 3.1908 6.38052 4.29996 4.09486 3.60413 4.28413 4.4935 3.47023 3.70433 5.22821 3.11147 3.09814 3.53347 3.03938 3.47894 4.38013 3.20485 5.90836 4.78011 3.76028 4.12723 4.12039 3.28398 3.68099 3.76798 6.03031 4.16583 3.89778 3.1362 7.09599 7.84377 3.29064 3.09999 2.96512 2.94069 2.93168 4.49791 7.29925 4.33159 4.41644 4.32388 5.80447 5.58049 4.18712 6.10513 4.11114 4.06025 3.99154 4.2775 5.29563 4.23461 3.78679 3.75748 6.83513 6.18283 4.1619 3.54498
threshold=-0.096240367740392671 -0.036173962056636803 0.031402070075273521 0.12484074756503107 0.49289773404598242 0.13985770940780642 0.43323864042758947 -0.14242418110370633 -0.18711137771606443 0.40198864042758947 0.30666792392730718 -0.34446375072002405 0.50142046809196483 -0.25323729217052454 0.11658803746104242 0.64112457633018505 -0.19460227340459821 0.16526649147272113 0.39346592128276831 0.26823617517948156 0.22423640638589862 0.18187437206506732 0.075290989130735411 0.25539334863424307 0.24005681276321414 -0.059915514662861817 -1.0000000180025095e-35 0.14393101632595065 0.14348985999822619 0.065305389463901534 0.37357954680919653 -0.052385110408067696 0.032595351338386543 0.47017045319080358 -0.053768120706081383 0.094795435667037978 0.16785252839326861 0.23870303481817248 0.50530675053596508 -0.16226875036954877 -1.0000000180025095e-35 -0.059141250327229493 -0.22290223836898801 -0.14192452281713483 0.28063790500164038 -0.25850997865200037 0.48709189891815191 0.23477987945079806 0.37500000000000006 0.21979128569364551 0.48706185817718511 0.15856464952230456 -0.14394240826368329 0.042931107804179199 -0.40440219640731806 -0.3290975540876388 -0.56286215782165516 0.0081433255691081303 0.50530675053596508 -0.051569923758506768 0.26920866966247564 0.032299766317009933 -0.18398513644933698 -0.1424814164638519 0.12642045319080356 0.080926660448312773 0.11710854247212411 0.18364616483449939 -0.030200237408280369 -0.14633522927761075 0.051171923056244857 -0.1781797185540199 -0.18894721567630765 0.22921405732631686 -0.19553063064813611 -0.56723320484161366 -0.36535407602787012 0.47156198322772985 -0.0096093527972698194 -0.38347558677196497 -0.15681900084018704 0.030311418697237972 0.50353580713272106 0.42474471032619482 -0.22195809334516522 0.036825804039835937 0.21065180003643039 0.04206181317567826 0.076517753303051009 -0.060617467388510697 -0.0068189271260052911 0.49484245479106909 0.46216037869453436 -0.013950812630355356 -0.10889014601707457 -0.03680684603750705 0.18323864042758944 -0.21915000677108762 0.13454841822385791 0.069615446031093611 -0.32180353999137873 -0.16700972616672513 -0.013602058403193949 0.24997129291296008 -0.57647010684013356 -0.47482766211032862 -0.14346590638160703 -0.69828557968139637 0.10369317978620531 0.093194048851728453 -0.16700972616672513 0.1437814608216286 -0.20379465818405149 -0.35214525461196894 -0.13781769573688504 0.033578764647245414 -0.38347558677196497 0.015624945517629387 0.34745569527149206 -0.54573827981948841 -0.068553242832422243 0.44778731465339666 0.37073864042758947 0.046875000000000007 0.14077953249216082 0.3330554217100144
decision_type=2 2 2 2 2 2 2 2 2 2 2 2 2 2 2 2 2 2 2 2 2 2 2 2 2 2 2 2 2 2 2 2 2 2 2 2 2 2 2 2 2 2 2 2 2 2 2 2 2 2 2 2 2 2 2 2 2 2 2 2 2 2 2 2 2 2 2 2 2 2 2 2 2 2 2 2 2 2 2 2 2 2 2 2 2 2 2 2 2 2 2 2 2 2 2 2 2 2 2 2 2 2 2 2 2 2 2 2 2 2 2 2 2 2 2 2 2 2 2 2 2 2 2 2 2 2
left_child=7 15 30 4 20 6 17 8 38 11 12 79 13 16 -8 18 -10 19 69 -5 82 -22 -6 51 25 102 40 29 -29 46 49 -32 34 -34 -33 36 37 -19 45 -26 41 42 -13 -44 -23 53 80 59 103 60 -42 -15 -11 55 -55 56 -1 -36 -7 -20 62 -62 64 65 -3 66 -64 -65 -69 70 -2 72 -72 74 -71 -76 -73 78 -78 -9 81 -28 83 85 -85 86 88 -87 90 -90 -4 92 93 94 -89 -95 -97 100 -99 -100 -96 -94 -25 -31 107 106 120 -47 115 110 -107 112 113 -111 -112 -109 117 119 -119 -108 -106 123 124 -116 -123 -113
right_child=1 2 3 5 22 58 14 9 10 52 -12 26 -14 23 -16 -17 -18 35 47 -21 21 44 -24 24 39 -27 27 28 -30 48 31 32 33 -35 57 -37 -38 -39 -40 -41 50 -43 43 -45 -46 104 -48 -49 -50 -51 -52 -53 -54 54 -56 -57 -58 -59 -60 -61 61 -63 63 67 -66 -67 -68 68 -70 73 71 76 -74 -75 75 -77 77 -79 -80 -81 -82 -83 -84 84 -86 87 -88 91 89 -91 -92 -93 101 95 97 96 -98 98 99 -101 -102 -103 -104 -105 105 109 116 108 -110 111 114 125 -114 -115 121 -117 -118 118 -120 -121 -122 122 -124 -125 -126 -127
leaf_value=0.004581393912834306 0.0096527539530871526 0.00017215457562643006 0.0063610033869593288 0.00026428613398824945 0.018063700225370148 0.00044634466828123064 -0.012490782053383139 -0.013420996178358794 -0.0012668384419043232 -0.0017347024577694992 0.011772178357797425 0.0017193389933289355 0.011407124379384669 -0.0002464722910224451 -0.0012882743351528756 -0.005647389884509621 0.0077483082310882629 -0.0090674781024493809 0.014762866784433733 -0.0089698634833101087 0.011543270126571218 0.0065426122416087154 0.0059496085995246178 -0.0096993932580533068 -0.0025823128632003877 -0.014378909071956311 0.0075247193225321841 -0.012825161305359449 -0.00059390913043105191 0.0062565342896751175 -0.012688756441880632 0.0060551918030737409 -0.0022884991973084472 -0.014634478523224395 -0.00023251532362338016 0.0013518375581008039 -0.012977714211847772 0.0041351271132713833 0.006850263502366589 0.0094371161896004002 -0.012984540145023425 -9.5196856109651341e-07 -0.017341759855340009 -0.0042782719121474229 -0.0045085002171102225 -0.0010449922990365726 -0.0077176953522071498 0.0015523221503703072 -0.0025419793586029006 -0.0073114162350642496 -0.0030352501270726152 0.0065501082866549071 -0.010912692984507352 0.0038714618181847783 -0.0084788473238685286 0.0088991746035687377 -0.0034850716274606457 -0.0095596493295015076 0.0077055192487844454 0.0056842858603471484 0.010860859689952809 -0.00078301454431824148 -0.0033173865944832077 -0.00028214540358781787 0.0069634595446751522 0.00023114437240303251 -0.012072770934719996 -0.010772494087680577 -0.0018587532027110544 0.005395656294434897 -0.0081786195632846375 0.0092700655485259565 0.0021070723837856142 -0.0053188953096468261 0.0077000011546947168 0.00064505941821944954 -0.00096364019336951884 -0.0047500546164277631 0.007989105385037264 -0.0050162267943387956 -0.001342892630726416 -0.0011030794020342463 -0.0036461231566997077 -0.0020296096531006043 0.0054394164340009305 -0.0053011607100512947 0.010374443273045864 0.0090567051942701867 0.00072500024154537827 -0.0088761315997882024 0.00093289025006721056 0.0077888090160876467 1.0848390554228027e-05 0.0011303866623866971 0.0018563758381101127 -0.0067885459445071999 0.0015662801830651678 -5.1294393386579379e-07 0.0020293743802290909 0.017064773934093527 -0.0062173951736226611 -0.010076641887671942 -0.00097867486806178555 -0.0012588828069787109 -0.0090134693365336773 -0.01208696558171026 0.0030735403936245744 -0.0055233067615607229 -0.0097385703512586647 -0.0022204365796636093 -0.0051062914845551345 -0.0014075553290299892 -0.0063115511189107999 0.0048474890212916472 -0.010286310667243509 0.0022452746719530707 0.0095712873126503357 -0.00029760511771113624 0.012961710737332295 -0.0071280656734528779 0.0010041834692093086 0.011789388584187755 -0.0070798735288792299 -0.0011378473179603575 0.0015665963500805082 -0.010173527710385787
leaf_weight=562 670 3076 968 3959 284 20653 498 273 440 268 356 276 279 1545 360 388 871 259 313 263 439 333 306 276 279 281 433 291 501 1235 260 422 462 294 477 341 444 250 299 255 334 2148 259 653 268 2112 351 481 397 388 363 460 703 316 349 446 505 282 291 475 275 412 455 4566 414 352 450 279 562 1181 289 429 409 337 425 6934 512 258 646 774 2464 396 557 433 1651 663 375 491 695 273 1784 270 259 1552 432 785 352 1515 375 266 452 265 484 274 360 291 411 978 689 813 1735 610 265 1600 384 421 410 250 272 316 300 286 255 2272 481 315
leaf_count=562 670 3076 968 3959 284 20653 498 273 440 268 356 276 279 1545 360 388 871 259 313 263 439 333 306 276 279 281 433 291 501 1235 260 422 462 294 477 341 444 250 299 255 334 2148 259 653 268 2112 351 481 397 388 363 460 703 316 349 446 505 282 291 475 275 412 455 4566 414 352 450 279 562 1181 289 429 409 337 425 6934 512 258 646 774 2464 396 557 433 1651 663 375 491 695 273 1784 270 259 1552 432 785 352 1515 375 266 452 265 484 274 360 291 411 978 689 813 1735 610 265 1600 384 421 410 250 272 316 300 286 255 2272 481 315
internal_value=-6.77916e-06 0.000556391 0.000148847 0.000613879 0.0018577 -0.000115408 -0.00230512 -0.00110431 -0.00044933 -0.00236088 0.00192789 -0.00184265 0.0012397 0.000648162 -0.00782891 0.00223727 0.00469349 -0.00143791 0.00246995 -0.000307592 0.00147278 0.00581483 0.0118454 -0.000825878 -0.00355277 -0.00699867 -0.00129237 -0.000161786 -0.00514021 0.000544563 -0.00135042 -0.00411911 -0.00294212 -0.00714714 -0.000215391 -0.00509381 -0.00744209 -0.00253237 -0.00116901 0.00309201 -0.0030611 -0.00204578 -0.00574233 -0.00804603 0.00156533 -0.00130497 -0.000888797 0.00641895 0.00330096 -0.000805306 -0.00785824 0.00129997 -0.00840852 0.00140312 -0.0025569 0.00316955 0.000734692 -0.00374973 0.000549536 0.00934797 -0.000567969 0.00383727 -0.000870099 -0.00184963 0.000990371 -0.0054598 -0.0077153 -0.00100284 -0.00486538 0.00205183 0.00385842 0.00231392 -0.00210691 0.00139357 0.00166375 0.00105914 0.0040054 0.00237903 0.00400277 -0.0072509 -0.000146837 0.0033629 0.0011564 0.00135247 0.00386799 0.000903808 0.0024107 9.52732e-05 0.00159435 -0.00195664 0.00285635 0.000611521 0.000316958 0.000774236 0.00220972 -0.00109815 -0.00416831 0.00108835 0.00246653 0.00833535 -0.00223309 -0.00502821 -0.00420637 0.00486571 -0.00168 -0.00112964 0.00148984 -0.00319462 -0.00535187 -0.00178617 -0.00292879 1.34937e-05 0.00156591 0.00245108 -0.00242635 -0.00316115 0.00386056 0.00195079 0.0065518 -0.00131678 -0.00440577 -0.00115133 0.00226458 -0.00247902 0.00543339 -0.0044361
internal_weight=106756 70534 56787 43361 16043 27318 6374 36222 23829 12393 5526 11422 5170 4891 858 13747 1311 5516 13359 4222 15453 1040 590 3580 1575 1041 10375 6342 792 5550 13426 2197 1937 756 1181 1294 953 509 18303 534 4033 3336 1188 912 601 18004 3644 1269 1906 11229 697 2005 971 2178 665 1513 1067 759 20944 788 10841 687 10154 6664 3490 1257 905 5407 841 12090 3213 2543 698 8877 8540 7359 1845 1416 1158 1047 3293 829 14413 13856 2084 11772 4095 7677 3720 968 2752 7014 6744 6220 3531 2689 1137 3040 2156 641 884 524 760 1509 15826 11626 2319 4200 2088 9307 5704 3603 2678 2413 5413 1399 1659 1249 522 727 660 3678 1022 2656 767 925
internal_count=106756 70534 56787 43361 16043 27318 6374 36222 23829 12393 5526 11422 5170 4891 858 13747 1311 5516 13359 4222 15453 1040 590 3580 1575 1041 10375 6342 792 5550 13426 2197 1937 756 1181 1294 953 509 18303 534 4033 3336 1188 912 601 18004 3644 1269 1906 11229 697 2005 971 2178 665 1513 1067 759 20944 788 10841 687 10154 6664 3490 1257 905 5407 841 12090 3213 2543 698 8877 8540 7359 1845 1416 1158 1047 3293 829 14413 13856 2084 11772 4095 7677 3720 968 2752 7014 6744 6220 3531 2689 1137 3040 2156 641 884 524 760 1509 15826 11626 2319 4200 2088 9307 5704 3603 2678 2413 5413 1399 1659 1249 522 727 660 3678 1022 2656 767 925
is_linear=0
shrinkage=0.0667171


Tree=44
num_leaves=127
num_cat=0
split_feature=18 21 18 0 21 21 0 18 9 18 0 18 8 18 9 21 21 0 10 18 0 10 0 21 3 0 4 18 8 11 9 21 15 18 3 7 9 20 20 21 14 16 8 12 0 14 0 8 21 10 12 12 0 7 18 10 16 8 0 15 21 7 11 12 9 15 8 3 12 7 0 10 18 3 10 21 18 9 12 4 10 12 12 21 21 8 10 9 13 9 18 20 11 11 21 21 3 13 8 10 12 20 4 15 9 18 16 21 20 9 10 11 18 12 21 10 20 11 1 16 3 20 8 15 0 13
split_gain=15.5434 12.259 8.96304 8.28723 7.09951 7.04759 10.9147 6.65916 7.03252 5.88499 6.98522 5.65697 6.81954 5.80398 10.235 5.29231 4.98072 11.2364 6.30659 5.14164 4.9366 4.92781 4.9109 5.03998 5.50783 5.31668 4.18623 4.78538 4.88337 4.17565 5.02245 4.10017 5.47479 5.25311 5.89224 4.96547 4.4131 5.05748 4.0263 3.89684 4.04997 3.85408 8.36917 4.6121 6.6174 6.38076 5.77227 3.85183 7.28288 4.84573 4.89898 5.68616 4.56318 4.60312 4.54498 7.84248 5.75026 5.60787 4.36233 3.87844 3.82797 3.81885 4.67772 4.95043 3.76373 3.75421 3.75045 6.29015 5.44272 5.27175 3.73987 3.60498 3.56347 3.42455 3.41848 5.86401 4.34824 4.10849 3.39386 3.44996 3.38329 4.49188 8.09817 6.34643 6.73219 5.6543 4.81954 4.10959 3.37491 4.08019 3.36803 6.0212 5.95248 5.02633 4.64359 4.63508 3.33409 3.28695 3.26536 7.36904 4.00883 3.46831 3.89334 4.73442 3.23571 3.89065 3.19133 5.10769 4.5358 4.31533 3.77228 3.44916 6.79874 3.35954 3.17503 3.16364 3.15132 6.42755 6.53318 3.39539 3.28391 3.6673 3.43022 3.32404 3.71 3.14291
threshold=-0.067185379564762102 -0.036173962056636803 0.031402070075273521 0.47301135957241064 0.17502278834581378 -0.16589048504829404 0.51562500000000011 -0.36954462528228754 -0.52500745654106129 0.19611540436744693 0.48721592128276831 -0.29443526268005366 -0.30985073745250696 -0.53630343079566944 0.02369760908186436 0.21979128569364551 -0.52831456065177906 0.37073864042758947 -0.0091528906486928446 -0.61250972747802723 0.51846590638160717 0.16185577958822253 0.20028409361839297 -0.0042337127961218348 0.14855950325727466 0.16051135957241061 0.39291179180145269 -0.038755036890506737 1.0000000180025095e-35 0.32790969312191015 0.15905345976352694 0.013379053678363563 0.052235024049878127 0.096665639430284514 -0.45878548920154566 -0.077288091182708726 0.043815791606903083 -0.066364951431751237 -0.47421868145465845 -0.014663181733340023 -0.13528162240982053 0.053774291649460799 0.22285324335098269 0.46809606254100805 -0.044034091755747788 0.63815954327583324 -0.25142045319080347 -0.053768120706081383 -0.44357509911060328 0.38611099123954779 -0.054499715566635125 -0.13542595505714414 0.29119317233562475 0.067863967269659056 -0.20172158628702161 -0.093420296907424913 0.19394038617610934 0.27841348946094518 0.0071022729389369496 -0.10291090607643126 -0.33339753746986384 -0.19710338115692136 -0.091666329652070985 0.1077244132757187 -0.043966185301542275 -0.13209677487611768 -0.093472320586442934 0.2599740624427796 -0.13367066532373426 -0.34058132767677302 0.20028409361839297 0.34677459299564367 -0.13399154692888257 -0.44014346599578852 0.15787179023027423 -0.11504682525992392 0.096665639430284514 0.1157641038298607 -0.31203544139862055 0.34931121766567236 0.13936881721019748 0.14448256045579913 -0.027324185706675049 0.25815217196941381 0.20370382815599444 0.073883771896362319 -0.22323742508888242 0.13483633100986483 0.030525709502398971 -0.15681900084018704 -0.13264068961143491 -0.09830074384808539 -0.32008774578571314 0.016142357140779499 -0.049862641841173165 -0.12156524136662482 -0.41401703655719752 0.15966604650020602 -0.081906028091907487 0.20959558337926867 -0.26002858579158777 0.24970562756061557 -0.50721788406372059 -0.15590629726648328 -0.11988136917352675 -0.24400845170021054 0.0067069074138998994 0.096149928867816939 -0.037971185520291321 0.24310711026191714 0.11767040938138963 0.18614629656076434 0.11253532022237779 -0.23153229802846906 -0.22064519673585889 0.37887111306190496 -0.013428404927253721 0.18101559579372409 -0.0042613637633621684 0.26982779800891882 0.46216037869453436 0.076517753303051009 -0.057775052264332764 -0.033801844343543046 -0.10937499999999999 -0.35106201469898218
decision_type=2 2 2 2 2 2 2 2 2 2 2 2 2 2 2 2 2 2 2 2 2 2 2 2 2 2 2 2 2 2 2 2 2 2 2 2 2 2 2 2 2 2 2 2 2 2 2 2 2 2 2 2 2 2 2 2 2 2 2 2 2 2 2 2 2 2 2 2 2 2 2 2 2 2 2 2 2 2 2 2 2 2 2 2 2 2 2 2 2 2 2 2 2 2 2 2 2 2 2 2 2 2 2 2 2 2 2 2 2 2 2 2 2 2 2 2 2 2 2 2 2 2 2 2 2 2
left_child=5 3 15 29 20 7 11 16 60 10 71 12 -7 14 -14 26 21 18 -18 -20 31 -1 23 25 64 61 98 28 -28 38 -31 32 35 34 -33 -4 37 -37 -2 -29 -41 43 -43 44 45 46 -21 52 -49 50 51 -50 72 -54 55 -52 57 58 -56 70 -9 65 63 -63 -25 -13 68 106 -35 -70 -57 80 73 125 75 77 78 -40 -77 -80 81 82 85 84 -84 86 -6 -87 -71 -90 91 93 -93 -24 -92 -94 -86 -66 99 -3 -100 102 -102 -104 -75 -106 107 113 109 111 -109 -108 -113 -68 -61 -62 117 118 -36 -119 122 -122 123 124 -118 -10
right_child=1 2 4 -5 9 6 -8 8 47 -11 -12 22 13 -15 -16 -17 17 -19 19 41 -22 -23 90 24 -26 -27 27 39 -30 30 -32 33 -34 66 116 36 -38 -39 74 40 -42 42 -44 -45 -46 -47 -48 48 49 -51 54 -53 53 -55 56 59 -58 -59 -60 114 115 62 -64 -65 97 -67 67 -69 69 88 -72 -73 -74 104 -76 76 -78 -79 79 -81 -82 -83 83 -85 96 87 -88 -89 89 -91 94 92 95 -95 -96 -97 -98 -99 100 -101 101 -103 103 -105 105 -107 108 110 -110 -111 -112 112 -114 -115 -116 -117 120 119 -120 -121 121 -123 -124 -125 -126 -127
leaf_value=0.0031403108755410731 0.0086488249644586478 0.0029799814181152473 0.0062222776180195123 0.012259123060776521 -0.0012756112336247012 -0.013278670598080473 -0.015675511125238357 0.01057678040394976 -0.0033139163828968909 0.00055139936443182776 -0.0093268473727781756 0.005010476990249934 0.0074739011089251491 -0.0077798830154158349 -0.0075119534954509633 -0.0097189189109684517 -0.011985182797690567 -0.013169564769345074 -0.0073965802164988282 0.00013668949394487532 0.0086693082758322274 -0.0014924010083683394 0.0069267412181650626 -0.014378526775818967 -0.001171104364506532 0.0069180244808184303 -0.0034992291649731848 0.0054889210149610158 -0.015070162091388953 0.002519273266124927 -0.01000098026359952 0.0035477895052156601 0.0084099025321748479 0.0054691827978054323 0.011950288527207626 -0.011175917024485784 0.0044614069987186956 -0.00013098756013065643 0.0093224758304993362 0.003615456369047068 -0.0049277983124772192 0.011449187524007018 -0.0040544188744082478 0.0032942723501831446 -0.0099276256161980273 0.0086919420586197005 -0.011324775290157404 0.0098584794033256193 0.00074124571814231099 -0.0042069724142185768 -0.011579306773716486 0.010593700635347529 0.0037329206850809718 -0.0060407278438215613 -0.0037647280586660839 0.010594395213080554 -0.0065863453406596077 0.013102792176707135 0.0044707013637390793 7.2513531099580955e-05 0.0064356361368685137 -0.0041652130305177282 0.00056043533754538137 0.0044911188471211342 -0.00062214276849273658 -0.0020447809800708066 2.2885576798165249e-05 0.00026311842074929219 0.0041665259761450588 -0.00044909991723055827 -0.00073536509444543149 0.0060350901041595203 0.0041116461313254124 -0.00013613662598268404 0.00069397018336042973 -0.0054830017279325237 0.010505265660302344 0.00022660877466847712 0.0014625504792530881 0.0074889949065532861 -0.0057844751994954816 0.0030074146127507658 -0.0071891179481899121 -0.011024588375393869 0.0074561709284136704 -0.0078596184198456084 0.0056302538790932591 0.00088486682202906786 -0.012810078679183833 -0.0030656568885093017 0.00062369277784439406 0.00027645762874804351 -0.017972660684659983 -0.0050398050411650935 -0.0061743867264797787 -0.0076412367387986551 -0.0014336981036319832 -0.010163123683310758 0.0043022918659428918 -0.006811094573969537 0.0058198953522672426 0.004123542951308296 -0.0087763731919231463 -0.0019720294489259985 -2.943974002829986e-05 -0.0077953247802447674 0.0067580301191839023 0.0012451609055461189 0.0073798114719662864 0.0087035951551806424 -0.0082780862012781318 0.0059183042064714919 -0.0072450013895699137 0.0099174009157127763 -0.0069932702848048266 -0.0031552982551247208 0.0039337919690245445 -9.582149041348798e-05 0.00045973826787096722 -0.0078151828300497359 -0.00088288391069739835 -0.011476367131991374 -0.0029463992226707357 0.0071897329738002461 -0.0052418189788250259 -0.013325034247930854
leaf_weight=1365 455 2185 775 376 762 385 258 446 338 13929 505 1011 435 690 374 333 267 463 530 649 412 4021 251 252 2048 475 393 269 286 294 266 1379 778 599 363 250 537 702 980 304 1189 338 277 630 484 251 273 411 550 774 305 505 1218 255 372 253 256 257 1165 970 359 2425 3458 328 387 491 260 3021 523 870 250 288 339 1700 4000 272 261 293 3907 476 740 1025 790 554 268 488 1067 452 291 586 1341 265 289 401 662 645 596 281 512 401 251 404 501 5125 490 717 250 538 1953 342 275 275 460 385 391 257 372 898 567 355 264 339 2447 323 405 250
leaf_count=1365 455 2185 775 376 762 385 258 446 338 13929 505 1011 435 690 374 333 267 463 530 649 412 4021 251 252 2048 475 393 269 286 294 266 1379 778 599 363 250 537 702 980 304 1189 338 277 630 484 251 273 411 550 774 305 505 1218 255 372 253 256 257 1165 970 359 2425 3458 328 387 491 260 3021 523 870 250 288 339 1700 4000 272 261 293 3907 476 740 1025 790 554 268 488 1067 452 291 586 1341 265 289 401 662 645 596 281 512 401 251 404 501 5125 490 717 250 538 1953 342 275 275 460 385 391 257 372 898 567 355 264 339 2447 323 405 250
internal_value=-5.5106e-05 0.000563624 0.000150396 0.00253776 0.00060068 -0.00110453 -0.00212231 -0.000322842 0.000668207 -0.000259203 -0.00176196 -0.00191153 -0.00536137 -0.00329514 0.00049795 -0.00144947 -0.00165764 -0.00339127 -0.00215263 -0.00137107 0.00144906 -0.000311512 -0.00147569 -0.00076244 -0.00311664 8.74411e-05 -0.00121217 -0.00367408 -0.00843537 0.00220661 -0.00336838 0.00130761 0.00357874 0.000928771 -0.000393 0.0018999 -0.000333138 -0.00307931 0.00250386 -0.00181565 -0.00316016 -0.000254583 0.00440787 -0.00152558 -0.00338184 -0.00064354 -0.00323342 0.000195818 0.00129212 0.000701502 0.00142965 0.00549203 -0.00113221 0.00200836 0.000404099 -0.00171424 0.0026608 0.0040081 0.0024527 -7.25271e-05 0.00586089 -0.000330616 -0.0010645 -0.00311713 -0.00740428 0.00267855 0.00189096 0.00265321 -0.000158325 -0.00166279 0.00489892 -0.00121152 -0.0023486 -0.00298796 0.00222466 0.00320828 0.00215293 0.00725019 0.00167298 0.00212746 -0.00152798 -0.000996024 -0.00182828 -0.00484127 -0.00274296 0.000563215 0.00273414 -0.00361884 -0.00343183 -0.00635024 -0.00353033 -0.00558803 -0.00839193 -0.000381654 -0.00161091 -0.0108939 0.00129104 -0.00470254 -0.000567271 0.00144301 -0.00133767 -0.0018044 -0.00221935 -0.00258654 -0.00203179 -0.00466994 0.00417002 0.00154109 0.00532837 0.00228179 -0.00194213 3.1371e-06 -0.00226557 0.00597314 -0.00193812 0.00238501 -0.00125757 0.000781658 0.00498822 -0.00231496 -0.00233864 -0.00689456 -0.00155191 0.00151893 -0.000803322 -0.00763968
internal_weight=106519 66991 55411 11580 43258 39528 17152 22376 12828 21464 7535 16894 1884 1499 809 12153 9548 4162 3699 3432 21794 5386 15010 11156 2968 8188 11820 2441 679 11204 560 21382 3042 18340 7712 2264 1489 952 10644 1762 1493 2902 615 2287 1657 1173 922 11766 6459 6048 5274 1055 5307 1473 4219 2169 2050 1794 1537 1864 1062 7713 6211 2753 920 1502 10628 7759 2869 2270 503 7030 3834 3495 10189 6189 4916 1273 4655 4383 6742 6002 4977 2208 1654 2769 1829 940 1747 877 3854 1851 1199 652 2003 934 864 668 9379 2586 6793 6281 5877 5626 2907 1207 4738 1458 3280 1327 813 985 735 645 1361 616 6333 2183 930 1253 4150 603 3547 1100 777 588
internal_count=106519 66991 55411 11580 43258 39528 17152 22376 12828 21464 7535 16894 1884 1499 809 12153 9548 4162 3699 3432 21794 5386 15010 11156 2968 8188 11820 2441 679 11204 560 21382 3042 18340 7712 2264 1489 952 10644 1762 1493 2902 615 2287 1657 1173 922 11766 6459 6048 5274 1055 5307 1473 4219 2169 2050 1794 1537 1864 1062 7713 6211 2753 920 1502 10628 7759 2869 2270 503 7030 3834 3495 10189 6189 4916 1273 4655 4383 6742 6002 4977 2208 1654 2769 1829 940 1747 877 3854 1851 1199 652 2003 934 864 668 9379 2586 6793 6281 5877 5626 2907 1207 4738 1458 3280 1327 813 985 735 645 1361 616 6333 2183 930 1253 4150 603 3547 1100 777 588
is_linear=0
shrinkage=0.0667171


Tree=45
num_leaves=127
num_cat=0
split_feature=18 4 0 20 15 14 11 20 18 20 15 10 4 11 18 10 3 4 10 19 19 11 0 10 12 7 19 20 0 0 13 8 4 7 20 19 18 10 4 14 12 19 0 11 14 8 0 12 17 18 17 10 0 19 12 9 20 9 12 3 3 0 5 7 12 19 3 7 4 3 8 3 9 19 11 5 18 4 4 10 0 5 15 12 9 12 13 19 9 20 7 19 20 7 20 10 10 7 10 10 17 10 0 11 4 14 9 4 18 0 12 11 10 10 11 4 17 11 18 15 3 4 8 20 17 12
split_gain=14.2944 4.52437 7.36964 7.75928 5.66263 5.32165 4.60733 5.53008 9.76937 5.91472 4.82086 4.71878 4.54863 4.38872 7.70688 5.17388 5.34388 4.55315 6.72264 4.31062 4.36535 4.25505 4.19232 4.2343 4.11311 4.09317 4.07771 4.02774 6.65635 6.49251 7.14294 3.85997 6.72136 6.23583 7.10164 5.46535 5.05626 4.35123 7.04183 5.51015 4.73337 4.67231 3.82732 4.17948 3.82592 3.83027 3.82269 3.81719 5.00854 4.45986 4.17843 3.88695 3.77052 3.76733 5.50662 4.63443 3.74329 3.70939 4.0117 3.68553 6.25649 7.25349 6.08947 3.95456 3.72397 7.46236 4.52219 4.29322 3.68162 4.67191 3.67199 3.63664 3.98715 3.56302 4.44054 3.50254 3.48241 3.46887 11.3691 5.80443 8.9177 5.66671 5.85221 5.11312 5.761 4.99678 5.97959 4.90034 7.12239 5.54163 5.30272 4.8624 4.51853 4.28671 6.82915 4.06028 3.99021 4.99478 5.79791 4.44448 7.11252 3.90241 3.81539 4.00092 3.74108 4.0741 4.00815 3.529 3.4686 3.46332 3.44666 3.41542 3.40946 4.01446 4.03269 3.36969 3.32137 3.91123 3.2979 6.5355 3.2791 3.94952 3.53323 3.61357 3.24321 4.8706
threshold=-0.096240367740392671 -0.50800451636314381 -1.0000000180025095e-35 0.097820434719324126 0.018440860323607925 -0.049066336825489991 -0.19553063064813611 -0.013428404927253721 0.11253532022237779 0.30266089737415319 0.83569893240928661 -0.14546799659729001 0.48186407983303076 -0.33223511278629297 -0.24400845170021054 -0.091584809124469743 0.48477418720722204 -0.49807056784629816 0.032471006736159332 -0.17380205541849134 -0.07025104388594626 -0.018460356630384919 0.45312500000000006 -0.2188623175024986 0.35030302405357366 0.36631549894809728 -0.25786091387271876 -0.084243051707744585 0.26278407871723181 0.36505682766437536 -0.55103999376296986 0.034287570044398315 -0.48264713585376734 -0.22523785382509229 0.085519153624773039 -0.23604997992515561 -0.36954462528228754 -0.11963960155844687 -0.23918534070253369 0.11584529280662538 -0.20514007657766339 -0.073255930095911012 0.26846592128276831 -0.10856995731592177 0.32982325553894049 -0.15550405532121656 -0.21164772659540174 0.48439107835292822 -0.32180353999137873 0.13716869056224826 -0.40878038108348841 -0.17016149312257764 -0.47869317233562464 0.28630101680755621 0.0118238995783031 -0.37906259298324579 -0.042871212586760514 -0.061443602666258805 -0.13024013489484784 -0.19453945755958554 0.45878548920154577 -0.32528407871723169 0.37500000000000006 -0.013124479446560143 0.096941109746694579 0.062695985659956946 -0.32622407376766199 0.078267250210046782 0.22378727793693545 -0.24585780501365659 -0.029281878843903538 0.3620197474956513 0.17557670921087268 -0.040019819512963288 -0.3716976642608642 -1.0000000180025095e-35 0.15907739847898486 0.20169832557439807 0.093124173581600203 -0.23264865577220914 0.098011363297700896 0.37500000000000006 0.0678110606968403 -0.044196683913469308 0.23707477748394015 0.025443110615015033 0.26246605813503271 0.19845730811357501 -0.23797766119241712 0.58284866809844982 0.078267250210046782 -0.0059481500647962085 0.19858354330062869 -0.11604410037398337 0.079801581799983992 -0.084381487220525728 -0.19267497211694715 -0.03367906063795089 -0.24949025362730023 0.45380924642086035 -0.28523874282836909 -0.1964025795459747 -0.063920453190803514 0.16274712979793551 -0.48522816598415369 0.099499750882387175 0.3584787398576737 -0.30799929797649378 -0.89468982815742482 -0.40482954680919642 0.19927386939525607 -0.2242099121212959 0.029681148938834671 0.16185577958822253 -0.44840271770954127 -0.15653052181005475 -0.018265496939420697 -0.067989047616720186 0.052002390846610076 0.073740400373935713 -0.10916468873620032 -0.32087123394012446 0.050336427986621864 0.02633590251207352 -0.01776211708784103 -0.028467695228755471
decision_type=2 2 2 2 2 2 2 2 2 2 2 2 2 2 2 2 2 2 2 2 2 2 2 2 2 2 2 2 2 2 2 2 2 2 2 2 2 2 2 2 2 2 2 2 2 2 2 2 2 2 2 2 2 2 2 2 2 2 2 2 2 2 2 2 2 2 2 2 2 2 2 2 2 2 2 2 2 2 2 2 2 2 2 2 2 2 2 2 2 2 2 2 2 2 2 2 2 2 2 2 2 2 2 2 2 2 2 2 2 2 2 2 2 2 2 2 2 2 2 2 2 2 2 2 2 2
left_child=13 2 5 4 -4 -2 47 21 9 11 77 12 22 14 27 -16 71 18 19 -15 -21 -8 23 118 53 52 -25 28 112 30 -29 32 -19 34 36 115 109 38 41 40 -40 -35 43 -39 45 -44 124 48 50 51 -3 -50 -23 55 -55 -13 -41 58 -38 64 62 -62 75 -63 116 67 -67 -66 69 -12 -20 72 73 74 -17 111 -48 78 79 80 -10 96 92 84 91 -84 -87 89 -89 93 -91 -81 -83 95 107 -85 97 -79 -99 100 -98 -93 -96 -104 -90 106 -106 -95 -30 -34 -75 -61 -1 -114 -115 -33 -37 -118 -9 -120 121 -28 123 -122 125 -27
right_child=1 6 3 -5 -6 -7 7 8 10 -11 68 24 -14 17 15 16 -18 31 70 20 -22 25 -24 26 -26 46 120 29 108 -31 -32 35 33 37 -36 59 57 42 39 56 -42 -43 44 -45 -46 -47 76 -49 49 -51 -52 -53 -54 54 -56 -57 -58 -59 -60 60 61 63 -64 -65 65 66 -68 -69 -70 -71 -72 -73 -74 110 -76 -77 -78 81 -80 83 -82 82 85 87 -86 86 -88 88 104 90 -92 101 -94 94 102 -97 99 98 -100 -101 -102 -103 103 -105 105 -107 -108 -109 -110 -111 -112 -113 113 114 -116 -117 117 -119 119 -121 122 -123 -124 -125 -126 -127
leaf_value=-0.0081970038993834701 0.0040138711127273149 0.0010180752755351121 0.018808139488214588 -2.2077974551115331e-06 0.0064711442503871995 -0.0061664320068050863 0.0033323264325751875 -0.0024140947674986643 -0.011091040797599885 -0.010931741309183651 0.0049722747784293709 0.0079981608044860982 0.0052439968872754414 0.005656477209691587 0.0087584679203600666 0.011258804321588319 0.010569745123205998 0.0054812107238067483 -0.0059703787274545698 -0.0098503551813839945 3.1565639594770897e-05 -0.0042212258570218809 -0.0095526026166584642 -0.011959239794210466 -0.0061821721941486725 0.0041491866426706381 0.003753596494488119 0.0028761519993711392 -0.0030243516060918666 -0.0080951841280156346 -0.004384098169858572 0.00076494966916290435 0.0015676615315033608 0.0031327923826828911 -0.0084763309994865879 -0.0012298245751734807 0.010611686579353019 -0.0053106254655626182 -0.0063408438047658959 0.00035562160219843606 -0.016215147651954295 -0.0071868596038767779 0.0088762779588345032 -0.0016753148888700965 -0.0048117031988341736 4.8192984215709001e-06 -0.0027257375546342172 0.0062549213371449006 0.0094256111960830252 0.0083790592599769318 -0.010093862991796921 0.0009666264411735667 0.0011810616559554668 0.0095844036360778137 -0.00068051493212444242 -0.00084888015694081385 -0.0087482807925185046 -0.00090279408247544092 0.0025823702095184083 0.0076416755641578746 -0.012887745161218742 -0.0076170185612529804 -0.0038049922617381612 0.0013161313521596442 0.0088928117137093143 -0.0018911274111479534 -0.01240487972417232 -0.00027116715741246907 -0.0097237591061568318 -0.0063955447380218654 -0.016581426164436232 -0.0057520510239485612 -0.00544012668746373 -0.0060068894422598542 0.00017597881613486087 0.0050758707677408411 0.0045295487184028897 0.012648973615527069 -0.0050167748140130591 0.006512646643986925 0.00063500460556185716 0.0069159093944075635 -0.010919413106949631 0.0079260936562208836 -0.0054620182015258003 0.0063178141543938368 -0.0080551693787026361 -0.0052425495097378864 0.012062429906838822 0.0091231202651319374 -0.002149136972477953 0.0090787594810050783 -0.0029045765401627421 -0.0024969071671248834 -0.0014366071122864765 -0.0012600035042852518 -0.0055910854578422918 -0.0019683447387012819 0.008635922422253894 0.0074359715792442251 0.0023777636986107476 0.00024686016336597711 -0.0035780381187750618 -0.011647439849905496 -1.1105020335099328e-05 0.011086653259678335 0.0088677810734904532 0.0046261622587428254 0.004716601453680253 -0.0070835115057541354 0.0024441788008596208 -0.00073636114540465343 0.0049263777980709288 -0.00025896036542607327 -0.0059383690808906221 0.011441018518898163 -0.012521258553349537 -0.00263952847001191 0.0092190019538737084 -0.0034293972893020921 0.0026481411209794245 -0.0034692446376913145 -0.011642211144731809 -0.0064064959583724828 -0.011362679700560693 -0.0077609945536279545
leaf_weight=325 471 303 281 410 430 436 3113 1142 432 288 302 268 288 258 517 386 259 496 356 342 452 589 437 275 530 262 459 1054 305 827 1393 267 344 530 391 528 368 2391 416 409 486 304 327 3514 382 631 689 864 256 466 285 3943 17503 414 511 8770 378 860 1171 256 288 296 724 824 390 647 256 522 325 335 262 347 306 272 283 1657 508 383 1625 1834 841 472 380 332 298 256 252 388 260 433 314 260 363 704 589 578 575 436 469 594 3549 1504 504 637 1044 255 283 545 1446 486 965 1292 429 1844 802 269 416 327 388 332 269 1216 357 664 280 351
leaf_count=325 471 303 281 410 430 436 3113 1142 432 288 302 268 288 258 517 386 259 496 356 342 452 589 437 275 530 262 459 1054 305 827 1393 267 344 530 391 528 368 2391 416 409 486 304 327 3514 382 631 689 864 256 466 285 3943 17503 414 511 8770 378 860 1171 256 288 296 724 824 390 647 256 522 325 335 262 347 306 272 283 1657 508 383 1625 1834 841 472 380 332 298 256 252 388 260 433 314 260 363 704 589 578 575 436 469 594 3549 1504 504 637 1044 255 283 545 1446 486 965 1292 429 1844 802 269 416 327 388 332 269 1216 357 664 280 351
internal_value=-6.76062e-05 0.000486426 0.00359153 0.00720774 0.0114146 -0.000840429 0.000393739 0.000221446 -0.000264098 -0.00149021 0.0006455 -0.00132027 -0.0028433 -0.00114376 -8.13618e-05 0.00262893 0.00148852 -0.00165212 -0.0050197 -0.00173826 -0.00419002 0.00103486 -0.00327252 -0.00272494 -0.00047101 0.000678602 -0.00418146 -0.00115846 -2.24857e-07 -0.00298732 -0.00124369 -0.0014041 -0.0021011 -0.00238556 -1.16982e-05 -0.000320111 0.00100875 -0.00326197 -0.00565694 -0.0081334 -0.0117075 -0.000603232 -0.00242246 -0.0031537 0.000773804 0.0030458 -0.00210963 0.00214109 0.00145652 0.00219257 -0.00431166 0.00149475 0.00100278 -0.000162516 0.00388099 -0.000580865 -0.00398711 0.00256912 0.0045321 -0.0007395 0.000315967 -0.00348749 0.001689 -0.0010266 -0.00257496 -0.000615415 -0.00492125 0.00361448 -0.00396083 -0.000958532 -0.0105395 0.000548238 0.00155618 0.0027032 0.00662039 0.00294318 0.000325894 0.000854693 0.000212857 0.000922496 -0.00332442 0.0019845 -0.0013723 0.00142867 0.00335929 -0.00514986 -0.000757823 0.000327881 0.00289918 -0.000902723 0.00433508 0.00410353 0.00260249 -0.0019198 -0.00314807 0.00205921 0.00295371 0.00625382 0.00349712 0.00204407 0.00125611 0.0015777 -0.00586145 -0.00811682 0.00463942 0.00338742 0.00186858 0.000583783 0.00334329 -0.00345366 0.000552922 0.000637567 -0.00171598 -0.00101591 -0.00199534 0.00618602 -0.00534459 -0.00822261 -0.000171836 0.00333828 -0.00344244 -0.00146806 -0.00597551 -0.00375846 -0.00540983 -0.0026199
internal_weight=106672 70399 2028 1121 711 907 68371 62254 38959 16608 22351 16320 5827 36273 11760 3335 2818 24513 1670 1052 794 23295 5539 5102 10493 20182 3240 8425 5151 3274 2447 22843 13884 13388 3620 8959 3229 9768 2523 1689 902 834 7245 5905 1340 958 2090 6117 5253 4665 588 4199 18092 9963 925 9038 787 2399 1539 8423 5337 1408 3929 1120 3086 1815 903 912 962 637 618 2559 2212 1906 669 3205 1197 21389 13660 12035 1273 7729 1723 10762 3896 888 508 6866 2230 4636 747 3598 835 3889 2979 910 6006 1288 905 4718 4124 1764 1730 1141 1842 1582 1327 1249 1751 830 1237 1548 3400 3075 2646 536 1271 743 1862 720 2965 1675 1290 933 893 613
internal_count=106672 70399 2028 1121 711 907 68371 62254 38959 16608 22351 16320 5827 36273 11760 3335 2818 24513 1670 1052 794 23295 5539 5102 10493 20182 3240 8425 5151 3274 2447 22843 13884 13388 3620 8959 3229 9768 2523 1689 902 834 7245 5905 1340 958 2090 6117 5253 4665 588 4199 18092 9963 925 9038 787 2399 1539 8423 5337 1408 3929 1120 3086 1815 903 912 962 637 618 2559 2212 1906 669 3205 1197 21389 13660 12035 1273 7729 1723 10762 3896 888 508 6866 2230 4636 747 3598 835 3889 2979 910 6006 1288 905 4718 4124 1764 1730 1141 1842 1582 1327 1249 1751 830 1237 1548 3400 3075 2646 536 1271 743 1862 720 2965 1675 1290 933 893 613
is_linear=0
shrinkage=0.0667171


Tree=46
num_leaves=127
num_cat=0
split_feature=18 21 0 21 0 18 18 21 0 18 0 9 21 0 21 7 0 21 0 16 13 11 21 0 14 18 9 19 14 19 10 21 18 15 11 8 10 9 5 10 11 6 8 0 18 15 15 10 15 8 11 0 10 16 12 18 1 13 15 0 20 14 14 0 19 11 7 16 16 20 13 14 15 13 20 11 0 18 11 12 15 18 21 16 10 1 9 8 19 19 12 10 11 7 10 10 14 8 12 0 0 20 0 16 0 10 1 14 21 0 10 18 18 0 19 15 10 12 18 21 14 8 10 8 0 19
split_gain=13.8827 11.2316 9.77488 9.168 11.193 7.78804 6.4704 6.34671 8.01634 5.76343 5.68689 5.5552 5.50812 11.0933 5.4717 5.00953 4.93193 4.70876 11.2365 4.45252 4.43959 4.23828 4.15237 10.0469 4.66843 4.46172 5.08556 4.07298 5.34207 4.40067 4.39002 4.06111 6.92668 5.85059 4.08723 3.98881 3.98823 3.9509 3.93879 4.47246 9.72126 3.92865 3.92503 5.72957 5.60567 4.20896 3.85549 3.83536 3.71686 4.4909 3.69684 3.68563 4.63238 3.89187 3.64796 3.60467 5.04632 5.93775 8.1147 6.34883 5.15838 6.72596 5.13696 5.89403 4.76303 4.35658 3.98259 3.59464 3.5877 3.56987 3.53061 4.6306 4.95446 4.61445 3.78525 4.152 4.69584 3.51077 3.47766 3.45438 4.50921 3.43504 9.26287 7.69345 3.58659 3.41505 3.7465 3.62044 3.50714 3.41481 5.36741 3.76184 4.38403 3.35808 3.35707 4.12248 4.93541 3.279 3.24354 3.84504 6.97927 3.60356 3.2291 3.18389 3.18017 3.84115 3.58775 3.60537 3.14753 4.18463 3.6029 3.57482 3.10617 3.63326 3.08513 7.29987 6.74773 4.68926 3.73695 5.21429 3.94939 3.68621 3.07599 3.06622 3.29521 3.02925
threshold=0.010823292657732965 -0.0042337127961218348 0.44460226595401769 0.066810529679059996 0.49573864042758947 -0.14464228600263593 0.096665639430284514 -0.2010899409651756 0.47301135957241064 -0.57647010684013356 0.50426137447357189 -0.26226060092449183 -0.11179413273930548 0.50142046809196483 -0.52831456065177906 0.1278413459658623 -0.098011363297700868 -0.14633522927761075 -0.083806820213794694 -0.52026459574699391 0.25673288106918341 -0.13849003612995145 0.17176358401775363 0.48721592128276831 0.44869990646839147 0.13006787747144702 -0.054936805739998811 -0.12409475445747374 -0.13379566371440885 -0.085154868662357316 -0.15082355588674543 -0.44357509911060328 -0.26967006921768183 -0.021482334472239014 0.025092958472669128 0.13259329646825793 -0.16839562356472013 -0.035672109574079507 -0.37499999999999994 -0.10894276201725005 0.11754218861460687 0.056731669232249267 0.082541115581989302 0.32528407871723181 -0.20379465818405149 0.0061520736198872336 -0.25346390902996058 -0.0091528906486928446 -0.22426267713308332 0.030119674280285839 0.23472466319799426 -0.11505682021379469 0.13238934427499774 -0.28640009462833399 0.08603201806545259 0.096665639430284514 -0.13494318723678586 0.30892814695835119 -0.023018433712422844 -0.11221591010689734 0.11762282624840738 0.08599239215254785 0.1663678660988808 0.34801135957241064 0.4767290353775025 0.14708225429058078 0.19352405518293384 -0.2049218341708183 -0.71568807959556568 0.028709064237773422 0.23934800922870639 -0.029778599739074704 0.14132872968912127 0.32632923126220709 0.24473365396261218 -0.070385936647653566 -0.063920453190803514 -0.22151045501232144 0.0045565185137093076 0.093996569514274611 -0.076029185205697999 0.57462233304977428 0.63589778542518627 0.34445250034332281 0.15021160989999774 -0.16335227340459821 -0.11988136917352675 -0.053768120706081383 -0.040019819512963288 -0.061374567449092858 -0.11929674074053763 0.094016104936599745 -0.19553063064813611 0.15426804870367053 -0.080592364072799669 0.043737068772315986 -0.087730962783098207 0.087035078555345549 0.30845054984092718 0.29119317233562475 -0.061079544946551316 -0.058481961488723748 -0.32528407871723169 -0.35111212730407709 0.43323864042758947 0.029681148938834671 -0.1576704531908035 0.20648873597383502 -0.35359160602092737 0.17187500000000003 0.22442187368869784 -0.3290975540876388 -0.32173828780651087 0.06960227340459825 -0.22805814445018766 -0.032250383868813508 0.0077573978342115888 -0.12109205499291419 0.20948536694049838 -0.001277609961107373 0.11138741672039033 1.0000000180025095e-35 0.28569556772708898 -0.38894423842430109 -0.35369317233562464 0.043034194037318237
decision_type=2 2 2 2 2 2 2 2 2 2 2 2 2 2 2 2 2 2 2 2 2 2 2 2 2 2 2 2 2 2 2 2 2 2 2 2 2 2 2 2 2 2 2 2 2 2 2 2 2 2 2 2 2 2 2 2 2 2 2 2 2 2 2 2 2 2 2 2 2 2 2 2 2 2 2 2 2 2 2 2 2 2 2 2 2 2 2 2 2 2 2 2 2 2 2 2 2 2 2 2 2 2 2 2 2 2 2 2 2 2 2 2 2 2 2 2 2 2 2 2 2 2 2 2 2 2
left_child=1 5 11 4 17 7 10 9 123 14 41 16 13 -7 46 89 -3 18 -2 48 31 -17 23 24 27 26 -24 28 69 -29 37 34 33 108 51 -22 -28 -30 47 40 -40 -5 43 77 -45 54 -1 -13 112 68 -38 -21 53 -53 -44 56 62 58 60 93 61 94 65 -64 114 -19 -60 103 -50 -8 71 78 74 -72 75 -73 -77 -34 -41 -16 -81 82 -27 -83 -85 -79 88 -88 -87 91 -91 92 -14 -59 -58 96 -96 -61 99 100 101 -92 -98 -48 105 -35 -107 -108 111 110 -110 -33 113 -11 115 -57 117 -116 119 121 -121 -118 -69 124 -9 -97
right_child=3 2 -4 6 -6 12 22 8 -10 19 -12 38 15 -15 79 21 -18 55 -20 20 35 -23 25 -25 -26 81 36 29 30 -31 -32 32 42 104 -36 -37 50 -39 39 70 -42 -43 45 44 -46 -47 67 -49 49 -51 -52 52 -54 -55 -56 64 57 59 66 97 -62 -63 63 -65 -66 -67 -68 122 -70 -71 73 72 -74 -75 -76 76 -78 85 -80 80 -82 83 -84 84 -86 86 87 -89 -90 90 98 -93 -94 -95 95 125 102 -99 -100 -101 -102 -103 -104 -105 -106 106 107 -109 109 -111 -112 -113 -114 -115 116 -117 118 -119 -120 120 -122 -123 -124 -125 -126 -127
leaf_value=0.0031747957462788527 0.0026017458642426904 -0.0029044734842121854 -0.012971670282224311 -6.6041284311758476e-05 0.013094249175704122 0.0017112918953457383 -0.010396420859541813 -0.012356063637310422 -0.011196308381341238 0.0089672701328892806 -0.010572598018328711 -0.0029538475248901243 0.0059963603810059742 0.01587836013032938 -0.0017237244926017904 -0.0072396536952264324 -0.013211118509859761 1.2539303157266188e-05 0.01821343673352353 -0.00075008547199982524 0.010929313114578612 -0.001089923774919715 -0.011025393916366951 0.013112885435967444 -0.0062894727244379948 0.00030567772974662513 -0.0061113963125540354 0.010867532606970985 0.0002205290855555759 0.0022467752848054582 -0.0010730819662072872 -0.0066012724100276872 0.0037136265908296693 -0.006373236996870672 -0.0053324163511558722 0.00075723222612720273 0.0050886740361939685 0.011454626075308224 -0.0016857066573570281 -0.0079433192331383982 -0.012932567967524001 -0.0034850867941036328 0.012832171476665098 -0.00097813741220504442 0.010196033957044458 -0.00051624292495111243 -0.0023551821741541407 -0.01203044196800354 -0.009016190900006802 0.0066238402803615072 -0.0046644188587908284 0.007018846762701844 0.0099813201388162087 -0.002281121479296184 0.0027076836672621598 0.0077899196187330459 0.0018434978300543264 0.0026321338465132901 0.0065316058846126681 -0.015079967667947706 -0.0053690524854356431 0.0085333195276516179 0.013551245149190386 0.00037065810931573138 -0.00042368898707418869 0.0067920678701791177 -0.0024603964436887157 0.007293871070694795 0.0010374396998577553 -0.0013153580146694161 0.0068964593004220221 -0.0043694669328353799 -0.0078954937316407792 -0.00035182102282375438 0.0069035238274389012 0.0075348567466985462 -0.0026795341482567037 -0.0082523721559537248 -0.00077150914575066889 -0.004609022914114384 -0.016187797847842068 0.0063623952319994594 -0.008544863518153957 -0.0086859833103960365 0.00092846750059354121 0.0054103659227263887 -0.0096623336138322684 -0.00010944414714339017 -0.0035239720194519732 0.0073160634235770088 0.010777379651592848 -0.0055034158210771041 -0.00036891889822031777 -0.0058286341591887473 -0.0133518087769027 0.0039868805228636299 0.0028818452025119747 -0.004324002425096095 -0.0052873164180042252 0.0066988422901376084 -0.0048176689187739074 0.00046100869812248934 -0.007204418941897113 -0.0090883694387724027 -0.0069826678449076271 0.0071091200346720855 0.0036508206688217176 -0.0059047759793568249 -0.0019861562633209512 -0.014672042298234355 -0.011714903745724805 0.0031389140684327261 0.010968366999689843 -0.0012744492981654676 0.015996987260796458 -0.0076668024177184548 0.010446875535159912 0.0051354005873642866 0.0091411740526710569 0.0023626350892849441 -0.0059635006052056842 0.00059724199090060548 -0.0014530439896555318 -0.0017080253072529253 -0.0024022753420815425 -0.0043840946916551739
leaf_weight=737 1127 470 408 4164 394 6109 325 258 451 268 307 662 527 254 404 688 381 1920 250 737 290 1857 309 334 337 16951 491 278 263 4962 934 398 352 275 296 431 482 306 1805 679 422 2349 298 420 368 537 2049 309 253 336 263 357 522 441 356 254 1243 526 1208 273 883 392 378 257 1341 541 259 285 397 490 605 581 275 1070 456 450 350 496 557 352 273 1183 540 251 521 428 388 333 351 752 269 559 5213 340 274 482 264 253 329 520 666 352 290 373 291 435 392 312 477 333 269 280 377 344 368 285 401 362 384 587 438 302 458 7799 366 314
leaf_count=737 1127 470 408 4164 394 6109 325 258 451 268 307 662 527 254 404 688 381 1920 250 737 290 1857 309 334 337 16951 491 278 263 4962 934 398 352 275 296 431 482 306 1805 679 422 2349 298 420 368 537 2049 309 253 336 263 357 522 441 356 254 1243 526 1208 273 883 392 378 257 1341 541 259 285 397 490 605 581 275 1070 456 450 350 496 557 352 273 1183 540 251 521 428 388 333 351 752 269 559 5213 340 274 482 264 253 329 520 666 352 290 373 291 435 392 312 477 333 269 280 377 344 368 285 401 362 384 587 438 302 458 7799 366 314
internal_value=-5.40784e-05 -0.000803611 -0.00288979 0.000717436 0.00201529 -0.000360719 0.000119033 -0.00108659 -0.00254405 -0.000356727 -0.00172972 -0.00243022 0.00070622 0.00228673 -0.00229575 -0.00014826 -0.00756511 0.00174219 0.00547807 0.000385736 -0.000141119 -0.00276818 0.000551757 0.00182187 0.00133686 5.21617e-05 -0.00339314 0.00168316 -0.000632559 0.00271414 0.00170681 -0.000503952 -0.00124027 -0.00346475 0.00191779 0.00490172 -0.00144752 0.00632203 -0.00189299 -0.00135204 -0.00383965 -0.00130491 0.000532207 -0.000696538 0.00420031 0.00379282 -0.0011439 -0.00588698 0.00329796 0.000366343 0.00159118 0.00298397 0.00509491 0.00184729 0.00738252 0.00139213 0.000676138 -0.000311427 0.000651246 -0.00421026 -0.000851806 0.000363939 0.00291872 0.00826728 0.00291528 0.00152109 0.00491378 -0.00216158 -0.00283249 -0.00498419 -0.000241462 -0.00149783 0.000384808 0.00224909 0.00165169 -6.44094e-05 0.00302173 -0.00235734 -0.00473893 -0.00662365 -0.00973818 0.000327937 2.95071e-05 0.00297818 -0.0021607 -0.00344959 -0.00183256 -0.00529793 0.00133767 0.000574262 0.00247404 -0.000291816 0.000211621 -0.000660888 -0.000746536 -0.0027504 -0.00604392 -0.00997914 0.000750056 0.00187226 -5.77498e-05 0.00498936 -0.002348 -0.00341124 -0.000659959 0.000628009 0.00235831 -0.000537128 -0.00616659 -0.00841665 -0.00555926 -0.00253418 0.00618604 0.00317192 0.0042502 -0.000310212 0.00512837 0.0106657 0.00319243 0.00184202 -0.00116386 0.00626271 0.00186102 -0.0020745 -0.00658216 0.000634946
internal_weight=106848 54218 9480 52630 16590 44738 36040 26643 8874 17769 6820 9072 18095 6363 4931 11732 851 16196 1377 12838 10863 2545 29220 8229 7895 20991 1545 7558 2318 5240 1503 10142 7789 3462 2353 721 1236 569 8221 7250 2227 6513 4327 3136 788 1191 3902 971 1975 986 745 2057 1320 798 654 14819 10097 7001 5609 1392 4142 3259 3096 635 4722 2461 1467 3165 650 815 5023 3348 2112 1675 1837 1381 800 2348 1236 1029 625 19446 17491 1955 772 1996 1500 721 779 9187 2888 6299 5740 866 2867 1624 828 526 2136 1807 1287 621 554 2422 1705 1414 1139 704 1757 1079 746 678 989 612 3381 539 2842 730 2112 1728 1025 703 743 8423 624 796
internal_count=106848 54218 9480 52630 16590 44738 36040 26643 8874 17769 6820 9072 18095 6363 4931 11732 851 16196 1377 12838 10863 2545 29220 8229 7895 20991 1545 7558 2318 5240 1503 10142 7789 3462 2353 721 1236 569 8221 7250 2227 6513 4327 3136 788 1191 3902 971 1975 986 745 2057 1320 798 654 14819 10097 7001 5609 1392 4142 3259 3096 635 4722 2461 1467 3165 650 815 5023 3348 2112 1675 1837 1381 800 2348 1236 1029 625 19446 17491 1955 772 1996 1500 721 779 9187 2888 6299 5740 866 2867 1624 828 526 2136 1807 1287 621 554 2422 1705 1414 1139 704 1757 1079 746 678 989 612 3381 539 2842 730 2112 1728 1025 703 743 8423 624 796
is_linear=0
shrinkage=0.0667171


Tree=47
num_leaves=127
num_cat=0
split_feature=18 21 1 21 18 1 18 21 18 21 1 8 1 16 9 10 1 11 15 21 5 9 8 10 1 1 12 13 13 20 5 21 19 10 17 11 9 18 10 7 16 21 12 18 1 1 7 21 1 21 17 1 18 7 1 12 14 15 1 21 5 18 18 21 1 18 1 1 10 1 10 10 1 18 16 10 12 1 17 11 5 16 1 21 1 18 1 17 9 11 21 1 16 12 18 18 12 21 21 20 12 15 18 16 14 9 18 17 12 17 1 15 10 21 18 12 13 8 12 10 14 9 5 13 1 12
split_gain=12.0153 8.32559 9.61008 7.62197 9.1873 7.42231 7.29517 5.97956 5.1998 5.12865 5.18099 4.93082 4.62515 4.90754 4.34813 5.44315 4.41136 4.26837 4.62534 7.89861 5.26593 5.06304 4.61998 4.41433 4.23551 5.44328 7.01056 7.85529 11.6388 6.24803 4.90421 8.32106 5.20924 4.48585 4.21932 4.10393 4.0575 4.03214 4.22457 3.99194 5.13761 5.64302 5.11537 4.3574 3.9918 4.07168 3.98477 3.84681 3.7885 4.74182 4.91999 4.82807 4.55018 4.16886 5.23813 4.72115 3.64679 3.58752 4.25183 3.57267 4.97349 4.49211 3.94832 4.30018 6.67676 4.75816 3.69862 3.59908 3.50469 3.69414 3.65963 3.48773 5.24193 4.53903 3.40657 3.40004 3.38389 3.34324 3.73283 4.21864 3.30531 3.30506 4.37207 3.28875 8.47672 5.75628 6.93106 5.66717 7.87527 4.79534 4.34389 4.19179 4.167 4.13627 5.58196 5.33362 6.00128 3.84587 3.81816 3.71934 3.69235 3.69196 3.58319 3.46759 3.31413 6.16657 3.26398 6.71614 4.46436 3.24087 5.18445 3.4015 3.25174 3.34772 5.49906 3.8346 3.22397 3.69516 8.04628 5.71881 4.34326 3.71926 3.40602 3.329 3.27241 3.19324
threshold=-0.021325975656509396 0.083113092929124846 -0.50142046809196461 -0.047568157315254204 -0.18711137771606443 -0.50710228085517872 0.13985770940780642 0.25815217196941381 0.096665639430284514 -0.25323729217052454 -0.24573864042758939 0.12994480133056643 0.47869317233562475 0.17125607281923297 -0.26821170747280115 -0.055399475619196885 0.092329546809196486 -0.075916323810815797 0.11599078401923181 -0.0087966057471930963 -1.0000000180025095e-35 0.18598510324954989 -0.086402200162410722 -0.11963960155844687 -0.36505682766437525 1.0000000180025095e-35 -0.15882790088653562 -0.44031132757663721 -0.25867353379726404 -0.080184120684862123 0.37500000000000006 -0.2010899409651756 0.043034194037318237 -0.027327516116201874 0.0048899755347520122 0.038163781166076667 0.48375065624713903 -0.13517671078443524 -0.20434817671775815 0.041358627378940589 0.12087187543511392 -0.10688576474785803 0.22110348939895633 -0.049812914803624146 -0.41051135957241053 -0.47301135957241053 -0.11350036785006522 -0.016618707217276093 -0.43323864042758936 0.15155648440122607 0.40399827063083654 -0.48437499999999994 0.02152569126337767 0.21541973948478702 0.34232954680919653 -0.25291594862937922 -0.022348809055984017 -1.0000000180025095e-35 -0.024147727526724335 -0.18088284879922864 0.37500000000000006 -0.57647010684013356 -0.89468982815742482 -0.69828557968139637 -0.43892045319080347 -0.32173828780651087 0.01278409129008651 -0.22301135957241056 0.083906285464763655 -0.026988636702299115 -0.071250993758440004 0.54243466258049022 0.18323864042758944 0.27108162641525274 -0.14902096986770627 0.055936787277460105 -0.26174384355545038 0.041193181648850448 0.42161656916141516 0.22658039629459384 1.0000000180025095e-35 0.064458370208740248 0.42755682766437536 0.21979128569364551 -0.13778409361839292 0.25915643572807318 -0.48437499999999994 -0.031281461007893079 0.10328308492898942 -0.020668690092861649 0.3387198299169541 -0.37642045319080347 0.13574130088090899 0.021926815621554855 0.15907739847898486 0.27269172668457037 0.095311604440212264 0.18394976109266284 0.17828200012445453 -0.0061094509437680236 -0.21428816765546796 0.16897848993539813 0.23687382787466052 0.4073848575353623 -0.13230970501899716 -0.0072855197358876458 -0.037884617224335664 0.20732057839632037 -0.028467695228755471 0.32606464624404913 -0.36505682766437525 -0.059915514662861817 0.29715929925441747 -0.12478534132242201 -0.1739988103508949 -0.19542024284601209 -0.60068672895431507 0.0035595754161477093 -0.051326472312211983 -0.089761838316917406 0.2168904393911362 0.021638842299580578 -1.0000000180025095e-35 0.23321010917425158 -0.012784091290086506 -0.23402515798807141
decision_type=2 2 2 2 2 2 2 2 2 2 2 2 2 2 2 2 2 2 2 2 2 2 2 2 2 2 2 2 2 2 2 2 2 2 2 2 2 2 2 2 2 2 2 2 2 2 2 2 2 2 2 2 2 2 2 2 2 2 2 2 2 2 2 2 2 2 2 2 2 2 2 2 2 2 2 2 2 2 2 2 2 2 2 2 2 2 2 2 2 2 2 2 2 2 2 2 2 2 2 2 2 2 2 2 2 2 2 2 2 2 2 2 2 2 2 2 2 2 2 2 2 2 2 2 2 2
left_child=3 2 -2 4 59 -5 7 48 12 10 -6 -12 13 24 16 17 -7 23 20 -20 22 57 -19 -16 44 26 47 -28 -29 -30 31 -27 -33 -32 -18 -15 37 38 -11 42 41 -41 43 80 45 -4 -31 -26 49 51 -51 -3 -50 54 55 -54 -43 -22 -59 62 61 -61 -1 64 -64 -65 67 -66 69 70 -58 73 -73 -10 -35 -14 -24 78 -37 -80 -39 82 -56 84 87 86 -85 91 -89 -86 103 99 102 94 100 96 -95 -93 -96 -8 -91 125 -88 104 -87 -106 -17 108 -108 112 -111 -112 113 -40 -115 -116 -67 121 -119 -120 123 -118 124 -121 -122 -92
right_child=1 6 8 5 9 14 83 -9 71 36 11 -13 75 35 15 106 34 18 19 -21 21 -23 76 -25 25 30 27 28 29 46 33 32 -34 74 -36 77 -38 39 109 40 -42 56 -44 -45 -46 -47 -48 -49 52 50 -52 -53 53 -55 81 -57 68 58 -60 60 -62 -63 63 65 66 116 -68 -69 -70 -71 -72 72 -74 -75 -76 -77 -78 -79 79 -81 -82 -83 -84 85 89 90 92 88 -90 93 101 97 -94 95 98 -97 -98 -99 -100 -101 -102 -103 -104 -105 105 -107 107 -109 -110 110 111 -113 -114 114 115 -117 117 118 119 120 122 -123 -124 -125 -126 -127
leaf_value=-0.0040179709497937212 0.0099947975792560994 0.0034691732638763607 -0.0057975039168696747 -0.012877874062651822 0.011742331258053858 -0.01025943165772215 0.01329841788356962 -0.0074482350467792629 0.0032158606116374573 -0.0068914030819122833 0.00031442015631660516 0.0089685780455274981 -0.0090203924482469191 0.0044831462582902307 -0.009307534540317278 -0.00091546465536419212 0.0035644322715467527 0.0033970321069216034 0.00089054439698046787 -0.012438769583125292 0.0011695576881833908 0.0094942583445322658 -0.013130375382617469 -0.00083487253041051462 -0.0075698819408770044 0.013310357188941115 -0.0023870616970443014 0.018276201832884354 0.010527290588558605 0.0099803028835516172 0.002003760403661231 0.0024206750125863527 -0.001952362223355844 -0.0027839554747203701 -0.0078231887968657175 -0.003338411514462479 -0.0070877253343812792 0.00054171095876401679 0.0020981206071498978 0.0023229045934839731 0.008715809523484979 0.0023256877743588226 -0.0024272348107269902 0.0070253367310056684 -0.0074959144989345519 0.0035749221997861242 0.0010982351195031115 0.0016101844604657408 -0.0060433303946163981 -0.015809844578490675 -0.0032744680258788915 -0.0066831746280778424 -0.0084444148700728722 -0.0041352811376143602 0.014481563808832075 0.0001296211536714306 -0.00024484117654280434 -0.011287436027770069 0.00055542947542777589 0.004150843660607007 -0.011438641032707439 -0.0031694906983643066 0.012738226708530365 -0.0019317982399971324 0.0024410261929007017 0.0059598672903348566 0.0061267803549505577 -0.005957974014395336 -0.00014077478914537896 -0.013717522939951862 -0.010727581708125789 0.006272271093484212 -0.0024854252728389327 0.011203998113071711 -0.012951826427878529 -0.00075338872022695372 -0.0042308583011120724 -0.006699387617217431 0.0093957950697921844 -0.0025179693529050295 0.0046498097221854004 -0.00084860584615408256 0.0032656049280861913 -0.0090648027320868949 -0.0040551994284790584 -0.001900933198278178 0.0020651553090384692 0.01510705380810267 0.0004697066409754045 -0.0070477900467362459 -0.0040382426810877947 0.0034962433245837015 -0.0026186286877600664 -0.0033724656980009507 0.0077301937849477342 -0.0076817528689693548 0.0070829546462550224 -0.0053221902485924531 0.0014900492075749278 0.0019834799962011526 0.0015033728631922655 -0.00050199525155870148 -0.0055846467544543423 0.010436182119115105 6.1462139445966319e-05 0.010069473585842606 0.011801676936237597 -0.0057270474214176255 0.0021096137230794056 0.0056749911786510331 -0.0027412486555904829 -0.011375536869753497 0.0068594990444929014 0.0045313193373191854 0.00026157613195796909 -0.0095512206295182995 -0.0024935942284389995 0.010430541324879663 -0.0090404135205029018 -0.0074786878792630221 0.012454456052317552 0.0034036046586533642 0.00047856468555605865 0.002206695451857778 0.0020265605027409662 0.0038564257227912549
leaf_weight=1529 590 466 306 280 332 539 258 687 4912 466 1158 393 345 410 824 4659 301 253 340 452 1711 259 261 421 266 256 454 354 679 276 407 3920 1744 375 270 1038 305 2106 1617 1180 250 347 766 1138 403 614 1219 817 618 255 321 370 296 1015 254 6294 370 254 271 414 288 3294 252 7756 478 453 413 422 419 297 251 426 1041 340 250 635 761 664 267 250 1510 286 415 498 907 479 2210 479 253 321 255 575 2795 566 1008 445 423 352 794 271 719 5498 306 309 602 509 344 292 569 257 940 263 368 317 272 467 2550 421 251 323 307 578 578 296 250 1757
leaf_count=1529 590 466 306 280 332 539 258 687 4912 466 1158 393 345 410 824 4659 301 253 340 452 1711 259 261 421 266 256 454 354 679 276 407 3920 1744 375 270 1038 305 2106 1617 1180 250 347 766 1138 403 614 1219 817 618 255 321 370 296 1015 254 6294 370 254 271 414 288 3294 252 7756 478 453 413 422 419 297 251 426 1041 340 250 635 761 664 267 250 1510 286 415 498 907 479 2210 479 253 321 255 575 2795 566 1008 445 423 352 794 271 719 5498 306 309 602 509 344 292 569 257 940 263 368 317 272 467 2550 421 251 323 307 578 578 296 250 1757
internal_value=-2.92787e-05 0.000630381 0.00160227 -0.000788096 -0.000293783 -0.00217215 -3.61154e-05 -0.00142273 0.00138153 0.000918996 0.00418613 0.00253772 0.000722822 0.00101531 -0.00193312 -0.00154939 -0.00592835 -0.00299697 -0.0020408 -0.00667364 -0.00105566 0.000715059 -0.00454218 -0.00646774 0.00157422 0.00200407 0.00394496 0.00561517 0.00706918 0.00521632 0.000863857 0.00160733 0.00106796 -0.00336341 -0.00177554 -0.00159405 0.000473761 0.000646896 -0.000862908 0.00151942 -0.00038048 -0.001193 0.00259741 0.00341555 -0.00197592 0.000411978 0.00277228 -0.000619794 -0.0010275 -0.00424426 -0.00889709 -0.00099272 -0.000528157 -0.000124645 0.000411552 -0.000252977 -0.00367743 -0.000294145 -0.0051152 -0.00121364 -0.00300952 -0.00234076 -0.000785731 -0.000460627 0.002845 -0.000839339 0.000907468 -0.00146085 -0.00526624 -0.00757095 -0.00455572 0.00293957 4.25146e-05 0.00374293 -0.00691861 -0.00370302 -0.00655107 -0.00273716 -0.00101927 0.00356847 0.00226789 0.00502307 0.00759191 0.000654683 0.00181138 9.21433e-05 -0.00155642 0.00529197 0.0100896 0.000334572 0.00111357 0.0028516 -0.000843257 0.00127483 0.00275249 -0.00162864 0.00106769 0.000109985 0.00500027 0.00757362 -0.00110847 0.000387747 0.00111625 0.0039638 0.00267666 0.00468134 -0.000109796 0.00297471 0.0058079 -0.000228832 -0.00281537 -0.0046684 0.00100328 0.000180447 -0.00272334 -0.00589211 0.000565637 0.000117842 0.00207599 0.000297663 0.00166173 -0.00139069 0.00412251 -0.00279039 0.00783928 0.00283336
internal_weight=106827 57124 23258 49703 36642 13061 33866 11277 22668 15789 1883 1551 15949 14969 12781 11671 1110 5807 4562 792 3770 2495 1275 1245 12340 11017 4065 2982 2528 2174 6952 5920 5664 1032 571 2629 13906 13601 4967 8634 3114 2864 5520 4754 1323 920 1495 1083 10590 1412 576 836 9178 8560 7545 6590 1684 2236 525 20853 3996 3708 16857 15328 1565 13763 1313 900 1337 918 621 6719 1467 5252 625 980 1022 2219 1555 517 3616 955 669 22589 7371 15218 5809 2188 732 5183 9409 1456 5311 4276 2842 1434 989 927 1802 529 1040 7510 2516 1899 1590 1111 5864 1205 913 4501 1460 1203 3041 2673 1056 739 6007 5554 2426 2005 1754 3128 1135 619 557 2012
internal_count=106827 57124 23258 49703 36642 13061 33866 11277 22668 15789 1883 1551 15949 14969 12781 11671 1110 5807 4562 792 3770 2495 1275 1245 12340 11017 4065 2982 2528 2174 6952 5920 5664 1032 571 2629 13906 13601 4967 8634 3114 2864 5520 4754 1323 920 1495 1083 10590 1412 576 836 9178 8560 7545 6590 1684 2236 525 20853 3996 3708 16857 15328 1565 13763 1313 900 1337 918 621 6719 1467 5252 625 980 1022 2219 1555 517 3616 955 669 22589 7371 15218 5809 2188 732 5183 9409 1456 5311 4276 2842 1434 989 927 1802 529 1040 7510 2516 1899 1590 1111 5864 1205 913 4501 1460 1203 3041 2673 1056 739 6007 5554 2426 2005 1754 3128 1135 619 557 2012
is_linear=0
shrinkage=0.0667171


Tree=48
num_leaves=127
num_cat=0
split_feature=18 11 4 19 18 9 12 8 10 0 13 12 19 17 17 6 11 14 9 13 1 18 17 12 12 4 17 4 4 7 10 12 4 18 12 10 3 5 8 7 10 4 1 8 1 17 0 8 5 10 10 12 15 15 15 17 14 19 18 9 3 11 19 12 4 12 11 13 0 18 10 10 12 10 14 3 9 13 10 19 13 11 19 12 10 5 0 18 18 17 19 15 13 19 10 8 0 15 17 17 12 11 9 17 18 10 14 8 19 12 18 15 9 10 10 11 3 4 17 9 11 19 0 0 3 15
split_gain=11.3375 5.83069 4.71454 4.27069 4.18801 7.45765 5.32649 5.07389 5.81357 4.72665 6.34934 5.66402 4.47071 4.4608 3.64135 3.61151 3.482 5.11464 5.02438 4.21115 3.71942 3.47367 4.22071 5.96728 5.39383 4.31463 5.81164 4.00965 9.66175 3.67874 4.76715 3.61033 6.93553 6.33891 6.01723 10.797 4.87381 7.87667 3.52267 3.38986 4.36753 3.51439 6.42514 6.11547 5.96292 5.71582 5.40597 5.62128 4.65193 6.44482 6.28461 7.20212 5.12773 6.87738 4.94258 4.51617 4.38122 4.12157 3.89273 4.16051 3.80111 6.9086 4.8437 5.08021 4.66925 4.33746 3.94186 3.73418 4.11532 6.31219 5.2701 3.79895 3.54038 4.1667 3.47695 4.38859 3.42747 5.22702 7.09344 4.50501 3.85858 3.70782 3.3457 3.25241 3.5435 4.26508 3.62767 7.36214 4.79839 4.59208 5.76409 4.52549 4.41605 3.40497 8.50639 7.86396 5.30161 5.01794 3.55124 3.66594 3.36965 3.18619 4.81462 3.03762 3.54085 3.01006 4.23502 5.00264 2.99901 3.15199 3.83855 3.4587 2.99276 2.98406 4.35416 4.31266 3.26378 3.54779 3.53703 4.43588 3.6251 3.06887 2.98202 2.95767 3.30485 4.3459
threshold=0.028804156929254535 0.18614629656076434 -0.50866037607192982 0.017980955541133884 -0.53630343079566944 -0.52500745654106129 0.050714693963527686 -0.41317287087440485 1.1177337765693667 -0.36505682766437525 0.098539758473634734 -0.027324185706675049 -0.020971215330064293 0.4485833495855332 0.48414354026317602 -0.074504930526018129 -0.2135040462017059 0.42046669125556951 -0.13781769573688504 -0.58764845132827748 -0.078124999999999986 0.27762436866760259 -0.042787285521626466 -0.068210408091545091 -0.038759291172027581 -0.44220972061157221 0.27286781370639807 0.077078893780708327 0.27995325624942785 -0.023955039680004116 0.15021160989999774 -0.13367066532373426 0.34931121766567236 0.059295460581779487 -0.19542024284601209 -0.14205475896596906 0.42757956683635717 1.0000000180025095e-35 -0.14242248237133023 -0.34971550107002253 0.073982462286949172 -0.25349488109350199 -0.095170453190803514 0.11414542794227601 -0.078124999999999986 -0.29231986403465265 0.26278407871723181 -0.095921404659748064 -1.0000000180025095e-35 -0.13864763826131818 -0.016483315266668793 0.22110348939895633 -0.016920122317969796 -0.10521505400538443 -0.032250383868813508 -0.24194592237472531 0.73400384187698375 -0.088733751326799379 -0.29062251746654505 0.36931312084198004 0.49647271633148199 0.022785193286836151 -0.23604997992515561 -0.35082332789897913 -0.052903147414326661 -0.073361922055482851 -0.11135032773017882 0.36516326665878301 0.34801135957241064 -0.20960088074207303 0.15787179023027423 0.14309544861316684 0.30200687050819403 -0.21467588096857068 -0.093674797564744935 0.40927968919277197 0.086638763546943678 0.040888393297791488 -0.0070086116902530185 -0.071481898427009569 0.27354463934898382 -0.33223511278629297 -0.13277257233858106 -0.26002858579158777 -0.24292820692062375 -0.37499999999999994 -0.15198864042758939 -0.13916920125484464 -0.13651735335588452 0.242557168006897 -0.013687848113477228 -0.028709677979350087 -0.32170328497886652 -0.0076580906752496949 -0.11963960155844687 0.073883771896362319 -0.092329546809196458 -0.041466973721981042 0.22260175645351413 0.49848985671997076 0.033516295254230506 0.051055939868092544 -0.037673100829124444 -0.39105421304702753 -0.59597384929656971 0.24514622241258624 1.1010354757308962 0.20934569835662845 -0.11923863366246222 -0.062178388237953179 -0.075214512646198259 -0.095998466014862047 -0.059141250327229493 0.0024971090024337177 0.03802872262895108 0.042374800890684135 0.37866973876953131 -0.11721936985850333 -0.12886523827910421 0.29878279566764837 -0.0045695484150201074 -0.15445105731487271 0.46448864042758947 -0.25710226595401758 -0.17939373850822446 0.1874116733670235
decision_type=2 2 2 2 2 2 2 2 2 2 2 2 2 2 2 2 2 2 2 2 2 2 2 2 2 2 2 2 2 2 2 2 2 2 2 2 2 2 2 2 2 2 2 2 2 2 2 2 2 2 2 2 2 2 2 2 2 2 2 2 2 2 2 2 2 2 2 2 2 2 2 2 2 2 2 2 2 2 2 2 2 2 2 2 2 2 2 2 2 2 2 2 2 2 2 2 2 2 2 2 2 2 2 2 2 2 2 2 2 2 2 2 2 2 2 2 2 2 2 2 2 2 2 2 2 2
left_child=4 2 3 -2 7 6 12 8 103 11 14 -9 -6 -8 105 -16 18 19 20 -18 -4 22 29 25 -25 26 82 -23 -29 30 -21 33 36 34 35 -27 37 -33 -26 40 -7 42 48 46 -44 -46 55 72 52 54 57 -52 53 -41 -50 74 58 -51 -47 83 62 64 112 -64 -62 66 -66 68 113 -70 -71 -69 73 -48 -43 -76 79 78 -78 108 -79 -81 -24 -60 -85 100 87 -87 89 90 91 -88 -91 94 98 -96 -95 -98 -90 -100 -86 102 -83 -1 -105 -11 107 -107 109 110 -49 -112 -57 115 -115 121 118 -118 120 -120 -116 -45 -111 -40 -125 -126
right_child=1 -3 16 -5 5 39 13 9 -10 10 -12 -13 -14 -15 15 -17 17 -19 -20 21 -22 27 23 24 38 31 -28 28 -30 -31 -32 32 -34 -35 -36 -37 -38 -39 123 41 -42 43 44 67 45 56 47 76 49 50 51 -53 -54 -55 -56 60 -58 -59 59 -61 61 -63 63 -65 65 -67 -68 71 69 70 -72 -73 -74 -75 75 -77 77 80 -80 81 -82 101 -84 84 85 86 88 -89 93 92 -92 -93 -94 96 95 -97 97 -99 99 -101 -102 -103 -104 104 -106 106 -108 -109 -110 122 111 -113 -114 114 116 -117 117 -119 119 -121 -122 -123 -124 124 125 -127
leaf_value=-0.013947953694777351 0.01269942078697864 -0.00020117832562320775 0.0067528009748466979 0.0016999795808426881 0.0045264979566550885 0.0046917584949051757 0.0033130834462056545 -0.00040967340809316505 0.0012004003175777103 0.0022282022176192094 -0.0098651012296584861 0.011524796069667345 -0.0066741531752735877 0.011781427511484845 -2.3748588901061403e-05 -0.010601649539644658 0.0063819534610801126 -0.0039155493396990752 0.0072317299696727459 0.0028144005817222007 -0.0015284373508942174 0.0053317835441485115 -0.002212172756379362 0.011322570596883848 -0.0015965137312707563 -0.014074266039044324 -0.006450188331308576 -0.0073222130792588418 0.0038498125798830363 -0.0016592611933624328 -0.0027487306864528676 -0.00063815914174091416 -0.0087397731318539073 0.0033321106923934998 0.0043577440623253846 -8.8119988720388088e-05 -0.0047216411739910303 0.010264931911354811 -0.0023610505293537036 0.005778773812572891 -0.00013865383703421779 -0.0049560963407396389 -0.0064642468065414455 0.0021502041999497653 -0.0068142875490828404 -0.003641326026126324 -0.0046795628464839645 -0.00470764392658441 0.011229869812201924 -0.00029663735175740715 0.0070807367520439105 -0.0041570865058494439 0.0090350624247397555 -0.0059343911065839272 -0.00081124465074877911 -0.003956106624304693 0.0080543212538953662 -0.01125464631568637 0.0068988257924884281 -0.0059970431383359604 0.009365151344597894 -0.0072571315576797418 0.0035142724259773872 -0.0036235507690265531 -0.0095460303830540334 0.0061235922633565048 0.00097544850108920004 -0.0058277377923305783 -0.0080730716989382348 0.0030018057977496894 -0.0062194137914819356 0.00077335670706713162 -0.0023523371871901652 0.0039294092807558925 0.0087936096282790858 -0.0014529878000819477 -0.0082875514736235976 0.01188553911096284 0.0056052300239435729 0.0005862053951683527 0.00040359286973088668 -0.0047448568162807448 0.0069915446026304444 -0.0071743716399976492 0.0017609167618060494 -0.0046541848530586181 0.0041692114889067934 0.0084649490839691106 -0.0090438223065851652 0.0022505557405640545 0.0087646795920472767 -0.0067195863140180933 -0.0077253650785706392 0.0018592229373720476 0.0064065436273946057 -0.0045217140263129627 -0.0023875864618385701 -0.012310634907789521 0.0029674415156590171 -0.0069674420576621666 0.0091606695656478061 -0.0015728269407442627 -0.013530301771687058 -0.0026139589016768287 -0.010308563607652487 -0.0013343671327113835 0.0018829744360038181 -0.011248064094780427 0.0030340338752096328 -0.007160777320996385 0.0096724834569888209 -0.00065709470871442883 -0.013413258623844645 0.010183132827844141 0.013156981685525227 0.0064126551077228608 0.0059133686368392467 -0.0016667703777451892 0.0043903901394013499 -0.005364842903411683 0.0029150506387651152 -0.0055759570837067597 0.00086279227977642048 0.0027607210657497297 0.013009008291754325 0.0022148919358974048
leaf_weight=259 304 18184 332 337 261 1147 1551 500 461 1314 408 266 387 341 250 323 667 912 1001 2382 850 1667 392 397 576 336 812 475 1225 4876 954 906 421 4717 566 907 522 430 250 635 2976 262 764 343 580 1319 277 357 356 258 504 502 758 338 252 277 287 391 343 450 308 460 461 8377 259 334 386 805 499 1064 368 729 730 2136 387 344 393 269 273 418 260 735 309 270 925 283 446 553 510 430 638 270 355 358 915 424 443 483 354 301 396 463 463 662 461 664 716 348 677 685 262 302 354 338 323 284 351 1223 802 274 310 646 282 999 429 282
leaf_count=259 304 18184 332 337 261 1147 1551 500 461 1314 408 266 387 341 250 323 667 912 1001 2382 850 1667 392 397 576 336 812 475 1225 4876 954 906 421 4717 566 907 522 430 250 635 2976 262 764 343 580 1319 277 357 356 258 504 502 758 338 252 277 287 391 343 450 308 460 461 8377 259 334 386 805 499 1064 368 729 730 2136 387 344 393 269 273 418 260 735 309 270 925 283 446 553 510 430 638 270 355 358 915 424 443 483 354 301 396 463 463 662 461 664 716 348 677 685 262 302 354 338 323 284 351 1223 802 274 310 646 282 999 429 282
internal_value=-3.24148e-05 0.000735199 0.00131882 0.00697425 -0.00065057 -0.000449493 0.00307229 -0.00223088 -0.00520782 -0.00107721 -0.00199684 0.00370126 -0.0021002 0.00486531 -0.00109495 -0.0059609 0.00119041 0.000976922 0.00375477 0.00115358 0.000779481 0.00101129 0.000696634 0.00143368 0.00408993 0.00067488 -0.00260582 0.00300568 0.000704147 -0.000488627 0.00121188 0.0012429 -0.00103205 0.00204282 -0.00129899 -0.00390844 0.000702957 0.00285346 0.00293841 -0.00063005 0.0011981 -0.000795995 -6.04402e-07 -0.00122799 -0.000768623 -0.000380678 -0.00183097 -0.000583925 0.00231656 0.00031033 -0.00183212 0.00143838 0.00491911 0.00167307 0.00617968 -0.00274559 -2.92392e-05 -0.00694676 -0.000255705 0.000229559 -0.00312841 -0.000249917 -0.00365615 -0.00324636 0.00223885 2.28454e-06 -0.00320601 0.000296529 0.000968794 -0.00162769 0.000600984 -0.0026687 0.00168451 0.00292225 0.00153853 0.00392762 -0.00181075 0.00135351 -0.00253349 -0.00263306 0.00630873 -0.00494221 0.00179769 0.000557082 0.000291074 0.000546422 -0.000126182 0.00397388 -0.000711508 0.00180433 0.00416479 1.44293e-05 -0.00221948 -0.00214151 -0.000693779 0.00291458 -0.00493567 -0.00760512 -0.00486669 -0.00155798 0.00401022 -0.00635683 -0.00817819 -0.00737398 -0.00581244 -0.000163863 -0.00200218 -0.00478579 -0.000747175 -0.00212204 0.000635713 0.004088 -0.00931872 0.00200069 0.00297908 -0.00075407 0.00222214 9.70205e-06 0.00423854 0.0018699 0.00820187 -0.0028589 -0.00478213 0.00428933 0.00528618 0.00877728
internal_weight=106353 47417 29233 641 58936 52304 2540 6632 1843 4789 4023 766 648 1892 3615 573 28592 26409 2183 25497 1182 24830 21463 13251 2933 10318 1513 3367 1700 8212 3336 8805 2279 6526 1809 1243 1858 1336 2536 49764 4123 45641 16091 29550 12097 11333 21191 8982 3994 2263 1655 1006 1731 973 608 12209 10753 649 10466 9147 11216 1747 9469 8838 1287 979 645 8359 6825 1931 1432 1534 3143 2413 993 731 5839 1195 666 4644 529 2079 701 8697 8354 8084 6763 836 5927 2139 1354 716 785 3788 2504 1339 1284 926 1165 655 1321 1661 1198 1382 1123 3042 1728 1012 2565 1888 921 564 631 4894 3621 1273 3283 1574 1709 1076 633 989 967 1960 1710 711
internal_count=106353 47417 29233 641 58936 52304 2540 6632 1843 4789 4023 766 648 1892 3615 573 28592 26409 2183 25497 1182 24830 21463 13251 2933 10318 1513 3367 1700 8212 3336 8805 2279 6526 1809 1243 1858 1336 2536 49764 4123 45641 16091 29550 12097 11333 21191 8982 3994 2263 1655 1006 1731 973 608 12209 10753 649 10466 9147 11216 1747 9469 8838 1287 979 645 8359 6825 1931 1432 1534 3143 2413 993 731 5839 1195 666 4644 529 2079 701 8697 8354 8084 6763 836 5927 2139 1354 716 785 3788 2504 1339 1284 926 1165 655 1321 1661 1198 1382 1123 3042 1728 1012 2565 1888 921 564 631 4894 3621 1273 3283 1574 1709 1076 633 989 967 1960 1710 711
is_linear=0
shrinkage=0.0667171


Tree=49
num_leaves=127
num_cat=0
split_feature=18 21 21 1 18 10 18 21 2 21 1 18 1 7 8 16 10 10 21 9 21 19 10 20 14 19 12 14 5 10 19 21 2 18 9 16 16 16 20 11 10 1 10 18 21 18 9 4 1 12 4 12 12 8 7 12 1 16 21 10 7 12 18 14 10 8 4 4 16 14 7 10 18 12 21 10 10 17 13 16 1 18 18 10 19 10 1 12 10 20 18 18 8 12 5 1 21 17 2 1 12 6 21 1 18 19 7 20 1 11 10 9 14 10 19 18 10 4 1 9 8 21 11 4 8 19
split_gain=10.9222 10.5072 6.11457 7.29473 5.86451 7.59403 5.53591 6.64705 6.24047 6.09886 8.9375 6.99226 7.53356 5.53664 5.3001 5.23925 5.52988 4.82798 4.74744 4.73592 4.65055 4.54403 4.50578 6.29843 8.10807 5.70576 4.94915 4.90982 4.35804 5.47744 4.2545 6.37398 5.23083 4.1675 4.38872 4.06488 4.71288 4.01761 4.00634 5.69054 3.78331 3.7441 3.82457 3.69681 3.65768 6.29592 6.25039 5.65023 5.20299 6.75071 5.55883 7.54042 5.80982 5.47929 5.17324 5.03768 5.03275 4.69327 4.36102 4.77979 4.71441 4.01977 4.01701 4.79972 3.78643 3.62406 4.42613 4.11199 3.6058 3.86748 3.58478 3.57625 3.56537 3.85372 3.68648 3.52209 4.14472 3.45887 3.43115 4.4292 3.36549 3.32899 4.70459 3.22336 5.14571 3.767 4.70592 4.22835 4.123 3.69732 3.45209 3.22316 3.21936 3.21305 3.56496 3.18688 3.18471 4.08523 3.59053 3.16883 3.15921 3.14335 3.13756 6.94912 4.75129 3.38425 3.07649 3.31656 3.06148 3.19152 3.06072 2.97788 2.93771 3.98288 3.13884 2.97796 3.78635 2.93463 2.90138 2.88609 3.81682 3.46387 5.01619 2.87957 2.92733 3.22589
threshold=-0.0995199680328369 -0.088321309536695466 -0.1092226170003414 -0.40482954680919642 -0.29062251746654505 -0.031547609716653817 0.02152569126337767 -0.012707656715065239 0.44176135957241064 0.13069754838943484 -0.49005682766437525 0.13985770940780642 -0.41051135957241053 -0.16175848245620725 -0.095921404659748064 -0.28000399470329279 -0.21248716115951535 0.63078185915946972 0.058017183095216758 0.29878279566764837 0.25815217196941381 -0.092415567487478242 -0.080592364072799669 0.038155868649482734 0.13516274839639666 -0.1893181577324867 -0.15882790088653562 -0.025320725515484806 -0.37499999999999994 0.30398213863372808 0.15299953520298007 -0.25323729217052454 0.45312500000000006 -0.16318259388208387 -0.16717441380023954 -0.4611473530530929 -0.3275217860937118 -0.045884007588028901 0.049524733796715743 0.26920866966247564 0.38611099123954779 0.06960227340459825 0.29715929925441747 0.081946276128292098 0.2918361127376557 0.27762436866760259 0.16562288254499438 -0.25349488109350199 0.30823864042758947 -0.27028015255928034 -0.40606333315372461 0.15563751012086871 0.19927386939525607 -0.14571607112884519 0.12490425631403924 0.13893653452396396 -0.47869317233562464 0.14868032932281497 0.44967308640480047 0.12876033782958987 0.13626617938280108 -0.015694682486355301 0.42243160307407385 0.038575472310185439 0.52740320563316356 0.37383984029293066 -0.49624775350093836 -0.46114358305931086 0.51439917087554943 -0.0045173123944550744 0.10672512650489809 0.13238934427499774 0.14523674547672275 -0.10279588401317595 0.19653356820344928 0.10106261447072031 0.0077573978342115888 0.27286781370639807 -0.40296727418899531 -0.14902096986770627 -0.41619317233562464 -0.037884617224335664 -0.048838714137673371 -0.23498421907424924 -0.16911990195512769 0.69622471928596508 0.2173295468091965 -0.097164094448089586 0.12876033782958987 0.074003290385007872 0.081946276128292098 0.27008198201656347 0.094183493405580535 -0.20342481136322019 -1.0000000180025095e-35 -0.28551135957241053 0.39534533023834234 -0.12329210340976714 -0.10085227340459822 -0.25710226595401758 0.0094511150382459181 -0.027172490023076531 -0.36535407602787012 -0.37642045319080347 -0.32173828780651087 -0.13750577718019483 0.036866758018732078 0.22255595773458484 -0.10369317978620528 -0.050719249993562691 0.23968589305877688 -0.17848254740238187 -0.11745012551546095 -0.10708231851458548 -0.20872952789068219 0.059295460581779487 -0.15253707021474835 -0.48768429458141321 -0.24005681276321408 0.13191570341587069 0.0035595754161477093 -0.32428805530071253 -0.2135040462017059 -0.49624775350093836 -0.34446375072002405 0.40130960941314703
decision_type=2 2 2 2 2 2 2 2 2 2 2 2 2 2 2 2 2 2 2 2 2 2 2 2 2 2 2 2 2 2 2 2 2 2 2 2 2 2 2 2 2 2 2 2 2 2 2 2 2 2 2 2 2 2 2 2 2 2 2 2 2 2 2 2 2 2 2 2 2 2 2 2 2 2 2 2 2 2 2 2 2 2 2 2 2 2 2 2 2 2 2 2 2 2 2 2 2 2 2 2 2 2 2 2 2 2 2 2 2 2 2 2 2 2 2 2 2 2 2 2 2 2 2 2 2 2
left_child=2 19 4 -4 5 14 7 22 -9 10 18 12 38 17 -1 -5 -17 -12 -8 65 111 -10 23 25 37 108 -27 71 -21 -30 31 32 33 119 -35 -33 100 -25 39 -11 81 -32 -43 -20 48 46 56 -48 50 -50 51 57 53 -52 118 61 -46 -13 59 60 -47 72 64 68 -60 66 -2 -68 69 117 -61 -24 -55 74 -74 76 -51 80 -15 -80 -69 82 -29 -81 112 86 87 90 89 -88 93 -77 95 -86 -95 -28 97 -58 -99 -49 -37 123 104 -104 -7 -105 107 -100 -3 -110 -103 -14 113 114 -85 -114 -117 -64 -54 120 121 122 -6 -18 -125 -126
right_child=1 6 3 15 30 102 9 8 21 11 13 44 20 78 -16 16 101 -19 43 28 -22 -23 27 24 -26 26 92 40 29 -31 41 35 -34 34 -36 36 -38 -39 -40 -41 -42 42 -44 -45 45 58 47 99 49 75 52 -53 54 55 -56 -57 96 -59 62 70 -62 -63 63 -65 -66 -67 67 77 -70 -71 -72 -73 73 -75 -76 91 -78 -79 79 83 -82 -83 -84 84 85 -87 88 -89 -90 -91 -92 -93 -94 94 -96 -97 -98 98 106 -101 -102 110 103 105 -106 -107 -108 -109 109 -111 -112 -113 115 -115 -116 116 -118 -119 -120 -121 -122 -123 -124 124 125 -127
leaf_value=-0.0017306466524877624 0.0096540535052838678 0.0036108310352536851 -0.010779495037676523 -0.0074086073444969806 0.0073994738593035061 -0.00055781516314309455 0.015936561369732555 -0.001582184774438567 -0.00093241355116423924 0.0025358648828271973 0.0043076453516752529 -9.2454745275055909e-05 -0.0061079905525445533 -0.0024367702380589623 -0.011078858797502115 -0.010654014311390932 -0.006355638793779198 -0.0038095258953701251 -0.00095859567928235012 -0.0079142812321873705 -0.0065495163393484912 -0.01207092652467537 -0.0068333407698897711 -0.010173698987718003 0.0073245103007821138 0.01224308986776739 0.006176452812674915 0.00046826730210585489 -0.004111125780178867 0.0080068183937180432 0.0012322722457046016 -0.0079123997616761879 0.010255252344557392 0.00051913883273145881 0.010692945871771232 -0.00047744411675744826 -0.0013324061331966358 -0.00010867589937681202 -0.012866430998697453 -0.010015605124577607 -0.0069637783175348095 0.010580663519572679 0.00093664647069682111 0.010298452343799445 -0.013171867219561224 0.0028073540212003407 -0.0063531380258563521 0.0006867475203346273 0.0078934154022892809 -0.0038985696953345744 0.011441338859889709 0.0073758464059599524 -0.001247114279105293 -0.00082339353544369823 0.0048973474678483822 0.011982294719658684 0.0051491314527658616 -0.0076169396906123153 -0.0082504344306418165 0.0027415102863954689 -0.0049485869781545795 0.00078822629367717898 0.0076115333414021723 0.0048922644582586848 0.0010138870801227212 0.009835993427323074 -0.0038784984547485554 0.0090320820568207515 -0.0068871105170063692 -0.0070443963358110461 0.012706784803503211 0.0013163333928854926 0.0088938909488960258 0.0098516884473556169 -0.00017742436665276745 -0.010523122668831037 0.0066401508995660927 0.0056686818623930433 0.0054861078482359221 0.0041304358262635454 0.0013561859237007619 -0.00070510980579374758 0.010481704822037499 -0.0055226974856672382 -1.0622046078302782e-05 -0.0055463201051721223 0.0066792349767726134 0.0014950701058327625 0.00020581451495331135 -9.0759730830945094e-05 0.0018069104892428579 -0.0018864656649665898 0.010359592421182577 -0.011916535200894505 -0.0027074322229973706 -0.0015812968821938189 -0.0092541324712206424 0.0018269676476661287 0.00055628554543749888 0.0099717456512002332 0.0093663582642638955 -0.0033162633059202365 -0.011627422028452182 -0.0086447979588188621 0.0074106031359397343 -0.0010081606357549126 -0.010437654425321879 -0.0084090240079192306 0.0014385450801488748 -0.0075649453582250876 0.000797087270242494 9.6935075416716742e-05 -0.0031109092656874649 -0.0089294589415766373 0.0026635715122249317 0.0088229952534685276 -0.00046608542374400471 0.00010139759084910608 -0.010211779639145933 -0.0043301413243538606 0.0059487639968657672 -0.0040581559065714272 -0.0042941575651623083 -0.0059422733172170804 0.00055787956216855699 0.0068755317661984899
leaf_weight=515 424 679 443 736 406 8045 256 8162 261 300 3267 1007 368 1489 586 283 262 355 250 316 604 458 878 435 271 451 441 498 347 310 1625 375 332 376 389 250 6115 305 369 332 254 480 306 254 267 1769 260 350 267 462 432 394 455 362 404 292 273 587 513 331 429 2016 257 826 305 377 401 274 379 303 329 318 313 763 519 428 255 1603 886 1064 3435 1150 365 416 468 359 1615 3634 1168 447 567 366 272 361 409 489 351 387 450 317 320 3447 339 280 344 3205 381 299 371 319 1032 4629 820 525 406 281 603 2197 254 513 553 660 265 253 2514 420
leaf_count=515 424 679 443 736 406 8045 256 8162 261 300 3267 1007 368 1489 586 283 262 355 250 316 604 458 878 435 271 451 441 498 347 310 1625 375 332 376 389 250 6115 305 369 332 254 480 306 254 267 1769 260 350 267 462 432 394 455 362 404 292 273 587 513 331 429 2016 257 826 305 377 401 274 379 303 329 318 313 763 519 428 255 1603 886 1064 3435 1150 365 416 468 359 1615 3634 1168 447 567 366 272 361 409 489 351 387 450 317 320 3447 339 280 344 3205 381 299 371 319 1032 4629 820 525 406 281 603 2197 254 513 553 660 265 253 2514 420
internal_value=-2.063e-05 0.000458028 -0.000973176 -0.00243506 -0.000449459 -0.00143352 0.000178442 -0.000877148 -0.00211263 0.00054659 0.00143387 -0.000102533 -0.001992 0.00114988 -0.0067376 -0.00201607 -0.00152699 0.00349942 0.00852131 0.00282154 -0.00103204 -0.00806946 0.000582089 0.00210032 -0.00243144 0.0036293 0.00626647 -0.00117603 -0.00148994 0.00155664 0.000558599 -1.58902e-05 0.00231036 0.00146057 0.00573865 -0.00117232 -0.000787119 -0.00606968 -0.00731998 -0.00401572 0.000634681 0.00308559 0.00686794 0.00466711 0.000503002 -0.000325928 -0.00274534 0.00187695 0.00145632 -0.00178739 0.00220079 -0.0008291 0.00324369 0.00427186 -0.00106145 0.00353359 -0.00454084 -0.00288784 0.000726432 0.00278875 0.00127509 0.00289869 -0.00050001 0.00037094 -0.00475097 0.00347175 0.00307266 0.00257533 -0.000811503 1.56957e-05 0.00776575 -0.0046334 0.00505361 0.00641216 0.00320963 -0.00353237 -9.99146e-05 0.00307059 0.000598979 0.000923896 0.00193701 0.00161776 0.00474864 0.000613041 0.000299776 0.00110258 0.00138333 0.000179034 0.00339994 0.00519354 -0.00245125 -0.0065879 0.00398549 -0.00443222 -0.0070771 0.0020673 -0.0034395 -0.00227208 -0.00363581 0.00515498 0.00498645 -0.00119426 -0.000951707 -0.00253566 -0.000225295 -0.00163613 -0.0055405 -0.00299176 0.000419563 -0.00267816 -0.00236035 -0.000355891 -0.00206392 -0.00439123 -0.00144438 -0.000203969 0.00245777 0.000906856 -0.00451598 7.75775e-05 0.0012984 -0.00061341 0.00272374 0.000310696 0.000873754 0.00147736
internal_weight=106584 70915 35669 9390 26279 13314 63428 16377 8881 47051 19900 27151 6602 19140 1101 8947 8211 3622 760 7487 5601 719 7496 4033 1011 3022 1653 3463 973 657 12965 10554 3494 3162 765 7060 6685 740 1001 632 2267 2411 786 504 20549 10973 3335 927 9576 1778 7798 1988 5810 4697 1113 4265 2408 1594 7638 2858 2198 3973 4780 3962 818 6514 6137 5713 3136 2757 660 1196 1957 1595 832 1511 717 5312 15518 14029 3709 2013 863 13143 12079 9028 8669 5439 3230 2062 1805 794 1202 1238 770 930 2141 1790 1517 667 570 7928 12213 3824 8389 3485 1130 749 1369 690 4479 4997 3051 1347 822 1704 884 2454 709 2397 1884 1331 671 3449 3187 2934
internal_count=106584 70915 35669 9390 26279 13314 63428 16377 8881 47051 19900 27151 6602 19140 1101 8947 8211 3622 760 7487 5601 719 7496 4033 1011 3022 1653 3463 973 657 12965 10554 3494 3162 765 7060 6685 740 1001 632 2267 2411 786 504 20549 10973 3335 927 9576 1778 7798 1988 5810 4697 1113 4265 2408 1594 7638 2858 2198 3973 4780 3962 818 6514 6137 5713 3136 2757 660 1196 1957 1595 832 1511 717 5312 15518 14029 3709 2013 863 13143 12079 9028 8669 5439 3230 2062 1805 794 1202 1238 770 930 2141 1790 1517 667 570 7928 12213 3824 8389 3485 1130 749 1369 690 4479 4997 3051 1347 822 1704 884 2454 709 2397 1884 1331 671 3449 3187 2934
is_linear=0
shrinkage=0.0667171


end of trees

feature_importances:
dist_to_prior_close=710
hist_prior_ret=707
minutes_since_open=576
rv_1m=422
session_range=363
session_cos=336
ret_from_open=319
session_sin=288
hist_prior_range_pct=283
hist_prior_close=261
hist_gap_pct=258
ret_15m=253
ret_30m=248
dist_to_twap=227
dist_to_session_low=219
dist_to_session_high=216
ret_5m=158
pos_in_session_range=154
minutes_to_close=146
dow=104
ret_1m=25
session_frac=20
hist_prior_close__isna=7

parameters:
[boosting: gbdt]
[objective: huber]
[metric: custom]
[tree_learner: serial]
[device_type: cpu]
[data_sample_strategy: bagging]
[data: ]
[valid: ]
[num_iterations: 50]
[learning_rate: 0.0667171]
[num_leaves: 127]
[num_threads: -1]
[seed: 7]
[deterministic: 0]
[force_col_wise: 0]
[force_row_wise: 0]
[histogram_pool_size: -1]
[max_depth: -1]
[min_data_in_leaf: 250]
[min_sum_hessian_in_leaf: 0.001]
[bagging_fraction: 0.8]
[pos_bagging_fraction: 1]
[neg_bagging_fraction: 1]
[bagging_freq: 1]
[bagging_seed: 17422]
[bagging_by_query: 0]
[feature_fraction: 0.846063]
[feature_fraction_bynode: 1]
[feature_fraction_seed: 7040]
[extra_trees: 0]
[extra_seed: 6516]
[early_stopping_round: 0]
[early_stopping_min_delta: 0]
[first_metric_only: 0]
[max_delta_step: 0]
[lambda_l1: 0.5]
[lambda_l2: 1.189]
[linear_lambda: 0]
[min_gain_to_split: 0]
[drop_rate: 0.1]
[max_drop: 50]
[skip_drop: 0.5]
[xgboost_dart_mode: 0]
[uniform_drop: 0]
[drop_seed: 15215]
[top_rate: 0.2]
[other_rate: 0.1]
[min_data_per_group: 100]
[max_cat_threshold: 32]
[cat_l2: 10]
[cat_smooth: 10]
[max_cat_to_onehot: 4]
[top_k: 20]
[monotone_constraints: ]
[monotone_constraints_method: basic]
[monotone_penalty: 0]
[feature_contri: ]
[forcedsplits_filename: ]
[refit_decay_rate: 0.9]
[cegb_tradeoff: 1]
[cegb_penalty_split: 0]
[cegb_penalty_feature_lazy: ]
[cegb_penalty_feature_coupled: ]
[path_smooth: 1]
[interaction_constraints: ]
[verbosity: -1]
[saved_feature_importance_type: 0]
[use_quantized_grad: 0]
[num_grad_quant_bins: 4]
[quant_train_renew_leaf: 0]
[stochastic_rounding: 1]
[linear_tree: 0]
[max_bin: 255]
[max_bin_by_feature: ]
[min_data_in_bin: 3]
[bin_construct_sample_cnt: 200000]
[data_random_seed: 61]
[is_enable_sparse: 1]
[enable_bundle: 1]
[use_missing: 1]
[zero_as_missing: 0]
[feature_pre_filter: 1]
[pre_partition: 0]
[two_round: 0]
[header: 0]
[label_column: ]
[weight_column: ]
[group_column: ]
[ignore_column: ]
[categorical_feature: ]
[forcedbins_filename: ]
[precise_float_parser: 0]
[parser_config_file: ]
[objective_seed: 15521]
[num_class: 1]
[is_unbalance: 0]
[scale_pos_weight: 1]
[sigmoid: 1]
[boost_from_average: 0]
[reg_sqrt: 0]
[alpha: 0.654399]
[fair_c: 1]
[poisson_max_delta_step: 0.7]
[tweedie_variance_power: 1.5]
[lambdarank_truncation_level: 30]
[lambdarank_norm: 1]
[label_gain: ]
[lambdarank_position_bias_regularization: 0]
[eval_at: ]
[multi_error_top_k: 1]
[auc_mu_weights: ]
[num_machines: 1]
[local_listen_port: 12400]
[time_out: 120]
[machine_list_filename: ]
[machines: ]
[gpu_platform_id: -1]
[gpu_device_id: -1]
[gpu_device_id_list: ]
[gpu_use_dp: 0]
[num_gpu: 1]

end of parameters

pandas_categorical:null
