tree
version=v4
num_class=1
num_tree_per_iteration=1
label_index=0
max_feature_idx=250
objective=huber
feature_names=minutes_since_open minutes_to_close session_frac session_sin session_cos dow ret_1m ret_5m ret_15m ret_30m rv_1m ret_from_open session_range pos_in_session_range dist_to_session_high dist_to_session_low dist_to_twap hist_prior_close hist_prior_ret hist_prior_range_pct hist_gap_pct dist_to_prior_close gex_net_total gex_abs_total gex_zero_level gex_dist_to_zero gex_dist_to_zero_pct gex_above_zero gex_top3_concentration gex_hhi gex_band_net gex_band_abs gex_band_share gex_pos_centroid gex_pos_centroid_dist gex_abs_centroid_dist gex_max_node_strike gex_max_node_value gex_max_node_dist gex_wall_above gex_wall_above_dist gex_wall_below gex_wall_below_dist gex_neg_pocket_above gex_neg_pocket_below vanna_net_total vanna_band_net charm_net_total charm_band_net max_pain max_pain_dist gex_snapshot_age_min gex_band_decay_5m gex_band_decay_pct_5m gex_dist_zero_chg_5m gex_band_decay_15m gex_band_decay_pct_15m gex_dist_zero_chg_15m charm_drift_to_close call_prem_1m put_prem_1m otm_call_prem_1m otm_put_prem_1m net_prem_1m flow_side_weighted net_prem_5m net_prem_z_5m net_prem_vel_5m net_prem_vel_z_5m net_prem_15m net_prem_z_15m net_prem_vel_15m net_prem_vel_z_15m net_prem_cum_session call_put_prem_ratio_15m otm_call_accel otm_put_accel otm_skew_momentum otm_skew_log_ratio otm_skew_level block_notional_15m sweep_notional_15m inst_block_weight dark_pool_share block_vs_sweep_z block_signed_bias has_gex_snapshot has_flow_prints bar_range_bp bar_body_frac upper_wick_frac lower_wick_frac vol_avg_30 vol_z_30 vol_ratio_session vol_cum_frac iv_call_atm iv_put_atm iv_skew_atm straddle_pct iv_atm_chg_5 ret_10m ret_20m ret_25m ret_40m ret_50m gex_net_total_d5m gex_net_total_d10m gex_net_total_d15m gex_net_total_d20m gex_net_total_d30m gex_net_total_d50m gex_abs_total_d5m gex_abs_total_d10m gex_abs_total_d15m gex_abs_total_d20m gex_abs_total_d30m gex_abs_total_d50m gex_band_net_d5m gex_band_net_d10m gex_band_net_d15m gex_band_net_d20m gex_band_net_d30m gex_band_net_d50m gex_dist_to_zero_d5m gex_dist_to_zero_d10m gex_dist_to_zero_d15m gex_dist_to_zero_d20m gex_dist_to_zero_d30m gex_dist_to_zero_d50m gex_wall_above_dist_d5m gex_wall_above_dist_d10m gex_wall_above_dist_d15m gex_wall_above_dist_d20m gex_wall_above_dist_d30m gex_wall_above_dist_d50m gex_wall_below_dist_d5m gex_wall_below_dist_d10m gex_wall_below_dist_d15m gex_wall_below_dist_d20m gex_wall_below_dist_d30m gex_wall_below_dist_d50m gex_pos_centroid_dist_d5m gex_pos_centroid_dist_d10m gex_pos_centroid_dist_d15m gex_pos_centroid_dist_d20m gex_pos_centroid_dist_d30m gex_pos_centroid_dist_d50m net_prem_cum_session_d5m net_prem_cum_session_d10m net_prem_cum_session_d15m net_prem_cum_session_d20m net_prem_cum_session_d30m net_prem_cum_session_d50m otm_skew_level_d5m otm_skew_level_d10m otm_skew_level_d15m otm_skew_level_d20m otm_skew_level_d30m otm_skew_level_d50m iv_call_atm_d5m iv_call_atm_d10m iv_call_atm_d15m iv_call_atm_d20m iv_call_atm_d30m iv_call_atm_d50m iv_put_atm_d5m iv_put_atm_d10m iv_put_atm_d15m iv_put_atm_d20m iv_put_atm_d30m iv_put_atm_d50m iv_skew_atm_d5m iv_skew_atm_d10m iv_skew_atm_d15m iv_skew_atm_d20m iv_skew_atm_d30m iv_skew_atm_d50m straddle_pct_d5m straddle_pct_d10m straddle_pct_d15m straddle_pct_d20m straddle_pct_d30m straddle_pct_d50m vanna_band_net_d5m vanna_band_net_d10m vanna_band_net_d15m vanna_band_net_d20m vanna_band_net_d30m vanna_band_net_d50m charm_band_net_d5m charm_band_net_d10m charm_band_net_d15m charm_band_net_d20m charm_band_net_d30m charm_band_net_d50m rv_1m_d5m rv_1m_d10m rv_1m_d15m rv_1m_d20m rv_1m_d30m rv_1m_d50m ret_1m__isna ret_5m__isna ret_15m__isna ret_30m__isna rv_1m__isna hist_prior_close__isna hist_prior_ret__isna hist_prior_range_pct__isna hist_gap_pct__isna dist_to_prior_close__isna gex_net_total__isna gex_abs_total__isna gex_zero_level__isna gex_dist_to_zero__isna gex_dist_to_zero_pct__isna gex_above_zero__isna gex_top3_concentration__isna gex_hhi__isna gex_band_net__isna gex_band_abs__isna gex_band_share__isna gex_pos_centroid__isna gex_pos_centroid_dist__isna gex_abs_centroid_dist__isna gex_max_node_strike__isna gex_max_node_value__isna gex_max_node_dist__isna gex_wall_above__isna gex_wall_above_dist__isna gex_wall_below__isna gex_wall_below_dist__isna gex_neg_pocket_above__isna gex_neg_pocket_below__isna vanna_net_total__isna vanna_band_net__isna charm_net_total__isna charm_band_net__isna max_pain__isna max_pain_dist__isna gex_snapshot_age_min__isna gex_band_decay_5m__isna gex_dist_zero_chg_5m__isna gex_band_decay_15m__isna gex_dist_zero_chg_15m__isna charm_drift_to_close__isna net_prem_vel_5m__isna net_prem_vel_15m__isna otm_call_accel__isna otm_put_accel__isna
feature_infos=[-0.53977274894714355:0.52556818723678589] [-0.52556818723678589:0.53977274894714355] [-0.53977274894714355:0.52556818723678589] [-0.50589752197265625:0.50589752197265625] [-0.51000577211380005:0.5002143383026123] [-0.5:0.5] [-8:8] [-8:8] [-8:8] [-8:8] [-0.24907131493091583:8] [-3.8497729301452637:5.7845816612243652] [-0.40240412950515747:5.5279450416564941] [-0.61279630661010742:0.39762035012245178] [-0.1636904776096344:5.1138391494750977] [-0.27230769395828247:7.7140922546386719] [-4.2624731063842773:6.8683295249938965] [-0.76921695470809937:0.65920042991638184] [-2.0903298854827881:3.0228533744812012] [-0.31124913692474365:4.7927846908569336] [-1.8290165662765503:1.6394596099853516] [-2.2493441104888916:3.1301794052124023] [-8:8] [-0.31058484315872192:8] [-0.85110604763031006:0.68708550930023193] [-7.9734115600585938:6.7083573341369629] [-8:7.47564697265625] [0:1] [-1.0377258062362671:0.49708375334739685] [-0.46129027009010315:1.8548921346664429] [-7.8992643356323242:8] [-0.2888396680355072:8] [-1.9760028123855591:0.168763667345047] [-0.78049814701080322:0.68963652849197388] [-3.9227659702301025:8] [-8:8] [-0.88732391595840454:0.69014084339141846] [-7.3590512275695801:8] [-8:8] [-0.20981758832931519:8] [-0.30444777011871338:8] [-9.1972717200405896e-05:8] [-0.045434202998876572:1.0335057973861694] [-8:0] [-8:0.19419911503791809] [-3.7200117111206055:8] [-4.917475700378418:8] [-8:4.9920096397399902] [-8:6.5742425918579102] none none [0:8] [-7.0385923385620117:6.3013911247253418] [-8:8] [-5.7306647300720215:7.5088820457458496] [-4.5498270988464355:6.4521369934082031] [-8:8] [-5.231743335723877:5.8794069290161133] [-8:1.7117044925689697] [-0.39923557639122009:8] [-0.24589629471302032:8] [-0.16055625677108765:8] [-0.20294426381587982:8] [-6.3569927215576172:8] none [-6.6744389533996582:8] [-1.2883350849151611:1.4117825031280518] [-8:8] [-1.4487888813018799:1.7764140367507935] [-6.3429121971130371:8] [-1.1257627010345459:1.1499855518341064] [-8:8] [-1.3677380084991455:1.5847550630569458] [-4.0944929122924805:3.0885705947875977] [-0.41369777917861938:8] [-8:8] [-8:8] [-0.5:0.5] [-8:5.3074960708618164] [-1.1435250043869019:1.5095252990722656] [-0.25800374150276184:3.3461244106292725] [-0.20626406371593475:8] [-1.4003709554672241:0.50820267200469971] none [-1.8931450843811035:1.2108261585235596] [-1.2090942859649658:1.1536016464233398] [0:1] none [-0.32717186212539673:8] [-0.59226137399673462:0.59226137399673462] [-0.30389362573623657:1.1775878667831421] [-0.31400963664054871:1.1304347515106201] [-0.39866006374359131:6.1093111038208008] [-0.74956494569778442:1.6348862648010254] [-0.30025485157966614:8] [-0.4745403528213501:1.7959692478179932] [-0.44799011945724487:5.0419931411743164] [-0.47944268584251404:5.4068336486816406] [-8:8] [-0.44026213884353638:4.4868998527526855] [-5.290776252746582:8] [-8:8] [-8:8] [-8:8] [-5.1617417335510254:8] [-5.158024787902832:8] [-7.033390998840332:6.314455509185791] [-5.4585981369018555:6.782686710357666] [-4.5027904510498047:6.3966588973999023] [-4.6219158172607422:6.2308673858642578] [-5.1980376243591309:6.5848355293273926] [-6.2858824729919434:6.5635838508605957] [-8:8] [-5.2783465385437012:8] [-4.9774279594421387:8] [-5.2071175575256348:8] [-4.2729473114013672:8] [-4.4177336692810059:8] [-7.0391883850097656:6.3007946014404297] [-5.3481040000915527:6.8093509674072266] [-4.5498270988464355:6.4521365165710449] [-4.5461254119873047:6.3249835968017578] [-5.0979094505310059:6.6546735763549805] [-6.1692237854003906:6.617304801940918] [-5.7306647300720215:7.5088815689086914] [-5.7523951530456543:6.0147967338562012] [-5.231743335723877:5.8794069290161133] [-5.175621509552002:5.3496804237365723] [-4.999577522277832:6.1128683090209961] [-5.3674378395080566:5.4619412422180176] [-8:7.6560196876525879] [-7.9487738609313965:8] [-8:6.9503631591796875] [-8:6.1717052459716797] [-8:7.990349292755127] [-8:4.4387903213500977] [-0.60385459661483765:0.60423523187637329] [-0.60303634405136108:0.60284638404846191] [-0.60381859540939331:0.60396796464920044] [-0.60197323560714722:0.60250169038772583] [-0.60669362545013428:0.60691189765930176] [-0.61852353811264038:0.61995863914489746] [-8:8] [-8:8] [-8:8] [-8:8] [-8:7.3946776390075684] [-8:5.5981001853942871] [-6.7271604537963867:8] [-6.6564640998840332:8] [-6.472440242767334:8] [-6.1298484802246094:8] [-5.2752737998962402:8] [-4.3897533416748047:8] [-2.3654868602752686:2.5569751262664795] [-2.1429791450500488:2.1693851947784424] [-1.959622859954834:1.9888613224029541] [-1.8881434202194214:1.9614458084106445] [-1.8455688953399658:1.9480869770050049] [-1.640143871307373:1.7790613174438477] [-8:8] [-8:8] [-8:8] [-8:8] [-8:8] [-8:8] [-8:8] [-8:8] [-8:8] [-8:8] [-8:8] [-8:8] [-8:8] [-8:8] [-8:8] [-8:8] [-8:8] [-8:8] [-8:8] [-8:8] [-8:8] [-8:8] [-8:8] [-8:8] [-8:8] [-8:8] [-8:8] [-8:8] [-8:8] [-8:8] [-8:8] [-8:8] [-8:8] [-8:8] [-8:7.5818891525268555] [-8:5.5197758674621582] [-8:8] [-8:8] [-8:8] [-8:8] [-8:8] [-8:8] none none [0:1] [0:1] none [0:1] [0:1] [0:1] [0:1] [0:1] [0:1] [0:1] [0:1] [0:1] [0:1] [0:1] [0:1] [0:1] [0:1] [0:1] [0:1] [0:1] [0:1] [0:1] [0:1] [0:1] [0:1] [0:1] [0:1] [0:1] [0:1] [0:1] [0:1] [0:1] [0:1] [0:1] [0:1] none none [0:1] [0:1] [0:1] [0:1] [0:1] [0:1] none none none none
tree_sizes=12021 12017 11979 11958 11974 12010 12011 11950 12007 12059 11964 11984 12009 12008 12018 11976 11975 12022 11990 11992 11998 11973 12036 12040 12009 12020 11992 11973 11985 12016 11999 12021 12020 12056 12026 12031 12013 11970 12060 12025 12039 12074 12015 12063 12003 11999 12004 11948 12015 12020

Tree=0
num_leaves=127
num_cat=0
split_feature=153 105 22 0 207 200 69 21 12 163 168 201 18 12 33 69 4 19 10 17 0 12 62 73 61 102 61 97 92 99 61 92 18 155 85 17 62 3 10 15 21 69 158 201 81 16 14 17 21 4 70 73 74 96 3 18 3 36 13 15 19 103 19 201 158 163 69 84 19 99 92 99 14 15 21 99 157 12 19 150 73 73 73 103 15 5 16 62 92 15 70 73 73 98 3 167 18 18 182 153 33 122 92 201 99 97 0 201 12 153 36 96 13 102 201 65 153 21 73 85 0 155 117 5 92 81
split_gain=32.4416 23.2272 18.4679 15.5507 13.231 13.1876 13.9138 15.1678 13.5274 13.0264 13.9484 12.4888 10.815 10.6257 14.9529 11.2115 12.2286 10.4549 10.0888 13.936 15.8716 10.2826 10.0704 12.2568 9.96684 9.78465 9.70586 9.58454 11.8654 10.8087 9.2231 9.00608 8.98837 15.1318 13.0042 21.7636 12.5114 11.8331 10.6163 10.5041 13.6309 9.29371 11.5913 10.9413 9.78365 9.78049 14.2857 10.947 11.4753 14.7233 10.9961 9.28343 11.5606 9.65389 9.25533 9.58203 9.35318 9.21434 10.5456 9.05503 8.98361 8.86918 8.55272 8.5225 8.52034 8.51065 8.4716 8.25958 8.18018 11.6107 8.1465 8.05687 9.49641 8.6065 7.95454 7.8253 7.81617 7.72434 8.49913 7.68685 9.1887 10.3724 15.0516 17.0941 8.32757 7.55324 12.1705 8.74308 7.41706 7.41674 7.34298 7.32746 10.5674 7.32497 7.76161 7.27964 8.34856 9.53033 7.73213 7.24596 9.29036 7.22768 7.17894 7.10503 7.10163 7.0894 6.98784 6.92212 9.44596 7.97498 7.11258 8.39855 6.86883 6.86255 6.82423 7.02708 6.81591 7.02168 6.99875 6.76868 6.7399 6.66761 7.26561 6.66095 6.63389 6.54039
threshold=0.52863740921020519 0.38103614747524267 -0.12959312647581098 0.34801135957241064 1.0000000180025095e-35 -1.3156659603118894 -1.4842233657836912 -0.83425775170326222 0.98597595095634472 -0.13629765063524243 0.498191848397255 -0.24528267234563825 -0.0096093527972698194 -0.11396680027246474 -0.11440471932291983 0.3728847354650498 -0.044784568250179284 0.040493907406926162 0.51455831527709972 1.0000000180025095e-35 -0.42187499999999994 0.16714367270469668 0.15404836833477023 -0.090474709868431077 0.25347661972045904 0.24443043023347857 0.04614412039518357 -0.25421135127544398 -0.010293274186551569 -0.24463048577308652 -0.052465233951807015 0.25649729371070867 0.13006787747144702 -0.15645449608564374 0.31438629329204565 0.57140287756919872 -0.07308096811175345 -0.50058883428573597 -0.12226999923586844 0.12308461591601373 0.40431648492813116 0.029415456578135494 -0.42282466590404505 0.038936726748943336 -0.14853582531213758 -0.020187512971460816 0.64151784777641307 -0.020924714393913742 -0.0074975530151277772 -0.28132256865501398 0.098917551338672652 -0.54161217808723439 0.15701793879270556 -0.013529197312891482 -0.41401703655719752 0.060200810432434089 -0.45529152452945704 0.48943661153316503 0.30936275422573095 -0.11845384910702704 -0.20810990035533902 -0.4124342650175094 -0.077605698257684694 -0.13002108037471768 -0.15103561431169507 0.16741212457418445 -0.060231275856494897 0.26329426467418676 -0.034636862576007836 0.19472330808639529 -0.082096476107835756 -0.30850817263126368 -0.031242559663951393 0.62193077802658092 0.21181729435920718 -0.018937501125037667 0.022842406295239929 -0.050927303731441491 0.069452714174985899 0.28209434449672705 0.47307555377483373 0.14037369191646579 0.048956038430333144 -0.32305961847305292 0.096161540597677245 -1.0000000180025095e-35 0.25958162546157842 0.097266037017107024 0.061538862064480788 -0.18076153844594953 -0.28177769482135767 -0.070177368819713579 0.23941034078598025 -0.14589510858058927 -0.24585780501365659 0.88353800773620617 0.23687382787466052 0.30457496643066412 0.061921112239360816 -0.069710016250610338 -0.40032778680324549 0.17445722967386249 -0.22934997081756589 0.19220368564128879 0.039619565010070808 -0.12537552416324613 -0.098011363297700868 0.19721035659313205 -0.0072409845888614646 0.1801983714103699 0.28521126508712774 -0.031160275451838967 0.33745151758193975 -0.082563299685716615 -0.20512993633747098 0.010444464161992075 0.078491955995559706 -0.2185774892568588 0.019397050142288211 0.3192898035049439 0.098011363297700896 -0.23659154027700421 -1.0000000180025095e-35 1.0000000180025095e-35 0.034381940960884101 -0.0073782557155936948
decision_type=2 2 2 2 2 2 2 2 2 2 2 2 2 2 2 2 2 2 2 2 2 2 2 2 2 2 2 2 2 2 2 2 2 2 2 2 2 2 2 2 2 2 2 2 2 2 2 2 2 2 2 2 2 2 2 2 2 2 2 2 2 2 2 2 2 2 2 2 2 2 2 2 2 2 2 2 2 2 2 2 2 2 2 2 2 2 2 2 2 2 2 2 2 2 2 2 2 2 2 2 2 2 2 2 2 2 2 2 2 2 2 2 2 2 2 2 2 2 2 2 2 2 2 2 2 2
left_child=1 2 71 17 5 -4 61 65 9 18 27 -12 -5 62 15 -15 -17 75 19 20 123 103 85 25 30 -24 77 28 -11 -29 -22 -23 34 -34 37 36 60 38 -31 40 41 42 -39 45 -43 46 47 48 50 -50 89 -41 64 63 56 -56 -45 79 88 66 -36 -7 -2 74 -53 -8 104 -57 101 -70 -61 -1 73 102 -54 -3 -51 -16 -79 80 81 82 83 -35 90 86 -19 120 -59 -44 -85 -32 -93 -83 -95 96 -74 -98 -99 100 -27 -13 -73 -21 105 113 -86 108 109 -46 111 -111 -81 -49 115 -104 117 -77 -118 -92 -87 -66 -123 -9 -62 -65
right_child=13 3 4 12 -6 6 7 8 -10 10 11 68 -14 14 26 16 -18 22 -20 21 24 31 23 -25 -26 99 -28 29 -30 32 91 -33 33 57 35 -37 -38 39 -40 51 -42 44 43 54 107 -47 -48 59 49 76 -52 52 53 -55 55 67 -58 58 -60 70 124 -63 -64 125 121 -67 -68 -69 69 -71 -72 72 95 -75 -76 116 -78 78 -80 112 -82 93 -84 84 106 87 -88 -89 -90 -91 119 92 -94 94 -96 -97 97 98 -100 -101 -102 -103 114 -105 -106 -107 -108 -109 -110 110 -112 -113 -114 -115 -116 -117 118 -119 -120 -121 -122 122 -124 -125 -126 -127
leaf_value=-0.0047098280662262746 0.0094930389238051787 -0.0082872663517620116 -0.012061906505125156 -0.0088796700781192082 -0.014232935261521393 0.0020562628616383927 -0.014042481761080647 0.01686991981218457 -0.011342367745319274 0.00096664499482836239 0.016712879526788512 0.011482395372186493 0.0054874127248917565 0.0094680751779021074 -0.00031179963594854559 -0.012788038464830294 -0.00012135731355366786 0.025808240047081956 -0.0027444385788507604 -0.0004419751287261453 -0.0017605980742449929 0.0019500257021756219 0.014603594962573347 -0.0013358498907475344 -0.0043871168743484209 -0.0031413383950620426 -0.020848455162837631 -0.0046947180514312799 0.015972525393062671 -0.0035747476103858986 0.013096060829435489 0.016578797338684028 -0.0029618639334269854 0.013674262862870028 -0.013186477601277538 -0.013958174468584852 0.0052993464104310033 0.0064733739718223823 0.0079662062415823461 0.0073177526295004919 0.012841097254798281 -0.011631259193091747 -0.011553351258966945 0.00040367990507977111 -0.0050301012993488759 0.001167477261650662 0.0032343628504363539 -0.0071260834824986054 -0.011311754403940669 -0.0021700312640294691 -0.019689916672033025 -0.011164750733576484 0.00066400978038980846 -0.0063547449795251969 0.0043504023338721866 -0.010857356919705153 -0.013273776191706207 0.018351011295418843 -0.00025544413046678062 0.00094192131138542382 -0.0021343398952412712 0.019095120679697361 -0.0065660714413371046 -0.0048785190951020812 0.0042915316566434622 0.00048394647202633378 -0.0051785397708658584 0.0046439374495274299 -0.0041702799020539947 0.0091114953942447261 -0.011204563992755991 -0.0018530581650241767 -8.3902449245367859e-05 -0.0049072086253018465 0.017391583509206214 0.0055034796479829558 0.01246278018300841 -0.020623669071832829 -0.0058904389226468873 0.010776931583378401 -0.011575553298454899 0.011439869297979072 -0.0053111046008547224 0.0064305713641887984 0.014912899308874543 -0.0063844417617454057 0.0091342346367089943 0.01609014629035968 0.0054085282422218998 -0.0030064266491642462 -0.0034380911829218958 0.0018145283186760757 0.016904492672602009 -0.0042958963041246669 0.0073281085057017772 0.0078686230080064132 0.012928606800604533 0.0093060233691312031 -0.0037870206502567394 -0.004037919939605482 0.011612076333585285 -0.00050769075321769729 0.018503699818958039 -0.010411863880836371 -0.0017867134506137276 0.012177417419333057 0.001242391952286012 -0.011224113779444373 0.00618691154031485 0.0068486081842678995 -0.0057986174461430355 -0.0063060560701384072 -0.0004772320461998538 0.007099233229011734 0.0042485045141383267 0.0062304408419010613 0.013343999692183462 -0.0096913876696562654 -0.00072146666629257399 0.0053938108666235539 0.0079594361527129311 -0.0083271903568036595 -0.0018133381021516266 0.0046899819620526235 0.0087633497451155805 0.005576032003633111
leaf_weight=812 321 348 426 643 306 289 560 665 488 853 305 623 359 258 327 594 796 315 1665 2931 652 597 609 1044 594 261 436 3226 323 537 661 274 3734 480 256 360 3345 943 1015 297 295 620 1010 632 3240 2851 1264 254 411 332 422 1306 252 959 3364 376 336 403 507 352 1094 261 266 741 318 255 1078 250 1102 395 765 714 10614 459 258 252 307 330 384 656 265 618 1852 519 293 252 532 280 402 839 2598 1162 250 450 578 633 487 321 521 336 649 338 318 355 1054 457 392 404 536 866 520 282 370 360 5585 630 386 282 255 448 334 1931 1282 297 318 410
leaf_count=812 321 348 426 643 306 289 560 665 488 853 305 623 359 258 327 594 796 315 1665 2931 652 597 609 1044 594 261 436 3226 323 537 661 274 3734 480 256 360 3345 943 1015 297 295 620 1010 632 3240 2851 1264 254 411 332 422 1306 252 959 3364 376 336 403 507 352 1094 261 266 741 318 255 1078 250 1102 395 765 714 10614 459 258 252 307 330 384 656 265 618 1852 519 293 252 532 280 402 839 2598 1162 250 450 578 633 487 321 521 336 649 338 318 355 1054 457 392 404 536 866 520 282 370 360 5585 630 386 282 255 448 334 1931 1282 297 318 410
internal_value=9.48164e-05 0.00031866 4.14279e-05 0.00398803 -0.00045751 -0.000399066 -0.00032999 -0.000411003 -0.000307168 -0.000230433 -0.000599321 0.00402736 -0.00368688 -0.00602844 -0.00757859 -0.00318187 -0.00556417 0.00524909 0.00198693 0.00292546 0.00559643 0.000166221 0.00683179 0.00441418 0.00339463 0.00766712 -0.012456 -0.000820211 0.00512911 -0.00094399 0.00510575 0.00660528 -0.000717731 0.000695363 -0.00124501 0.00179947 0.0029443 -0.00173116 0.0039459 -0.00200636 -0.00132498 -0.00150077 -0.000705826 -0.00111366 -0.00366501 -0.00222322 -0.00331292 -0.00440155 -0.0072847 -0.00148375 -0.00995257 -0.00414727 -0.00461124 -0.00102759 0.00151003 0.002935 -0.00431828 0.00195981 0.00720024 -0.00217611 -0.00175683 0.0102084 0.00214429 0.00203391 -0.00654517 -0.00944479 -0.000360558 -0.00459965 0.00242975 -0.000632815 -0.00734148 0.00178177 0.00204396 0.00388913 0.00919751 0.000435774 0.00480932 -0.00888924 -0.0127655 0.00123287 0.000569196 0.000967367 -0.000212407 0.00177814 0.000421269 0.0108978 0.0154017 0.00644386 0.0119407 -0.00769833 -0.000865561 0.00728429 0.00453067 0.00570011 0.00221032 0.000910379 0.000537393 0.0055165 0.00117995 0.00423917 0.00733517 0.00722657 0.00445297 -0.00153445 0.00207139 0.00589944 0.00714701 -0.00281169 -0.00217737 -0.00310029 0.000627562 0.00357667 0.00668177 0.00116173 0.00514843 0.0103992 0.00305452 -0.0024505 0.00769403 -0.00212411 0.00173859 -0.00482363 -0.00573945 0.0131419 0.000304479 -0.00111832
internal_weight=105460 101748 94611 7137 73517 73211 72785 72235 71420 70932 60829 2763 1002 3712 3125 1648 1390 6135 10103 8438 4281 4157 4612 2899 3319 1855 1477 58066 1176 56890 2725 871 53664 14565 39099 5373 5013 33726 1552 32174 24420 24125 17657 16714 6468 11756 8905 7641 3321 1050 2271 7754 7457 2620 4958 3990 968 10831 1312 4320 1668 550 587 1661 4837 815 3203 626 2458 1497 1117 21094 20282 7706 510 1523 639 1041 714 9519 8493 8228 6582 4730 4250 1713 847 866 805 1849 3565 2073 1412 1646 1028 12576 11943 1329 842 1246 910 961 7247 3286 2125 1071 685 5848 5444 4908 1668 1148 1026 614 6533 948 1175 534 641 3046 586 3531 3213 962 1412 1151
internal_count=105460 101748 94611 7137 73517 73211 72785 72235 71420 70932 60829 2763 1002 3712 3125 1648 1390 6135 10103 8438 4281 4157 4612 2899 3319 1855 1477 58066 1176 56890 2725 871 53664 14565 39099 5373 5013 33726 1552 32174 24420 24125 17657 16714 6468 11756 8905 7641 3321 1050 2271 7754 7457 2620 4958 3990 968 10831 1312 4320 1668 550 587 1661 4837 815 3203 626 2458 1497 1117 21094 20282 7706 510 1523 639 1041 714 9519 8493 8228 6582 4730 4250 1713 847 866 805 1849 3565 2073 1412 1646 1028 12576 11943 1329 842 1246 910 961 7247 3286 2125 1071 685 5848 5444 4908 1668 1148 1026 614 6533 948 1175 534 641 3046 586 3531 3213 962 1412 1151
is_linear=0
shrinkage=0.0667171


Tree=1
num_leaves=127
num_cat=0
split_feature=153 11 20 18 73 0 24 105 183 18 96 33 18 14 17 95 3 17 105 105 169 170 17 18 11 20 95 18 84 73 84 11 162 81 160 16 5 84 153 95 21 168 164 20 21 168 24 156 154 18 95 15 84 69 81 13 18 19 103 5 3 182 97 33 82 20 200 0 95 20 14 28 149 73 19 15 24 18 95 152 69 14 0 170 21 119 95 81 161 153 0 95 81 102 16 73 171 95 14 152 66 74 33 149 17 97 3 95 61 85 0 5 154 81 17 179 20 65 115 18 21 20 4 15 122 17
split_gain=32.0483 22.9144 22.8479 22.6046 27.3129 28.7842 19.1111 17.2726 17.0838 19.4226 17.6487 16.6023 16.2494 17.8951 20.3009 17.6822 17.2582 15.3864 16.2262 15.0658 18.8434 14.0548 14.1291 17.5354 19.8324 15.9104 27.2941 21.1627 17.3242 13.9819 13.7717 13.6983 17.0873 13.1023 12.6318 12.4783 15.6761 12.1933 12.1146 11.9465 11.7847 11.6211 16.3778 11.1542 10.7427 10.6721 10.3939 10.2025 10.1761 10.1374 10.0348 10.0024 12.227 9.94573 9.94989 9.75688 9.74338 9.56844 9.54264 13.2237 10.551 9.51382 10.7885 16.6984 12.8101 11.1849 9.37153 12.2296 16.6147 13.3417 12.9116 9.62638 9.17274 10.2414 9.99457 9.43026 9.86069 9.17078 10.3245 10.0815 9.15799 11.3217 10.3552 9.45895 9.14589 9.14186 9.13878 9.06985 8.98514 8.85351 8.78877 8.66863 8.64855 8.96961 8.58018 10.2664 8.40007 8.38713 11.0533 8.35985 8.34552 8.32308 8.35234 8.2597 8.19993 8.13611 10.5159 8.07243 10.0221 8.02367 8.00328 7.94644 7.93385 9.6332 7.92952 8.40118 7.9119 7.89427 7.87589 7.87372 18.5 9.11125 7.72578 7.69506 7.62719 8.0738
threshold=0.52863740921020519 -0.034600952640175812 0.45837846398353582 0.038896562531590469 -0.54161217808723439 0.41903407871723181 0.40889553725719457 0.064298074692487731 -0.59283438324928273 0.17748695611953738 -0.031160275451838967 -0.25464376807212824 -0.26967006921768183 0.51563987135887157 -0.12425397336483 0.037910258397459991 0.26693189144134527 -0.1080750711262226 0.0045749428682029256 -1.079591631889343 0.71005704998970043 0.16460700333118441 0.23606816679239276 -0.0019346683839103205 0.24056420475244525 0.061908153817057616 -0.22669926285743711 0.018174973316490654 0.22293064743280414 0.14323851466178897 -0.075276862829923616 0.033769089728593833 0.60767510533332836 -0.077771842479705797 0.044823916628956802 0.17429582029581073 0.37500000000000006 0.078436717391014113 -0.13586255908012387 -0.31709492206573481 0.50832301378250133 0.008431398309767248 0.68520119786262523 0.44688706099987036 -0.56443393230438221 0.4319340586662293 0.58091637492179882 0.039611598476767547 -0.098467875272035585 -0.1117778606712818 -0.46666467189788813 0.13385384529829028 0.35307295620441442 0.32748083770275122 0.83648324012756359 -0.072160176932811723 -0.20737677067518231 0.056814845651388175 0.13784126192331317 0.37500000000000006 -0.15633092820644376 0.76043155789375316 0.28430026769638067 -0.40032778680324549 0.32247498631477362 0.16250384598970416 -0.16656434535980222 -0.37073864042758936 -0.22669926285743711 0.28155601024627691 -0.065468750894069658 -0.35811737179756159 -0.060271633788943284 0.16935838013887408 -0.11107696220278739 -0.19922307878732678 -0.022114232182502743 0.13454841822385791 0.034845316782593734 0.18372718244791034 -0.0015572658157907424 -0.066956844180822359 -0.015625000465661284 -0.14391252398490903 -0.0045644373167306176 0.038516184315085418 0.0086900414898991602 -0.092356722801923738 0.091758012771606459 0.089958306401968016 0.06960227340459825 -0.062873438000679002 -0.13636347651481626 0.024106648750603202 -0.073796510696411119 0.070704277604818358 0.093530114740133299 0.26746104657649999 0.29393601417541509 0.11163740232586862 0.14109365642070773 0.25733189284801489 -0.027961364015936848 -0.011569507885724304 0.44844323396682745 -0.081914193928241716 -0.19453945755958554 0.18218766152858737 -0.032237675040960305 0.32454642653465277 -0.035511363297700875 1.0000000180025095e-35 -0.032961085438728326 0.10823117569088937 -0.037211475893855088 0.018662696704268459 0.15597374737262729 -0.27491360902786249 0.0080731380730867403 -0.077087521553039537 -0.47752691805362696 0.11932773515582086 0.06094936095178128 -0.24999231100082395 -0.41415806114673609 0.57571727037429821
decision_type=2 2 2 2 2 2 2 2 2 2 2 2 2 2 2 2 2 2 2 2 2 2 2 2 2 2 2 2 2 2 2 2 2 2 2 2 2 2 2 2 2 2 2 2 2 2 2 2 2 2 2 2 2 2 2 2 2 2 2 2 2 2 2 2 2 2 2 2 2 2 2 2 2 2 2 2 2 2 2 2 2 2 2 2 2 2 2 2 2 2 2 2 2 2 2 2 2 2 2 2 2 2 2 2 2 2 2 2 2 2 2 2 2 2 2 2 2 2 2 2 2 2 2 2 2 2
left_child=1 8 3 4 58 21 31 37 9 44 34 47 13 14 16 -15 -12 -16 104 -14 43 22 23 24 53 27 39 30 -28 80 88 -7 33 -33 50 36 46 112 -11 -27 -4 -2 -43 61 -1 -23 77 110 -35 -31 -10 103 90 54 66 -36 -34 -22 -3 60 -60 62 63 -21 65 119 71 -68 70 -70 -69 -6 74 94 75 76 -52 79 -79 84 82 83 -26 -82 -13 105 89 -38 -24 -42 -53 -89 -32 -94 96 114 100 98 -76 -75 123 102 -73 -39 -19 -37 -107 -88 -109 124 -9 -108 113 -5 -96 -116 117 -46 -111 120 -64 -121 -118 -74 -65 -126
right_child=41 2 40 7 5 6 -8 11 10 38 12 35 19 15 17 -17 -18 18 -20 20 57 45 25 -25 29 26 28 -29 -30 49 92 32 56 48 55 85 87 51 -40 -41 86 42 -44 -45 116 -47 -48 -49 -50 -51 72 52 -54 -55 -56 -57 -58 -59 59 -61 -62 -63 64 109 -66 -67 67 68 69 -71 -72 101 73 99 97 -77 -78 78 -80 -81 81 -83 -84 -85 -86 -87 107 91 -90 -91 -92 -93 93 -95 95 -97 -98 -99 -100 -101 -102 -103 -104 -105 -106 106 111 108 -110 118 -112 -113 -114 -115 115 -117 122 -119 -120 121 -122 -123 -124 -125 125 -127
leaf_value=-0.016609990051189728 -0.0024826450640713159 0.01555479394197559 0.020053479545854572 -0.0020907863264245864 -0.0015945949794250189 0.0072216039945305101 -0.017676071368021649 0.0089900212752179205 -0.015387811074827819 0.013825129417295107 0.017974603434113463 0.0153728980162648 -0.0093753971001217604 0.0039362679441832223 -0.013308026809524684 0.022490366299096665 -0.0011758059597146596 0.0027184478093084546 0.011566057077689205 0.01654972773125854 0.01350238734662213 -0.0068585986619924058 -0.0067423238997299057 -0.007731915605063225 -0.01714932433122713 -0.0032786931900432017 -0.014111544012120149 0.014757015160121477 0.0021957004407277898 0.0069619728399228685 -0.0069184494098690269 -0.0014849403405953936 -0.0051410307089162777 -0.0057338696314404398 0.0014156410316131468 -0.00055318672148664593 -0.012606615250516841 0.00087695872237125467 -0.0035059812181737573 0.016767047961443304 0.0075323378227239446 -0.012760445092195987 0.0045152730839521111 0.0091380473514849399 0.0075516448382349855 0.0067188477787600859 0.017759786026897584 0.0045699998117643545 -0.020573640553896325 -0.006167643302773352 -0.01416763331298918 0.0095666206456836624 0.012958871947954404 -0.0058412219280871763 -0.0081563384247515767 -0.0080135298673502612 0.013036300060826603 0.002097699412441032 0.006201736107957872 0.014257545476683649 -0.011989939148755806 0.0088031722292780685 -0.0026157025049712611 0.0055862765536617382 -0.015949724831283194 0.0071641607738687496 0.0079030359760909035 -0.016003537942678722 0.0037148274780340481 -0.011444613247527729 0.0028328783334290275 0.0074240823759489797 -0.0048179125983529502 0.0085733910805106672 -0.005948857923078402 0.0054904432339219229 0.00075946371657084643 0.0062373568466589395 -0.0045239738871181313 0.022451709495596849 0.0052801789056259344 0.0090263971282159381 -0.0038158100733023362 -0.006740278061100646 0.0029392939766864803 -0.0026828505553096816 0.017536987737973162 -0.006316978582191466 0.0044917150642617438 -0.0074483981041204711 -0.0032794179807293148 0.0092954735636820111 0.0079324988806004724 -0.00016888335541309708 -0.0094078408275594244 -0.01242394956376989 0.0030701726761063696 -0.014647138033540353 0.0060058539439705938 -0.0040344534613155399 -0.0036765035487024596 -0.00036674504292932061 0.016349483973457042 -0.0053722167047114853 -0.0093129376361798053 -0.00031710289254207377 0.016450476624456575 -0.0045900425335389213 0.013554440146939196 0.009434310031110239 0.022908528605544494 0.0020322300322469333 0.0047222046478131744 0.0064132704814956459 -0.0027344312164810239 0.0065195866377975266 -0.0035467455999411506 -0.006774664340874299 -0.0001736363763309213 -0.00096378451062856241 -0.022318477603679915 -0.013645940426015997 -0.019824228541175173 -0.014622643340538899 -0.00062664811348274983 -0.0070216824054096447
leaf_weight=652 1953 546 315 2236 413 379 599 355 306 283 522 436 758 492 413 432 341 477 460 267 668 1969 1969 858 432 259 1369 398 361 1076 412 480 263 331 4736 1150 261 1425 474 260 353 1496 286 538 269 291 401 566 573 340 254 306 403 473 287 541 253 654 310 364 255 468 676 800 338 471 1806 393 4806 269 267 1200 501 427 1199 1437 824 1666 514 262 375 366 663 1235 679 1865 392 288 371 343 1011 341 1101 1335 445 447 253 299 477 507 783 327 789 2715 521 507 542 255 278 723 407 254 3838 803 1265 662 251 455 780 3013 309 273 278 1337 11561 950
leaf_count=652 1953 546 315 2236 413 379 599 355 306 283 522 436 758 492 413 432 341 477 460 267 668 1969 1969 858 432 259 1369 398 361 1076 412 480 263 331 4736 1150 261 1425 474 260 353 1496 286 538 269 291 401 566 573 340 254 306 403 473 287 541 253 654 310 364 255 468 676 800 338 471 1806 393 4806 269 267 1200 501 427 1199 1437 824 1666 514 262 375 366 663 1235 679 1865 392 288 371 343 1011 341 1101 1335 445 447 253 299 477 507 783 327 789 2715 521 507 542 255 278 723 407 254 3838 803 1265 662 251 455 780 3013 309 273 278 1337 11561 950
internal_value=8.0869e-06 0.000230149 0.00113825 0.000882427 -0.000301036 -0.000747482 -0.00708055 0.00245399 -0.000868066 -0.00605487 -0.000550414 0.00445863 0.000506013 0.00463776 0.0019105 0.0126573 0.0103635 -0.00197862 0.00121889 -0.000143006 0.000167539 -5.71636e-05 0.000411372 0.0015273 0.00204262 -0.0019163 -0.0066511 -2.93746e-06 -0.0106825 -0.00169081 -0.00114707 -0.00427264 -0.00658944 -0.010455 -0.00225425 0.00344269 0.00576603 0.000799594 0.00293471 0.00668924 0.00825584 -0.00605918 -0.00995916 -0.000313729 -0.00964976 -0.0050863 0.00756655 0.0114333 -0.0151818 0.00377466 -0.00350161 -0.0014325 0.0028294 0.00356467 0.00399086 0.000439121 0.00369752 0.00788663 0.00854624 0.00438308 -0.00194984 -0.00056283 -0.000782872 0.000110719 -0.00344134 -0.00253707 0.00433566 0.00311517 0.0015995 0.0028993 -0.00832119 0.00769254 -0.00316889 -0.00474694 -0.000831795 0.00194753 -0.00274154 0.00640045 0.00368232 0.0106706 -0.00422438 -0.00149232 -0.00911752 -0.00391248 0.00784719 0.000825431 0.00592821 -0.0021937 -0.00494068 0.000109794 -0.000255919 0.00208692 0.00195877 0.0034808 -0.0058105 -0.00317528 -0.0083817 -0.00438539 -0.0025228 0.00169177 -0.00950568 0.00936777 0.0109891 -0.00321265 -0.00352747 0.00350563 0.00711307 0.0102635 0.00482923 -0.000185657 0.016484 0.0118887 0.00270617 0.000149079 -0.0014087 0.000430013 -0.00598932 -0.00140347 0.00442698 -0.00361822 -0.00885191 -0.00203582 -0.0121755 -0.0119693 -0.000709673 -0.00111593
internal_weight=105992 102257 55990 54054 30823 29348 2878 23231 46267 2662 43605 10494 26905 3658 2734 924 863 1871 1458 23247 22489 26470 24210 16375 15517 7835 2249 5586 1730 4487 5188 2279 1900 1384 16700 9166 4848 12737 757 519 1936 3735 1782 21167 1905 2260 3958 1328 904 1416 11423 5860 1720 11030 10557 5277 516 1322 1475 929 565 20629 20161 15081 5080 4742 10270 7541 5735 5075 660 2729 11117 6627 4490 2515 1078 3557 2180 1377 3071 1976 1095 1610 1115 4318 1621 890 2340 696 1317 629 2848 2436 5693 2819 2874 1975 1676 934 2621 2316 1989 4140 998 2453 1303 925 533 14814 762 796 6877 3039 2372 1927 1253 724 1503 4271 985 3286 529 1838 13311 12511
internal_count=105992 102257 55990 54054 30823 29348 2878 23231 46267 2662 43605 10494 26905 3658 2734 924 863 1871 1458 23247 22489 26470 24210 16375 15517 7835 2249 5586 1730 4487 5188 2279 1900 1384 16700 9166 4848 12737 757 519 1936 3735 1782 21167 1905 2260 3958 1328 904 1416 11423 5860 1720 11030 10557 5277 516 1322 1475 929 565 20629 20161 15081 5080 4742 10270 7541 5735 5075 660 2729 11117 6627 4490 2515 1078 3557 2180 1377 3071 1976 1095 1610 1115 4318 1621 890 2340 696 1317 629 2848 2436 5693 2819 2874 1975 1676 934 2621 2316 1989 4140 998 2453 1303 925 533 14814 762 796 6877 3039 2372 1927 1253 724 1503 4271 985 3286 529 1838 13311 12511
is_linear=0
shrinkage=0.0667171


Tree=2
num_leaves=127
num_cat=0
split_feature=153 105 11 20 183 11 20 3 16 151 73 18 12 20 4 84 99 97 30 81 73 18 11 164 61 92 12 95 8 62 73 169 12 168 164 85 16 36 82 95 95 95 74 20 33 11 20 199 14 157 153 153 18 12 97 61 12 97 15 12 3 18 18 199 10 85 97 95 19 12 18 73 81 19 74 81 81 81 12 84 10 18 10 62 11 99 10 20 10 199 164 95 99 97 18 183 84 199 198 198 124 102 20 61 99 3 11 11 18 19 99 95 19 179 15 103 157 12 18 183 14 17 95 74 95 152
split_gain=30.6733 21.4339 17.2803 26.2171 17.655 15.968 20.838 17.4708 15.237 15.0385 14.9921 14.9877 13.4388 13.1077 12.8511 12.9828 12.1159 22.694 13.5345 12.9587 12.3469 15.8862 14.7978 13.9928 13.3906 18.9704 14.0121 12.4173 11.417 11.3153 11.6713 11.4857 14.6065 11.2271 16.0904 11.1623 13.3802 12.9815 12.6175 11.7508 11.0189 12.1068 10.6416 10.5593 13.5988 13.851 10.4787 11.6557 10.3126 10.9145 10.0807 10.012 9.97055 10.8974 12.98 10.8071 9.91766 14.3267 11.0274 12.6662 14.068 17.5463 9.85827 9.84326 9.69384 9.53821 9.58 14.2269 15.3807 11.3922 20.3992 12.6691 9.24061 9.14645 11.9457 9.16949 9.01657 8.92448 8.71575 13.5092 11.6639 11.6279 8.60463 10.77 8.50305 13.1063 12.7402 10.4806 8.49405 8.40944 8.30874 8.20084 8.78814 11.3531 8.78928 8.12144 8.11119 8.78533 7.99563 7.935 7.68051 8.3049 9.16005 13.3711 13.2494 9.79485 7.67191 7.57105 7.4792 7.45641 10.8343 8.05021 7.42127 7.42042 7.57386 7.31769 7.28144 7.26726 10.8954 7.23623 7.22386 7.15534 7.0853 9.82432 11.8783 13.409
threshold=0.52863740921020519 0.38103614747524267 -0.099570166319608674 0.45837846398353582 -0.52108648419380177 -0.33155247569084162 0.02531452011317015 0.49647271633148199 0.43231773376464849 -0.057786891236901276 -0.54161217808723439 0.17748695611953738 0.055529478937387473 -0.11622849851846694 0.12489546835422517 -0.19474145025014875 -0.30850817263126368 -0.28652143478393549 -0.1002712845802307 -0.10004509612917899 0.048956038430333144 -0.14547633379697797 -0.0069182049483060828 0.17738659679889682 0.13084702938795092 -0.15301910042762754 -0.026239267550408837 -0.10064432024955748 -0.017710223793983456 -0.18874868750572202 0.29323460161685949 0.44066797196865087 0.27876931428909307 0.042233886197209365 0.68520119786262523 0.3192898035049439 0.34436711668968206 0.53169015049934398 0.46977002918720251 -0.40948431193828577 -0.051629528403282159 0.18592425435781482 -0.23712087422609326 0.12924000620841983 -0.16898983716964719 -0.43405127525329584 -0.018381998874247071 -0.013690623454749582 0.028281250037252906 0.32727172970771795 -0.086661782115697847 0.42187030613422399 0.29585492610931402 0.032907843589782722 0.09436762705445291 0.028445006348192695 0.38666285574436193 0.55489373207092296 0.15539230406284335 -0.23983400315046308 0.43606831133365637 0.02152569126337767 -0.24400845170021054 -0.1116044335067272 0.27024416625499731 0.3665540367364884 0.014870563987642528 0.27733887732028967 -0.048940237611532204 0.20175729691982272 0.078328154981136336 -0.10561290010809897 0.13263399153947833 -0.068712692707777009 0.15701793879270556 -0.1218188740313053 -0.098649390041828142 1.0309899449348452 -0.050927303731441491 -0.22427498549222943 0.10678062587976457 0.19457418471574786 0.65268486738204967 0.77024185657501232 -0.27094368636608118 0.068007696419954314 0.34869098663330084 -0.058909537270665162 -0.15727410465478894 1.0000000180025095e-35 0.9932248890399934 -0.1603731960058212 0.40471050143241888 0.052878433838486678 -1.0000000180025095e-35 -0.12516698986291883 0.40001030266284948 -0.2713883221149444 0.018249922432005409 0.054080408066511161 -0.30037164688110346 -0.3284549862146377 -0.058909537270665162 0.015802781563252214 -0.050073789432644837 -0.35044753551483149 0.34086582064628607 -0.046119138598442071 0.032646587118506439 -0.043469697237014764 0.076424326747655882 -0.29385016858577723 -0.21569240093231198 -0.052600581198930733 0.024623077362775806 0.12984406203031543 -0.16256487369537351 0.032907843589782722 0.053196527063846595 -0.050183262676000588 0.16220982372760775 0.57571727037429821 0.12200894951820375 0.35389882326126104 0.031965153291821487 0.29616916179656988
decision_type=2 2 2 2 2 2 2 2 2 2 2 2 2 2 2 2 2 2 2 2 2 2 2 2 2 2 2 2 2 2 2 2 2 2 2 2 2 2 2 2 2 2 2 2 2 2 2 2 2 2 2 2 2 2 2 2 2 2 2 2 2 2 2 2 2 2 2 2 2 2 2 2 2 2 2 2 2 2 2 2 2 2 2 2 2 2 2 2 2 2 2 2 2 2 2 2 2 2 2 2 2 2 2 2 2 2 2 2 2 2 2 2 2 2 2 2 2 2 2 2 2 2 2 2 2 2
left_child=1 2 4 8 11 7 9 29 10 28 115 64 72 -11 15 91 19 -18 -19 -12 35 24 23 27 25 -22 -27 -23 77 -6 31 43 -33 78 63 36 38 39 56 -37 -14 -42 -8 65 -45 -46 47 -41 88 113 -13 107 53 -17 55 -55 57 58 59 60 61 -20 -48 -35 -1 66 67 -31 -69 70 -68 121 -5 -60 75 -75 -62 100 79 -2 -80 -81 -66 -84 95 87 -87 120 -44 -9 119 -3 93 -93 -95 -30 97 -56 -28 -26 -7 -102 103 105 -104 -103 -10 -16 -73 110 111 -63 -29 114 -50 -4 -64 -115 -119 -34 -86 -71 123 124 125 -24
right_child=33 14 3 12 5 6 42 89 106 13 16 50 40 -15 51 52 17 18 20 -21 21 22 122 -25 99 26 98 112 84 30 -32 32 90 34 -36 37 -38 -39 -40 46 41 -43 48 44 45 -47 62 -49 49 -51 -52 -53 -54 54 96 -57 -58 -59 73 -61 76 109 116 -65 82 -67 69 68 -70 71 -72 108 -74 74 -76 -77 -78 -79 80 81 -82 -83 83 -85 85 86 -88 -89 -90 -91 -92 92 -94 94 -96 -97 -98 -99 -100 -101 101 102 104 -105 -106 -107 -108 -109 -110 -111 -112 -113 -114 117 -116 -117 -118 118 -120 -121 -122 -123 -124 -125 -126 -127
leaf_value=0.00039511990582840261 0.012572291841064492 0.010428025670063632 0.016722832175064532 0.019299577615200458 -0.013017618192751067 0.0030793976890696679 -0.011924897719332923 0.019617910162225766 0.0018879385312322518 -0.019660166734264579 -0.0018689903667462001 0.0096387645845913503 -0.008953722634092099 -0.0064487742462635712 -0.0059989214295724973 0.017395648780464925 0.019778461162962974 0.0023612603275645619 0.0053672608891490075 -0.015952492891230696 0.0074060738233507973 0.0024752623488052206 5.2597551170605471e-07 0.0054838651947509715 -0.023376377970348982 -0.012815300675992963 0.0032119032990084216 -0.00065198801672444111 -0.014388810074790443 0.010431685174419612 -0.012412426320619317 0.015865307363127776 0.0048285984478628387 -0.02243769116119353 0.0039649008146193558 0.015866032300499891 -0.011951458631002913 -0.0047416513476227296 -0.010730186992108502 0.011310792580264822 0.016808756490112223 -0.00077087886549754301 -0.0144148959675894 0.018012538219926353 0.0083158077964541246 -0.0034172101787071879 0.0093937726985250589 0.0012750240630404481 0.0053392987080955884 0.0080430024441143395 -0.0071145752295461136 -0.012587493241610178 0.017909042741736856 0.0042090578255823304 0.016565601614321822 -0.01296121469462304 0.011697087012114301 -0.010268365916606369 -0.011400541775161983 0.0031738452008373396 -0.017379579578470365 -0.0088742601739809582 0.0059476773731314565 -0.0094640027759269104 -0.017187006026427074 0.0092509794949751888 -0.016376680685725179 0.0064408854529088063 -0.01288511257175614 0.0013607388113669279 0.0052179006486975594 -0.014404223136948101 0.0053480671762114237 -0.013449423926354141 0.011890599871639804 -0.001080532326463935 -0.0033720769924828354 0.0063845163621101438 -0.013440787403127577 -0.014214246710895538 -0.00074512604624661757 0.0046993649052432642 0.0014002327659430266 -0.015273975109466348 -0.0034938083095268006 0.016125488832165098 2.3687149535559152e-05 -0.0084961251190436588 -0.0017794128509916421 0.003826956673024952 0.010219837313497498 -0.0091355443478365571 -0.010590843236938308 1.6253406152275767e-05 0.016564444109444465 9.2752801630738998e-05 -0.002745342307689135 0.0060028601201849007 -0.0092490709678741002 -0.0068082950136102872 -0.012525925846519067 -0.0027334743972100509 -0.015518218341658674 -0.0075882239479027136 -0.00027658643454795063 0.014933654649356101 -0.0082167589252341924 0.0034670305333457906 -0.0022410464655654417 -0.0087711140224200675 0.0072544175139671752 0.0050407930132365429 -0.011637070288628013 0.00049983138695480311 -0.0026579368523995776 0.0019510358538186803 -0.0054055333419143255 -0.0014461081806999647 -0.015050617526719505 -0.0086976235772506898 0.011528282127699074 -0.0098260990200294621 -0.0014446653330433101 -0.0016222717771997145 0.0090081739228067923 0.012984280851032159
leaf_weight=324 344 304 378 584 263 378 311 319 439 389 1291 349 253 2438 480 373 273 14376 1863 375 528 476 2952 476 273 907 626 343 271 670 282 504 333 386 281 411 390 678 432 1240 315 376 324 285 878 903 393 892 2043 965 288 254 414 394 566 272 359 526 464 8884 330 650 329 847 752 387 618 369 356 3197 278 455 342 309 272 1894 550 285 572 267 744 305 347 331 259 502 385 528 886 292 362 274 353 315 251 450 255 958 356 255 850 250 612 581 438 302 1315 1674 456 760 502 252 1459 3518 701 253 1010 925 366 363 303 273 4579 2308 1334 399
leaf_count=324 344 304 378 584 263 378 311 319 439 389 1291 349 253 2438 480 373 273 14376 1863 375 528 476 2952 476 273 907 626 343 271 670 282 504 333 386 281 411 390 678 432 1240 315 376 324 285 878 903 393 892 2043 965 288 254 414 394 566 272 359 526 464 8884 330 650 329 847 752 387 618 369 356 3197 278 455 342 309 272 1894 550 285 572 267 744 305 347 331 259 502 385 528 886 292 362 274 353 315 251 450 255 958 356 255 850 250 612 581 438 302 1315 1674 456 760 502 252 1459 3518 701 253 1010 925 366 363 303 273 4579 2308 1334 399
internal_value=8.19629e-05 0.000300347 3.43275e-05 0.000701118 -0.00118362 -0.000757641 -0.00194357 0.00116816 0.000455427 -0.00423307 0.000642504 -0.00670625 0.00847355 -0.00828793 0.00382537 0.00584537 0.000528511 0.000697932 0.000601912 -0.00506944 -1.93794e-05 -0.00137302 -0.00045303 -0.00484693 -0.0058343 -0.00371178 -0.00684283 -0.0070275 -0.00243386 0.000566988 0.000898277 0.00125522 0.00653721 -0.00584417 -0.0102839 0.000978724 0.000221382 0.00379017 0.000487678 0.00515437 0.00283199 0.00720594 0.000156212 0.000346229 0.00454041 0.00235126 0.00399972 0.0071284 0.000548701 0.00137064 0.00199686 -0.000126458 0.00822438 0.00678071 0.00513576 -0.00275707 0.000766028 0.000535285 0.00087827 0.0016705 -0.00104418 0.000617791 0.000126742 -0.0135715 -0.00989147 -0.000877689 -0.00147335 0.00342735 -0.00300022 -0.00277646 -0.00962464 -0.00136509 0.0141861 -0.0028259 -0.00119888 -0.00284017 -0.00867432 -0.0048424 -0.00281585 0.00214865 -0.00629435 -0.00407369 -0.0122516 -0.00671233 0.000854268 0.00312668 0.00914324 -0.00174239 -0.00520122 0.0121286 0.00204967 0.000687604 -0.00178486 0.00188901 0.0073092 -0.00531548 0.00811102 0.00995803 -0.00128651 -0.0154515 -0.00579584 -0.0069166 -0.00471054 -0.000519759 -0.00919277 0.00686708 -0.00566279 0.0013369 -0.00835564 -0.00345589 -0.000551165 -0.00493664 -0.00956122 0.000511947 0.00328143 0.0108467 -0.00258199 -0.00106222 -0.00534033 -0.00217422 0.00454025 0.000464701 0.000590545 0.00192823 0.00368509 0.00155321
internal_weight=105608 101862 94725 61231 33494 31103 19260 11843 59361 9221 57607 2391 1870 2827 7137 4729 56976 55310 55037 1666 40661 17271 14326 2754 2945 2417 1889 2278 6394 11232 10969 10687 1562 3746 1514 23390 18437 4953 18047 4275 944 691 10039 9125 2066 1781 3864 2132 9728 8518 637 2408 3232 2818 2445 666 17615 17256 16730 13791 4907 4027 1732 1233 1754 7059 6672 1395 725 5277 896 4381 926 2939 2475 2203 880 3696 2232 916 1316 572 1430 678 2698 1977 887 1090 1210 611 1058 1497 1193 840 566 721 1779 1524 982 528 3411 3033 2183 1133 1050 552 1754 2154 911 2164 1404 902 1802 7553 2744 631 1339 4809 1291 696 562 3470 11572 6993 4685 3351
internal_count=105608 101862 94725 61231 33494 31103 19260 11843 59361 9221 57607 2391 1870 2827 7137 4729 56976 55310 55037 1666 40661 17271 14326 2754 2945 2417 1889 2278 6394 11232 10969 10687 1562 3746 1514 23390 18437 4953 18047 4275 944 691 10039 9125 2066 1781 3864 2132 9728 8518 637 2408 3232 2818 2445 666 17615 17256 16730 13791 4907 4027 1732 1233 1754 7059 6672 1395 725 5277 896 4381 926 2939 2475 2203 880 3696 2232 916 1316 572 1430 678 2698 1977 887 1090 1210 611 1058 1497 1193 840 566 721 1779 1524 982 528 3411 3033 2183 1133 1050 552 1754 2154 911 2164 1404 902 1802 7553 2744 631 1339 4809 1291 696 562 3470 11572 6993 4685 3351
is_linear=0
shrinkage=0.0667171


Tree=3
num_leaves=127
num_cat=0
split_feature=152 105 201 151 12 171 14 0 81 170 81 11 21 95 201 12 153 21 105 13 18 153 81 95 19 19 21 8 152 95 153 62 183 62 85 85 82 12 17 17 4 8 33 19 73 92 73 199 156 92 21 74 33 24 0 18 4 19 14 105 85 14 73 95 19 183 14 164 102 21 92 95 153 18 180 17 0 171 153 99 82 22 31 19 82 5 17 17 73 18 1 7 12 21 93 0 82 18 81 24 201 198 17 21 73 19 12 153 61 82 1 12 12 182 198 4 3 99 17 21 153 95 0 95 19 79
split_gain=28.976 17.2748 19.1495 15.2394 14.9971 20.3002 15.8258 20.1161 23.5956 13.8519 12.7615 12.2814 13.3582 12.0863 11.3726 11.0665 10.5133 21.807 13.6384 13.1751 16.0045 12.7586 12.7135 11.9829 15.8676 17.1561 11.9976 14.0635 11.8447 10.4408 10.4135 11.5957 10.0904 9.91522 10.0737 9.77159 9.77043 12.0107 9.76337 16.1907 22.6717 12.9513 12.6966 10.8408 17.1583 12.3163 12.2398 12.5074 9.85037 10.978 11.2042 12.0879 11.9649 9.6895 12.444 9.68548 9.6081 9.55969 9.39317 10.455 9.34465 9.24312 10.7878 11.8361 9.23195 10.0946 9.05696 8.98812 9.038 9.25144 8.92384 12.4333 10.7195 10.4896 10.0937 13.2634 9.30298 15.8773 11.9353 14.4191 9.02462 8.67425 8.59046 8.55207 9.86807 8.5225 8.47715 8.30871 8.29757 12.1905 9.7501 8.2479 8.22174 8.30649 8.12208 8.04799 12.0576 7.849 7.80372 11.7433 7.80294 7.76996 7.67856 16.5143 7.68042 8.76132 7.65827 7.59191 7.57841 10.9821 7.54933 7.53059 7.52245 7.43964 9.86882 7.43448 7.34401 13.1707 8.24806 7.82912 7.25246 7.24994 9.06938 8.59943 7.18031 11.5847
threshold=0.46118342876434332 0.38103614747524267 -1.0063952207565305 -1.5426111817359922 0.89210075139999401 0.64238929748535167 -0.058028273284435265 0.43607954680919653 -0.076491642743349061 -0.10683151707053183 -0.14024760574102399 0.34834329783916479 0.46329854428768164 0.23549225181341174 -0.087956961244344697 0.095878649502992644 -0.12595217674970624 -0.31899510324001307 -0.58043137192726124 -0.58136090636253346 -0.26967006921768183 0.02914404217153788 1.4903535246849062 0.14598410576581958 -0.20810990035533902 -0.12241732329130171 0.070476345717906966 -0.081627540290355668 0.019792195409536365 0.34447015821933752 0.040106546133756645 -0.16666666418313977 0.36335873603820806 -0.081493165343999849 0.39709885418415075 -0.16653607040643689 0.20000881701707843 -0.002558672102168202 -0.36147263646125788 -0.24203638732433316 -0.4294768869876861 -0.20063439011573789 -0.030121334828436371 0.28036659955978399 -0.10151925310492514 -0.056610932573676102 -0.048708694055676453 0.016308619640767578 0.44486947357654577 -0.1027788184583187 -0.25056768953800196 -0.03442737273871898 -0.054167974740266793 -0.28275677561759943 0.38210226595401769 -0.32173828780651087 -0.28132256865501398 -0.048940237611532204 0.32737351953983312 -0.41480733454227442 0.15020142495632174 0.50521576404571544 0.2066614702343941 0.33833551406860357 -0.039400191977620118 -0.16396401077508924 0.31398065388202673 0.83378198742866527 -0.38300634920597071 0.17944861948490146 0.18495780229568484 0.12200894951820375 -0.058415779843926423 0.055483173578977592 -0.38452804088592524 -0.28136909008026117 -0.13494318723678586 -0.20049638301134107 -0.069710016250610338 0.087638247758150115 -0.035971203818917268 -0.12959312647581098 -0.10738194361329077 -0.026270174421370026 0.039849439635872848 -1.0000000180025095e-35 0.41385632753372198 -0.018372043035924431 0.51231443881988536 0.18888822197914126 -0.24289772659540174 -0.19160584360361096 -0.11618202552199362 0.23687112331390384 0.14441096782684329 0.46164773404598242 -0.15396678447723386 -0.13399154692888257 0.043631728738546378 -0.29613210260868067 0.18287889659404757 -0.60219278931617726 -0.32512404024600977 0.11647960916161539 -0.14962016791105268 0.54896092414855968 -0.25815111398696894 -0.22096838057041165 0.1536030322313309 -0.026864646933972832 -0.25426135957241053 0.055529478937387473 0.09751001745462419 -0.17853868007659909 -0.11349402368068694 -0.4771131426095962 0.49484245479106909 -0.021112507209181782 -0.0081613573711365444 -0.013047308195382355 -0.13586255908012387 0.44563953578472143 0.035511363297700889 -0.0028972062282264228 0.040493907406926162 0.15444141626358035
decision_type=2 2 2 2 2 2 2 2 2 2 2 2 2 2 2 2 2 2 2 2 2 2 2 2 2 2 2 2 2 2 2 2 2 2 2 2 2 2 2 2 2 2 2 2 2 2 2 2 2 2 2 2 2 2 2 2 2 2 2 2 2 2 2 2 2 2 2 2 2 2 2 2 2 2 2 2 2 2 2 2 2 2 2 2 2 2 2 2 2 2 2 2 2 2 2 2 2 2 2 2 2 2 2 2 2 2 2 2 2 2 2 2 2 2 2 2 2 2 2 2 2 2 2 2 2 2
left_child=1 2 107 35 5 6 7 11 -9 101 30 12 81 15 -7 -13 17 19 -19 121 -21 22 38 36 -25 26 27 -26 -27 102 31 87 61 57 -35 -4 55 -38 41 40 -40 -18 48 44 86 46 47 -46 49 108 -51 52 66 -6 -55 56 -23 -22 59 -57 -14 62 63 -16 -31 -66 82 68 -11 -70 73 72 -72 76 -75 -76 97 -78 79 -79 -73 -5 -52 -17 -85 -80 -44 -8 89 90 95 115 -71 -94 -47 96 -30 -3 -42 -100 -95 -2 -20 104 105 -104 -93 -1 109 -41 -34 -39 124 -45 -115 -61 -83 -118 119 -119 -106 122 123 -12 -108 -126
right_child=9 70 3 4 53 14 10 8 -10 67 16 13 60 -15 32 83 21 18 29 20 33 23 -24 24 25 28 -28 -29 88 64 -32 -33 110 34 -36 -37 37 111 39 42 98 -43 43 113 45 94 -48 -49 -50 50 51 -53 -54 54 -56 58 -58 -59 -60 91 -62 -63 -64 -65 65 -67 -68 -69 69 92 71 80 -74 74 75 -77 77 78 85 -81 -82 116 -84 84 -86 -87 -88 -89 -90 -91 -92 106 93 100 -96 -97 -98 -99 99 -101 -102 -103 103 -105 120 -107 112 -109 -110 -111 -112 -113 -114 114 -116 -117 117 118 -120 -121 -122 -123 -124 -125 125 -127
leaf_value=-0.014574762462697241 -0.010566629549271733 0.0015219571219872111 0.0026665577291418285 0.004123793682024421 0.0010776762811333257 0.015540838005402662 -0.00072378799815563946 0.0030898293321042869 -0.012105540943812656 -0.020526880163316084 2.4336231974476946e-05 -0.0099524423393808261 0.016755244643149168 -0.012157063825608423 -0.015155681683670456 0.010792653178210172 -0.017424790173376 -0.0041323006295325721 0.013177483001799299 0.0089710815418524749 0.010948657745357625 -0.012863421189848373 0.01154647178727982 0.0090522323538295632 0.004655762907092977 -0.012647469008620824 -0.021219762171655832 -0.013477058086360691 0.015825823917951332 -0.010156141409848937 -0.0086289427772944377 0.00011093911896081767 0.019134662112159345 -0.0057308105297740426 0.0075646666629201201 0.020253208690517496 -0.0061387019200026894 0.013038710995663332 -0.0087382297831751412 -0.011254453356002286 0.0024993505936837311 -0.0006197792235624821 0.0010918725731282729 0.0030354415210298875 -0.010904226080152615 -0.0044043596564460235 0.0047668396124306558 0.0044096059935162697 0.004591723250601169 -0.01083525225222387 -0.0073975346609932314 -0.0095612721110241647 -0.010034809728169218 -0.0044848363503009817 -0.020658259436537173 -0.0096271819105876698 0.0030082185985112969 -0.0035451023132736328 0.013028845787299726 -0.0021003455810440948 0.0029592471686127469 0.0090360931216047803 0.0075093753815574484 0.0011476318044546382 -0.0052576936490864173 0.013206260957571651 0.013648192813851687 0.0032997478340962691 0.0022691449850071603 0.002059307983295153 0.011941983333123952 6.1993489057554098e-05 -0.00060152598544263472 -0.0022395488318384289 0.019024983977264241 0.0055254820475942584 0.014946192873842043 -0.0047769195196073339 0.0045227612263267838 0.015093994056998713 -0.012456016074334808 0.0015356682718438179 0.0057085248229855091 -0.0043037541521808408 0.0077960874216341965 -0.010601457152030581 0.017247403459648963 -0.012471416282814857 -0.0070315573734809397 0.012234961061815196 -0.0095972836842226957 -0.0074945700964224454 -0.020710865120709011 -0.010450906519340157 0.0010589570663252531 -0.0067153099542375458 3.4437736052821099e-05 -0.011643839532287995 0.0025765684582880095 0.018442734420601244 0.0021331375460433791 0.0018399822153249382 -0.0020702882327274554 -0.00779619941315449 0.010640154039131216 0.010197061072720906 0.0013266230740915873 -0.0024658526976667036 -0.019390806520315704 -0.00087254452606200673 0.0046799830477145333 -0.00068029523018645012 -0.0039187988874698496 -0.019407196721319842 -0.0051240338197397874 0.0088857081438116717 0.0030820769488181963 0.0051683451597065756 -0.016281661401134677 -0.0099071349197473058 0.00082665653532925341 0.013203974763882168 -0.0051003080169009325 0.016660266055013286 0.0041536476762082325 0.017296066977702189
leaf_weight=532 262 652 299 5554 450 456 453 793 1050 258 309 445 454 488 370 368 422 757 685 482 371 339 301 482 315 340 338 464 333 327 1393 3125 282 4160 265 270 1342 278 502 1392 774 399 255 250 540 4600 2276 415 420 646 330 532 298 549 349 286 329 434 420 322 431 458 349 413 254 264 362 306 370 258 526 605 697 254 638 674 569 250 270 442 434 20893 663 975 429 411 342 672 511 441 377 351 300 1479 1629 305 608 286 363 497 250 1467 721 372 2020 398 2707 417 293 681 388 472 677 317 690 1615 868 262 355 355 409 335 452 251 1600 368
leaf_count=532 262 652 299 5554 450 456 453 793 1050 258 309 445 454 488 370 368 422 757 685 482 371 339 301 482 315 340 338 464 333 327 1393 3125 282 4160 265 270 1342 278 502 1392 774 399 255 250 540 4600 2276 415 420 646 330 532 298 549 349 286 329 434 420 322 431 458 349 413 254 264 362 306 370 258 526 605 697 254 638 674 569 250 270 442 434 20893 663 975 429 411 342 672 511 441 377 351 300 1479 1629 305 608 286 363 497 250 1467 721 372 2020 398 2707 417 293 681 388 472 677 317 690 1615 868 262 355 355 409 335 452 251 1600 368
internal_value=0.000113835 0.000359066 0.000125308 0.000221857 0.000154465 0.000258162 8.32646e-05 0.00122043 -0.00554666 -0.00486759 -0.000616929 0.00161315 0.00201259 -0.00267965 0.00593635 -0.000571673 -0.000270675 0.00133251 0.00421764 -0.00119978 -0.00260341 -0.000865574 -0.00197357 0.000564363 -0.00232986 -0.00370427 -0.0107271 -0.00610766 -0.000997475 0.00538606 -0.00362122 -0.00196998 0.00397567 -0.00368057 -0.0049223 0.0110773 0.00174412 -0.00235197 -0.00218127 -0.00187202 0.0035911 -0.0093016 -0.00256368 -0.00127236 -0.000538242 -0.00123403 0.00210082 -0.0042088 -0.00515784 -0.00595528 -0.00313337 -0.000832613 0.00196629 -0.00682201 -0.010826 0.00269912 -0.00499338 0.00309265 0.0033204 0.00279878 0.0100775 0.00105688 -0.00215492 -0.00652078 -0.00138849 0.00408595 0.00464569 -0.00745285 -0.00859811 -0.00741496 0.00362946 0.000204275 0.00477016 0.00536519 0.00976502 0.0121251 0.00295807 0.00559533 0.00168424 0.00785444 -0.00513999 0.00175841 0.00131483 0.00177556 -0.000574383 -0.00454515 0.010396 -0.00776917 0.000537948 0.00243461 -0.000218051 0.00327124 -0.00899967 -0.0104283 -0.00296962 0.00260266 0.00567256 -0.00246626 0.0074115 0.0117892 -0.00860774 -3.454e-05 0.0066379 0.00548193 0.00688869 0.00227664 0.00198504 -0.0092873 -0.00931453 -0.0078614 0.0108297 0.00436896 0.00261592 -0.00710827 -0.00967362 0.00703633 0.00117878 -0.00285228 -0.00818802 -0.00345808 0.00899911 0.00471942 0.00186593 0.00754423 0.00357145 0.00663968
internal_weight=105678 100728 94020 93071 92502 91154 88438 33720 1843 4950 54718 31877 29172 2705 2716 2217 49075 13266 6207 7059 5712 35809 20189 15620 4514 4032 1117 779 2915 5450 5643 4250 2260 5230 4425 569 11106 2092 19888 19067 2136 821 16931 11314 10057 9460 3231 955 5617 5197 2831 2185 1653 1348 898 9014 668 805 8346 7926 885 1590 1132 783 845 518 1355 3221 2915 2657 6708 2262 1223 4446 1566 1312 2880 1942 1373 692 1039 28287 993 1772 1404 681 597 1125 2575 2064 1623 7640 2287 2029 6229 1246 941 938 1634 860 1729 1729 4605 3920 3548 1119 5703 949 2366 2073 670 750 5352 1257 1007 1937 22733 1840 972 617 2429 1347 1012 560 4675 1968
internal_count=105678 100728 94020 93071 92502 91154 88438 33720 1843 4950 54718 31877 29172 2705 2716 2217 49075 13266 6207 7059 5712 35809 20189 15620 4514 4032 1117 779 2915 5450 5643 4250 2260 5230 4425 569 11106 2092 19888 19067 2136 821 16931 11314 10057 9460 3231 955 5617 5197 2831 2185 1653 1348 898 9014 668 805 8346 7926 885 1590 1132 783 845 518 1355 3221 2915 2657 6708 2262 1223 4446 1566 1312 2880 1942 1373 692 1039 28287 993 1772 1404 681 597 1125 2575 2064 1623 7640 2287 2029 6229 1246 941 938 1634 860 1729 1729 4605 3920 3548 1119 5703 949 2366 2073 670 750 5352 1257 1007 1937 22733 1840 972 617 2429 1347 1012 560 4675 1968
is_linear=0
shrinkage=0.0667171


Tree=4
num_leaves=127
num_cat=0
split_feature=153 11 73 20 167 201 18 16 18 1 24 92 15 21 18 179 13 95 4 97 18 95 82 82 95 99 20 92 14 104 11 18 73 182 20 4 97 14 19 1 5 97 79 151 80 20 95 3 21 20 20 102 3 12 95 18 148 152 84 18 10 11 104 95 84 18 19 104 14 150 99 19 153 9 20 20 10 99 16 84 201 18 2 99 183 12 24 74 150 164 84 95 159 151 95 92 21 152 3 21 13 2 82 80 99 183 19 92 92 153 24 16 198 11 201 95 79 81 18 10 183 36 20 183 84 10
split_gain=27.9714 20.054 22.5665 21.7879 17.1384 21.2031 17.344 16.1188 15.5652 24.0761 20.3329 16.8304 21.0203 14.2512 14.1673 13.8646 13.1105 12.8891 12.6705 17.6691 18.074 12.435 12.9336 12.3416 12.2099 13.8505 12.106 15.4195 11.3352 11.2114 14.7256 16.4189 16.5055 15.6551 12.3678 11.5562 14.9249 18.384 26.4921 15.4428 13.1108 16.9897 13.096 11.2628 12.0962 11.2444 15.6357 12.9517 12.9076 18.095 15.6432 12.6448 10.6844 14.9481 10.5687 10.4652 10.4375 10.4355 10.3406 10.2643 10.1649 10.0857 10.0669 10.0561 9.80453 9.778 15.9506 11.6444 9.65497 9.64108 9.58552 13.9468 12.9875 9.6064 9.45103 13.6698 11.8021 14.3928 14.1913 11.8546 9.9522 15.2809 14.1975 9.4306 9.30475 9.27143 13.0111 11.7887 9.61126 11.1922 11.3608 13.1203 9.1853 9.15177 9.14353 11.3057 10.5172 9.39989 11.0634 9.12928 11.7069 15.7806 16.6287 10.5494 10.5856 10.4258 9.75658 8.92751 10.8097 12.312 12.0108 10.5995 10.8501 9.32952 8.90292 8.89975 8.88729 10.038 9.26703 14.1003 10.577 8.9417 8.88333 10.7313 8.86683 8.78356
threshold=0.52863740921020519 -0.083592988550662981 -0.54161217808723439 0.45837846398353582 0.80968847870826732 -0.69461253285408009 -0.26967006921768183 -0.38575991988182062 0.038896562531590469 -0.41903407871723169 0.40889553725719457 -0.23567864298820493 -0.1053769253194332 0.50832301378250133 0.29949583113193518 -0.16165642440319059 -0.12848138809204099 -0.25401473045349116 0.25939466059207922 0.57465690374374401 0.02152569126337767 0.35715453326702123 0.45434272289276129 -0.13553395122289655 -0.46666467189788813 -0.28617501258850092 0.12208744138479234 0.32692845165729528 -0.13094494491815564 -1.0796825289726255 -0.33155247569084162 0.27762436866760259 -0.093427989631891237 -0.6941312551498412 0.042616922408342368 0.077078893780708327 0.12445841729640962 0.01340029761195183 -0.13089796900749204 -0.026988636702299115 -0.37499999999999994 -0.12537552416324613 -0.031855547800660126 -0.057786891236901276 0.43853063881397253 -0.0041329428786411873 0.11867989227175714 -0.46541532874107355 -0.16117128729820249 -0.24021986126899716 -0.10048581659793852 -0.27936734259128565 -0.41864693164825434 -0.15282770991325376 0.30328558385372167 -0.060332691296935075 0.15423044562339785 -0.058859659358859055 0.2005608677864075 -0.38347558677196497 0.33329366147518164 -0.17094597220420835 -0.11502926424145697 -0.16921711713075635 -0.17055422812700269 -0.29062251746654505 0.46638567745685583 -0.084236443042755113 -0.10267113149166106 -0.46769925951957697 0.073834784328937544 -0.0040616221958771339 0.28958047926425939 -0.031148831360042092 0.014332414604723455 -0.029603074304759499 0.16796540468931201 -0.025610807351768013 0.17429582029581073 -0.05753726698458194 -0.041069302707910531 0.078328154981136336 0.46732954680919653 0.71351563930511486 -0.39907357096672053 -0.11396680027246474 0.29894857108592993 0.52425971627235424 0.36197248101234442 0.68520119786262523 -0.10777728632092475 -0.0087988693267106993 0.038231937214732177 0.15895330905914309 0.011638669762760403 -0.082096476107835756 0.6557944416999818 0.036865694448351867 0.29405258595943456 0.043716149404644973 0.29256880283355718 0.44460226595401769 0.23696805536746982 -0.16922470182180402 -0.086279422044754014 -0.11198450252413748 -0.1291033327579498 0.051351286470890052 -0.069036692380905137 -0.025904428213834759 -0.06941881030797957 0.20473831892013553 -0.11074730753898619 0.12575373798608783 0.19220368564128879 -0.38433372974395746 0.12765693664550784 0.76710885763168346 -0.36954462528228754 0.0048894539941102275 -0.21911376714706418 -0.079225353896617876 -0.0041329428786411873 -0.024721689522266384 -0.11827359348535536 0.13463198393583301
decision_type=2 2 2 2 2 2 2 2 2 2 2 2 2 2 2 2 2 2 2 2 2 2 2 2 2 2 2 2 2 2 2 2 2 2 2 2 2 2 2 2 2 2 2 2 2 2 2 2 2 2 2 2 2 2 2 2 2 2 2 2 2 2 2 2 2 2 2 2 2 2 2 2 2 2 2 2 2 2 2 2 2 2 2 2 2 2 2 2 2 2 2 2 2 2 2 2 2 2 2 2 2 2 2 2 2 2 2 2 2 2 2 2 2 2 2 2 2 2 2 2 2 2 2 2 2 2
left_child=1 4 -3 8 5 16 7 83 9 10 15 23 14 -5 52 -4 59 56 58 20 21 22 65 -10 -8 -26 27 -9 -17 -27 33 34 -33 -31 43 36 37 39 57 -36 42 -42 -37 45 122 46 51 -47 49 -48 -51 -32 -13 70 92 -56 -14 -39 116 -1 -38 -59 -53 -60 -58 66 115 -67 -25 -35 72 -72 73 -54 75 80 77 78 -77 -80 107 -82 -83 -7 -61 87 88 -2 -87 90 91 -90 -30 -75 97 -96 -97 -15 -99 -76 101 102 -101 -102 106 -106 -105 108 109 -19 -110 113 -113 -111 -6 -20 117 125 120 -120 -118 -121 -45 -124 -112 -11
right_child=85 2 3 13 114 6 24 26 11 18 -12 12 17 94 -16 28 -18 74 19 -21 -22 -23 -24 68 25 29 -28 -29 54 30 31 32 -34 69 35 40 60 38 -40 -41 41 -43 -44 44 -46 47 48 -49 -50 50 -52 62 53 -55 55 -57 64 61 63 84 -62 -63 -64 -65 -66 67 -68 -69 -70 -71 71 -73 -74 93 99 76 -78 -79 79 -81 81 82 -84 -85 -86 86 -88 -89 89 -91 -92 -93 -94 -95 95 96 -98 98 -100 100 103 -103 -104 104 105 -107 -108 -109 110 111 124 112 -114 -115 -116 -117 118 -119 119 121 -122 -123 123 -125 -126 -127
leaf_value=-0.0015285405742207197 -0.0082087567000926082 0.0088120508098109979 -0.011592101358189572 0.019273218287447325 0.010482304256220496 0.015929362531046012 -0.014723120482287884 0.011613096208439814 0.0011739557984917761 -0.0027162388922271361 -0.015463344000624407 -0.011284999138069426 0.013152820626303685 0.0097880237602793099 -0.010824931203909543 -0.011100673015409951 0.0019397599053706848 -0.0072163241200027938 0.023311240664122112 -0.013020553145370897 -0.011078706762215415 -0.0088784649972477279 -0.0053164667455560255 -0.015077326078818209 0.011976471593604744 -0.011649998190110854 -0.0026413165158304022 -0.0073457132726809597 0.0042565913658051315 -0.010482808931900437 -0.0055361551117599356 0.018179172241766298 0.00080933899446452629 -0.0021588504540975533 -0.019694258514715582 -0.0039541382253447943 -0.01400661959244915 0.0046478055688533521 0.009804190081119879 0.0023261475012422012 -0.021329655270196118 -0.0042132230955238712 0.015521701371123992 -0.0096464491554621931 -0.019970230869807301 0.0054464679039208973 -0.013789724940881026 -0.011090159184518117 -0.019674617357316432 0.007839318115498985 -0.006936528632187469 0.01005971851127919 -0.0093402404993776708 0.013816837272533822 0.017181078242714164 0.00027496597997011055 0.015453988646142688 -0.014508104693308193 -0.0071391106656560517 -0.022749529687673988 0.0019622361109601465 0.0020844243458645164 0.00070706389935847849 0.0027286167826950391 0.000684798703322365 0.017089054475961235 -0.004208779559165314 0.0030903517194391873 -0.0033044912716500398 0.0026053040479431522 0.010887808752345809 -0.0022170874339153988 0.0100678721927759 0.0020150999761361214 -0.0089544772822775804 0.013053622145131815 -0.0034389977637539252 0.01933265656321638 -0.0072567114084486784 0.0081498574530033622 0.0084455671151180169 -0.0032058409628551933 0.010699138343506925 0.0014219224390136897 -0.0083045819349682002 0.0060582027655546739 -0.017686867367235147 0.01059494372513259 0.0049472451509723625 0.0060222003329459938 -0.0127132454090147 -0.010921051566741325 -0.0096708655820772638 -0.010192419889490023 0.018812086214917766 0.013339163365322204 -0.0049273157606525095 -0.015624334822440987 0.0039130298988533669 0.0079894653411085852 0.0076921016596153474 -0.011285276094966969 -0.0089942885560041607 0.00075009584570150621 -0.0066356677249921744 0.0089461538485038749 -0.012016037227038638 0.0098991553769582248 0.0064351131158792022 0.0054586225450592909 0.00021869979357219335 0.010848503892046227 -0.0068704848474589741 0.018941121813988802 0.00018536465464922023 0.010087420131479508 0.0012135272521155071 -0.011587655645343106 0.0031661862234679773 0.00094898256776491919 0.018998749989581596 -0.010447916865439139 -0.010523937514264581 0.0011450406030324078 -0.014236397348860003 0.001803682021867541
leaf_weight=277 270 1580 615 374 847 605 303 730 1332 10602 760 352 1007 257 618 333 351 256 316 307 368 312 524 511 341 472 1662 253 428 521 787 273 2102 2557 266 341 431 465 1917 292 290 2269 272 1740 319 251 561 1176 261 645 624 833 995 355 328 327 253 427 500 464 292 255 1343 5155 937 281 267 4139 806 7171 689 747 313 1144 422 828 338 539 416 469 812 3058 362 303 363 287 446 320 470 265 1184 449 406 355 347 255 301 253 253 2125 397 258 287 380 341 424 842 1130 461 425 358 290 319 514 677 860 351 493 2198 515 260 731 519 1054 384 2323
leaf_count=277 270 1580 615 374 847 605 303 730 1332 10602 760 352 1007 257 618 333 351 256 316 307 368 312 524 511 341 472 1662 253 428 521 787 273 2102 2557 266 341 431 465 1917 292 290 2269 272 1740 319 251 561 1176 261 645 624 833 995 355 328 327 253 427 500 464 292 255 1343 5155 937 281 267 4139 806 7171 689 747 313 1144 422 828 338 539 416 469 812 3058 362 303 363 287 446 320 470 265 1184 449 406 355 347 255 301 253 253 2125 397 258 287 380 341 424 842 1130 461 425 358 290 319 514 677 860 351 493 2198 515 260 731 519 1054 384 2323
internal_value=1.78725e-05 0.000224541 0.000943513 0.000744068 -0.00099177 -0.001283 -0.000953014 0.00346013 0.000514914 -0.000439089 -0.00594477 0.0017135 0.00226702 0.00752154 -0.00132471 -0.00295612 -0.00916811 0.00334235 0.000137223 0.00254575 0.00323122 0.00402625 0.00466544 -0.0033272 -0.00145414 -0.00132269 0.000814182 0.00668142 -1.23939e-05 -0.00147225 -0.00131158 -0.00236542 0.00283154 0.000742104 -0.00306788 -0.00101263 0.00121625 0.00297025 0.00500547 -0.00811313 -0.00407467 -0.00617934 0.00463623 -0.00459207 -0.007571 -0.00291646 -0.00143098 -0.00814484 -0.00584787 -0.00384207 0.000544096 0.00167682 -0.000128613 0.000723416 0.00245967 0.00879767 0.00814607 -0.00298294 -0.000629393 -0.0127422 -0.00750236 -0.00824877 0.00430602 0.00184705 0.00387577 0.00556581 0.0103443 0.00399534 -0.00790565 0.00134921 -0.000370415 0.00404863 -0.00264489 -0.00426314 0.00269744 0.00382852 0.00806751 0.00981645 0.00678858 0.000875944 0.00251149 0.000228636 -0.0017173 0.0111193 -0.0164637 -0.00568498 -0.00714646 0.00191887 -0.00535339 -0.00675638 -0.00839096 -0.00278 -0.00248223 -0.000866072 0.00485013 0.00938415 0.00341462 -0.000480872 -0.00579336 0.000427493 0.00122065 0.00425717 0.00594527 -0.00216612 -0.00416166 0.00194741 -0.008015 0.00483765 0.00292106 0.00618807 -0.00195192 0.00843953 0.00153002 0.0128827 0.0059284 0.0136913 -0.00143299 -0.002261 0.00129786 -3.59265e-05 0.00885017 -0.00570806 -0.00635782 -0.00269378 -0.00722035 -0.00190101
internal_weight=105761 102070 64168 62588 37902 36378 34923 3553 60548 33699 3197 26849 24200 2040 5568 2437 1455 18632 30502 7374 7067 6699 6387 2649 31370 31067 2645 983 1822 30726 30254 20005 2375 10249 17630 7517 4345 3622 3064 558 3172 2559 613 10113 3632 6481 5054 1427 2091 1830 1269 2963 4950 4598 1489 655 2197 1147 23128 1104 723 682 2176 5655 1190 5863 1443 4420 1317 9728 4243 1436 2807 2494 16435 10959 2590 2252 1713 885 8369 4232 3420 908 827 3691 3101 590 2655 2368 2103 919 834 1499 1666 903 556 763 506 5476 5054 2670 2412 2384 1987 765 1222 4137 3007 1804 1203 1548 609 939 1524 1176 17473 13418 4055 3444 611 1246 3313 1573 742 12925
internal_count=105761 102070 64168 62588 37902 36378 34923 3553 60548 33699 3197 26849 24200 2040 5568 2437 1455 18632 30502 7374 7067 6699 6387 2649 31370 31067 2645 983 1822 30726 30254 20005 2375 10249 17630 7517 4345 3622 3064 558 3172 2559 613 10113 3632 6481 5054 1427 2091 1830 1269 2963 4950 4598 1489 655 2197 1147 23128 1104 723 682 2176 5655 1190 5863 1443 4420 1317 9728 4243 1436 2807 2494 16435 10959 2590 2252 1713 885 8369 4232 3420 908 827 3691 3101 590 2655 2368 2103 919 834 1499 1666 903 556 763 506 5476 5054 2670 2412 2384 1987 765 1222 4137 3007 1804 1203 1548 609 939 1524 1176 17473 13418 4055 3444 611 1246 3313 1573 742 12925
is_linear=0
shrinkage=0.0667171


Tree=5
num_leaves=127
num_cat=0
split_feature=153 105 107 0 16 11 73 97 95 201 95 18 168 164 92 61 9 73 0 10 201 7 11 66 18 17 19 171 22 18 92 14 10 3 180 18 95 92 17 0 73 182 97 19 16 81 4 82 9 157 3 165 19 104 182 19 18 37 201 36 4 111 17 97 18 92 17 18 105 0 94 105 17 95 162 18 16 5 1 30 182 198 165 12 10 18 8 40 14 104 80 10 183 19 4 163 18 151 4 154 82 198 80 4 97 10 61 12 171 95 36 201 92 80 12 162 163 152 92 19 19 195 10 14 80 104
split_gain=26.4907 18.7449 17.1312 15.1148 13.0832 13.5341 15.3055 13.0322 15.5641 14.0735 11.7544 11.2514 10.9852 11.2351 11.1137 10.1376 10.4231 9.89311 9.76293 10.106 12.9943 9.53143 9.11433 12.814 9.08763 19.6251 13.1868 11.4757 9.92507 9.87659 11.5677 16.4647 9.67103 8.79998 8.78752 12.0883 10.2927 8.55706 8.42952 9.18377 9.08736 8.40807 8.18296 12.1693 8.55888 9.5749 8.63674 8.05127 15.7565 7.81444 11.7132 11.1858 9.28222 7.74968 7.68171 8.79399 7.65083 7.56729 7.56067 7.53222 9.14258 8.33742 7.53012 8.65589 7.44548 7.42498 8.72918 8.35307 7.37681 7.18011 7.174 7.14297 7.13661 7.1083 7.0917 12.109 7.08979 8.25806 7.63034 7.28188 7.06983 7.04149 8.07606 6.95383 11.7304 9.58602 6.92417 6.72523 6.56293 6.56213 6.5347 7.23375 6.59265 6.52725 6.36877 6.5778 6.23631 6.22455 7.80295 6.18083 6.13414 6.11227 6.09818 6.08092 9.52421 6.03817 8.04983 9.31984 7.4042 9.70485 6.69907 6.60354 8.00958 6.21088 13.6943 6.84825 5.96235 5.93219 5.90824 5.90213 6.55192 5.829 5.80027 9.50228 7.49476 6.08141
threshold=0.52863740921020519 0.38103614747524267 -0.079461157321929918 0.34801135957241064 0.3279817551374436 -0.086304593831300722 -0.093427989631891237 -0.086819048970937715 -0.12718959897756574 -0.69461253285408009 0.10863235592842103 -0.1090719811618328 0.008431398309767248 0.68520119786262523 0.024635079316794876 0.12326169386506082 -0.17068532109260556 0.49158905446529394 0.018465909175574783 0.75482171773910534 -0.22169232368469236 -0.10752833634614943 -0.33155247569084162 -0.1250912547111511 0.12685234844684604 0.48694901168346411 -0.07020778581500052 -0.018538901582360264 0.092705003917217269 0.084646522998809828 0.0042753648012876519 -0.062492558732628815 -0.086833003908395753 0.3262240737676621 0.12205237895250322 -0.22151045501232144 -0.22989289462566373 -0.19770786166191098 0.5527791976928712 -0.092329546809196458 0.043373275548219688 -0.14539822936058042 0.26070956885814672 -0.071167375892400728 -0.19012005627155301 0.028127124533057216 -0.42501027882099146 0.39740806818008428 0.049896018579602248 0.066597923636436476 0.46854946017265325 -0.02187321241945028 0.081120450049638762 -0.086617860943078981 0.0025851723039522771 0.25103731453418737 -0.1739988103508949 -0.10675416141748427 0.14660277962684634 0.62323942780494701 0.17912877351045611 -0.89511823654174794 -0.1488099470734596 0.13260255753993991 0.22423640638589862 -0.24194974452257154 -0.17088516056537625 0.052002390846610076 0.039515085518360145 0.23437500000000003 0.071436677128076567 0.13159993290901187 -0.045121161267161362 -0.19747184962034223 -0.24220019578933713 0.29585492610931402 0.36394052207469946 -1.0000000180025095e-35 -0.078124999999999986 -0.0043480873573571435 -0.071761418133974061 0.26224918663501745 0.20771836489439013 -0.038345735520124428 0.1033037379384041 0.19457418471574786 -0.079103119671344743 -0.00053731343359686423 0.32737351953983312 0.21746960282325747 -0.13931924849748609 0.026561015285551551 -0.66781935095787037 0.41526569426059728 0.4457684606313706 0.070804961025714888 0.10021138936281206 -0.38589502871036524 -0.028517822735011574 -0.28112334012985224 0.17687616497278216 -0.047703592106699937 0.7877873182296754 -0.4294768869876861 -0.083623889833688722 0.38781966269016271 0.38621997833251959 -0.094441901892423616 0.6771012842655183 0.12200894951820375 -0.14436619728803632 0.064324498176574721 -0.21503178030252454 -0.12448826432228087 0.051682885736227042 0.1789028272032738 0.079176954925060286 -0.13249371200799939 0.36776985228061682 0.10090734437108041 0.011716746259480717 -0.033234806731343262 -0.18836670368909833 -0.093742560595273958 -0.15545989573001859 -0.006971553433686494
decision_type=2 2 2 2 2 2 2 2 2 2 2 2 2 2 2 2 2 2 2 2 2 2 2 2 2 2 2 2 2 2 2 2 2 2 2 2 2 2 2 2 2 2 2 2 2 2 2 2 2 2 2 2 2 2 2 2 2 2 2 2 2 2 2 2 2 2 2 2 2 2 2 2 2 2 2 2 2 2 2 2 2 2 2 2 2 2 2 2 2 2 2 2 2 2 2 2 2 2 2 2 2 2 2 2 2 2 2 2 2 2 2 2 2 2 2 2 2 2 2 2 2 2 2 2 2 2
left_child=1 2 59 38 5 7 15 8 21 72 56 -5 83 14 87 16 -7 22 19 20 -17 -4 34 62 25 29 53 -26 37 49 31 -31 -32 86 36 -36 -11 69 39 40 57 -18 43 94 100 46 -46 48 -22 50 65 52 73 -27 93 81 -6 -3 -19 61 -61 -1 -24 80 90 66 -8 102 -68 -29 -10 -30 -9 -52 -41 76 77 -76 -79 -78 -64 82 103 85 -85 -2 -28 -14 -82 -12 -38 -92 -93 -51 95 -25 -43 -37 -99 -39 -45 -16 122 104 -56 108 110 -108 109 -63 -107 112 -111 -113 -115 -116 -55 -65 -59 120 -114 -109 123 -67 -124 -126
right_child=12 3 4 11 10 6 24 9 70 17 89 -13 13 -15 101 18 41 58 -20 -21 47 -23 23 42 27 26 33 28 71 30 32 -33 -34 -35 35 97 64 99 -40 74 -42 96 -44 44 45 -47 -48 -49 -50 54 51 -53 -54 116 55 -57 -58 118 -60 60 -62 105 63 117 -66 67 68 -69 -70 -71 -72 -73 -74 -75 75 -77 79 78 -80 -81 88 -83 -84 84 -86 -87 -88 -89 -90 -91 91 92 -94 -95 -96 -97 -98 98 -100 -101 -102 -103 -104 -105 -106 106 107 121 -110 111 -112 113 119 114 115 -117 -118 -119 -120 -121 -122 -123 124 -125 125 -127
leaf_value=0.0077770176921729316 -0.0046156222517380295 0.010943261594381597 -0.0026348237469307001 -0.011406877166921188 -0.0057007342966598042 -0.0096013574094674821 -0.013085604603591438 -0.012312578009394842 -0.00060041643291000655 -0.012682595255936093 -0.011076167261068345 0.0027383650904289733 -0.012686313522005901 0.0026919656818146223 -0.023490269809898909 -0.0031191590522446581 0.010190032537064223 -0.0014315601898951789 0.019152338063882387 -0.0021384573533085706 0.01934386160606652 -0.014595925277533154 -6.2391934752688982e-05 -0.0018841575644411481 0.0041859460978975896 0.0065573058166102198 -0.0060197239647506711 -0.0095659960508528551 -0.0023447028670260345 -0.01921323563647544 0.012459470920565536 -0.0026229525543827893 -0.0037327408640751352 -0.0031976165683807525 0.017465511734652609 -0.0022642990209661745 0.010101937393243632 -0.0043991523677593056 -0.0067337178184355912 -0.0012632072522855793 -0.008124624911757786 -0.0031299682992106891 -0.0037474795530521997 0.014607030774760556 0.016402222401507682 -0.0034288282997101609 0.0029710581243327723 0.0022782856346188515 0.0023952904268409844 9.3912475563160742e-05 -0.0036759462127549428 -0.013456185899064589 -0.010771902322543721 -0.0020549683889912762 -0.0011341407818132514 -0.014292256866837147 0.0042020361417010859 0.00023359126158720338 -0.017804212829926083 -0.00016404312286596315 -0.015490856678920462 0.0023663842483721484 0.0051455690585356928 -0.0060715527362773525 0.0093437378117461941 0.0021281535087021284 -0.0044026120353713831 0.010233812735439846 0.0088375562453301779 0.0039717348922343439 -0.0074477684903352936 -0.013782037586817081 0.00016513484711085794 0.01057172425621174 0.018436425088283286 0.019433180290318135 0.011179328138429576 0.0012516053643314544 0.015714914385314801 -0.00068304887515102425 -0.0081904579843201878 0.007783847262472411 -0.013336029647377658 -0.015318229103824408 -0.00047473159538298374 0.0092133656169051635 -0.019341245046158199 0.001464088907271451 0.0026710214018274307 -0.0018349198626872757 -0.00676432851548268 -0.0085425724323300832 0.0013261490355410341 0.010813346139425629 0.0056022017154216622 -0.012870587796255297 0.0086506748410303969 0.0015028338954955053 0.012276097968460468 0.0048878707079013511 0.0018608969780625818 -0.011775615268335935 0.012369272207280121 -8.814080739763278e-05 -0.017788377079359895 0.0017256826177614697 -0.0073500358870035587 0.013015141312143347 0.0087990556139718006 -0.0098630492240478779 -0.0081611073903308309 0.0073466931780451173 -0.00091781260752759068 -0.0078296921089455584 0.0010266199507460421 0.012810588793875517 -0.011345018288464299 -0.016710808670455858 0.0089068494560163303 -0.0052783441612427396 0.0057217032555573677 0.0020066585767338969 -0.0069299958193208425 0.013552814049946531 0.0049182803753854828 7.7539731218266605e-05
leaf_weight=904 439 546 446 478 630 377 268 688 2687 262 1242 513 259 281 349 382 467 257 250 602 714 923 1184 758 4242 357 265 459 2110 422 253 727 450 432 302 629 271 362 264 319 305 869 1533 514 266 825 1075 391 376 2750 271 404 253 1391 396 306 765 1640 250 547 253 16758 326 469 414 1016 470 687 306 273 915 274 280 351 404 427 334 464 251 710 1068 268 323 365 677 444 552 337 314 483 697 323 3882 276 286 360 256 758 500 2362 257 509 268 1782 250 428 385 275 620 470 1003 810 3999 593 671 328 397 491 444 1079 789 978 466 479 1843 3123
leaf_count=904 439 546 446 478 630 377 268 688 2687 262 1242 513 259 281 349 382 467 257 250 602 714 923 1184 758 4242 357 265 459 2110 422 253 727 450 432 302 629 271 362 264 319 305 869 1533 514 266 825 1075 391 376 2750 271 404 253 1391 396 306 765 1640 250 547 253 16758 326 469 414 1016 470 687 306 273 915 274 280 351 404 427 334 464 251 710 1068 268 323 365 677 444 552 337 314 483 697 323 3882 276 286 360 256 758 500 2362 257 509 268 1782 250 428 385 275 620 470 1003 810 3999 593 671 328 397 491 444 1079 789 978 466 479 1843 3123
internal_value=5.68947e-05 0.000257562 9.5429e-06 0.00356353 -0.000613712 -0.000396781 0.000412548 -0.00162054 -0.00466624 -0.000831568 -0.00482602 -0.00404923 -0.00551697 -0.0093699 -0.0117335 0.00397262 0.000312242 -0.000414022 0.00661534 0.00531818 0.00774741 -0.0107217 -0.000149523 -0.00152483 -0.000109606 -0.000876506 -0.00553593 0.00154525 -0.000367461 -1.51393e-05 -0.0046333 -0.00875891 0.00205553 -0.0109868 0.00151043 0.00511413 0.000155167 0.00190935 0.00480627 0.00533666 0.00268582 0.00268867 0.00043066 0.00191552 0.00436161 0.00219255 0.00567569 0.0105801 0.0135293 0.000500041 0.00164482 -0.00430936 -3.67496e-05 -0.00234323 -0.00133395 -0.00354889 -0.000251332 0.00395792 -0.00957537 0.00129981 -0.00506756 0.00147065 -0.00451476 -0.00647926 0.000767683 0.00250288 -0.00275967 0.00320516 0.000780154 -0.00446007 -0.00235253 -0.00368173 -0.00865967 0.00430568 0.00799772 0.00915544 0.00709825 0.0107932 0.00640516 0.00309646 -0.00360006 -0.00244125 -0.00345539 -0.00202608 -0.00571839 0.00229844 -0.0150652 -0.00465741 -0.00569259 -0.00850647 7.1488e-05 -0.000480627 0.000555734 0.00108861 -0.00317409 -0.00546294 -0.000404889 0.00310637 0.00581833 0.00363694 0.0103975 -0.0166021 0.00252704 -0.00211822 -0.00764875 0.00127366 -0.00151882 0.00165628 0.00160323 0.00142627 -0.00517648 -0.000372671 -0.00150512 0.00259886 0.000158982 0.00493881 -0.00414437 -0.0115561 0.00210473 -0.000826911 0.000171201 0.00446202 0.00213791 0.00581904 0.00111703 0.00188161
internal_weight=105547 101887 94788 7099 63898 60778 36568 24210 4971 19239 3120 991 3660 1735 1454 4684 1969 18271 2715 2465 1863 1369 17764 9726 31884 21802 3394 10082 5840 18408 1852 1149 703 1249 8038 2189 5849 3456 6108 5844 2935 1592 5874 4341 2937 2166 1341 1481 1090 16556 10205 1279 875 2145 6351 3325 1395 2630 507 30890 800 30090 3852 2668 5587 8926 1044 7882 776 732 3602 2384 968 622 2909 2590 2163 1119 715 1044 1708 3019 2751 1925 1042 883 817 596 1382 1725 5173 4902 4205 3026 1404 1118 1125 1887 1258 2724 771 858 7195 2428 646 29186 3069 1638 26117 25497 1431 8739 6337 2402 1592 999 1788 960 2084 5867 4788 1253 6927 1495 5432 4966
internal_count=105547 101887 94788 7099 63898 60778 36568 24210 4971 19239 3120 991 3660 1735 1454 4684 1969 18271 2715 2465 1863 1369 17764 9726 31884 21802 3394 10082 5840 18408 1852 1149 703 1249 8038 2189 5849 3456 6108 5844 2935 1592 5874 4341 2937 2166 1341 1481 1090 16556 10205 1279 875 2145 6351 3325 1395 2630 507 30890 800 30090 3852 2668 5587 8926 1044 7882 776 732 3602 2384 968 622 2909 2590 2163 1119 715 1044 1708 3019 2751 1925 1042 883 817 596 1382 1725 5173 4902 4205 3026 1404 1118 1125 1887 1258 2724 771 858 7195 2428 646 29186 3069 1638 26117 25497 1431 8739 6337 2402 1592 999 1788 960 2084 5867 4788 1253 6927 1495 5432 4966
is_linear=0
shrinkage=0.0667171


Tree=6
num_leaves=127
num_cat=0
split_feature=153 11 73 20 183 92 96 95 18 33 0 16 73 4 15 92 95 12 105 62 9 18 164 84 11 12 21 151 18 21 152 18 14 33 0 105 92 33 18 84 96 3 61 12 10 95 19 181 97 162 0 4 19 14 3 20 20 99 151 12 33 157 10 20 20 171 9 85 95 20 11 73 152 65 95 18 149 81 96 199 199 12 99 170 99 99 99 199 33 4 61 74 95 164 10 4 66 18 3 11 84 163 11 3 9 19 12 74 74 4 61 12 95 20 33 95 0 30 33 10 165 16 105 102 18 80
split_gain=22.8384 17.611 19.522 19.8618 14.3721 16.6981 15.0554 15.144 14.2831 22.2237 27.322 17.0965 15.9701 15.3594 14.1938 19.2308 13.9115 13.577 13.2168 14.3253 16.9653 13.0982 12.9186 13.4153 15.8724 11.5932 11.5089 11.199 11.0536 12.5189 12.0826 11.0477 25.0299 14.0474 12.3515 12.852 16.9094 14.1456 21.3447 14.4568 12.3764 12.3659 16.2398 13.5353 17.3229 12.0179 14.1547 12.0652 11.6496 11.6388 11.4257 11.1451 10.6991 14.0529 11.2237 14.2561 14.7687 10.5951 16.8838 10.578 11.1017 10.5491 10.3601 14.2655 11.6969 10.2085 10.0598 10.3364 9.92453 9.88934 14.7127 12.1872 17.438 13.0341 11.8131 10.8498 11.1602 10.7453 9.85626 9.71903 9.70307 9.68789 9.37719 11.6874 10.9509 9.36686 15.7823 10.8629 10.2599 9.74545 9.35286 9.28824 9.21819 9.19492 9.06562 9.03332 9.81514 8.96943 10.1734 20.3447 8.96294 8.95388 9.6342 9.32173 9.77183 8.90662 11.5777 8.9023 14.5718 11.0121 8.61976 8.60402 8.87652 8.57068 8.56222 8.4504 11.7473 11.5509 10.6311 10.6015 9.79813 10.2788 10.9526 13.9543 12.744 12.0156
threshold=0.52863740921020519 -0.078412979841232286 -0.54161217808723439 0.45837846398353582 -0.59283438324928273 -0.0041679795831441871 -0.0094616049900650961 -0.12718959897756574 0.038896562531590469 0.48591691255569464 0.47585226595401769 0.29252859950065618 -0.10717562213540076 -0.49976514279842371 -0.10768461599946021 -0.22934997081756589 0.23549225181341174 -0.19741270691156385 0.047869203612208373 -0.040483701974153512 0.07790276408195497 0.29585492610931402 0.0013049046392552557 0.15961989760398868 0.053283227607607848 -0.11712650209665297 0.50832301378250133 -0.018832346424460408 -0.079553481191396699 0.2009820491075516 0.11709859594702722 -0.22151045501232144 0.55366814136505138 -0.16898983716964719 0.48721592128276831 -1.079591631889343 0.43002824485301977 -0.065089240670204149 1.0000000180025095e-35 0.19295962899923327 0.27696563303470617 0.22420950233936313 0.048672566190361984 -0.002558672102168202 0.24706394225358966 0.43583890795707708 -0.06963141635060309 0.42667381465435034 0.22866573929786685 0.15758124738931659 0.32528407871723181 0.39791251718997961 -0.18869853019714353 0.12500744313001635 -0.093194048851728425 -0.0048891990445554248 -0.042951103299856179 -0.004768585553392767 0.010513168293982746 -0.11396680027246474 0.31544941663742071 0.18307486921548846 -0.18633779883384702 -0.11622849851846694 0.02531452011317015 -0.31386198103427881 -0.48939713835716242 -0.089365698397159563 0.064725585281848921 -0.099021356552839265 0.038037383928895004 -0.07155244797468184 0.059073790907859809 -0.16296644508838651 -0.21340174227952954 -0.30736744403839106 0.17627988755702975 0.034576557576656348 0.47261397540569311 0.0941462777554989 0.04797488451004029 0.046651402488350875 0.19472330808639529 -0.0073319680523127309 0.07924197614192964 0.073834784328937544 0.27288335561752325 -0.20432566851377484 0.51977452635765087 -0.20984914898872373 0.21554993838071826 0.5703837275505067 0.061675427481532104 -0.064466398209333406 -0.17881529033184049 0.27317175269126898 -0.28392733633518213 -0.58566099405288685 0.16406177729368213 -0.28974381089210505 -0.30138684809207911 0.54573535919189464 -0.023221236653625962 -0.38928070664405817 -0.061290523037314408 -0.1291033327579498 -0.32738980650901789 -0.036470264196395867 -0.1143406108021736 0.10111001133918764 -0.072692792862653718 -0.14218660444021222 -0.14806338399648664 0.053381266072392471 0.60906362533569347 -0.24697326123714444 -0.33664773404598231 -0.05994084104895591 -0.32166121900081629 0.29888001084327703 -0.26721966266632075 0.15763714909553531 0.062183173373341567 0.15859954804182055 0.34339863061904913 -0.10596860945224761
decision_type=2 2 2 2 2 2 2 2 2 2 2 2 2 2 2 2 2 2 2 2 2 2 2 2 2 2 2 2 2 2 2 2 2 2 2 2 2 2 2 2 2 2 2 2 2 2 2 2 2 2 2 2 2 2 2 2 2 2 2 2 2 2 2 2 2 2 2 2 2 2 2 2 2 2 2 2 2 2 2 2 2 2 2 2 2 2 2 2 2 2 2 2 2 2 2 2 2 2 2 2 2 2 2 2 2 2 2 2 2 2 2 2 2 2 2 2 2 2 2 2 2 2 2 2 2 2
left_child=1 4 27 8 5 -1 7 17 9 11 107 22 -10 -13 21 25 65 -6 19 52 79 85 23 28 -25 -16 -5 -3 69 30 62 32 33 -8 35 -33 37 40 41 48 45 42 -39 -43 -45 46 92 82 -40 -34 -47 95 -9 -54 55 56 -55 -19 -59 91 -61 100 -30 81 -65 -15 -38 -68 -56 70 -4 73 74 -71 -73 -74 -77 -72 -53 -21 -36 -64 84 -84 -48 87 -87 -14 89 94 -44 -2 -37 -35 -89 96 -42 -95 99 -99 -20 102 -24 104 -104 106 -91 108 109 -11 -18 -26 -113 -76 -90 117 -117 -17 119 -118 -120 122 123 124 125 -122
right_child=59 2 3 26 6 -7 31 18 12 10 -12 13 14 16 15 115 110 57 61 20 -22 -23 101 24 111 -27 -28 -29 29 -31 -32 34 49 93 80 36 66 38 39 -41 51 43 90 44 -46 50 47 -49 -50 -51 -52 78 53 54 68 -57 -58 58 -60 60 -62 -63 63 64 -66 -67 67 -69 -70 71 77 72 75 -75 113 76 -78 -79 -80 -81 -82 -83 83 -85 -86 86 -88 88 114 105 -92 -93 -94 97 -96 -97 -98 98 -100 -101 -102 -103 103 -105 -106 -107 -108 -109 -110 -111 -112 112 -114 -115 -116 116 118 -119 120 -121 121 -123 -124 -125 -126 -127
leaf_value=0.0063554450670169644 -0.0054013290159076813 0.011766920419341019 0.0075440196190793814 0.018363853039266534 -0.00200821809674364 -0.0082768168422737848 0.0092987863469971913 0.0040512725685601979 0.010386586154988595 -0.010747492246131082 -0.025436654238738025 0.011798519503724937 -0.013035982125740697 0.010130325155842152 -0.0097971201584747362 0.020029255168342544 -0.0028783566177983258 -0.016089840024667287 -0.015843120328600295 0.011939139914316461 -0.0087809689533049368 -0.010888219675227458 0.0038226511317679015 0.00081747308113028824 0.020193711035369936 1.4777224163324522e-05 0.0049255222527377733 -0.00065940267532258508 0.0077182807405910912 -0.014487542962113553 0.0062492748401977681 -0.0093879620236482133 0.0074580020518105559 0.0058080783247985296 0.013128613566568031 0.0020024682923470353 0.011766481412017672 -0.0030325113684171122 0.006183669595480514 -0.0064533440022407256 0.0058152734763889449 -0.01330821876250211 -0.019431032911732697 0.017447288057724029 -0.0060231915737617991 0.018437463437636442 0.0037489377886960901 -0.010916117513727279 -0.0077402711502257528 0.023375947880284145 0.00078924252570342361 -0.018882588680552887 -0.0086640397173477334 0.0037715491714924404 0.0001073786814102681 0.0054711937810785274 -0.017163280091492147 0.0010666659698172654 -0.015930648278030316 -0.0051253874789657242 -0.01706851819638398 0.0012173649988238581 0.0070164168205196567 -0.019635342382196115 -0.0049759592191953791 -0.0036938210772481514 -0.002816524688130013 0.007383788314111653 -0.018180131556518216 -0.0032793437756230563 -0.012885013355239545 -0.0097611204042511255 -0.0029568991171194676 0.013587943719860362 0.0066359201217131014 0.014013130387060996 0.0022538712397262872 0.00014104281990128816 -0.0017703041190995385 0.00064653133396865231 0.00031185792866445574 -0.0070033648731560533 -0.0041873389005385071 0.005908725767351089 0.015500103782567939 0.0080751368782585372 -0.0083203505653055374 0.012757181856821306 0.015313772715623883 0.00017139596364064579 -0.0065366880452068041 0.011078443387745824 -0.013909275703574182 -0.013736104621536335 -0.0015964414627592893 0.0077789552900307674 -0.0044746127246311418 -0.0089393837504647741 -0.0080997339971166649 0.013817419933701851 -0.0049837467331523807 0.0066694032624851716 0.006506341776805113 -0.0035311885838046537 -0.0020021463609534132 -0.001581639024614672 -0.017211444634538497 -0.0051357927641589984 0.0061127515185548592 0.0054651345752721927 -0.015945030562597284 1.9101672863184436e-05 0.011371348234252406 -0.0055028044389967149 -0.0012469272876300314 -0.0084109775291130624 0.016748181492652135 0.0050263529379365865 0.01479496225577405 -0.00015789254512715663 0.0073398532679890254 -5.8304647764797825e-05 0.0068212458879856859 -0.0097187499380748874 -0.0074919507031153357 0.00023291161514671176
leaf_weight=412 294 1132 526 342 1977 2056 661 1313 901 600 255 259 373 261 835 259 347 753 426 1087 300 601 1436 1393 324 1466 1688 442 336 312 850 702 531 530 537 263 688 766 1553 908 516 262 836 261 292 387 1023 255 318 340 286 312 1267 293 260 1519 297 645 428 2690 399 956 537 370 718 2300 885 872 256 251 524 627 396 980 640 911 603 593 293 500 521 365 990 1044 545 1076 340 282 282 254 370 306 400 348 613 464 1974 309 593 392 1702 682 982 5892 1529 1037 486 3583 983 264 668 424 1061 428 262 431 455 1917 272 250 2219 5886 2976 430 478 2040
leaf_count=412 294 1132 526 342 1977 2056 661 1313 901 600 255 259 373 261 835 259 347 753 426 1087 300 601 1436 1393 324 1466 1688 442 336 312 850 702 531 530 537 263 688 766 1553 908 516 262 836 261 292 387 1023 255 318 340 286 312 1267 293 260 1519 297 645 428 2690 399 956 537 370 718 2300 885 872 256 251 524 627 396 980 640 911 603 593 293 500 521 365 990 1044 545 1076 340 282 282 254 370 306 400 348 613 464 1974 309 593 392 1702 682 982 5892 1529 1037 486 3583 983 264 668 424 1061 428 262 431 455 1917 272 250 2219 5886 2976 430 478 2040
internal_value=4.54884e-05 0.000232503 0.000918634 0.00073068 -0.000888491 -0.00581282 -0.000551625 -0.00226736 0.000509076 -0.000411076 -0.00420805 0.000372162 0.00166688 -0.00375678 0.00135696 0.00219241 -0.00490149 -0.00585956 -0.000921018 0.000660457 0.00563908 -0.00160435 0.00104231 0.00243527 0.00619288 -0.00353325 0.00721655 0.00825031 0.00122404 -0.00179707 -0.000532289 0.000526044 0.00385112 0.000797654 -0.000137353 -0.00056335 -0.000190684 -0.00106825 -0.00369789 0.000426505 0.000600588 -0.00782178 -0.0106789 -0.000872394 0.00499964 0.00268018 0.00143256 0.0029864 0.00378919 0.0137259 0.0109853 -0.00242356 -0.00113925 -0.00290093 -0.000103449 0.00204257 -0.00670885 -0.0100089 -0.00569958 -0.00510882 -0.00668718 -0.00456635 -0.00302807 -0.00486855 -0.0100074 -0.00226462 0.00493119 0.00223009 -0.00890538 0.00285567 -0.00159754 0.00437649 0.00240643 0.0101091 -0.00250173 0.00677764 0.00935376 -0.00594391 -0.0106552 0.00840104 0.00684923 0.00129484 0.00398718 0.000980106 0.00786306 -0.000479515 0.00410193 -0.00229758 -0.001035 -0.00274385 -0.0155048 0.0029394 -0.00753654 -0.00178194 0.00289957 -0.000721572 -0.00232405 -0.00425924 -0.00167114 0.00372918 -0.00718278 -0.00069805 -0.00121374 -0.00207936 0.00131297 -0.00560753 -0.0111944 -0.0031966 0.000547663 -0.00573989 -0.0115087 0.0103132 0.00811821 0.00173327 0.00727516 0.00294284 0.00239056 0.00684083 0.00270433 0.0106975 0.00230659 0.00205994 0.003595 0.00172924 0.00277945 0.00394423
internal_weight=105598 101909 63235 61661 38674 2468 36206 13979 59631 33210 5685 27525 26421 3835 25520 19914 3576 3803 10176 7092 1887 5606 23690 13169 3202 2301 2030 1574 9967 3488 3176 22227 3704 2833 18523 17465 16763 14318 5566 2779 8752 2787 1972 815 553 5193 4520 3857 1871 871 673 3559 5205 3892 2625 2109 590 1826 1073 3689 3089 3084 2326 1990 1088 2561 2445 1757 516 6479 1643 4836 3605 1231 1695 1910 1514 1117 605 1587 1058 902 3602 2034 1568 5005 1416 3589 3216 2672 1206 600 663 2172 895 2954 2490 1642 1294 701 2128 10521 9839 8403 2511 1777 740 5430 1847 864 1015 1809 1485 1068 544 17613 15437 2176 15006 705 14301 14029 8143 5167 4737 4259
internal_count=105598 101909 63235 61661 38674 2468 36206 13979 59631 33210 5685 27525 26421 3835 25520 19914 3576 3803 10176 7092 1887 5606 23690 13169 3202 2301 2030 1574 9967 3488 3176 22227 3704 2833 18523 17465 16763 14318 5566 2779 8752 2787 1972 815 553 5193 4520 3857 1871 871 673 3559 5205 3892 2625 2109 590 1826 1073 3689 3089 3084 2326 1990 1088 2561 2445 1757 516 6479 1643 4836 3605 1231 1695 1910 1514 1117 605 1587 1058 902 3602 2034 1568 5005 1416 3589 3216 2672 1206 600 663 2172 895 2954 2490 1642 1294 701 2128 10521 9839 8403 2511 1777 740 5430 1847 864 1015 1809 1485 1068 544 17613 15437 2176 15006 705 14301 14029 8143 5167 4737 4259
is_linear=0
shrinkage=0.0667171


Tree=7
num_leaves=127
num_cat=0
split_feature=152 105 161 201 16 21 11 12 11 165 18 18 4 12 21 95 104 182 170 18 201 11 79 155 36 21 73 62 7 0 5 92 201 102 164 80 99 21 99 12 79 12 104 159 148 36 99 82 22 163 31 73 95 18 81 179 33 80 10 95 84 73 84 95 24 107 10 97 3 4 85 82 84 21 156 82 18 163 95 12 21 73 11 201 3 46 110 138 148 80 0 104 12 33 181 197 185 11 92 162 16 104 104 15 164 201 15 21 13 46 74 101 99 73 24 84 18 170 16 73 150 36 10 21 4 13
split_gain=20.6997 18.325 16.827 19.6313 15.2059 16.0405 14.817 12.7341 12.688 18.68 16.462 20.2551 13.6361 13.2701 12.3744 11.4725 11.4056 11.5044 11.3961 11.1402 11.1249 11.0852 10.8206 12.6708 10.7746 12.1457 10.7197 14.853 10.4604 10.3976 10.5938 12.6362 11.7469 10.895 10.3384 9.87697 9.46024 9.10971 10.0237 9.01887 8.97077 8.89686 8.84924 8.81938 8.6164 9.82639 8.50886 19.3122 9.97843 11.2327 10.1226 10.0264 10.8241 8.68683 12.8118 9.4863 8.50631 15.8756 8.43668 8.2632 8.22351 9.68591 9.70035 8.17253 9.18196 8.16349 7.85985 7.81212 8.76309 7.78295 7.71921 7.66341 7.84433 7.61137 8.97501 8.47768 13.0503 7.48116 10.3647 7.78915 9.5526 9.88034 7.39033 7.35033 7.29001 8.01833 7.22235 7.19842 7.07942 6.93891 11.2679 6.86777 8.61502 8.79865 6.86441 6.85784 6.79334 6.78891 9.62485 6.66655 6.5892 7.79097 7.8044 6.55725 6.51144 6.42358 6.25699 6.57038 16.1481 6.23634 6.15343 6.13876 6.28172 6.08025 6.06974 6.05255 6.05009 9.91658 6.01941 6.00423 11.9959 10.8637 10.5508 9.53246 10.5026 7.69287
threshold=0.46118342876434332 0.38103614747524267 0.6771758794784547 -0.90851131081581105 0.29848696291446691 0.46329854428768164 -0.03685841150581836 0.055529478937387473 0.078159123659133925 0.25403222441673284 -0.28176027536392206 -0.30736744403839106 -0.44220972061157221 -0.15856897830963132 0.074773248285055174 0.095645759254693999 -1.0796825289726255 0.57008084654808056 -0.10683151707053183 -0.11541661992669104 -0.082472871989011751 -0.35025750100612635 -0.21041154861450193 -0.12794418632984159 -0.073943663388490663 -0.10701141878962515 1.0000000180025095e-35 0.13512092083692553 -0.0025149307912215586 0.43039773404598242 -0.37499999999999994 -0.22934997081756589 -0.32033999264240259 0.069138027727603926 0.83378198742866527 -0.088545083999633775 0.91996157169342052 -0.11223164945840834 0.036867767572402961 -0.11396680027246474 -0.2144082114100456 0.45906697213649755 0.080982904881238951 -0.0026208143681287761 0.23662269860506061 0.40492957830429083 0.48007445037364965 0.33133547008037573 0.15256585925817492 -0.10204375162720679 0.22674985975027087 -0.093427989631891237 -0.031668005511164658 0.10021138936281206 0.23233139514923098 0.31326156854629522 -0.30783051252365107 0.12188297137618066 -0.17697738856077191 -0.12718959897756574 0.45166018605232244 -0.54161217808723439 0.20410019159317019 -0.065775759518146501 -0.19368027895689008 0.013833822682499887 0.75482171773910534 0.2665464729070664 -0.12502200156450269 -0.32087123394012446 0.090210519731044783 0.16814789921045306 0.252114087343216 -0.070469819009304033 0.05326527543365956 -0.044862980023026459 -0.36954462528228754 -0.034039115533232682 -0.074481558054685579 0.062398398295044906 0.12398368865251543 0.096674725413322463 -0.083592988550662981 0.29773068428039556 -0.22420950233936307 -0.11189366504549979 0.083333790302276625 -0.0021933702519163485 0.050277907401323325 -0.20625615864992139 0.26278407871723181 0.31591904163360601 0.20384087413549426 0.020551511086523536 0.045180944725871093 -0.065551392734050737 -0.18735498934984204 0.1820139214396477 0.051351286470890052 -0.071991618722677217 -0.39593611657619471 -0.18563146889209745 0.1879529878497124 1.060007691383362 0.49186263978481298 -0.043534966185688966 0.39846923947334295 0.2599575817584992 0.32901604473590856 -0.030994801782071587 0.12179452180862428 0.43239489197731024 -0.28165945410728449 -0.10346198827028273 0.60815599560737621 0.023452009074389938 -0.024695419706404206 -0.10074376314878462 0.17429582029581073 0.048956038430333144 -0.11956478282809256 -0.14436619728803632 0.010261382441967727 -0.042411092668771737 -0.4942971915006637 -0.58136090636253346
decision_type=2 2 2 2 2 2 2 2 2 2 2 2 2 2 2 2 2 2 2 2 2 2 2 2 2 2 2 2 2 2 2 2 2 2 2 2 2 2 2 2 2 2 2 2 2 2 2 2 2 2 2 2 2 2 2 2 2 2 2 2 2 2 2 2 2 2 2 2 2 2 2 2 2 2 2 2 2 2 2 2 2 2 2 2 2 2 2 2 2 2 2 2 2 2 2 2 2 2 2 2 2 2 2 2 2 2 2 2 2 2 2 2 2 2 2 2 2 2 2 2 2 2 2 2 2 2
left_child=1 2 3 21 5 8 -2 69 10 12 11 22 26 44 110 19 -12 46 70 42 41 -1 95 82 73 28 37 77 -26 30 33 40 -33 114 39 -25 71 -10 -39 -20 -32 -4 -6 -23 45 86 48 53 49 51 89 52 -18 55 -55 -48 57 113 -17 -35 61 -58 67 -9 -65 -22 -56 -63 -69 -7 -8 100 109 74 -15 76 -75 96 -79 80 81 -80 -24 -53 85 -16 -14 -52 111 90 -51 92 -60 -94 -31 -5 -28 -21 105 -59 -37 -102 -103 -95 -19 -99 107 -34 -109 -73 -11 112 -50 -3 -27 -54 117 -77 -118 121 -121 122 -91 -123 -125 -124
right_child=6 56 20 4 15 7 18 63 9 14 16 -13 13 24 84 58 17 104 34 97 65 43 23 35 25 29 27 -29 -30 94 31 32 106 59 -36 36 -38 38 -40 -41 -42 -43 -44 -45 -46 -47 47 -49 88 50 87 83 115 54 66 -57 60 99 91 -61 -62 62 -64 64 -66 -67 -68 68 -70 -71 -72 72 -74 75 -76 116 -78 78 79 -81 -82 -83 -84 -85 -86 -87 -88 -89 -90 119 -92 -93 93 103 -96 -97 -98 98 -100 -101 101 102 -104 -105 -106 -107 -108 108 -110 -111 -112 -113 -114 -115 -116 -117 118 -119 -120 120 -122 123 125 124 -126 -127
leaf_value=-0.017221609904290551 -0.019705471492160929 0.0090550361025843601 0.017771253063143456 0.0011082337353981917 0.0028620363066120934 0.020410197430397934 0.0067873678864990798 -0.0058927632195492153 0.0030402240348868059 -0.0034933701431907635 -0.011268896956209119 0.018049947147942343 0.010724425153749287 0.015411674415125054 -0.012976837030868032 -0.015128607428716655 0.016795821961251074 0.0016820485908562392 0.00232627179133951 0.01397534288603521 0.0056994963585156122 0.0046372787547398573 0.016477336531495301 -0.010131054719567253 -0.014055846190376996 -0.0011181243688523866 0.015076495433435365 -0.012658111738613281 0.00072612909902905866 -0.014705406380513238 -0.014143485394124536 -0.0041215322376317231 0.0059856260078932719 -0.001071030726166328 0.0070779180171576753 0.013757270484365956 -0.0062271119369339805 -0.005419012126246613 -0.022210358546347293 -0.0084310781747941738 6.4791936617837403e-05 0.0033864145869153353 -0.0092633739803782578 -0.010421863771462619 0.001442069249545869 0.021685058125036665 -0.006541038356160103 -0.014872332043375109 0.008603434810439162 -0.014040217975522976 -0.0018527730646593682 0.002260568305955753 -0.0032896727436551097 -0.0056209986031492262 0.014739333728429074 0.0063316798262392114 0.011169240515960256 -0.0031949470864258891 0.0015790161112662162 -0.017050478096964059 -0.007997906542355205 0.0021624086428780826 0.0089107890092847888 -7.5207220470448918e-05 0.015123896686505463 -0.002508913735897257 0.00021560077271644366 -0.013446822494218779 0.00052219505765737305 0.0071309016502250121 -0.0025553695130843723 -0.0034875892160392725 -0.01075968407460387 -0.004832476671264508 0.0011288454737526745 -0.0052804876537771838 0.010404700514789752 0.0091848969019658801 -0.0056057202545918257 0.0065593813884979486 -0.0097575708012370976 0.0095994934858222771 0.0023298935799137359 -0.0071643160324399626 -0.015781123574456705 0.0033217993458996547 -0.00034974828244126491 0.0032082664969484008 -0.0042524433257255228 -0.006575132053980714 -5.12127959346663e-06 0.0045332290998021108 -0.012127459074950681 0.004172746114725589 -0.00094929856416952252 -0.013658367569581924 0.003083928744364973 -0.0089583802770432912 0.012777774725735401 0.0075978411693237852 -0.0024291624960281165 0.011993867790321223 -0.0015037594516520405 -0.0098249762508988807 0.011752442992494982 0.0034586999304512703 0.013075245161553192 0.0068785769091555303 -0.012773237921981841 0.0080978769348881274 0.0092434711293178894 0.0060350273890019245 -0.0018781795886654866 0.023191347529450054 0.010438979461334381 0.0089004677385967935 -0.0074232988627507251 0.0091111410208835862 0.0045690545596841006 -0.012399846078442182 -0.0017616821657736583 -0.00037423487481748628 0.0081912409470841496 0.016778473035210167 0.0027450363428442753 -0.0016819305872437156
leaf_weight=434 256 259 457 252 414 327 658 416 255 420 457 372 976 569 252 417 425 724 398 253 1381 312 444 296 428 988 283 351 411 264 250 607 4045 268 253 434 469 443 250 2382 881 338 730 376 733 276 1641 601 260 473 1701 3379 327 474 392 296 569 443 485 318 318 2740 727 450 283 874 292 338 470 518 964 384 252 312 304 322 1169 403 456 337 781 321 268 409 496 276 348 4635 4828 2001 535 299 1053 335 421 298 836 333 258 582 488 633 264 261 479 406 461 478 300 435 276 512 6967 310 250 392 595 605 264 506 6724 8074 409 254 3323 2367
leaf_count=434 256 259 457 252 414 327 658 416 255 420 457 372 976 569 252 417 425 724 398 253 1381 312 444 296 428 988 283 351 411 264 250 607 4045 268 253 434 469 443 250 2382 881 338 730 376 733 276 1641 601 260 473 1701 3379 327 474 392 296 569 443 485 318 318 2740 727 450 283 874 292 338 470 518 964 384 252 312 304 322 1169 403 456 337 781 321 268 409 496 276 348 4635 4828 2001 535 299 1053 335 421 298 836 333 258 582 488 633 264 261 479 406 461 478 300 435 276 512 6967 310 250 392 595 605 264 506 6724 8074 409 254 3323 2367
internal_value=7.85189e-05 0.000285335 4.33345e-05 -0.000120094 -9.9198e-06 0.000206271 -0.00414909 0.00611447 6.27833e-05 0.00138246 -0.000456092 0.00309332 0.00191753 0.00280593 -0.00529717 -0.00349517 -0.00080541 -0.000714801 -0.00327933 -7.79567e-05 0.00491534 -0.00887793 0.0019488 0.00306466 0.00205159 0.000898758 -0.0012476 0.000339006 -0.00677472 0.00157912 0.00219536 0.00337382 0.00461602 -0.00232025 -0.0056936 0.00146708 0.00250496 -0.00757988 -0.011553 -0.00687548 -0.00305933 0.0117002 -0.00484075 -0.0035539 0.00747848 0.0102249 -0.00086407 -0.00395017 -0.00062806 -6.1174e-05 -0.000532565 0.0028942 0.00836549 -0.00181174 0.0027367 -0.004548 0.00364055 0.00790563 -0.00635413 -0.00980094 0.00231562 0.00300308 0.00190407 0.00151256 0.00576152 0.00250389 0.00858715 0.000454584 -0.00528704 0.0123267 0.00121471 0.00393843 -0.000505419 0.0049295 0.0104731 0.00343432 0.00716245 0.00169167 -0.00047247 -0.00255347 -0.00455541 0.000635015 0.0111952 0.0012307 -0.00996208 -0.0044178 0.00778871 0.00184345 -0.0022461 -0.0011444 -0.0065623 -0.00482807 -0.00616018 -0.00846024 -0.00630878 -0.00682629 0.00616071 0.00425782 0.00174185 0.00290594 0.00657364 0.00428702 0.00797721 -0.00192265 0.00572344 -0.00209348 0.00562846 0.00490552 -0.000663103 0.00262341 0.00151091 -0.000989771 -0.0014937 0.0168293 0.00119933 0.0033194 0.000320297 0.0040671 -0.00368768 -0.000911635 -0.00251378 -0.000204297 -0.00288433 0.000892055 0.00375868 -0.000210837
internal_weight=105502 100591 93835 90785 89663 84419 4911 1994 82425 23279 59146 5289 21559 16843 1720 5244 53857 53400 4655 2394 3050 1122 4917 4367 14510 10370 4716 3768 839 9531 8846 7022 5891 1824 3033 3655 3359 948 693 2780 1131 795 1144 688 2333 1600 52197 3696 48501 35934 31002 4932 1144 3095 1158 1937 6756 1594 2850 586 5162 4844 4275 1149 733 2255 684 3548 808 845 1622 2890 1071 4140 873 3267 1481 3417 2298 1895 1558 777 712 3788 1024 528 1324 6336 12567 24666 1008 2433 2134 1649 685 550 1119 1250 997 1025 1819 1385 897 596 1203 739 5284 4823 778 819 696 7739 7227 569 1238 719 1786 927 859 23658 7230 16428 4777 11651 3577 2776
internal_count=105502 100591 93835 90785 89663 84419 4911 1994 82425 23279 59146 5289 21559 16843 1720 5244 53857 53400 4655 2394 3050 1122 4917 4367 14510 10370 4716 3768 839 9531 8846 7022 5891 1824 3033 3655 3359 948 693 2780 1131 795 1144 688 2333 1600 52197 3696 48501 35934 31002 4932 1144 3095 1158 1937 6756 1594 2850 586 5162 4844 4275 1149 733 2255 684 3548 808 845 1622 2890 1071 4140 873 3267 1481 3417 2298 1895 1558 777 712 3788 1024 528 1324 6336 12567 24666 1008 2433 2134 1649 685 550 1119 1250 997 1025 1819 1385 897 596 1203 739 5284 4823 778 819 696 7739 7227 569 1238 719 1786 927 859 23658 7230 16428 4777 11651 3577 2776
is_linear=0
shrinkage=0.0667171


Tree=8
num_leaves=127
num_cat=0
split_feature=152 11 73 20 11 18 0 33 105 36 96 61 161 81 0 18 201 15 105 182 182 17 17 152 33 20 99 0 46 18 30 34 3 19 19 11 15 197 3 19 183 11 99 150 73 82 182 74 21 169 18 183 152 11 20 19 10 73 18 97 17 128 70 157 164 151 12 197 21 10 153 102 10 12 21 4 4 153 19 19 180 4 33 4 99 12 11 101 167 21 15 61 18 4 20 153 13 65 4 9 62 61 97 19 200 84 96 199 19 19 102 82 82 36 11 17 8 74 80 73 4 200 197 10 183 84
split_gain=20.7708 16.362 23.3973 16.2944 15.4511 14.3587 20.9096 17.0204 15.5203 14.6797 13.1683 13.8838 12.3954 12.2018 12.1593 16.009 16.8287 14.2519 13.8125 15.4343 12.1391 12.7284 11.4808 11.3976 23.9694 11.4903 11.7158 11.3042 14.7187 13.3409 12.7112 11.1037 13.2234 10.6522 10.4891 10.7512 13.5786 12.1803 17.6105 11.865 10.2707 10.2573 9.43623 9.2147 9.13078 9.00119 9.13218 9.16312 8.8662 8.63719 8.53431 10.8768 8.5286 11.9217 11.7807 13.77 18.7782 17.6235 16.694 14.6082 14.321 14.1194 13.0656 9.97894 13.8293 9.95922 9.41508 9.24384 10.8118 9.31466 8.78056 8.47043 8.37188 14.6714 8.27368 11.9544 16.312 10.5908 8.45571 9.94505 8.12358 16.7355 8.43663 8.96805 12.2966 8.50292 9.39965 8.44528 8.10635 8.09882 8.08189 13.352 8.06077 7.9847 7.94218 7.8963 7.89376 7.76934 9.43999 7.75839 8.68871 7.71651 7.68319 10.1711 10.2464 7.88335 7.67074 8.55072 9.335 7.59681 7.56634 7.49311 11.2074 9.10268 11.2047 12.8231 8.36704 8.3212 7.98097 9.63208 8.84769 7.95063 8.87746 7.8429 7.80285 7.44861
threshold=0.46118342876434332 -0.065357580780982957 -0.54161217808723439 0.45837846398353582 -0.03685841150581836 0.038896562531590469 0.42755682766437536 0.40933103859424597 0.26117984950542456 0.24295774847269061 0.050408000126481063 0.23577749729156497 0.6771758794784547 -0.061288526281714432 0.48153407871723181 -0.26967006921768183 0.081397846341133132 0.086930770426988616 -1.079591631889343 0.67797318100929271 0.088240094482898726 -0.13795211166143415 -0.050550082698464387 -1.3413034081459043 -0.50733518600463856 -0.58486631512641896 -0.25329688191413874 -0.35937499999999994 -0.15747467428445813 0.02152569126337767 -0.08624818921089171 0.0072054313495755204 0.44014346599578863 0.66167718172073375 -0.22133846580982205 0.06786613911390306 -0.0069153844378888598 0.004809336271137 -0.47445212304592127 -0.14130489528179166 0.095469299703836455 0.33341373503208166 0.33321930468082434 0.069133970886468901 0.092278137803077712 0.45434272289276129 -0.13507268577814099 0.065266955643892302 0.50832301378250133 -0.050990752875804894 -0.89468982815742482 -0.20518871396780011 -0.13249371200799939 -0.85563376545906056 0.028957781381905082 -0.079188324511051164 -0.079145580530166612 -0.090474709868431077 0.10864803194999696 -0.15876176208257672 -0.21924211084842679 -0.027168608270585533 0.17284237593412402 0.034207681193947799 0.22173094749450686 0.017619656398892406 0.084436174482107176 -0.43565061688423151 -0.10113866254687308 -0.19032128155231473 -0.052844310179352753 -0.20855903625488278 -0.15009358525276181 -0.046359473839402192 0.0026133768260478978 -0.4010626077651977 0.01222305651754141 0.1801983714103699 -0.043469697237014764 0.030022198334336284 -0.43036341667175287 -0.14873931556940076 0.48591691255569464 -0.50800451636314381 0.34075994789600378 -0.2554436177015304 0.4397690892219544 -0.06420640647411345 0.080565653741359725 0.18727895617485049 0.1123153828084469 -0.10809102281928061 -0.38347558677196497 -0.23193810880184171 0.38950285315513616 -0.12595217674970624 -0.5485098361968993 0.18742071092128756 -0.28132256865501398 0.5242983102798463 0.02260778192430735 -0.024652338586747643 -0.21161945909261701 0.11227971687912942 -0.32786306738853449 -0.05753726698458194 -0.16511078923940656 -0.15293842554092404 0.075487397611141219 -0.15574982017278668 0.0089884041808545607 0.33620153367519384 0.079587761312723174 0.47535212337970739 0.49361559748649603 0.42147839069366461 0.02079478278756142 0.1356475651264191 -0.020609160885214802 0.18050780147314074 -0.4010626077651977 -0.20781339704990384 -0.053171500563621514 0.018344744108617309 0.13380659371614459 0.023452009074389938
decision_type=2 2 2 2 2 2 2 2 2 2 2 2 2 2 2 2 2 2 2 2 2 2 2 2 2 2 2 2 2 2 2 2 2 2 2 2 2 2 2 2 2 2 2 2 2 2 2 2 2 2 2 2 2 2 2 2 2 2 2 2 2 2 2 2 2 2 2 2 2 2 2 2 2 2 2 2 2 2 2 2 2 2 2 2 2 2 2 2 2 2 2 2 2 2 2 2 2 2 2 2 2 2 2 2 2 2 2 2 2 2 2 2 2 2 2 2 2 2 2 2 2 2 2 2 2 2
left_child=1 14 41 5 -2 6 27 9 34 12 44 -12 13 22 15 16 20 -16 -17 23 50 -22 -8 -20 -25 -26 40 28 -4 45 102 32 89 52 90 37 97 38 -36 -40 -27 -3 43 -39 -10 46 99 -48 -5 -33 -1 -52 53 88 55 57 -57 -54 60 62 -58 -61 70 64 67 71 -63 -56 -69 -70 -59 -62 73 -65 78 -76 -77 -78 -41 -80 81 -32 83 -82 85 -85 -87 -84 -28 -6 91 -7 -23 -73 -91 -18 -74 98 -37 100 -30 -66 -29 105 -105 -104 -71 108 -108 -89 -92 112 113 114 115 121 -115 -116 -114 120 -120 -38 -123 -122 -124 -45
right_child=4 2 3 48 31 8 7 -9 10 -11 11 -13 -14 -15 17 18 95 -19 19 -21 21 92 -24 24 25 26 33 30 29 -31 80 49 -34 -35 35 36 111 42 39 74 -42 -43 -44 125 -46 -47 47 -49 -50 -51 51 -53 54 -55 63 56 58 59 -60 61 65 66 -64 72 101 -67 -68 68 69 106 -72 93 96 -75 75 76 77 -79 79 -81 82 -83 87 84 -86 86 -88 109 -90 94 110 -93 -94 -95 -96 -97 -98 -99 -100 -101 -102 -103 103 104 -106 -107 107 -109 -110 -111 -112 -113 118 116 117 -117 -118 -119 119 -121 123 122 124 -125 -126 -127
leaf_value=-0.010466851312021228 -0.020170580420382653 0.014895837982739411 -0.0111047331539787 0.01725423566328383 0.0005934478531481747 0.022640533501502112 0.0079356937985553475 -0.015161782611863333 0.0053956824176741199 0.011730753378611666 0.018349618132317488 0.0040850697865603761 0.0043760620569226368 -0.013727984399572917 0.0078916996644122234 -0.010263236925866314 0.012912751931225049 -0.0062571567215910879 0.010403286088104152 0.006977190935635748 0.017813600908528446 -0.0039266522358510801 -0.0097569840438533825 -0.017430023206403075 -0.0078338718048133853 -0.0020172682919999334 -0.0014368700013579841 -0.004574812543817787 -0.0066505826482526923 -0.010458134773048834 0.014123242646427068 0.0048120784070618174 0.0035365504499656826 0.0091121661191390386 -0.018578491110600576 0.0022036218145241207 0.0094677244174520264 0.0047541707325638892 -0.010471333836882398 0.0069772148142207722 -0.015119887280066812 0.0038322638077064809 -0.0092843398242578729 0.00259281765475008 -0.0056430443006513812 -0.0046424846745212137 0.010549091166988227 0.0025360958583618503 0.0048227715805262313 -0.0035279955738485524 0.006485901010645452 -0.0044951826577463603 0.011269484482953281 0.0011934301330565134 0.007539436076870373 -0.016671300251872797 0.0035892009602638982 0.016724508285714292 0.0029218344864091485 -3.302680489193254e-06 -0.015516956572532919 -0.011481540729943531 -0.008772374079256318 -0.012431260147264585 -0.0042473679345215566 -0.02159061371180104 -0.00019849399612104489 0.0066161411589969327 0.0073400005825814503 -0.013809522081934101 0.0024062190041375148 -0.01255214954885811 0.0098838787749627108 0.0067225607621055894 0.0065367950467181361 -0.016258256147500594 -0.005919089558075628 0.010225534929822592 -0.01243420078601652 0.0029464674697440999 0.0071146641332412684 -0.0037402017289124064 0.0015767845698081381 -0.0088525873051001382 -0.0077290240016961676 -1.9494509524317921e-06 -0.0090950343382556424 0.00055030884089085803 -0.015953239579170577 -0.014020780073484587 0.0088969776620317319 0.0053154496315195717 0.01083547372154749 -0.00051608311964819258 -0.0040900771310151025 -3.0807187758121606e-06 0.0017466872531473935 0.0020729173833230765 0.018195070100270931 -0.007523411712988602 0.0057495826154733169 -0.019261551456593012 0.0017322107393919414 0.011464687813211798 -0.0027356482826169865 0.0078265773680948753 0.0061910278853738107 -0.004908684606891504 -0.006923690827486873 -0.010023467014370863 -0.0043610690987207516 -0.0078652089700379669 0.0015713518895966599 -4.9274632074765474e-06 -8.9240204897559822e-05 0.014634167481455986 -0.0099267048123461241 -0.016204942187302902 -0.0042712086761290645 0.019287900339124954 0.018761106044447633 -0.0049080364990917785 0.0040966332641094033 0.0043666584362825091 -0.0043846845349091515 -0.0065924908123141425
leaf_weight=467 253 721 319 313 330 267 308 670 1257 261 641 588 463 780 1363 783 859 407 347 967 300 448 339 422 1216 587 395 716 300 283 430 971 472 455 318 250 500 2569 667 901 494 791 335 826 448 451 1766 1010 1423 1274 646 1048 442 8724 491 693 406 330 934 1468 468 1380 256 438 317 287 438 575 352 319 460 376 631 293 373 513 626 250 283 532 543 499 550 564 1307 10070 530 374 306 1096 313 775 255 711 548 270 3372 496 500 331 1424 303 1916 254 1850 1894 745 3027 352 1426 481 383 1303 875 326 359 668 255 277 308 265 988 2380 477 599 739
leaf_count=467 253 721 319 313 330 267 308 670 1257 261 641 588 463 780 1363 783 859 407 347 967 300 448 339 422 1216 587 395 716 300 283 430 971 472 455 318 250 500 2569 667 901 494 791 335 826 448 451 1766 1010 1423 1274 646 1048 442 8724 491 693 406 330 934 1468 468 1380 256 438 317 287 438 575 352 319 460 376 631 293 373 513 626 250 283 532 543 499 550 564 1307 10070 530 374 306 1096 313 775 255 711 548 270 3372 496 500 331 1424 303 1916 254 1850 1894 745 3027 352 1426 481 383 1303 875 326 359 668 255 277 308 265 988 2380 477 599 739
internal_value=3.50091e-05 0.000243211 0.000945467 0.000732168 -0.00418494 0.000535967 -0.000406733 -0.0058856 0.00173414 -0.00297352 0.00629183 0.0115577 -0.00503303 -0.00811622 -0.000789499 -0.00103663 0.00280172 0.00461006 -0.00151458 -0.00131019 0.000296221 0.0063603 -0.00129329 -0.00155594 -0.00168555 -0.00147603 -0.00122364 0.000129 0.0027378 0.00354231 -0.000539355 -0.00330845 -0.00641569 -0.00097423 0.00112373 0.000681609 0.00205836 -0.00104243 -0.00350916 -0.00233725 -0.00804049 0.00913245 0.00141342 0.00229378 0.00247291 0.0043036 0.00514844 0.00764635 0.00709453 6.40259e-05 -0.00250753 -0.000286096 -0.00113275 0.000517021 -0.00191725 -0.00376761 -0.00672345 -0.00136061 -0.00453951 -0.00266178 -0.00765526 -0.00485164 0.00417779 -0.000487059 -0.00218973 -0.0101589 -0.00877803 -0.00118034 -0.00198662 -0.00302832 0.00844304 -0.00800835 0.00183704 -0.004696 -0.000762459 -0.00397751 -0.00683602 -0.00126448 0.0025207 -0.00236364 -0.00154263 0.00449476 -0.00191061 -0.00124276 -0.00161056 -0.000890071 -0.000461533 -0.00559124 -0.00782792 -0.00881835 0.0059493 0.00981185 0.00140283 -0.00472561 -0.010733 0.00978555 0.00304134 0.00862055 0.0129079 0.00175629 0.00356362 -0.0116466 0.00192064 0.00271481 -0.000993117 0.00477151 -0.00386139 -0.00307801 0.00194073 -0.00780439 0.00083893 0.00123296 0.00160194 0.000193171 0.00148726 0.0025466 -0.00431646 -0.00722654 0.00530954 0.00895317 0.00577441 0.00156179 0.000552397 0.00957448 0.00237669 -0.00172273
internal_weight=105354 100410 59787 58275 4944 56539 31628 2821 24911 2151 2934 1229 1890 1427 40623 38853 4293 1770 34560 33777 3164 1003 647 32810 32463 32041 30825 28807 5884 5565 22923 4691 2446 29744 21977 20141 11209 8932 4463 4145 1081 1512 4469 4134 1705 5282 4831 2776 1736 2245 2161 1694 29289 9425 19864 8649 3875 4774 3182 4332 2248 3286 1046 11215 6481 1842 1818 5861 5370 4795 790 1555 4734 731 3478 1762 1389 876 1716 815 16293 929 15364 13014 12471 11164 10600 2350 701 1974 1836 1042 703 1087 1644 1129 4003 1246 750 2055 1724 620 6630 5914 2104 3810 4443 4124 1097 1800 794 9963 9580 6950 5407 4826 1543 581 2630 1327 1019 4467 3967 742 2979 1565
internal_count=105354 100410 59787 58275 4944 56539 31628 2821 24911 2151 2934 1229 1890 1427 40623 38853 4293 1770 34560 33777 3164 1003 647 32810 32463 32041 30825 28807 5884 5565 22923 4691 2446 29744 21977 20141 11209 8932 4463 4145 1081 1512 4469 4134 1705 5282 4831 2776 1736 2245 2161 1694 29289 9425 19864 8649 3875 4774 3182 4332 2248 3286 1046 11215 6481 1842 1818 5861 5370 4795 790 1555 4734 731 3478 1762 1389 876 1716 815 16293 929 15364 13014 12471 11164 10600 2350 701 1974 1836 1042 703 1087 1644 1129 4003 1246 750 2055 1724 620 6630 5914 2104 3810 4443 4124 1097 1800 794 9963 9580 6950 5407 4826 1543 581 2630 1327 1019 4467 3967 742 2979 1565
is_linear=0
shrinkage=0.0667171


Tree=9
num_leaves=127
num_cat=0
split_feature=153 20 164 164 21 105 18 18 149 149 99 201 155 84 84 169 95 1 11 179 97 33 16 11 24 197 11 95 17 149 21 0 11 168 164 18 21 0 84 85 36 181 39 19 201 19 153 19 81 95 10 157 18 82 66 201 99 95 21 20 80 181 99 19 41 84 18 13 157 81 19 10 153 17 200 197 69 74 13 13 11 61 183 95 183 11 10 153 24 104 101 5 70 14 16 153 158 21 113 200 97 13 183 159 179 66 19 65 17 82 81 17 33 13 17 105 85 22 82 24 153 104 4 65 24 82
split_gain=19.0559 15.1402 23.4077 15.9546 17.7493 16.2284 15.2476 14.7377 15.386 14.2961 15.0515 14.1545 13.7328 11.3517 11.185 14.1659 12.9499 10.7173 11.5116 10.6561 9.8041 9.73066 9.65529 14.8682 16.0203 10.5326 12.9111 13.8758 11.8798 10.4597 11.2276 19.827 9.23119 9.09335 10.9023 8.88373 9.86166 8.78469 8.76419 8.84073 8.76328 8.89194 8.55626 8.68613 8.5297 8.02188 12.7306 16.0239 10.3553 9.83408 8.70243 9.71774 8.67564 8.37805 10.0064 8.34998 17.6944 10.901 9.68581 9.57962 15.3531 11.2134 9.3973 8.82717 9.38579 8.82325 8.01302 9.09144 7.98807 8.49465 7.88106 9.52954 15.1528 12.7177 12.406 11.7369 8.99831 11.3132 10.8277 10.6381 10.2799 8.9399 11.8316 8.74457 12.4391 10.8929 7.82153 7.69394 10.6425 7.64526 10.2992 15.9096 8.81803 9.48888 14.3436 9.79911 8.81564 8.24798 8.00224 7.90824 7.80125 7.64338 8.97846 8.54892 8.45694 8.03915 7.63393 7.63262 7.46987 8.72466 7.93602 7.44494 8.67737 7.91137 9.5412 7.37659 8.77093 10.4125 8.28924 9.07243 12.2376 8.09561 8.4623 7.75299 7.35854 7.17813
threshold=0.52863740921020519 0.44688706099987036 0.10793786123394968 0.53724822402000438 -0.83425775170326222 0.38103614747524267 0.38635124266147619 0.12685234844684604 -0.37205687165260309 -1.27742463350296 0.98286113142967235 0.01735610514879227 -0.18500019609928128 -0.20495028048753736 -0.028988149017095562 -0.012142056133598087 -0.37963764369487757 -0.16903409361839292 0.099843122065067305 -0.21965966373682019 0.69178035855293285 -0.30783051252365107 -0.67177146673202504 -0.33792497217655176 -0.2793362140655517 -0.29164804518222803 -0.25272104144096369 0.39314030110836035 0.23606816679239276 0.15324525535106662 -0.16846656054258344 -0.31392045319080347 -0.13800794631242749 0.008431398309767248 0.68520119786262523 -0.44258654117584223 -0.16117128729820249 0.36505682766437536 -0.31962640583515162 -0.1527898162603378 -0.64436620473861683 -0.23927064985036847 -0.015816183760762211 -0.060177991166710847 0.15762557834386828 0.12705356627702716 -0.11781843751668929 0.52245265245437633 -0.041756397113203995 0.070935856550931944 -0.016643485985696312 0.083966974169015898 -0.22926829755306241 -0.37753787636756891 0.067594312131404891 -0.17141667008399961 0.057572001591324813 -0.24697326123714444 0.07961174845695497 -0.0843229405581951 -0.11166915297508238 -0.02973861992359161 0.12484131008386613 -0.22133846580982205 0.016921260394155983 -0.27926902472972864 -0.011360922362655399 1.0000000180025095e-35 -0.085977572947740541 0.28361970186233526 -0.22743850946426389 -0.12806105613708493 0.055606449022889144 0.28791400790214544 0.086779136210680022 -0.09488732740283011 -0.013160268776118754 0.31458365917205816 -0.55666062235832203 1.0000000180025095e-35 0.18516737222671512 0.0031605563126504426 -0.13492862135171887 -0.21668015420436856 0.0018436895916238429 0.27685628831386572 0.072903223335742964 0.64265966415405285 -0.067383460700511918 -0.33649967610836024 -0.03554983809590339 -1.0000000180025095e-35 -0.32422526180744166 -0.049843749031424515 0.14661835134029391 0.19492654502391818 0.15501102805137637 1.0000000180025095e-35 0.37354402244091039 0.022096263244748119 -0.10830399021506308 0.27454634010791784 0.06608618795871736 0.038231937214732177 1.0000000180025095e-35 0.26815867424011236 -0.10004562884569167 0.066724266856908812 0.56241461634635936 0.29861320555210119 0.12567645311355594 -0.26389588415622706 -0.025668273679912087 -0.25501868128776545 -0.1488099470734596 -0.077509868890047059 0.36083111166954046 -0.11770176142454146 -0.094322737306356416 0.42548878490924841 -0.01542494911700487 -0.20800171047449109 -0.093263927847146974 0.14936129748821261 0.13313914090394977 -0.33124430477619166
decision_type=2 2 2 2 2 2 2 2 2 2 2 2 2 2 2 2 2 2 2 2 2 2 2 2 2 2 2 2 2 2 2 2 2 2 2 2 2 2 2 2 2 2 2 2 2 2 2 2 2 2 2 2 2 2 2 2 2 2 2 2 2 2 2 2 2 2 2 2 2 2 2 2 2 2 2 2 2 2 2 2 2 2 2 2 2 2 2 2 2 2 2 2 2 2 2 2 2 2 2 2 2 2 2 2 2 2 2 2 2 2 2 2 2 2 2 2 2 2 2 2 2 2 2 2 2 2
left_child=1 3 11 4 40 7 19 9 -9 -6 14 13 17 -3 22 16 -16 -10 106 68 -12 -7 -11 24 -24 29 27 28 -27 30 31 -25 -4 38 44 36 -17 -23 -2 -40 -1 -42 -21 -44 87 55 52 48 -48 50 51 -50 -47 -52 -55 56 57 -28 62 60 61 -57 -58 -59 -65 -62 67 -67 -5 -70 -14 74 76 83 75 -72 78 80 -73 111 -78 82 -75 -74 85 -85 -51 88 -35 -61 96 107 -93 94 -94 125 98 -98 -91 -99 -95 102 104 -104 -77 -103 -19 -92 109 -18 -110 -80 113 114 -113 118 117 -117 -37 121 -121 -120 -123 -119 -102 -96
right_child=33 2 32 6 5 21 -8 8 12 10 20 -13 70 -15 15 35 108 18 -20 42 -22 37 23 25 -26 26 45 -29 -30 -31 -32 -33 -34 34 -36 115 -38 -39 39 -41 41 -43 43 -45 -46 46 47 -49 49 86 53 -53 -54 54 -56 59 58 63 -60 89 65 -63 -64 64 -66 66 -68 -69 69 -71 71 72 73 81 -76 101 77 -79 79 -81 -82 -83 -84 84 -86 -87 -88 -89 -90 90 91 92 93 100 95 -97 97 99 -100 -101 124 105 103 -105 -106 -107 -108 -109 110 -111 -112 112 -114 -115 -116 116 -118 123 119 120 -122 122 -124 -125 -126 -127
leaf_value=0.0019295959327493247 0.0085315394509743875 0.001159126397386681 -0.011687374168373356 -0.0087448954703035989 0.014192746916024662 0.008835921169649848 -0.010811954102014775 0.015302333864835541 -0.0056849535605422875 -0.01141322153833964 -0.019222895714693346 -0.0014559551125830031 0.0091876098763979987 0.013277517446194416 0.0123569759383899 0.015862644957284299 0.0027461528472999069 0.0020741010717727649 0.0062577005496922125 0.0094054036085104483 -0.0043888892456272885 0.0028925872676014543 -0.0086856431803481789 0.010726193032975175 0.0046534792257386425 -0.010886898399198252 0.015714713842700713 -0.022397751461277465 0.0018076947311788541 -0.0067098016038666282 0.0071218949906780545 -0.013468709090973688 0.0015443323848591693 0.0023966812731619613 0.0037967802509259818 -0.0030096314905950347 0.0012964556515745699 -0.0071926695053138451 0.0057605177263324436 -0.006042341608810199 -0.016643487282746422 -0.0036079459441994894 0.008882218439055874 -0.0014258128563060949 -0.00086495146776660212 0.0064624861738027178 -0.012058810781256831 -0.01832462848873052 -0.00039718976733277848 -0.018811967978020733 -0.0141361452963564 0.0162906123573268 -0.0078731317738527599 0.0050228994592595028 -0.010095075129989436 -0.0048639639311026071 -0.011088467358076358 -0.0072956177575176336 -0.01600925842508566 -0.014430422495008059 -0.0084900410311147308 0.010809971946600666 0.0031068852481975742 0.0065656636979329816 -0.0018009555426873485 0.003853612804773266 0.0073142109386483785 -0.012433194238645747 -0.0024086847427223865 0.011613891389710876 -0.0049421145235955463 0.01076258915588158 -0.0019375589581477849 -0.0046954072638242658 -0.010726948317192824 0.0024324574176375563 -0.0054108828597351126 0.0076608632847157609 0.0070400036646698066 0.0086986079283821634 0.0069716303529961769 0.01890755739861474 0.012337214352756132 0.01316619635611291 -0.0007424859043434083 0.0017091152818275379 -0.0032585301054745661 -0.018345780934577439 -0.015913912986512967 0.00018667700668507543 -0.0065221857505965179 -0.011465791611229603 0.0079203246921991707 -0.012320549720467724 0.0089463541436149846 -0.014243752193509896 -0.011503744142538297 -0.0072132675867262767 0.010331890481429811 0.0077572325124761581 -0.0086509109016800912 -0.0032232779218364853 0.0059079111735890807 -0.0078577378111677875 0.01404941815424474 0.0078413959441137639 -0.0056384181102928296 -0.015185218785997526 -0.00074463212096222045 -0.0023064328189576519 -0.013085962067849777 0.0053027431898164416 0.0022364647819249953 -0.014939688369930638 -0.0084121789882315549 0.0002009505527455906 0.0028341645357156981 -0.0034151619427290275 0.0080136911782572977 -0.0090604295246093924 0.0059008311499538181 -0.0030731182177462417 0.0072007917997252537 -0.0090464087822713889 0.0062377066237864435 -0.0065007861928441431
leaf_weight=296 321 450 424 378 279 1158 296 335 2115 445 301 554 627 1529 491 258 9786 1013 1025 2000 595 4454 464 251 2768 775 296 260 558 499 1492 365 510 260 282 2013 1026 416 356 1286 548 416 603 897 332 651 668 444 390 255 258 250 259 535 302 260 332 367 312 271 728 856 537 1728 900 303 488 297 491 309 1384 631 959 256 496 508 2240 449 472 685 339 445 587 1026 895 586 339 600 296 2024 1304 383 937 451 262 279 505 325 416 298 272 1403 444 361 636 365 1289 713 1465 1791 274 379 1076 320 543 2989 1234 5906 1325 612 397 928 574 1346 315 266
leaf_count=296 321 450 424 378 279 1158 296 335 2115 445 301 554 627 1529 491 258 9786 1013 1025 2000 595 4454 464 251 2768 775 296 260 558 499 1492 365 510 260 282 2013 1026 416 356 1286 548 416 603 897 332 651 668 444 390 255 258 250 259 535 302 260 332 367 312 271 728 856 537 1728 900 303 488 297 491 309 1384 631 959 256 496 508 2240 449 472 685 339 445 587 1026 895 586 339 600 296 2024 1304 383 937 451 262 279 505 325 416 298 272 1403 444 361 636 365 1289 713 1465 1791 274 379 1076 320 543 2989 1234 5906 1325 612 397 928 574 1346 315 266
internal_value=6.11593e-05 0.000233069 0.0045644 8.00178e-05 -0.000115689 -7.75126e-06 0.00376083 -0.000242338 0.00116569 -0.000783309 -0.000851801 0.00789696 0.000961922 0.0105364 -0.000725163 0.000122766 0.00174266 -0.00197322 0.000377058 0.00469628 -0.00942401 0.00333753 -0.00168554 -0.00153012 0.00272139 -0.00208186 -0.00255023 -0.00834016 -0.00555157 0.00192186 0.0039886 -0.00353507 -0.00442567 -0.00461812 -0.00808775 -0.00107741 0.00426383 0.00202125 -0.00147186 -0.0034555 -0.00797064 -0.011059 0.00654376 0.00270348 -0.0103725 -0.00210399 -0.00465358 -0.00651159 -0.00474107 -0.00261981 -6.24144e-05 0.00608383 0.00232642 -0.00368785 -0.000407666 -0.00142614 0.00102728 0.00354731 -0.00595751 -0.00234692 0.00095567 0.00711421 -0.00229397 0.00232507 0.00368666 -0.00281231 0.000959554 -0.00415345 -0.000761764 0.00297452 0.00184584 0.0015797 0.00264881 0.00556667 -0.000685038 0.000288468 0.000699123 -0.00205268 0.00273629 0.00126477 -0.00376366 0.0112324 0.00712295 0.00344828 0.00552224 0.00902214 -0.0100068 -0.0130784 -0.00731305 -0.00342436 -0.00307666 -0.00497566 -0.00201114 -0.000689182 0.00230169 -0.00417806 -0.000308703 -0.00518599 0.00193602 -8.31088e-06 -0.00574004 0.00224711 0.00512897 -0.000221595 0.00892333 -0.000910967 -0.00222918 -0.00960714 0.00134706 0.00196111 -0.00271845 -0.000553901 -0.00212079 -0.00592275 -0.00273965 -0.00147583 -0.00245902 -0.00310089 0.000447258 0.00227131 -0.00313231 0.00421411 0.000837413 -0.00446655 -0.000618844 0.00109462
internal_weight=105594 101861 3467 98394 93420 92160 4974 86132 23889 62243 61964 2533 23554 1979 61068 32415 13807 5442 3327 4678 896 6028 28653 28208 3232 24976 22369 1593 1333 2607 2108 616 934 3733 1770 18608 1284 4870 1963 1642 1260 964 3500 1500 1488 20776 4351 3441 2997 2329 1735 640 910 1095 837 16425 4472 3291 1181 11953 2932 1116 869 2995 2628 1816 1088 600 1178 800 18112 17485 11888 4754 5597 5101 7134 3028 4106 3475 2579 1288 843 3466 2507 1612 594 1156 556 9021 8750 5182 3165 2782 1744 807 3568 1128 2440 623 1038 3717 1949 805 1144 1768 2302 2017 13316 11577 1739 2790 2318 1242 922 17324 11475 10241 5849 3836 1009 2827 1502 7252 587 528
internal_count=105594 101861 3467 98394 93420 92160 4974 86132 23889 62243 61964 2533 23554 1979 61068 32415 13807 5442 3327 4678 896 6028 28653 28208 3232 24976 22369 1593 1333 2607 2108 616 934 3733 1770 18608 1284 4870 1963 1642 1260 964 3500 1500 1488 20776 4351 3441 2997 2329 1735 640 910 1095 837 16425 4472 3291 1181 11953 2932 1116 869 2995 2628 1816 1088 600 1178 800 18112 17485 11888 4754 5597 5101 7134 3028 4106 3475 2579 1288 843 3466 2507 1612 594 1156 556 9021 8750 5182 3165 2782 1744 807 3568 1128 2440 623 1038 3717 1949 805 1144 1768 2302 2017 13316 11577 1739 2790 2318 1242 922 17324 11475 10241 5849 3836 1009 2827 1502 7252 587 528
is_linear=0
shrinkage=0.0667171


Tree=10
num_leaves=127
num_cat=0
split_feature=153 11 73 2 17 167 81 5 183 153 92 103 24 150 16 81 21 97 21 15 159 161 30 171 17 151 153 21 84 17 81 197 85 65 24 21 15 150 31 201 37 84 11 81 24 12 36 16 36 24 47 24 84 149 1 84 36 99 60 74 21 61 62 11 17 73 73 153 17 96 92 95 84 179 12 11 96 99 73 99 99 171 99 36 61 84 80 15 95 12 183 198 73 21 149 12 5 159 61 99 12 97 96 165 14 73 165 73 197 141 153 73 11 16 17 16 159 95 17 92 196 36 15 198 8 96
split_gain=19.0073 14.5691 13.651 14.4385 21.6565 15.7032 18.6381 14.982 12.6564 13.798 12.1104 11.9425 13.3369 11.9108 11.7745 11.47 10.6433 10.6072 10.0922 13.4104 11.7044 9.93826 9.86541 11.7379 11.4023 13.4403 13.6603 10.5997 9.84619 9.73936 9.92292 12.5616 9.5156 9.49122 9.45922 9.40651 9.13195 10.9873 9.13097 9.04448 10.8685 8.94384 8.84912 8.75121 14.8854 8.69876 10.9921 8.66666 17.8128 13.3105 9.00408 8.51933 9.08324 8.36295 8.70821 11.4548 8.22207 8.01998 8.00573 7.9028 7.89658 7.85889 9.57017 7.80274 7.77464 7.75456 7.79897 15.9781 8.93746 19.8105 12.1158 8.61273 7.67466 7.5628 7.542 10.9658 8.12375 7.44783 11.0243 10.1114 10.0075 8.14337 15.1119 9.88891 8.93854 7.71641 7.78395 7.40305 7.28719 8.68861 7.32146 11.2134 7.24156 8.8127 9.81412 8.58729 7.89276 11.0127 7.50636 7.52707 7.21664 8.06732 7.22751 7.6576 11.5166 7.19792 7.97879 7.18676 6.9568 6.94622 6.92954 13.9761 6.62905 6.59137 11.7053 10.6433 6.57253 6.56491 8.45527 6.54952 6.54587 6.23452 9.01704 6.19664 6.1473 6.09502
threshold=0.52863740921020519 -0.041564073413610451 -0.63421696424484242 0.42755682766437536 -0.041417989879846566 0.74501770734786998 -0.058310074731707566 1.0000000180025095e-35 -0.59283438324928273 -0.1092044487595558 0.0064603714272379884 0.18261118233203891 -0.1793769374489784 -0.019472612999379631 0.34436711668968206 -0.13636347651481626 0.25057421624660497 0.26070956885814672 -0.25056768953800196 -0.25385385751724238 -0.4361965656280517 0.6771758794784547 -0.08624818921089171 0.018588632345199588 0.0035593585344031457 0.17533558607101443 0.1726351082324982 0.11385318264365198 0.32318027317523962 -0.23117854446172711 -0.098649390041828142 -0.3650647103786468 0.32454642653465277 0.30626887083053594 0.4703300297260285 -0.12854486703872678 0.69539231061935436 0.24181059002876285 -0.020687984302639958 -0.16790798306465146 1.0000000180025095e-35 0.15574432164430621 -0.33155247569084162 0.043631728738546378 0.53458470106124889 -0.11396680027246474 -0.12323943525552748 0.035451158881187446 -0.31338028609752649 -0.36941021680831904 -0.3817730844020843 -0.3509990125894546 0.078436717391014113 0.34035235643386846 -0.36789773404598231 -0.096970535814762102 0.37676055729389196 -0.14558957517147061 -0.21649092435836789 0.55411654710769664 0.25514192879199987 0.04614412039518357 -0.13932702690362928 -0.36382457613945002 0.014165528118610384 0.31926791369915014 -0.033159213140606873 -0.029232872650027272 -0.08959516882896422 0.065911564975976958 0.33441706001758581 -0.19747184962034223 -0.41739840805530543 -0.54705911874771107 0.22810532152652743 0.35654053092002874 0.25451643764972692 0.018273725174367431 -0.38290251791477198 -0.039071030914783471 0.065411534160375609 0.041755808517336852 0.28521224856376654 -0.14436619728803632 0.22566371411085132 0.22293064743280414 0.062338020652532584 0.18462307751178744 0.014340767636895181 0.22152833640575412 -0.022156484425067898 -0.083112012594938264 0.13758340477943423 0.15345513820648196 0.0034389571519568567 -0.10245563834905623 0.37500000000000006 -0.047689907252788537 -0.10176991298794745 -0.26970116794109339 0.35231827199459081 -0.016370716504752632 -0.063731286674737916 -0.01498047588393092 0.019352679140865806 -0.27617767453193659 0.070812519639730467 -0.41821801662445063 -0.11016194894909857 -0.55179229378700245 0.14529825001955035 0.083155170083045973 -0.42270521819591517 0.1239934377372265 0.28791400790214544 0.06336244568228723 -0.023001250810921189 0.23095843195915225 0.56043720245361339 0.15901041775941852 -0.028368491679430004 -0.29929576814174647 0.35634616017341619 0.037649728357791908 -0.28504154086112971 0.50348275899887096
decision_type=2 2 2 2 2 2 2 2 2 2 2 2 2 2 2 2 2 2 2 2 2 2 2 2 2 2 2 2 2 2 2 2 2 2 2 2 2 2 2 2 2 2 2 2 2 2 2 2 2 2 2 2 2 2 2 2 2 2 2 2 2 2 2 2 2 2 2 2 2 2 2 2 2 2 2 2 2 2 2 2 2 2 2 2 2 2 2 2 2 2 2 2 2 2 2 2 2 2 2 2 2 2 2 2 2 2 2 2 2 2 2 2 2 2 2 2 2 2 2 2 2 2 2 2 2 2
left_child=1 8 11 15 7 6 64 14 10 18 13 -3 -13 -1 39 35 33 -18 19 63 -21 42 88 24 36 26 28 110 72 51 -31 -32 77 47 125 38 37 65 -4 -5 -41 43 56 -29 -45 59 53 49 -49 124 -51 52 -20 -47 -55 -56 -12 113 -52 -2 -28 62 -48 -10 -6 66 68 -68 70 -70 121 -69 -26 -74 108 119 -77 78 -22 105 -79 84 85 107 120 86 -83 -9 89 90 -17 -92 93 96 -95 -94 97 -37 99 -97 101 102 103 104 -50 -80 -107 -84 -59 -60 -27 -112 -34 115 -115 -25 -38 -66 -119 -76 -82 -24 -123 -91 -11 -33
right_child=45 2 3 4 5 -7 -8 87 9 16 21 12 -14 -15 -16 22 17 -19 29 20 32 -23 23 57 25 27 60 41 -30 30 31 34 112 -35 -36 92 116 -39 -40 40 -42 -43 -44 44 -46 46 61 48 100 50 58 -53 -54 54 55 -57 -58 74 109 -61 -62 -63 -64 -65 117 -67 67 71 69 -71 -72 -73 73 -75 75 76 -78 80 79 -81 81 82 83 -85 -86 -87 -88 -89 -90 123 91 -93 95 94 -96 98 -98 -99 -100 -101 -102 -103 -104 -105 -106 106 -108 -109 -110 -111 111 -113 -114 114 -116 -117 -118 118 -120 -121 -122 122 -124 -125 -126 -127
leaf_value=0.014278426823117179 -0.0052897013165123623 0.01602730211880855 -0.017928484560258532 0.021011033892570537 -0.0118230361037152 0.0083405430578992537 -0.01340816670224248 0.003836843462308788 0.008004563183086736 -0.016712799815216971 -0.015392868420745899 -0.005855882466763951 0.012733072598959824 -0.0060369458501298044 -0.0058266168828999621 0.0055619254951350429 0.0137625003957052 -0.0035554847367545955 0.011881226703448433 0.012657758717360317 -0.0077519172936720993 0.0038708996435175198 0.010304779024469361 0.0010833247186771437 -0.0079107422951980484 -0.013387944058176565 0.011021613212899463 -0.007723954580251411 0.0094986090234977713 -0.0048265296264530608 0.014801281712249169 -0.0013623813551318336 0.011181102398311609 -0.011385575516649805 0.0094910454228248221 0.0040892549358317945 0.0015230274536358599 0.007274471347704984 -0.00051055779376948994 0.014567435657777445 -0.0010765604222331255 0.0081941029478671528 -0.0027933544616846584 0.0061062168261666319 -0.012450598113221769 0.0087137121314535861 -0.016060612915426205 0.011380008470081608 -0.0086063929024323398 0.0039562219592077213 -0.010196564851011948 0.014859490080551149 -0.0045722368045008604 0.0045912829947115097 0.00052806272836929677 -0.013471942701883528 -0.0020603406695720522 -0.0086178768550718189 0.0064807267030056945 0.010099042808513183 -0.0021534724104762507 -0.017742919281933597 -0.002386614888512929 -0.0046181237320361661 -0.0065942224060309687 0.012384934506111785 -0.013835401336605995 -0.0048546283278916146 0.0039258841455769361 0.025611521526779393 -0.007371323777136736 0.0028137355030839429 0.0095657911907039792 -0.00017004111636684116 0.010869367574670417 -0.011918921707461333 0.0011869853333210357 -0.012193369685814651 0.010277395006447337 0.014722777895611461 0.014050846836811777 0.0024462008937924341 0.0014834891771179901 0.0074445479922250844 -0.0027767951767335413 -0.017375193361340403 -0.012541907088800314 -0.010360020652047029 0.0050404033289302265 0.0010624200114728031 -0.0052727414636583149 0.003000742222160385 -0.010576533736540245 0.013173716774458541 -0.00062395663572124577 -0.0023394894962976234 0.0086679598386304318 -0.0042280196164023159 -0.0082171683973798568 0.0096435056473861032 -0.016615152248398886 -3.7620007274237523e-05 -0.017251602156907932 -0.015506155435581342 0.0086557268135692093 -0.010608811453578429 0.0031572511693759553 -0.0098688066789915669 -0.0024542439842164597 -0.001128356067462239 0.0036055521524356836 -0.012464051269029029 -0.00012108547993818236 -0.0074338305956768349 0.0063333222145156142 0.015721041134666467 -0.010009955764763233 0.010670601331015165 -0.0047090352120416207 -0.0018006975953962256 0.00016303584875629651 0.0040274449178037642 -0.0074113883508651023 -0.013031338881720131 -0.0028261341769350054 0.0069285295985843298
leaf_weight=252 280 481 289 254 290 287 1365 250 1196 340 960 386 303 253 253 2040 401 251 282 257 466 295 551 629 528 561 944 774 496 773 387 2016 390 429 612 1008 489 2635 253 376 403 442 646 793 250 252 345 261 458 1676 421 555 307 352 448 599 268 1073 544 306 250 446 680 260 367 330 343 829 735 251 490 2980 377 5312 562 340 532 578 270 306 304 265 463 448 1177 491 351 446 5027 253 1037 2430 620 478 428 624 357 2347 459 366 295 783 326 260 270 308 463 518 3485 20496 503 453 544 608 495 342 389 394 259 259 305 2261 350 291 252 487
leaf_count=252 280 481 289 254 290 287 1365 250 1196 340 960 386 303 253 253 2040 401 251 282 257 466 295 551 629 528 561 944 774 496 773 387 2016 390 429 612 1008 489 2635 253 376 403 442 646 793 250 252 345 261 458 1676 421 555 307 352 448 599 268 1073 544 306 250 446 680 260 367 330 343 829 735 251 490 2980 377 5312 562 340 532 578 270 306 304 265 463 448 1177 491 351 446 5027 253 1037 2430 620 478 428 624 357 2347 459 366 295 783 326 260 270 308 463 518 3485 20496 503 453 544 608 495 342 389 394 259 259 305 2261 350 291 252 487
internal_value=-3.07704e-05 0.000139545 0.000847304 0.000697274 -0.00274206 -0.00635588 -0.00795439 0.00263973 -0.000758851 -0.000476163 -0.00520868 0.00797256 0.00229006 0.00402654 0.00691538 0.0010318 -0.00136121 0.00703138 0.00116616 -0.00015682 -0.00124437 -0.00738059 0.00143923 0.00085394 0.00159477 8.96204e-05 0.0016558 -0.00318059 0.000480801 0.0034571 0.00198345 0.00349837 -0.00171975 -0.00156719 0.00207561 -0.00142716 0.00298403 0.00347581 -0.00986036 0.0100849 0.0064477 -0.000269894 -0.00917712 -0.00235311 0.00160422 -0.00472113 -0.00612489 -0.0014054 -0.00502275 -0.00099919 -0.000744593 0.00892556 0.00326778 -0.00236189 -0.00439026 -0.00745106 -0.0125062 -0.00130573 -0.00111365 0.00267985 0.00822382 -0.010321 -0.00704234 0.0057161 -0.00224061 0.00237357 0.00199107 -0.000101122 0.00387074 0.00950926 0.00233606 0.00113357 -0.000236493 0.000472502 -0.00250103 0.00128353 -0.00389165 -0.00260082 0.00103536 0.0041112 -0.00395359 -0.00283954 -0.0052691 -0.000713359 0.000592883 -0.0111139 -0.00605269 -0.00519802 0.00316043 0.00159264 0.00239158 0.000515105 -0.00073621 0.000727154 0.0066193 -0.00401588 -0.000704445 -0.00171733 -0.00117901 0.00206313 -0.00683886 -0.00543588 -0.00862496 -0.00572489 -0.0021537 0.000942479 -0.00230619 -0.0044772 -0.00391481 -0.000929344 -0.00749064 -0.00398479 0.00456613 0.002278 -0.00122069 0.00628642 -0.00354952 0.000474089 0.0045112 0.00682261 0.00715315 0.00385522 0.00247597 -0.0064112 -0.010855 0.000242722
internal_weight=105686 101978 57062 55892 4944 2962 2675 1982 44916 42242 2674 1170 689 505 1286 50948 27463 652 14779 9360 7904 2169 43719 32641 24316 11683 7907 3776 6713 5419 4275 3502 7647 26811 3115 7229 12633 11755 542 1033 779 2259 1874 1817 1043 3708 3122 26382 2653 23729 23137 1144 589 1651 1399 1047 1228 8325 21461 586 1194 1471 1025 1456 1310 9120 8790 4152 4638 986 3652 3809 6217 5689 6251 1693 872 6713 1813 1347 4900 4322 2536 1429 1786 1107 616 696 11078 6051 5507 3467 6687 4618 906 2069 3712 3355 1449 990 2392 2097 1314 988 728 1041 771 981 4558 21040 1517 956 934 2074 1103 971 878 1020 653 821 609 3162 2611 544 592 2503
internal_count=105686 101978 57062 55892 4944 2962 2675 1982 44916 42242 2674 1170 689 505 1286 50948 27463 652 14779 9360 7904 2169 43719 32641 24316 11683 7907 3776 6713 5419 4275 3502 7647 26811 3115 7229 12633 11755 542 1033 779 2259 1874 1817 1043 3708 3122 26382 2653 23729 23137 1144 589 1651 1399 1047 1228 8325 21461 586 1194 1471 1025 1456 1310 9120 8790 4152 4638 986 3652 3809 6217 5689 6251 1693 872 6713 1813 1347 4900 4322 2536 1429 1786 1107 616 696 11078 6051 5507 3467 6687 4618 906 2069 3712 3355 1449 990 2392 2097 1314 988 728 1041 771 981 4558 21040 1517 956 934 2074 1103 971 878 1020 653 821 609 3162 2611 544 592 2503
is_linear=0
shrinkage=0.0667171


Tree=11
num_leaves=127
num_cat=0
split_feature=73 0 92 92 182 201 92 167 21 73 15 4 170 21 10 10 197 16 20 69 10 19 105 99 96 24 74 10 95 162 201 74 30 169 17 95 95 16 96 5 15 19 24 21 95 4 84 17 5 20 4 95 13 20 20 11 10 21 95 201 99 24 148 84 99 20 15 105 160 99 19 10 11 11 10 99 17 158 73 1 171 84 61 201 0 70 0 15 79 19 10 14 5 73 155 84 15 97 14 81 80 5 62 181 148 82 19 74 16 182 99 24 96 24 107 14 17 73 10 82 150 105 111 24 201 99
split_gain=14.1066 26.5333 14.1984 11.3162 17.2509 10.8434 11.8762 10.8338 14.7109 13.8879 16.5956 18.0795 13.2516 13.1926 13.5681 12.1864 18.9752 11.6002 11.2218 12.3854 11.352 27.0074 11.5176 11.3541 14.6088 10.7545 10.4949 10.4441 10.5874 10.4198 10.3193 10.2497 9.86409 9.84386 13.5279 9.7238 12.9644 9.7079 9.67128 10.0263 9.20121 8.97785 8.95367 8.51751 8.3279 8.22943 15.9922 11.3346 13.2209 12.9036 20.0588 10.0495 10.802 10.6311 20.6535 8.78648 13.6919 11.8031 11.4084 10.1244 11.5548 13.238 9.95437 9.24958 8.39567 12.539 10.5058 8.35758 8.11821 13.3067 10.1131 15.5734 16.2431 11.6049 8.73642 8.86711 8.57463 8.08232 13.1964 9.98955 8.81682 9.10057 8.74087 8.71111 13.793 10.1118 10.4646 9.39743 12.3237 8.02678 13.3039 10.2992 8.0117 7.99922 9.49421 7.9754 8.95085 8.04318 7.97086 13.7384 10.333 10.1586 17.5604 7.89514 7.88513 7.85665 7.68896 7.58627 7.45003 7.85592 7.42896 8.43796 7.42437 7.42132 7.25681 8.63812 7.25014 16.353 7.22257 7.21595 7.18486 7.14434 7.08867 7.08706 17.3885 9.30381
threshold=0.51231443881988536 -0.08664772659540175 -0.20473338663578031 0.024635079316794876 -0.36712116003036493 0.038936726748943336 -0.28272423148155207 0.80968847870826732 -0.83425775170326222 -0.63421696424484242 0.69539231061935436 0.30632472038269049 0.23517329990863803 0.082221858203411116 0.34081436693668371 0.36403605341911321 0.040511565282940872 0.35422933101654058 0.31519766151905065 -0.40321415662765497 0.22125291824340823 0.63831084966659557 0.56920549273490917 -0.32047457993030543 -0.28546586632728571 -0.38514836132526392 0.10240160673856737 1.120380222797394 0.18592425435781482 0.57335627079010021 -0.11525852978229521 0.36234590411186224 0.36374704539775854 -0.21879462152719495 0.014165528118610384 0.61579298973083507 0.53195312619209301 0.36394052207469946 -0.037144035100936883 -1.0000000180025095e-35 0.046161539852619178 0.54896092414855968 0.11998276785016061 0.38303752243518835 0.18218766152858737 0.23103451728820804 -0.13615865260362622 0.0096713884267956036 0.37500000000000006 -0.12771724909543988 0.38780803978443151 -0.35156597197055811 -0.28439645469188685 0.1048441305756569 -0.0093719605356454832 -0.53208833932876576 0.42462004721164709 -0.20489069819450376 -0.17855909466743466 -0.40387429296970362 0.62177622318267833 0.42301626503467565 -0.30200934410095209 0.48926751315593725 0.49323800206184393 -0.047780890017747872 0.24539230763912204 -0.23963473737239835 0.027848706580698494 0.48007445037364965 0.034564195200800903 -0.16784852743148801 0.24056420475244525 -0.070234917104244218 0.023795988410711292 -0.067283254116773591 0.29873444139957434 -0.42282466590404505 -0.02671374753117561 -0.13494318723678586 -0.046069711446762078 -0.23924478143453595 -0.049936790019273751 -0.26563733816146845 -0.052556818351149552 -0.34752933681011194 -0.17471590638160703 -0.16229999810457227 0.096473399549722685 0.081120450049638762 -0.10086229071021079 -0.11755208298563956 -1.0000000180025095e-35 0.64374932646751415 -0.0086203073151409609 -0.050743421539664262 -0.20845384895801541 -0.20855638384819028 0.35413689911365515 0.11457459628582002 0.4167726337909699 0.37500000000000006 0.20662460476160052 0.13071105629205707 -0.11977811157703398 -0.068966247141361223 -0.045782700181007378 0.065266955643892302 0.14152604341506961 0.027142549864947799 0.20338791608810428 -0.018410127609968182 -0.15418203175067899 -0.14083069562911985 -0.077238332480192171 0.47584077715873724 0.44844323396682745 -0.10346198827028273 -0.14468729496002194 -0.0031520867487415667 -0.26363964378833765 0.38103614747524267 -0.014971178490668533 0.1845953315496445 0.019146331585943702 -0.023429735563695427
decision_type=2 2 2 2 2 2 2 2 2 2 2 2 2 2 2 2 2 2 2 2 2 2 2 2 2 2 2 2 2 2 2 2 2 2 2 2 2 2 2 2 2 2 2 2 2 2 2 2 2 2 2 2 2 2 2 2 2 2 2 2 2 2 2 2 2 2 2 2 2 2 2 2 2 2 2 2 2 2 2 2 2 2 2 2 2 2 2 2 2 2 2 2 2 2 2 2 2 2 2 2 2 2 2 2 2 2 2 2 2 2 2 2 2 2 2 2 2 2 2 2 2 2 2 2 2 2
left_child=2 -2 5 89 -5 6 103 8 12 15 18 13 -4 26 17 16 -10 -15 20 -20 21 23 35 -11 -25 -26 37 28 -17 44 -9 -13 33 34 113 36 38 -12 39 -22 -7 110 -41 68 -6 55 -47 48 49 50 -48 53 -53 54 -51 56 -40 58 -57 -60 61 62 -61 64 65 66 -59 -67 69 70 73 76 -73 74 75 -35 -72 79 80 -8 81 -79 -83 84 -80 -85 -87 -88 -89 112 91 -91 -52 -92 -95 96 -75 -97 99 -21 101 102 -101 -1 -50 -66 -36 -74 123 -110 111 -32 -3 -27 -70 120 -49 -118 -46 -19 -116 -39 -16 125 -125 -98
right_child=1 3 7 4 29 40 77 30 9 10 11 31 -14 14 122 27 -18 119 19 98 22 -23 -24 24 25 32 -28 -29 -30 -31 41 -33 -34 43 106 -37 -38 121 45 42 -42 -43 -44 -45 118 46 47 116 104 51 92 52 -54 -55 -56 57 -58 63 59 60 -62 -63 -64 -65 105 67 -68 -69 114 -71 71 72 107 95 -76 -77 -78 78 83 -81 -82 82 -84 85 -86 86 87 88 -90 90 93 -93 -94 94 -96 97 108 -99 -100 100 -102 -103 -104 -105 -106 -107 -108 -109 109 -111 -112 -113 -114 -115 115 -117 117 -119 -120 -121 -122 -123 -124 124 -126 -127
leaf_value=0.0065840038458680333 -0.022421065156187053 0.0026522279159516115 -0.010351106050505734 0.0065634233086587042 -0.0051323329744293053 0.0055416348743015905 -0.0047113259696933687 0.012615422754853502 0.0077803261197242563 -0.0075831506170693577 0.010666761631190447 -0.018985800790506956 0.0041617277895202491 0.0033922559056218959 0.011779046756826341 0.02587039222604938 -0.0075418060702002907 -0.016215741619640987 -0.00709785838162402 0.0067074331840752503 -0.016591815013593521 0.017004635212064672 0.0069791327338016374 0.014924127737016285 0.012437843004791926 0.0052962441543812321 0.01557562041907481 0.0014231295333360253 0.0082037990722874602 -0.00046204321997281718 -0.0022808803879034493 -0.0026257629496258235 -0.0018640038148977631 -0.0020653346535830343 -0.0066222928282341229 -0.011618139616984971 0.01323012905829328 -0.012198368595320046 0.010070379827363946 0.006541738963691617 -0.0028882135988134287 -0.0057236618572610682 -0.0079312285163742596 -0.010138409779663179 -0.026853404951993936 0.0081483278161893907 0.016732088571123963 0.0090471757713459344 -0.0051688174975036928 -0.0048563104733192197 -0.0083529114166418922 -0.0020568162751449302 -0.015995804705827624 -0.010194218372923221 0.01715434423913546 0.0040032832894737339 -0.0039238645151866685 0.007640242000887843 -0.018412976009392634 0.0076447435262354448 -0.017799538499755498 -0.014831158467546712 -0.0055972864365150367 0.0092651469284187691 0.011689823975992697 -0.012190243644422233 -0.0066091066175945684 -0.0033335536719167696 0.0032636467771159699 -0.01274236683798583 -0.00045666878067056495 0.0050321737937994993 -0.010534207643358579 -0.012016163216333324 0.00056627125644626128 -0.0081694850215221562 -0.01611453953994452 -0.013279232635221946 -0.019879153979132633 0.010092438330968425 -0.013002211560055503 -0.0083004399171122227 0.0080274146823999058 0.0077101527390685508 -0.0016840413733678736 0.0099810999720919003 -0.014232468378941711 -0.0063657526944746268 0.0034599524208280222 0.0027433024890099675 -0.0075672695279677214 0.020001040108604207 0.0055609745051650632 0.013557162030750785 -0.0036036717533912514 -0.003827749593093011 0.0095862554952009932 0.0030509658825332961 0.014367469171558086 -0.0016637934757878182 0.0058475790635183411 0.0058014529223295499 -0.021542713040180433 -0.0035409475710169243 -0.020648780370292909 -0.0016152959296045187 0.0077127871802380238 0.00093947108605212635 -0.0073351244030003954 0.0021820914421611486 0.014023460778367585 0.0099907905444109966 -0.0079369904547052818 0.02056853420275841 -0.010315592956200841 0.0064348428845517319 0.0099278266865757969 -0.0084052668570495474 -0.012050715079329113 -0.005383888745835729 0.00042466248469263029 0.0028140955205633754 -0.0025749522723674187 0.0014871969571808718 -0.012974360042421721 -7.3656412270048211e-07
leaf_weight=836 304 483 1020 358 360 1358 440 587 908 729 275 483 379 288 258 287 590 633 449 2787 358 451 734 320 342 254 270 312 332 391 649 269 6298 2758 346 413 266 275 584 275 991 447 589 312 251 1074 398 700 357 438 389 508 490 301 328 348 655 615 406 429 333 365 605 337 330 795 362 1206 9129 351 354 5179 456 313 2358 1738 280 318 318 369 1232 261 322 462 448 254 351 1458 922 322 473 300 342 258 311 855 793 6183 333 653 712 329 283 572 255 474 315 568 1153 570 318 398 732 338 282 1064 394 473 387 502 9850 278 361 1843 459 1020
leaf_count=836 304 483 1020 358 360 1358 440 587 908 729 275 483 379 288 258 287 590 633 449 2787 358 451 734 320 342 254 270 312 332 391 649 269 6298 2758 346 413 266 275 584 275 991 447 589 312 251 1074 398 700 357 438 389 508 490 301 328 348 655 615 406 429 333 365 605 337 330 795 362 1206 9129 351 354 5179 456 313 2358 1738 280 318 318 369 1232 261 322 462 448 254 351 1458 922 322 473 300 342 258 311 855 793 6183 333 653 712 329 283 572 255 474 315 568 1153 570 318 398 732 338 282 1064 394 473 387 502 9850 278 361 1843 459 1020
internal_value=6.57996e-05 -0.00341722 0.000236613 -0.00215262 -0.00638514 -0.00203499 -0.00313802 0.000512904 0.000391123 0.000501848 0.000356936 -0.00389423 -0.00638588 -0.00165649 -0.004832 0.00547259 0.00172249 -0.00842246 0.00056497 0.00345963 0.000348039 0.000797074 -0.00116899 0.00066719 0.000775333 0.000692971 0.00421723 0.0114638 0.0164763 -0.00975921 0.00493434 -0.0131726 0.000619411 0.000938579 0.00677221 -0.00154147 -0.00127415 0.00045403 -0.00152691 -0.00722068 0.00196913 0.00242059 -0.00328199 0.000784903 -0.0133725 -0.0010368 0.000724857 -0.000755055 -0.0027261 -0.000992711 0.00472101 -0.00413405 -0.00894024 0.000332425 0.00453586 -0.00248883 0.00264527 -0.00345811 -0.00708889 -0.00891721 -0.00665782 -0.00396142 -7.01975e-05 -0.00125716 -0.00220815 -0.00384655 0.00231482 -0.00687352 0.000857747 0.00010337 0.000273352 0.0024893 0.0035114 -0.000481049 -0.00270844 -0.00443386 -0.00742863 -0.0042418 -0.00504387 0.00199868 -0.00932349 -0.00425212 0.000647459 -0.00286689 -0.00929572 -0.0014238 -0.00285328 -0.00406779 -0.00254521 0.000406715 0.00342542 0.0111312 -0.00178926 -0.00114995 0.0041248 0.000674106 -0.0010767 0.00220911 0.00440009 0.00369121 -0.000545146 -0.00417726 -0.007734 0.00244228 -0.0116901 0.00380911 0.000171429 -0.00413748 -0.00048067 -0.00416399 0.00511685 0.0023637 -0.00369643 0.0140796 0.00186673 0.000724572 0.00400674 -2.68769e-05 -0.0179632 -0.0114611 0.000120321 -0.00459261 0.00335596 0.0010549 -0.00138978 0.00417669
internal_weight=105694 4930 100764 4626 1747 10912 8563 89852 87453 86054 83625 3892 1399 3140 2042 2429 1498 1423 79733 5546 74187 57261 16926 56810 56081 55761 1098 931 619 1389 2399 752 55419 49121 1253 16192 15779 828 15513 1222 2349 1812 864 47868 998 14291 6447 5373 3806 3194 1129 2065 998 1067 766 7844 1239 6605 2486 2138 1732 1399 1034 4119 3782 2978 977 2001 47556 27231 26880 6837 6203 20043 6854 4496 634 7155 6346 809 2133 901 583 4213 766 3447 2985 2731 2380 2879 1664 622 731 1042 569 13189 6151 7038 5097 4764 1977 1265 936 1408 612 804 661 1024 5838 1723 1365 1047 1215 592 20325 11196 1567 867 638 1135 10132 553 619 4115 2302 1813
internal_count=105694 4930 100764 4626 1747 10912 8563 89852 87453 86054 83625 3892 1399 3140 2042 2429 1498 1423 79733 5546 74187 57261 16926 56810 56081 55761 1098 931 619 1389 2399 752 55419 49121 1253 16192 15779 828 15513 1222 2349 1812 864 47868 998 14291 6447 5373 3806 3194 1129 2065 998 1067 766 7844 1239 6605 2486 2138 1732 1399 1034 4119 3782 2978 977 2001 47556 27231 26880 6837 6203 20043 6854 4496 634 7155 6346 809 2133 901 583 4213 766 3447 2985 2731 2380 2879 1664 622 731 1042 569 13189 6151 7038 5097 4764 1977 1265 936 1408 612 804 661 1024 5838 1723 1365 1047 1215 592 20325 11196 1567 867 638 1135 10132 553 619 4115 2302 1813
is_linear=0
shrinkage=0.0667171


Tree=12
num_leaves=127
num_cat=0
split_feature=152 11 73 20 1 16 99 11 200 18 105 81 95 18 33 12 155 10 3 33 80 12 198 95 104 12 82 95 180 17 168 19 147 105 92 92 21 3 12 17 80 152 16 18 153 15 36 99 81 81 171 21 21 21 155 95 11 84 17 17 104 12 61 73 92 10 156 3 21 10 20 73 70 95 84 168 200 104 19 153 11 14 33 146 73 92 33 20 96 11 21 18 92 198 95 84 21 14 4 12 4 197 81 15 92 12 17 17 82 13 95 82 96 19 59 143 153 82 92 196 157 20 16 95 95 157
split_gain=16.673 16.6163 15.9216 16.4167 15.5313 15.9129 14.9668 13.853 13.6943 12.8633 15.5443 14.8178 14.0663 14.0029 16.3051 17.6848 12.2294 11.5161 18.8675 13.9139 13.7465 13.2066 12.0263 11.8397 17.5356 11.5761 11.5315 11.389 16.4299 14.5982 12.999 13.589 11.101 10.5415 10.9952 10.4536 10.3756 10.3452 10.0668 15.3549 11.9683 11.7706 11.6963 9.9675 14.0658 16.6248 10.5116 14.195 13.7127 10.4851 13.3985 17.2446 12.4507 11.0987 10.2931 9.89833 10.4613 9.88559 11.2985 11.8839 11.8813 10.855 12.6245 11.3814 13.0915 11.2647 9.97922 9.8668 9.76038 10.1471 11.8271 11.43 11.2503 11.5312 10.0376 9.72856 9.29294 9.22585 9.66952 9.17909 9.13361 9.10768 8.97114 8.96039 8.81807 8.79055 8.53143 10.379 11.5493 8.46544 8.56503 8.45116 8.39207 8.36142 11.0332 10.315 8.31307 10.5653 8.26971 8.20374 9.17767 8.13431 8.13149 8.09488 9.1046 9.5049 8.62642 17.9158 14.1554 13.2561 13.9263 12.6387 11.3557 8.06005 7.97433 7.89374 7.81987 13.0021 7.66653 7.651 10.8313 8.14303 9.09526 7.59715 9.62882 12.7573
threshold=0.46118342876434332 -0.089023727923631654 -0.54161217808723439 0.45837846398353582 -0.48153407871723169 -0.03883762285113334 -0.25329688191413874 -0.03685841150581836 0.16927323490381244 -0.26967006921768183 -1.079591631889343 1.1583784818649294 -0.12718959897756574 0.10021138936281206 -0.37212073802947992 0.17028047889471057 -0.098153196275234209 0.23635057359933856 -0.49484245479106898 -0.38361127674579615 0.31676514446735388 0.49039496481418615 -0.088170096278190599 0.070935856550931944 -0.056376472115516656 0.89210075139999401 -0.3704767227172851 0.11867989227175714 -0.091366145759820924 -0.24821672588586804 0.62409603595733654 -0.22133846580982205 -0.21322276443243024 -0.53343850374221791 -0.031920228153467171 -0.22627791762351987 0.50832301378250133 0.13290300965309146 -0.050927303731441491 0.1209462881088257 0.36100783944129949 0.66429185867309581 0.13127852231264117 0.12257515639066698 0.099668819457292571 -0.083069231361150728 0.56690141558647167 -0.025610807351768013 -0.13214699178934095 0.089391369372606291 -0.022331515327095982 -0.018920064903795716 0.028737356886267666 0.11110929772257806 0.11173642054200174 0.72112450003623974 -0.34433208405971522 0.17833549529314044 0.17850723117589953 0.34263321757316595 -0.0089758373796939833 -0.11396680027246474 -0.015802781563252207 -0.095021031796932207 0.13048602640628817 -0.1590592488646507 0.05326527543365956 0.46216037869453436 0.35758890211582189 0.27590891718864446 -0.099021356552839265 -0.084550153464078889 0.27275888621807104 -0.17224117368459699 0.12969630211591723 -0.049248615279793732 0.016945416107773784 0.36756783723831182 0.52245265245437633 -0.080160342156887041 -0.011496810708194969 -0.12499256059527396 -0.12704991549253461 0.25624422729015356 -0.28912578523159022 1.0000000180025095e-35 0.56368404626846325 0.11506250873208047 -0.025172610767185685 -0.56883460283279408 -0.60660034418106068 0.10021138936281206 0.15077020227909091 0.15222056210041049 -0.24336144328117368 0.1371225789189339 0.46329854428768164 -0.068444941192865358 -0.31447555124759669 -0.15626215934753415 -0.4771131426095962 -0.074412047863006578 0.032454999163746841 -0.019223077222704884 -0.14246678352355954 -0.10474527627229689 0.45854604244232183 0.22938089072704318 -0.032774485647678368 0.18432364612817767 0.21354970335960391 0.070691883563995375 -0.12298110499978064 -0.12596915662288663 0.20054435729980472 -0.090201180428266511 0.19492654502391818 0.056415839120745666 0.57984471321105968 -0.14986644685268399 0.18637724220752719 0.02531452011317015 -0.098443772643804536 0.17451039701700213 0.28234568238258367 0.15622522681951526
decision_type=2 2 2 2 2 2 2 2 2 2 2 2 2 2 2 2 2 2 2 2 2 2 2 2 2 2 2 2 2 2 2 2 2 2 2 2 2 2 2 2 2 2 2 2 2 2 2 2 2 2 2 2 2 2 2 2 2 2 2 2 2 2 2 2 2 2 2 2 2 2 2 2 2 2 2 2 2 2 2 2 2 2 2 2 2 2 2 2 2 2 2 2 2 2 2 2 2 2 2 2 2 2 2 2 2 2 2 2 2 2 2 2 2 2 2 2 2 2 2 2 2 2 2 2 2 2
left_child=1 4 79 27 5 8 -6 -2 55 16 -11 12 13 14 -12 37 82 19 -19 102 22 32 85 24 26 115 -21 33 -29 114 31 -31 -22 -4 43 -25 -5 -16 39 42 96 -42 -9 44 77 -46 47 48 -47 50 52 80 -45 75 -50 56 -1 58 60 -60 -36 62 -61 -63 65 -65 -66 -54 69 70 72 -71 73 74 -62 -51 86 78 81 98 -52 -35 -8 -39 -83 -20 87 88 -64 90 -24 -73 -38 94 95 -15 97 -40 -3 -26 -101 -41 -14 104 -33 -106 107 109 112 110 -105 123 -108 -109 -30 -23 117 -49 -43 -37 -121 122 -122 -111 125 -125
right_child=7 2 3 36 6 -7 9 38 -10 10 11 -13 17 93 15 -17 -18 18 20 23 21 25 89 35 99 -27 -28 28 29 30 -32 103 -34 34 57 119 92 83 40 101 41 118 -44 49 45 46 -48 116 54 53 51 -53 67 -55 -56 -57 -58 -59 59 61 68 63 76 64 66 -67 -68 -69 -70 71 -72 91 -74 -75 -76 -77 -78 -79 -80 -81 -82 84 -84 -85 -86 -87 -88 -89 -90 -91 -92 -93 -94 -95 -96 -97 -98 -99 -100 100 -102 -103 -104 106 105 -107 108 113 -110 111 -112 -113 -114 -115 -116 -117 -118 -119 -120 120 121 -123 -124 124 -126 -127
leaf_value=0.027244617174933233 -0.018970105925759911 0.0036348738449454958 -0.010341595330896949 0.017569190841064442 -0.0092179247781153766 -0.0094980577402868326 0.019699462470154958 0.014041922556083572 -0.0028263357408736902 -0.010789004552027819 -0.022601461203499484 0.0073715608428194992 0.01875362602940759 0.0073585044081351941 0.0044539665623858386 0.0095772671835904228 0.00051759652824355854 0.0083859562962419303 -0.0041509810536174523 -0.0033819071357034866 -0.014997633932818969 0.0032925277254841306 -0.0063617761266389888 -0.0093489979676997948 -0.012135787837059554 -0.0051211090011786375 0.0083930480327195824 -0.004555075588229489 0.014044107480789063 0.0049295966028902096 0.0079927301988090005 0.0014612966126204404 0.0008795170808010306 -0.00330799370081335 0.0088429297340303966 0.0024147246111448305 0.0071579253221498891 -0.0093486040182334564 -0.017267795736839356 -0.01488660004017045 0.011353061277953831 -0.012227232517059814 -0.0014417992987651842 0.0085648047044129105 -0.012894878021177865 -0.010145808975749345 -0.013818566881562707 -0.0077671949030078038 0.010212993277345836 -0.0062697061807650998 -0.0045849940186789544 0.00061676995155080406 0.002427554945916296 0.014413997530219616 -0.0014992668639116889 0.0017475077819048893 0.010388008594373577 0.0050514462371799955 -0.0046208430342776193 0.0085226678380440259 -0.019458138770833522 0.0077107552681981023 -0.0075743422859868023 -0.0093263589698885513 -0.0037064255228330656 0.0045294902963700463 -0.016062582727610727 -0.010429103014479062 -0.008994437356526698 0.0020256723204697892 0.0067056213145951027 -0.016415447676747998 0.0080864247271900929 0.0061603290861105423 -0.0017447410755060671 0.0073892800182098631 0.011431789340791938 0.0093505540568929683 -0.0081941238697515253 -0.0014612924076495015 -0.019351129264357416 0.013803112445513518 0.0050879807752850781 5.8819195802726558e-05 0.0011894295354271289 -0.016150589722139067 -0.0068280905879841095 0.013813817657419541 0.0098970909174239743 -0.0068195152292719868 0.0092012309681610491 -0.00090271947358595991 -0.0050829957736273209 0.0074651056496944992 -0.0079263557718726278 -0.0053443180227757863 -0.0035020601992315284 -0.0044272985449359363 0.015128462805843932 0.0084097613087323123 -0.0023077300230082269 0.00062595885650817821 0.0026589074389512628 -0.006030565952691273 -0.014113368870722514 -0.0029271414882991384 -0.0030686897884857583 0.014652859515879137 0.0011063433508028896 -0.0084831635415261748 0.011234185917904501 -0.014655427403328404 -0.018131498533628127 0.0035827989778860229 -0.0003240015486590986 0.019428095906762526 -0.010322399941811774 0.0087026723894219025 0.0036867418459848658 -0.0034029769996967566 -0.0044379302919453148 0.0074463866331679453 0.0076850939293281366 0.013161165025312992 -0.0050840546367951021 -0.0046193119733420294
leaf_weight=252 251 480 355 334 1011 266 266 492 367 770 260 867 273 682 329 318 2831 547 412 440 329 259 272 682 282 256 2148 4295 505 1466 768 535 467 2139 1407 2450 1148 2789 641 278 337 275 378 1380 775 280 311 525 901 347 438 2123 1510 564 520 302 495 4395 2052 1443 288 483 482 344 795 1045 465 319 331 1559 3142 310 404 257 286 677 287 490 599 373 332 253 648 527 7199 844 751 265 254 1381 361 320 312 505 842 481 1170 527 691 445 1718 313 293 323 707 662 443 408 875 627 563 452 457 1064 251 291 775 354 254 5609 971 807 380 425 737 303
leaf_count=252 251 480 355 334 1011 266 266 492 367 770 260 867 273 682 329 318 2831 547 412 440 329 259 272 682 282 256 2148 4295 505 1466 768 535 467 2139 1407 2450 1148 2789 641 278 337 275 378 1380 775 280 311 525 901 347 438 2123 1510 564 520 302 495 4395 2052 1443 288 483 482 344 795 1045 465 319 331 1559 3142 310 404 257 286 677 287 490 599 373 332 253 648 527 7199 844 751 265 254 1381 361 320 312 505 842 481 1170 527 691 445 1718 313 293 323 707 662 443 408 875 627 563 452 457 1064 251 291 775 354 254 5609 971 807 380 425 737 303
internal_value=1.83145e-05 0.000204291 0.000855877 0.000689073 -0.000925579 0.00532723 -0.00122703 -0.00377379 0.00815431 -0.000988125 -0.00144494 -0.00119934 -0.00146045 -0.00412786 -0.00647306 -0.00539683 0.0026959 -0.00063924 -0.00330718 0.000235396 -0.00463127 0.000408812 -0.00711109 -0.000128011 0.00254516 0.00643903 0.00637313 0.00050159 -0.00103207 0.000273138 -0.000350684 -0.00099348 -0.00564946 0.0010488 0.00114163 -0.00136581 0.00697432 -0.00671852 -0.0029421 0.00162645 -0.00503608 0.00162233 0.00727469 0.000121462 -0.000871516 -0.00402661 -0.00213812 -0.0010372 0.00322658 0.00207789 0.00081485 -0.00246932 0.00378553 0.00690494 0.00590183 0.0120361 0.0161551 0.00222922 0.00149597 -0.000185428 0.00325437 0.00118641 0.00375164 -0.00165464 -0.0033815 0.00106071 -0.00830234 0.000159067 0.00210774 0.00267546 0.00453091 -0.00101873 -0.000971768 -0.00543302 -0.0107026 0.00272609 0.000356412 0.000437707 4.10056e-06 0.00754351 -0.0110064 0.000521303 0.00939612 -0.0078417 0.00162572 -0.0122412 -0.00145262 0.00254992 -0.00148061 -0.00389019 0.00244854 -0.00859355 0.00451412 -0.000169358 -0.00211304 0.00207062 -0.00751889 -0.0115086 0.0104498 -0.001493 -8.17156e-05 -0.00661768 0.0104864 -0.00201047 -0.00584774 -0.00873327 -0.000910142 0.000526848 -0.00489309 -0.00210706 0.00488982 -0.00456094 -0.0107612 0.00668226 0.00921856 0.0119018 -0.0054407 -0.00109496 -0.00451951 -0.000828024 -0.00185563 0.00214877 -0.000993407 -0.00235429 0.000254699 0.0057081
internal_weight=105376 100460 63735 62191 36725 1682 35043 4916 1416 34032 30287 29517 28650 6733 4223 3963 3745 21917 5419 16498 4872 1602 3270 15932 5033 806 2588 60397 15866 11571 10815 10047 796 44531 44176 10899 1794 3645 4665 1461 3204 866 870 22811 15121 4441 3666 3355 1701 7690 6102 2893 3209 1588 1421 1049 747 21365 16970 8666 8304 6614 3482 3132 2649 1389 1260 1829 6897 6566 4377 2189 1235 831 574 1024 2039 10680 10190 1544 770 9591 914 3316 7452 1256 1752 1001 736 2014 633 630 1460 2510 2005 1163 2338 1168 1171 2445 2163 591 566 8581 1904 1369 6677 4902 1775 3430 886 2544 900 1472 756 550 1654 879 529 10217 7767 2158 1351 2092 1465 728
internal_count=105376 100460 63735 62191 36725 1682 35043 4916 1416 34032 30287 29517 28650 6733 4223 3963 3745 21917 5419 16498 4872 1602 3270 15932 5033 806 2588 60397 15866 11571 10815 10047 796 44531 44176 10899 1794 3645 4665 1461 3204 866 870 22811 15121 4441 3666 3355 1701 7690 6102 2893 3209 1588 1421 1049 747 21365 16970 8666 8304 6614 3482 3132 2649 1389 1260 1829 6897 6566 4377 2189 1235 831 574 1024 2039 10680 10190 1544 770 9591 914 3316 7452 1256 1752 1001 736 2014 633 630 1460 2510 2005 1163 2338 1168 1171 2445 2163 591 566 8581 1904 1369 6677 4902 1775 3430 886 2544 900 1472 756 550 1654 879 529 10217 7767 2158 1351 2092 1465 728
is_linear=0
shrinkage=0.0667171


Tree=13
num_leaves=127
num_cat=0
split_feature=153 22 105 16 95 168 20 201 18 97 104 20 73 62 95 20 11 11 20 150 4 18 0 73 19 81 101 79 12 18 95 14 61 19 10 95 11 3 200 11 84 19 14 182 102 18 4 105 81 97 18 73 12 20 11 12 197 17 97 5 73 3 14 20 24 16 170 84 12 12 20 20 5 73 18 74 149 10 11 17 104 140 18 199 36 13 4 150 99 13 34 4 201 162 20 95 95 171 103 95 201 5 12 178 105 44 168 84 20 11 199 18 16 10 18 5 199 61 20 13 200 81 33 102 4 95
split_gain=15.0018 13.6595 11.0078 9.94391 13.7183 11.8514 12.5031 21.2228 11.2378 10.6737 9.77694 9.27601 11.1738 18.4123 13.2847 12.4511 12.3206 10.4244 13.6489 10.868 9.99201 10.0976 9.65809 9.48465 9.37043 10.6837 10.4253 9.32438 9.00055 8.90607 11.8324 12.091 16.7989 10.4984 9.46311 9.41964 8.6223 8.33566 10.5431 8.31143 8.09661 8.07781 8.01069 7.99747 10.3803 12.5803 16.1036 10.1057 10.9432 9.77496 10.6087 9.29655 14.4477 12.607 9.09048 16.3107 9.73893 8.96707 8.99493 8.52131 9.32311 7.98968 8.76265 7.95882 9.23004 11.0692 11.1161 9.00035 7.85441 10.7891 8.98898 9.65452 9.56532 8.7194 7.77 7.7405 9.30149 9.91645 7.65007 7.85781 7.61172 7.74835 8.16675 11.9297 11.0873 7.48476 7.48004 7.54598 7.41941 7.38782 7.38229 7.28453 7.70366 7.27735 7.25236 8.60932 9.04738 8.82921 7.82959 7.64022 9.20998 8.06666 7.50688 7.17243 7.71124 7.15419 7.50442 7.13723 9.4001 7.47928 9.44566 7.62241 9.54608 10.6853 7.12252 7.10503 10.3941 8.01739 7.06771 7.0104 6.83673 6.80725 6.79673 6.64217 6.61724 8.34056
threshold=0.52863740921020519 -0.097164265811443315 0.3915593028068543 0.2748179435729981 0.10518329218029977 0.52427208423614513 0.44688706099987036 0.19220368564128879 -0.11541661992669104 0.65770316123962413 0.34856800734996801 -0.672428399324417 0.048956038430333144 0.21713985502719882 0.092663154006004347 -0.57604479789733876 0.075628016144037261 -0.13800794631242749 0.0092597450129687803 0.26965895295143133 0.06094936095178128 1.0000000180025095e-35 0.23437500000000003 -0.28912578523159022 -0.16098526120185849 -0.15952076762914655 0.058589423075318343 0.20304214954376223 -0.19741270691156385 -0.26967006921768183 -0.38907180726528162 0.62379461526870739 1.0107459425926211 0.66167718172073375 -0.19595953822135923 -0.1909973546862602 0.15776491910219195 -0.37866973876953119 -0.015491787344217299 -0.081091318279504762 0.31398293375968939 0.13721898198127749 -0.096718750894069658 0.27091543376445776 0.056941561400890357 0.031402070075273521 -0.24637155234813687 0.15588226914405826 0.5201740860939027 0.47186765074729925 0.023945228196680549 -0.10717562213540076 0.0021980537567287688 -0.17757815122604367 -0.093953743577003465 0.015163136646151544 0.13460892438888553 -0.1370173245668411 -0.023969310335814949 1.0000000180025095e-35 -0.15673564374446866 -0.48477418720722193 0.019352679140865806 0.6061491370201112 -0.29613210260868067 0.14661835134029391 0.035015597939491279 -0.25101284682750696 -0.16674298793077466 -0.094441901892423616 0.28155601024627691 -0.03561871871352195 -0.37499999999999994 0.14633584022521975 0.19457418471574786 0.26888683438301092 0.11657078564167024 -0.11681153625249861 0.11117927730083467 0.014165528118610384 0.076340835541486754 0.34049840271472936 -0.0040189226856455198 0.14899694174528125 0.22887323796749118 -0.44192461669445032 0.13275974243879321 0.39233757555484777 -0.30850817263126368 -0.10574064403772353 -0.067762825638055788 -0.085229709744453416 0.029829466715455059 0.095877986401319518 0.11106365174055101 -0.094933237880468355 -0.27525350451469416 -0.052769778296351426 -0.038962638005614274 0.073981650173664107 -0.15160092711448667 1.0000000180025095e-35 -0.002558672102168202 -0.11686877533793448 0.06014653109014035 0.10634799301624299 0.039246656000614173 -0.19474145025014875 0.15978806465864184 0.62678518891334545 0.25569242238998419 0.29585492610931402 0.36394052207469946 0.15985765308141711 0.22366008907556537 1.0000000180025095e-35 -0.10383701696991919 -0.04235145449638366 0.13583787530660632 -0.37675531208515162 -0.16992477327585218 -0.041756397113203995 -0.025668273679912087 0.056941561400890357 -0.052903147414326661 -0.0058321321848779908
decision_type=2 2 2 2 2 2 2 2 2 2 2 2 2 2 2 2 2 2 2 2 2 2 2 2 2 2 2 2 2 2 2 2 2 2 2 2 2 2 2 2 2 2 2 2 2 2 2 2 2 2 2 2 2 2 2 2 2 2 2 2 2 2 2 2 2 2 2 2 2 2 2 2 2 2 2 2 2 2 2 2 2 2 2 2 2 2 2 2 2 2 2 2 2 2 2 2 2 2 2 2 2 2 2 2 2 2 2 2 2 2 2 2 2 2 2 2 2 2 2 2 2 2 2 2 2 2
left_child=1 39 3 5 8 6 11 9 42 89 40 23 15 16 114 -13 17 18 22 24 68 -22 -14 37 26 -26 28 105 -19 30 -17 32 94 34 35 -31 -10 -3 -39 -1 61 -38 122 44 45 49 57 48 75 50 54 52 -46 85 55 56 119 58 -47 60 -55 -6 120 64 124 66 67 -66 -18 78 71 72 -71 -74 -69 76 77 90 -70 -80 81 82 83 84 -53 -54 107 -88 -41 -8 -48 92 -57 115 99 96 -96 -98 -97 100 102 -102 -32 -7 -105 -20 -107 108 -4 110 111 112 -109 -114 -15 -27 117 -117 -45 -36 -63 -37 -5 -23 -2 -126
right_child=63 2 86 4 10 103 7 -9 36 -11 -12 12 13 14 -16 29 20 19 27 -21 21 123 -24 -25 25 93 -28 -29 -30 33 31 -33 -34 -35 43 121 41 38 -40 88 -42 -43 -44 118 51 46 47 -49 -50 -51 -52 80 53 59 -56 91 -58 -59 -60 -61 -62 62 -64 -65 65 -67 -68 74 69 70 -72 -73 73 -75 -76 -77 -78 -79 79 -81 -82 -83 -84 -85 -86 -87 87 -89 -90 -91 -92 -93 -94 -95 95 98 97 -99 -100 -101 101 -103 -104 104 -106 106 -108 109 -110 -111 -112 -113 113 -115 -116 116 -118 -119 -120 -121 -122 -123 -124 -125 125 -127
leaf_value=-9.6438429859432487e-05 -0.0042692284607287675 -0.011162328581332833 -0.0034927548691310265 -0.013173153013078646 -0.0013487575465731337 -0.00062192655350098178 0.020643315978697122 -0.010816689115376862 0.01541849576246441 -0.0027386326908387915 0.005109087608186777 0.0092866974239775614 -0.018370648253353491 -0.016113589757805163 0.0025728042638443471 0.012570485579261706 0.012580758869730219 -0.0029174098733891966 0.0024996371110657741 0.0047672243257434951 -0.0079801990709572387 0.0049838048840702602 -0.00016601684088576277 -0.012613149838018818 -0.01927866788842009 -0.0098909598783993146 -0.007857487584637458 0.008890837536090393 0.0098656209129875921 0.015706383489610384 0.0037773348224884964 0.012053466154663177 -0.013213180467136874 0.011567142919597652 -0.011708730115524184 -5.8703784598296147e-05 -0.0050942754872208441 -0.005464819057996069 0.0095705574393009831 -0.0037760786711183861 0.00016401301603242619 0.0062890342206708442 0.0036858502474908968 0.0016184476409571863 0.018114020256235375 -0.010905870502546015 -0.017743287828154968 0.0083827638115640552 0.0095085793589101669 -0.013555164937437142 -0.0132445563553457 0.011323011701743392 0.004448687610499779 0.017604947808810049 -0.00051496705391697371 -0.0082093134029011354 -0.021610479180970147 0.0087151032810239022 0.0047708163063491229 -0.00059661558206647758 0.0023463173864606921 0.0001424855319172275 -0.021682461047486362 -0.012395462286749518 0.0131777946085926 -0.0099433317928310713 -0.010506080817184545 -0.0097816651632709629 0.0044531064758280507 0.010577418795176756 -0.0061791154440296141 0.0077288047792239498 -0.0078532440874281659 0.004053483498957791 0.0060814353420140408 0.0050210220515768591 -0.011680432027240912 -0.0015292643506557232 -0.01149931410675366 -0.00077042216079000088 -0.0024287801947090563 0.012040736441502721 -0.0016266834989174107 -0.0078622021058395216 -0.0015723156144316337 -0.009060832662585297 0.00066144406288507005 -0.01138555579459331 0.0026862085953692164 0.0080150682990711777 -0.0028341680268738887 0.001604494462545913 0.0016654204887379524 -0.00052184678004572134 -0.0043363010943309301 0.0013202099912275993 0.016943391048922594 0.00023116697880525155 -0.010907784304377114 0.01468944468140506 0.0096988794495878449 -0.0037372583873483442 -0.011823424769309291 0.0042036901408011576 0.015038447188647578 -0.00020271565362316719 -0.014843852673481112 0.0088113160968651683 0.0093460445042817617 0.016641071707389817 -0.0057321010279135446 0.016390737087595447 -0.010295045596618098 0.0052668677996301474 -0.0046511431378661186 -0.019991388066281757 -0.00027845021422621188 -0.0034316361479958995 0.013333007662001777 0.0010355067204485364 -0.011739682620817815 0.0087237566051975059 -0.0013477238744174262 -0.0040156805632833321 0.01608801915846993 2.2106272078432753e-05
leaf_weight=9579 374 316 948 487 414 864 263 319 250 327 280 650 269 766 334 477 306 467 1501 540 1008 763 253 560 273 1896 540 680 503 250 261 438 363 319 635 1611 454 441 385 825 443 697 372 1873 287 250 325 378 294 447 462 893 274 410 3845 1140 316 1167 452 454 322 263 323 457 281 1138 357 259 468 321 369 1972 602 493 284 409 679 2945 544 698 4786 282 2618 285 435 519 1702 264 15896 1026 279 1219 498 965 401 397 284 282 542 286 814 256 278 1207 390 413 251 1122 343 262 325 292 313 514 365 258 1145 270 260 266 1035 513 398 692 252 319
leaf_count=9579 374 316 948 487 414 864 263 319 250 327 280 650 269 766 334 477 306 467 1501 540 1008 763 253 560 273 1896 540 680 503 250 261 438 363 319 635 1611 454 441 385 825 443 697 372 1873 287 250 325 378 294 447 462 893 274 410 3845 1140 316 1167 452 454 322 263 323 457 281 1138 357 259 468 321 369 1972 602 493 284 409 679 2945 544 698 4786 282 2618 285 435 519 1702 264 15896 1026 279 1219 498 965 401 397 284 282 542 286 814 256 278 1207 390 413 251 1122 343 262 325 292 313 514 365 258 1145 270 260 266 1035 513 398 692 252 319
internal_value=4.93146e-06 0.000157135 -0.000297832 -0.000536263 -0.00328128 -0.000303893 -0.000485532 0.00478621 0.000125263 0.00790357 -0.00657607 -0.000656986 -0.000513963 -0.00179437 -0.00898932 0.00015437 -0.00122074 -0.00276806 0.000261731 -0.00426088 0.000696175 -0.00285309 -0.00961128 -0.00550913 -0.00504021 -0.0064804 -0.000434494 0.00209211 0.00367627 -3.64692e-06 0.00259217 0.0015463 0.000427433 -0.000411785 -0.000532757 0.00351511 0.00424321 -0.00198798 0.00150366 0.00146701 -0.00791722 0.00176954 -0.00443453 -0.000857651 -0.00116306 -0.00226361 -0.000184702 -0.00206356 -0.00287529 -0.0039501 -0.0034311 0.000357248 0.00418817 0.00213801 -0.00285123 -0.00504708 -0.0115133 0.00513166 -0.000771779 0.00649624 0.0109443 -0.00969564 -0.0118093 -0.0041539 -0.00298478 -0.00525217 -0.000699948 0.00352949 0.00221718 0.00162688 0.00362928 0.00471236 0.000486602 -0.00245977 -0.00142096 -0.00367257 -0.00452467 -0.00314138 -0.00275147 -0.00550186 -0.000573258 0.00138701 0.000663971 0.00439963 0.00707096 -0.00433799 0.00242157 -0.000948004 0.00236472 0.0106378 -0.0109157 -0.00227681 -0.00518361 -0.00569525 0.00174558 -0.00114417 0.00324454 0.00868361 -0.0057005 0.00466927 0.00285463 0.00644267 -0.00420187 0.0042319 0.0068815 -3.29163e-05 -0.00580056 0.00403886 -4.26163e-05 0.00591445 0.00479599 0.00634346 0.0048084 -0.000587152 -0.0124459 -0.00708491 -0.00388121 -0.0115989 0.00307095 -0.00791115 -0.00930502 0.00205332 -0.00789628 0.00067825 0.00254148 0.00707401
internal_weight=105671 101950 75650 69565 5416 64149 61688 1935 2658 1616 2758 59753 58051 19925 1465 38126 18460 10224 3367 6857 8236 2463 522 1702 6317 4807 1510 2845 970 37476 5079 4602 4164 32397 32078 2374 1401 1142 826 26300 2478 1151 1257 29704 27571 16006 7178 5309 4931 8828 8381 11565 2266 1979 7919 4074 1217 1869 702 1186 732 2035 1621 3721 3264 2319 1181 824 5773 5467 3757 3388 1416 1095 543 4637 4228 3549 1710 1242 9299 4513 4231 1613 1328 793 6085 1966 16721 1289 604 2857 1638 4534 3801 1906 967 566 939 1895 1609 1070 539 2461 1597 2165 664 4119 1291 2828 2566 2241 1949 827 1131 3569 1673 528 2133 901 1298 2124 885 1455 945 571
internal_count=105671 101950 75650 69565 5416 64149 61688 1935 2658 1616 2758 59753 58051 19925 1465 38126 18460 10224 3367 6857 8236 2463 522 1702 6317 4807 1510 2845 970 37476 5079 4602 4164 32397 32078 2374 1401 1142 826 26300 2478 1151 1257 29704 27571 16006 7178 5309 4931 8828 8381 11565 2266 1979 7919 4074 1217 1869 702 1186 732 2035 1621 3721 3264 2319 1181 824 5773 5467 3757 3388 1416 1095 543 4637 4228 3549 1710 1242 9299 4513 4231 1613 1328 793 6085 1966 16721 1289 604 2857 1638 4534 3801 1906 967 566 939 1895 1609 1070 539 2461 1597 2165 664 4119 1291 2828 2566 2241 1949 827 1131 3569 1673 528 2133 901 1298 2124 885 1455 945 571
is_linear=0
shrinkage=0.0667171


Tree=14
num_leaves=127
num_cat=0
split_feature=152 167 11 105 201 92 11 15 73 183 22 18 10 15 92 80 2 18 153 197 80 10 73 21 3 3 18 18 158 18 21 73 85 95 12 70 18 18 11 153 2 2 104 168 17 17 92 180 166 73 158 33 197 17 73 73 70 201 15 154 153 155 17 97 33 95 15 163 36 153 18 163 73 19 36 197 103 48 154 65 95 129 18 84 61 4 12 5 150 158 149 15 10 104 73 10 17 22 156 33 97 152 18 10 82 105 5 18 158 181 10 92 95 104 5 18 95 19 45 197 10 152 15 152 3 154
split_gain=19.926 14.6716 14.9902 12.4927 12.2968 12.2249 12.0323 11.6868 10.788 16.3734 10.7572 11.8802 9.4303 15.4746 9.03599 10.7451 9.74722 9.61366 9.50601 9.02539 8.96899 10.0084 8.59094 8.29738 9.73113 12.4174 9.08954 8.0162 9.78443 7.75752 10.6538 7.72306 10.1268 9.22871 10.6408 8.12761 8.08835 9.63165 7.92108 10.1178 11.685 9.28944 8.31166 8.74771 11.0771 8.23188 9.75731 8.41719 7.94941 7.88894 7.92624 7.7037 11.4118 9.63437 11.2693 7.92568 8.17521 7.84325 11.5731 7.66612 7.65882 7.51877 7.43935 10.0174 9.60005 20.5257 9.33952 9.38127 7.70135 8.14061 8.004 11.1432 9.16116 9.08892 8.39269 7.7747 7.67153 7.15057 6.96895 6.94859 8.52592 6.83453 6.75991 8.50917 7.74511 6.72927 9.4349 8.40529 9.87446 6.69287 6.69005 7.32784 6.68905 8.82482 7.12181 6.68412 6.59436 6.5822 6.40214 6.2997 6.28978 6.54736 6.17511 6.15074 6.13473 6.13424 6.11159 8.10219 9.93474 7.5996 6.11073 6.10541 6.09146 6.08946 5.99913 7.05385 13.717 6.2533 5.95689 6.03073 5.95042 6.52805 5.93512 5.92395 5.88116 6.57169
threshold=0.46118342876434332 0.80968847870826732 -0.85563376545906056 0.38103614747524267 -0.11525852978229521 -0.1905107647180557 -0.032186128199100487 1.4434615373611452 -1.2452499270439146 -0.4195710271596908 -0.017112071625888344 0.13145432621240619 0.27590891718864446 0.65645384788513195 0.1938026696443558 0.39620077610015875 -0.14630681276321408 0.29585492610931402 0.22505053132772448 0.059702150523662574 -0.045472038909792893 0.19771751761436465 -0.54161217808723439 0.19054159522056582 -0.31359797716140742 0.48477418720722204 -0.095130875706672655 0.053196527063846595 -0.065415419638156877 -0.22151045501232144 -0.15726263821125028 0.043373275548219688 0.32950510084629064 -0.40948431193828577 0.21265025436878207 -0.33822602033615107 0.12257515639066698 0.015367750544101002 -0.096594925969839082 0.049425644800066955 -0.30255682766437525 -0.34232954680919642 -0.18152472376823423 -0.054537378251552575 0.29657727479934698 -0.18059250712394712 0.29320083558559423 -0.22666525840759275 0.27230790257453924 -0.36661921441555018 -0.09332678839564322 0.56193587183952343 0.004809336271137 0.40832026302814489 0.14037369191646579 0.16004177927970889 -0.2313556298613548 -0.10173170641064642 0.56468459963798534 -0.30738371610641474 0.16204875707626346 0.17914094030857089 0.48694901168346411 0.27831768989562994 0.49915146827697759 0.16694900393486026 -0.030715384520590302 0.18099720031023028 0.059859152883291251 0.2961596548557282 0.018174973316490654 0.11837711557745935 0.16935838013887408 -0.22743850946426389 0.41373239457607275 -0.012752023525536059 0.03175847418606282 -0.031427850946784013 0.0066593715455383071 0.040192047134041793 0.16349025815725329 0.1546180993318558 0.053196527063846595 -0.25499878823757166 0.096713021397590651 0.42992690205574041 -0.063543215394020067 -1.0000000180025095e-35 0.10649219527840616 0.19608003646135333 -0.034998491406440728 0.086930770426988616 -0.047614829614758485 0.19440603256225589 0.49158905446529394 -0.11505885422229765 -0.014057669322937725 -0.023721247911453244 -0.12402823567390441 -0.046683996915817254 0.033078921958804137 0.19414561241865161 0.15504919737577441 -0.085003565996885286 -0.29181569814682001 0.023103863000869754 1.0000000180025095e-35 0.20928438752889636 0.11300627142190935 -0.09673267230391501 -0.0095339990220963938 0.095579244196414961 0.43583890795707708 0.24910281598567965 1.0000000180025095e-35 -0.15630872547626493 0.28734329342842108 0.056814845651388175 -0.0069302851334214202 -0.099862091243267045 0.14869568496942523 -0.030855143442749974 -0.22460769116878507 0.5661635994911195 -0.47986222803592676 0.076792296022176756
decision_type=2 2 2 2 2 2 2 2 2 2 2 2 2 2 2 2 2 2 2 2 2 2 2 2 2 2 2 2 2 2 2 2 2 2 2 2 2 2 2 2 2 2 2 2 2 2 2 2 2 2 2 2 2 2 2 2 2 2 2 2 2 2 2 2 2 2 2 2 2 2 2 2 2 2 2 2 2 2 2 2 2 2 2 2 2 2 2 2 2 2 2 2 2 2 2 2 2 2 2 2 2 2 2 2 2 2 2 2 2 2 2 2 2 2 2 2 2 2 2 2 2 2 2 2 2 2
left_child=1 2 8 7 -3 -5 -2 10 -1 -10 11 22 13 23 16 79 18 19 97 98 59 90 29 103 -25 26 -26 -28 -29 30 -4 32 35 -34 77 36 37 -12 39 41 -41 -37 49 110 48 46 120 113 -45 -43 -51 53 -53 54 -33 56 -55 106 92 -13 -61 96 63 68 65 -64 104 76 69 82 72 -72 73 -70 75 -74 105 95 -77 80 -16 -14 -24 -84 99 86 87 88 -49 -65 -22 -92 93 112 124 -35 -62 -7 -18 -85 101 -89 -88 -8 -66 -68 109 108 -108 -56 -44 -57 -59 -47 115 -6 -117 -116 -17 -120 -40 -122 -11 -15 -94 -126
right_child=6 4 3 5 114 14 12 -9 9 122 31 20 81 123 15 118 17 -19 -20 -21 21 -23 62 24 25 -27 27 28 -30 -31 -32 51 33 34 -36 38 -38 -39 45 40 -42 42 43 44 -46 47 -48 85 -50 50 -52 52 -54 55 57 111 -58 58 -60 60 61 -63 64 89 66 -67 67 -69 70 -71 71 -73 74 -75 -76 78 -78 -79 -80 -81 -82 -83 83 84 -86 -87 102 100 -90 -91 91 -93 94 -95 -96 -97 -98 -99 -100 -101 -102 -103 -104 -105 -106 -107 107 -109 -110 -111 -112 -113 -114 -115 117 116 -118 -119 119 -121 121 -123 -124 -125 125 -127
leaf_value=0.0032174509245029995 -0.018392396739552515 0.013745334384268398 0.02122349021656007 -0.01076253530370079 -0.0017449235402312053 0.01287755338729462 -0.0042411730198761736 -0.012895151587749395 -0.018379847144849294 0.0041105243666472498 0.0033248623320260603 -0.0053659061574084484 0.0052585450687175229 -0.020131891675971566 0.0098836974531216048 -0.0018414368009381705 0.015909042463470777 0.017054908299458941 -0.0083010188053151326 -0.00017404215845646232 0.011739923266604358 0.0011389376869863962 0.00032003671510119971 0.005420015036729663 -0.00044449526190050529 0.0057193149468057558 -0.020985838636033833 -0.016314766378274958 -0.0020665651179590868 -0.0012552999936429879 0.003195490024806502 -0.0040681084516529884 0.012005305421876427 0.003916576499578662 0.0077282589808096661 -0.0082911175352473367 0.0093715533013161 -0.0054374961191939403 -0.0047585442554859978 -0.0026741080930337965 0.01587344479897989 -0.0090387010211414251 -0.006457548322709835 -0.0093659658580273805 -1.2314457697606912e-05 0.0068512422906153682 -0.014847540212753304 0.0022728707715411233 0.003049457140613237 -0.0053368700872173536 0.005720243861187255 -0.010290950659149296 -0.00079949257200003529 -0.0040536384843011765 -0.0012936436300384103 0.0014466358051251071 0.0092390457949762059 -0.00029170922536723672 -0.012638270488427519 -0.00019406195855120142 0.0093317489729265613 0.012855869097224934 -0.021053762659605176 -0.0016537095294185725 0.011400274708183399 0.0033386337558799725 -0.002638285166042031 -0.01411732803327298 -0.0063005927997021264 0.0067245589309736604 0.0033832094711761479 0.013900720726557653 0.0078909871200016652 0.0043662921547181011 -0.010694258636075185 0.0022196605429780775 -0.0072819767410892437 0.0024341018816405081 -0.010954395078379798 -0.0096109388689457741 -0.006824605605178365 -0.0066835900730666956 -0.011557468314823257 -0.00026190048929285924 0.0087207280218486692 -0.0034456402153807829 -0.0042474776930047061 0.01106581520022638 -0.0091598538253773298 -0.01037519722430571 0.0024741487659038449 0.010422421740791648 0.014764316479697021 -0.012964098934822973 -0.0049438418122871811 -0.005467111289966714 -0.0019267030908558882 0.0010019995581543428 0.006228631268457227 -0.0099231828753849841 -0.00088847553900390597 -0.00078806613601926998 0.0065649324558217769 0.0088917039450279248 0.00044276629245625077 0.0074594785518785423 -0.0086787947827341051 0.009825314136754219 0.0059526261521743911 0.011052166804808961 0.0028626126995116483 -0.0098059280852482479 -0.010759445346505659 -0.0035357515701022911 0.0062236023902642141 -0.0012213575927025194 0.016932580587339312 -0.0061281069466227805 0.0028884535922589854 0.017239404877294844 0.0054231344897741098 -0.0059460825610348506 -0.0078572113468552141 -0.0071490819953060709 -0.0019975862836127418 0.010334511750682269
leaf_weight=401 250 578 256 271 364 278 258 311 516 308 1997 788 789 359 251 299 417 415 367 718 919 2305 9602 339 411 294 325 396 476 366 345 6062 416 449 1056 1346 608 770 1372 326 273 267 420 2151 1127 1459 287 2016 250 366 1284 1097 1172 255 321 872 964 2922 387 2869 373 454 341 3616 253 271 715 364 400 751 2151 569 367 2889 460 367 843 2706 337 567 288 287 488 885 270 1937 1683 1044 400 439 1649 760 256 309 348 1300 591 823 1198 457 383 250 268 393 2099 422 553 275 323 674 1196 280 268 296 276 308 445 517 278 253 725 320 442 295 458 323
leaf_count=401 250 578 256 271 364 278 258 311 516 308 1997 788 789 359 251 299 417 415 367 718 919 2305 9602 339 411 294 325 396 476 366 345 6062 416 449 1056 1346 608 770 1372 326 273 267 420 2151 1127 1459 287 2016 250 366 1284 1097 1172 255 321 872 964 2922 387 2869 373 454 341 3616 253 271 715 364 400 751 2151 569 367 2889 460 367 843 2706 337 567 288 287 488 885 270 1937 1683 1044 400 439 1649 760 256 309 348 1300 591 823 1198 457 383 250 268 393 2099 422 553 275 323 674 1196 280 268 296 276 308 445 517 278 253 725 320 442 295 458 323
internal_value=-2.94412e-05 0.0001717 4.32676e-05 0.00015185 0.00522822 0.0029941 -0.0041955 -5.02176e-05 -0.00622298 -0.00924976 -5.09916e-06 0.000790953 -0.00341384 -0.00507556 0.00361008 -0.000144449 0.00534227 0.00768738 0.000929591 0.00599663 0.0027012 0.00453453 0.000115191 -0.0029634 -0.00489377 -0.00675727 -0.00906921 -0.0120061 -0.00859397 0.00629271 0.0109532 -0.000674189 -2.9259e-05 0.00244666 0.00171548 -0.000621966 0.00241677 0.000872299 -0.00110199 -0.00260867 0.00572725 -0.0032084 -0.00223306 -0.00363168 -0.00549362 -8.39698e-06 -0.00326552 0.000893427 -0.00805331 0.00150179 0.00324053 -0.00176673 -0.00540456 -0.00124337 -0.00193461 0.00267009 0.00642041 -0.00018604 -0.00157409 0.000659554 0.00177673 0.00578387 -8.76366e-05 0.000410161 -0.00234849 -0.0101954 -0.00131546 -0.0042973 0.00102461 3.0956e-06 0.00270704 0.00560193 0.00106561 0.00305401 -0.00318288 2.05264e-05 -0.00246524 0.00027987 -0.00404236 -0.00446303 0.000891394 0.00202823 -0.000426683 -0.00385402 -0.00149329 -2.2357e-05 0.00106993 0.00289329 0.00036055 -0.00260984 0.00687595 0.00500143 -0.000685889 -0.00224417 0.00322429 -0.00303358 0.00240729 0.00404393 0.00875982 -0.00358333 0.00651985 0.00874396 -0.00273608 0.00362345 0.00164318 0.00108331 0.00320662 -7.16585e-05 -0.00323718 0.00703078 0.000411455 -0.00126838 -0.00118833 0.00507287 0.00262593 0.00577686 0.00946343 -0.0017741 0.00556202 0.00980501 -0.00186694 0.00189921 -0.00290502 -0.014334 0.00600902 0.00307451
internal_weight=105659 100787 98299 96632 2488 6423 4872 90209 1667 1266 89898 41031 4622 3546 6152 1936 4216 2748 1468 2333 10708 5633 30323 2892 2241 1902 1608 1197 872 967 601 48867 30748 5927 5511 24821 3375 2767 21446 9006 599 8407 7061 5144 3528 12440 2704 9736 2401 1917 1650 18119 2269 15850 13479 2371 1219 7417 5271 5075 4287 1418 29356 24048 5308 612 4696 2344 19993 12453 7540 2720 4820 3289 1531 1071 1980 4455 704 1106 539 1076 11702 2100 1612 7981 6044 4093 2416 4055 3328 2409 4884 3499 1385 1749 964 1101 1615 1342 1677 1294 1951 651 2352 1137 2146 1151 876 995 1616 1152 3190 1755 1910 1117 753 793 830 531 2417 1045 750 654 1037 781
internal_count=105659 100787 98299 96632 2488 6423 4872 90209 1667 1266 89898 41031 4622 3546 6152 1936 4216 2748 1468 2333 10708 5633 30323 2892 2241 1902 1608 1197 872 967 601 48867 30748 5927 5511 24821 3375 2767 21446 9006 599 8407 7061 5144 3528 12440 2704 9736 2401 1917 1650 18119 2269 15850 13479 2371 1219 7417 5271 5075 4287 1418 29356 24048 5308 612 4696 2344 19993 12453 7540 2720 4820 3289 1531 1071 1980 4455 704 1106 539 1076 11702 2100 1612 7981 6044 4093 2416 4055 3328 2409 4884 3499 1385 1749 964 1101 1615 1342 1677 1294 1951 651 2352 1137 2146 1151 876 995 1616 1152 3190 1755 1910 1117 753 793 830 531 2417 1045 750 654 1037 781
is_linear=0
shrinkage=0.0667171


Tree=15
num_leaves=127
num_cat=0
split_feature=163 153 169 20 12 3 84 105 37 20 92 11 8 99 18 84 19 199 18 74 20 199 19 20 84 19 85 33 18 18 153 18 12 11 0 73 12 12 73 18 17 33 33 21 69 20 158 20 85 11 18 10 13 20 153 199 33 85 17 18 97 0 116 19 73 73 4 97 79 70 4 33 12 153 97 153 18 20 92 97 80 81 183 15 164 85 70 0 21 18 74 99 70 92 11 66 3 81 110 101 13 18 3 16 73 151 10 92 179 16 107 199 155 181 15 19 81 24 79 19 84 158 199 85 16 158
split_gain=16.3773 16.0511 12.1237 11.3947 26.7934 13.5374 11.3026 10.9835 11.1254 9.10392 10.51 8.8509 9.72538 8.89355 10.8302 9.89739 10.8069 9.16786 8.83407 9.96602 8.75574 8.58156 8.52441 8.4865 9.08457 8.39753 9.17446 11.4995 8.36026 8.13377 15.01 10.5813 15.3331 8.23696 8.21249 8.51201 16.0069 9.71275 8.88002 9.8475 8.67508 14.1756 13.4646 9.41242 10.5011 9.3496 8.67951 8.16369 8.03249 10.8361 8.69488 9.46316 7.96424 7.94054 7.9052 7.8252 9.05269 7.94874 12.7929 7.89735 9.15295 7.9838 7.7764 7.69814 7.68007 7.6766 18.7609 13.5324 9.50947 8.49609 8.04604 11.0017 7.94274 7.66898 7.63857 7.56482 7.01566 6.96701 6.96522 6.83126 7.63932 6.78497 7.67003 6.73355 8.88772 6.73081 6.7228 7.78657 7.37838 13.8559 10.3178 7.41022 7.07537 6.81552 6.72062 6.66401 6.86572 6.64854 6.59675 6.5698 6.544 7.98785 7.45009 7.10504 6.51018 7.76349 6.44507 6.38489 6.35859 6.33308 6.32783 6.27773 6.26551 6.23736 6.2306 6.12106 7.63142 6.46227 6.416 6.233 6.10053 6.24842 6.00271 5.99685 5.9226 6.70481
threshold=0.80066582560539257 0.50840440392494213 0.046198461204767234 0.44688706099987036 0.055529478937387473 0.41864693164825445 -0.31962640583515162 0.38103614747524267 -0.13413573801517484 0.4951650351285935 -0.078349735587835298 0.49361559748649603 0.42595066130161291 0.37918293476104742 0.64580601453781139 0.23720493167638781 0.31593564152717596 -0.088485073298215852 -0.32173828780651087 -0.023050255142152306 0.057636035606265075 -0.11993220075964926 0.056814845651388175 0.12208744138479234 0.29199618101120001 0.63831084966659557 0.17520087957382205 -0.013297697529196737 0.075347539037466063 0.038896562531590469 0.28958047926425939 0.02152569126337767 -0.11277046427130698 0.078159123659133925 0.48721592128276831 -0.090474709868431077 0.20175729691982272 -0.31311389803886408 -0.078851137310266481 0.048116011545062072 0.46537713706493383 0.42235121130943304 0.61247965693473827 0.057099509984254844 0.24082703888416293 -0.18270686268806455 -0.062941253185272203 0.049444841220974929 0.37238050997257238 0.16737776994705203 0.16459974646568301 -0.12806105613708493 0.025373241864144806 -0.11622849851846694 0.02914404217153788 -0.49825040996074671 -0.13787122070789334 0.30005690455436712 0.57230171561241161 -0.034106232225894921 -0.016370716504752632 -0.095170453190803514 -0.11911647021770476 0.15556046366691592 -0.061004171147942536 0.052315553650259979 -0.26055346429347986 -0.046946231275796883 0.25299005210399633 0.084014423191547408 -0.42043441534042353 0.020551511086523536 -0.12535203248262403 -0.012032657396048306 0.29591694474220281 0.58228954672813427 0.1542424410581589 0.053381266072392471 0.013042008504271509 0.28430026769638067 0.3870104849338532 -0.026196295395493504 -0.57407173514366139 0.24987692385911944 0.10793786123394968 0.1067606881260872 -0.35765932500362391 0.41335226595401769 -0.1187569350004196 -0.26967006921768183 -0.053528521209955209 0.56401562690734874 0.50542855262756359 -0.1953109800815582 -0.37111404538154596 0.032607320696115501 -0.41401703655719752 0.086474772542715087 -0.042011268436908715 0.14620532840490344 0.34938162565231329 0.15789233893156054 0.44014346599578863 0.28632844984531408 -0.0041606174781918517 -0.028885730542242524 -0.065730974078178392 0.077687367796897902 -0.17239747941493985 -0.11838912591338156 0.30237941443920141 -0.013690623454749582 0.022044548764824871 0.071753017604351058 -0.019223077222704884 -0.068712692707777009 -0.088481143116950975 -0.067383460700511918 -0.043933296576142304 -0.18046173453330991 0.22653976082801822 0.10754468291997911 0.14537955820560458 0.17864879220724109 0.25958162546157842 -0.44703184068202967
decision_type=2 2 2 2 2 2 2 2 2 2 2 2 2 2 2 2 2 2 2 2 2 2 2 2 2 2 2 2 2 2 2 2 2 2 2 2 2 2 2 2 2 2 2 2 2 2 2 2 2 2 2 2 2 2 2 2 2 2 2 2 2 2 2 2 2 2 2 2 2 2 2 2 2 2 2 2 2 2 2 2 2 2 2 2 2 2 2 2 2 2 2 2 2 2 2 2 2 2 2 2 2 2 2 2 2 2 2 2 2 2 2 2 2 2 2 2 2 2 2 2 2 2 2 2 2 2
left_child=1 3 6 7 5 85 -3 8 86 -6 -11 12 13 14 29 17 63 81 52 20 73 -4 53 24 28 26 27 98 -24 30 31 55 -33 34 35 36 37 -31 -37 -40 41 43 99 45 46 -41 -45 -32 50 111 78 -52 113 -2 110 56 -10 124 59 60 -59 -62 -34 -17 -27 66 70 69 109 76 104 -72 -70 -20 -55 -23 -68 -63 -35 -28 -81 -15 -83 84 -12 -5 115 88 89 -88 91 95 -89 -90 -84 96 -91 -13 -9 106 101 103 -102 107 -47 -106 -42 -8 -99 -67 -14 -50 -58 -19 -39 116 -1 118 -117 -118 121 -111 123 -53 125 -57
right_child=22 2 21 4 9 -7 100 25 11 10 83 97 54 15 -16 16 -18 18 19 -21 -22 75 23 -25 -26 64 79 -29 -30 33 47 32 62 48 -36 38 -38 114 39 40 42 -43 -44 44 -46 65 -48 -49 49 -51 51 122 -54 74 -56 57 112 58 -60 -61 61 77 -64 -65 -66 68 67 -69 72 -71 71 -73 -74 -75 -76 -77 -78 -79 -80 80 -82 82 94 -85 -86 -87 87 92 93 90 -92 -93 -94 -95 -96 -97 -98 108 -100 -101 102 -103 -104 -105 105 -107 -108 -109 -110 120 -112 -113 -114 -115 -116 117 119 -119 -120 -121 -122 -123 -124 -125 -126 -127
leaf_value=-0.0046597919579930642 0.00041579073521307312 0.0084234484900229285 -0.018627820773495861 0.021071232070841835 0.008523586215852726 -0.00061141413327354423 -0.0025105993398558749 0.012720079135474729 0.015901943631431652 0.0070789415552492616 0.00553952362449729 -0.011061871690840629 0.0055474679083061199 -0.016065302254066802 0.010866284779855422 0.0043135817872173368 0.011194262646687589 -0.0084207199808049669 -0.0021677029275585838 -0.014668660507390692 0.0073140016811311095 0.0010289361346393301 0.003311779710052698 -0.0040799648049622359 -0.0054066586334343952 0.0047598303093142509 0.00086138730861854221 -0.001965006016306991 0.015452683266379854 -0.0029630067937123257 -0.0020650588472084686 -0.016361753214956833 0.0026934323775669438 0.0032834690424634596 0.0094756795349881726 -0.0087855399778948677 -0.0044233508311234846 0.0164354505211191 0.010347558337984959 -0.010197680765015055 0.0033916038247311518 -0.016562121484866667 -0.010116173808085492 -0.0028196318917026171 0.0047205524653414922 0.012004607409433861 -0.015787408546630442 -0.014275724398633201 0.011191801211339144 -0.010042114495062308 -0.0048377115306609004 0.010412886561096001 0.012568126362240918 0.0057801591819139908 -0.0052370620586365667 0.0040641822358904196 0.0070523096903593683 -0.0012638636273591814 -0.0098103852856211149 0.010568626084686679 0.014561744016469622 -0.003778622588742201 -0.0059803377508709128 -0.010208181795298301 0.01774376815334449 -0.00071253893714352335 0.0029411324985761204 0.0037979369802305803 -0.0037925567834334291 -0.01315771990008854 0.0051534109237438798 0.023701086068553 0.011368066117875839 -0.013974771378063215 0.020385692571521456 -0.010826754236974444 -0.0084054137564138747 0.0095339055807835103 0.0098438916429916222 -0.011935845293120593 0.0014206496232050938 -0.01392095842834366 0.0032633605922677634 -0.012049985452656646 -0.0096451078149980846 0.0098514605420474202 0.009453793173757153 -0.00099829279526133488 -0.00055860046001414301 -0.0026608921933637436 -0.0070062354708029387 -0.0093545811590039548 -0.012638218233062758 0.0030017833733249704 -0.006536385376615733 -0.003070194384270271 0.0047403277073595033 -0.0081614679244966723 0.0035881369056055008 -0.0028460026257323256 -0.013858993866440534 0.0050598044433344778 0.00022403819629102448 0.0036423452074382462 -0.0079669026113384084 0.0075775400063006013 0.013097218004317837 -0.017055937512236941 0.0066035243980049054 -0.0074069781516541448 -0.0031521924215053604 -0.0034896279324464173 -0.0061033442063204105 0.0062971275631309711 0.0047101990393794363 -0.0071232377093602139 -0.0019502411186873027 -0.0059452065547649213 0.0025602661336682759 0.0073056473225402421 -0.013946319849638246 0.0037287253960202422 -0.0047491283426114011 -0.0015640879952202452 -0.0060434905537537966 -0.001540206951084115
leaf_weight=625 267 413 341 461 348 315 285 716 257 329 345 650 2352 357 360 331 405 255 1372 338 344 379 640 604 269 975 2219 751 424 252 414 455 722 2266 348 696 703 515 325 450 773 294 304 400 253 273 558 612 250 508 984 606 299 288 457 1004 354 1711 371 539 366 373 1238 310 258 1264 516 1108 263 486 309 270 354 298 377 620 448 321 1072 455 317 425 428 515 333 530 578 2738 2894 759 1145 338 252 13369 1088 1290 2035 260 716 356 458 576 253 265 294 272 514 261 252 858 434 258 289 250 346 413 482 1760 1132 944 423 296 255 259 1209 16031
leaf_count=625 267 413 341 461 348 315 285 716 257 329 345 650 2352 357 360 331 405 255 1372 338 344 379 640 604 269 975 2219 751 424 252 414 455 722 2266 348 696 703 515 325 450 773 294 304 400 253 273 558 612 250 508 984 606 299 288 457 1004 354 1711 371 539 366 373 1238 310 258 1264 516 1108 263 486 309 270 354 298 377 620 448 321 1072 455 317 425 428 515 333 530 578 2738 2894 759 1145 338 252 13369 1088 1290 2035 260 716 356 458 576 253 265 294 272 514 261 252 858 434 258 289 250 346 413 482 1760 1132 944 423 296 255 259 1209 16031
internal_value=9.96854e-06 -0.000128632 -0.00435267 3.56855e-05 0.00396542 0.0112914 -0.00160261 -9.45074e-05 -0.000286372 -0.00113618 -0.00337992 -0.000826627 -0.000709108 -0.000922295 -0.000605329 -0.00323776 0.00267885 -0.00438024 -0.00203138 -0.0041001 -0.00229893 -0.00947648 0.00497923 0.00243423 0.00541266 0.00257255 0.00138536 0.0046736 0.00819268 -0.000693954 -0.00147645 -0.00115319 -0.00535204 0.000284172 -0.000595529 -0.0008467 0.00340899 0.00839187 -0.0014754 -0.00103484 -0.0013661 -0.00220845 0.00267586 -0.00173725 -0.00720989 -0.0008908 -0.0104122 -0.00937912 0.0022671 -0.00315345 0.00328686 -5.48928e-05 0.0039741 0.0102254 0.00283539 -0.000707039 0.00537371 -0.000958693 0.00186412 0.00318977 0.00173685 0.00660476 -0.00276867 -0.00265597 0.00752024 -0.00032011 0.00167353 -0.0017263 -0.00262157 -0.00597345 0.00782593 0.0138824 0.0048414 -0.00430632 0.014123 -0.00630008 -0.00230594 0.00234437 0.00540316 -0.00100503 -0.0064045 -0.00758898 -0.006002 -0.00630454 -0.00188017 0.0151202 0.000740357 0.00119406 0.00162161 -0.000342764 -0.00136963 8.45398e-05 -0.00199728 0.00236598 -0.00374602 0.000878882 0.00271569 -0.00658681 0.00818166 0.00507744 -0.00359836 -0.000904315 -0.00879598 -0.00518128 0.00359805 -0.000429789 0.00730196 -0.00953943 -0.000841831 -0.0042583 0.00417688 0.00366654 0.00109202 -0.00106111 0.0117685 -0.00140416 0.00144545 -0.0031835 -1.51753e-05 0.00415072 -0.00707799 -0.00451846 0.00411564 0.00678242 -0.00153029 -0.00120741
internal_weight=105567 102698 3851 98847 3176 1306 2511 95671 89264 1870 1522 58510 57348 54105 47605 6500 1046 5454 3156 2352 2014 1340 2869 1937 1333 6407 5174 2183 1064 47245 26266 25240 2415 20979 14521 14173 1816 1113 12357 11661 11336 9389 1947 9095 1211 7884 958 1026 6458 1016 5442 2104 804 932 3243 22825 900 21925 3681 3310 2771 1060 1960 641 1233 7434 3976 2558 3458 1450 1418 579 617 1670 665 999 964 694 3338 2991 772 2298 1941 1193 678 991 30754 25398 22408 6145 5567 4422 2990 16263 1516 4084 2794 1162 1432 1643 2098 1387 711 811 839 566 1287 546 512 2841 2786 508 643 505 861 5356 2051 3305 1545 1426 1577 1154 1120 865 18244 17035
internal_count=105567 102698 3851 98847 3176 1306 2511 95671 89264 1870 1522 58510 57348 54105 47605 6500 1046 5454 3156 2352 2014 1340 2869 1937 1333 6407 5174 2183 1064 47245 26266 25240 2415 20979 14521 14173 1816 1113 12357 11661 11336 9389 1947 9095 1211 7884 958 1026 6458 1016 5442 2104 804 932 3243 22825 900 21925 3681 3310 2771 1060 1960 641 1233 7434 3976 2558 3458 1450 1418 579 617 1670 665 999 964 694 3338 2991 772 2298 1941 1193 678 991 30754 25398 22408 6145 5567 4422 2990 16263 1516 4084 2794 1162 1432 1643 2098 1387 711 811 839 566 1287 546 512 2841 2786 508 643 505 861 5356 2051 3305 1545 1426 1577 1154 1120 865 18244 17035
is_linear=0
shrinkage=0.0667171


Tree=16
num_leaves=127
num_cat=0
split_feature=152 11 105 201 22 40 84 16 11 97 164 20 69 61 20 33 62 81 69 3 14 92 92 182 85 158 16 104 12 19 11 0 74 15 17 17 62 65 10 152 19 104 199 97 181 11 4 99 33 164 92 17 92 33 14 14 105 19 21 153 12 20 17 84 149 201 33 3 5 99 21 167 59 96 0 92 3 99 11 21 21 84 11 81 4 199 8 18 92 21 158 79 201 24 21 17 0 201 19 79 16 183 17 157 18 18 12 84 4 21 9 153 153 20 20 163 92 69 62 33 12 92 16 171 16 103
split_gain=17.0077 12.9757 12.5909 14.3302 10.662 9.69782 9.06914 8.85377 10.8168 13.4519 11.7867 11.1922 11.7681 12.9528 10.5109 9.73464 11.7622 9.49195 9.02182 9.39354 11.3606 11.9022 8.96321 8.87139 8.76562 8.68494 8.79547 10.4857 8.13746 8.1343 12.8941 8.12799 7.94824 7.80083 7.71089 10.1468 9.2995 12.5136 9.44734 13.497 7.87028 9.47697 7.70909 11.3026 7.56681 7.50082 8.30939 8.37864 10.1192 11.3695 9.63359 11.1591 10.4408 12.4056 8.39385 10.3587 7.43638 7.43615 9.16869 7.26971 9.49051 7.25831 7.18298 8.10572 7.1795 7.13699 9.51183 9.91576 8.81874 7.09263 7.04085 7.00044 6.92505 6.87498 6.87156 6.86206 6.85092 7.37687 8.32413 6.7457 6.92051 6.7129 10.13 7.48531 6.81968 8.53772 7.62663 7.55409 7.2315 7.27722 6.70042 8.79835 6.68229 6.67923 11.9807 8.71062 13.4517 13.2039 9.27385 10.307 7.27656 8.40692 7.56812 7.42975 6.99286 6.62879 6.6209 11.894 9.06399 9.05403 6.65745 7.47656 6.61405 6.59325 6.59018 6.56256 7.07264 6.52012 6.45789 8.66323 6.42747 6.35661 6.32286 6.19694 7.78928 7.34927
threshold=0.46118342876434332 -0.029953452758491036 0.38103614747524267 -1.0063952207565305 -0.090264234691858278 0.044791044667363174 0.43519899249076849 0.26439322531223303 0.078159123659133925 -0.039165677502751343 0.0037345119053497915 -0.18270686268806455 0.012054100167006256 0.27876105904579168 -0.038051078096032136 -0.29646049439907068 0.18769716471433642 0.025923397392034534 -1.4842233657836912 0.22420950233936313 0.12500744313001635 0.13453134149312976 0.22881575673818591 -0.10701294615864752 0.29076017439365393 -0.24373533576726911 -0.53414788842201222 -0.015251450706273316 -0.12306239083409308 0.018406006507575515 -0.33792497217655176 -0.11221591010689734 0.32986161112785345 0.1123153828084469 -0.1742647588253021 -0.24203638732433316 -0.14984226971864698 0.044216720387339599 -0.17140188068151471 -0.060479629784822457 -0.14660716056823728 -0.10026039928197859 -0.058239694684743874 0.12040813267230989 0.03488914109766484 -0.85563376545906056 -0.4010626077651977 0.91996157169342052 -0.10521995648741721 0.097868926823139205 -0.0041679795831441871 -0.32188825309276575 -0.10669045522809027 -0.2401495426893234 0.27365326881408697 0.11756696179509164 0.16158947348594668 -0.12114290148019789 -0.56443393230438221 -0.093432493507862077 0.10830566659569742 -0.17425898462533948 -0.28136909008026117 0.14432966709136966 -0.10621331259608267 -0.085130408406257616 -0.013297697529196737 -0.31995254755020136 -1.0000000180025095e-35 -0.27337263524532313 0.035239804536104209 0.028769150376319889 -0.11611072346568106 0.20559549331665042 0.43607954680919653 -0.1905107647180557 0.44410437345504766 0.22332426905632022 0.32114487886428839 0.46329854428768164 0.19380424171686175 -0.19474145025014875 0.53995195031166088 1.0000000180025095e-35 0.1405884996056557 0.25569242238998419 -0.0027433711802586909 -0.36954462528228754 0.13453134149312976 0.14095269143581393 -0.24373533576726911 -0.073663324117660509 0.22427801042795184 -0.0037408154457807537 -0.15726263821125028 -0.068454734981060014 0.01278409129008651 -0.12412303313612937 0.14869761466979983 1.0000000180025095e-35 0.20861852914094928 -0.31821878254413599 0.57614871859550487 -0.29451897740364069 0.13145432621240619 0.015367750544101002 -0.15626215934753415 0.075046651065349593 -0.47994188964366907 0.090052202343940749 0.20956771820783618 0.21330239623785022 -0.14644475281238553 -0.047780890017747872 0.014332414604723455 0.18541653454303744 0.013042008504271509 0.24082703888416293 0.65352261066436779 -0.25125637650489802 -0.33483113348484034 -0.063612520694732652 -0.40689788758754725 0.074069425463676467 -0.073796510696411119 0.23106289654970172
decision_type=2 2 2 2 2 2 2 2 2 2 2 2 2 2 2 2 2 2 2 2 2 2 2 2 2 2 2 2 2 2 2 2 2 2 2 2 2 2 2 2 2 2 2 2 2 2 2 2 2 2 2 2 2 2 2 2 2 2 2 2 2 2 2 2 2 2 2 2 2 2 2 2 2 2 2 2 2 2 2 2 2 2 2 2 2 2 2 2 2 2 2 2 2 2 2 2 2 2 2 2 2 2 2 2 2 2 2 2 2 2 2 2 2 2 2 2 2 2 2 2 2 2 2 2 2 2
left_child=2 -2 3 61 -5 76 75 8 9 34 93 18 17 14 -14 -12 31 25 -11 29 22 23 -21 -22 74 64 -27 42 -7 57 115 33 -16 -17 35 -6 40 38 39 -38 69 -42 43 -28 -18 -19 118 48 50 54 52 -52 53 -48 55 -50 65 -20 -59 -51 -61 -1 63 -15 -13 66 68 -68 -33 -36 -64 -8 -29 -26 92 -4 77 78 79 80 -3 83 84 -77 85 86 -83 -86 89 112 -41 -92 -9 95 -95 98 97 -97 -10 -100 101 -96 103 -103 -104 -32 107 117 -108 120 111 -110 -88 -44 -43 116 -31 -39 119 -47 -109 -101 -56 124 -40 -126
right_child=1 5 6 4 7 28 71 24 10 11 15 12 13 62 32 16 44 45 19 20 21 -23 -24 -25 73 26 27 72 -30 30 105 56 -34 -35 36 -37 37 106 123 90 41 114 113 -45 -46 46 47 -49 49 59 51 -53 -54 -55 122 -57 -58 58 -60 60 -62 -63 70 -65 -66 -67 67 -69 -70 -71 -72 -73 -74 -75 -76 81 -78 -79 -80 -81 -82 82 -84 -85 87 -87 88 -89 -90 -91 91 -93 -94 94 100 96 -98 -99 99 121 -102 102 104 -105 -106 -107 108 109 110 -111 -112 -113 -114 -115 -116 -117 -118 -119 -120 -121 -122 -123 -124 -125 125 -127
leaf_value=-0.014063763417951703 -0.018398112039767069 -0.00049351430682317279 -0.0066760037718490246 0.0013230292785699558 0.0011420927912625918 0.010895423903628526 0.0026518542243190823 -0.0047509112322901359 0.0062769936651789083 0.0098919344686500942 0.009884707129118802 -0.0096143539132504223 -0.0073606082929876179 0.0064521251216735631 0.0006755353204158487 0.013478858368509041 -2.7413081729181755e-05 -0.0069045147333883757 -0.0087982197642648228 0.014977159230035869 -0.018720977919525709 0.0029953756659662442 -0.00075326614896650953 -0.0022641077729731798 -0.0016455450362994368 0.014456550515684861 0.0037925393121784191 0.011207419244956168 -0.0012071767999362044 0.0020353616876077132 -0.0095546648047002188 0.018850945540084922 0.0096230263560422215 -0.00091851636483707047 0.0046348076427163692 -0.010331385584341128 0.015051973143264355 -0.00022519814920100888 -0.0034179460555422156 0.0088072725872830413 0.00015198619207230918 -0.019440944258578126 0.010919758926728713 -0.010382731675849728 -0.013075763903529958 -0.015792900800531393 0.018810523115548761 -0.0081346410712183816 -0.0015995155297029091 0.0089334862759856606 0.0016852422999836345 0.016875710839637199 -0.0049665002514099358 -0.001372616290032602 -0.0063827263188930396 -0.019054480735786864 -0.0078353491374690016 0.0088051435896000334 -0.0030932430986268509 0.0064509924127336563 -0.0089634144192758496 -0.0023406400350696839 -0.0047103302919046658 -0.0092892185978304953 0.0029141762889259952 -0.0016822851542703113 0.0066744431544094786 -0.011414816334311434 0.0022973744274072524 -0.0050730362768724941 -0.016504207141968992 -0.012531273866852675 0.0042547011836489004 0.0074788533856263422 -0.012430536526287936 0.011568528846696303 0.0010252107370868214 0.0012575866155262552 -0.017010503469789155 0.0030753939054114724 -0.012881757959324435 0.016838310411910935 0.015636328224779446 -0.00065769012119863365 0.010806583757952407 -0.0038438472095974493 0.01352340945822598 -0.0020821251328642064 -0.00028093080926106168 0.016995602837031672 -0.0077048281474921551 0.0049226669082055091 0.0053313556921065026 -0.011615152018768497 0.013328595131940414 0.0035780057919094499 0.00063457179383659792 0.021912087267193139 -0.0070681311220551699 -0.0027583356216585235 -0.0046700365185166235 0.0091458049973001145 0.0019198898086633664 -0.0003528114304918232 0.017382366664005437 -0.022020168000686881 0.0031934280214614111 -0.00068269811241085214 -0.0038176759774522996 0.0041854437205099317 -0.018343055229360403 -0.01502862407641457 0.0013454214985958665 0.00098403328881374315 -0.0074536020314327628 0.0065725989849834436 -0.012792560467996218 0.0086064958860516284 0.0066164857966624158 -0.0021506770135293163 -0.010701779882705882 0.0090124276921307884 0.0060490801597501264 0.0045706318263430204 0.0022798928137263146 -0.0078175619144614204
leaf_weight=459 252 298 261 26255 510 282 252 2707 1780 260 365 335 633 313 3226 356 308 535 461 368 263 747 276 333 1330 422 492 1143 1847 253 603 282 511 304 492 1006 445 1856 3268 412 337 384 457 499 561 255 266 301 342 826 331 635 462 265 300 274 628 441 814 406 311 494 491 266 503 3195 280 253 297 1020 431 278 1493 503 461 254 522 346 458 257 641 375 418 1644 252 293 308 970 514 364 482 492 322 298 330 282 462 475 659 343 603 421 268 2657 259 289 365 398 1119 328 251 350 567 863 463 262 313 460 260 1095 1057 484 450 979 2937 356
leaf_count=459 252 298 261 26255 510 282 252 2707 1780 260 365 335 633 313 3226 356 308 535 461 368 263 747 276 333 1330 422 492 1143 1847 253 603 282 511 304 492 1006 445 1856 3268 412 337 384 457 499 561 255 266 301 342 826 331 635 462 265 300 274 628 441 814 406 311 494 491 266 503 3195 280 253 297 1020 431 278 1493 503 461 254 522 346 458 257 641 375 418 1644 252 293 308 970 514 364 482 492 322 298 330 282 462 475 659 343 603 421 268 2657 259 289 365 398 1119 328 251 350 567 863 463 262 313 460 260 1095 1057 484 450 979 2937 356
internal_value=0.000114057 -0.00372091 0.000301985 0.000100755 0.000184948 -0.00291183 0.00308427 -0.000265155 -3.68485e-05 -0.000570573 0.00144291 0.000454276 0.00121842 -0.00127146 0.000557652 -0.000658358 -0.00126242 0.00230221 -0.00214655 -0.00273452 0.000900545 -0.00256971 0.00818024 -0.00959603 -0.00287391 0.00422161 0.00520932 0.00440896 0.000388073 -0.00484653 -0.00809082 -0.000134361 0.00191199 0.00679509 -0.00187227 -0.00644625 -0.00148996 -0.000860236 0.000673927 0.00497007 -0.00510764 -0.00918375 0.00111172 -0.00331093 -0.00847064 0.000668439 0.00127291 0.00257969 0.0032532 0.000744365 0.00695868 0.0117037 0.00230428 0.00868284 -0.00367088 -0.00943294 -0.00107026 -0.00157316 0.00106636 0.00467324 -0.000188568 -0.00802423 -0.00661445 -0.000738879 -0.00205663 -7.30853e-05 0.00451558 -0.00184591 0.0104296 -0.00189084 -0.0102706 -0.00524269 0.00728507 0.000843591 -0.00483683 0.0038017 -0.00570948 -0.00748735 -0.0093417 -0.00636076 -0.00898361 0.00426926 0.00580116 0.00097362 0.0046568 0.00670694 0.0081819 0.000566016 0.00629792 0.00905329 0.00169709 -0.00129096 -0.00366419 0.00298608 0.00125688 0.00484267 0.00966204 0.015129 0.00303046 -0.000838667 0.0021146 0.00316553 0.0022196 0.000941245 0.00959052 -0.0136532 -0.00318989 -0.00162186 -0.00625431 -0.00571722 -0.00828551 -0.00652661 0.00569053 0.00445562 -0.012944 -0.00205174 -0.0061056 0.00151902 -0.00289853 -0.00476873 -0.00798215 0.00408497 0.00102028 -0.000365765 -0.00110893 0.00117263
internal_weight=105176 4903 100273 93523 92570 4651 6750 66315 60992 44842 16150 25075 19392 5871 4370 6829 6464 13521 5683 5423 1987 1343 644 596 5323 6207 5369 4947 2129 3436 1720 5595 3737 660 19767 1516 18251 15555 9371 1831 2696 1184 2311 991 869 7314 6779 5169 4868 2909 1959 966 993 531 1366 616 4935 1716 1255 1543 717 953 1501 579 838 4307 1112 533 579 1512 922 530 2636 1833 3490 6220 2522 2000 1654 1196 939 5959 4061 1898 3643 2421 2128 1222 1753 1239 1386 974 3029 9321 4836 4485 1219 757 3266 1486 4538 3935 3605 3078 527 892 6184 4099 2085 1783 1720 1469 875 1320 847 828 566 2316 1610 1350 1455 827 750 7540 6561 3293
internal_count=105176 4903 100273 93523 92570 4651 6750 66315 60992 44842 16150 25075 19392 5871 4370 6829 6464 13521 5683 5423 1987 1343 644 596 5323 6207 5369 4947 2129 3436 1720 5595 3737 660 19767 1516 18251 15555 9371 1831 2696 1184 2311 991 869 7314 6779 5169 4868 2909 1959 966 993 531 1366 616 4935 1716 1255 1543 717 953 1501 579 838 4307 1112 533 579 1512 922 530 2636 1833 3490 6220 2522 2000 1654 1196 939 5959 4061 1898 3643 2421 2128 1222 1753 1239 1386 974 3029 9321 4836 4485 1219 757 3266 1486 4538 3935 3605 3078 527 892 6184 4099 2085 1783 1720 1469 875 1320 847 828 566 2316 1610 1350 1455 827 750 7540 6561 3293
is_linear=0
shrinkage=0.0667171


Tree=17
num_leaves=127
num_cat=0
split_feature=152 167 21 0 73 81 16 69 97 181 84 183 12 170 170 92 22 36 12 96 84 92 97 15 201 4 17 183 20 62 12 73 16 18 5 84 156 18 81 95 17 0 5 20 14 157 153 61 95 21 19 18 81 12 84 102 20 11 18 69 196 85 96 95 73 97 14 97 187 18 153 97 99 153 73 99 165 73 96 101 5 61 21 149 12 95 73 19 201 183 18 149 95 95 183 170 97 69 97 4 20 81 79 19 17 81 198 62 4 21 33 99 195 18 81 79 104 60 11 11 9 61 99 171 92 17
split_gain=13.7448 12.4877 13.6932 13.1245 15.6294 14.586 13.134 11.1621 12.5318 12.3672 10.7136 10.3332 11.7558 9.5115 9.29784 9.2621 9.53374 8.83528 9.66208 10.2052 8.67812 8.64725 8.51797 10.7421 8.72811 11.6635 15.271 11.4085 12.8429 9.6483 9.33822 10.9773 8.46163 9.82833 8.35256 8.77621 8.21009 8.14291 7.94164 7.88721 7.97156 14.0261 9.14126 7.64764 8.17689 8.72142 7.76581 14.8962 7.63043 7.4068 8.6082 7.25372 8.23168 7.64683 12.1621 7.13387 7.23186 7.11604 7.93943 7.09173 7.059 7.05431 7.1839 6.99118 7.64603 6.91339 10.3506 7.73579 7.23366 6.8161 8.72521 9.77985 6.69727 6.66604 7.62719 15.7593 15.3711 19.1644 13.9836 9.87583 9.77013 11.5341 9.03516 12.3113 9.32749 14.323 10.2359 8.9553 8.36908 8.05707 7.98845 10.6839 7.85818 11.6394 11.5435 7.59413 7.58328 7.80746 8.69224 11.0501 10.8881 11.0167 9.27674 9.07618 8.57209 10.9316 10.1834 9.60641 9.27362 10.7199 9.88579 9.44042 10.6045 9.03569 9.11898 8.45921 8.26345 8.19796 8.15973 7.68186 7.29167 8.76065 7.2273 7.84012 7.19587 7.04872
threshold=0.46118342876434332 0.69381976127624523 -0.83425775170326222 0.43323864042758947 -0.63421696424484242 -0.061288526281714432 -0.084793727844953523 0.26957173645496374 -0.22283680737018582 -0.20260293781757352 -0.071597177535295473 -0.26054361462593073 0.21465941518545154 -0.1224829852581024 0.23517329990863803 -0.20473338663578031 -0.097164265811443315 0.22887323796749118 -0.050927303731441491 -0.017438163980841633 0.32318027317523962 0.0042753648012876519 0.2196469455957413 0.027699999511241916 0.022567016072571281 -0.48264713585376734 -0.17088516056537625 -0.032590596005320542 -0.018049024045467373 -0.011041009798645971 -0.068111047148704515 0.019397050142288211 0.4194385707378388 0.075347539037466063 -1.0000000180025095e-35 -0.37324169278144831 0.044117653742432601 0.13716869056224826 -0.14024760574102399 0.077087759971618666 0.56043720245361339 0.48153407871723181 -1.0000000180025095e-35 0.023103144951164726 -0.049084821715950959 -0.1046662963926792 0.047436624765396125 -0.013274336233735083 0.023117630742490295 0.031040783040225509 -0.17318242788314817 0.031402070075273521 0.0094654969871044176 -0.30166572332382197 0.040330810472369201 0.11715028434991838 0.15978806465864184 0.34086582064628607 -0.38347558677196497 0.080864068120718016 -0.065873477607965455 0.17864879220724109 -0.10097710043191908 0.320080116391182 0.22214399278163913 -0.22283680737018582 -0.031242559663951393 -0.1269625052809715 0.44133585691452032 -0.14949298650026319 0.064607698470354094 -0.089897811412811265 -0.21501488983631131 -0.79657468199729908 0.041297862306237228 0.036867767572402961 0.068720493465662016 0.21153222024440768 0.8879573941230775 0.046366741880774505 -0.37499999999999994 -0.036030340939760201 -0.63409459590911854 -0.56578090786933888 0.49039496481418615 0.31435681879520422 -0.14306161552667615 0.05270237289369107 -0.10714241489768027 -0.019465478137135502 0.08779925107955934 0.0052483256440609702 -0.054458549246191972 0.064725585281848921 0.34827637672424322 -0.10278058424592017 -0.24467593431472776 0.092741649597883238 -0.17544915527105329 -0.44622801244258875 -0.057919714599847787 -0.0056147803552448741 0.0057157555129379043 0.13721898198127749 -0.043611131608486169 -0.084622930735349641 0.27730192244052893 0.27707676589488989 -0.26754547655582422 0.11647960916161539 0.41700212657451635 0.087638247758150115 0.0085160844027996081 0.10021138936281206 0.15229982137680056 -0.014658275991678236 -0.10294691100716589 0.026144146919250492 -0.16329753398895261 -0.093953743577003465 0.15598769485950473 1.1156763434410097 -0.21501488983631131 0.0028050192631781106 -0.016200836747884747 -0.23443229496479032
decision_type=2 2 2 2 2 2 2 2 2 2 2 2 2 2 2 2 2 2 2 2 2 2 2 2 2 2 2 2 2 2 2 2 2 2 2 2 2 2 2 2 2 2 2 2 2 2 2 2 2 2 2 2 2 2 2 2 2 2 2 2 2 2 2 2 2 2 2 2 2 2 2 2 2 2 2 2 2 2 2 2 2 2 2 2 2 2 2 2 2 2 2 2 2 2 2 2 2 2 2 2 2 2 2 2 2 2 2 2 2 2 2 2 2 2 2 2 2 2 2 2 2 2 2 2 2 2
left_child=1 2 14 4 11 39 10 15 -9 60 -7 57 -13 55 -1 22 37 18 -15 -20 -3 -11 24 -24 25 26 -6 28 30 -29 -27 -32 38 48 35 -8 -14 65 43 -5 41 42 -41 44 45 -18 -45 72 -34 50 -28 52 -23 -53 -55 56 -2 58 -4 -37 -10 -26 -63 -36 -65 -17 -67 68 -68 -30 71 -71 -48 -40 78 80 77 79 82 -77 81 90 83 -75 96 88 -87 95 -86 -83 122 -92 -78 -94 -95 -82 -84 98 119 100 103 -102 -103 -100 105 125 108 -107 110 111 -106 116 -113 120 -115 -114 -110 -118 -99 -98 121 -109 -76 -124 -81 -101
right_child=13 20 3 5 7 6 34 8 9 21 -12 12 36 17 -16 16 32 -19 19 -21 -22 51 23 -25 61 27 49 29 69 -31 31 -33 33 -35 63 59 -38 -39 73 40 -42 -43 -44 46 -46 -47 47 -49 -50 -51 -52 53 -54 54 -56 -57 -58 -59 -60 -61 -62 62 -64 64 -66 66 67 -69 -70 70 -72 -73 -74 74 75 76 92 -79 -80 124 87 89 84 -85 85 86 -88 -89 -90 -91 91 -93 93 94 -96 -97 97 118 99 104 101 102 -104 -105 106 107 -108 113 109 -111 -112 112 115 114 -116 -117 117 -119 -120 -121 -122 -123 123 -125 -126 -127
leaf_value=-0.0099609873198715435 0.01293058762468197 0.0057964853184141775 0.02210797536559455 -0.0080055818442277826 -0.0086597506840533928 0.0061798794937793318 -0.012893955813054725 0.017109292293331593 0.0033625995605581264 0.0036653910058868288 -0.0058938083963485976 -0.010304031505665416 0.010598096821398817 0.003968156878429439 0.0026224389726911186 -0.0074022215440834515 0.0077846755343999917 -0.01181003283409004 -0.017970018492912351 -0.0038786725975795298 -0.0036604032855313243 -0.013712904726810094 -0.0015026314186432871 -0.019333256955016784 0.0042135323987310975 0.014036029509914595 0.010703720125563429 -0.0049130674616840366 0.0025043176656548271 -0.015304396092176844 -0.0068747179257411207 0.0089355571345788552 -0.0011391564300239404 0.0016348429901804076 -0.017603769138234381 -0.0070392834202157696 -0.0021492254368938031 0.0041964551927298538 -0.0060856509221184239 0.0057471112834501636 -0.0060166253463312565 0.011908422330087624 -0.0052843325744416697 0.0039451258553178572 -0.0079356255216894659 -0.0037298616757862721 -0.00059186910108326727 0.0093991960908652201 -0.012698417877252371 0.01408769739619301 -0.0042309639299425777 0.0091782610854816097 -0.0017079469521111799 0.0065168122215892559 -0.0082999838990241628 -0.0030154936943878586 -0.00070866224465058851 0.0029175563412966996 0.0070658761151356289 0.0070185899564956565 0.012252277990630849 -0.0097896208636557274 0.0036969049855657579 -0.0018625107969342828 -0.015636010336609333 0.0036627100054653912 -0.0074572203501100665 0.00060089780571866906 0.0046512929005963636 -0.0044757092614033621 -0.00032904691653921697 -0.020810443127342756 -0.014499788199918826 0.0036927487578934911 -0.010843735781011483 0.0020001286682778535 -0.014158021436767339 0.012094321073627864 0.01643053390135785 -0.012495226915132839 -0.005177896259696598 0.013132270529448898 0.010426489943853237 -0.014005674745822577 0.017319813389712311 0.0046272963061582389 -0.012428161999391488 0.0059203348816496484 0.0054523116196240175 -0.0025740429390444059 9.7726505025970932e-05 -0.015115238446436615 0.0021197705384807686 -0.015348120000541792 -0.00028119677931725753 0.001525917846721937 -0.014172837134605067 -0.012788691913695971 -0.0093913164754214542 0.0017840682711520893 0.0078846686125930796 -0.011159311260034218 0.0025599790281161773 0.0010628142625452098 0.013873250146025197 0.0035810174523500521 -0.0025627293142114296 0.0011773896776946012 0.0055576498888897392 0.013476688888347729 0.0035329281354447841 0.00850461414816568 0.006460566343688706 -0.004041518962794686 0.011477131901825137 -0.0066716399943918736 0.00095661669415199975 -0.0073613805675235046 -0.0011232695329625546 -0.0015034988718686266 -0.0099211583711940315 -0.011555738423796013 -0.0041484363272947114 0.0099662923289128603 -0.00080735495235137195 -0.0088052456151357216
leaf_weight=982 338 2719 344 382 374 612 314 263 923 2089 695 271 548 584 348 434 369 744 262 1781 506 407 343 270 1843 344 314 2883 453 464 396 379 405 676 579 287 371 4227 711 647 421 667 685 1306 1555 1356 250 259 706 401 368 373 688 425 575 888 340 323 300 351 715 382 316 432 311 4631 1050 7354 271 359 497 306 416 296 256 834 667 445 257 589 879 284 354 411 457 392 255 1785 652 286 300 612 566 619 361 5064 263 282 1094 418 730 372 519 547 859 4461 1031 1301 856 423 808 1711 406 275 416 464 1402 836 4395 1109 575 291 383 315 397 806
leaf_count=982 338 2719 344 382 374 612 314 263 923 2089 695 271 548 584 348 434 369 744 262 1781 506 407 343 270 1843 344 314 2883 453 464 396 379 405 676 579 287 371 4227 711 647 421 667 685 1306 1555 1356 250 259 706 401 368 373 688 425 575 888 340 323 300 351 715 382 316 432 311 4631 1050 7354 271 359 497 306 416 296 256 834 667 445 257 589 879 284 354 411 457 392 255 1785 652 286 300 612 566 619 361 5064 263 282 1094 418 730 372 519 547 859 4461 1031 1301 856 423 808 1711 406 275 416 464 1402 836 4395 1109 575 291 383 315 397 806
internal_value=4.66421e-05 0.00021566 7.99952e-05 0.000173484 0.00038194 -0.00274814 -0.00556947 0.000243189 0.00291195 0.00229889 -0.000217892 0.00598883 0.00179546 -0.00338875 -0.0066345 3.00191e-05 0.000308512 -0.00538563 -0.00354795 -0.00571557 0.00429829 0.000503521 -0.00179876 -0.00942361 -0.00133012 -0.00247173 0.00287119 -0.00375854 -0.000548698 -0.00636998 0.004924 0.000821717 -0.00014582 -0.00465375 -0.0086312 -0.0038146 0.00541309 0.00163467 1.29437e-05 0.000845178 0.00226387 0.00403098 5.26149e-05 -0.00237638 -0.00442661 -0.0012418 0.000622175 -0.00402782 -0.00851401 0.00690103 0.00261109 -0.00216069 -0.00620958 0.00104538 -0.0019641 0.00088567 0.00604505 0.0111111 0.0151703 0.000632234 0.00726707 0.00204228 -0.00363055 -0.0120713 -0.00769706 0.0008438 0.00111645 -0.000239411 -0.00493708 -0.00436113 -0.00707296 -0.0120602 -0.00932612 0.000305901 0.000409392 -0.000835594 -0.00413293 -0.000255786 0.00102383 -0.00330269 0.000614219 -0.00306241 0.000887165 -0.00654056 0.00107143 0.00578168 -0.00204738 0.00177828 0.0103837 0.00519004 -0.00560785 -0.0100703 -0.00808529 -0.00543521 -0.00983041 0.000527358 0.000763501 0.000633063 0.00116081 0.00150451 -0.00205102 0.00180756 -0.00313487 -0.00588361 0.00217561 0.000665652 0.00363814 0.00164494 0.00446691 0.00325193 0.00888448 0.00247938 0.0054564 -0.00136489 0.00524259 -0.000496787 8.01091e-07 -0.00213791 -0.00183851 -0.00396849 -0.0034924 -0.00114262 -0.00130222 0.00217692 -0.00782272 -0.00515606
internal_weight=105524 100587 97362 96032 89649 6383 3581 87492 6458 6195 1307 2157 1190 4937 1330 81034 70342 3371 2627 2043 3225 4557 10692 613 10079 7538 1457 6081 2734 3347 1119 775 52375 1787 2274 952 919 17967 50588 2802 2420 1999 1332 5511 3280 1725 2231 925 1111 1083 682 2468 1095 1373 1000 1566 678 967 644 638 1638 2541 698 1322 743 13740 13306 8675 1321 1615 1162 665 666 45077 44366 14642 4478 2265 29724 1820 10164 2436 29467 707 28760 1756 647 7728 1109 570 1866 912 2213 1546 980 5943 27004 26650 21973 20601 3262 1621 891 1641 17339 8543 8796 7319 7765 6098 1667 5675 2581 2858 691 870 3094 2238 4677 1372 2167 1592 954 698 986 1224
internal_count=105524 100587 97362 96032 89649 6383 3581 87492 6458 6195 1307 2157 1190 4937 1330 81034 70342 3371 2627 2043 3225 4557 10692 613 10079 7538 1457 6081 2734 3347 1119 775 52375 1787 2274 952 919 17967 50588 2802 2420 1999 1332 5511 3280 1725 2231 925 1111 1083 682 2468 1095 1373 1000 1566 678 967 644 638 1638 2541 698 1322 743 13740 13306 8675 1321 1615 1162 665 666 45077 44366 14642 4478 2265 29724 1820 10164 2436 29467 707 28760 1756 647 7728 1109 570 1866 912 2213 1546 980 5943 27004 26650 21973 20601 3262 1621 891 1641 17339 8543 8796 7319 7765 6098 1667 5675 2581 2858 691 870 3094 2238 4677 1372 2167 1592 954 698 986 1224
is_linear=0
shrinkage=0.0667171


Tree=18
num_leaves=127
num_cat=0
split_feature=152 11 168 95 97 122 17 36 200 11 84 17 79 14 17 81 13 1 95 11 20 16 95 152 92 95 13 11 84 9 84 149 181 99 159 95 62 73 199 201 70 0 73 170 151 163 81 12 95 11 3 165 73 16 21 21 20 20 20 197 152 11 97 157 95 19 13 3 152 92 84 170 8 19 73 25 165 16 199 20 80 73 79 11 0 12 3 96 20 82 198 102 84 95 15 155 200 81 20 102 95 159 169 62 81 19 36 74 198 21 170 82 20 24 62 97 84 69 97 95 92 74 158 152 24 81
split_gain=13.1746 13.149 10.8669 12.6726 13.8011 12.7411 11.1922 12.1854 12.6302 12.543 12.0149 11.9009 12.413 11.4296 14.4789 13.0072 11.1727 12.3835 12.142 11.889 15.3221 14.8809 10.8765 12.4415 10.8338 10.4066 10.622 10.3307 12.7154 10.2113 10.0724 10.3449 9.86033 9.77344 9.67541 9.29849 12.6687 11.8413 11.3238 10.8501 9.41659 11.5034 9.24454 8.78384 8.59355 8.54833 8.51957 14.405 8.23441 12.8713 11.2195 11.7869 9.92586 9.79373 12.0665 9.93481 9.37633 16.9466 11.7776 10.3133 11.7621 9.9869 8.98361 8.845 8.74167 9.73065 8.54065 9.12953 15.4187 8.87535 8.45443 8.20764 7.87066 10.3192 8.66565 7.8642 7.78603 9.32023 7.64081 9.24538 9.68374 8.25515 12.2512 10.5676 7.63776 7.51443 8.10064 9.85043 9.37767 8.99772 7.492 7.93457 7.47909 12.2155 7.38195 7.32826 7.28739 7.11283 9.21082 8.60065 10.0893 9.90083 8.47578 8.14645 7.01861 6.99908 6.99104 11.7263 12.0351 6.76473 11.1536 9.34383 8.76487 9.57888 14.6025 10.4327 14.98 9.43922 9.84466 8.43953 11.7608 10.7269 13.9365 10.9325 7.81091 11.4434
threshold=0.46118342876434332 -0.039204552769660943 0.5861911177635194 0.11867989227175714 -0.2377379164099693 -0.15118216723203656 0.57406342029571544 0.26408450305461889 -0.31285932660102839 0.4551828801631928 -0.47977621853351587 0.31858056783676153 0.099457405507564559 0.93375742435455333 -0.29675559699535364 -0.096084717661142335 -0.51903662085533131 -0.23721590638160703 0.29787202179431921 -0.13127428293228147 -0.066444844007492052 0.15172412991523745 0.086491454392671599 -0.13249371200799939 0.083171498030424132 0.34447015821933752 -0.43732459843158716 -0.11435717716813086 0.46919962763786321 0.080148801207542433 0.14432966709136966 -0.016591658815741536 -0.36704753339290613 -0.034704564139246934 -0.25833491981029505 -0.017419890500605103 -0.076235543936490999 0.094479277729988112 0.21449667215347293 -0.90851131081581105 0.055183673277497299 -0.075284089893102632 -0.093427989631891237 -0.098770484328269945 -0.054108677431941025 0.034860575571656234 -0.071097046136856065 -0.25815111398696894 0.17451039701700213 -0.081091318279504762 -0.49484245479106898 -0.10879399627447127 0.51231443881988536 0.2748179435729981 0.14726916700601581 0.10310277342796327 -0.089975744485855089 0.020124746486544613 -0.19468623399734494 0.13460892438888553 -0.17660060524940488 -0.27727869153022761 -0.080230500549077974 0.11513463407754899 0.42649790644645696 -0.0063851657323539248 0.25236386060714727 -0.41864693164825434 -0.034594703465700143 0.019818968139588836 0.35307295620441442 0.14505572617053988 -0.055281346663832658 -0.15574982017278668 0.11588919162750246 -0.036595100536942475 -0.026004669256508347 -0.061105621978640549 -0.92187571525573719 -0.052809493616223328 0.3870104849338532 -0.36661921441555018 0.1135445684194565 0.31508113443851476 0.38210226595401769 0.16395534574985507 -0.40927968919277186 -0.017438163980841633 -0.080597922205924974 -0.11079594120383261 -0.60219278931617726 0.10484615340828897 0.27589665353298193 0.31435681879520422 -0.22230000048875806 -0.019482876174151894 0.0068839807063341149 1.2468022108078005 0.02531452011317015 -0.02064476907253265 -0.16335467249155042 0.021929671056568626 -0.11956495419144629 0.72187170386314403 -0.034161211922764771 -0.075781837105751024 0.55985915660858165 -0.040766419842839234 -0.054077167063951485 0.13246655464172366 0.035015597939491279 -0.41477428376674647 -0.017036254517734047 -0.21664611250162122 0.48633018136024481 0.22866573929786685 -0.039896329864859574 -0.054896561428904526 0.055907569825649268 -0.38433372974395746 0.22387818992137912 0.29323503375053411 -0.022954556159675118 0.26414176821708685 0.19156333804130557 0.041140751913189895
decision_type=2 2 2 2 2 2 2 2 2 2 2 2 2 2 2 2 2 2 2 2 2 2 2 2 2 2 2 2 2 2 2 2 2 2 2 2 2 2 2 2 2 2 2 2 2 2 2 2 2 2 2 2 2 2 2 2 2 2 2 2 2 2 2 2 2 2 2 2 2 2 2 2 2 2 2 2 2 2 2 2 2 2 2 2 2 2 2 2 2 2 2 2 2 2 2 2 2 2 2 2 2 2 2 2 2 2 2 2 2 2 2 2 2 2 2 2 2 2 2 2 2 2 2 2 2 2
left_child=2 -2 3 5 -5 -1 7 8 13 48 -8 12 -9 14 -6 -16 -13 19 30 76 29 -22 27 -24 -11 26 -12 28 35 -21 -19 -32 -17 -20 -25 36 96 38 40 -38 45 -42 46 90 -36 -37 -29 -48 85 56 63 -52 53 54 55 66 58 59 61 60 -58 95 -56 -51 65 -60 67 68 -53 -69 94 -72 -28 -74 -75 -46 -18 -78 -49 81 -81 83 -83 -80 -34 86 88 -88 -10 -90 -3 -92 -4 -94 -59 -50 -7 98 99 101 -101 103 -102 -41 -55 -27 109 -108 -109 112 -111 -112 113 115 -115 117 -117 -44 -119 120 -114 122 -121 -123 125 -113
right_child=1 43 92 4 6 22 10 11 9 24 25 16 -14 -15 15 32 17 18 33 20 21 -23 23 34 -26 105 72 42 -30 -31 31 -33 84 -35 44 37 39 -39 -40 97 41 -43 106 -45 75 -47 47 78 49 50 51 52 -54 104 62 -57 57 70 64 -61 -62 -63 -64 -65 -66 -67 -68 69 -70 -71 71 -73 73 74 -76 -77 77 -79 79 80 -82 82 -84 -85 -86 -87 87 -89 89 -91 91 -93 93 -95 -96 -97 -98 -99 -100 100 102 -103 -104 -105 -106 -107 107 108 -110 110 111 124 119 114 -116 116 -118 118 -120 121 -122 123 -124 -125 -126 -127
leaf_value=0.002457270873274207 -0.018155617911254356 -0.0088843792023102254 0.0048063604711102203 0.0089233839528600947 0.015934709339938496 -0.0057045038138865412 -0.018471538434385516 0.0037722843363997027 -0.020246144443252439 -0.014396889158758733 0.011129821625570481 0.0080201793553759254 0.020878615191481785 -0.0073943080509740397 -0.0079639566958234695 -0.0065131924290190504 -0.0022784587034637657 -0.0058079571662642843 -0.021997210862374595 -0.0009629403633851267 -0.0015578743043206274 -0.01763627335591695 0.011896481522082955 -0.0065329315869069853 0.0014619657744055321 -0.013527809731229893 0.0044750250573799832 -0.0012138624978128472 0.0071321023776503775 0.012490012159379402 0.013590842416030915 -0.0042604198673921647 0.01040053719585299 -0.0052211797756653664 -0.0055536906639279994 0.013424936572762896 -0.015856142405777304 -0.0089250267528533378 -0.0065789324680869963 -0.014013083909286074 -0.0095640563309960375 0.0053236034096375874 -1.3220575390305045e-05 -0.0047231572824436565 0.012841819234861608 0.0011863102508647783 0.015730122912980659 -0.0079262371886276422 0.0044758855832387617 0.012838902616972741 -0.012361571408279226 -0.012561660807907984 -0.010636384339738649 0.0040217474964289431 0.0009090349362945745 -0.0099467403275503539 0.001629840935168802 0.0056871365259282018 -0.007100282435893235 -0.01917739810176795 -0.01207022079548129 -0.014732149280716382 0.015739140029023633 -0.00028268977331257232 0.016391274840136666 0.010028312373860742 -0.0042129319490288889 0.012641407299118796 0.0088566117105832384 0.00033812811318224931 0.012787495343993507 -0.0031794711805778952 0.0038874850879276946 -0.0025447531640091733 -0.016047720651386661 0.002606585315021582 0.016067000734823523 0.0023370299119334094 0.019827250090058784 -0.012279088561203529 0.0031762511145482547 0.0075849879908058675 -0.0025267745433792954 0.0028669134105952696 -0.0024899795203415752 0.00018774531195308496 0.0015194206867812064 -0.010277528832399217 -0.013741504092385729 0.0011205807622055349 0.0087551605152969749 -0.0011014774023817883 -0.010977585617272662 0.0051968192702377966 -0.0051937214310570313 -0.0050718095068975145 -0.019958842004392716 0.0069642622107627802 -0.00040651250389141458 0.0048650228572930561 0.0026516667982565867 -0.0025245684730220764 -0.012587045683145857 -0.00073299598169412894 -0.0091555290225676898 -0.00095505185682571579 0.0042947832358127842 -0.011162030519728146 -0.0014654427086465043 0.0028946423698377756 -0.013094539307932312 -0.0027094716078782687 0.012004464841506716 0.0024599227980591871 -0.010164083378302623 -0.0066635930610682093 0.01479019134862751 -0.0051637883590902097 -0.020908385316629956 0.0020187840462914343 -0.002198265832148914 -0.013368985837176283 -0.004705065422033021 0.0001165865167898659 -0.0089917489223937785 0.010641408358271322
leaf_weight=12943 250 270 3525 601 398 358 269 715 347 668 274 761 257 430 445 264 284 861 268 513 1134 330 685 498 261 630 451 1654 673 479 318 256 937 376 342 706 265 458 475 1039 353 654 522 2968 507 404 446 257 637 585 325 296 315 257 290 322 430 318 277 435 763 272 502 364 270 307 618 747 295 407 308 258 342 406 453 1002 521 389 361 287 469 1355 869 305 254 909 758 530 382 333 633 834 381 447 1939 805 299 356 4024 685 260 1013 410 261 562 293 742 938 1467 7684 321 827 422 7913 426 288 283 431 306 2424 656 780 3140 397 383 431
leaf_count=12943 250 270 3525 601 398 358 269 715 347 668 274 761 257 430 445 264 284 861 268 513 1134 330 685 498 261 630 451 1654 673 479 318 256 937 376 342 706 265 458 475 1039 353 654 522 2968 507 404 446 257 637 585 325 296 315 257 290 322 430 318 277 435 763 272 502 364 270 307 618 747 295 407 308 258 342 406 453 1002 521 389 361 287 469 1355 869 305 254 909 758 530 382 333 633 834 381 447 1939 805 299 356 4024 685 260 1013 410 261 562 293 742 938 1467 7684 321 827 422 7913 426 288 283 431 306 2424 656 780 3140 397 383 431
internal_value=3.79673e-05 -0.00331919 0.000203381 5.58583e-05 -0.00105489 0.000582468 -0.00125396 -0.000819633 -0.00168549 -0.00235935 -0.00504073 0.00147549 0.00835066 0.00252187 0.00440009 0.00195408 0.00043878 -0.000565244 -0.00467636 0.00176824 -0.000873345 -0.00521928 0.000119666 0.00399537 -0.00989383 -0.00375078 -0.000939367 -0.000117496 -0.00175896 0.00550069 -0.00123596 0.00556396 0.00501741 -0.0122743 0.00167152 -0.00226103 -0.00334369 0.000911308 0.00266987 -0.00263289 0.00476756 6.68857e-05 0.000448075 -0.0025171 0.00390165 0.0089997 0.00284246 0.00439386 -0.00192314 -0.00116276 0.00113383 -0.000136831 0.000722743 0.00156877 0.0031205 0.000971743 -0.00309288 -0.00494468 0.000103313 -0.0103645 -0.00710714 -0.00306934 0.0103462 0.00776666 0.0065053 0.00185565 0.00248103 0.00487542 -0.00180685 0.00832971 -0.0018041 0.00544396 -0.0029723 -0.00580388 -0.00971124 0.0060757 0.00722481 0.0102395 0.00308333 0.00387331 -0.00265348 0.00559453 0.00361962 0.012117 0.00761535 -0.00492126 -0.00691335 -0.00331848 -0.0112345 -0.00678765 0.00123341 0.00313217 0.00346298 -0.00220541 -0.00363943 -0.000831621 -0.0122549 -0.00218938 -0.00261945 -0.00503722 -0.0007914 -0.00751021 -0.00661595 -0.0113665 -0.00496616 -0.00956777 -1.79379e-05 -0.00299689 -0.00526475 0.000320296 0.00174622 -0.0027311 -0.000442578 0.000846261 0.00180819 -0.00351463 0.00390726 -0.00691436 -0.0117661 -0.00212296 0.00333566 -0.0030022 -0.00177004 -0.00878788 -0.000673205 0.00184526
internal_weight=105763 4955 100808 96455 31001 65454 30400 27282 19820 17092 3118 7462 972 2728 2298 1900 6490 5729 2079 3650 2456 1464 52511 3034 929 2849 1926 49477 12693 992 1435 574 1455 644 2349 12020 8970 3050 2592 8313 2117 1007 36784 4705 1851 1110 6003 4349 16163 12904 5885 4936 4611 4296 3477 2685 7019 4451 2568 1628 1193 1714 792 949 854 584 2363 1745 591 1154 2823 566 1652 1201 859 1509 1194 910 3903 3646 756 2890 2224 666 1191 3259 2350 1288 1062 715 1737 1467 4353 828 2257 1442 657 8048 7692 3668 1355 2313 670 1300 819 923 30781 3147 2405 27634 9646 1962 17988 10169 8339 1830 571 1259 737 7819 1078 6741 5564 1177 1641 1258
internal_count=105763 4955 100808 96455 31001 65454 30400 27282 19820 17092 3118 7462 972 2728 2298 1900 6490 5729 2079 3650 2456 1464 52511 3034 929 2849 1926 49477 12693 992 1435 574 1455 644 2349 12020 8970 3050 2592 8313 2117 1007 36784 4705 1851 1110 6003 4349 16163 12904 5885 4936 4611 4296 3477 2685 7019 4451 2568 1628 1193 1714 792 949 854 584 2363 1745 591 1154 2823 566 1652 1201 859 1509 1194 910 3903 3646 756 2890 2224 666 1191 3259 2350 1288 1062 715 1737 1467 4353 828 2257 1442 657 8048 7692 3668 1355 2313 670 1300 819 923 30781 3147 2405 27634 9646 1962 17988 10169 8339 1830 571 1259 737 7819 1078 6741 5564 1177 1641 1258
is_linear=0
shrinkage=0.0667171


Tree=19
num_leaves=127
num_cat=0
split_feature=168 0 16 81 11 201 11 171 30 5 69 150 20 20 92 0 92 18 201 104 149 20 69 80 201 199 20 105 14 69 32 0 182 85 84 201 0 3 21 11 16 19 70 8 36 62 3 19 92 62 20 99 18 201 16 99 95 33 20 5 95 84 20 80 21 69 17 20 15 18 13 201 20 95 92 10 70 61 95 92 162 21 12 95 103 199 171 18 3 20 70 3 33 19 11 21 92 84 1 14 36 19 33 17 70 20 92 11 173 95 99 95 84 82 33 163 19 19 17 163 156 21 20 20 18 12
split_gain=13.6546 13.077 27.2789 15.4571 11.6644 11.5778 10.0411 10.2482 12.1447 9.93571 10.1915 9.88607 14.1192 10.4893 12.7791 13.0104 11.6289 10.7741 16.4704 10.9212 9.77654 9.63516 10.3786 10.2565 9.32471 9.11954 16.1935 9.50242 9.06662 12.2668 9.00034 8.96505 8.92286 9.50592 8.76592 9.77684 8.71222 9.54998 8.56703 8.70436 10.8517 9.83224 11.3755 11.3706 9.83567 11.9062 11.8586 9.35615 8.55211 8.51934 8.48168 17.2286 14.9889 9.95315 10.9167 9.46116 13.8861 8.50965 8.42558 14.9942 11.9069 11.2307 10.2429 9.08737 9.23692 8.08189 10.5552 8.03279 7.95559 7.90069 7.76477 9.41712 9.74275 8.98542 8.9108 7.8353 9.91193 9.89316 7.74487 13.1639 7.71237 7.62765 7.59801 9.0778 9.07464 7.53104 7.47853 8.52189 9.13966 22.8051 7.64384 7.4435 8.06258 9.31277 10.3092 8.91291 8.64434 8.36728 10.011 7.40852 13.0422 7.35667 9.20158 9.97483 13.9918 7.31305 7.21407 8.87505 7.12633 9.12604 7.11869 8.50992 13.9665 8.5013 7.79598 7.01707 6.96312 6.90011 10.8624 8.42777 7.32293 7.29286 6.99779 7.40577 6.86767 6.85311
threshold=0.81953755021095287 0.43323864042758947 -0.061105621978640549 -0.066872831434011445 -0.057595817372202866 -1.3540227413177488 -0.078412979841232286 -0.22389327734708783 -0.08624818921089171 -0.37499999999999994 0.095365859568119063 -0.075273513793945299 -0.0095999087207019312 -0.29472161829471583 0.0021794399945065383 0.041193181648850448 0.5107647478580476 -0.21447290480136869 0.34255348145961767 -0.9591563045978545 -0.2246572524309158 0.58276876807212841 0.031172774732112888 0.32390055060386663 -0.096264384686946855 -0.023976716212928292 0.12637126818299296 -0.40182189643383021 0.019352679140865806 -0.0031655252678319807 -0.57753026485443104 0.45312500000000006 -0.0050210326444357625 0.25600184500217443 0.53768527507781994 0.17428998649120334 0.12073863670229913 0.45529152452945715 0.61143556237220775 0.078159123659133925 0.14920457452535632 0.2443867772817612 -0.39454865455627436 0.010865969117730858 -0.095070421695709215 0.072029445320367827 -0.38928070664405817 -0.1291033327579498 -0.20234774798154828 0.37066246569156652 -0.059773227199912064 0.51952350139617931 -0.065505117177963243 0.042689053341746337 -0.33220347762107844 0.013003043364733459 -0.020193468779325482 -0.019460423849523064 -0.0041329428786411873 -1.0000000180025095e-35 -0.21668015420436856 0.096488691866397872 0.028629172593355182 -0.037635710090398782 0.2009820491075516 0.51279154419898998 -0.38009636104106898 0.046948965638875968 0.60154616832733165 -0.14728643745183942 0.099140010774135603 -0.62806177139282215 0.24962572753429416 0.24812045693397525 -0.054551040753722184 -0.061656095087528222 0.18451863527297976 0.11946902796626092 -0.27525350451469416 -0.046987941488623612 0.015678138472139839 0.028737356886267666 -0.089862622320651994 0.17068946361541751 0.12721822410821917 -0.045288464054465287 0.18283796310424807 -0.26967006921768183 0.21687450259923938 -0.5491700768470763 -0.28177769482135767 0.49934628605842596 -0.065089240670204149 -0.12042235583066939 -0.35706810653209681 -0.20032300055027005 -0.18811108171939847 -0.0036462688585743304 -0.095170453190803514 0.49552826583385473 -0.11443661898374556 -0.0024605911457911129 -0.30783051252365107 -0.13496799767017362 -0.06178134307265281 0.077895369380712523 -0.089829482138156877 0.10283128544688226 0.091409493237733855 0.055599613115191467 -0.21501488983631131 0.086491454392671599 0.252114087343216 -0.24512784183025357 0.54643777012825023 -0.048740772530436509 0.27655458450317388 0.20358230918645862 -0.12378658354282378 -0.23077522963285443 -0.12114689871668814 -0.070469819009304033 0.17274001240730288 -0.057919714599847787 0.04206181317567826 0.50286203622818004
decision_type=2 2 2 2 2 2 2 2 2 2 2 2 2 2 2 2 2 2 2 2 2 2 2 2 2 2 2 2 2 2 2 2 2 2 2 2 2 2 2 2 2 2 2 2 2 2 2 2 2 2 2 2 2 2 2 2 2 2 2 2 2 2 2 2 2 2 2 2 2 2 2 2 2 2 2 2 2 2 2 2 2 2 2 2 2 2 2 2 2 2 2 2 2 2 2 2 2 2 2 2 2 2 2 2 2 2 2 2 2 2 2 2 2 2 2 2 2 2 2 2 2 2 2 2 2 2
left_child=1 5 31 4 -4 68 11 117 -9 10 -5 13 28 14 15 -7 20 18 32 -19 86 22 23 -10 125 70 82 -28 -13 48 -25 -3 33 36 50 -36 37 115 39 49 41 42 -41 -44 -45 46 -46 85 -30 58 51 52 55 54 -54 -21 -57 -55 59 78 62 -61 -60 -62 80 66 -49 -48 -1 -18 71 -14 74 -74 75 76 105 -77 -24 -80 -65 -29 108 84 -84 -42 87 -16 90 -90 -89 92 96 94 -94 97 -52 98 -95 100 -34 -26 -103 -104 -105 -73 -23 -108 109 -27 -68 112 114 -113 -112 -15 -102 118 -8 -120 -119 -121 123 -122 -31 -2
right_child=24 2 3 9 -6 6 7 8 21 -11 -12 12 25 17 16 -17 69 19 -20 34 -22 106 38 30 101 26 27 81 29 124 -32 -33 99 -35 35 -37 -38 -39 -40 40 47 -43 43 44 45 -47 67 65 -50 -51 91 -53 53 57 -56 56 -58 -59 60 61 63 -63 -64 64 -66 -67 110 -69 -70 -71 -72 72 73 -75 -76 77 -78 -79 79 -81 -82 -83 83 -85 -86 -87 -88 88 89 -91 -92 -93 93 95 -96 -97 -98 -99 -100 -101 116 102 103 104 -106 -107 107 -109 -110 -111 111 113 -114 -115 -116 -117 -118 120 119 121 122 -123 -124 -125 -126 -127
leaf_value=-0.014099339532748304 0.018038041796527356 -0.0041042697601613434 -0.014190669296113116 -0.011136350487294683 0.0011745894002313519 0.015465669834305303 -0.0059662875706711109 0.00199091745385074 0.00014840978987313343 -0.01104432195040536 0.0061066328994653831 0.0033266980165589264 -0.009958232669524069 -0.019519551906114339 0.0021983229773075152 -0.0023545599181848584 -0.0032638583059091055 -0.0094181715967489674 0.018479042097476472 0.006832653984747388 -0.019017094729354971 0.015149159997555043 -0.010547666220405563 0.00040287485913845244 0.0084714261252197606 -0.0031571047376312646 -0.018601989577217724 -0.012950099306275184 -0.013910944567641029 -0.020376559330585627 0.0080441738306659821 0.0045383453663496737 0.01600584083548065 0.010895535301413337 -0.0007540833458786107 0.01596030488255323 0.0055238990781133566 0.0036254769588424576 -0.011594604462567205 -0.0078666988040251677 -0.00075459165318432042 -0.0047480650034669334 0.00044549232801576388 0.015909697877939923 -0.0029051846315385262 -0.0031654809015833688 0.018239119438462226 0.010460218504284267 -0.0023360297569670991 -0.0095587662778312786 -0.0072272881271661579 -0.010042460674262361 0.020423951206001479 -0.0057507985933500641 0.0069740664799646775 0.0059627656766456866 -0.013088040848739923 0.0083983079951569419 -0.0098267735919378464 0.011385683776084963 -0.003402555686298742 -0.001313343567077912 0.001723796895737468 -0.018267866475044355 -5.3613778246757663e-05 -0.0082067027917250169 0.0073882154990538955 0.00647955071559435 0.00039884016246820596 0.0086823249019511613 -0.0090663207339248247 0.00022888656830673861 0.014108407923580852 -0.00080372958237512749 -0.0022556266205051609 0.012993132872446663 0.0078012704341402324 -0.0024253309786930423 -0.010851747904425339 0.0090077985973500852 -0.0044256229551217592 -0.0030824819664883778 0.011142192489955849 -0.0045004656410597499 -0.0034281940210209591 -0.010754559988886076 0.002673345819657173 -0.0044316752188071048 0.011268449299007626 -0.013567064128890444 -0.018281705781499218 0.0077252473757835243 0.010519684588721242 -0.014091470175519864 -0.0023014213393666104 -0.0092875253191577467 0.0025585291618768812 0.0042877762800910008 0.0030426952722400567 0.01466183338373187 0.0044255009369740779 0.0069782072341572745 -0.012953893669303806 -0.0072356424911540172 0.013150044158398252 -0.01360118540433408 0.011781028422170787 -0.0046266389378372304 -0.010028685322289588 0.010252481860992806 -0.00059714371942009052 0.0025376117502077778 0.0084159497839096861 -0.0086115366547299399 -0.012156151230864776 -0.0047241390380760098 -0.0098539122287021295 -0.00075912691520347393 0.012824614460666676 -0.0072146698230348555 0.0098354000283371826 0.0042973372440118559 0.015139276554011047 -0.0029044132991795659 -0.0078537221050456792 0.0046244172058069171
leaf_weight=431 340 711 254 268 1500 312 645 15170 14536 2272 344 381 300 273 340 424 603 514 332 326 264 295 509 1269 609 1125 299 478 351 422 1513 2086 255 250 282 332 343 254 352 363 582 765 1869 484 307 534 482 402 1498 764 475 430 330 434 1498 251 503 330 408 740 1658 522 2016 642 263 574 452 583 266 410 329 499 515 267 2066 646 489 252 254 348 257 1322 707 413 253 809 406 264 272 404 582 388 350 359 1325 1536 2486 563 254 379 338 512 353 363 250 251 252 339 460 279 3382 411 762 1108 279 311 269 424 385 313 579 1068 540 304 384 352
leaf_count=431 340 711 254 268 1500 312 645 15170 14536 2272 344 381 300 273 340 424 603 514 332 326 264 295 509 1269 609 1125 299 478 351 422 1513 2086 255 250 282 332 343 254 352 363 582 765 1869 484 307 534 482 402 1498 764 475 430 330 434 1498 251 503 330 408 740 1658 522 2016 642 263 574 452 583 266 410 329 499 515 267 2066 646 489 252 254 348 257 1322 707 413 253 809 406 264 272 404 582 388 350 359 1325 1536 2486 563 254 379 338 512 353 363 250 251 252 339 460 279 3382 411 762 1108 279 311 269 424 385 313 579 1068 540 304 384 352
internal_value=-4.7739e-05 -0.000172725 -0.00286721 -0.00600661 -0.00104866 3.68748e-05 0.000100299 0.00061721 0.000377656 -0.00901047 -0.0014128 -0.00081233 -0.00217651 0.000128218 -0.00280137 0.00516017 -0.0044675 0.00091597 0.00451439 7.92156e-05 -0.00688551 -0.000217275 -0.000369843 0.000861106 0.00456386 -0.00105655 -0.00303199 -0.00759272 -0.00620241 -0.00758789 0.00457068 0.00232529 0.0027561 -0.000811882 0.00047546 0.00822814 -0.00333768 -0.00701645 -0.00130299 -0.0011397 -0.000127901 0.00222524 0.00338932 0.00436114 0.00740828 0.00522169 0.00851242 -0.00157871 -0.00456438 -0.00284337 6.91602e-05 0.00252322 0.00401024 0.0067637 0.00943526 -0.00256247 -0.00668881 0.000331713 -0.00216347 0.0011227 -0.003657 0.00610465 -0.000215063 -0.00660315 -0.0111345 -0.000626361 1.14649e-05 0.0118453 -0.00851023 0.00153923 0.000815598 0.00144109 0.00213829 0.00896616 0.000856642 0.00388013 0.000415034 0.00861902 -0.00450331 0.000555004 -0.0143486 -0.0057318 -6.2749e-05 0.0036893 0.00725726 -0.0065939 -0.00544578 -0.00723723 -0.009373 -0.00352416 -0.0139996 -0.00122818 -0.00170799 -0.00352455 0.00036544 -0.00593972 0.000972024 -0.00153674 -0.00693195 0.00689216 0.00342168 0.00231816 -0.000203456 -0.00405434 0.00103133 -0.00436921 0.0066503 0.00233433 -0.00284387 -0.000458186 -0.000643506 -0.0012628 0.000209509 -0.00556714 -0.00149302 -0.0117165 -0.00184884 0.00377272 0.0014051 0.00411975 0.00684371 0.00165733 0.00913713 0.00541338 -0.0144626 0.0112732
internal_weight=105661 102882 7435 4638 1754 95447 94750 60513 56255 2884 612 34237 13986 20251 4281 736 3545 15970 3004 12966 2532 41085 40199 17318 2779 10950 5336 2099 3036 2655 2782 2797 2672 1431 12452 614 1181 838 22881 22529 14148 5387 4622 4259 2390 1906 1372 8761 1849 8381 11838 4102 3672 2592 1828 1080 754 764 7617 2373 5244 1262 2424 2820 1162 7370 6796 1065 697 1013 5614 5285 4985 782 4203 2137 1239 898 1111 602 899 1800 3237 1373 960 1391 2268 1862 1522 676 846 7736 7348 4387 1675 2712 2961 1176 613 1241 862 2087 1478 966 613 750 886 591 1864 1404 6394 5942 4423 1519 3661 584 607 4258 2411 1766 1847 1381 1423 883 806 692
internal_count=105661 102882 7435 4638 1754 95447 94750 60513 56255 2884 612 34237 13986 20251 4281 736 3545 15970 3004 12966 2532 41085 40199 17318 2779 10950 5336 2099 3036 2655 2782 2797 2672 1431 12452 614 1181 838 22881 22529 14148 5387 4622 4259 2390 1906 1372 8761 1849 8381 11838 4102 3672 2592 1828 1080 754 764 7617 2373 5244 1262 2424 2820 1162 7370 6796 1065 697 1013 5614 5285 4985 782 4203 2137 1239 898 1111 602 899 1800 3237 1373 960 1391 2268 1862 1522 676 846 7736 7348 4387 1675 2712 2961 1176 613 1241 862 2087 1478 966 613 750 886 591 1864 1404 6394 5942 4423 1519 3661 584 607 4258 2411 1766 1847 1381 1423 883 806 692
is_linear=0
shrinkage=0.0667171


Tree=20
num_leaves=127
num_cat=0
split_feature=169 0 16 73 81 20 201 150 21 73 18 150 19 3 95 200 10 103 8 33 197 164 92 84 21 153 12 18 18 152 201 80 11 92 13 15 92 96 33 20 74 92 81 92 82 8 157 18 153 20 152 33 74 33 4 21 97 19 18 18 183 200 20 19 10 19 95 104 82 4 11 181 74 3 73 12 36 153 10 92 11 15 201 149 21 95 201 12 74 33 11 18 73 79 18 79 19 18 96 36 19 13 16 12 12 105 182 11 21 33 82 0 158 20 0 101 12 104 97 13 20 182 97 97 8 21
split_gain=12.8032 13.8729 15.9733 13.2543 12.6706 10.5901 10.583 10.6639 12.5967 14.1809 12.1525 14.2784 13.801 11.9408 15.0203 11.8356 11.7102 12.4668 11.1701 12.1577 10.4698 9.29731 9.63097 9.2847 17.1268 10.2127 14.7164 14.199 14.1729 12.7201 12.2076 11.502 13.9279 10.24 11.2365 11.8671 11.7669 11.6843 11.494 10.7574 10.5691 15.7076 15.6701 9.21949 9.15672 11.2623 8.97722 11.0881 15.8475 10.7916 9.61174 9.35647 12.7472 8.95139 13.3756 8.90605 8.89596 9.22319 8.76546 12.8939 10.6642 9.56117 8.42963 8.3521 8.9937 8.35882 8.34227 8.33034 8.29467 10.4599 8.28555 8.28069 8.21393 8.76205 8.14676 12.0861 14.5501 10.4937 9.93773 18.2153 11.8383 11.1322 10.8561 10.4867 18.0469 14.6334 9.9152 10.713 15.8682 10.6017 10.6592 11.401 10.377 9.10889 9.08752 8.87386 10.4093 9.94439 9.18702 8.23955 10.1524 9.38546 9.86026 9.18381 8.12438 11.5189 9.98035 8.10285 14.5629 8.05433 10.1673 10.2978 7.89309 7.84419 11.5201 9.44587 12.1799 7.98905 7.71322 7.70336 7.65507 7.55706 7.53059 7.40818 10.2438 7.3578
threshold=0.71005704998970043 0.43323864042758947 -0.061105621978640549 0.8420248031616212 -0.080554306507110582 0.6061491370201112 -1.8972109556198118 -1.5187031030654905 -0.83425775170326222 -0.63421696424484242 0.13006787747144702 -0.26363964378833765 0.20358230918645862 -0.50058883428573597 0.44563953578472143 0.23943332582712176 0.46791911125183111 0.37812265753746038 -0.35458607971668238 -0.37212073802947992 0.065623588860034957 0.25516386330127722 -0.078349735587835298 0.29626645147800451 -0.41820228099822992 -0.11781843751668929 -0.10589009895920752 -0.20960088074207303 0.066034600138664259 -0.31741262972354883 0.1176574043929577 0.062338020652532584 -0.33155247569084162 0.96645289659500133 -0.12848138809204099 0.26458461582660681 0.075003515928983702 0.5903744399547578 0.48381453752517706 -0.33779752254486078 0.014591048937290909 -0.060050856322050088 0.066908597946167006 -0.035667097195982926 0.19142927229404452 0.14697140455245974 -0.19605765491724012 -0.13399154692888257 -0.060300698503851884 -0.12771724909543988 0.094170264899730696 0.018394798040390018 -0.12064245343208312 0.46489566564559942 -0.20237678289413449 0.0091386623680591601 -0.17155022919178006 -0.26307438313961024 0.15370455384254458 0.084646522998809828 0.16456943005323413 -0.16656434535980222 0.16518660634756091 -0.06963141635060309 -0.092149835079908357 -0.12596915662288663 0.046999732032418258 -0.70796325802803028 -0.24036248773336408 -0.34561544656753534 -0.050668561831116669 -0.23927064985036847 0.11870678514242174 0.31995254755020147 -0.090474709868431077 0.19562678784132007 -0.29929576814174647 1.0000000180025095e-35 -0.13591910153627393 -0.058403404429554932 -0.0024261187063530083 0.31539231538772589 0.029829466715455059 0.49907211959362036 0.11385318264365198 0.077087759971618666 -0.31356514990329737 -0.1543331444263458 0.26888683438301092 -0.23249270021915433 -0.016330070793628689 0.17105530947446826 -0.02516966592520475 -0.40464590489864344 0.29585492610931402 0.17931333929300311 -0.034636862576007836 0.26564061641693121 -0.15250065177679059 0.27112676203250891 -0.1291033327579498 0.33116205036640173 0.069869861006736769 0.30926159024238592 -0.10817973688244818 0.15294418483972552 0.14761400967836383 -0.11115887388586997 -0.052199020981788628 0.29773654043674475 -0.28651493787765497 -0.11505682021379469 0.28417298197746282 0.071402639150619521 -0.35937499999999994 0.044157262891530998 -0.12306239083409308 0.015107797458767893 0.072556182742118849 0.18432364612817767 -0.17425898462533948 0.054444503039121635 -0.073197003453969942 -0.19828172773122785 -0.10502351820468901 0.17944861948490146
decision_type=2 2 2 2 2 2 2 2 2 2 2 2 2 2 2 2 2 2 2 2 2 2 2 2 2 2 2 2 2 2 2 2 2 2 2 2 2 2 2 2 2 2 2 2 2 2 2 2 2 2 2 2 2 2 2 2 2 2 2 2 2 2 2 2 2 2 2 2 2 2 2 2 2 2 2 2 2 2 2 2 2 2 2 2 2 2 2 2 2 2 2 2 2 2 2 2 2 2 2 2 2 2 2 2 2 2 2 2 2 2 2 2 2 2 2 2 2 2 2 2 2 2 2 2 2 2
left_child=1 3 43 6 -4 58 -1 -8 71 16 13 12 -12 14 15 104 20 -18 19 -15 -10 74 -23 25 -25 26 -20 29 31 30 66 32 -29 34 56 37 39 38 46 -37 55 -42 72 -3 45 -31 -36 48 51 112 109 52 -48 62 -55 -40 57 -27 59 60 61 -2 -26 65 -65 125 -28 -21 69 -59 -56 -9 -43 -74 75 -13 -77 86 79 81 -81 95 -82 84 99 93 -76 88 89 -88 -91 -92 -89 -86 123 96 -79 -98 -97 100 -80 102 -101 113 -11 106 -106 -70 -109 110 -51 -112 118 114 -102 116 -116 -115 -49 -99 -24 -118 -6 -94 -125 -52
right_child=5 2 4 -5 122 -7 7 8 9 10 11 21 -14 18 -16 -17 17 -19 23 67 -22 22 120 24 53 33 27 28 -30 44 -32 -33 -34 -35 35 36 -38 -39 40 -41 41 42 -44 -45 -46 -47 47 49 -50 50 63 -53 -54 54 70 -57 -58 68 -60 -61 -62 -63 -64 64 -66 -67 -68 -69 107 -71 -72 -73 73 -75 77 76 -78 78 83 80 82 -83 -84 -85 85 -87 87 92 -90 90 91 -93 94 -95 -96 98 97 119 -100 101 103 -103 -104 -105 105 -107 -108 108 -110 -111 111 -113 -114 117 115 -117 121 -119 -120 -121 -122 -123 -124 124 -126 -127
leaf_value=-0.011833001500774085 0.013123836667971775 0.0081612051178314386 -0.00025709858663411296 -0.0092760514944760959 -0.015100267825081498 -0.0090165450381451025 0.010811206504136098 -0.012741175387721964 0.0068904679387176912 -0.0081438805914026465 0.021592587009280465 0.009237343326475328 0.0034099610140365323 -0.013584111929880044 0.014944203874770842 0.011981662096506763 0.024776801569597998 0.0044821307076470304 0.012800935406839598 0.0041248361644838629 -0.0048497378452733988 -0.015948073265460955 -0.01099678356119228 -0.010713234886868138 0.0022407075546928127 0.002676538163264811 -0.0078534009816805805 0.0073598486094799808 0.007101953334411314 0.017207509438922183 0.011926517010798686 -0.006908181256943661 -0.005299207979810875 0.0060815097704538237 0.0041474822567323689 -0.0096962949531713607 -0.0077187733523654259 -0.013319418364131726 -0.0024646196105754994 -0.00034369550971235103 -0.01510517696358034 0.0098772057558028509 -0.011021369735650877 -0.0011264063496601419 -0.00094668611346132017 0.004339195042493975 0.00080911628726072456 0.0084354124764235185 0.00017104516625509092 -0.015947890995968095 0.0044307941915764024 1.9775911701370367e-05 0.016109077491718391 0.0044265261237690862 -0.014727956482830571 0.0088849881127367053 -0.0020757701273346422 0.0070596289953660891 -0.0013185856036277564 0.017894920165725321 0.012241350863649898 -0.000640153452486816 0.0081380240788252386 0.0032641304587590122 -0.0081994319396568663 0.012613977460116587 0.0055993707257175843 -0.0035477988548857651 -0.020885538007269996 -0.0096048505434783576 -0.00085855725135698658 -0.00051179728648985802 -0.011255784786274271 0.0055564097598690175 -0.011448886719935367 0.0092526542341484896 -0.010535799347600299 0.0044858134624544514 -0.0096676599640854993 -0.018900866278613055 -0.0012136119945283666 -0.0091014965326887982 -0.016066698126961595 -0.0044828262973189408 0.0021448432992166562 0.00049048050053276178 -0.017167124745255523 0.0083882005500249945 0.005949595768688502 -0.0002253658356463109 -0.0003850234857698058 -0.017198127428644881 0.0067892583412259341 0.013036152395856563 0.0073118909945549433 0.0037020518381426499 0.006804895757318451 -0.0016543256643885788 0.019382045429426217 0.0045102998987705594 -0.007615136387061237 -0.002587076340474882 0.018815926542945071 -0.010785181630868978 0.0080541674191714728 -0.0060469166738872865 -0.0051838499963108471 0.0046217527749613622 -0.014032170615082214 0.0014597101995612958 -0.0081648136620900546 0.0011570158362074353 -0.0068610651257552061 0.0024448709132390647 0.020220524818602672 0.0012294390879950333 0.0097336216748021911 -0.010709576661270148 -0.0031580114574385251 -0.016714581664684983 0.0029635485960377086 -0.0037325797399156628 -0.0063464363353666646 0.0027491134730968335 -0.0094339094579597663 -0.0054548419475346872
leaf_weight=325 269 626 1405 669 543 256 414 555 921 448 292 1281 516 478 440 424 256 290 484 725 527 267 250 464 5290 380 711 748 675 645 270 1903 793 860 3701 611 1671 272 826 5122 592 419 573 1933 353 584 350 1077 2995 423 986 425 811 690 414 484 9938 282 753 395 606 1263 1363 489 784 343 282 4518 330 400 363 450 262 282 403 291 373 2002 418 253 1458 338 256 711 432 834 331 845 607 1171 304 446 286 1762 517 405 250 322 287 590 330 375 342 258 1100 588 323 259 624 716 1388 838 259 445 350 1130 562 372 327 290 557 269 2409 477 834 502
leaf_count=325 269 626 1405 669 543 256 414 555 921 448 292 1281 516 478 440 424 256 290 484 725 527 267 250 464 5290 380 711 748 675 645 270 1903 793 860 3701 611 1671 272 826 5122 592 419 573 1933 353 584 350 1077 2995 423 986 425 811 690 414 484 9938 282 753 395 606 1263 1363 489 784 343 282 4518 330 400 363 450 262 282 403 291 373 2002 418 253 1458 338 256 711 432 834 331 845 607 1171 304 446 286 1762 517 405 250 322 287 590 330 375 342 258 1100 588 323 259 624 716 1388 838 259 445 350 1130 562 372 327 290 557 269 2409 477 834 502
internal_value=-1.34545e-05 -0.000150604 -0.00303511 5.87179e-05 -0.00549301 0.00392776 0.000125369 0.000167266 0.000119665 0.000200549 7.78753e-05 0.00132712 0.0100395 -0.000398866 0.00349461 0.00172816 0.00576184 0.0140785 -0.000607024 -0.00341634 0.00259413 0.00103505 -0.00501815 -0.000322534 0.00169705 -0.000684091 0.00158457 0.000797018 -0.00170023 0.00442278 -0.000540364 -0.00343971 0.000822298 -0.00110117 -0.00125781 -0.000509092 -0.00279274 0.000329671 0.000519873 -0.00134961 -0.0029833 -0.00588766 -0.00230266 0.00113553 0.00840655 0.0111271 0.00125601 0.000411206 0.00303721 -0.00106447 -0.00229994 0.00842454 0.011523 0.00241348 -0.00228551 0.00170621 -0.00294241 -0.00670995 0.00495409 0.00683386 0.00476256 0.00177099 0.00345551 0.00036677 -0.0037655 0.00326065 -0.00398803 -0.0024789 -0.00861624 -0.00266974 -0.00829348 -0.00729684 0.00286512 -0.00247789 0.00131711 0.00545021 -0.00179785 0.000937003 0.00189103 -0.000249504 -0.00548363 0.00238686 -0.00346833 0.00326133 0.00391696 0.00804583 -0.00136402 -0.000656312 -0.00357135 -0.00615858 -0.00423155 -0.0104264 0.00214953 0.0109048 -0.000332169 0.00349456 0.00184102 -0.00425849 0.0102693 0.00161157 0.000142868 0.00622303 0.00981296 0.00126008 -3.53833e-05 0.00176042 0.00501675 -0.01193 -0.00851923 -0.0047694 -0.0064682 -0.00464159 0.00371657 0.00217538 0.00394796 0.00562167 0.00979216 -0.00350535 0.00570531 -0.00885726 -0.00134098 0.00533505 -0.0079744 -0.00283605 -0.00497316 0.00107097
internal_weight=105631 102089 6916 95173 4357 3542 94504 94179 93765 92760 90766 25089 808 65677 3323 2883 1994 546 62354 5721 1448 24281 1074 56633 8584 48049 7448 6964 4119 2845 1263 3444 1541 40601 39741 27528 7404 20124 19852 5733 3438 2128 1536 2559 1582 1229 16414 12713 4581 8132 6469 1586 1161 8120 1467 1310 12213 2275 3286 2533 2138 1532 6653 3104 1273 1831 993 5243 1895 682 777 1005 963 544 23207 1945 664 21262 15041 5861 1967 3894 1714 9180 8469 3028 6221 5818 2859 2252 1921 750 2959 2194 2114 3556 2864 862 692 5441 4134 1307 932 3716 2459 2011 1423 1213 883 3365 2649 2226 1663 3458 2641 2311 1181 817 1404 612 807 831 2952 1597 1311 1488
internal_count=105631 102089 6916 95173 4357 3542 94504 94179 93765 92760 90766 25089 808 65677 3323 2883 1994 546 62354 5721 1448 24281 1074 56633 8584 48049 7448 6964 4119 2845 1263 3444 1541 40601 39741 27528 7404 20124 19852 5733 3438 2128 1536 2559 1582 1229 16414 12713 4581 8132 6469 1586 1161 8120 1467 1310 12213 2275 3286 2533 2138 1532 6653 3104 1273 1831 993 5243 1895 682 777 1005 963 544 23207 1945 664 21262 15041 5861 1967 3894 1714 9180 8469 3028 6221 5818 2859 2252 1921 750 2959 2194 2114 3556 2864 862 692 5441 4134 1307 932 3716 2459 2011 1423 1213 883 3365 2649 2226 1663 3458 2641 2311 1181 817 1404 612 807 831 2952 1597 1311 1488
is_linear=0
shrinkage=0.0667171


Tree=21
num_leaves=127
num_cat=0
split_feature=105 69 21 152 20 18 14 169 105 16 14 96 182 18 18 92 4 11 80 96 36 201 3 92 4 73 82 80 22 21 10 14 11 65 158 17 4 170 80 61 84 69 17 84 105 18 183 153 21 82 20 151 73 44 92 59 179 10 182 10 13 19 61 3 11 4 103 20 153 20 18 157 80 155 20 17 16 21 96 18 9 92 30 33 0 92 200 152 21 11 181 84 82 40 96 183 14 11 0 95 97 19 84 10 11 10 82 19 201 96 61 92 199 18 99 3 33 36 153 20 101 19 99 200 99 24
split_gain=11.1203 14.2278 9.76428 9.68898 12.8537 11.1244 10.4989 9.83898 9.75208 10.1438 10.067 12.2496 15.924 12.0002 11.254 10.0656 16.5919 16.7573 13.5608 13.0189 9.87483 8.96847 14.522 8.93964 8.8106 9.13671 10.9748 11.2678 8.77945 8.74232 8.73085 10.9608 8.54627 8.49566 8.86165 8.57384 9.39993 8.48718 8.46022 8.4045 13.1264 8.21292 16.3735 12.28 10.5697 9.60208 10.3942 8.73825 8.2414 17.5916 13.187 12.474 15.8379 11.3994 8.27632 8.18284 9.0748 12.2735 8.15075 8.49184 8.79891 11.841 8.07163 8.57481 8.05972 7.89008 7.77683 7.72743 9.74951 8.93383 8.69384 7.9459 7.71106 10.7949 8.32019 7.54275 7.42272 11.4381 7.26759 7.21627 7.10819 7.60135 7.06733 7.02692 6.95599 6.75913 8.15527 9.5843 17.8345 10.0276 7.77887 7.20009 6.7442 6.662 6.62889 6.59759 6.52073 6.49478 14.1416 14.285 12.4384 11.4986 10.3919 10.6218 11.8917 13.7988 11.1302 11.1024 14.6523 13.6682 16.4065 11.3615 17.2516 10.3475 10.3052 10.2517 9.48426 9.34827 9.28459 12.1462 13.2099 9.16439 8.89548 8.27225 12.8786 12.3783
threshold=-0.9471675157546996 -1.4842233657836912 -0.83425775170326222 0.46118342876434332 0.45837846398353582 0.64580601453781139 0.65923362970352184 0.59061557054519664 0.38103614747524267 0.29848696291446691 -0.049843749031424515 -0.11549898982048033 0.27091543376445776 -0.20860014855861661 0.46293655037879949 -0.21503178030252454 -0.4942971915006637 0.12287902086973192 -0.16922470182180402 -0.28546586632728571 -0.13028168678283689 -0.15789379179477689 0.44014346599578863 -0.03942658752202987 0.06094936095178128 0.34892198443412786 0.085302021354436888 -0.18697274476289746 -0.071973655372858034 0.18727895617485049 -0.17697738856077191 0.034233631566166885 -0.011496810708194969 -0.01013823878020048 -0.3911778032779693 0.60422807931900036 0.4340589046478272 0.23517329990863803 -0.15697365999221799 -0.052465233951807015 0.21138144284486773 0.095365859568119063 0.57406342029571544 -0.22788868099451062 -0.052244327962398522 0.081946276128292098 0.097106896340847029 0.19861726462841037 0.10571288689970972 -0.035971203818917268 0.34070920944213873 -0.037778871133923524 -0.067653387784957872 0.12440804392099382 -0.06177451275289058 0.43751448392868048 0.27149343490600591 0.63222718238830578 0.57008084654808056 -0.0071507855318486682 0.21890838444232943 -0.0070384624414145938 -0.028445006348192688 0.42316816747188574 0.11710103973746301 -0.077174432575702653 -0.016127213835716244 -0.089127149432897554 0.1278287619352341 -0.12771724909543988 -0.0396803431212902 -0.05424926616251468 -0.12305094301700591 -0.15994004905223844 0.07529026642441751 0.31858056783676153 -0.48541252315044398 -0.10701141878962515 -0.09142484143376349 0.12257515639066698 0.14394878596067431 -0.018191078677773472 -0.039938485249876969 -0.15939920395612714 0.35085226595401769 -0.14459138363599774 0.010183802340179684 0.050617065280675895 0.084831975400447859 0.5179802179336549 -0.039791265502572053 0.1746366620063782 -0.19805642217397687 0.03882089443504811 0.29427167773246771 -0.59283438324928273 0.11457589268684389 -0.10800711810588835 -0.078124999999999986 0.23095843195915225 0.60959005355834972 0.0089512169361114519 0.63670027256011974 0.22125291824340823 -0.51611366868019093 0.63222718238830578 0.10856571421027185 0.021033186465501789 0.029829466715455059 0.18303172290325168 -1.0000000180025095e-35 -0.19286263734102246 -0.15293842554092404 -0.11357893049716948 -0.12913049012422559 -0.4823808073997497 -0.1466923654079437 -0.038732394576072686 -0.11527143791317938 -0.23208858817815778 -0.12809132784605023 0.098707620054483428 0.0026371496496722107 0.077295187860727324 0.087638247758150115 -0.095209904015064226
decision_type=2 2 2 2 2 2 2 2 2 2 2 2 2 2 2 2 2 2 2 2 2 2 2 2 2 2 2 2 2 2 2 2 2 2 2 2 2 2 2 2 2 2 2 2 2 2 2 2 2 2 2 2 2 2 2 2 2 2 2 2 2 2 2 2 2 2 2 2 2 2 2 2 2 2 2 2 2 2 2 2 2 2 2 2 2 2 2 2 2 2 2 2 2 2 2 2 2 2 2 2 2 2 2 2 2 2 2 2 2 2 2 2 2 2 2 2 2 2 2 2 2 2 2 2 2 2
left_child=55 95 37 4 5 7 62 8 9 10 14 12 13 -12 15 16 17 -4 20 -17 -18 78 66 -14 25 26 27 -15 -10 -7 84 64 -5 34 -21 82 80 -3 -28 40 -40 48 43 47 45 -45 -47 -43 50 53 97 52 -51 54 -50 56 57 -1 59 60 61 -9 -6 96 -32 -60 -23 69 71 70 83 -69 74 -74 -29 -42 -61 -78 -20 -68 81 -37 -35 -36 -11 92 87 -87 -89 90 -90 -88 -66 -34 -33 -2 -64 102 100 118 -99 114 103 107 -105 115 -107 108 111 110 121 112 -13 -113 -101 -106 -114 -116 -100 120 -120 -109 -103 124 -111 -126
right_child=1 2 3 32 6 29 -8 58 28 30 11 41 23 24 -16 19 18 -19 21 33 -22 22 -24 -25 -26 -27 38 72 -30 -31 31 94 93 35 67 36 -38 -39 39 -41 75 42 -44 44 -46 46 -48 -49 49 51 -52 -53 -54 -55 -56 -57 -58 -59 65 76 -62 -63 63 -65 85 -67 79 68 -70 -71 -72 -73 73 -75 -76 -77 77 -79 -80 -81 -82 -83 -84 -85 -86 86 91 88 89 -91 -92 -93 -94 -95 -96 -97 -98 98 99 101 -102 122 -104 104 105 106 -108 109 -110 123 -112 113 116 -115 117 -117 -118 -119 119 -121 -122 -123 -124 -125 125 -127
leaf_value=0.0035292227651883084 0.0030981554847449738 -0.0096690028511391499 0.018683446257224214 -0.014739610253820175 0.00015645691147991809 0.016001488054819553 -0.0046973814365694694 0.0048406422421207124 0.0088616111141564986 -0.004193301072303264 -0.013569830488847971 0.0034626216279209621 0.012646746291238889 -0.0068301782937314325 -0.012876660965618588 0.013582772899514553 0.0089276206121413054 -0.0041283512974684012 -0.007548188823709656 0.012323629291263377 -0.0023704714779791062 0.00030536521333775381 0.0099019090739583069 -0.0010591678346867387 -0.0060346922079926382 -0.013278308792421763 0.0070932970818806075 0.012290909437219374 0.0014888023439840056 0.00096928263380790321 0.0095286554837980333 -0.018969713263966279 -0.0044587830103570789 0.0029030970555600265 0.0041367922631489595 -0.0040273542855856995 -0.015828526989714486 0.0041058851349792857 -0.014525032765115291 -0.00033362386116107264 -0.0081014821256147063 -0.0018571248773871746 -0.013174125225992482 -0.0048206554861789253 -0.0061768823707199043 0.014208193395547283 -0.0028768039652035055 0.010071432708175603 -0.0006526992223038321 0.0066333356002932957 0.014161483138827438 0.006228330826859892 -0.011888269195531756 -0.020370864092991835 -0.010894102048343993 -0.012578979804952399 0.0064356490177334387 -0.015080135278123919 0.0029286096637504869 0.0072331378055316671 -0.0010706149346753002 0.022660617558645634 0.0092924514437823305 0.00024518938578923691 0.00094288792896910889 0.019666346499237354 -0.017159656097853904 0.011046612889371326 -0.006683617352388968 -0.0078506044749284028 0.0058837145175306624 0.0035546666346801641 -0.0068970604394443412 0.004321307690411811 -0.0014137512870258766 0.006763527383680171 -0.0094036660307600124 0.0026472322231730874 -0.022865833314676173 -0.0040638174966602389 -0.010259219515856042 0.0092371389485697859 0.00010682802413083829 -0.010011064503385307 -0.018791280233264578 -0.0066067951105194594 -0.0079994607824671309 0.01963815543664953 0.012460348044046039 -0.01001842278322599 -0.0026218210972893726 0.0027410414021496821 -0.012387456273320501 0.00061307412581031498 -0.0038818809606512702 0.018025161562449106 0.021313812607375627 0.0057323280402226517 0.0035972908191688373 0.0064849404877732504 -0.0092358123281973178 0.0047953174047823642 0.010274335622572194 0.0026579467022046117 0.006887643803762636 0.0094747373852677261 -0.0032534877848415509 0.01008502905496079 0.0032018662240492139 0.014047420615576929 0.013762872366458461 -0.0079902627143982261 -0.025422899018620496 4.2295159269792932e-05 0.0037336523284717642 -0.0065742306507754608 -0.0080719395240231202 -0.012449356941573071 -0.0024314556039226392 -0.0020754527017134818 -0.022362079008226739 -0.0050085309993977154 0.020663140600239473 -0.0091033351226486141 0.0027992936052429473 -0.013513332625671339
leaf_weight=275 259 810 319 251 610 346 422 491 840 332 499 296 437 576 259 388 465 252 316 470 1294 357 250 398 2807 277 256 668 5029 348 301 251 2516 5985 264 441 260 257 778 849 334 479 581 539 2087 382 262 617 777 336 312 1100 513 267 648 508 349 355 255 405 413 253 951 368 257 253 436 954 289 524 1034 1911 552 1215 271 272 655 741 256 340 308 334 12340 366 266 350 808 307 333 256 270 414 459 2104 278 278 262 3930 934 709 259 365 405 1525 263 534 702 284 3089 309 980 847 267 4399 281 4079 309 351 296 2920 300 471 283 369 810 274
leaf_count=275 259 810 319 251 610 346 422 491 840 332 499 296 437 576 259 388 465 252 316 470 1294 357 250 398 2807 277 256 668 5029 348 301 251 2516 5985 264 441 260 257 778 849 334 479 581 539 2087 382 262 617 777 336 312 1100 513 267 648 508 349 355 255 405 413 253 951 368 257 253 436 954 289 524 1034 1911 552 1215 271 272 655 741 256 340 308 334 12340 366 266 350 808 307 333 256 270 414 459 2104 278 278 262 3930 934 709 259 365 405 1525 263 534 702 284 3089 309 980 847 267 4399 281 4079 309 351 296 2920 300 471 283 369 810 274
internal_value=7.35186e-06 8.93417e-05 3.29232e-05 9.92206e-05 0.000244095 0.000117069 0.00485798 5.48914e-05 -7.75211e-05 -0.000259044 -7.91731e-05 -0.000662395 -0.00272604 -0.0035166 0.000877218 0.000997453 -0.00199314 0.008547 -0.00362801 0.0014943 0.000601941 -0.00745004 -0.00450605 0.00607056 -0.00294358 -0.00150214 -0.000926306 0.00159917 0.00255175 0.00851408 -0.003211 -0.00214641 -0.00280342 0.00130784 0.00354951 0.000643451 -0.00449133 -0.00630646 -0.00426841 -0.00559498 -0.00879782 -0.000132364 -0.00267561 -0.00126619 -0.00331961 0.00169049 0.00719992 0.00482449 0.000228443 -0.00277209 0.000580401 0.00153145 -0.00450834 -0.00774797 -0.00534073 -0.00571499 -0.00211082 -0.00690161 0.00354237 0.00218676 0.00664188 0.0109733 0.0067208 0.00923417 -0.000868672 0.011341 -0.007729 0.00276765 0.00488023 -0.000263326 0.00211112 0.006065 0.00341136 0.000794729 0.0082921 -0.00138414 -0.000660929 -0.00298524 -0.0144853 -0.0114727 -0.00172122 0.00164976 0.00102208 -0.00401977 -0.0107567 -0.00178976 -0.000267578 0.00298593 0.0059063 0.000932658 0.0056498 -0.00432819 -0.00754936 -0.00214227 -0.0111144 0.0108891 0.0119381 0.000440956 0.00177631 -0.000181345 0.00479269 0.0045091 -0.00025966 -0.000477898 -0.0025446 -0.00397424 0.00221889 0.000675187 -0.000537017 0.00387511 0.00807541 -0.002431 -0.00947559 -0.00125104 0.000957676 -0.00574635 -0.0161987 -0.00519548 -0.00228698 -0.00386209 -0.0125291 0.000646738 0.0117934 -0.000242806 0.00208789 -0.00130793
internal_weight=105827 104340 103803 102736 97865 95252 2613 94558 91092 85223 80341 49929 10189 9354 30412 30153 4285 571 3714 25868 1759 1955 1383 835 8855 6048 5771 3282 5869 694 4882 4284 4871 25480 5812 19668 1343 1067 2489 2233 1384 39740 4947 4366 3270 1183 644 1096 34793 3641 31152 1949 849 1692 1425 1487 979 630 3466 2958 1157 744 2191 1581 3755 508 1133 5342 3154 2188 1664 2865 2706 1767 939 606 1801 1396 572 776 1083 775 18325 630 598 3454 2738 1516 1166 859 603 1222 716 4620 529 537 1213 30840 10628 6439 4189 1989 20212 19807 7103 5578 1236 12704 9207 3497 1735 6118 872 5246 1341 4342 576 632 4450 3516 596 755 648 1762 1393 1084
internal_count=105827 104340 103803 102736 97865 95252 2613 94558 91092 85223 80341 49929 10189 9354 30412 30153 4285 571 3714 25868 1759 1955 1383 835 8855 6048 5771 3282 5869 694 4882 4284 4871 25480 5812 19668 1343 1067 2489 2233 1384 39740 4947 4366 3270 1183 644 1096 34793 3641 31152 1949 849 1692 1425 1487 979 630 3466 2958 1157 744 2191 1581 3755 508 1133 5342 3154 2188 1664 2865 2706 1767 939 606 1801 1396 572 776 1083 775 18325 630 598 3454 2738 1516 1166 859 603 1222 716 4620 529 537 1213 30840 10628 6439 4189 1989 20212 19807 7103 5578 1236 12704 9207 3497 1735 6118 872 5246 1341 4342 576 632 4450 3516 596 755 648 1762 1393 1084
is_linear=0
shrinkage=0.0667171


Tree=22
num_leaves=127
num_cat=0
split_feature=107 164 11 105 150 74 0 148 181 17 12 96 99 17 201 62 181 21 20 200 11 153 16 62 12 79 96 10 4 92 107 95 36 84 70 10 21 92 165 158 16 14 12 4 1 10 196 198 11 12 20 200 92 24 162 96 14 6 33 74 4 17 20 95 95 183 4 105 101 92 20 0 12 62 20 33 154 4 157 99 5 33 158 97 111 70 92 12 79 186 149 96 20 92 17 200 12 155 138 201 98 151 17 15 8 26 153 196 20 124 95 10 82 17 92 95 121 11 36 36 12 201 20 153 196 183
split_gain=10.7323 8.72451 7.81266 7.74929 12.3851 12.1436 6.52263 9.56389 7.935 14.5774 9.32403 9.922 11.887 9.75944 9.42104 7.74648 7.53326 10.4486 7.52357 10.4802 9.54107 9.37176 9.29464 12.579 8.41212 7.36574 6.89463 6.40871 8.69486 8.15227 7.81657 7.26037 6.39177 6.1016 6.01817 8.47966 5.96842 6.93226 5.90839 5.8503 8.76825 7.05055 5.97521 16.0632 8.95657 9.72553 7.40876 7.16086 6.90039 9.26172 9.97902 10.6458 7.96955 12.3397 7.64743 6.7455 6.71328 6.68073 6.60011 6.2866 6.09474 5.97065 7.00645 5.93679 8.76948 7.73561 8.17771 7.70521 7.69661 7.3842 6.69893 7.38912 6.00867 5.90758 6.74046 5.7749 5.80912 5.7297 5.63592 5.57896 12.8196 8.96796 5.701 5.52802 5.49236 5.47112 6.24146 5.43612 5.43285 5.40802 5.39371 5.38091 5.36672 5.35765 6.42322 6.09888 5.86296 7.60433 5.21721 5.69512 5.02585 5.02469 5.38336 7.26845 4.98365 4.89508 4.78617 6.5745 5.21879 5.24088 5.56858 6.44647 11.3005 8.0901 6.42322 9.03931 5.7573 6.02292 5.72053 8.32141 7.06795 6.27543 6.12374 5.67687 5.3732 7.49774
threshold=-0.079461157321929918 0.51302912831306469 -0.85563376545906056 -0.74857911467552174 -1.5187031030654905 -0.20654565840959546 0.43323864042758947 0.31262956559658056 -0.2158655300736427 -0.2523908913135528 0.49039496481418615 0.023861431516706947 -0.27337263524532313 -0.0012583591014845295 -0.09902577847242354 -0.14143007248640058 -0.21204070746898648 -0.83425775170326222 0.45837846398353582 -0.45929421484470362 0.47230577468872076 0.58228954672813427 0.024139320477843288 0.44742377102375036 0.051682885736227042 -0.067888479679822908 0.79992592334747326 0.78766050934791576 0.036633748561143882 0.44229400157928472 0.26578909158706671 -0.33817273378372187 0.62323942780494701 0.075046651065349593 -0.54072076082229603 0.63222718238830578 -0.060029363259673112 0.26827432215213781 0.76094627380371105 -0.46132022142410273 0.15172412991523745 -0.044635416939854615 0.17028047889471057 -0.01222570054233074 -0.31676135957241053 -0.049752520397305482 -0.057932950556278222 -0.069490939378738389 -0.089023727923631654 0.14615340530872348 -0.42661219835281367 -0.054125500842928879 -0.04895528778433799 0.014804835431277754 -0.048124438151717179 0.30705635249614721 0.30655506253242498 -0.22606323659420011 -0.2401495426893234 0.06777611002326013 -0.41095972061157221 -0.10239447653293608 -0.17757815122604367 0.2012552693486214 -0.12718959897756574 0.05185129493474961 -0.45759029686450953 0.1645719259977341 -1.0000000180025095e-35 -0.19286263734102246 0.18315176665782931 -0.16051135957241056 -0.11618202552199362 -0.10883281007409094 0.0092597450129687803 -0.065089240670204149 -0.019356725737452504 0.17150787264108661 -0.0086659151129424555 0.33321930468082434 -0.37499999999999994 -0.36179383099079127 0.015733383595943454 -0.16797704994678495 -0.89511823654174794 -0.065387938171625123 0.092365566641092314 0.30281051993370062 0.28002366423606878 -0.028153625316917893 0.010722817387431862 0.57373934984207164 0.027286460623145107 0.2994756698608399 -0.21924211084842679 -0.50726637244224537 0.17598168551921847 -0.067879475653171525 -0.020126470364630219 -0.019142334349453446 -0.35462060570716852 0.04685716703534127 0.56608182191848766 -0.10076153650879859 0.63405439257621776 0.084208611398935332 0.47673419117927557 0.085237607359886183 0.58276876807212841 -0.31685891747474665 0.12200894951820375 0.19326562434434894 0.33620153367519384 0.52081683278083812 0.18495780229568484 0.24358858913183215 0.12801502645015719 -0.32573235034942621 0.26408450305461889 0.31338028609752661 0.076370920985937132 0.057850675657391555 -0.099448699504137025 0.085275158286094679 0.083159364759922041 -0.047365888953208916
decision_type=2 2 2 2 2 2 2 2 2 2 2 2 2 2 2 2 2 2 2 2 2 2 2 2 2 2 2 2 2 2 2 2 2 2 2 2 2 2 2 2 2 2 2 2 2 2 2 2 2 2 2 2 2 2 2 2 2 2 2 2 2 2 2 2 2 2 2 2 2 2 2 2 2 2 2 2 2 2 2 2 2 2 2 2 2 2 2 2 2 2 2 2 2 2 2 2 2 2 2 2 2 2 2 2 2 2 2 2 2 2 2 2 2 2 2 2 2 2 2 2 2 2 2 2 2 2
left_child=1 2 -1 5 -5 34 16 8 15 -10 11 12 -11 14 -13 -8 17 -6 19 22 26 24 23 75 -20 -22 39 29 -29 30 31 -19 84 -30 -2 -36 37 -17 -9 40 41 90 48 46 45 -45 55 -46 52 50 51 -50 53 54 -41 58 73 -52 -44 -56 89 62 -54 64 65 98 -67 69 70 -65 71 -66 -71 -55 -75 -18 -77 -34 -64 81 -81 -33 85 -43 -4 -82 -87 -62 101 -60 -21 -84 -15 94 96 -96 97 -83 99 -59 -70 102 103 -63 106 -53 108 -108 109 -86 111 116 113 -113 118 -116 117 -111 121 -120 123 -112 -123 -121 125 -119
right_child=3 -3 32 4 6 -7 7 38 9 10 -12 13 -14 92 -16 36 18 27 21 20 25 -23 -24 -25 -26 -27 -28 28 33 -31 -32 79 77 -35 35 -37 -38 -39 -40 42 -42 83 43 44 47 -47 -48 -49 49 -51 57 105 61 56 59 -57 -58 63 60 -61 87 88 78 67 68 66 -68 -69 100 72 -72 -73 -74 74 -76 76 -78 -79 -80 80 82 93 91 -85 104 86 -88 -89 -90 -91 -92 -93 -94 -95 95 -97 -98 -99 -100 -101 -102 -103 -104 -105 -106 -107 107 -109 -110 110 114 112 -114 -115 115 -117 -118 124 119 120 -122 122 -124 -125 -126 -127
leaf_value=-0.010566501467105359 0.0080094352874184819 0.0052955903544536307 0.0062268212001625103 0.011719938915503268 -0.0085461575864276846 -0.012580097686683495 0.0025242586443363236 -0.012229583170225483 0.015509856772595514 0.00068933941508504454 -0.012368925720896718 0.0094227345548209499 -0.011686348160183373 0.0046826013013363584 -0.0054919281853305609 -0.021527160244550685 0.0093655938956858625 0.0081527729629118223 0.012164692151349951 0.017053067562139316 -0.011789731796152935 -0.0067106893297274421 0.0085576140700769302 -0.012064143948949854 0.00091227750407328416 -0.001727016248641157 0.0077051126583933399 0.0029702751396775313 -0.00091789648638052155 0.0073161223606267069 -0.0028865707830236682 0.012110810598919894 -0.0011108357465205089 -0.012906610483374825 0.0025849235298735446 -0.0089321997250838593 -0.0019955969424670914 -0.006121039073382733 -0.00025125976172581826 0.003133739279759427 -0.0038829172316841524 0.00913372586625231 0.013569874970920224 0.010126967649659454 0.0025033493869943044 -0.0019686623266498469 -0.0033524144494649698 0.014998261879007217 -0.0027475394407752425 -0.010357691825478509 0.0028809782418817856 0.0058792924592276832 -0.009656466560100772 0.0078315683135588756 -0.0036685276198791155 -0.0050334949591908686 0.013462155326947802 -0.0046140292954256514 0.013393434293326243 -0.013302960388886577 0.002010661673316926 -0.0035900512912773676 -0.0047661091834081256 0.01206470193001735 0.010507355103781129 -0.013392590517887076 -0.0012580522003784685 -0.0079239305353016893 -0.012870051839789766 -0.0073293413987229709 -0.0078903039194117546 -0.0005313452122476213 0.0040274679740273074 -0.0079110521428677784 0.0045474905595717634 -0.0080567627577928201 0.0059553032427181758 -0.013307673859868826 0.0073562433529011173 -0.013720752845638199 0.0122548315311659 -0.007401395181044667 -0.007544522432374994 -0.0014881670486803357 0.0031823629871819033 -0.0042484859721433196 0.0078779966094179431 -0.0098093318330760206 -0.012379766042112604 0.00059224598448123832 0.0052148272308431024 0.0041889605571249133 0.016311867227059379 -0.0049204239889644409 -0.0038305657759689815 0.0049808902747597019 -0.007732636288790215 0.0066695219850554403 0.003411413903270885 0.0049914177891045514 -0.0039506001011037021 -0.0095583594103542634 0.0025076900925501255 -0.015424291613691094 0.0075335472771613865 0.019006780529097034 -0.0059490358451463974 0.0045151554096287622 0.0085662131793694252 0.011922967786684857 -0.0033799371567997645 0.0017811169065160845 -0.0092643057880098887 -0.0086857927156171553 -0.014138233869681421 -0.0017037601423037002 -0.0018263972512151476 0.0038776257989918887 0.012380647439033549 -0.0069236901109456361 0.0052192027701654289 -0.0038020271971516799 0.0059069629760727252 0.0026820390674792281 0.0047747644620432803 -0.00020128149474660264
leaf_weight=267 256 1971 859 374 467 589 321 649 253 911 290 263 548 481 639 263 428 842 611 277 624 282 989 295 582 687 419 655 354 1195 1535 417 534 416 553 573 305 270 261 607 745 291 258 432 325 913 3226 576 337 444 1886 269 252 463 1844 495 273 886 294 363 499 2013 255 392 291 258 4937 272 296 262 494 3237 932 384 380 261 258 254 489 312 269 253 500 829 3549 416 339 259 504 300 475 259 288 454 385 3217 438 505 3106 392 6069 817 518 261 482 254 998 358 387 283 2901 2494 659 375 370 885 1683 3153 321 624 901 453 775 477 2566 5463
leaf_count=267 256 1971 859 374 467 589 321 649 253 911 290 263 548 481 639 263 428 842 611 277 624 282 989 295 582 687 419 655 354 1195 1535 417 534 416 553 573 305 270 261 607 745 291 258 432 325 913 3226 576 337 444 1886 269 252 463 1844 495 273 886 294 363 499 2013 255 392 291 258 4937 272 296 262 494 3237 932 384 380 261 258 254 489 312 269 253 500 829 3549 416 339 259 504 300 475 259 288 454 385 3217 438 505 3106 392 6069 817 518 261 482 254 998 358 387 283 2901 2494 659 375 370 885 1683 3153 321 624 901 453 775 477 2566 5463
internal_value=1.30231e-05 0.000988046 0.000721993 -0.000451513 -0.000333823 -0.00457468 -0.000399979 -0.00255295 -0.00136276 0.000147475 -0.000987964 6.30956e-05 -0.00394125 0.00358059 -0.0010876 -0.006169 -0.000204065 0.00121098 -0.00057863 -0.000721749 -0.000937294 0.00410709 0.00373855 -7.37513e-05 0.00670709 -0.00654441 -0.000773096 0.00157227 -0.00262979 0.00210402 0.00148536 0.00226966 0.000818547 -0.00744046 -0.0011305 -0.00324755 -0.00954971 -0.0138084 -0.00882287 -0.000853826 0.00220082 0.00464428 -0.00104502 0.000647868 0.00538005 0.00190289 -0.00134054 0.0105278 -0.00141852 -0.000836968 -0.000662665 0.00637916 -0.00295837 -0.000837777 -0.00344746 0.00172561 0.00403452 -0.000920077 0.00383141 -0.00527667 0.00193382 -0.00474222 -7.82283e-05 -0.0012504 -0.00158709 -0.000127558 -0.00187181 0.00234656 -0.00292976 0.00414123 -0.000635803 0.00037528 0.00149962 0.00189677 -0.00166873 0.00364139 -0.00102054 -0.00509658 0.00314633 0.00162562 -0.00130372 0.00271431 0.000862215 0.00125626 0.000970283 0.00412112 0.00116175 -0.00199307 -0.00586448 0.00698983 0.00963714 -0.00348592 0.00909617 0.00195788 0.00261787 0.00402655 -0.00159368 0.00191418 0.00193197 -0.00163413 -0.00437401 -0.00494036 -0.0035721 -0.00497374 0.000819044 0.0123361 0.000708333 -0.0031538 0.000894692 0.000786584 0.000436278 0.00112259 -0.00140331 0.000395041 -0.00104429 -0.00540671 0.00180316 0.00233933 -0.00018942 0.00245153 0.000833594 -0.00168366 0.00229277 -0.00272907 0.00209177 0.00128806
internal_weight=105424 34042 32071 71382 69411 1971 69037 5742 4832 3673 3420 3130 1459 1671 902 1159 63295 13228 50067 48592 46361 1475 2231 1242 1193 1311 45050 12761 1425 11336 10141 8606 31804 770 1382 1126 838 533 910 44631 2617 1872 42014 7577 2246 1345 5331 901 34437 25014 24570 860 9423 4314 2814 2105 1500 23710 1610 2207 1352 5109 996 21824 19966 9579 5195 1858 10387 1586 4022 3528 1194 1227 764 947 519 788 744 7764 2095 5669 1783 1120 31016 1024 755 758 4113 594 752 759 769 5252 4798 3602 1196 758 4384 1278 6365 3609 2792 2274 30157 523 29675 1356 28319 27932 24383 16676 3528 2869 7707 1255 13148 11465 6452 2323 2002 4129 1228 1101 11182 8616
internal_count=105424 34042 32071 71382 69411 1971 69037 5742 4832 3673 3420 3130 1459 1671 902 1159 63295 13228 50067 48592 46361 1475 2231 1242 1193 1311 45050 12761 1425 11336 10141 8606 31804 770 1382 1126 838 533 910 44631 2617 1872 42014 7577 2246 1345 5331 901 34437 25014 24570 860 9423 4314 2814 2105 1500 23710 1610 2207 1352 5109 996 21824 19966 9579 5195 1858 10387 1586 4022 3528 1194 1227 764 947 519 788 744 7764 2095 5669 1783 1120 31016 1024 755 758 4113 594 752 759 769 5252 4798 3602 1196 758 4384 1278 6365 3609 2792 2274 30157 523 29675 1356 28319 27932 24383 16676 3528 2869 7707 1255 13148 11465 6452 2323 2002 4129 1228 1101 11182 8616
is_linear=0
shrinkage=0.0667171


Tree=23
num_leaves=127
num_cat=0
split_feature=169 18 201 105 10 14 69 107 171 21 19 99 36 19 179 20 20 81 36 11 81 41 165 11 170 182 20 153 19 10 92 200 200 20 154 9 18 36 165 11 97 183 20 14 85 10 96 11 182 15 95 145 19 160 18 13 165 84 96 84 5 18 97 19 199 92 19 153 80 36 201 82 162 92 21 13 155 181 162 105 148 153 92 199 4 36 36 74 14 96 96 10 197 99 21 183 1 11 196 11 80 157 11 13 36 92 169 18 36 7 21 10 200 195 146 21 102 14 116 80 158 1 66 1 19 149
split_gain=12.4048 15.1793 10.8106 11.2139 10.6178 15.4356 9.64624 10.2295 9.61795 18.6721 9.39426 12.3292 10.4546 9.14103 8.70863 9.01942 8.42535 9.84128 8.994 8.27042 8.4584 8.33659 7.5265 7.44511 7.37971 7.33351 7.01835 9.84044 8.42988 9.83581 10.1338 8.23165 7.63971 7.48726 6.9623 6.84529 7.87815 7.37784 7.22994 7.40146 6.55911 6.47022 8.18217 9.57693 10.7302 10.3624 6.45474 6.29558 18.327 7.61736 6.28417 6.22782 6.19072 7.04092 6.71869 6.17403 8.89474 7.10518 6.08835 6.54069 6.3418 7.00832 6.4783 7.39215 6.53925 6.53177 6.01799 5.94336 5.8859 5.88451 6.64163 5.80643 5.79048 5.78728 7.18927 6.32821 5.64029 5.63497 6.82647 6.55508 5.54932 5.54858 5.50834 5.70288 5.42631 8.83017 11.7901 12.4854 9.1568 6.81329 11.3515 6.6076 6.03605 5.66276 7.80591 7.13541 6.58557 7.36147 5.37735 5.36553 5.35665 5.95223 5.35283 5.29679 7.03275 8.09428 7.16307 6.68308 6.19114 5.85487 6.16603 6.82271 5.93006 5.92792 5.64346 5.63249 5.46896 5.43415 5.70669 5.29473 6.4193 6.32958 5.25537 7.05116 7.0879 6.18132
threshold=0.62483099102973949 0.4371709823608399 -1.1463906168937681 0.087513219565153136 -0.0071507855318486682 -0.055052082985639565 -1.4842233657836912 -0.079461157321929918 0.14935477077960971 0.074773248285055174 -0.075781837105751024 -0.043410982936620705 -0.008802816737443207 -0.029580608941614624 -0.17239747941493985 -0.19468623399734494 0.16518660634756091 -0.0092536276206374151 -0.2218309864401817 -0.027617114596068856 -0.14024760574102399 0.16711977869272235 -0.32337237894535059 -0.85563376545906056 0.99500739574432384 -0.17433922737836835 0.02531452011317015 -0.12595217674970624 -0.075781837105751024 0.012915064580738546 0.06691914796829225 -0.047181617468595498 -0.079713303595781312 -0.082318581640720354 -0.058523215353488915 0.14692769944667819 0.29585492610931402 0.54577463865280162 -0.053021363914012902 0.17606438696384433 -0.1269625052809715 -0.47765994071960444 0.44688706099987036 0.3612723201513291 -0.37967218458652491 0.49041225016117101 0.18303172290325168 0.47230577468872076 -0.19949265569448468 0.48564615845680242 -0.17543498426675794 -0.24945139139890668 0.54326963424682628 -0.071706067770719514 -0.44855967164039606 -0.33751583099365229 -0.13643574714660642 -0.11122852191329001 0.66693753004074108 0.13343960791826251 -1.0000000180025095e-35 -0.28176027536392206 -0.09150224924087523 -0.17318242788314817 -0.14677878469228742 0.048833033069968231 0.25059092044830328 -0.067535009235143648 0.12561625987291339 0.62323942780494701 -0.011710546910762785 -0.15025410801172254 -0.092395264655351625 -0.18811108171939847 0.10310277342796327 0.20851800590753558 0.0066109837498515853 -0.17565973103046414 0.10381782427430154 -0.20787721872329709 0.048116367310285575 0.46333570778369909 -0.080172188580036149 -0.15293842554092404 -0.43807771801948542 -0.179577462375164 -0.017605633474886414 0.42104730010032659 -0.065468750894069658 -0.072702001780271516 -0.1782213672995567 -0.21845062822103498 0.0050536189228296289 -0.15385732799768445 -0.13898532092571256 -0.012099415995180605 -0.37357954680919642 0.080900162458419814 -0.39095307886600489 -0.21780272573232648 -0.11306490749120711 0.1692069545388222 0.47230577468872076 0.19554609060287478 0.47535212337970739 0.18495780229568484 -0.20085600763559339 0.17105530947446826 0.40492957830429083 -0.1207907311618328 -0.056114193052053445 0.032070003449916847 -0.22040410339832303 -0.016528803855180737 0.14563328027725223 0.19380424171686175 -0.67770409584045399 0.54018601775169384 -0.079028379172086702 -0.047327492386102669 0.29014366865158087 0.39062500000000006 -0.35430271923542017 -0.25994317233562464 -0.082021787762641893 0.0034389571519568567
decision_type=2 2 2 2 2 2 2 2 2 2 2 2 2 2 2 2 2 2 2 2 2 2 2 2 2 2 2 2 2 2 2 2 2 2 2 2 2 2 2 2 2 2 2 2 2 2 2 2 2 2 2 2 2 2 2 2 2 2 2 2 2 2 2 2 2 2 2 2 2 2 2 2 2 2 2 2 2 2 2 2 2 2 2 2 2 2 2 2 2 2 2 2 2 2 2 2 2 2 2 2 2 2 2 2 2 2 2 2 2 2 2 2 2 2 2 2 2 2 2 2 2 2 2 2 2 2
left_child=2 4 3 -1 5 -2 -4 23 19 14 -6 24 71 -7 15 -10 17 -11 -19 21 50 26 -22 -8 -12 -18 27 55 31 -30 32 100 -31 -34 -32 47 37 38 39 -37 -39 -28 43 44 -43 68 77 49 -49 52 -21 -51 54 -54 -24 56 -9 -57 60 -60 62 -62 -16 -64 -65 -66 -63 -40 -45 73 -71 -13 -5 74 -25 -76 -14 -46 79 -79 -23 103 -38 -84 85 -56 88 89 -87 90 91 -88 -86 96 95 -95 -94 -98 -41 -48 -29 -102 -100 114 106 107 -105 -106 109 112 111 -111 -108 -112 117 -115 -116 -75 -119 120 -33 -121 -52 124 -124 -125
right_child=1 -3 6 72 10 13 7 8 9 16 11 12 76 -15 58 -17 25 18 -20 20 22 80 35 69 -26 -27 41 28 29 30 34 119 33 -35 -36 36 82 40 67 98 -42 42 -44 45 46 -47 99 48 -50 51 122 -53 53 -55 84 57 -58 -59 59 -61 61 66 63 64 65 -67 -68 -69 -70 70 -72 -73 -74 81 75 -77 -78 78 -80 -81 -82 -83 83 -85 92 86 87 -89 -90 -91 -92 -93 93 94 -96 -97 97 -99 102 -101 101 -103 -104 104 105 -107 108 -109 -110 110 113 -113 -114 115 116 -117 -118 118 -120 121 -122 -123 123 125 -126 -127
leaf_value=-0.012764833521948789 -0.00050635274612228598 -0.0097809627528069112 0.0096226788548031249 -0.0064821749646501179 0.012215278266862471 0.008961833515283707 -0.0104402028778088 -0.011044168496473519 -0.011184902470344028 -0.0034708140737480255 -0.00098849510604494977 0.0095923872314659583 0.0025419918739391857 0.024148455414969846 -0.0061067214975162104 -0.0014164041555691936 -0.011755841340873183 -0.0052514614203155304 -0.017547109782432287 0.00076143838035954651 0.0064283162570372933 -0.0021912193490732416 0.0097096233718127357 -0.002934842200656409 -0.015704169582650623 -2.2938012750376794e-06 -0.0048175386760719351 0.0013683089476398331 -0.011702328209790882 0.011393403627480389 -0.014117170939058805 0.010390288752941113 0.0063276380944006748 -0.0088794273019043527 -0.0037936947982638819 0.0042326314581536788 0.011517730719973602 -0.0021486654855154478 -2.2121753215117277e-06 0.0067997564480162045 -0.016094521510462426 -0.0084422800972457218 0.012378713614307868 0.0056598153583569746 0.006971731080891848 0.017404509801783364 0.00066592793298161381 0.0094013263722396694 -0.011932016056908107 -0.0017625317506162856 0.0044667017256600538 0.0098472380902705527 0.0021372286038542363 -0.01001430251880635 -0.0097311202553004173 -0.00073818344499339793 0.00081310035322783552 0.010220420209568697 0.0011151091002626814 0.014916166584040335 0.0076147985818081224 -0.0017244057411129211 0.014609300485622694 0.0108077159084684 -0.0050503368295717575 0.0058067881673253578 -0.011541986637606961 -0.005733720845109363 -0.0048904113903591225 0.0011325402974470592 -0.011006826454960336 -3.1775061797658164e-05 0.0075965863182022204 -0.00032943572281933498 0.0087714432578043563 -0.0010985511447309611 -0.011463648438364974 -0.0091602655212706576 0.0076275714007547502 0.00051246960146222843 -0.0071672460061945626 -0.0024234716390342009 0.0076589379305991179 -0.0061252774713933941 0.0007904338579331103 0.013295060745573743 0.0022596306432949094 -0.014845244415139501 -0.0016479596482686118 -0.0092291592644147026 0.0067740519625527351 -0.012259313449839047 -0.0014455516543522165 0.0028339129397986404 0.0011751526140263634 0.017715465366917118 0.0026289809833201631 0.014871385631418016 -0.0055191790485517277 -0.011476864455155274 -0.003805041097464352 -0.015707088442625944 0.0041576292374779977 0.011737739588591003 -0.0016199084339176466 -0.0082619644486504502 0.015881658211009741 0.0078180707472520622 0.0091465967589252403 -0.013097887079608159 -0.000808488368975912 0.0013085159591614995 0.0042408731456329649 0.0072392313629198232 -0.0049399384832645755 -1.214803530531862e-05 0.0032061005043152123 -0.001284716376861707 0.0080361254606162082 -0.0074015938631617111 -0.0021363406510626864 0.0034473379835018654 0.0071360663476389054 -0.0040784765935110365 -0.0054764153366537458 -0.012438788967087912
leaf_weight=606 382 346 454 254 384 398 253 321 602 780 379 967 250 331 283 1413 297 420 758 1916 1066 3760 444 2997 255 1095 803 390 888 277 415 530 257 317 1005 1744 352 332 1448 264 280 622 291 982 737 275 307 272 506 263 272 845 396 442 445 463 2120 588 373 262 318 2779 278 324 535 452 308 1827 303 407 382 380 259 10311 512 645 250 341 539 3284 1373 1534 263 264 7007 462 252 298 292 296 836 297 260 324 3082 263 353 601 1183 326 544 291 317 507 867 453 253 535 748 252 1408 332 880 1386 386 710 5687 470 741 415 268 553 343 925 461 706
leaf_count=606 382 346 454 254 384 398 253 321 602 780 379 967 250 331 283 1413 297 420 758 1916 1066 3760 444 2997 255 1095 803 390 888 277 415 530 257 317 1005 1744 352 332 1448 264 280 622 291 982 737 275 307 272 506 263 272 845 396 442 445 463 2120 588 373 262 318 2779 278 324 535 452 308 1827 303 407 382 380 259 10311 512 645 250 341 539 3284 1373 1534 263 264 7007 462 252 298 292 296 836 297 260 324 3082 263 353 601 1183 326 544 291 317 507 867 453 253 535 748 252 1408 332 880 1386 386 710 5687 470 741 415 268 553 343 925 461 706
internal_value=3.03037e-05 0.00352963 -0.000118754 -0.00663094 0.00470285 0.0102413 -4.55336e-05 -9.00967e-05 -0.00056194 -0.00233902 0.00253937 0.00101903 0.00378407 0.015925 -0.000569638 -0.00435631 -0.00651401 -0.00934019 -0.0131949 -0.000202038 0.000492469 -0.00115157 0.000936079 0.000877808 -0.00696986 -0.00251401 -0.000487878 -0.00173253 -0.00333956 -0.00574359 -0.00339351 -0.000788668 0.00232666 -0.00200359 -0.00684408 0.00071351 -0.000875322 -0.00158883 -0.000949756 0.0011472 -0.00859266 0.000870648 0.00144671 0.00102696 -0.000151184 0.00569153 0.00077741 0.00143627 -0.00441215 0.00169945 -0.00214537 0.00705219 0.00133389 -0.00423007 0.00163724 0.00108764 -0.00073998 0.00536046 0.000716679 0.006873 -1.99792e-05 -0.00174066 0.00308996 0.00475891 0.00262871 -3.99635e-05 -0.00272103 -0.00320544 0.00314161 0.000967965 -0.00470373 0.00684959 0.000548109 0.00111092 -0.00120473 0.00324206 -0.0043888 0.0016019 0.000640888 -0.000392832 -0.00353007 0.00146255 0.00507576 0.000700904 0.00139591 -0.00104502 0.000362489 -0.00232793 0.00745669 -7.56331e-05 0.00186967 -0.00552835 0.00205131 0.0038532 0.00253205 0.00957093 0.00781149 0.0103792 -0.00188398 -0.00553452 -0.00499235 -0.00800986 -0.00344551 0.00169402 0.00308166 -0.000521923 0.00411955 0.00196126 0.00346368 0.00264016 0.00145279 -0.00485769 0.00688549 0.0025165 0.0010349 0.0047662 0.00268054 0.000164312 0.00438823 0.00211195 0.00613459 -0.00117104 -0.00421582 -0.00520512 -5.58867e-05 -0.00772333
internal_weight=105612 4322 101290 1119 3976 1111 100171 99717 67061 11277 2865 2481 1847 729 7927 2015 3350 1958 1178 55784 32199 23585 27576 32656 634 1392 18452 9642 6150 3159 2271 2991 851 574 1420 26510 8274 7395 6783 3508 612 8810 8007 7716 6156 1560 5534 18236 778 17458 4623 1108 16350 838 15512 3492 2441 1051 5912 635 5277 3405 1872 1589 1311 987 3087 3275 1285 32403 789 1347 513 31614 4154 1157 500 4901 4164 3625 5133 27460 879 527 15068 3178 2733 1979 754 1681 1385 549 11890 4883 3669 587 1214 954 1764 633 1225 835 1500 25926 8331 1855 6476 1402 5969 5221 4088 584 1133 3504 17595 2096 6073 11522 1211 1766 798 968 2707 2435 804 1631
internal_count=105612 4322 101290 1119 3976 1111 100171 99717 67061 11277 2865 2481 1847 729 7927 2015 3350 1958 1178 55784 32199 23585 27576 32656 634 1392 18452 9642 6150 3159 2271 2991 851 574 1420 26510 8274 7395 6783 3508 612 8810 8007 7716 6156 1560 5534 18236 778 17458 4623 1108 16350 838 15512 3492 2441 1051 5912 635 5277 3405 1872 1589 1311 987 3087 3275 1285 32403 789 1347 513 31614 4154 1157 500 4901 4164 3625 5133 27460 879 527 15068 3178 2733 1979 754 1681 1385 549 11890 4883 3669 587 1214 954 1764 633 1225 835 1500 25926 8331 1855 6476 1402 5969 5221 4088 584 1133 3504 17595 2096 6073 11522 1211 1766 798 968 2707 2435 804 1631
is_linear=0
shrinkage=0.0667171


Tree=24
num_leaves=127
num_cat=0
split_feature=162 105 0 16 5 201 0 59 17 18 22 3 84 18 92 20 19 19 153 10 9 163 8 18 8 150 33 80 12 167 97 17 17 128 3 183 21 92 85 12 37 3 194 99 85 156 20 20 147 18 95 201 33 151 21 96 0 10 11 96 21 157 19 148 95 200 95 92 10 18 84 21 16 0 152 21 17 82 151 169 62 21 21 96 99 152 95 165 18 61 10 182 84 95 201 152 103 101 149 149 189 10 62 153 18 12 150 19 19 12 96 85 99 24 84 11 12 20 170 101 85 20 18 24 193 85
split_gain=12.7238 12.0251 10.1755 17.3424 13.6974 9.9184 9.57257 9.50184 9.49103 9.07276 9.06168 8.74406 9.24032 8.84387 7.99872 7.45529 9.7815 7.75762 7.43835 7.32139 7.31769 6.58178 6.51339 6.20679 7.86559 7.3642 7.8965 7.01366 10.2938 6.97867 7.24519 6.516 7.34902 7.86161 6.58335 6.48822 6.22016 6.97702 6.28383 5.99616 5.93355 5.74048 5.7561 5.69093 7.5892 6.79483 5.6545 9.10587 5.64862 5.50263 15.1591 8.9795 8.34271 11.4621 8.75203 8.13094 15.9492 10.2762 9.11088 9.64272 8.65275 8.69806 8.39282 7.66562 7.55054 7.14135 10.4931 9.42693 10.2185 7.18236 12.1572 14.0988 12.2369 9.47506 11.064 9.41244 8.52088 8.96783 7.88321 7.72636 7.83947 7.21766 9.00623 8.0513 9.58773 7.69407 7.20609 10.7976 8.95677 8.36765 8.86726 9.37339 8.42826 7.48055 7.18195 7.1227 7.90399 7.06818 6.91137 6.86302 6.83721 6.74708 8.71118 6.57105 6.49617 7.54528 6.36151 6.32138 7.74454 6.26911 6.16783 6.10233 6.092 6.0117 5.87312 5.83 5.78519 5.81491 5.72041 6.23113 5.71678 6.04657 5.92918 7.98488 5.67936 5.50636
threshold=0.74088710546493541 -0.9471675157546996 0.43323864042758947 -0.068867865949869142 -1.0000000180025095e-35 -0.23500477522611615 0.45596592128276831 -0.10916145518422125 0.55838787555694591 0.4371709823608399 -0.036826837807893746 -0.22420950233936307 0.33730493485927587 -0.29062251746654505 -0.1027788184583187 0.20784869045019153 0.13207330554723742 -0.060177991166710847 -0.15477142482995984 0.50169050693511974 0.027823300100862983 0.3636417835950852 0.39794661104679113 0.13716869056224826 -0.34400722384452814 0.21787760406732562 -0.37212073802947992 -0.045472038909792893 0.32741270959377294 0.011398669332265856 0.62606510519981395 0.48694901168346411 0.551161289215088 -0.13784877210855481 -0.50058883428573597 -0.047365888953208916 -0.068110927939414964 0.013042008504271509 -0.075872287154197679 0.029307384043931965 -0.31930433213710779 0.49484245479106909 0.0319548286497593 -0.21241059899330136 -0.05983710661530494 0.02660692855715752 0.071402639150619521 0.18632140010595324 0.033409355208277709 -0.28176027536392206 -0.37480443716049189 0.56752708554267894 -0.47942185401916498 -1.0266701579093931 -0.63409459590911854 0.17512553185224536 -0.26846592128276819 0.52905797958374035 0.33341373503208166 -0.0094616049900650961 0.092662315815687193 0.036525448784232147 0.21738105267286303 -0.057909479364752763 -0.092020407319068895 -0.40863567590713495 0.31435681879520422 -0.19770786166191098 0.49041225016117101 0.038896562531590469 0.16714112460613254 -0.39331158995628351 -0.44510641694068903 0.34801135957241064 0.040754485875368125 -0.44627080857753748 0.54558855295181286 0.12570118904113772 0.045055083930492408 0.26283676922321325 -0.021556257270276543 0.11876345798373224 0.027057096362113956 -0.094555608928203569 0.32507415115833288 0.019792195409536365 0.11867989227175714 0.024235704913735393 0.19050760567188266 -0.044879898428916924 0.1639453396201134 -0.17853868007659909 -0.18763499706983564 0.41766314208507543 -0.62806177139282215 -0.11397111043334006 0.14842632412910464 0.216977633535862 0.093918904662132277 -0.065989695489406572 -0.20143865793943402 0.15985765308141711 1.0000000180025095e-35 0.076111514121294035 0.22304980456829074 -0.13336576521396634 0.35314790904521948 -0.13089796900749204 -0.15574982017278668 -0.008580423425883053 -0.051110306754708283 0.077357947826385512 0.66295892000198375 0.28230918943881994 -0.018412435427308079 0.048784604296088226 -0.017527190037071701 1.0000000180025095e-35 -0.12737381458282468 0.15189082175493243 -0.15997641533613202 0.0080634339246898907 0.028804156929254535 0.010909967590123417 -0.23360113799571988 -0.22958049923181531
decision_type=2 2 2 2 2 2 2 2 2 2 2 2 2 2 2 2 2 2 2 2 2 2 2 2 2 2 2 2 2 2 2 2 2 2 2 2 2 2 2 2 2 2 2 2 2 2 2 2 2 2 2 2 2 2 2 2 2 2 2 2 2 2 2 2 2 2 2 2 2 2 2 2 2 2 2 2 2 2 2 2 2 2 2 2 2 2 2 2 2 2 2 2 2 2 2 2 2 2 2 2 2 2 2 2 2 2 2 2 2 2 2 2 2 2 2 2 2 2 2 2 2 2 2 2 2 2
left_child=1 19 10 6 8 -2 -4 -6 14 11 22 -7 13 -13 -5 16 17 -15 21 -1 -20 -8 23 24 25 26 -3 28 35 30 -29 34 33 -33 -26 39 -37 38 -38 -25 -36 42 -28 44 -16 -46 48 -48 -31 50 -12 55 -51 -54 -55 58 -57 60 59 62 61 -58 64 -64 98 66 67 -56 94 70 72 -72 -67 74 125 -71 77 79 -78 86 -81 82 83 99 85 113 88 111 95 -90 91 -91 -93 124 -69 -77 -97 -62 -52 -79 -84 102 -83 -80 105 -96 -104 108 -76 -107 -109 -88 -59 -85 -87 -102 117 -105 -98 -120 121 -74 -122 -124 -89 -73
right_child=5 2 3 4 7 9 18 -9 -10 -11 49 12 -14 15 43 -17 -18 -19 20 -21 -22 -23 -24 27 31 -27 41 29 -30 46 -32 32 -34 -35 40 36 37 -39 -40 -41 -42 -43 -44 -45 45 -47 47 -49 -50 52 51 -53 53 54 65 56 57 112 -60 -61 97 -63 63 -65 -66 69 -68 68 -70 75 71 73 120 -75 107 76 78 81 103 80 -82 101 100 84 -86 114 87 93 89 90 -92 92 -94 -95 104 96 118 -99 -100 -101 115 -103 106 116 -106 109 -108 110 -110 -111 -112 -113 -114 -115 -116 -117 -118 -119 119 -121 122 -123 123 -125 -126 -127
leaf_value=0.0021589362290018754 0.01254853197385964 -0.010642037659715643 -0.0044244773045065229 -0.0079582726048442083 -0.0018770480156749011 0.0094895878100629515 -0.0088757893216695558 -0.010900782573813961 -0.01254971405107972 -0.0093582015996429169 0.01144468429442057 -0.0064772307569910077 -0.010397702043675612 0.01088019208765873 0.01608995727044181 -0.0041534088748545212 0.01826460099461007 -0.0039510594391554436 0.0047390778352818883 -0.01052980825343907 0.017340178338871318 0.0047848497697002175 0.0070453344367721231 0.0021914202705948572 0.006275807606144098 -0.011956018064091025 -0.0027894982720376277 0.0026844440557294517 -0.012539330835145163 0.0045522178985308677 -0.009148686519715404 0.0016753663285355204 -0.00028834915392304643 -0.012713256330431194 0.0032626354462266744 -0.0071557340075736782 0.0068049292651305281 -0.0092354574946812481 -0.00090490155235078648 0.013701635825689517 0.00030428146185214376 0.0079494649517839883 0.0044823873518013363 -0.0019647155667382116 -0.0056633933999181074 0.0089607672767928678 -0.0035635164780807916 0.0095109377064044962 0.012819364973022211 -0.0096393950411439548 0.013365145579149935 0.0096216839156575279 0.013263862209295086 -0.0066038523386218644 -0.0084592421092290516 -0.010746506533354483 0.0065980292479719451 0.013863380279169142 -0.0064474992598230665 0.0073271124761094784 -0.015596845096518753 -0.0062627163692712748 0.0018541116775630645 -0.012720696105606888 -0.0052397058111312662 0.0065267050199368263 -0.0069914618863788627 0.00012655148416750611 -0.0066367490112953396 0.011927485968987309 -0.010257776390638698 -0.0015895999977035126 -0.008307078135863984 -0.0067812272774782452 -0.0013471147109062884 0.013723581475522174 0.0081170493628805029 0.0021876085978366714 -0.0079238234770714518 0.0024749253879202981 -0.011925315619313096 -0.0026169010955361489 0.00086429492644070176 0.0017239975609314483 -0.0064899258782888467 3.160852878597534e-05 -0.00094714984270949615 0.0084180586132151479 -0.0052418443745048124 0.01258733169396373 -0.0043669893556087238 0.0078000401932146572 -0.0025081800645982443 0.012682813833421024 0.013659440979321869 0.0052310882846576204 0.006552207523721992 -0.0016171697808990478 -0.00046215548399513044 -0.0077149630600189239 -0.014891348992679861 -0.0044159952697175094 0.016016136096120754 0.013508587855202531 0.015459891588912365 -0.0036843219902996474 0.0019774840558369373 0.0071593770240739891 -0.015693696217339684 0.0064203433575054101 -0.0031494184185576167 -0.0091550513222513497 0.0016191028965611433 -0.0092102044344021371 0.012553260806137161 -0.0042999006604940828 -0.0046474617695662955 0.0016128630413232608 0.0019030611560200232 -0.009147741996443505 -0.0019713466531155188 -0.0024865728465554449 -0.017330530685508598 -0.0015850914967432243 -0.0019482069618135722 0.0058106340251747862
leaf_weight=265 513 380 743 351 744 792 278 1787 264 258 595 331 263 319 263 256 308 299 873 780 271 350 757 645 1117 327 2553 2370 261 699 251 252 3215 479 3928 513 819 257 1083 296 13128 318 592 543 253 309 512 433 816 455 389 436 261 1078 266 808 545 298 484 1432 335 404 285 351 281 622 480 746 323 291 467 514 1653 523 482 316 1014 391 321 270 423 397 271 1119 715 254 742 295 1097 443 766 576 895 251 424 2874 310 317 263 1408 627 516 340 285 400 385 256 481 258 897 546 904 470 276 459 382 320 521 423 474 11464 1568 267 315 1108 3050
leaf_count=265 513 380 743 351 744 792 278 1787 264 258 595 331 263 319 263 256 308 299 873 780 271 350 757 645 1117 327 2553 2370 261 699 251 252 3215 479 3928 513 819 257 1083 296 13128 318 592 543 253 309 512 433 816 455 389 436 261 1078 266 808 545 298 484 1432 335 404 285 351 281 622 480 746 323 291 467 514 1653 523 482 316 1014 391 321 270 423 397 271 1119 715 254 742 295 1097 443 766 576 895 251 424 2874 310 317 263 1408 627 516 340 285 400 385 256 481 258 897 546 904 470 276 459 382 320 521 423 474 11464 1568 267 315 1108 3050
internal_value=-2.60889e-05 -0.00015906 -8.50003e-05 -0.00253311 -0.0050081 0.00402428 0.00189433 -0.00826074 -0.000839027 0.00245942 9.78601e-05 0.00366701 0.00104595 0.00306832 0.000955731 0.00578092 0.00857581 0.00366417 0.00456837 -0.00726867 0.0077711 -0.00120819 0.000929408 0.000796719 0.000278511 -0.00237633 -0.00154748 0.00231392 0.000167169 0.00394412 0.00153216 0.0007807 -0.00167201 -0.00769855 0.00131531 0.00110081 -0.000565286 0.000989871 0.00239944 0.00585959 0.000987839 -0.000534002 -0.00140718 0.00327831 0.00677235 0.00232549 0.00649901 0.00240193 0.00903145 -0.000418186 0.00124161 0.000378765 -0.000672991 -0.000589998 -0.000664256 -0.000224178 -0.00266865 7.76406e-05 0.00199473 0.00337251 -0.00294817 0.00108079 -0.000217716 -0.00613439 0.00378069 -0.000531166 0.00219517 0.0034914 0.00450979 -0.000772027 -0.00162153 0.000848717 -0.00260648 0.0017445 0.00259012 7.14455e-05 -8.47163e-05 -0.000551356 0.00361109 0.000560722 -0.00625786 -0.00238137 -0.00343599 -0.00205428 0.000157017 0.00243288 0.000976715 -0.00164788 0.00204072 -0.000333279 0.00166513 0.00410079 0.0015119 0.00214099 0.00578993 0.00408742 0.00332763 -0.00885653 0.00773578 -0.00553912 -0.00839071 0.00171759 0.00494691 0.000428026 0.00778137 0.00594969 0.0100458 -0.00170925 -0.00641057 0.0033581 0.00164644 -0.00547578 0.00642278 -0.000424169 0.00806017 -0.0109192 0.00284687 0.00587465 -0.00117625 -0.00390007 -0.00298189 -0.00548511 -0.00230918 -0.00887705 0.000218657 0.00473177
internal_weight=105362 102023 100978 7029 4514 3339 2515 2531 1983 2826 93949 2568 1776 1513 1719 1182 926 618 1772 1045 1144 628 36001 35244 26289 4170 3843 8955 3874 5081 2621 22119 3946 731 18173 3613 2672 2159 1902 941 17056 3463 3145 1368 825 562 2460 945 1515 57948 7693 7098 50255 49800 49539 6662 3177 2369 3485 3001 1601 949 1569 636 933 48461 3921 3441 3175 44540 22210 6321 15889 5854 5331 22330 22039 19578 2461 12167 693 7411 5902 4622 2823 2108 11474 3300 8174 3777 2680 1914 1471 1654 2852 4397 4081 652 652 1799 1280 1509 993 1447 2106 1706 596 1767 740 1282 1027 1646 768 1395 713 1009 1126 806 1207 897 15267 3221 12046 582 1403 3564
internal_count=105362 102023 100978 7029 4514 3339 2515 2531 1983 2826 93949 2568 1776 1513 1719 1182 926 618 1772 1045 1144 628 36001 35244 26289 4170 3843 8955 3874 5081 2621 22119 3946 731 18173 3613 2672 2159 1902 941 17056 3463 3145 1368 825 562 2460 945 1515 57948 7693 7098 50255 49800 49539 6662 3177 2369 3485 3001 1601 949 1569 636 933 48461 3921 3441 3175 44540 22210 6321 15889 5854 5331 22330 22039 19578 2461 12167 693 7411 5902 4622 2823 2108 11474 3300 8174 3777 2680 1914 1471 1654 2852 4397 4081 652 652 1799 1280 1509 993 1447 2106 1706 596 1767 740 1282 1027 1646 768 1395 713 1009 1126 806 1207 897 15267 3221 12046 582 1403 3564
is_linear=0
shrinkage=0.0667171


Tree=25
num_leaves=127
num_cat=0
split_feature=153 95 73 20 10 103 24 20 12 95 3 18 169 81 12 19 105 84 19 85 18 74 24 24 4 152 10 61 73 97 20 73 19 81 96 18 70 97 65 16 92 14 150 149 73 19 33 85 201 15 15 196 95 12 183 8 3 16 159 165 73 81 33 153 201 21 81 101 0 183 95 19 10 19 201 73 12 92 92 3 182 84 80 20 33 85 20 149 165 198 10 21 20 0 104 14 153 170 95 3 180 163 197 21 149 170 95 14 61 96 73 18 7 92 201 20 62 92 200 33 20 14 8 97 18 18
split_gain=11.755 7.85155 13.4547 14.9501 9.55229 16.0149 8.64843 10.4616 15.6386 12.3584 11.6813 8.86066 11.7816 11.0182 15.6355 10.9061 10.6892 10.0054 9.4022 9.29764 11.5986 11.5112 11.9214 12.9911 10.4233 9.21407 11.2633 13.3995 13.1634 12.771 13.1992 12.4728 12.4618 12.1122 10.172 9.74041 10.4573 9.56067 9.19495 8.57613 9.32434 8.43612 10.0324 8.41445 8.38509 8.59366 8.2133 8.14706 8.08142 7.94229 7.85956 7.81928 9.13544 8.10398 7.81133 14.1552 10.1907 8.05577 10.0039 7.71549 11.929 7.90819 8.91969 18.7748 8.05321 8.50357 7.82324 8.31857 7.9026 14.465 8.9606 8.37163 8.17734 7.70322 13.2704 8.96817 7.69402 10.3326 10.0157 8.49765 7.68917 7.67342 8.23306 10.3164 9.07867 7.62538 11.3244 8.30407 8.05491 7.57203 7.65726 7.54403 8.96212 7.93513 11.8429 9.15098 7.90893 7.54091 13.0668 7.5181 7.51142 7.48607 7.4519 10.2216 13.6325 9.13826 8.71384 7.41462 7.39888 14.1582 13.0562 12.4497 10.0906 9.73233 9.4249 11.7895 9.05537 7.46075 7.76841 7.38043 7.30412 7.28688 9.78626 9.62579 7.19129 7.11435
threshold=0.52863740921020519 0.68960073590278637 -0.63421696424484242 -1.0593634247779844 0.46791911125183111 0.40279838442802435 -0.60300606489181507 0.44688706099987036 0.055529478937387473 -0.11823861300945281 0.38928070664405828 0.038896562531590469 0.59061557054519664 0.65764760971069347 0.25498569011688238 -0.0058601072523742906 0.38103614747524267 -0.032775312662124627 -0.22133846580982205 0.27759543061256414 0.02152569126337767 0.52425971627235424 -0.073732424527406679 0.0067182008642703303 -0.35746204853057856 -0.51424014568328846 0.1639453396201134 0.0056890014093369254 -0.10346198827028273 0.052878433838486678 -0.089127149432897554 -0.11280008405447005 0.25266982614994055 0.4122092872858048 -0.037144035100936883 0.20200974494218829 -0.0036234520375728603 -0.14222888648509976 0.081685550510883345 0.20473831892013553 0.20837614685297015 0.54018601775169384 0.011898363474756481 -0.014840285759419201 0.49158905446529394 0.46638567745685583 0.56779479980468761 0.19694118946790698 0.048346141353249557 0.69539231061935436 0.027699999511241916 0.046521855518221862 0.41766314208507543 0.34831137955188757 0.064296364784240737 -0.25804831087589258 -0.47721910476684565 0.019793815910816196 -0.16864609718322751 0.3079755306243897 -0.0055031594820320598 0.08359048888087274 -0.048822941258549683 0.19492654502391818 0.031800547614693649 -0.015004893764853476 -0.13214699178934095 0.075086951255798354 0.098011363297700896 -0.024721689522266384 0.11198386549949647 -0.20810990035533902 -0.0071507855318486682 -0.059595385566353791 -0.004688326269388198 0.059569388628005988 -0.024544933810830113 -0.17452602088451383 0.22881575673818591 0.34452423453330999 -0.19543153047561643 -0.30557611584663386 0.64333802461624157 0.079477142542600646 -0.10968907922506331 0.10345005244016649 -0.15614944696426389 0.12736899405717853 -0.15868996083736417 -0.20269110053777692 0.38781966269016271 -0.11549428850412367 -0.17425898462533948 0.18892045319080356 -0.1373142525553703 0.12500744313001635 0.078491955995559706 -0.035306556150317185 0.12533967196941379 0.3262240737676621 -0.33916516602039332 0.014428765047341587 -0.29164804518222803 -0.16846656054258344 0.14114801585674289 0.036552380770444877 -0.1815867945551872 -0.011897321324795483 0.081542354077100768 0.12812616676092151 0.12635027617216113 -0.21447290480136869 -0.080917380750179277 0.37670899927616125 0.1698873192071915 0.023706069216132167 0.049947423860430724 -0.27744328975677485 -0.38641674816608423 -0.062367917969822877 -0.12521763890981671 0.35413689911365515 -0.47460988163948054 0.11266768723726274 0.053196527063846595 -0.22926829755306241
decision_type=2 2 2 2 2 2 2 2 2 2 2 2 2 2 2 2 2 2 2 2 2 2 2 2 2 2 2 2 2 2 2 2 2 2 2 2 2 2 2 2 2 2 2 2 2 2 2 2 2 2 2 2 2 2 2 2 2 2 2 2 2 2 2 2 2 2 2 2 2 2 2 2 2 2 2 2 2 2 2 2 2 2 2 2 2 2 2 2 2 2 2 2 2 2 2 2 2 2 2 2 2 2 2 2 2 2 2 2 2 2 2 2 2 2 2 2 2 2 2 2 2 2 2 2 2 2
left_child=1 2 4 -4 47 80 -5 11 10 -10 100 12 17 16 120 48 18 49 39 20 44 22 -21 -24 -22 -20 27 31 50 32 101 -27 37 51 -28 81 -37 -30 -26 40 -13 42 -17 -39 45 59 99 -1 -14 102 -29 52 53 91 55 -3 -57 58 -58 61 -61 62 63 73 65 125 67 -64 70 72 -68 -71 -70 74 -19 76 78 -78 79 -75 -6 -36 83 -83 -85 88 -87 -88 -18 90 -47 93 96 94 -33 -95 -93 -11 -99 -25 -9 -31 103 106 105 -105 -8 -38 109 112 114 -111 -104 117 116 -116 -110 -114 -119 -66 -15 122 -118 -123 -53 -63
right_child=-2 54 3 6 5 -7 7 8 9 97 -12 13 15 14 -16 41 85 19 25 21 24 -23 23 46 38 26 34 28 29 30 -32 33 -34 -35 35 36 107 43 -40 -41 -42 -43 -44 -45 -46 89 -48 -49 -50 -51 -52 124 -54 -55 -56 56 57 -59 -60 60 -62 64 66 -65 119 -67 68 -69 69 71 -72 -73 -74 75 -76 -77 77 -79 -80 -81 -82 82 -84 84 -86 86 87 -89 -90 -91 -92 92 -94 95 -96 -97 -98 98 -100 -101 -102 -103 108 104 -106 -107 -108 -109 110 111 -112 -113 113 -115 115 -117 121 118 -120 -121 -122 123 -124 -125 -126 -127
leaf_value=-0.0016447438394948009 -0.0035209094841672076 -0.015476194630133857 -0.015522312673414874 -0.011477061626438715 0.010477248791550414 0.00020818314737551045 0.0063236075580858442 0.0038980641269103652 -0.013546324907052003 0.0083991679591910468 -0.00032288646844848089 0.0078276365501883868 0.020812536508251989 0.019506684496429838 -0.003834204813382678 -0.0092043804630575939 0.0041727756252926311 -0.015715070820393778 0.012326553210311753 -0.0012782625859377868 0.0035698772842876723 -0.010292474880817592 0.012730417282252401 0.0071294105205116729 -0.0055584312705430124 -0.014751834052925629 -0.011365285909680518 0.021450052691984845 -0.0073982170097511932 -0.019513536448977721 0.0011973313316117284 0.011066048482546111 0.016422760602157603 -0.01218271108606101 -0.013114841756722796 0.0059394700432838657 0.0042532621295731038 0.0085111551486702387 -0.019530984633844995 -0.0065443498406589232 -0.0051441384578063383 0.010276288389699963 0.0063938035270964229 0.0021476731420208093 -0.011868222546866704 -0.018690747603710183 -0.0050903247341370535 0.0082957041679413736 0.0052141641245106998 -0.0079523002434790952 0.0047758801371923648 0.01259773128157512 0.0062257647501923847 -0.010648814882484973 0.0066008037256945857 0.0087461040978862193 0.0085745173782916656 -0.012100423768313806 -0.0052032164496829793 0.0040484925359999526 -0.0087401580584430295 0.0083996463987810917 0.0003212210588602447 -0.017889522950374912 0.015170033590914038 0.0073414370090834763 0.0024237149121451658 -0.0099247262585854899 0.0082869258874417318 0.010769335082553457 -0.0074692928427697132 -0.0012421659068523789 0.021949822907284582 0.010500580559206427 0.001554946763097741 0.01118426121288398 -0.012745247432637273 -0.00026309665148226504 -0.0078862860419038651 -0.0036654967026120582 0.02493878255942961 0.0022881996807309606 -0.0093996186849345607 -9.6031139896482029e-05 -0.015250096330046023 -0.0067409729840899419 -0.00095408465612324092 0.012478887284649447 0.021228300496718693 -0.001099142620379774 -0.003570031852601806 0.014486017675747916 -0.00060575613705242165 -0.019919570282512043 -0.0051053939519506196 -0.0043060424272359102 0.00056308899228323214 0.0063690237447315348 -0.0096348074082917325 -0.0024180965379406918 0.017193420109429355 -0.0038456189313894121 0.0013257285204166817 0.010156195711594875 -0.0050920788073242533 -0.0036139562742389482 -0.0075789344496538071 -0.006418748929770457 -0.012233447227490908 0.013838258568758055 -0.016686922668835386 -0.00075092942112475291 0.0070806381337211602 0.0099757303410152719 -0.0016125015900913451 0.014873032141037513 -0.015071328306292115 0.0069253388013214325 -0.0039796091997713291 0.0040301529087839591 0.0072928227552406955 0.012963574389882857 -0.0033932260150565767 -0.0016471079507118331 0.0017747695919795347 -0.0031622076448099695
leaf_weight=1150 3700 432 263 273 505 530 273 269 253 561 371 1787 272 292 483 442 250 374 274 1527 428 276 889 1665 1093 256 521 262 350 251 1335 264 335 355 368 1209 437 1300 261 267 280 309 307 3268 250 253 422 533 336 828 251 287 816 376 309 316 320 428 846 513 861 287 2276 306 467 827 3014 413 650 340 467 1028 286 690 408 324 408 1065 266 252 252 1471 658 365 343 366 328 518 251 1620 373 337 10739 268 813 455 399 461 440 462 690 305 3868 1231 480 253 715 832 534 523 321 505 299 254 630 273 354 297 7675 632 915 252 3246 927 5129 1272
leaf_count=1150 3700 432 263 273 505 530 273 269 253 561 371 1787 272 292 483 442 250 374 274 1527 428 276 889 1665 1093 256 521 262 350 251 1335 264 335 355 368 1209 437 1300 261 267 280 309 307 3268 250 253 422 533 336 828 251 287 816 376 309 316 320 428 846 513 861 287 2276 306 467 827 3014 413 650 340 467 1028 286 690 408 324 408 1065 266 252 252 1471 658 365 343 366 328 518 251 1620 373 337 10739 268 813 455 399 461 440 462 690 305 3868 1231 480 253 715 832 534 523 321 505 299 254 630 273 354 297 7675 632 915 252 3246 927 5129 1272
internal_value=0.000170824 0.000305251 0.000401263 0.000264459 0.00482234 0.00914961 0.000308396 0.000342609 0.00418908 6.28295e-07 0.00961216 0.000215829 -0.000356423 0.000958767 0.00622944 0.00515685 0.0007273 -0.000538541 0.000487449 0.000340252 -0.000267329 0.00286202 0.00360529 0.00578474 -0.00542007 0.00021012 0.000111731 0.00067976 0.00306084 0.0023131 -0.00237389 -0.000208406 0.00400728 -2.12669e-05 -0.00245969 -0.0016342 0.00149572 0.00314902 -0.00829538 0.00458389 0.0060471 0.00103375 -0.00275784 0.00396811 0.000192404 0.000348711 0.00334353 0.00149135 0.0122649 -0.00153743 0.0133654 0.000195519 -0.000612127 -0.00102435 -0.00327454 -0.0045996 -0.00211029 -0.00429222 -0.00138576 0.000850917 -0.00393592 0.0012633 0.000480399 -0.00207249 0.00407529 0.00188072 0.00171758 -0.00124528 0.00310101 0.00613299 0.00108333 0.00173321 0.0125186 -0.000777237 -0.00666688 0.000748263 -0.000507762 -0.00375214 0.00341895 0.00666534 0.015365 -0.00406417 -0.00287149 -0.000878188 -0.0074891 0.0058764 0.00297818 0.00722892 0.0127998 -0.00352972 -0.00975264 -0.000747628 -0.000114577 -0.00476004 -0.00109838 -0.0101609 0.00698827 0.00233608 -0.00140816 0.00503643 0.013498 -0.0109921 -0.00130351 0.00181801 0.00460881 0.00777688 -0.00368894 -0.00271098 -0.00176709 -0.000867244 -0.00360887 0.0066389 -0.00149363 -0.00277702 -0.00292338 0.00334797 -0.00399689 -0.00317571 -0.00356687 0.0088026 0.0102933 -0.00306545 -0.00455762 0.00146075 0.00235848 -0.00100109
internal_weight=105617 101917 99266 96296 2970 1287 96033 95760 3045 1715 1330 92715 52349 40366 1690 1666 38676 50683 36963 26945 21704 5241 4965 3438 1782 34629 34355 28151 7657 7144 1891 20494 5253 20238 6204 5683 2478 4918 1354 2334 2067 1058 749 4568 19922 19672 2549 1683 608 23738 513 19883 14467 13651 2651 2342 1910 1594 1166 17426 1374 16052 12567 4093 3485 2386 8474 2689 5785 2304 3481 1368 936 3787 782 3005 2681 1473 1208 942 757 3205 2837 2179 708 1713 1212 846 501 2246 626 13275 11475 1800 1077 723 736 1462 901 2127 959 556 22910 2952 1964 1484 988 1269 19958 13421 6537 1028 12393 8525 6216 903 5313 8271 7972 1099 1207 4779 3600 1179 5416 1559
internal_count=105617 101917 99266 96296 2970 1287 96033 95760 3045 1715 1330 92715 52349 40366 1690 1666 38676 50683 36963 26945 21704 5241 4965 3438 1782 34629 34355 28151 7657 7144 1891 20494 5253 20238 6204 5683 2478 4918 1354 2334 2067 1058 749 4568 19922 19672 2549 1683 608 23738 513 19883 14467 13651 2651 2342 1910 1594 1166 17426 1374 16052 12567 4093 3485 2386 8474 2689 5785 2304 3481 1368 936 3787 782 3005 2681 1473 1208 942 757 3205 2837 2179 708 1713 1212 846 501 2246 626 13275 11475 1800 1077 723 736 1462 901 2127 959 556 22910 2952 1964 1484 988 1269 19958 13421 6537 1028 12393 8525 6216 903 5313 8271 7972 1099 1207 4779 3600 1179 5416 1559
is_linear=0
shrinkage=0.0667171


Tree=26
num_leaves=127
num_cat=0
split_feature=201 200 22 14 18 200 15 19 92 21 80 19 10 19 163 80 74 3 148 169 18 65 10 33 99 18 3 198 8 33 73 201 73 19 11 15 82 163 155 10 99 17 11 11 24 16 168 81 3 92 99 19 158 81 96 92 105 17 183 18 3 181 80 12 179 80 82 10 97 36 19 201 19 95 97 104 12 169 15 3 11 200 11 105 158 92 19 153 0 201 33 99 18 17 4 198 17 11 95 92 162 18 181 186 3 73 73 183 201 19 95 11 200 16 183 73 81 164 92 0 81 201 95 165 80 198
split_gain=9.26248 11.0446 10.6107 10.0354 13.8692 12.4536 9.52215 8.82318 8.71384 7.84141 8.55011 8.46769 13.0898 9.02973 7.45505 7.33144 9.33227 7.97054 7.06714 6.95766 9.45692 9.03198 7.41906 11.8225 9.8475 7.33904 10.5285 10.554 8.52153 8.09105 10.1327 8.26515 7.82069 11.3996 7.999 9.13462 8.60273 8.9914 8.43511 7.75207 8.82478 7.2233 9.37392 8.25631 7.55633 7.18896 7.31489 6.63691 6.61306 6.59914 6.50928 6.48065 6.32414 6.26946 6.81763 7.77808 7.59208 9.92169 8.2436 6.75973 6.47224 6.32602 6.11799 6.03083 5.98366 5.9005 5.88985 8.60077 7.93081 5.7949 6.7737 6.243 6.02126 5.7734 5.72553 5.72393 8.46569 7.81592 6.37469 11.7965 10.8543 8.92476 7.60462 10.0917 7.35337 7.15537 13.4457 8.76792 7.04142 8.61494 7.57444 7.77069 6.53813 10.243 10.6688 7.85167 11.8789 10.8704 7.49795 15.3934 7.16162 6.89015 7.62078 7.28978 6.72426 6.83219 7.24959 7.62422 6.58558 9.6197 8.46143 7.22435 7.89586 7.17207 7.0165 6.49366 7.11309 6.58279 6.30618 15.3769 8.92956 7.71617 7.12003 8.46696 6.18097 6.14323
threshold=-0.69461253285408009 -0.40863567590713495 0.047357371076941497 0.11457589268684389 -0.58566099405288685 -1.091801583766937 0.28000769019126898 0.38601806759834295 0.21331384778022769 0.40431648492813116 0.29576532542705541 0.63831084966659557 0.45594111084938055 0.47734867036342626 -0.13629765063524243 0.053834171965718276 -0.085601076483726488 0.48704174160957342 -0.005061978939920663 0.62483099102973949 0.4371709823608399 -1.4274027943611143 1.0000000180025095e-35 0.43080978095531469 -0.034704564139246934 0.11253532022237779 0.49934628605842596 0.0050548124127089986 -0.35458607971668238 -0.37212073802947992 0.026897911913692955 0.28923189640045172 -0.093427989631891237 0.10368935018777849 0.062892455607652678 -0.045376922935247414 0.31455078721046453 0.18099720031023028 -0.18500019609928128 -0.24906937032938001 -0.25954754650592798 0.3875745981931687 -0.15938752144575116 -0.065357580780982957 0.56005477905273449 -0.22045683860778806 0.10596903413534166 0.5039467215538026 0.31359797716140753 0.29320083558559423 -0.32047457993030543 0.073873169720172896 0.029483533464372162 0.23233139514923098 -0.072702001780271516 -0.024108157493174073 1.0000000180025095e-35 0.014165528118610384 -0.21911376714706418 -0.1117778606712818 0.33241093158721929 -0.26627545058727259 -0.15545989573001859 -0.002558672102168202 -0.1966862082481384 0.18411833792924884 0.094246249645948424 -0.18071924895048139 -0.14707646518945691 -0.25880281627178187 0.10368935018777849 -0.10983098298311232 0.14475676417350772 -0.057264557108283036 -0.26875673234462732 0.30809000134468084 -0.01525472244247794 0.13406289368867877 0.14385384321212771 -0.50058883428573597 -0.046119138598442071 -0.042756171897053712 -0.12779501825571057 0.00872581545263529 -0.43499422073364252 0.13453134149312976 -0.070862270891666398 0.043693158775568015 -0.10937499999999999 -0.15789379179477689 -0.23249270021915433 0.049971759319305427 -0.12393776327371596 -0.16387430578470227 -0.50866037607192982 -0.017502054572105404 0.22247789055109027 -0.31930612027645106 -0.37963764369487757 0.33441706001758581 0.079322963953018202 -0.0019346683839103205 -0.050653692334890359 -0.11510827392339705 0.48477418720722204 0.087861333042383208 0.041297862306237228 -0.088392756879329668 0.068459108471870436 0.19541774690151217 -0.27525350451469416 -0.10511104390025137 -0.21628198772668836 -0.14018730074167249 0.032391939312219627 0.10336438193917276 -0.022994522005319592 0.0013049046392552557 -0.069036692380905137 -0.012784091290086506 -0.13360019773244855 -0.085130408406257616 0.10206400603055955 -0.0094559942372143251 -0.18697274476289746 -0.083112012594938264
decision_type=2 2 2 2 2 2 2 2 2 2 2 2 2 2 2 2 2 2 2 2 2 2 2 2 2 2 2 2 2 2 2 2 2 2 2 2 2 2 2 2 2 2 2 2 2 2 2 2 2 2 2 2 2 2 2 2 2 2 2 2 2 2 2 2 2 2 2 2 2 2 2 2 2 2 2 2 2 2 2 2 2 2 2 2 2 2 2 2 2 2 2 2 2 2 2 2 2 2 2 2 2 2 2 2 2 2 2 2 2 2 2 2 2 2 2 2 2 2 2 2 2 2 2 2 2 2
left_child=3 9 19 15 5 -5 7 8 -6 11 -11 13 -13 53 69 -1 -17 -18 -16 21 22 -3 62 24 -24 28 32 -28 29 -23 31 52 33 -27 38 -36 37 39 -34 40 -37 42 48 -43 -45 -44 51 -32 63 -26 -30 -47 -31 54 55 -2 57 60 61 -55 -56 -58 -21 -40 -15 -35 67 -41 -68 -4 71 -71 -72 -63 -20 78 -77 -78 84 81 82 -80 83 -81 -52 88 -87 -88 89 -82 91 -90 98 101 -95 96 104 -98 99 -86 124 103 -103 -94 105 106 107 -96 109 111 -111 -100 -113 -112 -110 116 -114 -118 119 -92 -121 -122 123 -120 -97 -105
right_child=1 2 14 4 6 -7 -8 -9 -10 10 -12 12 -14 64 18 16 17 -19 74 20 -22 25 23 -25 49 26 27 -29 50 30 47 -33 34 65 35 36 -38 -39 41 66 -42 43 45 44 -46 46 -48 -49 -50 -51 75 -53 -54 59 56 -57 58 -59 -60 -61 -62 73 -64 -65 -66 -67 68 -69 -70 70 72 -73 -74 -75 -76 76 77 -79 79 80 85 -83 -84 -85 92 86 87 -89 90 -91 118 -93 93 94 95 100 97 -99 108 -101 -102 102 -104 125 -106 -107 -108 -109 114 110 113 112 115 -115 -116 -117 117 -119 122 120 121 -123 -124 -125 -126 -127
leaf_value=0.0073927004405033477 -0.00076812118456816704 0.012144574753994511 -0.0047788512158997839 -0.0097168291041380573 -0.014651762787419288 0.0087223773022963025 0.001139143191545356 -0.020284769308030547 0.00071069132944721523 -0.012831188256162826 0.0038260243492174045 0.020949369061655069 0.0031138946990886618 -0.012940662196290753 -0.00024787087963217138 0.0083153486830223923 -0.0094975835394882722 0.0038105036916033746 0.0068708115834180935 0.0038006714259287305 -0.0084399380313092357 -0.011679473526293116 -0.0035365825448212397 -0.010395415296940413 0.013299953892091964 0.013475431464146341 0.0020660882574293385 0.017928372612453392 -0.0061989097397921536 -0.0043056869921253241 -0.0033557396853016626 0.0089349236109198468 -0.0052019506522004207 -0.005179656725986634 0.013364218757842538 0.0021638040823147302 -0.0096258692674979739 -0.0039791266006756363 0.012119081491630138 0.008590985338232094 -0.010888238467208679 -0.0022482739931746543 -0.013499537162316071 0.018632102872935215 0.00354267202982648 -0.0055434882470101381 0.0060747440149003656 -0.015062837683886414 -0.0044661281198204866 0.0030683456290407181 0.0049815576845703867 0.0022033065570868302 0.0021633737248348719 0.0013138289847688899 0.012704986580827395 0.012644966999310121 -0.0052937778333632859 -0.0048650566361480539 -0.008895364438121018 0.012299545046507234 0.00084424778939195589 -0.0020002754956561656 0.016419678087447698 0.0022030378344492377 0.00124710162193648 0.0056045244305260337 -0.0017000204333879857 0.00067823743938513975 0.010782843906650326 0.0047568216132517485 0.013332514502594468 -0.0015117158517656327 0.0033398797401440719 0.010097037326234572 -0.0024570585291109515 0.011113432243960195 0.0032753199622467784 -0.007723169857572933 -0.0017959417739587939 -0.012592200024899912 -0.0022114906389868157 0.013442047907018211 -0.017484548777276742 0.0031287293797492002 0.02064378180823221 0.0070432920518600931 -0.00054996130883384355 -0.015231449385669837 0.00085157265423218816 0.009705412882037117 -0.010447647997525924 -0.012871994147447606 -0.01065995176221087 0.012665283436496182 0.0099876322764841409 -0.0098913715691005787 0.0072675303489511452 -0.0067839163280348216 -0.0030471334365216756 0.00045682285525262643 0.0052786130166780874 -0.0016955276929877504 -0.01264111660063401 0.0083651830758787911 0.010020974362871657 0.0067113092428208575 -0.012638675093232705 -0.0030199572600523145 0.0088687007428748191 -0.014638030474804362 0.0035211588233866305 0.012771374950793894 0.0075137620066923344 -0.0078486743852326131 0.00057192594028482703 -0.0053323068558610047 0.0048724485014669831 -0.0086080370012305771 -0.0049815174998327867 -0.0041946702291899502 0.011908044943069811 0.0025991159857449266 -0.0056762730804137719 0.0089358219173123893 0.00075461969919655644 -0.0022798462726771208
leaf_weight=483 304 281 649 268 374 404 253 448 282 287 253 294 491 263 13072 279 660 280 293 320 255 433 441 260 560 529 431 333 718 1582 520 377 1643 377 307 714 285 910 421 832 335 377 264 266 342 1759 418 377 368 580 1570 651 1158 424 554 495 441 351 566 625 332 301 385 797 253 549 281 2323 1045 968 332 2594 1446 401 17302 492 1626 345 292 363 475 394 303 353 275 251 273 556 290 607 378 472 281 297 252 257 270 2233 1005 432 1659 487 697 364 340 484 252 932 870 311 501 359 985 477 962 416 335 303 371 448 667 1000 1496 399 3612 694
leaf_count=483 304 281 649 268 374 404 253 448 282 287 253 294 491 263 13072 279 660 280 293 320 255 433 441 260 560 529 431 333 718 1582 520 377 1643 377 307 714 285 910 421 832 335 377 264 266 342 1759 418 377 368 580 1570 651 1158 424 554 495 441 351 566 625 332 301 385 797 253 549 281 2323 1045 968 332 2594 1446 401 17302 492 1626 345 292 363 475 394 303 353 275 251 273 556 290 607 378 472 281 297 252 257 270 2233 1005 432 1659 487 697 364 340 484 252 932 870 311 501 359 985 477 962 416 335 303 371 448 667 1000 1496 399 3612 694
internal_value=-5.05178e-05 6.87709e-05 -0.000114289 -0.00331423 -0.00648226 0.00129797 -0.0103626 -0.0130386 -0.00801215 0.0027002 -0.00495819 0.00338659 0.00985502 0.00242116 -0.00100474 0.000442492 -0.00228893 -0.00548916 -0.00142569 0.000442469 0.00368625 0.000278823 0.00492281 0.00266832 0.00484946 0.000217653 0.00139441 0.00903313 -0.000282041 -0.00302986 -0.00208408 -0.000274116 0.00102173 0.00567948 0.000545995 0.0021533 0.00163293 0.00213964 -0.00099664 0.00315422 -0.0019799 0.000218644 -0.000868483 0.00540739 0.0102175 -0.00301225 -0.00201357 -0.00832171 0.00328707 0.00812947 7.15243e-05 -0.00343494 -0.00155894 0.00332813 0.00203839 0.00749562 0.000542772 0.00452683 -0.00232411 0.00789103 0.00829754 0.00090702 0.0107451 0.00566685 -0.00591645 0.00117976 0.00436486 0.0027796 0.00810502 0.00114464 0.00187308 0.000184745 0.0052338 0.00486001 -0.00229881 0.000206265 0.00330109 0.00132714 -3.64048e-05 -0.00149177 -0.00215906 0.00690009 -0.00862453 -0.00480778 0.000585684 -0.00129536 -0.0063243 -0.0104334 -0.000466001 0.00444057 -0.00143494 -0.00759993 0.00024433 -0.000642003 0.000265313 -9.18195e-05 -0.00207956 -0.00524646 0.0018557 0.00837444 0.00161487 -0.00446038 -0.00816854 -0.00115479 0.00141299 -0.000101121 -0.00242828 -0.00021166 0.00114212 -0.000175661 -0.0050843 0.00167549 0.00367108 -0.00199648 0.00453174 0.00204326 0.00395916 -0.00147436 -0.000438272 0.00186781 0.00409515 0.00634937 -0.00298919 0.00218234 3.40326e-05 0.00135714
internal_weight=105589 101858 95223 3731 2029 672 1357 1104 656 6635 540 6095 785 5310 36656 1702 1219 940 30667 58567 2801 55766 2546 1841 1581 55485 16557 764 38928 4447 4014 3117 15793 1455 14338 7032 6725 6440 7306 5530 1049 5663 4678 985 608 3092 2828 897 1586 1140 34481 2410 2740 4794 3745 799 2946 1237 1709 1049 886 1143 705 1218 516 926 4481 3155 1326 5989 5340 3562 1778 702 17595 33763 2463 1971 31300 9388 8702 686 1019 716 21912 7683 1080 829 6603 1082 5521 762 20342 13111 10588 10291 4763 2503 7231 707 5528 2523 1184 1339 2260 1920 1436 1184 6524 4692 1289 3403 2398 978 1832 2039 1623 638 4759 2493 2115 1667 2266 770 3869 1058
internal_count=105589 101858 95223 3731 2029 672 1357 1104 656 6635 540 6095 785 5310 36656 1702 1219 940 30667 58567 2801 55766 2546 1841 1581 55485 16557 764 38928 4447 4014 3117 15793 1455 14338 7032 6725 6440 7306 5530 1049 5663 4678 985 608 3092 2828 897 1586 1140 34481 2410 2740 4794 3745 799 2946 1237 1709 1049 886 1143 705 1218 516 926 4481 3155 1326 5989 5340 3562 1778 702 17595 33763 2463 1971 31300 9388 8702 686 1019 716 21912 7683 1080 829 6603 1082 5521 762 20342 13111 10588 10291 4763 2503 7231 707 5528 2523 1184 1339 2260 1920 1436 1184 6524 4692 1289 3403 2398 978 1832 2039 1623 638 4759 2493 2115 1667 2266 770 3869 1058
is_linear=0
shrinkage=0.0667171


Tree=27
num_leaves=127
num_cat=0
split_feature=152 11 69 11 20 20 81 73 84 155 170 19 10 14 11 73 153 62 97 14 15 127 165 95 18 99 3 10 20 97 73 19 17 42 4 182 156 33 10 18 153 17 179 95 95 19 17 199 19 92 95 152 99 18 170 14 99 171 103 181 20 20 11 20 21 4 73 97 85 199 20 180 18 95 21 18 92 13 36 18 73 20 32 20 99 99 84 82 95 14 21 73 200 19 153 9 24 15 0 14 150 19 97 103 105 73 200 8 10 13 10 8 8 13 18 97 102 10 70 170 33 11 151 73 20 18
split_gain=11.6543 10.9174 8.99934 12.0325 10.6907 11.611 10.7261 10.358 9.65163 9.31289 9.30343 12.4875 11.254 12.9468 11.1 9.18577 8.43298 8.31865 15.2987 8.28587 7.85993 7.70463 7.63099 8.42771 7.5642 10.1937 10.2049 11.4168 16.114 14.5728 8.16783 13.7667 11.9469 8.65478 9.03544 8.11851 7.83882 12.5419 10.7683 9.23498 16.7081 12.2439 12.1526 12.1751 12.0558 13.2912 11.2281 14.8372 14.5245 13.2467 11.2501 13.6944 14.6839 11.2438 10.7749 10.4835 13.4976 10.3431 10.2325 10.1262 10.1028 9.70485 12.0251 9.20603 9.09231 9.00036 18.2001 10.271 8.83009 8.80794 8.5639 9.06327 10.3548 9.24492 10.9715 8.67027 11.7466 9.78004 8.38588 8.30861 12.2162 8.64509 8.28032 9.0692 8.22939 12.9054 12.8191 12.0948 7.88381 7.71841 7.88681 12.2271 9.71487 7.71546 11.9657 8.80858 10.6636 17.7596 17.184 12.0204 11.6452 9.74451 8.51354 8.09662 7.89007 7.55625 7.5192 7.71852 7.50353 7.46635 7.41433 7.37858 7.31821 8.19265 7.37957 7.23179 7.20839 7.1528 7.09337 6.97655 6.96027 7.34335 15.6956 14.423 13.7144 11.0801
threshold=0.44774132966995245 -0.03685841150581836 -1.4842233657836912 -0.85563376545906056 0.45837846398353582 0.4951650351285935 0.11457459628582002 -1.2452499270439146 -0.047161344438791268 -0.017188389785587784 0.48586611449718481 -0.060177991166710847 -0.0095339990220963938 0.54018601775169384 -0.10511104390025137 0.45285938680171972 -0.018897752277553078 -0.15615142136812207 -0.25421135127544398 -0.038697917014360421 1.4434615373611452 -0.26532457768917078 0.65497338771820079 0.40919633209705358 0.13006787747144702 -0.26602824032306666 -0.49484245479106898 -0.11150281131267546 0.13583787530660632 -0.14707646518945691 -0.090474709868431077 0.0089512169361114519 -0.28136909008026117 -0.043494863435626023 0.4028089046478272 -0.41718807816505427 -0.22423695027828214 0.56368404626846325 -0.19032128155231473 -0.28176027536392206 0.22505053132772448 -0.14424391090869901 -0.66581320762634266 0.43583890795707708 -0.37022346258163447 0.46638567745685583 -0.075142014771699892 0.0085243252106010931 0.2443867772817612 0.41799488663673406 0.12533967196941379 -0.051499497145414345 0.17422144860029223 -0.24400845170021054 0.015546806622296573 0.65923362970352184 0.87189826369285595 -0.29899494349956507 0.1220582239329815 -0.1534270644187927 0.028957781381905082 0.023706069216132167 -0.33792497217655176 -0.23532729595899579 -0.054156607016921036 -0.49807056784629816 0.06146537326276303 -0.2146678492426872 0.47409155964851385 -0.23970690369606015 -0.099448699504137025 0.019512367434799675 -0.57647010684013356 -0.16630896180868146 0.15345513820648196 -0.40806765854358668 0.08030636236071588 0.19554609060287478 0.31338028609752661 -0.0019346683839103205 0.085616603493690505 0.18315176665782931 -0.34552511572837824 0.12208744138479234 -0.082043662667274461 0.070960000157356276 -0.039896329864859574 0.34092234075069433 -0.086001023650169359 0.64151784777641307 -0.2887014746665954 -0.10561290010809897 0.09150217100977899 0.083739373832941069 0.26215201616287237 0.17912279814481738 0.043077599257230766 -0.085376922041177736 0.13210227340459826 0.29393601417541509 0.13958641886711123 -0.080038953572511659 0.030819875188171867 0.20897000283002856 -0.22847746312618253 -0.088982120156288133 -0.084649723023176179 -0.11830387264490126 -0.041728042066097253 0.27190391719341284 -0.047614829614758485 -0.19185433536767957 -0.11558424681425093 0.055750986561179168 -0.035081364214420312 0.1563009321689606 -0.014504931867122648 0.13796220719814303 -0.19401849806308744 0.24254954606294635 -0.067997694015502916 -0.083592988550662981 -0.0079149506054818613 0.0059008679818362006 0.0092597450129687803 -0.0040189226856455198
decision_type=2 2 2 2 2 2 2 2 2 2 2 2 2 2 2 2 2 2 2 2 2 2 2 2 2 2 2 2 2 2 2 2 2 2 2 2 2 2 2 2 2 2 2 2 2 2 2 2 2 2 2 2 2 2 2 2 2 2 2 2 2 2 2 2 2 2 2 2 2 2 2 2 2 2 2 2 2 2 2 2 2 2 2 2 2 2 2 2 2 2 2 2 2 2 2 2 2 2 2 2 2 2 2 2 2 2 2 2 2 2 2 2 2 2 2 2 2 2 2 2 2 2 2 2 2 2
left_child=2 -2 9 7 10 -6 15 -4 -9 -1 17 110 14 19 -13 -7 -8 -5 -19 -14 24 -21 -15 -24 25 -20 27 28 29 -27 31 -26 -33 34 -32 -34 37 38 -28 40 44 42 -41 68 45 -38 47 50 53 58 51 -43 -53 54 -48 56 57 -46 78 -42 61 120 -63 -51 82 66 -62 88 79 108 -66 72 73 -72 -75 -74 77 -77 -50 84 81 89 -59 109 -44 -86 -87 -88 -67 90 -81 -92 118 95 -95 96 100 99 -99 104 -69 -100 103 -97 -98 -71 107 -29 -40 -84 115 -37 -106 114 -114 -12 -39 -18 -93 -108 -55 122 123 125 -124 -122
right_child=1 -3 3 4 5 6 16 8 -10 -11 11 12 13 22 -16 -17 117 18 20 21 -22 -23 23 -25 30 26 36 106 -30 -31 33 32 35 -35 -36 111 39 116 69 41 59 46 43 -45 55 -47 48 -49 49 63 -52 52 -54 60 -56 -57 -58 64 -60 -61 65 62 -64 -65 70 67 -68 93 -70 105 71 -73 75 74 -76 76 -78 -79 -80 80 -82 -83 83 -85 85 86 87 -89 -90 -91 91 92 -94 94 -96 102 97 98 101 -101 -102 -103 -104 -105 112 -107 119 -109 -110 -111 -112 -113 113 -115 -116 -117 -118 -119 -120 -121 121 -123 124 -125 -126 -127
leaf_value=0.015288799770181041 -0.01615335874260676 -0.0023331490796132262 0.0051441842891631964 -0.0022265137283769116 0.015419360208340548 0.01086124905786481 0.0061290173364361494 -0.015036602759416819 -0.0030721535141159171 0.0008836791410444005 0.0082609125666506696 0.018693188871718936 0.0059697497394388893 -0.0029245223702299705 0.0021392429688482594 -0.0012283843791916574 0.00056831236292699614 0.011204074673631888 -0.011621538596637407 0.0027378156672889882 -0.0094933857809971055 -0.0095343080142933981 0.016713309340284112 0.0010221049299261793 0.013413696996118 0.010913333246570745 0.0079873130655179168 0.010678178128281762 -0.014687892508390038 -0.0043948186382071616 -0.0011260924388654726 0.0093440653754045307 -0.010916550018009721 0.0013383536443757308 -0.01191334857091741 0.0095160786441411353 0.015475191924764362 0.001398933108069933 1.1252562634263916e-05 -0.017836737806303644 0.00035242055482991659 0.021004437544867662 0.0085596983747707467 0.0080759823806031625 0.01115842634827168 -0.0022233884151956883 -0.017181503147848266 -0.0018769909038943407 -0.0083268445560268304 -0.0061663134429080363 -0.0021110032998737133 0.012674593857806749 -0.0051513575257201372 0.0072113150692956112 0.00065030581860235821 0.010879281276391628 -0.010358453246596649 -0.00061487061377157837 -0.0012134735955788036 -0.016345500365814485 0.020724612144732455 0.0013130188014157493 -0.014849182042500485 0.011361042416704775 -0.0094937557842643856 0.00013881118575993464 0.00022879152205072684 -0.0006153340645244931 0.007018036505061831 0.0046601536029732818 0.0063027279222017873 -0.0040792778707625411 0.012897302836066861 0.00054418293837123417 -0.01652570987504744 0.012942805540740633 -0.0090350601563750996 -0.0030754316464368151 -0.020549692322740357 -0.017516716655936668 -0.020426670371857514 0.0059525749856759406 0.014818024248897655 -0.0018947881034898206 -0.010038186452172177 -0.0053208621218018585 0.0071290219098390419 -0.0087745010235942104 -0.01595365923777619 0.0011692751145847317 0.0040931927799973157 -0.004014508309897827 0.0017496486258366578 0.015383588029780668 -0.00141951972257877 -0.00026424377599039932 -0.013178664861880457 0.013030939830556537 0.0061740935584440396 0.012461947696499586 -0.015965459933771426 -0.0091216618843845357 0.0046952006782520804 -0.015545629907212486 0.0060975314354512946 -0.0011771278531676763 0.010266796256039191 -0.0026901570737705078 0.01020552696686769 0.001200508961915376 0.012455193013253495 -0.0021060497510103646 0.0024337833577993719 0.0074418670883120161 -0.0093757578471062222 -0.0054716424718213533 -0.010338155668423258 -0.013502632320670289 -0.016100970657889138 -0.0016219692006346812 -0.0027955526585199415 -9.4657205177786679e-05 -0.01584072275228297 -0.012293755657433207 0.0021499424311965834 0.0048494895815618267
leaf_weight=352 266 5036 304 7275 367 810 315 552 672 467 442 264 251 366 571 417 285 548 348 278 379 1122 316 299 607 476 1198 261 327 649 3011 681 307 15483 389 337 549 368 538 257 273 387 287 403 429 280 350 1391 645 261 405 532 328 432 255 449 481 937 456 376 308 332 512 264 489 250 514 1595 317 1248 316 1605 509 348 312 439 290 268 423 358 270 257 656 318 892 1355 1051 262 280 438 368 318 262 408 340 257 257 1187 476 275 253 299 253 396 501 4671 1387 698 788 252 787 842 330 251 772 271 604 350 727 253 2424 8082 701 489 251 1290
leaf_count=352 266 5036 304 7275 367 810 315 552 672 467 442 264 251 366 571 417 285 548 348 278 379 1122 316 299 607 476 1198 261 327 649 3011 681 307 15483 389 337 549 368 538 257 273 387 287 403 429 280 350 1391 645 261 405 532 328 432 255 449 481 937 456 376 308 332 512 264 489 250 514 1595 317 1248 316 1605 509 348 312 439 290 268 423 358 270 257 656 318 892 1355 1051 262 280 438 368 318 262 408 340 257 257 1187 476 275 253 299 253 396 501 4671 1387 698 788 252 787 842 330 251 772 271 604 350 727 253 2424 8082 701 489 251 1290
internal_value=9.14289e-06 -0.00303804 0.000170551 0.000112852 0.000204817 0.00447083 0.00260017 -0.00575506 -0.00850313 0.00712263 9.06698e-05 0.00290119 0.000690622 -0.00144014 0.00743121 0.0067217 -0.00269051 -6.33098e-05 0.000125472 -0.005054 5.13313e-05 -0.00706665 0.00460205 0.0091471 9.59528e-05 -0.000285937 -0.000219529 0.00301219 -0.00170387 0.0020561 0.00116644 0.00454699 0.00204057 0.000667701 -0.00237537 -0.00129318 -0.000453078 0.0013018 0.0021312 -0.000806813 0.00103881 -0.00128244 -0.0036289 -0.00313758 0.00179388 0.00944651 -0.000657107 0.00317534 -0.00110087 -0.00649289 0.00745072 0.0105905 0.00584007 -0.000644729 -0.00960479 0.00100433 0.000417378 0.00114805 -0.00964472 -0.00926266 -0.000413882 -0.00151132 -0.00844695 0.00257263 0.000502708 0.00131325 0.0079659 0.00065516 -0.00377587 0.00115654 -0.00117626 -0.000169082 0.00234775 -0.00297399 -0.00748468 0.00582129 0.00216432 0.00681682 -0.0132155 -0.00428335 -0.00692033 -0.00555951 0.00406765 0.00767447 -0.00221814 -0.00310118 -0.000764575 0.00391432 -0.00829837 -0.00677626 -0.00850783 -0.0065482 -0.00957524 0.00126606 0.00770062 0.000581761 0.00148451 0.00329192 0.00799114 -0.000559922 -0.00274753 0.000230575 -0.00554406 -0.00958242 -0.00228533 4.94555e-05 0.00566139 0.00093347 0.00606513 0.0110714 0.0079837 0.0011961 -0.00074571 -0.00330948 -0.00580376 0.00299673 -0.00585371 -0.00713651 -0.0124562 0.00840589 -0.00107954 -0.00135384 -0.00332094 -0.00155907 -0.0110486 -0.000130246
internal_weight=105643 5302 100341 99522 97994 2544 2177 1528 1224 819 95450 4967 3467 2632 835 1227 950 90483 83208 1651 82660 1400 981 615 82281 60624 60276 4051 1452 1125 21657 2774 2167 18883 3400 1486 56225 9415 8443 46810 9576 37234 7822 7565 8927 829 29412 3043 26369 2049 1652 1247 860 24320 605 8098 7649 7168 1524 649 23715 14513 844 525 6739 9202 822 8380 7162 7245 4576 4087 2482 976 660 1506 997 707 1068 6845 2998 2728 2163 1226 3847 3560 2668 1313 530 2471 2033 1675 1307 7850 748 7102 6196 4348 1962 2386 1848 775 906 653 2111 5919 2599 959 1326 908 1500 1179 1854 1353 1102 713 972 635 1045 1640 13669 13237 5155 4203 952 3714
internal_count=105643 5302 100341 99522 97994 2544 2177 1528 1224 819 95450 4967 3467 2632 835 1227 950 90483 83208 1651 82660 1400 981 615 82281 60624 60276 4051 1452 1125 21657 2774 2167 18883 3400 1486 56225 9415 8443 46810 9576 37234 7822 7565 8927 829 29412 3043 26369 2049 1652 1247 860 24320 605 8098 7649 7168 1524 649 23715 14513 844 525 6739 9202 822 8380 7162 7245 4576 4087 2482 976 660 1506 997 707 1068 6845 2998 2728 2163 1226 3847 3560 2668 1313 530 2471 2033 1675 1307 7850 748 7102 6196 4348 1962 2386 1848 775 906 653 2111 5919 2599 959 1326 908 1500 1179 1854 1353 1102 713 972 635 1045 1640 13669 13237 5155 4203 952 3714
is_linear=0
shrinkage=0.0667171


Tree=28
num_leaves=127
num_cat=0
split_feature=153 30 11 69 92 34 201 151 82 163 169 84 183 201 20 168 201 15 180 17 24 0 17 182 104 19 105 150 80 16 4 182 1 18 17 153 197 18 107 102 183 18 18 11 200 32 150 4 157 105 9 66 105 99 99 15 16 4 82 12 200 15 11 96 61 59 11 20 102 19 8 5 20 5 4 151 5 153 20 4 17 158 201 183 20 15 152 168 100 15 21 70 18 153 74 18 18 8 4 21 19 19 12 19 180 84 17 16 9 171 82 11 183 20 11 167 89 4 70 96 96 180 24 3 21 164
split_gain=10.0415 8.75093 9.4756 9.8715 9.41367 9.5067 9.2929 8.61121 10.6762 8.58085 8.60628 11.7723 8.4559 8.32955 13.2496 10.9507 10.0018 12.3912 11.6468 11.0626 10.0485 9.753 9.26684 10.5528 11.9047 9.90957 9.59576 9.25745 11.1356 9.21612 11.412 13.7996 9.53814 9.8654 8.75544 8.60867 8.27342 11.1623 8.27144 8.25691 10.203 8.9542 8.93666 8.23734 9.52559 11.4942 11.0088 8.20068 9.34516 8.08417 8.05127 7.71649 10.6451 7.35344 8.05148 7.06336 7.0476 6.98142 6.98088 6.9083 9.23319 6.8754 6.78326 10.1512 10.4368 9.5389 9.26069 9.41512 8.38056 8.06359 8.05999 8.01309 7.87931 7.68952 8.63619 8.12105 6.85951 6.77096 13.4758 6.67963 11.3217 8.78805 7.92659 11.9067 9.1655 11.209 7.80008 7.19399 10.3222 7.13593 7.03689 10.7274 11.5975 6.59931 6.56763 9.3631 6.45047 6.4222 6.3608 16.4374 10.0779 9.79012 9.64879 8.84073 8.33109 8.00068 7.94144 6.27443 6.72005 6.16357 6.11346 7.89976 6.06563 6.06401 6.02695 7.53163 5.98388 5.98159 8.32648 8.70724 7.16778 5.90574 5.90538 6.5717 7.53716 5.88272
threshold=0.50840440392494213 0.36374704539775854 -0.78322473168373097 -1.4842233657836912 -0.20473338663578031 0.17797992378473285 -0.11243661120533942 -1.5426111817359922 -0.014898786786943672 0.80066582560539257 0.039658427238464362 -0.31962640583515162 -0.57407173514366139 -0.2011325806379318 -0.672428399324417 0.75561636686325084 -0.65739604830741871 0.24077692627906802 -0.28259399533271784 -0.39113396406173701 -0.44682338833808893 -0.046874999999999993 0.48694901168346411 0.074768900871276869 -0.29467476904392237 0.098707620054483428 -0.9471675157546996 0.013573510106652977 0.39620077610015875 -0.53414788842201222 -0.077174432575702653 -0.2918588370084762 -0.026988636702299115 -0.058091631159186356 0.57614871859550487 -0.19547481089830396 0.0050536189228296289 -0.28176027536392206 -0.095755081623792634 -0.28695541620254511 0.086968865245580687 -0.015463230200111864 -0.61250972747802723 -0.40375925600528711 0.13340980559587481 -0.079499132931232439 -0.13769085705280301 0.19422595947980884 -0.33554568886756891 0.45942115783691412 -0.7055334448814391 -0.21735762059688565 0.17364666610956195 0.023451377637684349 -0.16413512825965879 0.15539230406284335 0.021853045560419563 -0.49624775350093836 -0.14291249960660932 0.37493416666984564 -0.19202898442745206 -0.056146154180169099 0.32114487886428839 0.60663390159606945 0.14601770043373111 0.13904331624507907 -0.046119138598442071 0.42797663807868963 -0.20855903625488278 0.66167718172073375 -0.19621746242046353 0.37500000000000006 -0.42661219835281367 1.0000000180025095e-35 1.0000000180025095e-35 -0.2958404123783111 1.0000000180025095e-35 0.68527570366859447 0.37637382745742803 -0.49001491069793696 -0.2133817449212074 -0.21532063931226728 0.005197331542149187 -0.047365888953208916 -0.018049024045467373 0.28539231419563299 -0.0080522708594799024 -0.025144641287624832 0.087696012109518065 -0.078453846275806413 0.13246655464172366 -0.12869912385940549 -0.0019346683839103205 -0.069710016250610338 -0.085601076483726488 0.13145432621240619 -0.028389157727360722 -0.19185433536767957 -0.36324852705001826 0.32561826705932623 0.24786315113306048 -0.042176464572548859 0.015163136646151544 0.45898140966892248 0.035036876797676093 0.033357655629515655 0.13288272172212603 -0.23059400171041486 -0.34880232810974116 0.46678540110588079 -0.5172409415245055 0.10283128544688226 -0.35520371794700617 -0.081014793366193757 -0.27727869153022761 -0.026516824960708615 0.30800671875476843 -0.42501027882099146 -0.24213695526123044 -0.0094616049900650961 0.21372075378894809 -0.091366145759820924 -0.095209904015064226 0.35627987980842596 -0.1840097904205322 -0.18042023479938504
decision_type=2 2 2 2 2 2 2 2 2 2 2 2 2 2 2 2 2 2 2 2 2 2 2 2 2 2 2 2 2 2 2 2 2 2 2 2 2 2 2 2 2 2 2 2 2 2 2 2 2 2 2 2 2 2 2 2 2 2 2 2 2 2 2 2 2 2 2 2 2 2 2 2 2 2 2 2 2 2 2 2 2 2 2 2 2 2 2 2 2 2 2 2 2 2 2 2 2 2 2 2 2 2 2 2 2 2 2 2 2 2 2 2 2 2 2 2 2 2 2 2 2 2 2 2 2 2
left_child=1 2 7 -4 5 79 -7 50 12 10 11 -2 -9 14 51 16 17 21 -19 20 -18 27 26 24 -24 43 -15 28 -16 30 32 -32 33 -28 39 -33 37 -26 49 41 42 -21 -41 -25 46 -46 -45 48 -48 109 -1 -6 -53 54 56 -36 -38 -40 -42 98 93 96 63 66 -65 -66 67 70 -64 76 71 122 -68 75 -75 -72 -70 78 -12 80 -5 -82 83 84 85 86 -81 -85 -89 -83 91 -86 -93 -61 -49 -96 -39 -13 99 100 101 102 -44 104 116 106 -103 -74 -109 -31 111 -110 -105 -67 -76 -116 -100 -99 -119 -120 -121 -98 123 124 -59 -63
right_child=9 -3 3 4 13 6 -8 8 -10 -11 77 97 -14 22 15 -17 19 18 -20 34 -22 -23 23 25 36 -27 29 -29 -30 38 31 35 -34 -35 55 -37 53 61 57 40 58 -43 59 44 45 -47 47 94 -50 -51 -52 52 -54 -55 -56 -57 -58 62 -60 60 -62 125 68 64 65 113 72 -69 69 -71 73 -73 107 74 114 -77 -78 -79 -80 82 81 89 -84 87 90 -87 -88 88 -90 -91 -92 92 -94 -95 95 -97 121 117 103 -101 -102 105 -104 112 -106 -107 -108 108 110 -111 -112 -113 -114 -115 115 -117 -118 118 119 120 -122 -123 -124 -125 -126 -127
leaf_value=-0.0049503585073526072 0.0088332003227601218 -0.0018301370593075642 0.013574076521619252 -0.0089128403986888493 0.0039744356654499539 -0.014358941897889327 -0.0015482828273950121 -0.019079018638930415 0.0012560037411787589 0.0079815551380703897 -0.010866453011931865 0.0056362926315152388 -0.0062687449214627209 -0.0089846021902070285 0.0092312621134359868 0.015536070137259958 0.0039867766347843545 -0.0038461272697183648 0.010467573300870966 0.0029805610227740939 0.021259739673921221 -0.017049907317504075 -0.016525451491411193 0.013000579275603797 0.0063381378003859856 -0.0061058909400860152 -0.014601830243480288 -0.010585033761696389 -0.0066750404646538008 0.0012231704859329551 -0.0023211176447355646 0.025361238553929733 0.008477177420954848 0.0020915925048202964 0.011540511686939354 0.0095020470275685581 0.004483038327755832 -0.008673012981985204 -0.0035881325209096517 -0.0095636757172810009 0.0030005664986817128 0.015032843111960247 0.0067291889910163823 -0.0070224860862137381 0.005047188528122879 -0.011559922858178759 -0.0038730255001935151 0.0092918673407991897 0.0097054038182953356 0.010169447100722432 0.011191871260735755 -0.016246592390047682 0.0002756111676217105 -0.0062932768872674518 0.0077219609488504018 -0.00040813626587890339 -0.0086507798670874322 -0.00099497083575611684 -0.0093355246006638307 -0.0012051514712710337 0.0047637385259236865 -0.016471530980395745 0.0071129067000363817 -0.01407275970219209 0.0068159765622235599 -0.0095861510542357645 0.0077764220793742952 0.0093102382625646872 -0.0032417634226534829 0.0060269899207939237 0.0085942120280444057 -0.010809090285846075 -0.0065448890069225475 0.0068699363788912353 0.0058674242916679376 -0.0021966634916592413 -0.011571709439344527 -0.014284066330449921 0.00600902049176847 0.0041321958525094822 0.013930914848851528 -0.006211940306703162 0.001267010403035737 -0.00047700227754646994 0.0046966763515103767 -0.0059282090747364933 0.019115469189603388 -0.010835736369574498 -6.6962317004855458e-05 0.006333753025944521 0.0032802843725046639 -0.00054581968221378439 -0.01821061518134498 -0.013893802640314468 -0.0059453163647436597 0.0072426406796967423 0.0099878151099689182 -0.013179792198582743 0.00085339611793630403 0.021761276684059597 -0.0071815763334185699 0.022579285529535278 -0.0088786081736519414 0.017497008931943774 0.0047795360570544098 0.0030385130831638222 0.006491168410039886 0.012392811713336994 0.0041130580747789254 0.0069799285366198274 0.0020781067206606164 -0.0090774853949414196 0.0028632161420925565 -8.0531156737264218e-06 -0.0084142948303707991 0.002077171245785543 -0.005200786269063065 0.0054533748605317556 -0.00033142768117719085 -0.020221598843900488 -0.0045398115392388727 -0.0023681660416920258 -0.005201860950127403 -0.0054108735454165913 0.014209831459783235 -0.006666560041222222
leaf_weight=252 396 9192 251 279 261 477 543 301 629 279 565 279 1006 450 394 274 348 457 553 815 268 269 291 277 362 806 257 453 382 13837 253 258 408 390 779 395 360 400 2277 287 294 418 407 447 288 499 265 292 1330 502 291 409 291 497 782 297 358 292 628 403 480 332 334 371 427 584 1005 415 1762 308 329 605 399 1319 494 4553 593 517 329 383 405 301 2807 770 275 260 265 1544 539 589 524 289 393 339 778 341 255 335 3057 259 302 312 306 257 1903 403 254 264 329 881 11438 504 256 592 571 638 948 360 561 259 270 507 1163 331 276 1661
leaf_count=252 396 9192 251 279 261 477 543 301 629 279 565 279 1006 450 394 274 348 457 553 815 268 269 291 277 362 806 257 453 382 13837 253 258 408 390 779 395 360 400 2277 287 294 418 407 447 288 499 265 292 1330 502 291 409 291 497 782 297 358 292 628 403 480 332 334 371 427 584 1005 415 1762 308 329 605 399 1319 494 4553 593 517 329 383 405 301 2807 770 275 260 265 1544 539 589 524 289 393 339 778 341 255 335 3057 259 302 312 306 257 1903 403 254 264 329 881 11438 504 256 592 571 638 948 360 561 259 270 507 1163 331 276 1661
internal_value=0 0.000131845 0.000328132 0.000441076 0.000403478 -0.00145753 -0.0075763 -0.0037367 -0.00582568 -0.0032153 -0.00403665 -0.00163686 -0.0092617 0.00065563 0.00192711 0.00236444 0.0021422 -0.00172776 0.00395418 0.00283717 0.0115714 -0.00558486 0.000284377 -0.00145504 -0.00342291 0.000684679 0.000673741 -0.0030301 0.0013541 0.000762897 0.00524329 0.0107282 0.000498168 -0.00450022 0.00243172 0.0158507 -0.00272007 -0.00466747 0.00057659 0.00192398 0.00134427 0.00710288 0.00195581 0.00190675 0.00116851 -0.00542791 0.00268422 0.00414419 0.0074196 0.00185794 0.00362925 -0.00566922 -0.00933258 0.000693252 0.00303887 0.00820435 -0.00201582 -2.86115e-05 -0.00535492 0.00229591 -0.00237946 -0.00594643 0.000241602 0.000578109 -0.00402036 -0.00166237 0.000943992 -0.000501955 -0.00276557 -0.00402408 -0.000892355 -0.00406229 0.002086 0.000173705 0.00282104 -0.00145847 -0.0053594 -0.00819136 -0.00461821 -0.000804265 0.00315958 0.00580241 -0.00158421 -0.0031177 0.000342302 0.00562391 0.0103315 -0.00602634 -0.00806333 0.00205044 -0.00287432 -0.00628517 -0.0107772 -0.00705513 0.000416261 -0.00188666 -0.00183205 -0.00366867 0.00295993 0.00602322 0.00393473 0.00595831 8.34497e-06 0.00188354 0.00114662 0.010317 0.0154348 0.00164027 0.00190467 0.00157093 0.00167431 -0.00381953 0.0102661 -0.0047755 -0.000296914 -0.0028521 -0.000572816 -0.00515006 -0.00325942 -0.00617402 -0.0122975 0.00173292 -0.00206072 0.00196852 0.00634216 -0.00832755
internal_weight=105410 101260 92068 89589 89338 10643 1020 2479 1936 4150 3871 2460 1307 78695 17763 16802 16528 2508 1010 14020 616 1498 60932 11128 5805 5323 49804 1229 776 49354 1961 906 1055 647 13404 653 5514 3517 47393 12328 11095 1233 10173 4517 4240 787 3453 3006 1595 15220 543 961 700 1997 1500 1076 718 32173 922 9886 1222 3155 29896 26899 1974 1603 24925 10986 2997 2663 10571 2667 13939 7904 3022 4882 2355 1411 894 9623 1574 1295 8049 5242 2389 908 648 2853 2083 890 1481 957 682 742 1411 1119 1162 2064 8664 2243 1984 1682 713 6421 5908 969 566 12934 12535 14718 12271 833 513 1176 1703 1209 4005 1785 1450 1090 529 762 2062 899 568 1993
internal_count=105410 101260 92068 89589 89338 10643 1020 2479 1936 4150 3871 2460 1307 78695 17763 16802 16528 2508 1010 14020 616 1498 60932 11128 5805 5323 49804 1229 776 49354 1961 906 1055 647 13404 653 5514 3517 47393 12328 11095 1233 10173 4517 4240 787 3453 3006 1595 15220 543 961 700 1997 1500 1076 718 32173 922 9886 1222 3155 29896 26899 1974 1603 24925 10986 2997 2663 10571 2667 13939 7904 3022 4882 2355 1411 894 9623 1574 1295 8049 5242 2389 908 648 2853 2083 890 1481 957 682 742 1411 1119 1162 2064 8664 2243 1984 1682 713 6421 5908 969 566 12934 12535 14718 12271 833 513 1176 1703 1209 4005 1785 1450 1090 529 762 2062 899 568 1993
is_linear=0
shrinkage=0.0667171


Tree=29
num_leaves=127
num_cat=0
split_feature=168 201 0 16 5 11 59 73 84 18 18 24 0 84 21 19 97 152 21 201 159 181 92 19 105 150 20 155 183 96 103 11 152 21 92 13 196 82 151 33 12 73 11 4 105 30 84 8 197 73 79 33 84 150 92 20 73 11 81 18 20 96 200 98 92 62 18 3 152 105 197 19 161 15 198 96 12 82 81 62 20 19 19 152 18 33 14 13 164 11 12 171 20 104 81 183 96 103 12 18 13 198 13 21 19 33 33 11 82 82 84 171 73 70 19 12 155 171 163 201 73 24 152 182 197 74
split_gain=9.01179 12.5402 9.68404 17.4826 14.7562 10.9921 9.69245 9.57266 9.50973 8.86163 11.8339 14.4837 14.8032 12.5623 18.6877 14.3603 14.5812 12.7267 12.0896 16.4809 11.9001 13.015 18.562 10.2536 10.1241 12.3559 15.8641 10.2259 10.1163 10.96 9.56738 9.48739 12.7181 12.784 14.0559 11.7655 11.539 9.35547 9.21865 11.5115 13.1981 11.7921 8.95268 8.94885 8.68108 9.18592 8.39531 10.5345 9.01409 8.83528 9.31437 18.762 8.04622 9.3325 9.92504 8.88841 11.8239 14.3397 10.8781 9.86438 11.9348 10.9512 10.6422 9.26405 9.25955 13.4874 14.141 8.92001 8.85243 8.4117 8.19491 7.93693 8.74939 7.93036 8.66462 8.57014 8.46705 7.92758 9.17895 10.0326 10.014 9.27849 9.10751 8.45653 8.26297 7.86639 9.8517 12.4918 10.2133 9.83369 8.49959 7.81912 8.50535 7.8009 7.79268 7.70167 7.77208 9.02149 7.68955 11.4659 10.1891 7.39606 8.28624 7.30239 7.09101 7.98459 8.02035 7.08598 9.3599 7.07701 7.61425 7.48289 9.02781 7.20419 7.03904 7.0337 6.97824 6.97263 6.93151 8.33729 6.88453 6.68205 7.07381 6.68079 6.6768 6.62159
threshold=0.88759061694145214 -0.082472871989011751 0.43323864042758947 -0.073796510696411119 -1.0000000180025095e-35 -0.096594925969839082 -0.10209636390209197 0.8420248031616212 -0.089685223996639238 0.13006787747144702 -0.28176027536392206 0.54594531655311596 -0.47869317233562464 0.20410019159317019 -0.1840097904205322 -0.19325480610132215 -0.025782587006688115 -0.10857697576284407 -0.054156607016921036 0.081397846341133132 0.21401696652173999 -0.47395037114620203 0.11852505430579187 0.46638567745685583 -0.7997913360595702 -0.26363964378833765 -1.4751453399658201 -0.18500019609928128 -0.49159568548202509 0.43670876324176794 0.36786401271820074 -0.34433208405971522 0.085162017494440093 0.17618596553802493 -0.18122360110282895 0.28770457208156591 0.078582111746072783 0.16258543729782107 -0.35788564383983607 -0.24561874568462369 0.36348597705364233 -0.15673564374446866 -0.027617114596068856 0.077078893780708327 0.22823510318994525 -0.18491397798061368 0.092698805034160628 0.29183946549892431 -0.01998267229646444 -0.090474709868431077 -0.29340262711048121 0.14557134360075 -0.26692268252372736 0.040864819660782821 -0.20234774798154828 -0.059773227199912064 0.0212248032912612 0.027067399583756927 0.036715492606163032 -0.048838714137673371 0.02531452011317015 0.13193099945783618 -0.25862440466880793 -0.074284046888351427 -0.15098637342453 -0.10883281007409094 -0.1645485237240791 0.16406177729368213 -0.10857697576284407 0.0045749428682029256 -0.2488092556595802 0.030022198334336284 0.084315150976181044 0.055392306298017509 -0.15424552559852597 0.1166868880391121 -0.12993131577968595 0.3185002207756043 0.066908597946167006 0.02050473261624575 0.45837846398353582 -0.045782700181007378 -0.11658455431461333 0.21698091924190524 -0.058091631159186356 0.46489566564559942 -0.12796875089406964 0.075582247227430358 -0.069341260939836488 -0.30717159807682032 1.0000000180025095e-35 0.018588632345199588 -0.17757815122604367 -0.18152472376823423 0.32018139958381658 0.16456943005323413 -0.12139586359262465 0.050935592502355583 0.19404121488332751 -0.1645485237240791 -0.58136090636253346 -0.043787589296698563 -0.140306681394577 -0.070469819009304033 -0.0024605911457911129 -0.30783051252365107 -0.1173959970474243 -0.78322473168373097 -0.52892044186592091 -0.084484849125146852 0.40705865621566778 0.25857207179069525 0.087861333042383208 0.18042614310979846 -0.048940237611532204 -0.25815111398696894 0.31130889058113104 -0.093669608235359178 0.17198411375284198 -0.19325280934572217 -0.099940419197082506 0.40599454939365393 0.012602901551872494 0.0087235537357628363 -0.32801124453544611 0.14633697271347049
decision_type=2 2 2 2 2 2 2 2 2 2 2 2 2 2 2 2 2 2 2 2 2 2 2 2 2 2 2 2 2 2 2 2 2 2 2 2 2 2 2 2 2 2 2 2 2 2 2 2 2 2 2 2 2 2 2 2 2 2 2 2 2 2 2 2 2 2 2 2 2 2 2 2 2 2 2 2 2 2 2 2 2 2 2 2 2 2 2 2 2 2 2 2 2 2 2 2 2 2 2 2 2 2 2 2 2 2 2 2 2 2 2 2 2 2 2 2 2 2 2 2 2 2 2 2 2 2
left_child=2 -2 7 107 5 -5 -6 9 -7 10 11 12 23 28 15 -15 -17 118 19 30 21 22 94 -1 -11 26 -26 42 29 37 44 38 52 35 -35 -34 91 -12 98 -40 93 -42 -27 -24 45 -14 47 48 71 120 51 -51 124 55 -55 56 57 64 63 61 101 62 -57 -59 69 -66 -67 -68 -69 -54 -62 72 115 74 75 -23 -76 78 80 82 81 -36 -80 123 -81 89 -87 88 -88 -16 -90 92 -37 -41 -20 96 -64 -98 -30 -100 -101 102 -61 -72 -3 -106 -107 -4 -109 111 -111 112 113 -75 -95 -29 -50 -52 119 -18 -48 -91 -123 -83 -33 -49
right_child=1 104 3 4 6 8 -8 -9 -10 24 13 -13 18 14 85 16 17 -19 20 -21 -22 73 43 -25 25 27 -28 46 31 -31 -32 32 33 34 77 36 -38 -39 39 40 41 -43 -44 -45 -46 -47 49 125 116 50 117 -53 53 54 -56 59 -58 58 -60 60 70 -63 95 -65 65 66 67 68 -70 -71 103 -73 -74 109 76 -77 -78 -79 79 84 -82 83 -84 -85 -86 86 87 -89 90 121 -92 -93 -94 114 -96 -97 97 -99 99 100 -102 -103 -104 -105 105 106 -108 108 -110 110 -112 -113 -114 -115 -116 -117 -118 -119 -120 -121 -122 122 -124 -125 -126 -127
leaf_value=0.01707951590136033 0.011845159305570636 0.0081613108253374093 -0.0086177579464009717 -0.01370805718579195 -0.0019416235913146335 -0.0040540638759771416 -0.010601288254946125 -0.0077268594978881283 0.0053614296693830785 -0.010090718828326158 0.00051109198014175853 -0.0096921952796399438 0.012792873285652822 -0.013599388689491289 0.01332619900698508 0.010099837705060549 0.0064890953456544186 -0.012326901724771123 0.0067237929533224749 0.011567110708707456 0.0061834010032729503 0.017121114098731738 0.0053742912444117042 0.0019837561712733754 -0.0056515856667540779 -0.0051617166677991426 0.013473545830041594 0.0053355747058013749 -0.011161702030416892 -0.013646636447240946 -0.0071091382068593414 0.0043921288664062136 0.00025089491015157177 0.0094370505942844973 -0.0034840571920999311 7.1472195127099221e-05 -0.0052402908246213459 -0.0096192679644923115 0.017091819790058659 0.010701215412890987 0.0071527234527104435 -0.010435394165396293 0.00050145008052849941 -0.0087971302520130322 0.012650904785149047 -0.00043384945664497101 0.0016560968565449054 -0.0067339626470446553 0.0043083525028968081 -0.0068123780695672096 0.0042062137094848505 0.01352164233040472 -0.012399324517667922 -0.01716474667545214 -0.0037624741785210998 0.012988085821793666 0.0092758560468492214 -0.00071651251555450543 0.0033824280705917011 -0.019099820124028263 0.0086790691533933564 -0.0080384781943947069 -0.0061987426775709899 -0.011214817393739644 0.018354457874148872 -0.0089961941583917657 0.00032445737961360672 0.016735162492818142 0.0044216623526921175 0.0038391591002537953 0.0067066124804820324 0.0043360254318176444 0.0098827134813704309 -0.01685466958977138 -0.0085821747649034198 3.3770911191427944e-05 0.0026761501164303384 0.0079946983616841615 -0.0051538489429310986 0.0010405434697646015 0.0043801947447952884 0.00071740817505610676 0.0096159203927384355 -0.018419544319145952 -0.010370795157658588 -0.013002895819015991 -0.014442048193506939 0.011243878808835973 -0.0036205514275589289 0.0023528042255076542 0.009735150756485204 0.00020052117719983469 0.012558825221712993 0.0081112569657444764 0.022934879967004662 0.0048474548226160518 0.0084504632661902904 -0.0064483327227241715 0.012388724794604381 0.0052597626998868423 -0.0065224196204457085 -0.005004878054410568 -0.0045956823072082235 -0.0046139552878821663 0.0055126405743724056 -0.013831790457916618 -0.00018600597895661168 0.014808321364514638 0.0015525207161859657 -0.0003002707079791414 -0.012245738518281207 0.0033610928005088059 -0.00044850394307513762 -0.0058615577987941609 -0.003539518835623237 -0.0037461644333793846 0.010576395458958443 -0.0027554145157376595 0.0068266200307111995 -0.0049698773307286226 0.013900707507433106 0.0014707399166636903 0.016557824530731426 -0.014250866519066804 -0.0050128235522047633 0.0036034067781311411
leaf_weight=467 660 453 254 250 833 869 1927 692 1048 346 1177 491 272 491 426 424 347 537 288 1057 1176 260 397 357 254 1933 750 458 316 561 450 351 4855 412 859 305 342 611 278 827 250 503 3441 388 381 1522 555 774 4352 324 730 519 311 271 2592 330 682 620 598 473 307 610 1000 964 271 383 1035 411 728 252 292 2479 300 620 477 255 772 252 270 536 293 266 565 573 580 271 253 378 680 7073 304 460 1264 419 254 1064 469 288 280 502 913 1082 288 1727 452 313 498 264 2200 2199 264 251 413 484 502 2091 978 4907 416 1427 327 253 314 252 5535 420
leaf_count=467 660 453 254 250 833 869 1927 692 1048 346 1177 491 272 491 426 424 347 537 288 1057 1176 260 397 357 254 1933 750 458 316 561 450 351 4855 412 859 305 342 611 278 827 250 503 3441 388 381 1522 555 774 4352 324 730 519 311 271 2592 330 682 620 598 473 307 610 1000 964 271 383 1035 411 728 252 292 2479 300 620 477 255 772 252 270 536 293 266 565 573 580 271 253 378 680 7073 304 460 1264 419 254 1064 469 288 280 502 913 1082 288 1727 452 313 498 264 2200 2199 264 251 413 484 502 2091 978 4907 416 1427 327 253 314 252 5535 420
internal_value=-1.54173e-05 0.00404395 -0.000108993 -0.0023938 -0.00476479 -0.000629136 -0.00799932 7.28938e-05 0.00107468 0.000130129 -0.000263461 0.00150827 0.00193556 -0.000692977 0.00106912 -0.00301386 -0.00134775 -0.00314644 0.00134648 0.00453823 -3.32395e-05 -0.001038 0.00492506 0.0105789 0.00118211 0.00133676 0.00858439 0.00103879 -0.00126203 -0.0055169 0.00169089 -0.00100987 -0.00139133 0.000357714 -0.00228453 0.00213914 0.00598942 -0.00293938 0.00177104 0.00426315 0.00281282 -0.00453227 -0.00152987 -0.0015825 0.0035317 0.00156636 0.00175908 0.00285808 0.00352533 -5.62831e-06 -0.000863317 0.00565511 -0.00231438 -0.00157695 -0.00505191 -0.000872622 0.00100372 -5.33562e-06 -0.00422713 -0.00235673 -0.00459106 0.000111325 0.00170493 -0.007127 0.0027021 0.00426429 0.00274576 0.00483725 0.00890635 -0.00506246 -0.00139697 0.00157579 -0.000815886 -0.00236515 0.0013759 0.00864535 -0.00160065 -0.00338347 -0.00407998 -0.000715311 -0.00699034 -0.00872401 0.00478689 -0.0128135 -0.00486088 0.00256728 -0.00129608 0.000659498 -0.00256 0.00347536 0.00048068 0.00790715 0.0101482 0.00599848 0.0144 0.000365318 -0.00233321 0.00272574 -0.00165487 0.000106976 -0.00231389 -0.00860141 -0.0136588 -0.00295246 0.00101751 -0.00152967 -0.00550494 0.00189057 0.00299655 -0.00393354 -0.00160424 -0.00715676 -0.00892818 -0.0120728 0.00173417 -0.00209679 0.00546721 -0.00184617 -0.000872306 -0.00270188 0.00624255 0.00291863 0.00988634 -0.00652922 -0.00444377 -0.00306235
internal_weight=105897 2376 103521 7645 4927 2167 2760 95876 1917 95184 69246 13495 13004 55751 13594 3642 3151 2727 12180 3682 8498 7322 1327 824 25938 25592 1004 24588 42157 2349 2625 39808 35018 12084 4858 7226 2371 1788 4790 2779 2501 753 5374 785 2175 1794 19214 11852 10658 7362 6480 843 22934 17048 2863 14185 6255 5573 2182 7930 4169 3761 3151 1584 3391 2828 2557 2174 1139 563 2326 5328 2849 5995 1764 515 1249 4446 4194 1951 2243 1950 835 1091 1116 9952 1886 1615 1237 8066 984 2029 1569 1748 542 2821 1757 757 2011 1695 1415 1843 761 2019 1716 1263 811 2718 2464 4231 2463 1768 1517 1104 921 2549 5330 5637 2190 1774 882 7640 567 518 5886 1194
internal_count=105897 2376 103521 7645 4927 2167 2760 95876 1917 95184 69246 13495 13004 55751 13594 3642 3151 2727 12180 3682 8498 7322 1327 824 25938 25592 1004 24588 42157 2349 2625 39808 35018 12084 4858 7226 2371 1788 4790 2779 2501 753 5374 785 2175 1794 19214 11852 10658 7362 6480 843 22934 17048 2863 14185 6255 5573 2182 7930 4169 3761 3151 1584 3391 2828 2557 2174 1139 563 2326 5328 2849 5995 1764 515 1249 4446 4194 1951 2243 1950 835 1091 1116 9952 1886 1615 1237 8066 984 2029 1569 1748 542 2821 1757 757 2011 1695 1415 1843 761 2019 1716 1263 811 2718 2464 4231 2463 1768 1517 1104 921 2549 5330 5637 2190 1774 882 7640 567 518 5886 1194
is_linear=0
shrinkage=0.0667171


Tree=30
num_leaves=127
num_cat=0
split_feature=167 201 105 41 11 153 196 99 152 24 33 92 201 16 20 73 11 103 10 12 85 95 13 183 21 81 92 168 33 17 81 158 181 74 149 152 61 101 171 201 17 61 33 20 19 92 84 5 19 20 8 20 17 80 92 24 19 80 0 10 104 4 183 73 20 79 103 171 96 70 73 4 19 10 70 201 33 95 19 48 0 95 171 5 33 96 11 69 8 200 11 19 105 24 10 149 95 16 81 105 99 82 96 44 62 24 95 24 92 42 104 170 13 9 143 95 39 80 170 102 19 13 12 84 62 20
split_gain=11.7317 12.3351 11.2176 8.1892 8.37402 7.5366 7.84905 7.40585 6.95693 8.97861 11.7768 7.06666 7.88936 8.61297 7.77599 11.9878 11.8537 12.0929 10.8387 10.0598 9.61128 9.29975 8.90286 8.13585 8.09295 7.5379 7.48733 8.87314 7.317 7.30197 6.84787 9.73308 6.83932 6.77665 14.2997 7.32408 7.52585 6.77094 6.4831 6.44364 12.8258 18.61 12.1546 7.85711 8.51405 7.99402 10.2374 9.63822 7.6764 13.0397 12.3628 11.9013 9.5038 8.14607 11.1606 7.63641 8.89351 14.4668 11.2358 11.1881 10.7763 7.58765 8.67252 7.56474 8.70348 8.98772 8.7374 8.69523 7.36364 7.18555 7.11627 6.89794 6.75292 6.74581 8.48935 7.58525 8.64952 8.88987 7.58252 6.71706 7.09462 6.69579 6.68009 8.58487 8.6355 14.0656 8.51797 8.28329 7.80946 7.68929 8.63467 7.86065 8.96448 7.40479 7.24616 8.78174 7.71992 10.754 17.8774 8.66773 7.65121 6.97064 6.75037 6.58213 6.54604 7.46435 6.45176 6.44436 6.50303 8.00253 7.65279 6.4203 7.86411 6.3576 6.3121 6.26783 7.19064 6.2198 6.54866 6.21328 6.15931 6.07356 6.06911 9.49159 6.3942 10.7356
threshold=0.88353800773620617 -0.11243661120533942 -1.079591631889343 0.13744643330574038 -0.065357580780982957 0.46333570778369909 0.011466311756521465 -0.30850817263126368 0.32755853235721594 0.043077599257230766 0.42739604413509374 -0.19770786166191098 0.048346141353249557 0.035451158881187446 -0.24021986126899716 -0.34419086575508112 -0.10511104390025137 0.19335894286632541 0.86900088191032421 0.98597595095634472 0.28222382068634039 0.11867989227175714 -0.52326121926307667 -0.64038866758346547 -0.36867536604404444 0.11810947209596635 -0.29026220738887781 0.0097245336510241049 -0.099208462983369813 0.0066153735388070354 0.04617008566856385 -0.051367804408073418 -0.26017600297927851 -0.042791517451405518 0.0089250542223453539 0.038766836747527129 0.061314791440963752 0.019670301117002967 0.15747153759002688 -0.21735192090272901 -0.34033221006393427 0.62389379739761364 0.58341172337532055 -0.12771724909543988 0.54693108797073375 0.0042753648012876519 0.047551721334457404 0.37500000000000006 0.018406006507575515 0.1431689262390137 -0.18727608025074002 0.16250384598970416 -0.04454591125249862 0.0069333419669419536 0.0021794399945065383 0.60815599560737621 -0.13089796900749204 -0.018445782363414761 0.046875000000000007 -0.14835456013679502 -0.006971553433686494 -0.49624775350093836 0.11483233422040941 0.53479239344596874 0.58276876807212841 0.29985226690769201 -0.075507774949073778 0.6771012842655183 0.29427167773246771 -0.12157537415623663 -0.21862589567899701 0.14837970584630969 0.52245265245437633 0.24706394225358966 -0.36256285011768336 0.44711853563785559 -0.24812665581703183 0.12200894951820375 -0.071751996874809251 -0.013981573283672331 -0.27982954680919642 0.16694900393486026 0.16578846424818042 1.0000000180025095e-35 0.46155969798564916 -0.11698104068636893 0.24056420475244525 0.080864068120718016 -0.070119716227054582 0.015254359226673843 0.06786613911390306 0.040493907406926162 -0.0024869058979675169 -0.002574578626081347 -0.016643485985696312 0.15324525535106662 -0.0058321321848779908 -0.011538757942616938 -0.094918061047792421 -0.059729674831032746 0.068007696419954314 -0.12471557036042212 -0.12139586359262465 0.088473673909902587 0.0026288117514923219 0.4628943949937821 -0.11823861300945281 0.29894857108592993 0.10820364952087404 0.59162995219230663 0.043123112991452224 0.091934040188789382 -0.12295695021748541 0.20172820985317233 0.35592281818389898 -0.35616914927959437 0.0065852913539856681 -0.11025324091315268 0.16885662823915484 0.012560424860566856 0.12924630194902423 -0.39968571066856379 0.37493416666984564 -0.068280197679996477 0.42323869466781622 -0.03561871871352195
decision_type=2 2 2 2 2 2 2 2 2 2 2 2 2 2 2 2 2 2 2 2 2 2 2 2 2 2 2 2 2 2 2 2 2 2 2 2 2 2 2 2 2 2 2 2 2 2 2 2 2 2 2 2 2 2 2 2 2 2 2 2 2 2 2 2 2 2 2 2 2 2 2 2 2 2 2 2 2 2 2 2 2 2 2 2 2 2 2 2 2 2 2 2 2 2 2 2 2 2 2 2 2 2 2 2 2 2 2 2 2 2 2 2 2 2 2 2 2 2 2 2 2 2 2 2 2 2
left_child=2 -2 -1 5 -5 7 -7 38 11 -10 -11 12 26 29 15 16 20 25 21 39 23 33 -23 -13 -24 -18 27 -9 37 -14 -25 -32 -8 34 114 -35 -37 -26 -4 40 68 42 48 44 45 46 -41 81 61 50 -50 -51 53 -52 -55 63 58 59 -57 -58 -59 -42 103 64 65 67 -67 73 -16 -65 -43 -49 -53 74 79 78 -77 -78 -75 121 -81 -47 83 94 86 -86 89 -87 120 91 93 92 -85 -91 95 96 100 98 102 -100 -76 -97 -98 104 105 -63 -82 108 109 110 -94 112 -48 115 -17 116 -96 -30 -119 -12 -84 -45 124 -124 -80 -126
right_child=1 -3 3 4 -6 6 32 8 9 10 119 14 13 -15 19 18 17 -19 -20 -21 -22 22 24 30 28 -27 -28 -29 117 -31 31 -33 -34 35 -36 36 -38 -39 -40 43 41 70 -44 55 -46 47 111 71 49 51 52 72 -54 54 -56 56 57 60 -60 -61 -62 62 -64 69 -66 66 -68 -69 -70 -71 -72 -73 -74 75 82 76 77 -79 122 80 106 -83 88 84 85 87 -88 -89 -90 90 -92 -93 107 -95 113 101 97 -99 99 -101 -102 -103 -104 -105 -106 -107 -108 -109 -110 -111 -112 -113 -114 -115 -116 -117 -118 118 -120 -121 -122 -123 123 -125 125 -127
leaf_value=-0.0076751852860945892 0.012971516954799147 0.0019077141941602079 -0.0020577112416884148 -0.002975824951501586 -0.00020156941717225783 -0.0049936134967445284 0.0095255173304626007 0.012681605508580041 0.0063851563849138598 -0.0088962263502763896 0.011453544343600866 -0.011749506650194537 0.0094442314756955133 -0.0028933346974410619 0.019011315503585501 -0.0012354912011000221 0.0051276641151131444 -0.00076198526552243571 -0.014467889350313984 -0.010809966652043855 0.0097018690470078734 0.005832703611916925 -0.015734558634570201 -0.0076361253591548462 0.0082087972765724077 0.016763588352683871 -0.0028941562868208363 -0.0037838487385119459 -0.016076325978072101 -0.0031691564317131585 -0.005796092435189003 0.0068778082846652471 -0.001104387100111532 -0.013295884985972612 0.015450097739182489 0.007356342158277877 -0.0058641284922633019 -0.0065349754201510755 -0.01339421605435992 0.0054008090600292198 0.010203600819330262 -0.0024906763755514587 0.011597666506410989 0.0046225117362511964 -0.0068358286322174324 0.0073464929565074033 -0.015415041923021179 0.0069701271429529546 0.015957990015236345 -0.011783099204034735 0.0082615544917686613 0.0057788701602521642 0.0098016922770577768 -0.010380424676461306 0.0054930068121303273 -0.005850956593109316 -0.02539549522709577 0.0097106992170825548 0.010375039059758737 -0.0060646680332115651 -0.0089539691464814806 -0.0034794889107546676 -0.010336306041825276 -0.013637292548477113 0.010089117998153901 -0.00044704790727811028 0.0063374103322753721 0.0094377821243285601 0.005960553943614718 0.00012929545026042305 -0.01842016495672651 -0.0085310625438869987 -0.0061162666724524735 0.0048065990172709303 -0.005665988084884676 0.013587661933547678 0.0058072736228070715 -0.0083046188698847126 -0.0073767448326811985 -0.013889689567904363 0.0042922377672963731 0.017856112603579079 0.0039407008907847577 0.013952542522410868 -0.009559676975423077 0.010574124998047812 -0.0036479153926038655 -0.0043306458157312379 -0.0047489235219098421 -0.010691286458198185 0.0091728225778272224 0.014490676937952538 0.0098786968217525195 0.0026613395596768387 0.0070316527168358426 -0.0027102407253651478 -0.019130931093348447 0.004794773130249343 0.009686468081318381 -0.0041545382083693298 0.0027753730881365404 0.0077605244152831329 -0.0042936897311059551 -0.0056385704340121924 0.0055873965766290506 0.0085751344289182081 -0.0063584944970132068 0.011380620355856979 0.0085761860984117175 -0.01171937976748102 -0.0057959856736896787 0.0051233348722168927 -0.0010997230188371416 -0.0035337985471779049 0.0083855999050344576 0.0054763286364615995 -0.0039711199737928853 -0.00066520605847220809 -0.0134696355128249 -0.000772340821302523 -0.0067154195801489031 -0.0032665658522350533 -0.0071203259496128149 0.0091012269690392 -0.010303076065952979 0.0013538844059947065
leaf_weight=846 597 1816 1490 7233 14731 2326 331 309 1993 487 317 370 833 742 291 2317 519 651 326 313 310 271 378 459 297 492 6730 266 307 263 433 698 1372 305 294 291 543 253 264 1255 288 254 622 800 332 1123 290 254 523 351 404 741 855 442 348 398 257 263 356 285 282 1205 391 316 439 1331 2263 452 595 346 252 250 292 497 2503 266 461 344 2056 359 355 364 1220 489 508 439 425 259 1692 297 444 672 287 472 392 412 311 1439 410 386 582 862 253 689 1099 278 840 355 358 262 260 261 421 614 346 2747 794 552 263 425 296 941 277 370 482 1263
leaf_count=846 597 1816 1490 7233 14731 2326 331 309 1993 487 317 370 833 742 291 2317 519 651 326 313 310 271 378 459 297 492 6730 266 307 263 433 698 1372 305 294 291 543 253 264 1255 288 254 622 800 332 1123 290 254 523 351 404 741 855 442 348 398 257 263 356 285 282 1205 391 316 439 1331 2263 452 595 346 252 250 292 497 2503 266 461 344 2056 359 355 364 1220 489 508 439 425 259 1692 297 444 672 287 472 392 412 311 1439 410 386 582 862 253 689 1099 278 840 355 358 262 260 261 421 614 346 2747 794 552 263 425 296 941 277 370 482 1263
internal_value=6.86919e-05 0.00466427 -3.85804e-05 2.44027e-05 -0.00111679 0.000336809 -0.00247296 0.000485659 0.000586875 0.00361926 -0.000836912 0.000449355 -0.00128093 0.00261424 0.000704286 -0.000932693 0.00198901 0.00626923 -0.00264182 0.00104415 -0.00113097 -0.00203178 -0.0054034 -0.00287243 -0.00691395 0.010832 -0.00226646 0.00499999 -0.00488694 0.00637755 -0.000775308 0.00199017 0.000949137 -0.000111588 0.00156427 -0.00448465 -0.00120661 0.00135344 -0.00379299 0.00111774 0.00264566 0.00188936 0.00263041 0.000749747 0.00336508 0.00418045 0.00141571 0.00725373 0.00191811 0.00399469 0.00680485 -0.00120172 0.00444243 0.000567692 -0.00334094 0.000424769 -0.00375678 -0.0076202 0.00176423 -0.015315 -1.39564e-05 -0.000153943 -0.00098385 0.000646542 0.000784098 0.000661626 0.0038149 0.000285066 0.0103006 -0.00639489 -0.0104897 -0.000639804 0.00237263 0.000144202 0.000651008 -0.00184927 0.00321871 -0.000183558 -0.00295537 -0.00248685 -0.00567361 0.0099555 0.00115874 0.00168009 0.00384776 -0.0011159 0.0052421 0.00498378 -0.00163002 0.00622365 0.00178198 0.00821892 0.00609816 -0.00245944 0.00065334 -0.00066586 -0.00175739 0.000768522 -0.00346556 0.00292815 -0.00405978 0.00434205 -0.0125382 0.000129527 0.00168559 -0.00118523 -0.00316398 0.00353894 0.00110896 -0.00217021 0.00236148 -0.00369738 -0.00700034 0.00273663 8.49982e-06 0.00372666 -0.000296471 -0.00797485 -0.00486093 0.00441137 0.00182793 0.000338814 -0.00383301 0.00209193 -0.00485217 -0.00185642
internal_weight=105568 2413 103155 102309 21964 80345 4029 76316 74562 3222 1229 71340 9143 1838 62197 10675 3932 1662 6743 51522 2270 6417 2321 1960 2050 1011 7305 575 1672 1096 1590 1131 1703 4096 2957 1139 834 550 1754 51209 9920 9034 8528 41289 4550 4218 2227 1991 7906 3956 2572 1384 2049 1194 790 36739 1841 1087 754 542 545 3950 3662 34898 34236 33797 3594 30203 886 662 506 504 1033 29751 23735 6016 1071 805 4945 3295 1554 1487 20440 17232 5527 1206 4321 698 3208 3896 1213 2683 2011 769 11705 7158 5884 2799 1360 796 3085 1274 564 3271 2582 1483 1195 1522 1167 809 547 972 711 4547 2663 3933 1186 1122 815 742 1516 1741 4448 647 3801 1745
internal_count=105568 2413 103155 102309 21964 80345 4029 76316 74562 3222 1229 71340 9143 1838 62197 10675 3932 1662 6743 51522 2270 6417 2321 1960 2050 1011 7305 575 1672 1096 1590 1131 1703 4096 2957 1139 834 550 1754 51209 9920 9034 8528 41289 4550 4218 2227 1991 7906 3956 2572 1384 2049 1194 790 36739 1841 1087 754 542 545 3950 3662 34898 34236 33797 3594 30203 886 662 506 504 1033 29751 23735 6016 1071 805 4945 3295 1554 1487 20440 17232 5527 1206 4321 698 3208 3896 1213 2683 2011 769 11705 7158 5884 2799 1360 796 3085 1274 564 3271 2582 1483 1195 1522 1167 809 547 972 711 4547 2663 3933 1186 1122 815 742 1516 1741 4448 647 3801 1745
is_linear=0
shrinkage=0.0667171


Tree=31
num_leaves=127
num_cat=0
split_feature=30 167 105 69 201 182 21 180 151 33 12 13 82 180 3 167 3 3 81 158 16 16 21 12 82 12 0 153 12 183 3 24 97 169 179 33 198 157 11 12 5 21 95 95 4 16 3 18 151 180 18 160 4 4 33 10 12 24 197 12 98 157 9 22 66 21 13 4 13 152 62 97 33 18 171 18 95 89 37 102 105 18 104 150 95 11 4 181 84 16 18 92 12 201 12 165 103 10 80 105 16 81 152 105 81 96 183 81 92 21 4 149 81 157 3 149 153 81 164 185 21 147 41 158 10 151
split_gain=10.4371 7.26593 9.21268 8.10769 7.1905 6.99437 6.90637 6.99833 6.94538 6.62447 12.5257 10.0993 9.89506 7.82292 6.61968 6.58097 6.42384 15.6955 14.0851 8.338 9.04451 6.69277 9.34709 8.50704 11.6434 10.2436 8.63866 7.65649 6.7944 10.3185 7.86186 6.72868 7.02662 6.97067 7.05837 7.5179 9.93632 12.0813 7.49362 7.70193 7.51064 8.21546 6.95812 10.3884 8.83197 8.65841 8.48336 6.85684 10.7366 7.46247 6.82519 6.81761 6.69148 6.4661 7.87793 6.93655 6.39522 6.33841 7.75095 7.46229 6.33132 6.26187 5.92685 5.87397 5.84523 5.84281 6.8476 8.46875 16.3729 6.64333 6.46462 11.8147 6.35989 8.37066 6.36503 9.56468 5.83235 5.82275 5.81568 5.79371 6.4362 5.78229 8.25224 6.23266 5.64773 5.64691 7.51858 6.57057 5.58333 7.75198 8.91004 5.67759 5.57282 5.67526 5.56576 9.91565 6.93518 6.02032 9.84622 7.46687 5.53093 7.51534 5.52656 5.52077 5.49449 5.47974 5.44637 5.41984 5.34957 7.82008 6.67226 6.12676 5.28411 5.22674 8.14611 6.32831 5.11997 5.1072 5.07623 5.0565 5.02934 5.74432 8.44223 6.68393 5.12575 4.98779
threshold=-0.088439904153347002 0.97915107011795055 -0.9471675157546996 -1.4842233657836912 -0.07741514220833777 0.76043155789375316 -0.83425775170326222 -0.33081507682800287 0.52876231074333202 -0.3040971159934997 0.89210075139999401 -0.41900821030139918 -0.012041983194649218 -0.63105154037475575 -0.33851151168346399 -0.30140949785709376 -0.41864693164825434 -0.45529152452945704 -0.094918061047792421 -0.44703184068202967 0.19049435853958133 -0.27085889875888819 -0.31899510324001307 -1.0000000180025095e-35 -0.035971203818917268 0.29536348581314092 0.0071022729389369496 -0.16319248080253598 0.12994275987148288 0.19990611076354983 -0.23870303481817243 -0.21331460028886792 0.67334863543510448 -0.13523717969655988 0.33070957660675054 -0.065089240670204149 0.076928045600652709 0.096367403864860549 0.15465257316827777 0.29780194163322454 -1.0000000180025095e-35 0.22382055222988131 0.24358858913183215 0.15640333294868472 -0.50800451636314381 -0.051196411252021783 -0.31995254755020136 0.13006787747144702 0.13483815640211108 0.14492132514715197 0.36028486490249639 0.024926674552261833 0.39791251718997961 -0.052903147414326661 -0.013297697529196737 -0.18264105916023252 -0.032346881926059716 0.44654141366481787 -0.014595144893974064 -0.22724097967147824 0.37064610421657568 -0.20810034871101377 -0.1406440585851669 -0.0085817556828260404 0.21933607012033465 0.2009820491075516 -0.15134371817111966 -0.46789334714412684 0.08980713784694673 0.20482141524553302 0.41167192161083227 0.069121398031711592 0.039968708530068404 -0.083368375897407518 -0.070455037057399736 0.084646522998809828 -0.27166181802749628 0.15805485844612124 0.04806815832853318 -0.35860668122768397 -0.180432453751564 -0.3290975540876388 0.080982904881238951 -0.21570552140474317 0.040917484089732177 -0.1516463756561279 -0.12514853850007054 -0.0078747789375483972 0.043936593458056457 0.14920457452535632 0.016325897537171844 0.18958017230033877 0.43131081759929663 -0.087956961244344697 0.48140239715576177 0.046636985614895828 0.082207083702087416 0.09310250356793405 0.58070150017738353 0.25140705704689031 0.31927785277366644 0.18705322593450549 0.019792195409536365 0.068399753421545043 0.095439579337835326 0.66693753004074108 -0.088392756879329668 0.043631728738546378 0.17602744698524478 -0.19184012711048123 0.43807719647884374 0.25886125862598425 0.1479742228984833 -0.11277315765619277 0.40927968919277197 0.15943887084722522 0.099668819457292571 0.086474772542715087 -0.0012807545717805622 0.06342844665050508 0.43177813291549688 -0.09467137977480887 0.047744831070303924 0.11890414357185365 -0.24257482588291165 0.20777918398380282
decision_type=2 2 2 2 2 2 2 2 2 2 2 2 2 2 2 2 2 2 2 2 2 2 2 2 2 2 2 2 2 2 2 2 2 2 2 2 2 2 2 2 2 2 2 2 2 2 2 2 2 2 2 2 2 2 2 2 2 2 2 2 2 2 2 2 2 2 2 2 2 2 2 2 2 2 2 2 2 2 2 2 2 2 2 2 2 2 2 2 2 2 2 2 2 2 2 2 2 2 2 2 2 2 2 2 2 2 2 2 2 2 2 2 2 2 2 2 2 2 2 2 2 2 2 2 2 2
left_child=77 2 -2 -4 -3 6 7 -5 9 11 15 14 -12 63 -8 81 17 79 -19 20 53 22 28 24 -24 26 27 -25 -21 30 -30 85 33 50 35 36 37 61 39 40 41 47 43 44 -42 -45 -44 49 57 51 -33 -37 56 55 -55 -18 112 58 -49 -60 65 103 -28 -13 -48 66 78 68 -68 70 71 72 74 -74 -69 -76 -40 -1 -46 -17 -81 -11 83 -83 -32 86 87 -23 89 -10 -91 -90 93 -20 95 97 -97 -15 99 117 105 -102 -57 -35 -16 -96 -27 -71 109 -87 111 -111 -36 114 115 116 -78 -99 -115 -51 121 122 -82 -124 -123 -39
right_child=1 4 3 5 -6 -7 8 -9 88 10 12 13 -14 94 104 16 19 18 92 21 -22 31 23 25 -26 106 62 -29 29 -31 84 32 -34 34 52 38 -38 125 76 -41 42 -43 46 45 60 -47 64 48 -50 119 -52 -53 -54 54 -56 102 -58 -59 59 -61 -62 -63 -64 -65 -66 -67 67 69 -70 107 -72 -73 73 -75 75 -77 113 -79 -80 80 120 82 -84 -85 -86 108 -88 -89 91 90 -92 -93 -94 -95 100 96 -98 98 -100 -101 101 -103 -104 -105 -106 -107 -108 -109 -110 110 -112 -113 -114 118 -116 -117 -118 -119 -120 -121 -122 124 123 -125 -126 -127
leaf_value=0.0016380118607624877 -0.0082125937771360281 0.012093820009190698 0.0097701764561357266 -0.014577094069518707 0.0012508272998867764 0.0077119124259295525 0.0046784723495024907 -0.0012377779442655839 0.0040777346669893712 0.0097575356787604432 -0.018569033657984069 0.0034225907764009146 -0.0015660290636901513 0.012413571711594917 -0.00014778542553825139 -0.01008267027838201 0.014097241309663441 -0.012345132472698717 0.0049564759573741237 -0.0095583633042619007 -0.0049142671930133691 0.0045470533350479821 -0.01002948143709592 -0.0046113821230173479 0.0076865409561890519 0.0050989214530996405 0.0080150004762888256 0.0080709387460882742 -0.0048450396888214831 -0.011137303355239598 -0.0018466759682283032 0.0010976875751220062 0.0098204876185469057 0.010624351475921711 0.0052652318808051176 -0.0046837141339345035 -0.0036573433263581423 0.0052407934098575313 0.0034573289320187187 -0.0095965085875124086 0.010798953407742793 0.0056899871720521274 0.014148190919276384 -3.4798107913878891e-05 0.00081937686653839293 -0.016472422665873232 0.0060988973986548112 -0.0068794634778431597 -0.011362660236586157 -0.011632123390005623 0.011147547404063133 0.0012558000217709321 -0.0054245439692187985 0.0086471891169078371 -0.0037712340510771972 0.0092661846823662956 -0.00059207862864812401 0.0081617675924032553 0.011756971835071857 -0.002864150365226286 0.01010067300934768 -0.0016411984050627461 0.020006790368002934 -0.0091814222921503472 -0.0061863507994688368 -0.0069890451870999754 0.0068236010271244558 0.0072109612083670763 -0.015328989690139088 -0.0060390572832614633 -0.004572213068060574 0.018582220242744092 -0.0022630352555992922 0.0090013345751800023 0.0053226502374815439 -0.011362571671755394 0.00019858201800012119 -0.00053918318835021438 -0.005039839572434918 0.0047328923981029445 0.0049393751132054227 0.01303036956603151 -0.0052582996632717137 0.0018458897909048096 0.0098722998131146721 0.0092562293949708593 -0.013977553184302785 -0.0096294663379754356 -0.014381812963791584 0.0016648915330818167 -0.011284117974436058 -0.0030789408694362128 -0.011111042227271748 -0.00375513847450477 0.017799570011985563 0.0013232083304720952 -0.012134513899392033 -0.0037418337014709325 0.010272503358867728 -0.01000052769217606 0.011871830150392126 -0.0031363054513834526 -0.0014212302954884888 0.00035887808181072771 -0.012405588617225585 0.0050664431908596574 -0.0069296139182572049 0.0051329842758550074 -0.0082961807287269228 -0.0041656333306153235 0.0072196119000836247 0.0042080381564427623 0.017061711829462662 -0.0034890028206631127 -0.010736472980897879 -0.0037746399600516703 0.013222330904424113 0.0090179618728376057 -0.0088925184159910561 -0.0013474535431724124 -0.0089277314361328637 0.004159181248693202 -0.0041931834445465945 0.0042136040391284732 -0.0033676367823838693 0.015113235754447438
leaf_weight=21338 680 389 342 309 917 458 260 411 622 457 302 296 312 407 270 273 515 1062 476 395 488 293 388 288 281 317 388 752 400 287 252 5290 293 399 476 2870 1663 1433 421 455 341 514 338 257 1352 309 441 476 291 851 317 1214 283 358 608 450 419 568 307 303 259 2626 372 356 277 560 257 309 339 585 327 266 376 1242 255 366 279 7321 1674 1009 1601 284 572 1020 611 301 442 280 385 420 523 422 291 1077 368 414 281 250 526 288 261 331 399 570 424 268 346 282 505 2550 317 452 271 1593 304 496 264 302 1559 292 332 454 1354 604 3194 275
leaf_count=21338 680 389 342 309 917 458 260 411 622 457 302 296 312 407 270 273 515 1062 476 395 488 293 388 288 281 317 388 752 400 287 252 5290 293 399 476 2870 1663 1433 421 455 341 514 338 257 1352 309 441 476 291 851 317 1214 283 358 608 450 419 568 307 303 259 2626 372 356 277 560 257 309 339 585 327 266 376 1242 255 366 279 7321 1674 1009 1601 284 572 1020 611 301 442 280 385 420 523 422 291 1077 368 414 281 250 526 288 261 331 399 570 424 268 346 282 505 2550 317 452 271 1593 304 496 264 302 1559 292 332 454 1354 604 3194 275
internal_value=-5.27661e-06 -0.000411614 -0.000497543 -0.000426623 0.00451361 -0.00047427 -0.000525699 -0.00701689 -0.000461166 -0.000341634 -0.000525666 0.00192457 -0.00998787 0.00329294 -0.00426598 -0.000435281 -0.000565523 -0.00197324 -0.00622446 -0.000239965 0.00328363 -0.000447659 0.00184043 0.00409871 -0.00252405 0.00591434 0.00852565 0.00452407 -0.0017773 0.000191349 0.00280856 -0.000719164 -0.000410018 -0.000491434 -0.000873615 -0.00109111 0.00082997 0.00224491 -0.00166282 -0.00104663 -0.000828721 -0.00241076 0.000336116 -0.000239991 0.000320866 -0.00897791 0.00546322 -0.00299809 0.000366009 -0.00425658 0.00167527 -0.00290987 0.00366553 0.00502085 0.000809266 0.00797799 0.00591343 0.00246423 -0.000491277 0.00444026 -0.000100668 4.09492e-05 0.0139436 -0.0034006 0.00131253 -0.000430029 4.87648e-05 0.00167296 -0.00570888 0.00278232 0.00421271 0.00525018 0.00383298 0.00635805 -0.000526332 -0.00444951 -0.00398049 0.0010806 -0.00241065 -0.000568113 -0.000257736 0.00303924 0.00137887 0.00431953 0.00640413 -0.00298425 -0.00744664 -0.00233752 -0.00401124 -0.00166079 -0.00548115 -0.0085207 -0.00267657 -0.00106068 0.00448533 0.00263797 -0.00407567 0.00529068 0.00313336 -0.00131143 0.00816428 0.00344586 0.00421302 0.00462513 -0.00768409 0.0124957 -0.00111813 -0.00235444 -0.00187605 -0.000966952 -0.00190966 -0.00289029 0.00960895 -0.00468728 -0.00117263 0.00161258 0.00659816 0.00317307 -0.00617408 -0.00902937 -0.000931266 -0.000555891 0.00134436 -0.00157874 -0.00241866 0.00686045
internal_weight=105332 76673 75367 74687 1306 74345 73887 720 73167 70795 65493 5302 614 4348 954 64879 62546 11727 2906 50819 2818 48001 5077 3132 669 2463 1800 1040 1945 1550 1263 42924 37784 37491 31884 30435 6966 5303 23469 18553 18098 7686 10412 9356 8790 566 1056 7172 1945 5227 5607 4084 1449 2330 966 1364 1166 1654 1086 610 8449 3595 760 652 718 8190 7630 4604 596 4008 3141 2814 2548 1618 930 621 4916 28659 3026 8821 8548 2333 1876 1304 863 5140 1015 573 2372 1565 943 807 1844 1553 3696 2468 695 1773 1366 840 1228 592 849 969 694 636 663 867 4125 3620 3319 3002 747 4495 1343 1039 543 552 3152 1143 7539 7207 3559 1958 3648 1708
internal_count=105332 76673 75367 74687 1306 74345 73887 720 73167 70795 65493 5302 614 4348 954 64879 62546 11727 2906 50819 2818 48001 5077 3132 669 2463 1800 1040 1945 1550 1263 42924 37784 37491 31884 30435 6966 5303 23469 18553 18098 7686 10412 9356 8790 566 1056 7172 1945 5227 5607 4084 1449 2330 966 1364 1166 1654 1086 610 8449 3595 760 652 718 8190 7630 4604 596 4008 3141 2814 2548 1618 930 621 4916 28659 3026 8821 8548 2333 1876 1304 863 5140 1015 573 2372 1565 943 807 1844 1553 3696 2468 695 1773 1366 840 1228 592 849 969 694 636 663 867 4125 3620 3319 3002 747 4495 1343 1039 543 552 3152 1143 7539 7207 3559 1958 3648 1708
is_linear=0
shrinkage=0.0667171


Tree=32
num_leaves=127
num_cat=0
split_feature=69 11 73 183 107 1 201 183 84 15 97 95 97 95 12 1 81 101 17 159 198 201 73 99 99 33 17 169 16 66 84 169 70 61 18 171 17 95 155 105 158 70 197 187 15 180 59 18 70 82 196 73 158 73 97 73 85 9 3 84 129 164 61 66 201 18 19 84 18 3 19 151 80 110 10 97 15 11 104 169 12 198 16 80 73 161 81 95 164 73 18 8 73 24 21 73 151 104 161 19 164 97 12 97 18 62 15 73 36 79 82 1 61 21 73 21 150 97 19 196 10 42 18 42 42 74
split_gain=9.75241 11.3244 9.16897 9.85547 9.09905 9.00049 7.22964 8.59201 10.2583 10.103 8.72096 11.7028 11.2414 12.4108 11.506 9.3072 9.97332 8.48129 8.0522 7.93811 7.81057 7.74965 10.0993 7.57857 9.95033 7.55669 8.34522 7.52297 7.72212 7.17415 7.17366 6.77521 6.71707 6.61328 16.8914 6.53906 7.65484 6.51425 6.39967 6.35805 8.9716 6.27504 7.69689 6.22092 6.19943 6.01794 6.65775 5.91036 5.82946 5.7817 5.77001 5.82299 5.7476 12.6758 7.25285 5.85293 5.62169 5.61833 5.40756 5.3969 5.27599 5.14501 5.09779 5.06493 5.10957 9.50492 5.66477 5.27678 5.046 5.04079 6.33512 8.61025 5.02652 5.01529 5.1632 6.7024 4.99414 5.58091 6.23972 5.48476 5.01341 4.9828 4.89646 7.04008 8.72294 7.2638 5.45677 9.69498 10.8409 9.97747 8.0782 7.10937 6.15951 11.9516 11.6403 8.66346 7.58993 6.94395 7.2043 5.68507 5.02963 6.15776 5.53194 11.0259 11.2346 15.6886 8.98807 8.39411 7.07278 6.62141 7.20445 8.28235 8.7392 6.1476 10.2117 7.93592 6.57442 5.94749 6.35674 5.88544 6.72183 5.64366 5.44482 5.10669 5.91779 6.01528
threshold=-1.4842233657836912 -0.85563376545906056 -1.2452499270439146 -0.47765994071960444 -0.079461157321929918 -0.24289772659540174 -0.69461253285408009 -0.040104636922478669 0.20410019159317019 0.69539231061935436 0.087052330374717726 0.11867989227175714 0.59213992953300487 -0.10951635614037512 0.33378362655639654 -0.24857954680919644 -0.13088197261095044 0.029116668738424781 0.22247789055109027 -0.19918140023946759 0.27730192244052893 -0.064998444169759736 -0.5804457664489745 0.31862820684909826 0.41418969631195074 -0.15224113315343854 -0.08121809363365172 -0.14126460999250409 0.14920457452535632 0.119667686522007 0.41987602412700659 0.095092315226793303 0.29118363559246069 0.43552464246749883 -0.61250972747802723 0.46678540110588079 0.49137125909328466 0.12200894951820375 -0.02406411804258823 0.21193867921829226 0.018135352060198787 -0.23508800566196439 -0.37437942624092096 0.071724168956279769 0.033853847533464439 -0.39540390670299524 0.19185777008533481 0.10598503425717355 -0.093540303409099565 -0.056819276884198182 0.00091141488519497227 -0.34419086575508112 -0.44703184068202967 0.29323460161685949 -0.14369624108076093 0.087861333042383208 0.65909925103187572 0.080148801207542433 0.44795000553131109 -0.18763499706983564 0.18821280449628833 -0.040376804769039147 0.030973452143371109 0.38925124704837805 -0.16790798306465146 -0.022662335075438019 0.12924630194902423 0.31398293375968939 -0.037884617224335664 -0.50058883428573597 0.0044466026592999705 0.043148091062903411 0.53898024559021007 -0.0015292238094843922 0.49041225016117101 0.0041335558053106078 -0.11614615097641943 -0.13800794631242749 0.039192017167806632 0.186237707734108 0.076370920985937132 -0.058371545746922486 -0.53414788842201222 0.068543292582035079 0.054154047742486007 -0.02236528322100639 0.43506842851638799 -0.32946144044399256 0.49186263978481298 0.075623981654644026 -0.15630872547626493 -0.532373547554016 -0.1056157425045967 0.22092302143573764 -0.46182708442211146 -0.11598459258675574 0.14660722017288211 -0.17332896590232846 -0.15413977950811383 0.68853217363357555 0.28742338716983801 0.31505945324897772 -0.11277046427130698 -0.041181864216923707 -0.12176372483372687 0.24868559092283252 -0.22230000048875806 -0.080231588333845125 0.59507042169570934 -0.040916638448834412 -0.39925093948841089 -0.30539773404598231 -0.094184573739767061 0.065908648073673262 0.14633584022521975 0.10866558179259302 -0.134448766708374 0.35506355762481695 -0.11523995175957678 0.12849295884370807 -0.045657206326723092 0.43262380361557012 -0.049812914803624146 0.86840817332267772 0.59162995219230663 -0.036470264196395867
decision_type=2 2 2 2 2 2 2 2 2 2 2 2 2 2 2 2 2 2 2 2 2 2 2 2 2 2 2 2 2 2 2 2 2 2 2 2 2 2 2 2 2 2 2 2 2 2 2 2 2 2 2 2 2 2 2 2 2 2 2 2 2 2 2 2 2 2 2 2 2 2 2 2 2 2 2 2 2 2 2 2 2 2 2 2 2 2 2 2 2 2 2 2 2 2 2 2 2 2 2 2 2 2 2 2 2 2 2 2 2 2 2 2 2 2 2 2 2 2 2 2 2 2 2 2 2 2
left_child=38 2 -2 -4 35 -5 33 8 9 10 11 17 23 -14 -15 16 -13 18 -8 -11 31 -10 -23 32 29 -19 58 62 -29 44 -24 59 43 41 -35 37 -37 50 -1 52 -41 -6 -43 76 -25 -26 -47 -20 -30 -16 51 -3 53 54 -9 -56 82 -44 -27 -21 -17 -32 -28 64 65 66 -52 -66 -18 70 71 -39 -48 -53 75 -75 -12 78 -78 80 -79 -42 83 -54 85 -85 92 90 89 91 -88 -89 93 95 -95 97 99 -84 -99 100 102 122 103 108 107 106 -106 -105 113 110 -104 -112 -113 116 115 -115 -94 118 -107 123 -121 -108 -102 124 -118 -126
right_child=1 4 3 5 6 -7 7 39 21 19 12 15 13 14 49 60 68 25 47 20 -22 22 30 24 45 26 27 28 48 -31 61 -33 -34 34 -36 36 -38 69 -40 40 81 42 57 -45 -46 46 72 -49 -50 -51 63 73 56 -55 55 -57 -58 -59 -60 -61 -62 -63 -64 -65 67 -67 -68 -69 -70 -71 -72 -73 -74 74 -76 -77 77 79 -80 -81 -82 -83 86 84 -86 -87 87 88 -90 -91 -92 -93 96 94 -96 -97 -98 98 -100 -101 101 -103 109 104 105 117 121 -109 -110 -111 111 112 -114 114 -116 -117 119 -119 -120 120 -122 -123 -124 -125 125 -127
leaf_value=0.01437372362464504 0.0045314821879967222 0.0092879596520612558 -0.016566852800413437 -0.011639936990578113 0.0086148784932378493 0.0022804843691714254 0.005718260532767229 0.0090620916964810703 0.0060909396717340894 -0.015686284401624746 0.01027807712144722 -0.011395214973235063 0.0070727400058542894 -0.015739784643870779 0.002559151465432273 -0.0055962198195944638 0.0067638127128584443 -0.0064391109794304921 -0.0040462164232335403 -0.0083500940694653802 0.0064511332821758326 0.012666369964926585 0.0018017116366465221 0.0050275880382458452 0.011570781274423854 0.0021629587678400619 0.008424061641178919 -0.00042208390282243543 0.00090871799391987302 -0.011830732802170106 0.0012257097443545103 -0.011574403915609308 0.0093741994246388134 0.0011879659236928933 -0.015111193056843187 0.0062475804693018127 -0.0052063180733597442 0.0056471759382923578 0.0021878997583401 -0.008602427326018354 0.0079045922704441343 0.0049817900188013353 -0.01403715812357224 -0.0018897277613001561 -0.0082267896762389433 0.007135555546159052 -0.0098785610380658084 0.0063113862554108786 -0.010395563666532222 -0.0094197840494834907 0.0046153406340418189 0.0012074308048345063 0.011856919169567336 -0.0080064160937821302 -0.0035042219145371071 0.0066088032824670592 0.0079561641516561771 -0.0024140228776169232 0.014481987853514117 0.0023164741638546918 -0.014555324354196751 -0.0097862138522925284 -0.0011227199084827943 0.0079508846285454016 0.00051211656360391231 0.0094370435292713429 -0.0056292891482898726 0.0058950626653965481 -0.0016441917808857627 -0.0012506926016451108 0.011063166559066535 -0.0096923678489114415 0.0028521754692747538 -0.0027194979685656834 -0.0091170318124746182 0.0030592410368776662 -0.0062284112459110256 0.0092073296705539095 0.0049087309713642252 0.013447373834618527 -0.00065035361805011814 -0.0031643244763057956 0.0028061953577279562 -0.0047878067285085099 -0.0073819383273454574 0.0077712837444469142 -0.0066832011122072753 -0.012869080970741823 0.0059558248222113157 -0.015026337067595036 0.0070966444077325275 -0.002469950155788735 -0.016253734683805494 -0.002655967441681264 0.014296987412000856 0.0085974457434611559 0.0009305212828676951 0.0033152029624427472 -0.0090999829794259132 -0.01110963390157022 -0.0097581951878762795 -0.011334647122728289 0.0079254584816658754 0.015371508542543846 0.013725057877198325 -0.0007011143527650706 -0.0026673410818157687 0.00055206609611120551 0.005159474450476674 0.0014089919743459987 -0.010253278036811702 0.0052782526491775474 -0.0034735486982810171 0.0092402489598065671 -0.012514536418546432 -0.0019478263398772762 -0.0067943232505896286 0.00039293765610567234 -0.013174574350619998 0.0084634736811526126 -0.0056675373016250238 0.0072718799565954896 0.0017681859724783993 -0.014238661159166176 0.0079794357400830539 -0.0042044886468454125
leaf_weight=331 303 309 423 372 250 451 2035 905 2301 252 587 318 392 399 489 1038 526 978 873 335 311 300 2266 377 337 434 524 2133 266 397 296 478 1068 509 621 1742 299 438 468 1107 275 369 288 785 264 462 282 336 770 277 566 6762 289 421 584 445 306 533 254 552 419 489 459 704 6202 1048 412 933 782 9088 341 255 259 2954 376 1273 452 388 436 336 540 512 633 287 432 677 281 377 302 571 557 1330 251 260 552 363 5456 272 812 290 268 523 282 352 297 259 741 334 345 4900 595 636 2436 407 276 893 2867 360 645 282 311 382 545 316 259 573
leaf_count=331 303 309 423 372 250 451 2035 905 2301 252 587 318 392 399 489 1038 526 978 873 335 311 300 2266 377 337 434 524 2133 266 397 296 478 1068 509 621 1742 299 438 468 1107 275 369 288 785 264 462 282 336 770 277 566 6762 289 421 584 445 306 533 254 552 419 489 459 704 6202 1048 412 933 782 9088 341 255 259 2954 376 1273 452 388 436 336 540 512 633 287 432 677 281 377 302 571 557 1330 251 260 552 363 5456 272 812 290 268 523 282 352 297 259 741 334 345 4900 595 636 2436 407 276 893 2867 360 645 282 311 382 545 316 259 573
internal_value=-4.27243e-05 -9.91125e-05 -0.00575548 -0.0082965 -1.37329e-05 -0.00398579 -0.000450531 -0.000316529 0.000566924 -6.73886e-05 0.000361961 -0.000784159 0.00199816 -0.00311122 -0.00658041 -0.00433387 -0.000842877 0.000420356 0.00315507 -0.0046837 -0.00299671 0.00310848 0.00104963 0.00314545 7.53675e-05 -0.00109907 -1.12561e-05 -0.00114588 -0.00273346 -0.00480733 -9.0305e-05 -0.00518156 0.0047282 -0.00392199 -0.00774157 0.000885402 0.00454548 0.000648163 0.00728497 -0.000963489 -0.00473331 -0.000899475 -0.00293667 0.00330754 -0.000395156 0.00388193 0.00125341 -0.00112944 -0.00745342 -0.00174779 0.0013047 0.000297697 -0.000767998 0.00241436 0.00470941 0.000844579 -0.000987101 -0.00654601 0.00677119 -0.00168723 -0.00820522 -0.0055856 0.00393071 0.00249285 0.00206838 0.00502812 0.000267223 0.00122223 0.00171394 -0.000745555 0.00365319 5.26396e-06 -0.00371943 4.8521e-05 -0.00164653 -0.000970537 0.00481027 0.00329733 -0.000718751 0.00614287 0.00344649 0.000664731 -0.00106893 0.00242756 0.00044034 0.00398748 -0.00125204 -0.00377535 -0.00580354 -0.00738481 0.00242058 -0.00479843 -0.000952994 0.00196221 0.00881588 -0.00070145 -0.00127769 -0.0026972 -0.00594512 -0.00186357 -0.001729 -0.00568972 -0.00144819 -0.00251128 0.000597925 -0.00133802 0.00345362 0.00820639 -0.00406186 -0.000224848 -0.00226 -0.00305781 -0.00164825 -0.00456388 -0.000919295 0.00153588 -0.00573923 -0.00674663 -0.00963415 -0.00515331 0.000990805 0.000693363 -0.00200858 -0.00607026 -0.0053573 -0.000366198
internal_weight=105503 104704 1549 1246 103155 823 69453 66883 28252 22600 20672 12145 8527 1557 1165 3083 1626 9062 3244 1928 1676 5652 3351 6970 2378 5818 4840 4152 3169 1038 3051 1365 4592 2570 1130 33702 2041 31661 799 38631 1894 1440 1190 3524 641 1340 1003 1209 1036 766 21539 11674 36737 2355 1934 1029 34382 821 688 887 1457 785 983 9865 9161 2026 978 7135 1308 10122 1034 693 541 11365 4603 4227 2739 2152 888 1264 928 787 34076 1685 1396 964 32391 3418 2580 2278 838 1707 28973 2892 812 2080 26081 1717 1084 20625 20335 1336 18999 10150 3370 2684 1420 686 6780 8849 3949 3667 3072 6435 1576 1300 4859 1264 904 4608 593 1123 813 4015 3699 832
internal_count=105503 104704 1549 1246 103155 823 69453 66883 28252 22600 20672 12145 8527 1557 1165 3083 1626 9062 3244 1928 1676 5652 3351 6970 2378 5818 4840 4152 3169 1038 3051 1365 4592 2570 1130 33702 2041 31661 799 38631 1894 1440 1190 3524 641 1340 1003 1209 1036 766 21539 11674 36737 2355 1934 1029 34382 821 688 887 1457 785 983 9865 9161 2026 978 7135 1308 10122 1034 693 541 11365 4603 4227 2739 2152 888 1264 928 787 34076 1685 1396 964 32391 3418 2580 2278 838 1707 28973 2892 812 2080 26081 1717 1084 20625 20335 1336 18999 10150 3370 2684 1420 686 6780 8849 3949 3667 3072 6435 1576 1300 4859 1264 904 4608 593 1123 813 4015 3699 832
is_linear=0
shrinkage=0.0667171


Tree=33
num_leaves=127
num_cat=0
split_feature=41 162 84 201 105 153 21 80 15 19 11 11 170 21 182 61 74 152 105 102 24 17 73 105 199 24 11 4 200 3 122 73 148 5 95 94 21 9 12 15 183 4 13 82 97 97 199 183 59 200 156 17 12 182 17 24 24 200 157 171 9 32 80 139 73 19 84 105 11 7 73 13 198 56 73 153 152 84 36 182 12 1 21 152 105 19 74 200 19 79 73 79 19 95 0 12 10 80 99 151 23 200 85 62 79 158 16 80 95 73 73 102 15 196 200 13 85 96 153 17 104 12 19 12 11 183
split_gain=8.82011 9.04894 11.9692 10.6098 11.0143 7.31904 12.6879 10.3229 10.1116 13.2592 18.3662 12.9822 9.19353 14.638 10.4486 9.13414 8.80497 8.78875 8.64725 8.55368 9.51755 8.37129 11.0743 10.971 8.67028 8.13069 15.2063 8.11118 8.03042 11.1063 7.98489 7.68267 10.8938 8.7744 8.23513 7.40698 7.25783 7.24537 7.06144 7.01868 6.87628 12.2749 6.81496 11.1593 9.03335 7.51916 8.51791 6.70594 6.52708 7.54849 6.45797 6.34843 6.21096 6.46771 6.41009 6.2553 5.88672 6.9387 5.86193 5.72272 5.70667 6.92761 6.84365 7.65876 6.71279 8.47029 6.85878 6.0775 7.15109 6.01787 5.78336 6.88499 5.6955 5.67257 5.63094 5.59516 9.83911 8.53636 7.08431 6.27275 6.1812 7.42569 8.68992 9.30325 8.69166 7.76436 7.81471 7.42627 6.90065 8.36985 9.55972 8.35889 7.81919 8.27477 6.79423 6.21423 6.03706 7.21789 8.1273 7.14142 6.44134 5.98326 7.96716 7.54233 6.68219 5.89085 10.5343 8.50582 7.67821 6.28952 8.35563 6.7464 6.11496 9.55721 7.52274 6.68071 6.31013 7.058 8.38475 14.3861 13.1882 8.05262 7.95471 10.0957 6.84229 6.30869
threshold=0.38110014796257025 0.87573689222335827 0.34747374057769781 -1.1463906168937681 0.078691445291042342 -0.12595217674970624 -0.31165742874145502 -0.13140590488910672 -0.2338384613394737 0.0089512169361114519 -0.078412979841232286 0.042341228574514396 0.17290054261684421 0.077001631259918227 0.67797318100929271 0.033501897007226951 -0.14066931605339048 -0.091057930141687379 -0.15336702018976209 -0.1736166030168533 0.008840468246489765 -0.092938810586929307 0.12635027617216113 -0.11332589387893675 -0.0019907808164134617 -0.27587799727916712 -0.33792497217655176 0.052858233451843269 -0.011161734815686939 -0.20948321372270581 -0.45974202454090113 -0.5804457664489745 -0.34843838214874262 0.37500000000000006 0.36369885504245764 -0.011013791896402834 0.24143882095813754 -0.2815908938646316 0.50286203622818004 -0.18306922912597653 0.18838974833488467 -0.36894176900386805 -0.10574064403772353 0.25681485235691076 0.052878433838486678 0.076079897582530989 -0.023976716212928292 0.27727068960666662 -0.032719481736421578 -0.097013425081968294 -0.066005654633045183 -0.25976127386093134 -0.33483113348484034 0.27091543376445776 -0.1370173245668411 0.24044843018054965 -0.06941881030797957 0.031300816684961326 0.20166091620922091 0.017086705192923549 0.0099795274436473864 -0.0027201207121834155 0.30239968001842504 -0.0030082399025559421 -0.093427989631891237 0.0963772088289261 0.085720427334308638 -0.077509868890047059 -0.1824398338794708 -0.20470695197582242 0.094479277729988112 -0.50227093696594227 -0.027262826450169083 0.088286254554986968 -0.083167176693677888 0.47673419117927557 0.32755853235721594 -0.32460938394069666 0.026408450677990917 -0.16320902109146115 0.037395535036921508 -0.24289772659540174 0.37406198680400854 0.10889924317598344 -0.031296055763959878 -0.19325480610132215 0.44417232275009161 -0.033727498725056641 -0.12241732329130171 -0.049955233931541436 0.14037369191646579 -0.53622165322303761 0.27655458450317388 -0.1603731960058212 0.34517045319080358 0.051682885736227042 0.31270118057727819 0.16619923710823062 -0.032285768538713448 0.46786190569400793 -0.048660863190889352 0.10201993584632875 0.045262504369020469 0.01840168330818415 0.1759486794471741 -0.44703184068202967 0.14920457452535632 0.0069333419669419536 0.37081336975097662 0.21153222024440768 0.13442701846361163 -0.11978748813271521 -0.013823076616972683 0.00091311035794205974 -0.2121825888752937 0.23837416619062426 0.29534082114696508 -0.072702001780271516 0.032852804288268096 0.60994461178779613 -0.0025859017623588438 -0.07955924421548842 0.13207330554723742 -0.032346881926059716 0.062892455607652678 0.025797402486205104
decision_type=2 2 2 2 2 2 2 2 2 2 2 2 2 2 2 2 2 2 2 2 2 2 2 2 2 2 2 2 2 2 2 2 2 2 2 2 2 2 2 2 2 2 2 2 2 2 2 2 2 2 2 2 2 2 2 2 2 2 2 2 2 2 2 2 2 2 2 2 2 2 2 2 2 2 2 2 2 2 2 2 2 2 2 2 2 2 2 2 2 2 2 2 2 2 2 2 2 2 2 2 2 2 2 2 2 2 2 2 2 2 2 2 2 2 2 2 2 2 2 2 2 2 2 2 2 2
left_child=1 3 58 4 -1 6 7 -5 47 11 25 18 30 14 16 19 -14 31 -10 20 -15 22 24 37 -18 51 40 -26 -25 -30 -7 33 -33 -8 38 -28 -17 -23 42 52 41 -27 43 44 -34 -44 -47 50 49 -20 -9 -11 54 60 -32 74 -46 -58 -3 -45 61 62 69 72 65 -65 -66 70 -69 -54 -63 -72 -64 -43 -56 76 80 -77 -78 -80 105 82 83 84 -82 -83 88 -86 -87 91 101 -90 95 -94 -89 -93 97 98 -79 -100 -99 102 -91 -104 -103 106 -41 108 112 110 111 -109 113 125 -114 -115 117 118 120 121 -116 124 123 -119 -120 -107
right_child=-2 2 -4 5 -6 12 17 8 9 10 -12 -13 13 15 -16 36 21 -19 48 -21 -22 23 -24 28 27 26 35 -29 29 -31 39 32 34 -35 -36 -37 -38 -39 -40 75 -42 73 45 59 56 46 -48 -49 -50 -51 -52 -53 53 -55 55 -57 57 -59 -60 -61 -62 67 63 64 66 -67 -68 68 -70 -71 71 -73 -74 -75 -76 77 78 96 79 -81 81 85 -84 -85 87 86 -88 94 89 90 -92 92 93 -95 -96 -97 -98 100 99 -101 -102 104 103 -105 -106 107 -108 109 -110 -111 -112 -113 114 115 116 -117 -118 122 119 -121 -122 -123 -124 -125 -126 -127
leaf_value=-0.012413576320719264 -0.0015767565334457191 0.0044616207965118074 -0.0074693896192537489 0.012348621563320627 0.0011842780881960563 0.0030903647512269291 0.0033897023162347334 0.0085518043002192814 -0.0088796369420776726 -0.0030306962531874673 0.011766147237830234 -0.020214433192174638 -0.00590143816092829 0.012381689044374618 0.0083466206618639828 -0.01450356883773735 0.014403062361257464 0.013034877632333951 -0.0046522561595297831 -0.004743456891928859 -0.0047939834335853507 -0.0016686606551632279 -0.0069287769440823819 -0.010562554538709664 -0.0051582704954064819 0.019086778924239333 -0.00020512407336163266 0.010359041643227793 -0.0080246862345060271 0.0056788561257331768 -0.0062987420867998091 -0.0038022396323917525 0.012474373673187203 0.019042134234366452 -0.0026772768102551916 -0.01622266036323166 -0.0044271099015502132 0.0082068800706998658 0.012940819017412843 0.0074851067952033026 -0.0048122528056508502 -0.00076253042690288769 -0.01101271624160108 -0.010452749682407385 0.0068651744839013078 -0.0053886491263310842 0.010011905883517415 0.013512665778616555 -0.0094039279108321452 0.0083702676531751067 -0.00083860350362936764 -0.014279989682826824 0.0074681502585051416 0.0038332857315323131 0.0030348808836713499 -0.0024940929958484149 0.0061763063009760968 -0.0090389889894544606 0.013414026534115799 0.0031628518262006747 0.0028341640287365445 -0.0046878254977162429 -0.014857362289919695 0.010852988377650306 0.0035122109830614751 -0.0025914014516960062 -0.0067823202925301916 0.0016354182813341626 -0.010202617502486232 -0.00064353297851706234 0.01013103206629478 -0.0044113580991128583 -0.0025954555636358797 0.0096597336554413767 0.014423713819694496 0.0062619540818056813 0.0066995366339761345 -0.0078797282621082126 0.0068300907814146513 -0.0038277566628325686 0.0063261151179341401 -0.012007861214473331 -0.007520352531620875 0.0074613600703131158 -0.0058845826770456367 0.0058799160150282293 -0.010581077623045297 0.0087665205144391405 0.0066144578607173852 0.0036517631335157711 0.008614626142263989 -0.0098139823181513947 -0.0002776179191132713 -0.013177349441997523 -0.0035889701705652233 -0.0011168717027841583 0.0047071099336951231 -0.019301209984541257 0.010540407438384844 -0.0030983215201818778 -0.0053345320933028025 -0.0010150511856293564 0.0044065918441528332 -0.0060414902898697645 -0.012116542259013402 -0.0016442766361786641 -0.004918395257013034 0.0064392697048662479 0.0092568622535182561 0.012171604177523632 -0.010116217553375455 0.0014499745264592637 0.005971495163148266 0.0021832919832452721 0.018598302763913135 -0.0090106541664637784 -0.0053703192746040592 -0.00051223357083457315 0.0073405559477130924 -0.014846553650854454 0.0027581680047004007 0.0054431549522581842 0.0071982880499187217 -0.013088700213978399 -0.0037659695718252608 -0.0070849821772518157
leaf_weight=599 13069 1490 315 278 464 4170 396 466 928 1247 541 253 1172 307 619 667 501 412 336 2142 261 656 274 670 301 280 253 290 525 520 273 1078 907 271 792 265 630 652 417 1351 269 595 253 262 1127 305 326 266 250 467 1049 273 596 789 434 338 254 272 423 277 830 1807 378 375 385 456 1079 266 1324 1248 292 278 315 372 359 413 1940 689 377 692 758 316 415 1195 1032 598 395 401 311 1814 549 443 316 768 381 2101 295 265 279 425 346 668 430 1037 381 2004 387 1400 356 267 250 8906 1018 2279 300 261 898 686 299 262 1058 1240 251 488 1320 1833
leaf_count=599 13069 1490 315 278 464 4170 396 466 928 1247 541 253 1172 307 619 667 501 412 336 2142 261 656 274 670 301 280 253 290 525 520 273 1078 907 271 792 265 630 652 417 1351 269 595 253 262 1127 305 326 266 250 467 1049 273 596 789 434 338 254 272 423 277 830 1807 378 375 385 456 1079 266 1324 1248 292 278 315 372 359 413 1940 689 377 692 758 316 415 1195 1032 598 395 401 311 1814 549 443 316 768 381 2101 295 265 279 425 346 668 430 1037 381 2004 387 1400 356 267 250 8906 1018 2279 300 261 898 686 299 262 1058 1240 251 488 1320 1833
internal_value=4.48881e-05 0.000274768 0.00447258 0.00017052 -0.00644428 0.000250004 0.00155542 -0.000213773 -0.000651975 -0.00190505 0.000342287 -0.00603713 -2.97499e-05 -0.00188969 0.000141144 -0.00502947 -0.000768756 0.00357913 -0.00419446 -0.00280784 0.00442226 0.000596111 0.00493072 -0.00135304 0.00795337 -0.00139276 0.00135097 0.00241516 -0.00486799 -0.00117863 0.000269873 0.0030096 0.00227746 0.00981575 0.00354756 -0.00846215 -0.00963948 0.00322807 0.00467748 6.97483e-05 0.00473606 0.00683386 0.0037988 0.00527379 0.0071143 -0.00133132 0.00251227 0.00377853 -2.62051e-05 0.00287478 0.0020358 -0.00508493 -0.00138293 -0.0019463 0.00276819 0.00500028 0.00414587 -0.00161936 0.00646724 -0.00338707 -0.00242437 -0.0029251 -0.00121967 -0.00319489 -0.00132135 0.00343826 -0.0040465 -0.00499305 -0.0081945 0.00196314 -0.00283494 0.00297501 -0.00933519 0.00322562 0.00824375 0.00043478 0.000614975 -0.00250299 0.00429759 -2.75956e-05 0.000346468 -0.000774017 0.00158595 0.00260286 0.000329526 -0.00175219 -0.00141614 -0.00216353 -0.00102587 -0.00149939 0.000340862 -0.00378669 -0.00469263 -0.00944266 0.00270136 -0.00265135 -0.00409888 -0.00541838 -0.00273319 0.00226521 -0.0114652 -0.00070379 0.000689283 -0.00294979 -0.00508672 0.000939035 0.00469647 0.000680052 -0.000371315 0.00209667 0.00183653 0.00213196 -0.00061659 -0.00215067 0.000630291 0.0010115 -0.00016557 0.000621961 0.00192771 1.31921e-05 0.00629847 0.00139628 -0.00345452 -0.00577604 -0.00168412 -0.00425299
internal_weight=105420 92351 2228 90123 1063 89060 15737 8388 8110 6329 4095 2234 73323 10187 6180 4007 5561 7349 1981 2710 568 4389 1366 3023 1092 3554 2034 591 1715 1045 63136 6937 6270 667 5192 518 1297 1308 4400 58966 1516 1247 3983 3099 2560 884 631 1781 1053 803 1515 1520 11822 10418 1404 1131 1653 526 1913 539 9629 8799 4832 2988 2295 831 1464 3967 1590 1844 2377 570 693 967 793 47144 44432 2712 3009 1069 41423 14309 4182 3767 2572 10127 9811 1814 9416 8818 4879 3939 3628 1084 782 2544 2299 2004 1393 704 611 4330 3281 1467 1049 27114 1738 25376 14553 10823 10556 10306 14197 6377 7820 2540 6802 5904 4479 3121 1358 2859 1425 1174 1619 3837
internal_count=105420 92351 2228 90123 1063 89060 15737 8388 8110 6329 4095 2234 73323 10187 6180 4007 5561 7349 1981 2710 568 4389 1366 3023 1092 3554 2034 591 1715 1045 63136 6937 6270 667 5192 518 1297 1308 4400 58966 1516 1247 3983 3099 2560 884 631 1781 1053 803 1515 1520 11822 10418 1404 1131 1653 526 1913 539 9629 8799 4832 2988 2295 831 1464 3967 1590 1844 2377 570 693 967 793 47144 44432 2712 3009 1069 41423 14309 4182 3767 2572 10127 9811 1814 9416 8818 4879 3939 3628 1084 782 2544 2299 2004 1393 704 611 4330 3281 1467 1049 27114 1738 25376 14553 10823 10556 10306 14197 6377 7820 2540 6802 5904 4479 3121 1358 2859 1425 1174 1619 3837
is_linear=0
shrinkage=0.0667171


Tree=34
num_leaves=127
num_cat=0
split_feature=161 105 31 0 81 16 95 152 73 21 74 80 97 12 95 92 21 22 18 74 82 150 10 198 103 73 8 151 5 151 95 181 104 12 59 73 92 92 11 153 10 61 19 200 70 82 97 74 18 132 18 169 10 169 36 7 192 34 17 80 181 200 99 92 19 70 140 5 0 70 29 155 165 183 70 11 11 182 24 15 16 70 104 60 36 158 151 183 121 8 200 11 20 80 104 7 141 18 198 12 14 1 92 8 95 73 80 166 21 20 20 82 153 164 105 80 183 13 171 73 156 18 19 164 80 16
split_gain=9.81552 10.1072 9.14179 7.71376 11.7295 10.2944 8.92394 8.75701 8.56445 8.97628 15.6728 10.4527 8.18862 8.12282 9.39029 8.6058 8.04353 7.72451 8.67619 7.62007 7.54631 7.52118 7.28986 14.0007 13.6282 9.08218 7.23147 7.11639 7.01198 7.00177 6.76509 6.55641 6.92189 7.54432 6.52499 6.39403 9.31447 6.38508 6.27483 8.31638 5.98461 6.38392 6.5042 6.97216 5.91865 6.13998 5.80618 5.80359 5.78574 6.61415 5.99251 7.05202 6.78808 5.76495 7.1981 6.23994 6.95706 5.75683 5.7057 6.25925 5.69735 9.61613 6.72879 5.68652 8.47204 5.62679 5.30241 5.27542 5.85455 5.19186 5.47063 5.40293 7.18661 5.14644 5.14288 4.93033 7.19775 7.65864 7.38761 7.29554 7.9267 7.16661 8.26811 8.18726 6.99734 6.42509 6.34404 5.67507 5.43388 5.37133 6.41411 5.89443 5.63191 5.91035 5.3073 4.94266 4.98673 4.91377 6.54759 5.16062 6.35412 6.32655 10.6002 5.97725 5.60846 4.88638 4.87486 6.2016 4.86908 7.75646 4.83646 4.80851 8.92894 7.40712 6.61582 6.19424 6.20478 6.44507 5.56636 5.49141 5.3288 4.77426 6.40242 4.71484 4.62182 4.4372
threshold=0.6771758794784547 -1.079591631889343 -0.13260443508625028 0.43323864042758947 -0.066872831434011445 -0.084793727844953523 0.080263525247573866 -0.027277795597910878 -0.63421696424484242 -0.63409459590911854 -0.29833959043025965 0.34551988542079931 -0.029449461959302422 0.076370920985937132 0.14943072199821475 0.058994779363274581 -0.83425775170326222 -0.0071976601611822835 0.13716869056224826 -0.18327312171459195 -0.14291249960660932 -0.26363964378833765 0.37213033437728887 -0.14523936808109281 0.37812265753746038 -0.83225393295288075 -0.34400722384452814 0.32914802432060247 1.0000000180025095e-35 -1.0266701579093931 -0.22669926285743711 0.0022234937641769652 -0.75493794679641713 -0.11935890093445777 0.38365763425827032 0.45285938680171972 0.083171498030424132 -0.19770786166191098 -0.35706810653209681 0.094741385430097594 0.40594391524791723 -0.06763590499758719 -0.11861900240182875 -0.13476892560720441 -0.32890094816684717 0.020273638889193538 -0.081914193928241716 -0.036470264196395867 0.14948536455631259 1.0000000180025095e-35 -0.29062251746654505 0.81761762499809276 0.026561015285551551 -0.16437611728906629 0.43309859931468969 -0.16080460697412488 -0.11749789491295813 0.38682298362255102 0.014165528118610384 -0.076040603220462785 -0.18663480132818219 -0.52599766850471485 0.64177170395851146 0.25117856264114385 -0.034314231947064393 0.25954827666282659 0.35506999492645269 -0.37499999999999994 0.25142045319080358 -0.41193531453609461 0.31692507863044744 0.13997733592987063 0.027368484996259216 -0.040104636922478669 -0.014735080767422913 0.4397690892219544 0.053283227607607848 0.28584241867065435 -0.030664511956274506 0.48564615845680242 0.15172412991523745 0.4533699899911881 -0.056376472115516656 -0.20529405027627942 0.60915493965148937 -0.36292690038681025 0.18242973089218142 0.12854457646608355 0.099899541586637511 0.10344418138265611 -0.12899751961231229 0.26261658966541296 -0.11406283825635909 -0.018445782363414761 0.17826255410909655 -0.3208716213703155 -0.53852546215057362 0.42243160307407385 -0.0807075761258602 0.37493416666984564 0.50521576404571544 -0.15198864042758939 0.27979026734828955 0.72606089711189281 0.23549225181341174 0.045329911634325988 0.014229813124984505 -0.046066869050264352 0.22838824987411502 0.24962572753429416 0.23437566310167315 -0.094322737306356416 0.013950888067483904 0.064310520887374892 -0.3349312543869018 0.15704105794429782 0.16650374978780749 -0.28882504999637598 -0.028865448199212548 -0.0055031594820320598 -0.004369432106614112 -0.22151045501232144 -0.0063851657323539248 -0.16731555014848706 -0.12028010934591292 0.11907735466957094
decision_type=2 2 2 2 2 2 2 2 2 2 2 2 2 2 2 2 2 2 2 2 2 2 2 2 2 2 2 2 2 2 2 2 2 2 2 2 2 2 2 2 2 2 2 2 2 2 2 2 2 2 2 2 2 2 2 2 2 2 2 2 2 2 2 2 2 2 2 2 2 2 2 2 2 2 2 2 2 2 2 2 2 2 2 2 2 2 2 2 2 2 2 2 2 2 2 2 2 2 2 2 2 2 2 2 2 2 2 2 2 2 2 2 2 2 2 2 2 2 2 2 2 2 2 2 2 2
left_child=1 34 -2 8 6 7 -5 58 16 10 57 -12 125 -14 -15 -16 29 18 26 -8 46 -20 23 -18 -24 -25 27 31 -22 -3 -13 -11 -33 -34 -1 60 -37 73 -35 121 41 42 67 -44 -45 124 -21 -42 50 -50 -4 -52 -53 54 -28 56 65 -10 59 -6 62 -62 97 -43 -65 -55 75 -39 -69 71 -71 72 -57 74 -23 76 81 78 89 80 85 82 95 -84 108 -80 87 106 -87 -78 -91 92 -92 -94 -83 -63 -97 99 -99 100 103 104 -103 -19 -101 -90 107 -82 109 -85 111 114 115 118 -98 116 117 119 -114 -113 -117 -40 -123 -56 -46 -7
right_child=2 3 48 4 5 12 19 -9 9 17 11 30 13 14 15 -17 22 35 21 20 28 37 24 25 -26 -27 53 -29 -30 -31 -32 32 33 38 -36 36 -38 40 39 -41 47 63 43 44 45 -47 -48 -49 49 -51 51 52 -54 55 123 69 -58 -59 -60 -61 61 66 -64 64 -66 -67 -68 68 -70 70 -72 -73 -74 -75 -76 -77 77 -79 79 -81 86 94 83 84 -86 88 -88 -89 105 90 91 -93 93 -95 -96 96 110 98 -100 101 -102 102 -104 -105 -106 -107 -108 -109 -110 -111 -112 112 113 -115 -116 120 -118 -119 -120 -121 -122 122 -124 -125 -126 -127
leaf_value=-0.0028282373224273786 0.0081417187722745595 0.0039700667302405533 -0.0044631864885528345 -0.0077825862468106494 -0.015107478835173258 -0.017459823361933847 0.013502127245853838 0.0093894846208974984 -0.0023088861428836797 -0.006690986526720958 -0.0186906239922228 -0.012636929318494276 0.0016274418047533396 0.004180764506389721 -0.017604134766029112 -0.0056252035010159861 0.012679381229711861 0.00089647092364202681 0.012602229305207078 0.00015933482554381827 0.0019508168213449653 0.0087507638664333573 0.018156567890669509 0.0040947358309004773 0.0010935819792997541 -0.0092715604171717658 0.0060845244732447403 -0.012985453540154616 -0.0083101156890844335 -0.0090489276951690126 0.0015525025202999352 0.0098621725401183864 0.0057849927597984092 0.0030795296537449281 -0.01560413748949741 -0.0020679193391520542 -0.014269908761344225 -0.0018002450325946108 -0.0026993199139150261 0.003123109921105041 0.0023506681070503419 0.0056789686948041573 -0.011234802520020353 -0.0086955045258482206 0.0029580803817429156 0.0088276279033182199 0.012338263764715968 -0.0082047038230680398 -0.012582304371982322 0.0011579842080331401 5.5069946648656054e-05 0.01813217557149634 0.0048030237400500846 0.0078545370279916749 -0.0091328591444577618 -0.0065845787632688715 0.00087193259824936743 0.011120980469753345 0.0023785800284424168 -0.00078692490698750804 0.0057573555812573986 0.0063532354637760779 -0.0048874130822440754 0.0066100116430687205 -0.0064734840209289424 -0.0025960015008275918 0.0019273390296834104 0.013921716919239189 0.00061990938058887485 -0.00058553374155148727 0.0024968023137156214 -0.010295194908454914 0.003677046276146732 -0.0044520608433986555 -0.0030569911200318922 -0.0062359929622967285 0.0051962709358673604 -0.010146643518816417 0.0087043066005924354 0.009666803727919766 0.0069346441271264979 0.0070346227520826088 -0.013631402565107776 -0.0025263422182760409 -0.012054560723016909 -0.002653391388388872 -0.0089268473024006027 0.0067674605297215465 0.007623344294493334 -0.0056401460725316347 0.013640740536033149 -0.0033063360645817041 -0.0053439050904823069 0.0082210269317490054 -0.0026238658851887443 0.0068453037309546029 -0.0098101912489993361 0.012354193788323623 -0.0012478025184486368 0.0084651279684330536 0.011018865439320772 -0.012414119733454484 0.0036530903788877345 0.0088622176826736732 -0.0027121544225487005 -0.00046998563148526357 -0.01024647514789823 -0.0046456350255225601 0.0054369932611074874 -0.013010712577077111 0.0057327228541268205 -0.0054869401547070103 -0.0025905686028148528 0.0046960883417798763 -0.0018951158802597251 -0.0098675195616925015 0.010704759472353808 0.010935472255990926 -0.013873092644209079 0.0061291241944506749 0.0026200232187440185 -0.0045784846141705138 -0.017489625443546573 0.0034658801337766418 -0.0086108413366262557 -0.0068781602460290352
leaf_weight=476 1217 372 380 407 252 404 264 352 302 887 384 257 653 256 410 795 417 7957 310 316 868 337 469 485 379 416 1634 263 444 354 341 275 542 549 289 1574 338 321 471 395 525 4477 291 265 376 404 398 406 258 375 723 256 527 1263 264 622 5357 258 500 300 977 460 813 420 456 272 2626 371 250 13184 3178 434 584 1076 309 838 2126 297 397 281 293 681 326 10017 360 1811 832 283 569 563 290 445 252 318 393 356 637 396 251 323 310 510 277 441 507 772 354 666 319 323 408 501 397 254 1831 285 509 250 395 278 313 330 372 254 253 338
leaf_count=476 1217 372 380 407 252 404 264 352 302 887 384 257 653 256 410 795 417 7957 310 316 868 337 469 485 379 416 1634 263 444 354 341 275 542 549 289 1574 338 321 471 395 525 4477 291 265 376 404 398 406 258 375 723 256 527 1263 264 622 5357 258 500 300 977 460 813 420 456 272 2626 371 250 13184 3178 434 584 1076 309 838 2126 297 397 281 293 681 326 10017 360 1811 832 283 569 563 290 445 252 318 393 356 637 396 251 323 310 510 277 441 507 772 354 666 319 323 408 501 397 254 1831 285 509 250 395 278 313 330 372 254 253 338
internal_value=3.7792e-05 -8.4795e-05 0.00339538 -2.67535e-05 -0.00217048 -0.00435131 0.00126099 0.000299906 0.000130942 1.75726e-05 -0.00502396 -0.0101064 -0.00665027 -0.00450662 -0.00727101 -0.00974308 0.00370363 0.000104482 0.000765726 0.00289081 0.00148077 0.00239067 0.00574465 0.00260565 0.0105741 -0.00203978 0.000198372 -0.00241577 -0.0015009 -0.00232885 -0.00451574 -0.00167382 -0.00014214 -0.0011961 -0.00770895 -0.00047334 -0.00425207 0.00208491 -0.00300436 -0.00516013 0.00281201 0.00341105 0.000635585 -0.00195262 0.000114651 0.00242274 0.0069942 -0.00221736 0.00108666 -0.00439832 0.00294758 0.00484658 0.00922455 0.000594497 0.00390622 0.000306591 0.00201399 0.00381579 -0.00271834 -0.00739682 -0.000315612 -0.000751145 0.000948429 0.00471707 -0.000156012 0.00597347 -0.000943469 0.00502893 0.00862159 -0.000345393 1.1343e-05 -0.00392067 -0.00159078 -0.00161566 0.00304815 -0.00119044 -0.00104723 0.000351221 0.000660872 -0.000765427 -0.0012652 -0.00181361 -0.00212702 -0.00323346 -0.00292055 0.000735844 -0.00420259 -0.00171456 -0.000261706 0.00290346 0.000275854 0.00285702 0.00609151 0.00217115 0.00346309 -0.000295971 -0.000779807 0.00138498 0.00702003 0.0010274 0.00167233 -0.00242224 -0.00670826 0.00132083 0.00160155 0.00294152 -0.00357577 -0.00106659 -0.00260676 -0.00285946 -0.00123593 -0.00174738 -2.30961e-05 -0.00507508 -0.00395592 0.00243872 0.0046867 0.0016678 -0.00826788 -0.00128781 -0.00327511 -0.00798471 -0.0114795 -0.00288375 -0.00164707 -0.0126936
internal_weight=105849 102113 3736 101348 6957 4260 2697 1404 94391 91499 1542 982 2856 2114 1461 1205 2892 89957 41977 2290 2026 10847 2166 1318 848 901 31130 4084 1312 726 598 3821 2934 2659 765 47980 1912 10537 2117 1568 8815 7884 2531 1589 1298 1033 714 931 2519 633 1886 1506 783 27046 2152 24894 6892 560 1052 552 46068 34283 11785 5353 876 1535 33306 942 621 18002 16362 1640 1206 1722 646 30680 29842 10549 10252 6258 5977 19293 18219 11345 11019 3549 2428 1596 3152 3994 1868 1305 860 570 1074 6874 6414 10972 647 10325 8708 1617 787 8398 830 1341 1313 959 10659 10340 6058 5650 3182 1046 2468 2136 1538 1029 792 779 598 1173 702 518 629 742
internal_count=105849 102113 3736 101348 6957 4260 2697 1404 94391 91499 1542 982 2856 2114 1461 1205 2892 89957 41977 2290 2026 10847 2166 1318 848 901 31130 4084 1312 726 598 3821 2934 2659 765 47980 1912 10537 2117 1568 8815 7884 2531 1589 1298 1033 714 931 2519 633 1886 1506 783 27046 2152 24894 6892 560 1052 552 46068 34283 11785 5353 876 1535 33306 942 621 18002 16362 1640 1206 1722 646 30680 29842 10549 10252 6258 5977 19293 18219 11345 11019 3549 2428 1596 3152 3994 1868 1305 860 570 1074 6874 6414 10972 647 10325 8708 1617 787 8398 830 1341 1313 959 10659 10340 6058 5650 3182 1046 2468 2136 1538 1029 792 779 598 1173 702 518 629 742
is_linear=0
shrinkage=0.0667171


Tree=35
num_leaves=127
num_cat=0
split_feature=107 73 80 33 11 16 105 11 15 198 24 180 69 20 201 18 20 171 21 73 162 3 15 79 11 36 20 21 200 171 97 70 159 80 12 21 101 20 33 15 201 73 201 73 16 81 162 102 201 5 200 171 95 3 21 24 103 62 42 33 102 153 33 178 70 73 59 95 153 82 17 17 105 95 80 18 99 20 18 18 16 12 201 19 20 21 39 42 82 0 12 19 1 20 18 33 131 95 11 3 171 18 73 70 3 20 151 1 95 14 152 16 111 141 96 159 6 80 201 183 80 95 73 198 62 95
split_gain=8.88431 8.5521 13.007 9.14489 8.32472 7.77625 9.21476 7.31167 6.84838 8.49837 8.38072 11.9454 7.56993 8.62424 7.68772 7.38954 7.07546 6.74991 6.55426 6.30032 6.29733 5.95619 7.64095 8.53167 5.9557 5.94276 5.67705 5.6486 5.60995 5.39483 6.39996 5.25949 5.17437 5.51439 7.25541 6.48827 7.63719 5.11551 5.66179 5.07588 4.97158 8.39675 6.91937 6.34002 4.93163 10.758 12.7353 9.24492 7.78789 8.29286 7.60893 8.15023 5.55734 5.44858 5.35205 5.34995 4.85213 4.68011 4.63722 7.11698 5.08849 4.6271 4.8856 5.79988 5.31103 4.61953 4.57781 5.19707 8.72117 7.51503 8.04495 9.54787 6.72035 6.7241 8.84446 5.95054 5.92525 5.77436 5.55187 5.59768 5.14553 5.92538 5.66669 5.19771 5.17625 5.09789 4.89148 4.83909 4.9894 6.22411 6.35985 6.03828 7.80608 6.73625 6.70295 7.40249 6.93762 5.30996 7.02017 4.93274 9.0408 6.60517 6.47749 6.00008 5.95009 5.549 6.12491 5.30738 4.60812 4.59318 4.5424 7.59837 6.19314 4.53705 5.20894 4.48054 4.55305 4.47941 4.4567 4.3864 5.50031 5.29746 5.12943 4.74244 4.84544 4.33181
threshold=-0.075122598558664308 0.51231443881988536 0.47350817918777471 -0.29646049439907068 0.25822757184505468 0.33571657538414007 0.3703035861253739 0.0021692716982215647 0.46000769734382635 -1.2281169295310972 -0.31888858973979944 -0.39540390670299524 -1.4842233657836912 -0.70465904474258412 -0.69461253285408009 0.64580601453781139 0.45837846398353582 0.6771012842655183 -0.065908648073673234 0.64374932646751415 0.086268782615661635 0.41864693164825445 0.16768461465835574 -0.040916638448834412 0.49361559748649603 0.62323942780494701 -0.17425898462533948 0.40431648492813116 0.10201993584632875 0.031366052106022842 0.04108873754739762 -0.27764700353145594 0.8397849202156068 -0.20625615864992139 -0.17341156303882596 -0.042411092668771737 0.034458415582776077 -0.013508296106010674 -0.051002791151404374 -0.030715384520590302 0.21866119652986529 -0.095021031796932207 -0.21308003365993497 0.080712690949440016 -0.53414788842201222 0.066908597946167006 0.046691756695508964 -0.35860668122768397 -0.19719500839710233 0.37500000000000006 0.44658514857292181 0.20812611281871798 -0.037223158404231065 -0.20948321372270581 -0.41820228099822992 -0.088381048291921602 0.0063617047853767881 0.19190325587987903 0.56525453925132763 -0.0049764735158532849 0.58243766427040111 -0.19547481089830396 -0.3040971159934997 0.097554471343755736 0.31385491788387304 0.050718719139695174 0.39199675619602209 -0.25047907233238215 0.18381830304861072 0.23030644655227664 -0.24203638732433316 -0.13345796614885327 -0.44305458664894098 -0.20370732992887494 -0.056938501074910157 -0.13264068961143491 0.33321930468082434 -0.020070648752152916 -0.61250972747802723 -0.44855967164039606 0.15477345138788226 -0.10589009895920752 -0.40387429296970362 0.030022198334336284 -0.14981021732091901 -0.093308322131633745 -0.021982260979712006 0.54360565543174755 0.088270425796508803 0.34517045319080358 -0.22380653023719785 -0.14937156438827512 0.092329546809196486 -0.11406283825635909 0.13716869056224826 0.018394798040390018 -0.051019417122006409 -0.08902269601821898 0.070430234074592604 -0.31359797716140742 -0.038005795329809182 -0.24400845170021054 0.21153222024440768 -0.050625139847397797 -0.41864693164825434 0.0092597450129687803 -0.16468971967697141 -0.21448864042758939 -0.37963764369487757 -0.14136160910129544 0.056798473000526435 0.019793815910816196 0.37530389428138738 -0.27914665639400477 0.094548635184764876 -0.65150833129882801 0.059284761548042304 0.002301147324033082 0.0068057519383728513 0.18838974833488467 0.097614608705043807 0.061675427481532104 -0.0055031594820320598 -0.18244351446628568 -0.045741325244307511 -0.40948431193828577
decision_type=2 2 2 2 2 2 2 2 2 2 2 2 2 2 2 2 2 2 2 2 2 2 2 2 2 2 2 2 2 2 2 2 2 2 2 2 2 2 2 2 2 2 2 2 2 2 2 2 2 2 2 2 2 2 2 2 2 2 2 2 2 2 2 2 2 2 2 2 2 2 2 2 2 2 2 2 2 2 2 2 2 2 2 2 2 2 2 2 2 2 2 2 2 2 2 2 2 2 2 2 2 2 2 2 2 2 2 2 2 2 2 2 2 2 2 2 2 2 2 2 2 2 2 2 2 2
left_child=17 5 3 -3 27 8 40 -8 9 -2 11 -10 13 -11 26 16 32 25 39 -6 24 22 23 -18 -12 115 -14 29 -22 -5 -31 -28 33 34 -16 -36 -37 -33 -39 -19 41 -7 -43 -44 45 53 57 48 55 50 51 52 -50 -35 -48 -46 -34 -47 60 -60 66 -9 64 -64 -63 -56 67 68 75 72 -71 -72 77 74 -74 108 86 -69 -75 -80 82 -82 83 -81 118 -78 -77 88 91 90 -90 93 97 -84 95 96 -94 98 -93 100 107 -102 103 105 -105 106 -103 -99 -49 -73 112 -112 -111 114 -101 -1 -117 -27 -83 120 121 123 -123 -92 -125 -68
right_child=1 2 -4 4 19 6 7 61 10 12 20 -13 14 -15 15 -17 21 18 -20 -21 28 -23 -24 -25 -26 117 31 -29 -30 30 -32 37 56 44 35 36 -38 38 -40 -41 -42 42 43 -45 47 46 54 58 49 -51 -52 -53 -54 -55 65 -57 -58 -59 59 -61 -62 62 63 -65 -66 -67 125 69 -70 70 71 109 73 78 -76 76 85 -79 79 80 81 84 87 -85 -86 -87 -88 -89 89 -91 119 92 94 -95 -96 -97 -98 99 -100 113 101 102 -104 104 -106 -107 -108 -109 -110 110 111 -113 -114 -115 -116 116 -118 -119 -120 -121 -122 122 -124 124 -126 -127
leaf_value=-0.0040663651917719002 -0.011214623170268291 0.0047900665951653466 -0.015651961482423683 0.00041109484439026808 -0.018740979941395765 -0.011830746550856433 -0.0092174487235571964 0.0084504088601326348 0.0014991309630831208 -0.00075183570374793369 0.0070697812653945551 0.019918084131558735 -0.011935977614423972 0.016136443607391356 -0.013756923653637392 0.0086241657132816903 0.021048854789491648 0.0060614229768161205 0.011598446997964702 -0.0053177247556218917 0.0011333867190736276 -0.0025508607472372164 0.00012785821489352109 0.0050768197994641995 -0.0037859769036256131 -0.0091599851962240898 0.0058547826140261817 0.0045384665185013206 -0.010375031386679135 -0.014012768464376735 -0.00039448441466304128 0.0025782177732752674 0.00026549852843819546 0.0052307175042137482 0.0053470574450593797 -0.0013871367053509386 -0.014622275288059932 -0.01413477528551571 -0.00078021092743216409 -0.0057151661568152125 0.0022353979872903455 0.0031012900005111736 0.00096831655162177299 -0.009329907184085752 0.009413567395480724 -0.014621031212743879 -0.00057790437987879212 0.0097492811038497936 -0.004870581007149496 -0.012902018337728692 0.0064134739334051174 -0.013750465199380094 0.0061155801188455955 0.017189539900139147 0.01121976948822093 -0.003137274430980989 0.012899932684483655 -0.003147009995648604 0.0071394310900390291 0.0006362468317575768 0.0044962881168273796 0.010293937511012851 0.00037718844159130821 -0.0097968637243723931 -0.002096723336932249 0.00033083704440576282 0.0022590145702578914 0.01210992449066476 0.010027303368090464 0.0043305871451054714 -0.01311258540566697 0.0044001341132091174 -0.015055332755246618 -0.0082773120392701568 -0.0019305760797243628 0.0058649341306590214 -0.0011143420847823968 -0.00074953618891417247 0.0079248642258876473 -0.0090324658060414505 -0.0093182801640157732 -0.0089624083524880507 0.012880336400525086 0.00057847221405554435 0.00035087484618611688 -0.013310079001121716 -0.0011200227522507706 -0.0055361584480647695 -0.0087149715560818578 -0.0086385716386621694 0.012350529643195196 0.010375869748379523 -0.010697075475064731 0.0029674885684522348 0.011715340562426829 0.0086494598725272639 0.0044020117053001281 -0.0092533935419149924 -0.0024658124669753234 -0.0023464333922364917 0.011139783521955706 0.006837603811348362 0.0084012518498377507 -0.0078328221462728061 0.0029179169935777435 0.010808956341048226 -0.0073637579729755997 0.0011944266389000968 0.001635648714800513 -0.00061851867697253031 -0.015596730564500904 -0.0020164327978346463 -0.011900321274269862 -0.0043829129584354327 0.0088204355842743994 0.0015417943856981524 -0.00017038221530722548 0.0011420927612855172 0.0013159997107770043 0.0083896592200745114 -0.0065733396376887604 0.0031909503170534071 -0.0063204465145297924 -0.0036804090545654311 0.0066984143882390552 -0.0039495223956571525
leaf_weight=789 304 646 357 615 252 814 319 358 343 256 868 291 379 270 283 432 260 422 507 427 458 376 418 360 296 464 255 472 311 366 270 265 294 544 378 757 261 334 251 259 342 487 372 872 289 254 717 460 988 535 288 383 253 253 495 305 255 438 812 9520 898 366 1066 320 255 274 595 357 495 511 499 316 304 364 924 581 338 263 386 532 484 593 347 457 2174 284 1874 541 349 447 266 450 271 2565 468 409 261 524 317 543 363 263 472 623 353 311 271 356 993 1554 349 395 250 2213 277 22031 10023 303 264 299 474 448 562 356 443 2883
leaf_count=789 304 646 357 615 252 814 319 358 343 256 868 291 379 270 283 432 260 422 507 427 458 376 418 360 296 464 255 472 311 366 270 265 294 544 378 757 261 334 251 259 342 487 372 872 289 254 717 460 988 535 288 383 253 253 495 305 255 438 812 9520 898 366 1066 320 255 274 595 357 495 511 499 316 304 364 924 581 338 263 386 532 484 593 347 457 2174 284 1874 541 349 447 266 450 271 2565 468 409 261 524 317 543 363 263 472 623 353 311 271 356 993 1554 349 395 250 2213 277 22031 10023 303 264 299 474 448 562 356 443 2883
internal_value=4.91119e-05 -0.000381105 -0.00364203 -0.00221645 -0.00411765 -0.000215013 -0.0026012 0.000199703 6.05255e-07 -0.000145758 0.00337238 0.0100189 -8.74049e-05 0.0078549 -0.000160146 -3.53118e-05 -0.000102791 0.000921625 0.00586145 -0.0103684 0.00116977 0.0045505 0.00716376 0.0118523 0.00427233 0.00074571 -0.00489544 -0.00162848 -0.0034833 -0.00398507 -0.00828512 -0.00244036 -0.000223659 -0.000289534 -0.00405064 -0.00204621 -0.00482979 -0.00497672 -0.00846555 0.0015338 -0.0052166 -0.00623525 -0.00357729 -0.00622018 -0.000168612 0.00246703 2.53777e-05 -0.000327498 -0.00388987 -0.00555807 -0.00347708 -0.00525874 -0.00259722 0.00908573 0.00351824 0.002909 0.00619948 -0.00741806 -9.39036e-05 0.00115174 -0.000450206 0.00149265 0.000228469 -0.00195655 0.00514677 0.00738056 -0.000577204 -0.000324963 0.00164147 -0.000694773 -0.00341221 -0.0046025 -0.000234256 -0.000426073 -0.00521971 0.000714173 -0.000938395 0.00659634 -0.000144971 -6.99227e-09 -0.000152526 -0.00247423 0.0003306 -0.00455675 -0.00136599 -0.0067433 0.000522409 0.000638457 0.000859778 -0.00128914 -0.000246991 0.0015346 0.000653779 0.00416664 0.00519747 0.00191113 -0.00322364 -0.000215688 0.00501978 -0.000833695 0.000851642 0.00280122 0.00145932 -0.000329589 -0.00390489 0.00375753 -0.000299735 -0.0049842 0.00423272 -0.00310127 -0.00404828 -0.00844133 -0.00221277 -0.0028092 0.00139188 0.000882211 0.00100536 -0.00504105 -0.00575019 0.000785175 -9.94946e-05 0.00136819 -0.00206535 0.00465589 0.00203573 -0.00287557
internal_weight=105296 70498 3405 3048 2402 67093 5571 2684 61522 58955 2567 634 58651 526 58125 56641 56209 34798 1188 679 1933 1414 1038 620 1164 33610 1484 1723 769 1251 636 1105 54795 54246 1679 1396 1018 850 585 681 2887 2545 1731 1244 52567 2975 2178 49592 3041 2447 1912 1624 1241 797 1486 594 549 692 46551 10332 36219 2365 2007 1386 621 769 35321 31843 5025 26818 3874 3363 22944 22324 1228 4530 3077 620 21096 20732 20346 3515 16831 989 3031 622 2455 15842 15301 3644 3197 11657 8745 2912 1409 941 532 7336 767 6569 3536 2656 2293 1821 976 845 534 880 1453 2864 2548 744 1804 3033 820 32843 32054 767 857 2848 2549 2075 1010 1065 799 3478
internal_count=105296 70498 3405 3048 2402 67093 5571 2684 61522 58955 2567 634 58651 526 58125 56641 56209 34798 1188 679 1933 1414 1038 620 1164 33610 1484 1723 769 1251 636 1105 54795 54246 1679 1396 1018 850 585 681 2887 2545 1731 1244 52567 2975 2178 49592 3041 2447 1912 1624 1241 797 1486 594 549 692 46551 10332 36219 2365 2007 1386 621 769 35321 31843 5025 26818 3874 3363 22944 22324 1228 4530 3077 620 21096 20732 20346 3515 16831 989 3031 622 2455 15842 15301 3644 3197 11657 8745 2912 1409 941 532 7336 767 6569 3536 2656 2293 1821 976 845 534 880 1453 2864 2548 744 1804 3033 820 32843 32054 767 857 2848 2549 2075 1010 1065 799 3478
is_linear=0
shrinkage=0.0667171


Tree=36
num_leaves=127
num_cat=0
split_feature=119 105 69 148 60 39 153 201 92 13 182 164 169 13 43 36 96 81 12 20 153 20 36 181 24 19 100 70 17 82 11 21 4 181 80 73 3 95 54 128 20 84 15 12 84 48 92 82 92 105 81 9 4 2 12 199 5 21 16 4 10 92 80 80 19 80 13 65 73 197 103 5 15 149 73 73 82 21 153 7 82 12 11 20 199 104 201 199 84 97 21 19 80 26 152 12 95 73 201 97 17 201 199 82 164 11 69 95 165 169 95 15 62 199 183 192 11 96 12 3 82 37 62 96 20 171
split_gain=7.04173 7.07006 7.57917 6.76304 6.35261 6.52555 6.06878 8.68334 6.78913 6.66744 6.47601 7.90316 8.45618 6.82549 6.67248 6.62871 8.30143 6.34811 6.6027 6.60846 9.29846 7.85645 9.59707 7.07045 8.79766 10.6757 7.55074 7.35586 9.94788 7.31972 10.2663 7.05307 6.72005 6.67388 6.22733 6.11319 6.02677 5.94487 5.58066 5.43291 5.40772 5.27794 5.20745 6.09337 10.1625 8.55022 6.80644 9.46436 9.13299 8.61993 7.81208 6.69355 6.36617 8.39378 6.39327 6.25287 6.11925 5.76497 5.64723 5.56252 8.38504 5.53816 5.76321 8.30554 5.49763 7.9899 5.30148 5.24669 6.1434 6.3937 6.64796 8.41698 8.11109 6.12996 5.64855 5.49638 6.71643 5.36511 5.20367 5.10087 5.53453 9.78428 9.55514 11.9203 7.54935 6.07398 5.52843 5.38832 5.08907 5.03567 6.09815 5.0348 5.01624 4.99155 6.58564 4.97936 4.95781 4.90172 4.89435 4.86296 5.75367 10.4514 12.1635 8.80454 11.1114 7.73969 7.37115 6.47427 5.79844 5.94384 7.56692 7.20432 7.33956 7.94161 5.80693 5.72473 5.4779 5.46084 5.33082 7.69761 5.12448 5.11543 5.06567 5.95617 5.00229 4.9784
threshold=-0.042094971984624856 -0.9471675157546996 -1.4842233657836912 -0.32347036898136133 1.3318839073181155 -0.18155261129140851 -0.1326576545834541 -0.73309996724128712 1.0411738157272341 -0.25949919223785395 0.67797318100929271 0.24128054082393649 0.42204678058624273 0.27190391719341284 -0.037228347733616822 -0.16549295932054517 0.2381919473409653 -0.14024760574102399 -0.07955924421548842 0.16250384598970416 -0.23460835963487622 0.12208744138479234 0.48063381016254431 0.41036432981491094 -0.2793362140655517 0.011716746259480717 0.020855360664427284 -0.26212537288665766 -0.28136909008026117 0.19710170477628711 -0.33792497217655176 -0.34648938477039332 -0.26754547655582422 -0.27249363064765925 0.30960506200790411 -0.065491106361150728 -0.39443531632423395 0.27229891717433935 -0.054431701079010957 -0.12034266442060469 -0.12771724909543988 -0.054247420281171792 -0.18076153844594953 -0.032346881926059716 0.31398293375968939 -0.06411478295922278 0.075003515928983702 0.10265707597136499 0.39617055654525762 0.22823510318994525 -0.13360019773244855 -0.36867858469486231 0.39791251718997961 0.27414773404598242 0.032907843589782722 0.10209506005048753 1.0000000180025095e-35 0.068192496895790114 0.28040373325347906 -0.41095972061157221 -0.20175618678331372 0.27979026734828955 -0.031670000404119485 -0.13140590488910672 0.41526569426059728 0.10750357806682588 -0.25501868128776545 0.16877378523349765 0.13442701846361163 -0.37437942624092096 -0.14941434562206266 -1.0000000180025095e-35 -0.064607691019773469 0.086936600506305708 -0.033159213140606873 0.14633584022521975 0.10265707597136499 0.2599575817584992 0.10811208561062814 -0.10479488968849181 -0.37753787636756891 -0.024544933810830113 -0.12431908771395682 0.0092597450129687803 -0.045288464054465287 -0.10294691100716589 -0.14211063086986539 0.011240707244724037 -0.036398544907569878 0.11665215343236925 -0.082867860794067369 0.034564195200800903 0.17492293566465381 -0.073026813566684709 -0.25007244944572443 -0.048649111762642853 -0.017419890500605103 -0.24988090991973874 -0.10455418378114699 -0.25421135127544398 0.48694901168346411 -0.16455614566802976 -0.10127956047654151 0.053881954401731498 -0.098966550081968294 0.031413832679390914 0.097833167761564269 0.12887211889028552 0.57546794414520275 -0.16093011945486066 0.28734329342842108 0.46000769734382635 0.21188222616910937 0.014527366030961277 -0.61522784829139698 -0.21545431017875669 0.0068595884367823609 0.22275473177433017 -0.11396680027246474 -0.28738254308700556 0.0088868723250925558 -0.43650838732719416 -0.14143007248640058 0.098268125206232085 0.046948965638875968 -0.0067456695251166812
decision_type=2 2 2 2 2 2 2 2 2 2 2 2 2 2 2 2 2 2 2 2 2 2 2 2 2 2 2 2 2 2 2 2 2 2 2 2 2 2 2 2 2 2 2 2 2 2 2 2 2 2 2 2 2 2 2 2 2 2 2 2 2 2 2 2 2 2 2 2 2 2 2 2 2 2 2 2 2 2 2 2 2 2 2 2 2 2 2 2 2 2 2 2 2 2 2 2 2 2 2 2 2 2 2 2 2 2 2 2 2 2 2 2 2 2 2 2 2 2 2 2 2 2 2 2 2 2
left_child=99 3 -3 97 6 -6 7 9 10 -4 11 42 15 14 -14 39 -17 -9 -19 21 34 22 23 24 27 26 38 -20 32 30 40 -32 -29 -34 -21 -22 -24 -16 -26 -13 -27 -23 79 45 46 95 50 49 56 64 59 -52 53 55 -55 67 -49 -58 78 -45 -61 62 63 -46 65 -48 -62 68 69 -53 -71 89 -73 74 -74 76 -69 -70 91 86 -81 82 83 -82 88 -86 -8 -85 -84 90 -72 -56 -38 -33 -95 -44 -76 -2 -92 -1 108 103 106 104 -102 115 124 -106 109 110 111 112 -101 117 116 -104 -111 -114 -107 -120 -110 122 -116 -124 125 -103
right_child=1 2 4 -5 5 -7 8 17 -10 -11 -12 12 13 -15 37 16 -18 18 19 20 35 41 36 -25 25 29 -28 28 -30 -31 31 93 33 -35 -36 -37 92 -39 -40 -41 -42 -43 43 44 61 -47 47 48 -50 -51 51 52 -54 54 58 -57 57 -59 -60 60 66 -63 -64 -65 -66 -67 -68 75 77 70 71 72 73 -75 96 -77 -78 -79 -80 80 81 -83 84 87 85 -87 -88 -89 -90 -91 98 -93 -94 94 -96 -97 -98 -99 -100 100 101 102 105 -105 107 118 -108 -109 120 114 -112 -113 113 -115 121 -117 -118 -119 119 -121 -122 -123 123 -125 -126 -127
leaf_value=0.006616504300776458 0.0034988690439722602 0.0085354333086215903 -0.0132645334755697 -0.015341179654397585 0.0011401578775797193 -0.011495566697149186 0.0073370893022155093 -0.0081721036361054929 0.0054856345539195271 0.00038091804161038609 0.0070712287502025734 0.0077742409601855933 -0.0054281014465847608 -0.0061574133278376117 -0.00084395156845521835 -0.0047425468582639367 -0.013921718745572628 0.010224751464182441 0.0062796104284512481 -0.0052960481669495187 0.020395900269652704 -0.013167104849531742 0.0028528519723511015 -0.0073174365259328286 -0.01074063201981554 0.010643055652850821 0.0054043097973004404 -0.0056666464146392353 -0.011532656487135246 0.00042732904842862759 -0.003208224607174748 0.0011805819413765674 -0.0017295047244494436 0.013182126468736295 0.0085027683864092127 0.0056657807421105419 -0.013975250827684459 0.0085271115262832448 1.704479069556869e-05 -0.0042474682534019243 0.023360452066497037 -0.00096847590040282966 -0.0022886730873648941 0.0015560444853085227 0.0089279257038742937 0.0015888764528288442 -0.012949358490514417 -0.0072417437324945365 0.0098855815249994945 -0.0013975666849057513 0.010311363852718643 0.0078487820887586206 -0.009238837749266678 -0.0042504106340704954 0.00043115330602401487 -0.0049218922915018962 -0.004326777984719506 0.0092769580799904362 0.00022173632677373016 0.00059270024120087626 -0.0033320105508595015 -0.0062985466546323686 0.007352766177995569 -0.0026995282784867932 -0.017696810797109552 -0.0010085795504454075 -0.014376665637407623 -0.0028957618421864197 0.011079543905624024 0.0072141954206385358 -0.0035876637581711362 0.0052335396595143569 -0.0030433216014544668 0.0013226757646592449 -0.020790452748776569 -0.00018202034957707678 -0.016540600872067501 0.00058600840857705343 0.014370337970609517 -0.0099414463225998423 -0.017338110413329545 0.0066764320289635984 -0.011435100460702275 0.0020706844774966257 0.0083849577431858915 -0.001021742878186641 -0.00097422592381962085 -0.0098133578990972775 -0.0012333876701799943 -0.0059333646634300912 0.012646792030814719 0.011959567193361048 -0.0019568564590806557 0.019917351669158895 0.0064183600792634939 0.0061370155296739471 -0.0089425991699937299 -0.0071985627859300237 0.00057180504203613834 0.0067988467118896678 -0.013535841120768837 -0.014897393634005508 0.0083871849238191156 0.0071668625791489905 0.0097744738851783166 0.0029969043273584033 -0.014781206434890703 -0.0038340982961639482 0.0032851415390540697 -0.0097247088053560686 -0.0044430097404147663 0.013525356860292466 -0.0031368693069813293 -0.010283123352468764 -0.0018947168177934847 0.00012472686950869828 0.00054551571438465462 0.0084918015843729686 -0.00043568759354028862 -0.011377097299677827 0.013599000327327998 0.00037690341387371009 0.00559354971878107 -0.0036344200492120435 0.0032678323611504282 -0.0031110025081944569
leaf_weight=624 322 431 312 250 295 448 415 278 816 311 477 251 384 599 508 1497 630 412 469 331 253 269 305 309 281 346 953 426 446 511 282 290 264 258 254 262 339 712 850 486 284 390 4408 427 388 13899 569 632 320 793 262 389 349 373 461 1545 275 270 635 417 297 260 1121 901 333 452 600 457 452 367 291 261 381 273 253 1057 251 426 391 503 442 454 463 374 377 1537 2390 301 422 273 387 268 294 268 425 331 460 449 250 1314 253 252 465 1081 309 333 460 303 1512 466 438 375 336 279 703 1882 442 373 525 641 251 24306 2413 350 263 452
leaf_count=624 322 431 312 250 295 448 415 278 816 311 477 251 384 599 508 1497 630 412 469 331 253 269 305 309 281 346 953 426 446 511 282 290 264 258 254 262 339 712 850 486 284 390 4408 427 388 13899 569 632 320 793 262 389 349 373 461 1545 275 270 635 417 297 260 1121 901 333 452 600 457 452 367 291 261 381 273 253 1057 251 426 391 503 442 454 463 374 377 1537 2390 301 422 273 387 268 294 268 425 331 460 449 250 1314 253 252 465 1081 309 333 460 303 1512 466 438 375 336 279 703 1882 442 373 525 641 251 24306 2413 350 263 452
internal_value=0.000101569 -0.000336055 -0.000246326 -0.0058363 -0.000307563 -0.00642844 -0.000233353 0.00121286 -0.000535238 -0.00639948 -0.000633578 -0.000708145 -0.00320602 -8.45895e-05 0.00216968 -0.00559548 -0.00748413 0.00168967 0.00197566 0.00160689 0.00646266 0.000954726 0.00156427 0.00245725 0.00294081 0.00454067 0.00102761 -0.000896068 -0.00334362 0.00756856 0.00947954 0.00596697 0.00048553 0.00558086 0.000656601 0.0129846 -0.00473117 0.00459749 -0.00263634 -0.000104472 0.0164527 -0.00600584 -0.000425283 -9.78575e-05 -0.000954014 0.000753272 -0.00159507 -0.00412775 -3.63451e-05 -0.00696512 -0.000838721 -0.000149658 -0.000422402 -0.000106357 0.00359968 -0.00112594 -0.00277212 0.00234821 0.00529447 -0.00497472 -0.00712831 0.00284782 0.00385599 0.000785589 -0.010201 -0.00770411 -0.0107578 -0.000177861 0.00103417 -0.000181786 -0.0011748 -0.00228038 -0.00540833 -0.00747592 -0.00970898 -0.00325854 -0.00779883 0.00602764 0.008141 -0.00200707 -0.00331192 -0.00253767 -0.003618 -0.00883331 -0.00152122 0.000819507 0.000247429 -0.00319768 -0.00661 0.00193125 0.00429589 0.00473626 -0.00845256 0.00863679 0.0117118 -0.0016897 -0.0132207 -0.00269107 0.00795993 0.000780026 0.000689579 -0.00101639 -0.00256188 0.003151 -0.00182618 -0.000600652 -0.00781822 0.00298024 0.00105762 0.000849753 0.00361812 0.00495444 0.00353494 -0.000775527 0.00054768 0.00178045 -0.00468847 0.00293195 -0.00434725 -0.00648187 0.00478268 0.000720442 0.00311845 0.00440852 -0.00445909 -0.00739573
internal_weight=105511 64110 63089 1021 62658 743 61915 10672 51243 623 50427 49950 5067 2203 1604 2864 2127 10049 9771 9359 1100 8259 7600 6662 6353 4490 2084 1863 1394 2406 1895 1265 948 522 585 515 938 1220 1131 737 630 659 44883 37205 18567 18638 15897 3644 1497 2147 12253 10512 10250 9901 2128 7773 1177 545 1755 1741 1314 2670 2410 1289 1354 1021 897 6228 4463 3585 3196 2829 1628 1367 1094 1765 708 878 1120 7678 4873 4370 3916 1117 2799 1914 2805 675 885 1201 928 729 633 983 693 4739 713 771 637 41401 40777 7219 5273 1946 865 3846 1427 612 33558 31795 3115 2677 2302 988 28680 2347 908 709 1499 1166 1763 27772 3466 2763 967 704
internal_count=105511 64110 63089 1021 62658 743 61915 10672 51243 623 50427 49950 5067 2203 1604 2864 2127 10049 9771 9359 1100 8259 7600 6662 6353 4490 2084 1863 1394 2406 1895 1265 948 522 585 515 938 1220 1131 737 630 659 44883 37205 18567 18638 15897 3644 1497 2147 12253 10512 10250 9901 2128 7773 1177 545 1755 1741 1314 2670 2410 1289 1354 1021 897 6228 4463 3585 3196 2829 1628 1367 1094 1765 708 878 1120 7678 4873 4370 3916 1117 2799 1914 2805 675 885 1201 928 729 633 983 693 4739 713 771 637 41401 40777 7219 5273 1946 865 3846 1427 612 33558 31795 3115 2677 2302 988 28680 2347 908 709 1499 1166 1763 27772 3466 2763 967 704
is_linear=0
shrinkage=0.0667171


Tree=37
num_leaves=127
num_cat=0
split_feature=73 2 92 182 99 37 40 81 201 79 4 73 200 12 92 153 21 12 95 21 19 73 3 156 97 5 181 80 41 152 198 92 95 36 19 152 183 95 182 159 36 143 61 1 92 70 73 92 101 92 24 183 150 181 95 182 181 14 21 97 200 80 80 149 159 10 10 19 74 85 12 14 153 95 25 182 19 92 4 33 157 73 92 179 85 92 153 192 61 61 21 101 62 70 19 36 19 65 97 200 95 12 164 12 14 22 15 101 157 85 199 4 199 183 3 62 99 153 97 201 19 196 80 15 10 95
split_gain=7.38176 17.2158 8.60038 13.2442 8.01443 7.9174 6.74409 6.57993 7.35915 10.0915 7.55022 6.70539 6.70089 8.48123 16.2666 9.31211 7.49001 6.90974 6.94844 11.9556 9.24498 9.48082 14.9069 9.60571 7.97137 7.39576 6.87337 7.03608 6.54044 6.03791 7.13767 6.73448 9.40814 11.2749 10.6783 9.37064 8.88744 8.60148 8.15512 8.45542 7.84822 7.00036 6.816 6.63863 6.12115 5.94404 9.61486 6.97343 6.63314 6.38431 6.28542 6.14666 5.82572 5.6964 5.62631 5.52624 5.45041 5.38249 5.30408 5.17431 5.51361 5.06355 8.78593 5.01448 4.85786 4.65545 6.54475 4.64137 4.62586 5.05727 5.89442 6.9831 4.73716 13.9732 6.11146 5.9202 8.51993 9.21325 6.26334 6.20227 10.3874 8.52021 6.51176 5.78849 5.73706 5.8592 7.69427 5.55385 5.05494 8.67295 6.57843 5.01555 4.94905 6.29466 4.93815 4.81952 5.42257 6.08156 4.6709 6.69791 4.64505 7.25216 4.51859 7.83118 4.78256 4.49034 4.45848 4.65927 4.44293 4.39729 4.37227 4.2762 4.07496 4.06351 8.10242 7.87331 6.91742 9.73722 8.96225 8.44819 7.95519 9.33028 6.34695 6.32657 7.50912 6.24264
threshold=0.51231443881988536 -0.083806820213794694 0.019818968139588836 -0.31919904053211207 -0.25648251175880427 -0.24014984071254727 -0.035805968567728989 2.5471844673156743 -0.73309996724128712 0.01938024535775185 0.1405884996056557 -0.63421696424484242 -0.40863567590713495 -0.13689181208610532 -0.026029394939541813 -0.12040429934859274 0.018274062313139442 0.50286203622818004 -0.062873438000679002 0.028737356886267666 0.59796825051307689 0.039310900494456298 0.48238080739974981 -0.002148731029592454 0.087052330374717726 1.0000000180025095e-35 -0.26017600297927851 0.05134673789143563 0.13744643330574038 0.16340942680835727 -0.82214939594268788 -0.1105191335082054 -0.13602847605943677 0.15845070779323581 -0.079188324511051164 0.44774132966995245 0.18541634827852252 -0.33817273378372187 -0.074827987700700746 0.019516585394740108 1.0000000180025095e-35 0.085714701563119902 -0.018331225961446759 -0.055397728458046906 -0.084093559533357606 0.30019359290599829 0.2066614702343941 -0.026029394939541813 0.0041916167829185733 0.15077020227909091 0.2856555581092835 0.030427284538745884 0.25202178955078131 -0.21204070746898648 -0.24697326123714444 0.033409463241696365 0.005663603777065874 0.67857885360717785 0.24143882095813754 -0.18323364853858945 -0.094451636075973497 0.053834171965718276 0.36100783944129949 0.21489132195711139 0.019516585394740108 -0.18071924895048139 -0.016643485985696312 0.354548990726471 0.76344355940818798 0.40393386781215673 -0.26041214168071741 0.28720982372760778 0.19492654502391818 -0.083072487264871583 -0.03165102191269397 0.27091543376445776 0.38601806759834295 0.15901041775941852 -0.50133109092712391 -0.027961364015936848 0.083966974169015898 -0.0082732192240655405 -0.13265854120254514 0.19272869825363162 -0.26244810223579401 0.23966352641582492 -0.062081513926386826 -0.058677028864622109 0.030973452143371109 0.23577749729156497 -0.14239804446697232 -0.060052832588553422 -0.14353312551975247 0.055183673277497299 -0.11290423199534415 0.23591549694538119 0.4019292443990708 -0.4083621203899383 -0.073197003453969942 -0.03124754503369331 0.31435681879520422 -0.15282770991325376 0.53724822402000438 0.095878649502992644 0.11012648791074754 -0.07769636437296866 -0.19922307878732678 -0.0093634836375713331 0.038748728111386306 0.69780355691909801 -0.10127956047654151 0.0040748808532953774 -0.11993220075964926 0.0704847387969494 0.40927968919277197 -0.15615142136812207 -0.12277569249272345 0.019874912686645988 -0.185340940952301 -0.026396395638585087 -0.16850026696920392 -0.48506137728691096 0.28192162513732916 -0.24076154083013532 0.079688854515552535 -0.051629528403282159
decision_type=2 2 2 2 2 2 2 2 2 2 2 2 2 2 2 2 2 2 2 2 2 2 2 2 2 2 2 2 2 2 2 2 2 2 2 2 2 2 2 2 2 2 2 2 2 2 2 2 2 2 2 2 2 2 2 2 2 2 2 2 2 2 2 2 2 2 2 2 2 2 2 2 2 2 2 2 2 2 2 2 2 2 2 2 2 2 2 2 2 2 2 2 2 2 2 2 2 2 2 2 2 2 2 2 2 2 2 2 2 2 2 2 2 2 2 2 2 2 2 2 2 2 2 2 2 2
left_child=7 -2 6 -4 -5 -6 -3 8 9 61 11 -11 13 14 -10 16 26 18 20 24 21 22 23 -17 -20 -25 111 -28 29 30 -14 36 33 37 54 44 40 -33 112 -40 42 -39 63 -37 64 47 -47 59 49 -49 -51 -48 -8 -13 -35 -54 -44 -29 -42 -46 -61 -1 -63 -31 -34 -50 -67 -55 69 72 -71 110 75 74 -74 84 78 -78 -77 80 83 98 -83 -80 85 87 88 92 -87 90 -90 -75 94 100 -32 96 97 -91 -81 -100 101 -94 103 104 -84 -43 -30 -108 -21 -109 -72 -15 -36 -86 115 -115 117 118 -117 -118 123 -122 -116 -121 -125 -119
right_child=1 2 3 4 5 -7 52 -9 12 10 -12 53 28 15 -16 17 -18 -19 19 108 -22 -23 -24 25 -26 -27 27 57 106 31 68 32 35 34 38 43 -38 41 39 -41 58 105 56 -45 45 46 51 48 65 50 -52 -53 55 67 -56 -57 -58 -59 -60 60 -62 62 -64 -65 -66 66 -68 -69 -70 70 71 -73 73 91 -76 76 77 -79 79 81 -82 82 102 -85 113 86 -88 -89 89 95 -92 -93 93 -95 -96 -97 -98 -99 99 -101 -102 -103 -104 -105 -106 -107 107 109 -110 -111 -112 -113 -114 114 122 116 119 125 -120 120 121 -123 -124 124 -126 -127
leaf_value=0.009183866205402829 -0.017652039611346031 -0.0027322366963700726 0.0052536960722535898 -0.01766544829714255 0.004041641171555266 -0.0090190076119203468 -0.0021189853470885943 0.009129834329382993 -0.0035890582150667747 0.0044603240755590814 -0.012275442902956204 -0.00097087633146404921 -0.01112194528849169 0.0030422208183184642 0.014965493861632668 0.0022233130901493834 0.01537468714708539 -0.0086501277933287574 -0.010736707721291337 0.00600739929459344 0.0085085104498547944 -0.012727415197920167 0.010318032019480099 -0.0037920900099805456 0.0041595019553588002 -0.01948873657766366 0.01467806375891903 -0.0018838006375605271 -0.0051177111543688498 0.0014749855001625158 0.0024381178511801828 0.01438825060548337 0.0054549495450032619 0.0072581320164187765 -0.0072078681283854933 -0.010631988249923032 -0.012689756389585045 -0.0017610615952792512 -0.017277043168506461 -0.0021080322730559851 -0.0017454370916946283 0.012295777174533213 0.0023591761644739437 0.0025877468484770275 0.0089588921492500615 0.0071489072259339186 -0.0097317325577572378 0.013543114382697747 -0.0033987749693225717 0.012270040943520653 -0.0015671878574529258 0.0023186164125912172 0.0027419886765511115 -0.0045628034779978391 -0.0031074824567270112 0.012855946815747657 -0.0097227164034545972 0.010091016030017127 -0.013266558263630747 0.0057126224748822001 -0.0061539271885840928 -0.0064950874884704699 0.0081376045514387901 0.011901801789347495 0.018513306421463548 0.011547441018724996 7.0066139455603359e-05 -0.017517771055268177 -0.0080637277418031585 0.011152947433262096 0.0039447866023124972 0.0082031964066740758 -0.0034741157864344977 -0.0051899471698012931 0.0091763187053513218 -0.004343759878430711 -0.012742094158154041 0.003015485375595615 0.0032014498839175913 0.0036204983969396051 0.0069885474508693301 0.012348565656708747 -0.0028630283269455051 -0.0072748435222141456 0.00073835495057503772 0.004805682999852884 -0.01387889450478481 -0.0020733453389167704 -0.016331316047350598 -0.014679334010604035 -0.0033525386009177495 -0.01829727289687242 -0.00093076783125547698 -0.0035075933164608365 -0.010254935594834201 0.0068209146681156478 0.0043118938899711183 -2.8782024130216078e-05 0.003952598354232539 0.01694717110746433 -0.0019430533008675589 0.0094332631004500848 0.0081828761595854477 -0.010517256044998251 0.0071585370796036418 0.0022605078170584922 0.0015114805152121298 -0.0014999555057478085 0.017777661385313216 0.005430873659525999 -0.0018103449681542436 -0.0075134615479710643 0.0039553948508127068 -0.0044058667542592588 -0.0029081626569904952 0.015889412358570752 -0.0055963877535565492 -0.0087881078906683202 0.0035736956254303399 0.003667091041490407 -0.0071261305138422999 0.0022537726298191025 -0.013063853324543885 -0.011776029280618617 0.0011018262558072274 0.0022874346390156968
leaf_weight=309 312 1331 408 317 277 756 498 354 324 362 597 506 252 358 575 395 265 428 271 357 306 417 359 285 377 259 335 414 1143 408 255 274 273 466 271 306 275 1075 469 257 610 337 447 364 254 528 434 958 312 258 321 322 646 257 455 391 258 272 253 263 494 474 292 426 251 456 436 250 307 321 895 591 373 254 304 461 336 314 351 371 673 253 417 675 22567 311 333 4913 362 250 346 284 411 513 279 287 267 254 268 557 354 1046 288 291 419 501 3142 14707 251 414 1693 317 304 1656 1279 420 1177 297 721 305 511 5597 351 583 298 916
leaf_count=309 312 1331 408 317 277 756 498 354 324 362 597 506 252 358 575 395 265 428 271 357 306 417 359 285 377 259 335 414 1143 408 255 274 273 466 271 306 275 1075 469 257 610 337 447 364 254 528 434 958 312 258 321 322 646 257 455 391 258 272 253 263 494 474 292 426 251 456 436 250 307 321 895 591 373 254 304 461 336 314 351 371 673 253 417 675 22567 311 333 4913 362 250 346 284 411 513 279 287 267 254 268 557 354 1046 288 291 419 501 3142 14707 251 414 1693 317 304 1656 1279 420 1177 297 721 305 511 5597 351 583 298 916
internal_value=-3.32828e-05 -0.00255162 -0.00151874 -0.00519088 -0.00838211 -0.00548089 0.000724191 9.01308e-05 5.76452e-05 -0.00316866 -0.00600612 -0.0032511 0.000159306 0.002217 0.00823308 0.00125451 0.00497081 -0.00070517 0.000326602 0.00422737 -0.00208242 -0.00400262 -0.00116183 -0.00559831 -0.0020214 -0.0113432 0.00331293 0.00676613 9.67011e-06 0.000306249 1.06322e-05 0.0015869 0.00234067 -9.64896e-06 -0.00336247 0.00400927 -0.00139471 0.00338047 -0.00725559 -0.0119527 -7.91085e-05 0.00177527 0.00276074 -0.00339917 0.00491002 0.00418399 0.000241133 0.00552441 0.00727176 0.0101859 0.00456607 -0.00455096 0.00374452 -0.00604385 0.00209767 0.00659751 -0.00202192 0.00283438 -0.00517474 0.000755411 -0.00197644 0.00200115 -0.000861488 0.00684494 0.0117889 0.00351978 0.00597919 -0.0110327 6.0372e-05 0.00010483 0.00256121 0.00167766 -5.46001e-05 -0.00416796 0.0021561 4.00657e-05 0.00207536 -0.00507548 0.0030098 0.00376263 0.000548681 0.00565729 0.0025485 -0.00365156 -0.000205753 -0.00160703 -0.00448178 -0.000710579 -0.00294962 -0.0043393 -0.0100432 -0.0121795 0.00162026 0.00295971 -0.00412777 -0.000483373 -0.00325277 -0.00733942 0.00995884 0.012769 0.00481449 0.00648424 0.000755933 -0.00112558 0.00211912 0.00634441 -0.00107549 -0.000820215 0.0109386 -0.00130711 0.000169226 -0.00186364 -0.00126371 0.000182363 -0.00070438 -0.000123809 0.000528977 0.00372728 0.00814703 -0.000356453 0.000485775 0.00146091 -0.00512425 -0.00450049 -0.00737872 -0.000404167
internal_weight=105431 4936 4624 1758 1350 1033 2866 100495 100141 3047 1972 1375 97094 6565 899 5666 1961 3705 3277 1256 2021 1715 1298 939 648 544 1696 1021 90529 71123 57807 13316 10639 4409 2222 6230 2677 2187 1301 726 2402 1913 1539 670 5560 5036 1284 3752 2741 1537 579 756 1535 1013 921 1037 705 686 863 1011 757 1075 766 834 524 1204 892 507 57555 57248 3500 3179 53748 1215 677 52533 5674 650 5024 4563 1699 2864 1668 1026 46859 10181 2410 7771 2077 1766 708 538 2858 2324 534 1058 771 504 1196 825 1811 1457 1415 1127 836 838 19406 18263 608 15121 2588 675 575 36678 14111 12481 10825 2354 1141 8471 7294 6108 1630 1186 881 1213
internal_count=105431 4936 4624 1758 1350 1033 2866 100495 100141 3047 1972 1375 97094 6565 899 5666 1961 3705 3277 1256 2021 1715 1298 939 648 544 1696 1021 90529 71123 57807 13316 10639 4409 2222 6230 2677 2187 1301 726 2402 1913 1539 670 5560 5036 1284 3752 2741 1537 579 756 1535 1013 921 1037 705 686 863 1011 757 1075 766 834 524 1204 892 507 57555 57248 3500 3179 53748 1215 677 52533 5674 650 5024 4563 1699 2864 1668 1026 46859 10181 2410 7771 2077 1766 708 538 2858 2324 534 1058 771 504 1196 825 1811 1457 1415 1127 836 838 19406 18263 608 15121 2588 675 575 36678 14111 12481 10825 2354 1141 8471 7294 6108 1630 1186 881 1213
is_linear=0
shrinkage=0.0667171


Tree=38
num_leaves=127
num_cat=0
split_feature=89 52 167 11 183 73 0 158 114 18 200 0 11 18 84 92 179 14 150 6 98 11 82 73 61 19 168 20 160 20 81 135 82 200 71 24 80 20 3 79 81 38 69 134 89 173 82 48 82 16 20 20 21 73 19 8 80 19 9 19 16 3 18 183 183 18 84 61 19 61 18 199 20 20 170 15 3 149 97 158 4 5 127 11 69 188 17 176 63 73 152 4 197 11 20 24 182 198 12 73 4 97 163 20 198 24 187 157 19 151 4 156 198 19 18 11 104 24 150 99 24 47 11 21 20 21
split_gain=8.79671 7.19457 5.64802 5.53339 7.1682 5.51784 6.33876 6.54747 6.1195 5.30353 5.21503 5.17092 4.76122 5.17647 4.8355 4.83763 5.75742 5.46656 4.73112 5.42506 4.63831 4.46569 5.87438 5.00949 7.3964 10.0957 5.79128 5.36786 7.03708 5.32763 5.47713 4.96583 5.80396 6.47526 5.23946 4.94194 8.16693 7.07433 5.5367 5.47458 5.31837 5.82108 5.1141 4.90392 4.84999 4.78867 4.77139 4.71122 4.67247 5.833 4.71893 4.81221 4.54214 4.7962 4.41784 5.42832 4.40705 5.56007 4.39996 5.27924 5.6829 4.44243 4.37288 7.52666 5.74374 4.78126 4.64352 4.44228 4.41172 4.31544 6.55126 5.20003 4.97881 4.72881 4.73829 4.47908 5.54794 4.72726 4.46014 6.45603 4.43869 5.90708 4.25163 4.21562 4.24315 4.16386 4.16318 4.27445 4.16072 4.1436 8.22316 4.13269 4.11881 4.02353 7.17003 6.56234 7.22921 5.63513 6.78054 7.16412 5.30528 4.92768 4.82329 5.24162 5.85664 6.39038 5.98578 5.06879 6.26745 4.69754 5.36406 4.46985 4.23702 7.2895 4.36757 5.69095 5.08517 5.34844 4.43298 4.04557 4.03755 4.30295 3.98599 4.03368 4.22417 4.68662
threshold=-0.074024260044097887 0.28341875970363622 0.97915107011795055 -0.099570166319608674 -0.59283438324928273 -0.48272162675857538 0.43323864042758947 0.33688545227050787 0.4575678706169129 0.16934926807880404 0.24588055163621905 0.49289773404598242 0.6826256811618806 0.12685234844684604 0.17092318832874301 -0.13046908378601071 -0.11309712752699851 -0.11159970238804816 -1.5187031030654905 -0.06605923548340796 0.37064610421657568 -0.85563376545906056 -0.044862980023026459 0.043373275548219688 0.063843239098787322 0.66167718172073375 0.88759061694145214 0.28475072979927069 0.041629256680607803 -0.71940001845359791 1.3503573536872866 -0.1135139800608158 0.25681485235691076 0.16128806024789813 0.29099294543266302 0.49340364336967474 -0.031670000404119485 0.085137289017438902 -0.1485595032572746 0.16972218453884128 -0.16315533965826032 -0.1788264065980911 0.16781206429004672 0.73340165615081798 0.01346201589331031 0.20339506119489673 -0.18977405130863187 0.036866828799247749 -0.020832457579672333 -0.40689788758754725 -0.15614944696426389 -0.47429855167865748 -0.034580750390887253 -0.087549861520528779 -0.11523995175957678 1.0000000180025095e-35 -0.18697274476289746 -0.11290423199534415 0.033777004107832916 -0.1291033327579498 0.054961033165454871 -0.4823808073997497 -0.042091308161616318 0.06608618795871736 -0.33994887769222254 0.048116011545062072 -0.22788868099451062 0.10050569102168085 0.040493907406926162 -0.033501897007226937 0.13985770940780642 -0.062658898532390581 0.052328854799270637 -0.040071429684758179 -1.0000000180025095e-35 -0.10999230667948721 0.3262240737676621 0.041342878714203841 0.16408016532659533 -0.0068774910178035489 -0.11721936985850333 -1.0000000180025095e-35 -0.34197653830051417 0.0115319243632257 0.055618315935134895 -0.040436957031488412 0.62080246210098278 0.056550286710262306 -0.07617821171879767 0.014173139352351429 0.036865694448351867 0.052858233451843269 -0.0036387335276231165 -0.35706810653209681 0.16250384598970416 0.028023116290569309 -0.14863721281290052 0.16680585592985156 0.20175729691982272 -0.10991029813885687 -0.069100182503461824 0.16012634336948398 0.21210235357284549 0.02531452011317015 -0.0077246888540685168 0.4033926278352738 0.073984988033771529 -0.18467888236045835 -0.10939347743988036 -0.083071555942296968 -0.20237678289413449 0.017725167796015743 -0.069490939378738389 0.19541774690151217 0.031402070075273521 -0.18634078651666638 -0.02374966628849506 0.22685661911964419 0.011898363474756481 -0.039071030914783471 -0.11346785724163054 -0.24820920825004575 0.49361559748649603 -0.13180750608444211 0.0092597450129687803 -0.054156607016921036
decision_type=2 2 2 2 2 2 2 2 2 2 2 2 2 2 2 2 2 2 2 2 2 2 2 2 2 2 2 2 2 2 2 2 2 2 2 2 2 2 2 2 2 2 2 2 2 2 2 2 2 2 2 2 2 2 2 2 2 2 2 2 2 2 2 2 2 2 2 2 2 2 2 2 2 2 2 2 2 2 2 2 2 2 2 2 2 2 2 2 2 2 2 2 2 2 2 2 2 2 2 2 2 2 2 2 2 2 2 2 2 2 2 2 2 2 2 2 2 2 2 2 2 2 2 2 2 2
left_child=2 18 3 4 9 -5 8 85 12 91 -4 56 13 14 20 17 -17 -16 -2 -20 86 22 -21 29 26 -26 27 35 -29 -23 31 32 33 -31 43 39 37 38 54 40 -25 -42 -38 44 45 -33 -35 -27 49 -46 51 -50 53 -34 55 -37 57 -6 61 -60 -61 -41 64 88 -52 -65 -66 68 -68 71 -71 80 73 74 -73 76 77 -72 -77 -80 81 -15 -3 84 -36 -8 87 -7 -64 -19 -91 -1 -56 94 95 97 -97 98 -58 111 -99 -98 103 104 105 106 -95 -104 -109 110 -96 -100 113 119 116 -116 117 -114 -117 -105 -110 -122 123 -43 -125 -126
right_child=1 82 10 5 11 6 7 -9 -10 -11 -12 -13 -14 69 15 16 -18 89 19 21 -22 23 -24 24 25 47 -28 28 -30 30 -32 34 52 46 83 36 42 -39 -40 58 41 122 -44 -45 48 -47 -48 -49 50 -51 62 -53 -54 -55 92 -57 93 -59 59 60 -62 -63 63 65 66 -67 67 -69 -70 70 75 72 -74 -75 -76 78 -78 -79 79 -81 -82 -83 -84 -85 -86 -87 -88 -89 -90 90 -92 -93 -94 102 109 96 101 100 99 -101 -102 -103 107 112 -106 -107 -108 108 120 -111 -112 -113 114 -115 115 118 -118 -119 -120 -121 121 -123 -124 124 125 -127
leaf_value=-0.0033140854356282692 0.0066751062570743645 -0.0088423108086890054 0.010067856515212425 0.0065672448475683166 0.00033531534369705263 0.00057024999796655 -0.0010445399353175453 0.0036314055690325007 0.0055281380218308099 0.0022506996502368298 0.00018131172852088918 0.0086550957581991491 -0.0051064010073373911 0.0069390252610927756 -0.0087726754179820541 -0.00077258493419309776 0.0056367521070822433 -0.0036292438420188547 -0.0067371065639414765 -0.010216977583124355 0.0069111036497538861 -0.0046371667094891296 0.0022701494488570721 -0.0086830774037524438 -0.0050234274228156441 0.01015182270271923 0.0094763453998907062 0.0062790264782675896 -0.0029676195403347005 0.003410098954330306 0.0076506092116559047 0.0033391633300564817 0.00022634063136701556 -0.0081627844066989794 0.0022208975634614887 0.0084876977139148064 0.0055246508985875116 -0.013553649370689067 -0.012624849730092253 0.0072404456770202132 0.0023258403326290996 -0.0092525724273954061 -0.0043806701970631251 0.0072895369520342441 0.0038662734558981005 -0.006361270441969249 0.00078178991869094024 -0.00061230467848451069 0.002105911178536641 -0.0037232634157674084 -0.0063313171121889148 -0.005172540396459529 0.0021563264298537612 -0.0095630063408731567 -0.011778462750515197 -0.0039792669492475343 -0.0068887409484991195 -0.012532516282325191 -0.0017562626956425299 0.016519293881972725 0.0044709025095817385 -0.0014820270173892757 0.0068451435863691882 -0.0080045073315645875 0.011256246696076284 -0.0014009449821726608 0.0025663474693443304 0.0057001263292239474 -0.005292650215019663 0.011933820476116415 0.0018513323061653819 0.0074119629687113692 -0.0014937008532962088 0.008532323515302127 -0.0037926622843590576 0.006765133909986564 0.0063099126317917665 -0.0090345615748069763 0.006973140150389111 -0.0049403742623042243 -0.0080033869194566995 -0.0057779182425420159 -0.0020296463315322465 0.0050887910389324229 -0.0056349910128455308 -0.0080819554316124368 -0.0085066201378329685 -0.0022373615713672276 -4.3703158999860273e-05 0.01401317701814919 -0.0026143673562495809 -0.013523432354668331 -0.00031236718760553508 -0.0046508385041507568 0.0044423822641378851 -0.0037323881261819526 0.011914799391758669 -0.01210941581807095 0.0085746252511692111 -0.0067103585800203864 -0.00064203636550473197 0.0011994791661639136 -0.012193934852395253 0.0020813421743479821 0.00068164261976671428 -0.010766791792722817 0.0054805292216050464 0.0059796006766424849 0.00085169633407735344 -0.00035005205340511204 0.016905909787526725 0.00037804175360703314 -0.002116862086233481 -0.0043768251040346706 0.0093686790407875187 0.0052542645143092981 0.0017006568202957415 -0.014505270728333592 -0.0049349140717915452 0.0096962802639348668 -0.0015578706553138471 -0.01310842910531374 -0.0091465808137686858 0.0015803337951971472 0.0046888199663898348 -0.0030834370213889085
leaf_weight=337 427 430 536 794 296 8168 705 542 1386 250 435 291 556 324 309 858 2186 397 582 443 390 916 260 397 3452 288 259 1069 548 6025 469 1848 395 371 1063 302 576 427 254 313 2002 276 381 334 495 253 893 462 544 4396 300 1491 656 486 278 310 443 287 326 252 591 1455 587 728 292 1518 945 1020 475 425 325 286 810 781 395 1601 351 374 379 426 449 319 8139 1375 426 823 276 3418 1122 251 268 393 287 1040 358 332 506 371 642 297 356 316 291 559 1874 531 340 296 319 271 280 562 398 347 372 324 520 259 448 733 253 349 311 1855 378 3410
leaf_count=337 427 430 536 794 296 8168 705 542 1386 250 435 291 556 324 309 858 2186 397 582 443 390 916 260 397 3452 288 259 1069 548 6025 469 1848 395 371 1063 302 576 427 254 313 2002 276 381 334 495 253 893 462 544 4396 300 1491 656 486 278 310 443 287 326 252 591 1455 587 728 292 1518 945 1020 475 425 325 286 810 781 395 1601 351 374 379 426 449 319 8139 1375 426 823 276 3418 1122 251 268 393 287 1040 358 332 506 371 642 297 356 316 291 559 1874 531 340 296 319 271 280 562 398 347 372 324 520 259 448 733 253 349 311 1855 378 3410
internal_value=-5.73779e-05 -0.00058666 0.00064352 0.000532579 -0.000465995 0.00108739 0.000929105 -0.00261481 0.00121599 -0.0059841 0.00567241 -9.91329e-05 0.000968471 0.00111248 0.000457959 0.00239143 0.00381825 -0.00112383 -0.000288583 -0.000347632 -0.000213328 -0.000273179 -0.0055433 -0.000198 -0.00100015 -0.00349523 -0.00035292 -0.000515395 0.00312079 0.000358665 0.000520739 0.000399722 0.00170983 0.0024975 -0.000200518 -0.000927027 -0.00343367 -0.00601465 -0.00373052 -0.000313643 -0.00116283 -0.000794132 0.00153857 -0.000663318 -0.000832317 0.00214733 -0.00182194 0.00348039 -0.00128501 -0.00294601 -0.00038055 -0.00320734 -0.00200019 -0.00513708 -0.00176412 0.00211697 -0.000277524 -0.0059456 0.00216905 0.00534098 0.00813259 5.15483e-05 0.000438815 -0.00101612 0.00234743 -0.0035592 0.00331851 0.00234743 -4.14835e-05 0.0026 0.00411766 0.000838853 0.00266336 0.00499116 0.000877561 0.0031415 -0.000462058 -0.00392506 0.00472787 0.000635266 -0.00292527 0.000573773 -0.00237709 0.00242777 -7.6283e-06 -0.00485828 -0.000451686 -0.000255409 0.0023054 0.0014298 0.00537029 -0.00886386 -0.00601846 -3.8024e-05 0.00154093 0.000266009 0.00447105 -0.00154085 0.000316107 0.00247311 -0.00654271 0.00783651 -0.0008496 -0.0001729 -0.0019512 -0.00455028 -0.00212604 -0.00429881 -0.00237146 0.00685897 0.00998301 0.00477805 0.00151866 0.00411458 -0.00030088 0.00261408 -0.00316379 -0.00706651 -0.000607807 0.00642969 -0.00509986 -0.00831345 -0.00180262 -0.00140834 -0.0010155 -0.00229584
internal_weight=105547 60163 45384 44413 15841 28572 27778 2070 25708 980 971 14861 24322 23766 16521 4269 3044 1225 51594 51167 12252 50585 703 49882 20459 4202 16257 15998 1617 29423 28507 28038 8826 7289 19212 14381 2815 1858 1431 11566 8629 8232 957 16348 16014 2101 1264 750 13913 4891 9022 2035 1537 881 1177 612 14570 583 2937 1169 843 1768 6987 3955 3032 2246 2732 2440 1420 7245 3881 3364 2272 1462 681 3456 1050 699 2406 805 1092 643 8569 2864 1489 1528 11862 11586 1709 916 519 730 565 13987 4734 3825 1154 2671 1944 1501 727 822 9253 7745 3785 1911 1380 1508 1217 909 638 1204 3960 1639 2321 1144 1177 657 772 1292 921 602 6230 5919 5643 3788
internal_count=105547 60163 45384 44413 15841 28572 27778 2070 25708 980 971 14861 24322 23766 16521 4269 3044 1225 51594 51167 12252 50585 703 49882 20459 4202 16257 15998 1617 29423 28507 28038 8826 7289 19212 14381 2815 1858 1431 11566 8629 8232 957 16348 16014 2101 1264 750 13913 4891 9022 2035 1537 881 1177 612 14570 583 2937 1169 843 1768 6987 3955 3032 2246 2732 2440 1420 7245 3881 3364 2272 1462 681 3456 1050 699 2406 805 1092 643 8569 2864 1489 1528 11862 11586 1709 916 519 730 565 13987 4734 3825 1154 2671 1944 1501 727 822 9253 7745 3785 1911 1380 1508 1217 909 638 1204 3960 1639 2321 1144 1177 657 772 1292 921 602 6230 5919 5643 3788
is_linear=0
shrinkage=0.0667171


Tree=39
num_leaves=127
num_cat=0
split_feature=81 105 73 30 169 183 200 11 3 15 201 15 12 200 197 19 80 165 18 16 5 95 81 140 102 12 92 95 15 11 5 82 5 157 20 164 16 92 12 92 99 104 104 153 179 197 69 33 99 99 82 7 153 200 19 19 92 62 40 162 73 73 33 8 97 97 92 99 201 18 197 81 99 21 181 19 92 95 33 92 82 159 20 14 9 20 33 20 84 12 95 61 99 24 18 16 21 18 15 33 73 201 11 95 70 82 99 73 18 199 4 7 33 3 92 14 16 18 14 18 151 99 80 11 165 105
split_gain=7.21924 7.26582 8.07995 7.25001 6.9124 9.245 7.7203 7.09206 12.5773 10.4538 7.94307 9.80978 12.4028 8.50148 8.26586 8.0363 11.3199 7.19931 11.2103 10.8102 9.90656 7.825 7.48788 7.36939 7.29316 7.1921 14.421 7.81729 8.75964 7.1515 11.3965 9.21518 7.11699 9.425 7.02855 13.5832 6.97567 6.92267 6.86972 6.86391 7.03372 6.93834 8.92552 6.68129 6.493 6.48831 6.67692 8.87099 6.18705 8.09651 6.38095 6.18368 6.15288 7.74747 6.14101 15.0652 10.1635 10.2464 10.0935 9.86164 13.2489 11.8406 11.4635 10.0175 9.75575 14.3491 13.7884 10.3768 12.6098 12.4677 11.5328 11.1513 8.95952 11.1112 8.97563 8.8559 10.7624 8.70461 8.84299 8.62462 12.4332 9.5249 9.08415 10.9369 14.4506 10.5386 8.7888 10.3152 8.45927 8.45656 8.38271 8.54088 7.99658 11.9856 8.05383 8.00905 9.35409 8.77845 7.98563 7.94703 8.34399 10.7106 7.79665 8.75151 8.73245 7.76131 7.6777 15.5487 12.5955 12.4281 11.02 9.86798 8.85236 8.78432 7.88758 7.77118 14.6938 7.58724 7.58324 11.7123 9.90211 11.2037 11.777 8.42682 8.16463 7.53508
threshold=2.5471844673156743 -1.079591631889343 -0.24988090991973874 0.25957676768302923 0.71005704998970043 0.34827637672424322 0.10971623286604883 0.32673743367195135 -0.50058883428573597 0.65645384788513195 -0.69461253285408009 0.29077692329883581 -0.034888379275798791 -0.40863567590713495 -0.33688773214817042 0.63709181547164928 0.24572400748729709 -0.17839582264423368 0.055483173578977592 0.08880228549242021 1.0000000180025095e-35 -0.068739466369152055 0.46026644110679632 0.001870958134531975 -0.12262259796261786 -0.13689181208610532 -0.024108157493174073 -0.080095417797565446 -0.18999230861663816 -0.22319108247756955 1.0000000180025095e-35 0.088270425796508803 1.0000000180025095e-35 -0.019814488478004929 0.45837846398353582 0.18163725733757022 0.21698468178510669 0.034381940960884101 0.13795650005340579 -0.0041679795831441871 0.19073621183633807 -0.021666791290044781 0.22566510736942294 -0.020600843243300911 -0.17239747941493985 -0.67013913393020619 -1.2650333046913145 -0.47942185401916498 0.71351563930511486 0.98286113142967235 0.27039639651775366 0.061373161152005203 0.38684666156768804 -0.097013425081968294 -0.11394381150603293 -0.12766180187463758 0.12630677968263629 -0.024710831232368943 -0.10446268692612647 0.17437656968832019 -0.16343951225280759 -0.10717562213540076 -0.19419451057910916 0.0035517261130735282 -0.046946231275796883 0.049886064603924758 -0.026029394939541813 -0.10445492342114447 -0.189411386847496 -0.042091308161616318 -0.092457696795463548 -0.021332628093659874 -0.24463048577308652 0.18140619993209842 0.44691428542137152 -0.14753066003322599 -0.13046908378601071 -0.2647522091865539 -0.027961364015936848 -0.19286263734102246 0.28748568892478948 0.53526213765144359 0.34070920944213873 0.36756695806980139 0.13500583171844485 0.31519766151905065 -0.065089240670204149 0.20301366597414019 -0.46250343322753901 0.10329135879874231 0.12200894951820375 -0.080278132110834108 0.33321930468082434 0.16325004398822787 -0.22151045501232144 0.07607706263661386 0.087442085146904006 0.20737238228321078 -0.11229999735951422 -0.27468197047710413 0.35956692695617681 0.016853659413754944 0.022821893915534023 -0.31709492206573481 0.42625436186790472 0.33620153367519384 0.036867767572402961 0.052315553650259979 -0.24400845170021054 0.011244463268667461 0.37729673087596899 -0.18337257951498029 0.41700212657451635 0.29405258595943456 0.11495679244399072 0.22470982372760775 -0.058612801134586327 0.14948536455631259 0.31398065388202673 -0.24400845170021054 -0.039562435820698731 -0.095307838171720491 -0.13931924849748609 -0.041564073413610451 -0.030171161517500874 -0.10736818984150885
decision_type=2 2 2 2 2 2 2 2 2 2 2 2 2 2 2 2 2 2 2 2 2 2 2 2 2 2 2 2 2 2 2 2 2 2 2 2 2 2 2 2 2 2 2 2 2 2 2 2 2 2 2 2 2 2 2 2 2 2 2 2 2 2 2 2 2 2 2 2 2 2 2 2 2 2 2 2 2 2 2 2 2 2 2 2 2 2 2 2 2 2 2 2 2 2 2 2 2 2 2 2 2 2 2 2 2 2 2 2 2 2 2 2 2 2 2 2 2 2 2 2 2 2 2 2 2 2
left_child=1 2 -1 4 7 6 38 10 9 -9 11 12 -3 15 -14 25 -17 23 19 -19 36 -22 24 -10 -21 26 -12 32 -29 31 -31 -30 51 -34 45 37 -20 -36 -6 41 -41 -26 -43 -39 -40 -15 -47 -48 54 50 -50 -27 53 -38 55 59 57 58 -57 60 -49 -62 -63 -61 67 66 -66 68 -64 71 -71 -69 73 98 79 -70 -77 -67 -79 81 82 99 85 84 89 86 87 102 -76 -84 91 -60 95 94 -94 96 97 -82 125 -74 101 -101 103 -81 -104 -96 110 108 112 -110 111 -88 -108 -111 -112 116 -109 -103 119 -113 -121 122 -122 -123 -120 -56
right_child=-2 3 -4 -5 5 -7 -8 8 17 -11 13 -13 14 34 -16 16 -18 18 20 22 21 -23 -24 -25 39 27 -28 28 29 30 -32 -33 33 -35 35 -37 52 43 44 40 -42 42 -44 -45 -46 46 47 48 49 -51 -52 -53 -54 -55 72 56 -58 -59 90 63 61 62 64 -65 65 77 -68 69 75 70 -72 -73 74 -75 88 76 -78 78 -80 80 92 -83 83 -85 -86 -87 106 -89 -90 -91 -92 -93 93 -95 105 -97 -98 -99 -100 100 -102 117 104 -105 -106 -107 107 115 109 113 114 118 -114 -115 -116 -117 -118 -119 124 120 121 123 -124 -125 -126 -127
leaf_value=0.0025487787166577412 0.00874432531707388 0.0031600807563481443 -0.010130582127872254 -0.0014791163091634088 -0.0021568570817067515 0.012300424603975037 -0.0027550957330299132 0.016607935273001591 -0.0033129704754357677 -0.0011402643683827457 -0.0035212060303683912 0.0041380872397144214 -0.0031730849320758809 -0.0061360886092726363 -0.013795172903780101 0.019905071402124663 0.0019592589406189518 0.0075094022420792049 0.0091630838400150912 -0.00076023164534627056 -2.9253275474576523e-05 -0.016131049338514138 0.0017972513551295674 0.0074341764835527202 -0.01613898127832639 0.0056349901471988801 0.015972073640879544 0.014228487532819703 0.0029246318326158864 -0.00023931374172566917 0.013922003003310672 -0.011462945833817411 0.0010621625131003018 -0.014728274040000157 0.0098105968068542843 -0.0081883437392882216 0.010430083929138729 0.0073876238608278633 0.00086909311135351987 -0.016889827553907773 -0.0044950943716822725 -0.0012471696158920067 -0.013626561128893881 -0.003577157245006758 0.012292085931755278 0.0084711018263152055 -0.0080273240397087994 -0.015423133145745737 0.0041565269314058247 -0.0023818092024307297 0.015859061987500526 -0.0058182194834099435 -0.0085050239730061882 -0.0016716716169677803 -1.703975322034499e-05 0.00067785479965473249 0.010917977684069323 -0.0023179515945898578 0.024547505274955354 0.006100916400440296 0.013207839809525614 -0.0086726491637336908 0.0080125289712679598 -0.0045512039821712412 -0.0013313973003445628 0.0090181889086644335 0.015156941425058208 0.0091401633054189971 0.00092456177608381436 -0.009489626500232896 -0.0021113135156528677 -0.0040180876101014165 0.0055454058859676775 -0.013190171980332469 -0.013475782271017207 0.00076443131075197123 -0.01148751926227214 0.0049951616127111168 -0.010202199243912427 0.0088181291517379409 -0.003301390396441407 0.0094649412054900843 -0.0060665631275370899 0.0070639242659286316 0.0040299850081921005 0.013243034453464217 0.0073292830685179038 0.013856440838008119 -0.0022766792126408613 -0.020338917956756235 0.0039288645491961328 0.0073734378994999216 -4.5767631766517312e-05 0.0053541303539700602 -0.0039291677436064853 -0.0080128109572935244 0.0074216582490804258 0.006366142857682661 0.0014591989927800484 -0.0050082297867492589 -0.015044524434971349 -0.00093783636945199758 0.0056760119609683031 8.8072915194709574e-05 -0.0046856602863028134 -0.017721007316053822 0.016630610138880918 0.0058362114562358807 0.0018053254509284797 -0.011814160684866532 -0.014098046712838454 -0.010557173251447127 0.0021561090088911081 -0.0015612318932514014 -0.00073810844593278214 -0.015357068672901923 -0.011184683190998941 0.010233532200308215 -0.0020123301373558594 -0.0050405953667481615 0.006469326553780015 -0.00043312924096766697 -0.0028075487694083755 0.0094583707000246969 0.010642995181396286 -0.012277407300075673
leaf_weight=331 406 484 654 14225 411 437 981 286 537 293 275 557 584 746 763 283 354 253 498 566 269 259 409 590 272 533 419 286 474 629 414 333 287 387 1004 354 349 490 358 743 291 1018 348 489 602 419 596 256 643 500 312 340 296 698 400 935 895 1097 267 2022 284 719 945 481 327 261 691 624 5752 1463 2689 521 448 497 398 641 621 252 498 555 2169 286 429 295 340 321 1298 347 1237 335 489 261 279 280 277 605 658 513 1195 3530 270 1088 3448 6161 398 562 302 365 2028 677 327 421 506 839 499 438 574 355 334 1017 836 545 2216 1230 669 500
leaf_count=331 406 484 654 14225 411 437 981 286 537 293 275 557 584 746 763 283 354 253 498 566 269 259 409 590 272 533 419 286 474 629 414 333 287 387 1004 354 349 490 358 743 291 1018 348 489 602 419 596 256 643 500 312 340 296 698 400 935 895 1097 267 2022 284 719 945 481 327 261 691 624 5752 1463 2689 521 448 497 398 641 621 252 498 555 2169 286 429 295 340 321 1298 347 1237 335 489 261 279 280 277 605 658 513 1195 3530 270 1088 3448 6161 398 562 302 365 2028 677 327 421 506 839 499 438 574 355 334 1017 836 545 2216 1230 669 500
internal_value=-9.90609e-05 -0.000133684 -0.00582811 -7.94318e-05 0.000141439 0.00340926 0.00173605 3.64811e-05 -0.0018591 0.00756941 0.000227718 -0.00355789 -0.0059234 0.00034588 -0.00921797 0.00300148 0.00999851 -0.00260425 -0.00348882 -0.0056869 0.000115787 -0.00789838 -0.00661763 0.00228092 -0.00769366 0.00197236 0.00819233 0.000787338 0.00340789 0.00170546 0.00535862 -0.00297652 -0.00280938 -0.00795404 0.000159994 0.00375647 0.00244103 0.00591603 0.00497323 -0.00915133 -0.0134335 -0.00641999 -0.00444028 0.00188327 0.00806698 3.84714e-05 0.00010614 5.40976e-05 0.000125947 0.00442497 0.00803 0.00112708 -3.41027e-05 0.00233932 3.0942e-05 0.000912575 0.00466435 0.00281398 0.00571499 0.000133603 -0.000455166 -0.000215884 -0.000457955 0.00403522 -6.82158e-05 0.00423412 0.00982126 -0.000729825 0.000789426 -0.00301851 -0.00472125 0.00311947 -0.000436465 -0.00423797 -0.000193381 -0.000180861 -0.00523938 -0.00135942 -0.00504021 8.50439e-06 0.000430637 -0.00232241 0.000998948 -0.00422843 -0.00729261 0.00127813 0.00112825 0.00257143 -0.00503155 -0.0123857 0.0103103 0.016145 -0.00251381 -0.00684872 -0.00994919 -0.000967619 0.00030314 -0.00143493 -0.00209059 -0.00292488 -0.00365769 -0.00302729 0.0021951 0.000817201 0.0045912 -0.0132097 8.47164e-05 -0.0018373 0.000110065 -0.00159556 0.00126073 0.00197359 0.00761897 -0.00616522 -0.00607447 -0.00800925 -0.0045337 0.00179418 0.00101097 0.000142787 0.000922861 0.00218828 -0.000251817 0.00639972 0.00638863 -0.00683294
internal_weight=105623 105217 985 104232 90007 2789 2352 87218 7975 579 79243 2388 1831 76855 1347 5014 637 7396 6269 3900 2369 528 3647 1127 3238 4377 694 3683 2136 1850 1043 807 1547 674 71841 2337 1841 1983 1371 2672 1034 1638 1366 979 960 69504 68758 68339 67743 1455 955 873 1343 1047 66288 22991 3944 3049 1952 19047 16544 16288 16004 2503 15285 2029 1018 13256 7959 5297 4152 1145 43297 2592 40705 7014 1262 1011 750 39070 33093 5977 27750 1399 1104 26351 26030 10909 1635 764 1017 528 5343 1398 1118 3945 3340 2682 2095 5691 5243 4973 10562 6716 3846 839 15121 5729 4352 3544 9392 8566 808 1516 826 1377 939 1443 7268 6265 5844 4827 3052 1775 1003 900
internal_count=105623 105217 985 104232 90007 2789 2352 87218 7975 579 79243 2388 1831 76855 1347 5014 637 7396 6269 3900 2369 528 3647 1127 3238 4377 694 3683 2136 1850 1043 807 1547 674 71841 2337 1841 1983 1371 2672 1034 1638 1366 979 960 69504 68758 68339 67743 1455 955 873 1343 1047 66288 22991 3944 3049 1952 19047 16544 16288 16004 2503 15285 2029 1018 13256 7959 5297 4152 1145 43297 2592 40705 7014 1262 1011 750 39070 33093 5977 27750 1399 1104 26351 26030 10909 1635 764 1017 528 5343 1398 1118 3945 3340 2682 2095 5691 5243 4973 10562 6716 3846 839 15121 5729 4352 3544 9392 8566 808 1516 826 1377 939 1443 7268 6265 5844 4827 3052 1775 1003 900
is_linear=0
shrinkage=0.0667171


Tree=40
num_leaves=127
num_cat=0
split_feature=168 201 152 163 33 12 84 96 81 20 48 12 1 199 73 73 3 12 18 12 158 148 9 20 201 96 93 80 74 181 149 152 84 198 20 20 81 12 182 15 199 150 18 155 66 92 92 152 20 69 17 21 81 14 21 171 84 80 198 92 62 198 150 81 80 18 178 149 152 57 99 96 152 18 104 11 152 201 20 171 200 201 36 16 33 198 21 82 18 14 199 180 201 15 11 12 95 99 61 20 82 70 16 0 73 152 12 73 17 23 12 82 158 12 73 99 12 201 12 95 80 66 4 104 21 80
split_gain=8.23983 7.64754 7.60913 8.73548 9.8524 9.95671 9.01057 8.18587 7.84759 8.2616 11.3518 7.82472 10.7425 7.72107 7.10224 11.4016 10.9063 9.96478 9.6167 8.50391 8.95194 8.18619 6.8514 6.75383 8.58712 6.71273 6.65088 8.80882 6.55099 9.38883 6.47494 6.64027 6.44949 6.39159 6.34392 9.92524 12.8262 7.47078 8.06834 6.8847 6.41604 9.25386 6.92782 12.101 9.77487 8.27305 13.583 11.288 10.4712 8.93516 9.76656 9.75534 14.4964 8.77565 8.64154 8.26387 7.63172 11.4368 11.9074 8.87618 10.0514 11.2494 10.9577 10.3083 9.9089 12.1461 12.2004 9.53895 12.431 9.47348 9.27885 8.92003 8.52378 9.83173 8.05428 7.93301 10.6507 8.8634 8.83746 8.6203 8.05997 7.98911 11.945 10.4999 9.35285 7.9324 8.14396 11.1207 7.91357 16.623 7.89437 7.81793 7.81479 7.78837 7.38934 11.167 7.20607 7.08972 7.05263 10.3276 7.00881 6.8121 6.79511 6.96001 6.62048 7.79776 6.57354 6.57175 9.35477 6.54101 6.53772 7.24357 6.50286 8.05461 10.8055 10.7406 8.6307 8.54097 7.60966 7.15358 6.49207 6.33864 6.3374 6.30478 6.14799 5.99991
threshold=0.88759061694145214 -0.096264384686946855 0.46118342876434332 -0.074859593063592897 0.23916114866733554 -0.050927303731441491 -0.1430869325995445 -0.01148472912609577 -0.14024760574102399 -0.16320368647575376 0.043843530118465431 1.0841442346572878 -0.28267045319080347 -0.13736795634031293 0.047214210033416755 -0.0631241239607334 -0.36201974749565119 -0.19741270691156385 0.1432982608675957 -0.1013108193874359 -0.13267908245325086 -0.10533107072114943 0.09589384496212007 -0.088041473180055604 -0.067362897098064409 -0.28546586632728571 -0.063979275524616228 -0.17429108917713163 -0.08967071026563643 -0.031960574910044663 -0.056432528421282761 0.027301593683660034 0.30935774743556982 -0.60219278931617726 0.45837846398353582 0.4951650351285935 0.11457459628582002 0.055529478937387473 -0.11936101689934729 0.18000769615173343 -1.268130838871002 -1.2989299893379209 0.11253532022237779 -0.11683370918035506 -0.37074770033359522 -0.29026220738887781 -0.24506294727325437 -0.025575636886060234 0.052328854799270637 0.19963206350803378 0.44844323396682745 0.17944861948490146 0.23233139514923098 -0.035706846043467515 0.11647960916161539 -0.0012720359372906385 -0.047161344438791268 0.91128078103065502 -0.076227966696023927 0.36776985228061682 0.25920084118843084 -0.2392291724681854 -0.30144271254539484 -0.050935387611389153 -0.11886062845587729 -0.40806765854358668 0.043069712817668922 -0.16125982254743573 0.11709859594702722 0.053801527246832855 -0.073702644556760774 0.10178114473819734 -0.01437642704695463 0.031402070075273521 0.16315197199583056 -0.16701025515794751 -0.017579600214958187 0.16573972254991534 0.21032030880451205 -0.027619562111794945 -0.0088472869247198088 -0.36722293496131891 -0.40492957830429072 0.33571657538414007 -0.30783051252365107 -0.60219278931617726 0.10571288689970972 -0.059822160750627511 -0.10337083414196967 0.30655506253242498 -0.02613126207143068 -0.008857962675392626 -0.14211063086986539 0.15923845767974856 -0.33155247569084162 0.37493416666984564 0.18218766152858737 0.38692867755889898 0.092920351773500456 -0.21978144347667691 -0.42246928811073298 0.56652697920799266 -0.25829224288463587 -0.012784091290086506 -0.093427989631891237 -0.1290720924735069 0.12449914216995241 -0.066593252122402177 0.002408858854323626 -0.1185854561626911 -0.18373783677816388 -0.09100425615906714 0.0067868381738662728 -0.066966228187084184 0.12635027617216113 -0.063052102923393236 0.27876931428909307 -0.004688326269388198 -0.19289639592170713 0.086491454392671599 0.026751863770186905 0.025834392756223682 0.085113108158111586 -0.019579138606786724 0.33540293574333196 -0.15545989573001859
decision_type=2 2 2 2 2 2 2 2 2 2 2 2 2 2 2 2 2 2 2 2 2 2 2 2 2 2 2 2 2 2 2 2 2 2 2 2 2 2 2 2 2 2 2 2 2 2 2 2 2 2 2 2 2 2 2 2 2 2 2 2 2 2 2 2 2 2 2 2 2 2 2 2 2 2 2 2 2 2 2 2 2 2 2 2 2 2 2 2 2 2 2 2 2 2 2 2 2 2 2 2 2 2 2 2 2 2 2 2 2 2 2 2 2 2 2 2 2 2 2 2 2 2 2 2 2 2
left_child=2 -2 8 33 5 6 -5 -7 9 10 122 25 -13 -9 15 16 -11 18 -16 20 -17 -18 -14 -23 -25 -10 32 -28 -21 -30 -22 -32 -19 -4 40 -36 37 38 -37 -38 -27 -42 45 101 97 -43 47 -47 -49 56 51 54 55 -50 -51 -53 59 75 -59 60 61 62 -48 -62 67 93 94 -63 71 -68 -64 72 91 125 88 76 77 79 107 90 -78 -77 -83 84 -84 -65 102 -88 89 -61 -58 -69 -70 -66 95 -67 -92 -45 99 -85 -94 104 103 106 105 -44 -87 109 -109 -79 111 -96 -86 114 117 119 -117 118 -114 -115 -95 -56 -1 -119 -106 -74
right_child=1 -3 3 4 -6 7 -8 13 11 14 -12 12 22 -15 17 19 21 26 -20 28 30 23 -24 24 -26 34 27 -29 29 -31 31 -33 -34 -35 35 36 39 -39 -40 -41 41 42 43 44 -46 46 49 48 53 50 -52 52 -54 -55 121 -57 57 58 -60 74 63 64 70 85 65 66 69 68 92 -71 -72 -73 73 -75 -76 81 80 78 -80 -81 -82 82 83 98 112 86 87 -89 -90 -91 96 -93 100 120 110 -97 -98 -99 -100 -101 -102 -103 -104 -105 124 -107 -108 108 -110 -111 -112 -113 113 115 -116 116 -118 123 -120 -121 -122 -123 -124 -125 -126 -127
leaf_value=-0.0082635646234976243 0.010289304774085999 0.0016355386375632973 -0.008024613523214626 0.013927782621036219 -0.011667422304692702 -0.016260395302798276 -0.0032343235059231158 -0.010491487586805258 0.0087822632456448103 -0.014166447476210521 -0.016284372081891783 -0.015806483553562994 0.0037166339602817955 -7.3357374515791574e-06 -0.018940004096029382 0.014803676763526546 0.0090624036416690756 -0.0011060943400344212 -0.0018420272334175964 0.0060822867937428068 -0.0041625971044654013 -0.011454704458339699 -0.0091718466167706077 0.010477495193006062 -0.0028612992211181796 -0.0081567126836346419 0.00031409482039048857 -0.0074284021292686285 0.0041052018584568674 -0.010575138257870471 0.012090631503023724 0.00059590100294411405 0.0086258135310130664 0.0029376811088344811 0.013335887734772373 0.0027366159521120944 0.00036485408988111141 0.0011333821845628755 0.018629732541927662 -0.011363595308771322 0.0096012783399338584 0.010304103327288259 -0.0013571397060269221 0.0049489934841960535 0.00158849531133439 -0.011564575443605916 -0.0080446758873071872 0.0060320620388673082 -0.012996982642165486 -0.0011232149967230175 -0.0078596807153404405 -0.012469080331591369 0.0057788155099669364 0.0026490591160823105 0.00020981071164723918 -0.0031004159773158216 0.0072600637116558208 -0.01328000117529283 -0.00051285743520969947 -0.014721615002993427 -0.017185700929123932 0.010084528692992697 -0.0034707833122878868 0.0079237702451611745 0.013295950329824779 0.0063551840787975785 0.0019914800344094682 -0.0035048195393027814 0.017318915347032261 -0.0047166525836665968 0.0071593690887206832 -0.010673672288689177 -0.010894247172881417 0.0055554533069472282 0.011782595861246447 0.0073194034231971366 -0.00027374885224328688 -0.0029317627034710293 0.012789822324291295 -0.0027194328030941996 -0.013257119047648301 -0.012130997376335358 0.012655260875012073 -0.018932611634454397 0.0035433334113159055 -0.011432853169178799 -0.019951733160128295 -0.0022987330532066256 0.0073248533689375525 0.0049692644725427481 -0.010838781254178777 0.0078420770389489407 0.010442865649364077 0.0061884561711101583 -0.0082223237361183886 -0.0075621361623475292 0.0048175212069766641 0.016465275869491591 0.0024378216589369295 -0.0021470641952069614 -0.0032372848766691123 0.0092780182161644707 0.00010988258815185391 -0.016448200282313537 -0.002646031688668568 0.014078642461785381 0.0015370902879295665 0.0046334896521554947 -0.0097287647111951765 0.0084592436478539736 -0.0071732489612713734 0.0026176581758814697 -0.012011475206082907 0.013964518080039498 -0.011160155894844251 -0.0024369362763738381 0.0100600792649976 0.008697758460039182 0.00037080104851037804 0.0038423503309043452 -0.0075740130129637621 0.012411508384838862 0.0023117786538927438 -0.0005470224359625087 0.0057604689118491408 -0.00087082863261764873
leaf_weight=474 616 1760 280 265 721 251 269 450 414 312 377 310 482 1027 313 441 312 895 280 409 333 313 291 251 1372 404 1270 1326 332 450 472 433 451 1418 391 257 576 611 329 354 464 328 329 1424 14822 839 312 485 401 1390 1226 738 494 256 320 994 878 482 1002 318 250 517 443 259 331 593 3003 399 251 1358 1936 409 641 388 432 1245 396 303 408 3786 468 267 392 254 7419 280 308 333 564 464 262 803 322 377 434 447 252 288 445 460 334 267 1673 250 6119 252 439 393 405 803 3763 728 401 462 480 1602 287 546 474 982 251 478 525 799 408 464
leaf_count=474 616 1760 280 265 721 251 269 450 414 312 377 310 482 1027 313 441 312 895 280 409 333 313 291 251 1372 404 1270 1326 332 450 472 433 451 1418 391 257 576 611 329 354 464 328 329 1424 14822 839 312 485 401 1390 1226 738 494 256 320 994 878 482 1002 318 250 517 443 259 331 593 3003 399 251 1358 1936 409 641 388 432 1245 396 303 408 3786 468 267 392 254 7419 280 308 333 564 464 262 803 322 377 434 447 252 288 445 460 334 267 1673 250 6119 252 439 393 405 803 3763 728 401 462 480 1602 287 546 474 982 251 478 525 799 408 464
internal_value=1.51884e-05 0.00389727 -7.39558e-05 -0.00270135 -0.00487706 -0.00269186 0.00521782 -0.00515926 5.06111e-05 -0.00159963 -0.00644393 0.000265735 -0.00535976 -0.00323404 -0.000926419 0.000696124 -0.00253105 -0.00287598 -0.0109273 0.00358687 0.00664498 -0.000891676 -0.00110856 -0.00252111 -0.000767146 0.000337034 -0.00165218 -0.00362859 -0.000695154 -0.00429587 0.00369861 0.00663187 0.00213433 0.00109947 0.000295615 0.00359348 0.00177825 0.00634838 0.0117233 -0.00406931 0.000195261 0.000236656 0.000183194 0.0011399 0.00214296 -0.000208097 -0.000268468 -0.00569369 -0.00134718 -7.5976e-05 -0.00259408 -0.00112198 -0.00423363 -0.00684258 0.00202971 -0.00711655 0.000205102 0.000990029 -0.00468853 -0.000652737 -0.00101577 -0.000372468 0.00361 -0.00414448 -0.00105269 -0.00211174 -0.00278101 0.00157876 0.000470238 -9.16779e-05 0.00516169 -0.00152873 -0.00012226 -0.00349689 0.00387576 0.00133068 -0.000341033 0.000463984 0.00389926 -0.0010642 -0.00734407 0.00217836 0.00175622 0.00200741 0.00251963 -0.00320658 -0.00410023 -0.0108445 0.00130452 -0.00300492 0.00340916 0.00404145 0.00733442 0.00504643 -0.0047414 0.000332883 -0.00309181 0.00691752 -0.00407347 -0.00818745 0.00344009 -0.00110402 -0.00244558 -0.00688309 -0.00150191 0.00528771 -0.00348682 0.00196798 -0.00261161 0.00530101 -0.00582073 -0.00141279 0.00222001 0.000586756 -0.00211348 0.00278381 -0.000509117 -0.000135524 -0.00526974 0.00711228 0.000633691 0.00755786 -0.00268082 0.00318433 -0.00211326 -0.00671651
internal_weight=105566 2376 103190 4681 2983 2262 534 1728 98509 11341 1376 87168 1083 1477 9965 5430 2560 4535 593 2870 1679 2248 773 1936 1623 86085 3942 2596 1191 782 1238 905 1346 1698 85671 2518 2127 1197 586 930 83153 82749 82285 23909 16534 58376 58048 1981 1142 56067 5640 4414 2226 657 2188 1732 50427 26353 1484 24074 22296 18504 2691 3792 15813 11285 10326 4528 4011 4361 2379 3104 2695 1493 1778 24869 8354 7490 2312 5178 864 16515 15270 15003 13844 3542 3283 641 1346 782 1392 1202 907 959 5965 1040 514 1712 1159 714 656 7375 2642 969 7108 581 719 1904 798 1106 4925 1162 13452 6033 2700 3333 1889 2220 875 1444 628 798 999 1345 6527 1105
internal_count=105566 2376 103190 4681 2983 2262 534 1728 98509 11341 1376 87168 1083 1477 9965 5430 2560 4535 593 2870 1679 2248 773 1936 1623 86085 3942 2596 1191 782 1238 905 1346 1698 85671 2518 2127 1197 586 930 83153 82749 82285 23909 16534 58376 58048 1981 1142 56067 5640 4414 2226 657 2188 1732 50427 26353 1484 24074 22296 18504 2691 3792 15813 11285 10326 4528 4011 4361 2379 3104 2695 1493 1778 24869 8354 7490 2312 5178 864 16515 15270 15003 13844 3542 3283 641 1346 782 1392 1202 907 959 5965 1040 514 1712 1159 714 656 7375 2642 969 7108 581 719 1904 798 1106 4925 1162 13452 6033 2700 3333 1889 2220 875 1444 628 798 999 1345 6527 1105
is_linear=0
shrinkage=0.0667171


Tree=41
num_leaves=127
num_cat=0
split_feature=89 192 11 183 0 30 153 15 14 20 19 4 13 102 17 55 95 20 199 17 43 70 15 16 92 200 4 186 180 159 105 8 148 85 80 36 16 11 181 74 109 19 98 15 81 11 92 96 80 47 199 151 82 183 24 74 85 200 84 155 24 4 96 14 33 153 4 182 146 199 12 12 153 105 10 104 104 174 151 10 97 12 20 15 36 63 3 81 180 12 135 92 196 9 79 98 96 181 98 75 95 62 95 165 95 20 19 96 12 185 151 10 80 34 3 113 56 97 85 19 103 200 146 94 70 56
split_gain=7.02674 4.8681 4.77199 6.89644 6.46777 5.28597 5.82142 4.53864 4.50668 7.29591 6.60261 6.64892 6.6026 6.28033 6.41119 5.81462 5.19909 5.19739 4.73099 4.46173 5.45318 4.97466 4.3142 5.85934 4.52323 4.39973 6.65437 4.25853 4.36713 4.23223 4.22326 5.73491 4.81654 5.57488 5.54512 10.3187 10.8594 8.61467 6.56595 6.65927 6.12112 5.81252 5.53052 5.45935 5.42719 5.07354 4.92648 4.85049 5.91453 4.91405 4.81297 4.88932 4.78736 5.57435 4.49369 4.3655 4.19499 4.18572 4.11907 4.27123 5.96346 6.91817 6.26172 4.66499 4.65495 5.45775 6.28484 6.35165 4.80721 6.95594 4.66157 6.76859 6.53611 4.80908 4.28984 4.057 4.01797 6.30345 3.99981 4.46089 3.99899 6.61198 11.5061 4.71509 4.58554 4.19721 4.39017 3.89942 4.21678 4.44906 3.88856 3.88198 4.60949 5.91775 4.17244 4.07465 3.94829 4.50707 4.17486 3.8677 3.79747 6.12603 6.28462 9.82658 6.0395 5.48455 7.81182 6.92368 4.43526 4.04592 4.70158 4.17445 4.02311 3.87051 4.82195 3.86018 3.79879 3.69732 5.70989 5.66149 4.25684 3.92535 3.7972 3.69815 4.89478 4.37362
threshold=-0.074024260044097887 -0.28358399868011469 -0.099570166319608674 -0.59283438324928273 0.48153407871723181 -0.090784914791584001 -0.12595217674970624 -0.1053769253194332 0.32737351953983312 0.0092597450129687803 -0.15574982017278668 -0.24637155234813687 -0.52326121926307667 -1.0000000180025095e-35 -0.045121161267161362 0.12984261661767962 -0.062873438000679002 -0.01797525584697723 -0.19223235547542569 -0.055153159424662583 -0.00084952256293036033 0.066088818013668074 -0.22230000048875806 -0.031249148771166798 0.10164057090878488 0.30295921862125402 0.16384139657020572 -0.38792341947555536 0.44266046583652502 0.080292947590351119 -0.74857911467552174 -0.35458607971668238 0.056299354881048209 0.5521935522556306 0.15704105794429782 -0.31338028609752649 0.43231773376464849 -0.048391304910182946 -0.17198046296834943 0.026581761427223686 0.068583309650421156 -0.072753868997097002 0.25278078019618994 -0.14972307533025739 0.20106215775012973 0.62678518891334545 0.061538862064480788 0.17512553185224536 0.084455616772174849 -0.17880181968212125 -1.0522282123565672 -1.302706182003021 0.34092234075069433 -0.69770044088363636 0.47919967770576483 0.16063161194324496 0.16100986301898959 -0.14691586047410962 0.61121919751167308 0.13408698141574862 0.043077599257230766 -0.46114358305931086 0.019215892069041732 -0.15624255686998365 0.41989980638027197 -0.022233139723539349 -0.12514853850007054 0.052145207300782211 -0.14395390450954434 -0.09342962875962256 -0.041757298633456223 0.084436174482107176 -0.10082780942320822 0.045907136052846916 -0.055710302665829652 -0.21321097761392591 0.19440603256225589 -0.064014621078968034 -0.24283025413751599 0.82754191756248485 -0.039165677502751343 -0.21235260367393491 -0.058561852201819413 -0.18306922912597653 -0.5035211145877837 0.064539209008216872 -0.41401703655719752 0.76710885763168346 0.42504009604454046 -0.01525472244247794 -0.0074226853903383008 -0.12637772411108014 0.078582111746072783 0.13203888386487964 0.12201424315571786 -0.011459826491773127 -0.19801428914070127 0.11263013258576395 -0.16145683825016019 -0.13834951072931287 -0.014548943378031252 0.053101997822523124 0.10863235592842103 0.060972355306148536 -0.15125613659620282 0.049444841220974929 0.24786315113306048 0.17917788773775103 -0.11277046427130698 -0.0058982528280466786 -0.10724534466862677 0.19771751761436465 0.4495148658752442 0.21225022524595263 0.14074952155351642 0.027717314660549167 -0.026568283326923844 -0.054723778739571564 0.061187505722045905 -0.17928870022296903 -0.0084945736452937109 -0.24878524988889691 -0.028078527189791199 -0.0015411152271553872 0.37298426032066351 0.10426971688866617
decision_type=2 2 2 2 2 2 2 2 2 2 2 2 2 2 2 2 2 2 2 2 2 2 2 2 2 2 2 2 2 2 2 2 2 2 2 2 2 2 2 2 2 2 2 2 2 2 2 2 2 2 2 2 2 2 2 2 2 2 2 2 2 2 2 2 2 2 2 2 2 2 2 2 2 2 2 2 2 2 2 2 2 2 2 2 2 2 2 2 2 2 2 2 2 2 2 2 2 2 2 2 2 2 2 2 2 2 2 2 2 2 2 2 2 2 2 2 2 2 2 2 2 2 2 2 2 2
left_child=2 -2 3 78 8 76 99 -6 9 10 11 -5 -13 14 75 18 -17 -16 -11 21 -21 -20 24 56 29 26 -26 -8 -29 -10 31 -3 33 45 35 -34 42 44 52 -40 -38 43 47 -41 -36 50 -35 48 55 -49 -32 -52 53 -39 -55 -37 -24 -15 59 60 80 62 90 -63 65 70 67 -67 69 -66 72 -72 -65 -73 -68 -12 87 -78 79 -1 83 82 -82 -53 -83 86 -85 88 -4 -90 -62 94 -93 95 -61 -94 -96 98 -98 -7 104 102 116 -104 105 106 108 -107 -86 110 111 -103 -108 114 -106 -105 -102 118 119 -57 -121 -120 -122 124 -123 -125
right_child=1 30 5 4 7 6 27 -9 22 15 13 12 -14 57 17 16 -18 -19 19 20 -22 -23 23 -25 25 -27 -28 28 -30 -31 32 -33 34 46 37 36 40 38 39 41 -42 -43 -44 -45 -46 -47 -48 49 -50 -51 51 58 -54 54 -56 117 -58 -59 -60 91 61 63 -64 64 68 66 74 -69 -70 -71 71 73 -74 -75 -76 -77 77 -79 -80 -81 81 84 -84 85 100 -87 -88 -89 89 -91 -92 92 93 -95 96 -97 97 -99 -100 -101 101 109 103 115 113 107 112 -109 -110 -111 -112 -113 -114 -115 -116 -117 -118 -119 121 120 122 123 -124 125 -126 -127
leaf_value=-0.014375898896215713 -0.002490640259021197 -0.00031924902401636758 0.0017359804650051232 0.0086511195657154576 0.012515725094680331 0.010222083236467415 0.0032745289420375405 0.001090472631953927 -0.0025220225479796986 0.0066976603502592507 0.0029059506603980956 0.0045624245427741674 -0.009665976883605985 -0.0086187363675359358 -0.0086938191884206022 -0.011137683087495617 -0.00032349801476957963 -0.020644756106440117 0.00038768424868102766 -0.0012637022331395528 0.0065646980541943008 -0.0088649699841395774 -0.0022975920607399784 0.0082338457701245666 0.012088545464187247 -0.00038365575722619299 0.0017229438321772113 -0.00036142205489543436 0.0081570437939598242 0.0049673986504143418 -0.0081113869055917751 -0.010039154718493504 0.008056320890548755 0.0010859146822173192 -0.010736848580301644 -0.0032804570411460047 -0.0032173734599206748 0.0051224544480548504 0.0021147109819888376 0.0064660717220220102 -0.015668230535840454 -0.0077800114666269965 0.0041772247158981179 -0.0046389580042690793 -0.0020800027076842134 0.0088333131283111523 0.011708726060332401 0.0014512040013716432 0.0044690061322292148 -0.0099023563677297279 0.0086307134662874652 -0.0060738552077450525 0.0081745312427227834 -0.00035278547271375355 -0.0082618926372358421 0.0076010951471266359 0.0030600415732190602 0.0011648901269650498 0.0058904652641651786 -0.002846859770338482 -0.0034920202296811332 0.0097411483827125698 -0.0093341414677432562 0.0046964092261445097 -0.0097244591644404486 -0.00040243453707515775 -0.0076890265487381841 0.01265937116646724 0.002188293271482089 0.0010089004949658603 -0.003824322051299049 0.01158436480643852 0.018118136359141321 8.1953414107128708e-05 0.0027626171934422325 -0.0080540469170072623 0.013217941388677417 0.0019686958686279984 -0.00081867452151628277 -0.0024381301104923199 -0.00053390534436504147 -0.0079066984372222343 0.015545190529017117 -0.0044050593239408718 0.00041209788534845166 -0.0071211221073388137 0.0019068897597698698 -0.0060155793404927218 0.013482013912508417 0.0014534823801198693 0.0044407994821856903 -0.0036079055344922584 -0.00093547545630865651 -0.0086835093627739678 -0.0049766465568505305 0.0064092467669475701 0.00020178428102802541 -0.0040414423671532697 0.008448982817000154 0.0022940638429124567 0.011099683078631782 0.010420501046399206 -0.0096220295228272926 0.003471903837181948 0.0023221193034108404 0.013055368347053981 0.0085372854660808774 -0.00018784340613087962 -0.010183315563266151 0.0065593700970742637 -0.0063371251595797868 7.2413820945530112e-06 -0.0010541078489411304 -0.0086562511155687544 -0.0061655902279479473 -0.0052376252579334976 -0.00023448919222210496 0.0025075714576690035 -0.010995107311048465 -0.0040796316027617019 0.0068746168457415697 -0.0022620343043595306 -0.0015484268652575402 -0.0014109430437048121 0.0068703575896706306 -0.010545241958069305
leaf_weight=331 5286 649 7794 321 300 395 1712 329 940 655 250 257 320 266 496 326 511 253 728 774 793 392 3137 314 625 425 505 16136 269 518 319 468 629 456 824 2383 420 658 690 291 310 1519 1160 589 545 289 345 253 1042 476 292 1065 340 1625 398 521 813 686 517 951 573 386 412 353 426 346 420 305 2599 704 341 459 309 256 289 356 373 560 445 251 477 335 330 672 268 406 1786 264 289 269 522 3989 723 251 252 613 423 252 807 932 254 259 635 746 565 314 351 381 471 1163 290 496 418 613 615 320 256 1927 250 749 471 1052 466 551 344 414
leaf_count=331 5286 649 7794 321 300 395 1712 329 940 655 250 257 320 266 496 326 511 253 728 774 793 392 3137 314 625 425 505 16136 269 518 319 468 629 456 824 2383 420 658 690 291 310 1519 1160 589 545 289 345 253 1042 476 292 1065 340 1625 398 521 813 686 517 951 573 386 412 353 426 346 420 305 2599 704 341 459 309 256 289 356 373 560 445 251 477 335 330 672 268 406 1786 264 289 269 522 3989 723 251 252 613 423 252 807 932 254 259 635 746 565 314 351 381 471 1163 290 496 418 613 615 320 256 1927 250 749 471 1052 466 551 344 414
internal_value=-8.26938e-05 -0.000556761 0.000543964 -0.000367109 -9.33216e-06 0.00105789 0.000424481 0.00659615 -0.000295921 -0.00145859 -0.003853 0.00096197 -0.00326469 -0.00574352 -0.00866352 0.000370207 -0.00458194 -0.0128009 0.00162329 0.000370544 0.00267715 -0.00282663 0.000879263 -0.000479146 0.00281238 0.00531359 0.00748934 0.000110014 -0.000218603 0.000121207 -0.000369123 -0.00442559 -0.000283731 0.00022144 -0.00107493 -0.000260805 -0.00067374 -0.00253084 -0.00145189 -0.00361515 -0.00855886 -0.0052799 -0.000192265 -0.000925848 -0.00731487 8.21037e-05 0.00570832 -0.000661097 -0.000280587 -0.00590862 3.39329e-07 8.47557e-05 0.000749923 -0.000184032 -0.00193072 -0.000827358 -0.00118486 -0.00155011 2.48741e-06 -9.68162e-05 0.000384177 0.00174661 -0.00234781 0.00260995 0.00219818 0.00411919 0.000934604 0.00567206 0.000602581 -0.00301315 0.00661988 0.00381691 0.0110273 0.00750969 -0.00337563 -0.00348633 0.00234393 0.00651066 -0.00565117 -0.00929084 -0.000492351 0.000241034 0.00600969 -0.00228423 -0.000288448 -0.00086125 0.000164817 0.00188774 0.00214323 0.00774734 0.000257953 -0.00139241 -0.00239715 0.000623795 0.000680996 0.00241143 0.00263778 0.00396356 0.00563927 0.00468527 1.27534e-05 0.00136398 -0.00110509 -0.0030652 -0.00147301 0.000852878 -0.00138703 0.00575449 -0.00629085 0.00385137 0.000804365 0.00359897 0.003282 -0.00434855 -0.00207673 0.000816387 0.0053455 3.49538e-05 -0.000947574 0.00153878 -0.00031986 -0.00306225 0.00265022 -0.00220091 -1.57545e-06 -0.00537036
internal_weight=105275 59965 45310 16317 15290 28993 19444 629 14661 7384 3205 898 577 2307 1355 4179 837 749 3342 2687 1567 1120 7277 4264 3013 1555 1130 18117 16405 1458 54679 1117 53562 32665 20897 13418 12789 7479 6110 3089 730 2399 12059 880 1369 31864 801 10899 10170 729 31575 31256 3021 2681 2023 9128 3950 952 30964 30447 22186 8700 1507 7193 6807 3078 1360 651 3729 1130 1718 1056 662 715 709 606 9549 933 1027 582 13486 9557 807 3929 8750 2864 2458 8616 8352 558 1095 8261 5576 1587 2685 1336 1734 1482 1230 1327 8415 4419 2211 1701 3996 2203 1508 695 739 2208 1045 755 769 1793 1180 1066 510 6745 4818 2207 1686 2611 937 2361 1396 965
internal_count=105275 59965 45310 16317 15290 28993 19444 629 14661 7384 3205 898 577 2307 1355 4179 837 749 3342 2687 1567 1120 7277 4264 3013 1555 1130 18117 16405 1458 54679 1117 53562 32665 20897 13418 12789 7479 6110 3089 730 2399 12059 880 1369 31864 801 10899 10170 729 31575 31256 3021 2681 2023 9128 3950 952 30964 30447 22186 8700 1507 7193 6807 3078 1360 651 3729 1130 1718 1056 662 715 709 606 9549 933 1027 582 13486 9557 807 3929 8750 2864 2458 8616 8352 558 1095 8261 5576 1587 2685 1336 1734 1482 1230 1327 8415 4419 2211 1701 3996 2203 1508 695 739 2208 1045 755 769 1793 1180 1066 510 6745 4818 2207 1686 2611 937 2361 1396 965
is_linear=0
shrinkage=0.0667171


Tree=42
num_leaves=127
num_cat=0
split_feature=22 73 2 102 182 152 21 6 105 169 73 25 151 199 147 73 183 199 156 18 155 150 150 36 19 16 18 149 61 36 79 199 3 10 61 61 3 3 158 79 1 21 82 19 105 18 183 73 11 73 21 62 149 70 73 4 92 92 15 18 18 153 104 153 2 170 96 73 104 199 62 11 70 155 17 17 15 1 17 92 103 119 21 16 21 105 24 2 117 70 99 73 11 20 114 16 151 11 15 18 199 15 150 80 117 1 180 137 61 84 73 156 24 10 96 20 158 92 18 10 92 73 4 20 15 80
split_gain=7.42882 7.50605 10.7997 6.09892 7.20687 7.3869 6.78056 5.91389 6.20663 5.86365 5.73209 8.15595 6.04158 5.74575 5.81182 5.13682 9.4968 7.82648 7.68745 4.95492 6.522 4.94633 10.2847 7.08386 7.7726 6.26194 12.4761 6.95353 5.35711 5.22595 5.18256 6.87097 5.46764 7.75427 6.43861 6.1557 6.03054 9.39646 7.77938 6.34282 7.6445 11.8205 6.42184 6.36722 8.55646 6.93948 6.08278 5.48133 15.7096 6.00031 9.85977 11.675 6.57033 6.73373 6.22253 9.69763 7.65015 8.2802 10.48 11.3508 10.252 10.252 9.80449 9.1839 9.06705 8.55562 8.34252 14.1223 8.90441 8.63745 7.7236 7.69759 7.92251 6.979 6.84899 6.73726 6.49829 6.38223 10.2395 7.33744 10.6293 7.1291 6.79324 11.3289 9.08252 8.00446 7.52368 7.50678 6.20454 6.07578 6.0264 6.00355 7.52056 9.6961 6.10641 5.99783 5.92866 5.84057 7.14789 6.42092 6.73319 5.85723 5.81997 5.79122 5.76385 5.47363 5.41431 5.37745 5.33835 5.33782 5.44363 5.32085 5.30052 5.19741 5.13815 6.37821 5.10756 5.27462 5.08464 5.0234 5.01897 5.6007 6.52124 6.62241 6.02407 5.25826
threshold=-0.090264234691858278 0.45285938680171972 -0.083806820213794694 -1.1655691862106321 -2.0779333114624019 -1.5801830887794492 -0.83425775170326222 -0.019881389103829857 0.02921426855027676 -0.003686602227389812 0.64374932646751415 0.14735063165426257 0.55621320009231578 0.036718953400850303 -0.073244351893663392 -0.63421696424484242 -0.13813445717096326 -0.21259362995624539 -0.022019826807081696 -0.015463230200111864 -0.1195486932992935 0.27540574967861181 0.35314790904521948 0.095070421695709242 0.14869761466979983 0.4194385707378388 0.075347539037466063 0.17627988755702975 -0.012010113801807163 -0.24295774847269055 -0.67005398869514454 0.011240707244724037 -0.50058883428573597 -0.063799262046813951 -0.11061946675181387 -0.010745891369879244 -0.41864693164825434 -0.45529152452945704 -0.50732532143592823 -0.034842971712350838 -0.24857954680919644 -0.022835236974060532 -0.55521795153617848 -0.0070384624414145938 0.083033256232738509 -0.13294097036123273 -0.15635057538747785 -0.45842194557189936 -0.093953743577003465 0.048956038430333144 0.41695269942283636 0.24342796951532367 -0.019792849197983738 -0.22736012190580365 -0.0068826612550765267 -0.50800451636314381 -0.20473338663578031 -0.1027788184583187 0.24987692385911944 0.17748695611953738 0.18636019527912143 -0.12595217674970624 0.31591904163360601 -0.16319248080253598 0.49005682766437536 -0.17573913186788556 0.55544859170913707 -0.36661921441555018 0.083164248615503325 -0.069480553269386278 0.92481598258018505 -0.018423124216496941 -0.11065535992383956 0.0043165800161659726 -0.17088516056537625 0.61526569724082958 -0.032299999147653573 0.32528407871723181 0.21327389031648639 0.17602744698524478 -0.14941434562206266 0.069969885051250472 0.14095269143581393 0.10739836469292642 0.22838824987411502 0.10273898392915727 0.4703300297260285 -0.18607954680919644 -0.24676825106143949 0.040166947990655906 0.19073621183633807 -0.1864860653877258 0.083596333861351027 -0.029603074304759499 0.0014978291583247485 -0.090121515095233903 -0.37223131954669947 -0.23477938771247861 -0.19229999929666516 0.15789233893156054 0.014527366030961277 -0.13617692142724988 -0.043565910309553139 -0.17429108917713163 -0.041528848931193345 0.36505682766437536 -0.02768228109925985 0.0042274137958884248 -0.12326169386506079 -0.15998554974794385 0.11840938404202463 0.031032894738018516 -0.063246954232454286 0.24168754369020465 0.072961885482072844 -0.048864664509892457 0.22414229810237887 -0.14898631721734998 0.028804156929254535 0.19771751761436465 -0.15098637342453 0.078008018434047713 -0.32718469202518458 0.028957781381905082 -0.021515384316444394 -0.011413581203669308
decision_type=2 2 2 2 2 2 2 2 2 2 2 2 2 2 2 2 2 2 2 2 2 2 2 2 2 2 2 2 2 2 2 2 2 2 2 2 2 2 2 2 2 2 2 2 2 2 2 2 2 2 2 2 2 2 2 2 2 2 2 2 2 2 2 2 2 2 2 2 2 2 2 2 2 2 2 2 2 2 2 2 2 2 2 2 2 2 2 2 2 2 2 2 2 2 2 2 2 2 2 2 2 2 2 2 2 2 2 2 2 2 2 2 2 2 2 2 2 2 2 2 2 2 2 2 2 2
left_child=7 3 -3 -2 -5 -6 9 8 -1 -7 11 19 13 14 -12 16 17 -8 -18 -4 -21 25 23 -23 28 30 27 -27 -25 -28 31 -17 33 34 -32 -35 37 39 -38 40 -34 -42 -41 44 -44 -45 -47 48 -40 54 51 88 53 -53 56 -56 74 60 64 62 61 63 104 76 66 -63 67 -59 70 -68 73 112 -73 -69 95 77 -58 79 -79 80 -57 -81 83 86 -84 -85 87 -82 109 -62 106 -70 94 118 114 -49 -75 101 -99 100 105 -98 -64 -76 -60 -100 111 -105 -39 110 -51 -89 -67 -37 115 -93 117 -108 -94 -107 -90 122 124 -124 -122 -123
right_child=1 2 10 4 5 6 15 -9 -10 -11 12 -13 -14 -15 -16 21 18 -19 -20 20 -22 22 -24 24 -26 26 29 -29 -30 -31 32 -33 36 35 -36 113 38 108 47 42 41 -43 43 45 -46 46 -48 49 -50 50 -52 52 -54 -55 55 75 57 58 59 -61 89 65 102 -65 -66 71 69 68 91 -71 -72 72 -74 96 103 -77 -78 78 -80 81 82 -83 84 85 -86 -87 -88 90 120 -91 -92 92 93 -95 -96 -97 97 98 99 -101 -102 -103 -104 107 -106 119 116 -109 -110 -111 -112 -113 -114 -115 -116 -117 -118 -119 -120 -121 121 125 123 -125 -126 -127
leaf_value=0.00096916655492386731 0.0085812571008749491 -0.015333498142715707 -0.0075101259806612851 -0.010670991394148161 0.008771321959344873 -0.012833938693769613 0.014098844079377709 -0.00014652076836447591 0.0039376907520138399 -0.0014460117873854432 0.011883250013684446 -0.010115977797629858 -0.0063276592932241553 -0.0021120404999372512 -0.00054724085927671006 0.010554453369260842 0.004507597198936425 0.0028240918627079319 -0.010085588628973425 -0.0066696249774878301 0.0056985486360103081 0.0080049856039172505 -0.00052920898516500804 0.0016541224587329141 0.010601218810454971 -0.004904957035191196 0.0085972480420455077 -0.015865768457529666 -0.0099837029715759088 -0.0024775358034874167 0.0048379424206886788 -0.0011318127357406167 0.00050820342754456229 0.011426753952020471 -0.0046788908027500867 -0.0036613270711920911 0.0043800452124883628 -0.012591121061151431 -0.013770318180719681 -0.0078154446132244898 -0.015288614754706263 -0.0014007501008842182 -0.0042258608033098524 0.011320336779071133 0.0068154444864930337 -0.0036908359270321585 0.0072113335432906012 -0.0021885980122722448 0.0050363878112568731 -0.0078680269767197174 0.0078136048275434366 -0.0097790662755836699 -0.013322673306684386 0.0043627256174784638 0.012888044604238516 0.010184819728457034 -0.0031125175149608747 0.011514937080006121 -0.017894615106206747 0.006012762559545551 0.0182854657839767 0.010933525814074425 -0.0078438675263883661 0.017599167973184001 0.010883637594275911 -0.0094821976249397193 -0.012414643266564593 -0.0011099144731022421 -0.010281129171645134 -0.00062874363536784131 0.011005515624016448 0.01081710562863286 -0.0010626323159600444 -0.0037625374154513875 0.0070098946017512209 0.011249565710557616 0.010950581536798345 -0.0096964798154755092 0.0050480955480154991 0.0014037433105688209 -0.0051329300796471421 -0.011203610602626828 0.013444404061562214 0.0032099186927185314 -0.0021371357399296255 -0.0086904517716812017 0.013124896596265706 2.5116501324236642e-05 0.00052889955718134424 0.0051460582556898575 0.01311975587604665 -0.01038430847200047 0.013184207963817057 -0.0061535578802449538 -0.0081520841659436637 -0.015547843081837525 0.01004106350110992 -0.0026282625023422955 0.0014961340068242988 -0.0036447147922278205 -0.00035183717038921172 0.00015835528530877335 0.0037699499015919251 -0.0061614964109310676 -0.0070964688127361951 0.015602786456170458 -0.0031997294606330245 0.0037651075465431282 -0.0042034585498713552 0.0044800976688766491 0.0032298657416699773 0.012502445731283531 -0.0013450562997627698 0.0079448143345967007 0.0062023748547223399 0.00083826944977655074 -0.0081525719672406252 0.0085376515604604283 0.00097093817753847813 0.0056122561733271533 -0.016787171336917196 -0.0033595700697012535 0.006003421824071856 -0.0088913389431062115 -0.0050447308045667993 0.001339309852669907
leaf_weight=11619 348 299 383 290 404 346 420 12830 4316 492 429 739 396 520 263 446 294 807 342 279 570 1407 4089 438 253 880 350 371 286 400 515 435 1116 577 805 345 1557 404 467 310 471 655 1023 543 445 450 451 262 335 398 477 321 578 272 335 706 338 466 415 332 254 257 363 277 327 656 494 6574 456 637 308 335 940 665 273 289 250 574 323 432 574 360 429 352 263 834 274 275 2457 429 252 369 344 340 983 364 839 1201 414 431 629 399 397 947 500 477 363 319 2193 1368 378 339 799 332 315 557 306 312 279 448 379 3636 275 250 419 1481
leaf_count=11619 348 299 383 290 404 346 420 12830 4316 492 429 739 396 520 263 446 294 807 342 279 570 1407 4089 438 253 880 350 371 286 400 515 435 1116 577 805 345 1557 404 467 310 471 655 1023 543 445 450 451 262 335 398 477 321 578 272 335 706 338 466 415 332 254 257 363 277 327 656 494 6574 456 637 308 335 940 665 273 289 250 574 323 432 574 360 429 352 263 834 274 275 2457 429 252 369 344 340 983 364 839 1201 414 431 629 399 397 947 500 477 363 319 2193 1368 378 339 799 332 315 557 306 312 279 448 379 3636 275 250 419 1481
internal_value=2.14265e-06 -0.000339636 -0.00319923 -0.000187252 -0.000229952 -0.000187347 -0.000238353 0.000917083 0.00177555 -0.00619438 -0.00216911 -0.0045806 0.000767554 0.00312356 0.00710804 -0.000167552 0.00328529 0.00672054 -0.00327963 -0.00122685 0.00158301 -0.000260974 0.00149343 0.00497527 0.000578529 -0.000442342 -0.0041131 -0.0081944 -0.00290466 0.00264382 -0.000320881 0.00474688 -0.000396105 0.00260799 -0.000935396 0.00636402 -0.000531597 -0.00222353 -0.000254195 -0.000646335 -0.00337292 -0.00724808 0.00124188 0.00222377 -0.000848337 0.00536877 0.00173572 -0.000406223 -0.00586672 -0.000311958 -0.00155131 -0.0019214 -0.00825196 -0.00324716 0.000146275 0.00183169 -0.000332539 2.16103e-06 -0.000581182 -0.00514994 0.00257598 0.00122991 -0.00739315 0.00761572 -6.80449e-05 -0.000612456 -0.000274429 0.000103821 -0.000227365 -0.00581007 0.000623221 -0.0017204 0.00204126 0.000353851 -0.00413115 0.00131346 0.00283196 0.000893272 -0.00433997 0.00167335 0.00257577 -0.00428705 0.0013902 0.000294575 0.00746684 -0.00512209 0.00269261 0.00148944 -0.00124567 0.0100982 0.00356935 -0.00312702 -0.00208847 0.00280886 -0.00422516 -0.0100115 0.00210832 0.00292432 0.00155243 0.00365985 0.00528172 0.00687997 -0.00174514 -0.00171196 -0.0120432 0.00795439 0.00202715 -0.00362737 -0.00552723 0.00196603 -0.0024166 0.00693215 -0.00503965 0.00199198 -0.00108404 -0.00360521 -0.00101703 0.00217842 0.00777021 0.01081 -0.00202373 -0.00300307 -0.00687828 -0.00104264 -0.0106759 -0.00199289
internal_weight=105675 76910 3878 73032 72684 72394 71990 28765 15935 838 3579 1971 1608 1212 692 71152 1863 1227 636 1232 849 69289 6473 2384 977 62816 2001 1251 724 750 60815 881 59934 2574 1320 1254 57360 8061 49299 5464 2242 1126 3222 2912 1468 1444 901 47742 802 46940 12689 12212 1171 593 34251 7592 26659 24494 19959 2007 4535 3852 1675 865 17952 2987 17625 16494 16028 1131 12385 2730 1275 12077 2165 7257 588 6968 897 6071 5279 792 4573 3881 692 1186 2695 2421 11041 683 1847 3643 3187 963 2224 626 5503 4838 3600 2399 1968 1238 760 1539 915 1339 1595 1266 2597 2144 776 614 1455 677 1241 926 981 675 623 925 8897 6440 1323 525 798 5117
internal_count=105675 76910 3878 73032 72684 72394 71990 28765 15935 838 3579 1971 1608 1212 692 71152 1863 1227 636 1232 849 69289 6473 2384 977 62816 2001 1251 724 750 60815 881 59934 2574 1320 1254 57360 8061 49299 5464 2242 1126 3222 2912 1468 1444 901 47742 802 46940 12689 12212 1171 593 34251 7592 26659 24494 19959 2007 4535 3852 1675 865 17952 2987 17625 16494 16028 1131 12385 2730 1275 12077 2165 7257 588 6968 897 6071 5279 792 4573 3881 692 1186 2695 2421 11041 683 1847 3643 3187 963 2224 626 5503 4838 3600 2399 1968 1238 760 1539 915 1339 1595 1266 2597 2144 776 614 1455 677 1241 926 981 675 623 925 8897 6440 1323 525 798 5117
is_linear=0
shrinkage=0.0667171


Tree=43
num_leaves=127
num_cat=0
split_feature=201 69 5 159 4 89 11 153 21 17 8 20 159 163 97 24 4 92 15 201 170 36 103 21 95 181 20 0 73 158 25 11 10 170 165 17 85 162 30 11 65 170 21 105 74 21 140 200 165 104 156 3 24 18 178 80 92 21 18 18 163 3 12 92 80 10 179 99 196 162 80 95 24 153 11 11 18 99 95 80 73 102 66 201 14 11 156 97 4 103 138 119 92 201 147 1 17 159 14 80 85 69 12 39 57 165 105 158 73 59 73 79 73 153 171 97 97 182 69 74 79 138 74 201 95 150
split_gain=7.6011 8.00295 10.8081 7.88685 12.2438 6.52146 6.17706 6.58787 10.796 6.28112 9.85964 8.58208 6.21321 5.62135 7.95773 7.66625 11.0776 10.1856 11.1983 6.07953 8.44919 7.11216 6.23774 5.51188 5.62651 6.10382 5.10456 4.961 8.35324 4.8866 4.85181 5.60087 4.84193 4.64435 6.05463 7.50497 5.46125 4.9943 5.32728 5.24191 5.40479 5.7961 4.77342 4.61129 4.86935 4.59874 4.55712 4.55401 4.48321 6.73188 4.55905 5.11604 4.48194 4.28903 4.24729 4.82228 4.20788 4.65222 6.92482 10.5878 10.5608 7.39168 6.94549 6.83453 6.17137 7.53778 10.4067 7.4624 7.05991 6.8925 6.13317 6.02422 5.98563 5.72925 5.26501 7.60038 4.91502 4.78965 4.5048 4.42553 4.89899 4.26977 4.57907 4.17314 4.14274 5.56748 4.38359 4.00512 5.42237 6.13872 5.04911 4.60492 3.95664 4.30829 3.85623 3.84523 3.83559 5.47425 3.80117 3.79305 4.30601 4.65766 4.26937 3.74604 5.38732 3.96635 3.72257 3.71406 7.75557 5.48516 5.83712 5.06639 4.855 6.91235 4.4232 3.8535 5.24894 3.85602 3.73577 4.26798 6.04163 5.3668 5.80532 4.83455 5.81064 4.6634
threshold=-1.1463906168937681 -1.4842233657836912 1.0000000180025095e-35 -1.0000000180025095e-35 0.093124173581600203 -0.19034821540117261 -0.85563376545906056 -0.11781843751668929 0.25514192879199987 0.57230171561241161 0.12655561417341235 -0.24021986126899716 0.090194936841726317 0.95857751369476329 0.29015481472015386 -0.041582526639103883 0.38780803978443151 0.71233990788459789 0.021546153351664547 -0.57826161384582508 -0.1224829852581024 -0.47007042169570917 0.14038585871458056 -0.25644044578075403 -0.39912036061286921 -0.14237426221370694 0.057636035606265075 0.16051135957241061 0.045329911634325988 0.034029316157102592 0.5582253932952882 0.73477891087532055 0.27590891718864446 0.50567749142646801 0.25403222441673284 -0.066477313637733446 0.14371975511312488 -0.43534050881862635 0.071131892502307906 -0.018423124216496941 0.11007699370384218 0.12833312153816226 0.068192496895790114 0.5253371298313142 0.18920520693063739 -0.2185774892568588 -0.57397589087486256 -0.16320051252841947 -0.23853341490030286 0.27585294842720037 0.14083296060562137 0.42316816747188574 0.61810141801834118 0.055483173578977592 1.0000000180025095e-35 0.48555614054203039 0.81727808713912975 0.12666232138872149 -0.26967006921768183 -0.44258654117584223 0.037823384627699859 -0.27382043004035944 -0.098471667617559419 0.43002824485301977 0.062338020652532584 0.063819214701652541 -0.29515396058559412 0.18294128775596621 -0.24524849653244016 -0.055934516713023179 -0.14317660778760907 0.31435681879520422 0.4004360437393189 -0.35303892195224756 -0.078412979841232286 -0.46079975366592402 0.097786504775285735 0.082154374569654479 0.44563953578472143 0.26340357959270483 -0.17176074534654615 0.11463879421353342 -0.065482947975397096 0.044550072401762016 0.50521576404571544 -0.46079975366592402 -0.044637233018875115 0.069121398031711592 -0.44220972061157221 -0.23252769559621808 0.0006520757160615177 -0.096911568194627748 -0.23257789015769956 -0.0069906641729176036 -0.13450287282466886 -0.021306818351149556 -0.098331775516271577 -0.095866691321134553 0.10640624910593034 0.81239983439445507 0.087033428251743331 0.1159515827894211 -0.054104177281260483 -0.010039340704679487 0.033050986006855972 -0.10203636437654494 -0.23963473737239835 -0.44703184068202967 0.26452693343162542 -0.2399235591292381 -0.02516966592520475 -0.69907188415527333 0.16720305383205417 0.034673873335123069 0.0067589750979095706 -0.25421135127544398 -0.22283680737018582 0.065081693232059493 0.34464998543262487 0.17652838677167895 -0.34911036491394037 -0.0028795368270948525 0.34522165358066564 -0.036335019394755357 0.061675427481532104 0.075409766286611571
decision_type=2 2 2 2 2 2 2 2 2 2 2 2 2 2 2 2 2 2 2 2 2 2 2 2 2 2 2 2 2 2 2 2 2 2 2 2 2 2 2 2 2 2 2 2 2 2 2 2 2 2 2 2 2 2 2 2 2 2 2 2 2 2 2 2 2 2 2 2 2 2 2 2 2 2 2 2 2 2 2 2 2 2 2 2 2 2 2 2 2 2 2 2 2 2 2 2 2 2 2 2 2 2 2 2 2 2 2 2 2 2 2 2 2 2 2 2 2 2 2 2 2 2 2 2 2 2
left_child=3 2 -2 4 -1 43 12 8 9 56 11 -11 32 14 30 16 19 18 -17 -16 -21 -22 27 -18 -25 -26 -15 28 -23 -5 31 33 -7 34 37 -36 42 -9 107 40 41 96 83 46 -45 -41 -3 -24 53 52 51 94 -50 -47 92 84 57 58 59 61 72 -8 -60 64 65 68 -67 69 -64 -66 -70 -68 -61 106 75 79 -77 -65 -73 80 -69 82 -72 -37 87 86 -86 91 89 -89 -90 -56 93 -48 -51 -88 97 -40 -99 100 101 -57 -101 -98 105 -105 -63 108 112 110 114 -111 113 -39 -109 -113 117 -117 119 120 -118 -121 125 -124 -125 -123
right_child=1 5 -4 29 -6 6 7 13 -10 10 -12 -13 -14 26 15 17 23 -19 -20 20 21 22 47 24 25 -27 -28 -29 -30 -31 -32 -33 -34 -35 35 36 -38 38 39 45 -42 -43 -44 44 -46 48 54 -49 49 50 -52 -53 -54 -55 55 99 -58 -59 62 60 -62 73 63 77 67 66 71 74 70 -71 81 78 -74 -75 -76 76 -78 -79 -80 -81 -82 -83 -84 -85 85 -87 95 88 90 -91 -92 -93 -94 -95 -96 -97 103 98 -100 102 -102 -103 -104 104 -106 -107 -108 109 -110 111 -112 115 -114 -115 -116 116 118 -119 -120 121 -122 122 123 124 -126 -127
leaf_value=0.0089727021787685251 0.016072503477992096 -0.0074782562964417591 -0.00028325431782706001 -0.017509274916975633 -0.010466585534714726 -0.0034094382720735021 0.0089655659754725309 0.0080948907067727484 0.014306204420973072 -0.0079761876140381702 -0.01526008982143278 0.0060512430346103705 0.0016023730436039269 0.00090490568948106741 -0.0066590526226538551 -0.0024787750520404339 -0.015227439767621085 0.0039508096467042895 -0.015998934174740596 0.0096066528133910839 -0.0096040351302705967 0.0075715416125350056 0.0034949637079353534 0.0035548934474657645 -0.0028873302520800006 -0.014862243016676777 0.012837406696302688 0.0099172571357023839 -0.0081171116754127168 -0.0055691729086469154 0.0028861491833513586 -0.0099384433052729405 -0.016218811428363955 0.0045014846092018253 0.0025527970608310194 -0.010749838325699059 -4.7401303999529254e-05 0.0075217391301590731 -0.014989426742804983 0.0083413151889262134 -0.0068805235458749177 0.0047863663482970763 -0.014289949832846083 0.0080132802190869754 -0.0025377723001437287 -0.00037984755611194539 -0.0078513833458044632 -0.0077931407924514921 -0.00064641481776473613 0.0048809811737713458 -0.011246358349004828 -0.0099321567214418083 0.0067238050855213307 0.0098078055385340569 0.0034664214142946246 -0.003173747885217011 -0.0062284894328736165 -0.0051822851384104342 0.0094656966960660425 0.011995211346183634 0.020454572507606229 -0.003988175203397234 0.0081666729292559481 0.01367106266574372 -0.00065388583943534219 -0.00524853635036065 0.012968668902315166 0.012691087137583731 0.0049236805918595854 -0.01345958753867051 -0.0030930119178657596 -0.0033862351174055415 -0.0011597592755731221 -0.0085580793985558408 0.0059921950856237083 -0.011867107611272867 -0.0017367852130243506 0.002413321249549179 0.0077023531443567023 -0.0029870225167448138 -0.00014614276259298224 0.00017836181600485831 -0.013479132005870378 -0.00059291298498405864 0.0077185942451890692 0.0090941947076770384 -0.0050408730347562209 -0.013598417085341522 0.0032051497465430435 -0.00095745857985632746 -0.0022619563513244256 0.00080470485372980771 8.7067703703665013e-05 0.0022512932269559143 -0.004421113774572342 0.0051396718103255403 0.0046737731187286484 -0.0079128634415835137 0.0026017412567309857 -0.0027578248579761605 0.0035994451301209944 -0.013481325555487547 0.0071590757524100735 -0.0062923557368098088 -0.0044736781917756371 0.0024858458475164186 0.0065200479025905667 -0.0036323700986124834 -0.0054731357125836514 0.0089188648681876957 -0.00035881490785267644 0.0077456762487942239 0.013022003781237409 -0.0023807472792698424 -0.012371244181702075 -0.011523203245987523 -0.003928810083226114 -0.00025609381763936424 -0.0028711972818798561 0.0059066682937426495 0.00045766851251905898 -0.002447473517109615 0.0016142851468528342 0.00055497109231479494 -0.010333935575910242 0.0050987964522189863
leaf_weight=328 323 302 390 250 252 253 395 303 268 353 261 423 295 434 426 487 264 279 634 506 291 345 251 283 536 298 255 467 263 418 1922 277 288 817 569 339 456 728 250 254 1205 512 434 735 256 380 580 410 8603 375 401 323 380 341 5066 779 314 431 394 299 317 253 286 262 326 340 560 255 316 451 387 253 303 354 437 416 451 486 432 423 259 383 386 394 344 755 461 272 1637 467 1380 6840 12579 268 414 251 360 337 269 393 264 264 369 281 2214 1162 352 1117 382 300 2435 296 280 540 341 292 1584 259 1524 1300 11684 466 850 386 479 1559
leaf_count=328 323 302 390 250 252 253 395 303 268 353 261 423 295 434 426 487 264 279 634 506 291 345 251 283 536 298 255 467 263 418 1922 277 288 817 569 339 456 728 250 254 1205 512 434 735 256 380 580 410 8603 375 401 323 380 341 5066 779 314 431 394 299 317 253 286 262 326 340 560 255 316 451 387 253 303 354 437 416 451 486 432 423 259 383 386 394 344 755 461 272 1637 467 1380 6840 12579 268 414 251 360 337 269 393 264 264 369 281 2214 1162 352 1117 382 300 2435 296 280 540 341 292 1584 259 1524 1300 11684 466 850 386 479 1559
internal_value=-3.73925e-06 5.78223e-05 0.00708629 -0.00517333 0.00045128 9.0408e-06 -0.000362152 -0.000292156 0.00113928 0.000828652 -0.00410988 -0.000295951 -0.00605356 -0.000590795 -0.000664921 -0.00301878 -0.00162386 -0.00731381 -0.0101597 0.000668594 0.00191998 9.46735e-07 0.00161236 -0.00655335 -0.0044579 -0.00722181 0.00537967 0.00475742 0.00073111 -0.0101077 -0.000395937 -0.000526946 -0.010301 -0.000471703 -0.000558415 -0.00398184 -0.00629823 -0.00039136 -0.000449817 -0.00133555 -0.00283579 -0.00192288 -0.0087149 0.000762568 0.00524468 -0.00047059 0.000627772 -0.00344618 -0.000674659 -0.00102697 -0.00514099 -0.00289992 -0.000329403 0.00439433 0.000703544 0.00133141 0.00131939 0.00155632 0.0018581 0.00508488 0.0106076 0.00130692 0.000875206 0.00039162 -0.00031316 0.00165437 0.00499204 -0.00250357 -0.0013363 -0.00812886 -0.00321765 0.00782642 0.0053385 -0.0018287 -0.000534355 -0.00213837 -0.00664067 0.00641284 0.00356158 0.00199384 0.00616467 -0.00548146 -0.00833137 -0.00535102 0.00169302 0.00471885 0.00155409 0.00134054 -0.000551453 -0.00566705 0.000692934 0.00194028 -0.000207788 -0.00461111 -3.67078e-06 -0.00139437 -0.0026367 -0.00669797 -0.00319857 -0.00170402 -0.0038924 -0.00583004 0.00200008 -0.00176062 -0.00240581 0.000743699 0.00206239 0.000145849 0.00296328 -7.16468e-05 -0.00237177 0.000353779 0.00507519 0.00328032 -0.00570838 0.000227013 0.000115375 -0.00628635 0.000295593 0.000561364 -6.40073e-05 0.00221377 0.000919559 -0.00192234 -0.0054369 0.00334215
internal_weight=105688 104440 713 1248 580 103727 69465 68629 11826 11558 1037 776 836 56803 56114 5740 4340 1400 1121 2959 2533 2027 1736 1381 1117 834 689 1075 608 668 50374 48452 541 48175 47358 2192 1623 45166 44863 18061 6590 5385 1167 34262 991 11471 33271 661 11217 10496 1513 1112 8983 721 32969 19542 10521 10207 9776 2273 919 1354 7503 7109 6361 3343 1585 3018 1758 777 1472 1245 602 959 2241 1804 867 748 685 937 514 1156 773 733 17473 1811 1056 15662 3756 739 3017 11906 13427 848 789 712 4873 856 606 2069 1307 1043 762 4017 3657 1443 605 26802 1930 24872 3893 20979 1548 1268 1458 20679 20383 551 19832 18308 13268 5040 3740 1715 865 2025
internal_count=105688 104440 713 1248 580 103727 69465 68629 11826 11558 1037 776 836 56803 56114 5740 4340 1400 1121 2959 2533 2027 1736 1381 1117 834 689 1075 608 668 50374 48452 541 48175 47358 2192 1623 45166 44863 18061 6590 5385 1167 34262 991 11471 33271 661 11217 10496 1513 1112 8983 721 32969 19542 10521 10207 9776 2273 919 1354 7503 7109 6361 3343 1585 3018 1758 777 1472 1245 602 959 2241 1804 867 748 685 937 514 1156 773 733 17473 1811 1056 15662 3756 739 3017 11906 13427 848 789 712 4873 856 606 2069 1307 1043 762 4017 3657 1443 605 26802 1930 24872 3893 20979 1548 1268 1458 20679 20383 551 19832 18308 13268 5040 3740 1715 865 2025
is_linear=0
shrinkage=0.0667171


Tree=44
num_leaves=127
num_cat=0
split_feature=110 16 95 164 15 3 104 92 96 19 201 156 4 18 181 61 18 18 4 85 95 95 3 178 3 66 200 18 95 14 18 183 152 42 10 73 82 24 21 73 165 104 149 142 201 14 18 95 81 21 95 14 81 13 151 81 9 19 82 80 94 148 200 55 97 16 97 24 21 92 4 16 70 183 18 179 40 73 14 16 4 19 3 80 17 19 14 19 183 65 7 183 17 81 157 74 19 97 104 21 157 183 4 65 81 10 117 179 165 85 16 85 18 201 13 82 97 15 96 10 97 4 99 10 13 73
split_gain=7.40235 6.24245 10.8081 9.37607 8.25864 11.6024 10.9744 13.0026 11.0986 9.48268 9.32733 7.56284 6.60876 6.32613 9.76147 6.29339 10.2735 6.26848 10.326 5.89366 5.38781 8.45679 9.16993 8.52484 7.97058 5.71909 5.63255 5.5689 15.4464 12.1879 10.4033 9.75598 7.01208 6.43068 6.37518 8.95896 9.75402 10.6235 8.17081 8.10284 6.63772 8.5852 6.92275 7.25448 7.82422 8.08585 6.25432 6.19549 5.96486 5.76771 7.34879 9.17222 5.54976 6.35486 6.22132 6.0403 6.83592 5.54967 9.31395 6.03745 5.70311 5.54939 7.42146 7.79645 7.30888 10.095 7.48538 9.72371 8.71743 7.89057 11.9255 9.40217 8.76843 9.67889 6.52302 6.12619 6.07057 5.75283 5.71013 8.12315 6.64371 10.3905 13.1863 11.2446 10.0155 8.6101 8.43546 7.63992 7.54918 6.91816 6.71858 6.33059 6.39694 10.1049 8.32205 6.4021 11.458 6.11204 5.90959 6.62444 6.57936 5.83332 5.78087 5.69829 5.69236 6.13636 6.13188 5.67983 6.21876 5.64713 5.59379 5.51341 5.43532 7.92029 6.81165 5.61872 5.31284 5.88641 5.28256 5.21706 5.16074 5.1599 5.15096 5.12115 5.09072 6.5407
threshold=-0.10868101567029952 0.29848696291446691 0.10518329218029977 0.9932248890399934 0.41693076491355902 -0.49484245479106898 -0.31906227767467493 0.1806304678320885 0.30705635249614721 0.23711494356393817 -0.69461253285408009 0.065130349248647704 -0.34561544656753534 -0.0396803431212902 -0.45833648741245264 0.60366624593734752 -0.44258654117584223 -0.058091631159186356 -0.093263927847146974 0.69780355691909801 0.68960073590278637 0.51852270960807811 -0.22420950233936307 -0.015014731790870426 -0.39443531632423395 -0.29688154160976404 -0.042756171897053712 -0.28176027536392206 -0.37022346258163447 0.60863840579986583 -0.30736744403839106 -0.055388072505593293 -1.3413034081459043 0.45895338058471685 0.22125291824340823 -0.50857582688331593 0.3185002207756043 -0.06941881030797957 0.084831975400447859 -0.093427989631891237 0.027368484996259216 -0.028312344104051586 -0.054599964991211884 0.044559353962540633 0.17839680612087253 0.69718006253242504 0.64580601453781139 0.028960788622498516 0.43506842851638799 -0.038495920598506921 0.077087759971618666 0.2550892978906632 0.55269682407379161 -0.26931004226207728 0.082800019532442107 0.10823117569088937 -0.047992382198572152 0.083739373832941069 -0.047817982733249657 0.17055363953113559 0.02591883018612862 -0.17330937087535855 0.25876840949058538 -0.077600788325071321 0.20714529603719714 0.05294176563620568 0.017140866257250312 -0.21032430231571195 -0.31899510324001307 -0.12637772411108014 -0.48768429458141321 -0.07137663289904593 0.1651081666350365 -0.16780924797058103 0.084646522998809828 -0.049701718613505357 -0.1194179095327854 0.16004177927970889 -0.058028273284435265 0.15763714909553531 -0.26055346429347986 -0.16098526120185849 0.036644585430622108 -0.098178274929523454 0.023584885522723201 -0.21684538573026654 0.084828868508338942 0.13721898198127749 0.095469299703836455 0.10257447883486749 -0.10217286646366118 -0.38102802634239191 0.48400086164474493 0.15669099986553195 -0.44423264265060419 0.075744584202766432 -0.1524577513337135 -0.050946846604347222 0.27585294842720037 0.24600651860237124 -0.45696611702442164 0.036321684718132026 -0.35746204853057856 0.23593552410602572 0.21612545102834704 -0.19595953822135923 -0.0068751829676330081 0.046180933713912971 0.10175925493240358 0.022346441633999351 -0.07137663289904593 0.074011351913213744 0.011439860332757236 0.10920029878616334 0.020388921722769741 0.14854443818330768 0.098097175359725966 -0.21076153963804242 -0.070914767682552324 -0.17505428940057752 -0.25421135127544398 0.093124173581600203 0.023451377637684349 -0.22748315334320066 0.23525357991456988 0.085616603493690505
decision_type=2 2 2 2 2 2 2 2 2 2 2 2 2 2 2 2 2 2 2 2 2 2 2 2 2 2 2 2 2 2 2 2 2 2 2 2 2 2 2 2 2 2 2 2 2 2 2 2 2 2 2 2 2 2 2 2 2 2 2 2 2 2 2 2 2 2 2 2 2 2 2 2 2 2 2 2 2 2 2 2 2 2 2 2 2 2 2 2 2 2 2 2 2 2 2 2 2 2 2 2 2 2 2 2 2 2 2 2 2 2 2 2 2 2 2 2 2 2 2 2 2 2 2 2 2 2
left_child=120 4 11 124 10 -6 -7 8 9 12 15 13 -8 14 121 17 -17 -2 -19 20 21 27 23 24 -23 -22 -27 28 33 30 31 49 -29 -12 46 -36 40 -38 39 -39 41 116 43 44 45 -42 61 -31 -46 50 51 -30 53 -33 55 56 -55 -51 60 -60 -59 62 63 -34 66 111 67 75 -68 77 -71 76 73 -73 -75 -63 -72 107 79 91 81 82 86 118 -84 -86 -80 112 90 110 -82 -69 94 95 -93 109 -97 98 99 100 -81 -98 -101 -74 105 106 -92 122 -109 -94 -90 -66 115 114 -114 -85 -37 -118 -83 -14 -1 -3 -70 -122 -4 -126
right_child=1 2 3 -5 5 6 7 -9 -10 -11 19 -13 119 -15 -16 16 -18 18 -20 -21 25 22 -24 -25 -26 26 -28 32 29 47 -32 52 34 -35 35 36 37 38 -40 -41 42 -43 -44 -45 48 -47 -48 -49 -50 57 -52 -53 -54 54 -56 -57 -58 58 59 -61 -62 64 -64 -65 65 -67 68 78 69 70 71 72 103 74 -76 -77 -78 -79 80 97 88 83 84 87 85 -87 -88 -89 89 -91 104 92 93 -95 -96 96 101 -99 -100 102 -102 -103 -104 -105 -106 -107 -108 108 -110 -111 -112 -113 113 -115 -116 -117 117 -119 -120 -121 123 -123 -124 -125 125 -127
leaf_value=0.0070550282147891288 0.0032572103916513658 0.013306583426191745 -0.01037156317512199 0.0075221434769119832 0.0146742524511387 0.012938821889252928 0.01119255563283417 -0.0096939116890270207 0.011060937499531718 -0.0098876827819088121 0.013933971017513274 -0.0041316934966539078 0.0063865526883461563 0.0054796689120452284 -0.0044700896557936113 0.00074261672241895677 -0.015834888735636949 -0.016067173445256346 0.0019401740923542148 0.0072010890081892981 -0.011488314338521325 0.0014430589784523266 0.010925575440949326 0.0078298262712198623 -0.012916437938057615 -0.0076106356459457666 0.0022551784006857737 0.0092934643115328477 0.0097661704752317335 0.0027860978571820302 0.0058492852764088108 0.0026963084944028972 -0.0030684187265961282 0.0020145648856024542 -0.012982967687919711 -0.00058766046107923604 -0.0099191547657176866 0.0030752278425947672 0.0084848474363829907 -0.010041897064846381 -0.016246491073671113 -0.00091537492789878282 -0.0087891906214863421 0.003303248156631659 0.00485877214615412 -0.00086318475442642402 0.0089570816742232679 0.017642286071624418 -0.005946564255115752 0.006378932125580947 0.014805567016270756 -0.0077369174551038498 -0.012027284088407482 -0.0046217392524248897 0.0022622125595220103 -0.0019046467612961224 -0.018086790018711947 -0.015142393279542875 0.0065433119064954382 -0.0059172870643160692 -0.0019474131992620926 -0.00040992959463205194 -0.007220912022537271 0.0051781854104574901 0.0012962098864803696 -0.011478749701430506 -0.010015248316141017 0.011876187883509196 -7.9475910832504492e-05 -0.013394971362727248 0.015114249802653862 -0.015525718024170247 0.0091025106472319185 0.0035161448420691407 -0.0075005955772271884 -0.0085211330800792576 0.003683539531964031 0.012205743074085861 0.0038761892969400619 -0.010282332530168501 0.0041328062899969736 -0.0045512535758331875 -0.011664234654645425 -0.0003904950612761798 -0.0041496224047086264 0.012187217227039688 0.0167913104456969 0.01038546832415679 -0.0051683459571013153 -0.010994522084306766 -0.003487907771415822 0.009093895732369078 -0.00080768222700831221 -0.014454035774760314 0.0014062121596385637 0.0076934942630425265 -0.002581964176247899 0.0034428711028725951 -0.010820469113899002 -0.00084241767684416723 0.0010609371874323059 -0.015010280473985846 -0.013068452804282666 -0.0031071076035859018 0.0066283410750105137 -0.0043647741198392133 0.0092514505808870412 -0.007844949528951475 0.0060513016534507859 0.010239427938735217 0.0019020220273646075 -0.0063769052606106142 0.0076238939316241351 -0.0056372037287793358 -0.0044209466345287267 -0.012576502801573894 -0.00091837102656809947 0.010564518422284458 -0.015494471735886658 -0.0049208811306947677 -0.0022521404626604019 2.6928098901603091e-05 0.0098777234005276802 0.0010524054255710226 -0.00083058653091542276 -0.0072604233349207944
leaf_weight=595 540 260 766 258 348 339 293 474 506 351 571 1217 292 1343 1042 252 459 271 285 477 363 492 619 487 258 431 623 320 270 257 944 551 643 320 319 489 1179 367 301 472 364 3374 702 944 488 266 327 251 420 349 267 256 396 319 333 450 371 326 469 268 272 676 320 2354 1127 607 254 252 328 250 273 276 463 532 427 1101 881 476 470 256 955 963 278 424 291 274 444 328 2039 684 334 680 467 256 7948 260 354 726 406 310 1853 330 399 260 297 2674 328 312 258 357 648 653 861 458 269 282 255 799 250 467 2263 250 721 25724 1360 1485
leaf_count=595 540 260 766 258 348 339 293 474 506 351 571 1217 292 1343 1042 252 459 271 285 477 363 492 619 487 258 431 623 320 270 257 944 551 643 320 319 489 1179 367 301 472 364 3374 702 944 488 266 327 251 420 349 267 256 396 319 333 450 371 326 469 268 272 676 320 2354 1127 607 254 252 328 250 273 276 463 532 427 1101 881 476 470 256 955 963 278 424 291 274 444 328 2039 684 334 680 467 256 7948 260 354 726 406 310 1853 330 399 260 297 2674 328 312 258 357 648 653 861 458 269 282 255 799 250 467 2263 250 721 25724 1360 1485
internal_value=-2.4839e-07 -0.00034156 -0.00210781 -0.00463838 -0.000136283 0.00324337 0.00176152 0.000147166 0.00261568 -0.000415284 -0.000294623 0.000265368 0.00272426 0.00212796 -0.000752001 -0.00501805 -0.00990749 -0.00181123 -0.00678454 -0.000160522 -0.000216597 -0.000123156 0.00430765 0.000962692 -0.00346501 -0.00428047 -0.0017557 -0.000260414 0.00147359 0.000313417 -0.000544079 -0.00178569 -0.00049805 0.00968586 -0.000558578 -0.00200904 -0.00166755 -0.00548154 -0.00086084 -0.00426228 -0.000570617 0.000960852 -0.00294498 -0.00127445 -0.00410627 -0.00980499 -0.000186171 0.0101966 -0.000109204 0.0011453 0.00583397 0.00119418 -0.00479907 -0.00336077 -0.00565108 -0.00799868 -0.0119212 -0.00104512 -0.00302059 0.00195354 -0.00919958 -0.000259313 0.00235552 0.00339534 -0.000486892 -0.0040602 -0.000248113 -0.000668035 0.00196469 0.00253298 0.000519563 0.00165626 -0.00114309 -0.00456993 -0.00136225 -0.00545279 0.00643037 0.00574572 -0.00036717 0.00053465 -0.0013581 0.000398715 0.0046484 -0.00154056 -0.00132553 0.00371522 0.0101944 0.000904409 -0.00259669 -0.00499466 -0.000826829 0.00147542 0.00122406 -0.00214107 0.0020178 -0.000326768 -0.00408764 -0.00205293 -0.00330378 -0.00220304 -0.000310165 -0.00863623 -0.00776997 0.00465519 -0.00214118 -0.00293679 0.00277073 0.00381744 -0.00148578 0.00394264 -0.00344997 -0.00150495 -0.000443845 0.00170383 0.00471725 -0.00531456 0.00508219 0.00774877 -0.00684798 -0.000516078 0.000916016 0.00675895 0.00672971 0.000783833 -0.00552249 -0.00420046
internal_weight=105413 76831 7981 3869 68850 3070 2722 2383 1909 1403 65780 4112 1052 2895 1552 1807 711 1096 556 63973 63496 62079 1856 1237 750 1417 1054 60223 7240 6349 5841 4897 52983 891 52663 10739 10420 2319 1140 839 8101 4917 3184 2482 1538 630 41924 508 908 2477 793 526 2420 2024 1473 1140 690 1684 1335 737 598 41597 3317 2997 38280 2387 35893 30182 5711 5457 3362 3112 1958 1235 959 1777 1154 2095 28405 14854 13551 5592 1757 3835 843 565 914 2622 7959 3371 4588 10904 10652 2024 8628 1768 944 3950 3224 2818 2109 684 709 723 3633 3336 662 1619 570 824 2687 1780 2294 1588 1130 706 1543 1054 1213 759 28582 510 1049 27987 3611 2845
internal_count=105413 76831 7981 3869 68850 3070 2722 2383 1909 1403 65780 4112 1052 2895 1552 1807 711 1096 556 63973 63496 62079 1856 1237 750 1417 1054 60223 7240 6349 5841 4897 52983 891 52663 10739 10420 2319 1140 839 8101 4917 3184 2482 1538 630 41924 508 908 2477 793 526 2420 2024 1473 1140 690 1684 1335 737 598 41597 3317 2997 38280 2387 35893 30182 5711 5457 3362 3112 1958 1235 959 1777 1154 2095 28405 14854 13551 5592 1757 3835 843 565 914 2622 7959 3371 4588 10904 10652 2024 8628 1768 944 3950 3224 2818 2109 684 709 723 3633 3336 662 1619 570 824 2687 1780 2294 1588 1130 706 1543 1054 1213 759 28582 510 1049 27987 3611 2845
is_linear=0
shrinkage=0.0667171


Tree=45
num_leaves=127
num_cat=0
split_feature=153 73 82 10 84 21 18 104 21 150 97 19 69 22 180 73 74 92 10 102 162 105 95 73 82 95 33 161 16 18 21 95 85 162 153 85 16 80 80 10 79 81 61 153 153 16 92 99 33 80 20 21 80 92 70 79 6 105 19 82 18 10 198 19 133 122 11 3 105 156 10 104 33 96 99 100 99 183 162 70 80 95 33 99 73 19 79 179 84 19 96 82 19 69 14 104 180 80 200 38 157 97 62 33 3 33 150 103 18 95 198 4 14 16 19 94 97 33 16 2 200 18 81 21 4 3
split_gain=7.00833 6.90296 11.363 10.7121 8.50898 11.333 15.7215 9.35166 7.29026 6.52765 12.5322 8.83508 8.2701 7.94642 6.59325 8.31815 7.28378 7.65791 7.91373 6.22522 6.1186 7.84126 7.11099 10.5436 8.91299 8.0341 12.1023 7.4376 6.93568 7.19771 6.78677 6.64998 10.6736 7.37538 6.29029 6.06395 6.14721 10.4696 8.8797 6.16229 6.09326 5.95538 5.74232 5.70706 7.34062 9.28794 8.40736 5.62768 5.53816 5.41142 11.0476 7.1043 5.73241 5.38886 5.29809 5.79656 5.22647 5.4679 5.2532 5.19551 5.19013 5.06158 4.77624 4.84446 4.6993 4.75131 4.65672 6.07347 4.94414 4.60631 4.51752 4.50155 7.13555 5.08693 11.3006 10.7911 5.99173 5.84049 8.94425 6.78578 10.541 8.03687 10.0493 6.87208 6.77579 6.59992 7.47928 7.73233 6.47564 6.45209 8.48608 7.66727 6.49513 7.16177 11.3627 8.50564 6.95131 6.85899 7.80267 6.56893 6.49217 7.47449 7.62766 8.22352 7.22877 9.03553 9.16283 8.09631 7.15635 8.09648 6.74192 6.95591 11.9447 7.99127 6.89861 6.27255 6.23528 9.67143 6.6106 7.58914 8.97358 6.58908 6.22861 6.02251 6.00948 5.85897
threshold=0.50840440392494213 0.14037369191646579 0.17687616497278216 0.32648085057735449 -0.21615271270275113 0.32561826705932623 -0.012221254408359526 -0.17728463560342786 0.28810441493988043 0.27540574967861181 -0.22581084072589871 -0.16850026696920392 0.32748083770275122 -0.097164265811443315 -0.013942434918135403 0.67140695452690136 0.40013675391674047 0.28653639554977423 0.47968137264251715 0.26098309457302099 1.5419188737869265 -0.9471675157546996 0.68960073590278637 -0.63421696424484242 -0.24996683001518247 0.12200894951820375 -0.34937384724616999 -0.021218079142272469 0.4194385707378388 0.075347539037466063 -0.51240131258964527 0.077087759971618666 0.26017792522907263 -0.049404408782720559 -0.86622223258018483 0.69780355691909801 -0.53414788842201222 0.352886512875557 0.065402541309595122 0.12722397595644 -0.69907188415527333 0.11810947209596635 0.033501897007226951 0.42187030613422399 0.30282902717590338 0.13628542423248294 -0.010293274186551569 0.19472330808639529 -0.24812665581703183 0.27584689855575567 0.057636035606265075 0.17944861948490146 0.084455616772174849 0.019818968139588836 0.025491819716989998 0.10511355847120286 -0.022317937575280663 0.043861446902155883 0.64123359322547924 -0.15396678447723386 0.22423640638589862 -0.22748315334320066 0.074504863470792784 0.10368935018777849 -0.088258765637874589 0.054383678361773498 0.10283128544688226 -0.19453945755958554 -0.15336702018976209 -0.039852013811469071 0.12346727028489114 0.61400580406188976 -0.10968907922506331 0.5903744399547578 0.16597638279199603 0.27811346948146826 0.71351563930511486 0.06608618795871736 0.29586903750896459 -0.086543548852205263 -0.0045759622007608405 -0.1815867945551872 -0.24561874568462369 0.40471050143241888 0.40666046738624578 0.27655458450317388 -0.0055839936248958102 -0.11045478656888007 -0.37324169278144831 0.13721898198127749 0.17917788773775103 0.039849439635872848 -0.073849849402904497 0.063745912164449706 -0.066956844180822359 -0.073997240513563142 -0.13232799619436261 0.33779838681221014 -0.063237030059099184 0.044022005051374442 -0.45696611702442164 -0.2377379164099693 -0.16456361860036847 -0.19419451057910916 0.46541532874107366 -0.054167974740266793 0.0067526912316679963 -0.26831771433353419 -0.1066157892346382 -0.10951635614037512 -0.06497700139880179 -0.23918534070253369 -0.13392113149166104 -0.08214258030056952 -0.12596915662288663 -0.15053559839725492 -0.17343793809413907 -0.14366225898265836 0.15477345138788226 0.32528407871723181 0.0035058356588706379 0.1432982608675957 0.11131493747234346 -0.04789233207702636 -0.33955840766429896 0.23870303481817248
decision_type=2 2 2 2 2 2 2 2 2 2 2 2 2 2 2 2 2 2 2 2 2 2 2 2 2 2 2 2 2 2 2 2 2 2 2 2 2 2 2 2 2 2 2 2 2 2 2 2 2 2 2 2 2 2 2 2 2 2 2 2 2 2 2 2 2 2 2 2 2 2 2 2 2 2 2 2 2 2 2 2 2 2 2 2 2 2 2 2 2 2 2 2 2 2 2 2 2 2 2 2 2 2 2 2 2 2 2 2 2 2 2 2 2 2 2 2 2 2 2 2 2 2 2 2 2 2
left_child=9 3 4 -2 5 -3 -7 -6 -9 13 -11 12 -12 56 16 49 17 54 19 -19 21 -15 23 24 30 26 -26 -24 34 31 -23 32 -30 -33 -25 36 37 38 39 -36 61 -27 64 44 45 -18 -46 -40 -31 51 -51 59 62 -10 -13 -56 57 58 66 -16 -59 -38 63 -53 -29 -66 -1 68 -68 -43 -55 73 -73 76 -75 -76 77 78 79 80 116 82 -82 115 85 89 -87 -88 -80 92 91 -91 100 94 122 96 -96 98 -95 -97 -79 -102 -103 -104 105 106 -105 -107 109 -109 114 112 -112 -113 -110 -83 121 118 119 120 -118 -42 -94 -89 -114 -93
right_child=1 2 -4 -5 7 6 -8 8 53 10 11 14 -14 20 15 -17 43 18 -20 -21 -22 22 27 28 25 41 -28 42 29 48 -32 33 -34 -35 35 -37 40 -39 47 -41 71 69 -44 -45 46 -47 -48 -49 -50 50 -52 52 -54 70 55 -57 -58 60 -60 -61 -62 -63 -64 -65 65 -67 67 -69 -70 -71 -72 72 -74 74 75 -77 -78 84 88 -81 81 83 -84 -85 -86 86 87 123 -90 90 -92 125 93 97 95 99 -98 -99 -100 -101 101 102 103 104 -106 107 -108 108 110 -111 111 113 124 -115 -116 -117 117 -119 -120 -121 -122 -123 -124 -125 -126 -127
leaf_value=0.00067239176955218526 -0.014759522468958567 0.010823652634634013 0.0087936686450589847 0.00080702117824771726 0.0042275708036927451 0.0086319226941846405 -0.013307864139106519 -0.015284910412169405 0.00066307528415310974 0.015978495916898691 0.00083993132621481366 0.016862813114688856 -0.014179917965995803 -0.0072847097113272708 0.010396208471283157 0.009321639519506774 0.0037782310006481178 -0.00016754908759079103 -0.0082628830755884699 0.011868288732463525 0.007093726272993716 0.018669586093476662 0.0020072820913312039 -0.0081593076806308496 1.8054878328213052e-05 0.0038651055906015375 0.018476389532250614 0.0017519872850845597 0.0076219284583745727 0.0078630685296434723 0.0041185974760621288 -0.020827966651036256 -0.010526760502712706 -0.0064423863310048082 2.1792098613005701e-05 0.006915004568282963 -0.0017702039294085544 0.011094673497318538 -0.0094449039733100395 0.013337884072636027 -0.0079601995901670587 0.00016962911227280883 -0.01485902305815188 -0.0050193028762740444 0.014550801642619163 -0.011875574535879443 -0.00079636148740770175 0.00062418330952820975 -0.0041081627433832597 -0.016569957074533331 0.00087119623090104478 -0.0022070501736413816 0.0058851450819193477 -0.013487720017689518 0.010012567531584646 -0.00032939277922078454 -0.00020969671303589201 0.0033831796806944496 -0.0048832625705545829 -0.00039433831167424782 0.013296888378803736 0.0098220977364844274 0.0023370042924699768 -0.012398166310793973 -0.0019583931781107238 -0.014991713487312278 0.015824524948799448 0.00027117260125217042 0.0050887165431743849 -0.011571348666027353 -0.002202937161782386 0.0096187452618476058 -0.0026516954400593322 -0.01675771980143537 -0.0042753899293469944 0.0081913680623773074 0.0059788215367378864 0.0057961365114341775 -0.0035281943061593393 -0.0010710322530080077 -0.011354213274192114 0.01242245079805112 0.0019647045442830642 0.015198236137130592 -0.0093042943372401172 -0.0097667734136210101 0.0072533370047582193 -0.00091743507780051091 0.007533577186635396 -0.00062614217787171215 -0.0053193476140202776 0.016244646272991985 0.0016072374825040127 -0.011255465564736812 -0.0094562039958026572 -0.0128556705584563 0.00055185096496345267 -0.010732056195669215 0.00070972276513195159 -0.003405216406087078 0.0087515286144595195 -0.0091421693396700233 -0.0086222926455681269 0.017925413445592866 -0.0053510284911767961 0.0081804678824084851 4.7406848106640709e-05 0.010718238092582232 -0.0080336940792137285 -0.0016396748502853459 -0.0092750695864754901 -0.009674059819542594 0.0034112829191206605 -0.00018772288723315302 0.0023607153049647672 0.0030783403561685445 0.00064787212562006781 0.0019608873010134465 -0.014232102922314346 0.0076310657281426653 -0.012140595591469622 0.0032634238132810494 0.013371640596194893 -0.013450088592643128 0.014291561550343024 0.0030701940196441141
leaf_weight=7872 474 392 416 326 345 252 332 424 445 265 340 313 302 765 400 347 480 431 265 332 462 280 491 462 403 420 259 312 265 296 302 257 307 435 306 501 256 539 412 307 909 253 351 573 373 255 266 594 399 289 352 415 266 380 805 333 10890 2807 625 378 257 452 292 431 254 253 257 902 792 336 281 473 370 261 1766 370 610 736 293 19852 292 373 1726 292 484 841 321 538 1089 405 362 382 948 340 359 587 2069 862 810 765 355 490 531 260 1009 496 253 481 1119 450 278 533 1042 1531 372 2301 536 3832 250 262 437 305 254 251 291 257
leaf_count=7872 474 392 416 326 345 252 332 424 445 265 340 313 302 765 400 347 480 431 265 332 462 280 491 462 403 420 259 312 265 296 302 257 307 435 306 501 256 539 412 307 909 253 351 573 373 255 266 594 399 289 352 415 266 380 805 333 10890 2807 625 378 257 452 292 431 254 253 257 902 792 336 281 473 370 261 1766 370 610 736 293 19852 292 373 1726 292 484 841 321 538 1089 405 362 382 948 340 359 587 2069 862 810 765 355 490 531 260 1009 496 253 481 1119 450 278 533 1042 1531 372 2301 536 3832 250 262 437 305 254 251 291 257
internal_value=-0.000105405 -0.00282 -0.00144718 -0.00837229 -0.00295879 0.00206088 -0.00377047 -0.0055912 -0.00783528 3.09986e-06 0.0017725 0.00130777 -0.00617666 -0.000158368 0.00194644 -0.000365783 0.00360998 0.00600843 0.00156626 0.00503381 -0.000526527 -0.000578932 -0.000502059 -0.000392471 0.00408769 0.00158827 0.00729417 -0.00481085 -0.000552222 -0.00445882 0.0111886 -0.00745794 -0.0020694 -0.0118585 -0.000427077 -0.000367709 -0.000428795 0.003063 0.000361171 0.00669017 -0.000558582 -0.00213095 -0.0077068 0.000538451 0.00288291 -0.0016183 0.00810838 -0.00347077 0.000942116 -0.00157562 -0.0069509 -7.21767e-07 -0.00282296 -0.00493379 0.00913134 0.00695802 0.00087504 0.00175179 0.00102067 0.00511123 0.00423232 0.00557449 -0.00490005 -0.00744512 -0.00458239 -0.00853964 0.00140074 0.00431931 0.00776751 -0.0064714 -0.00874485 -0.000634687 0.00419007 -0.00070703 -0.00371552 -0.00209387 -0.000573777 -0.000648925 -9.04346e-05 -0.000322929 0.000963825 0.00327513 1.23479e-05 0.00548405 -0.00151567 -0.00133 -0.00502276 -0.00139411 0.00515484 -0.000940943 0.00339325 0.0064584 -0.00129716 -0.00286397 -0.00149821 -0.00329897 -0.000921992 -0.00622614 -0.00281407 -0.00753842 -0.000222173 -0.00069353 -0.00106633 -0.000602751 -7.17187e-05 0.000674694 0.00917644 5.50333e-06 -0.000656882 0.00470864 -0.00163214 -8.78578e-05 0.00318526 -0.00265871 -0.00541215 0.00440209 -0.000795055 0.000183825 -0.00437476 -0.00233791 -0.00506793 -0.00510443 0.00413264 -0.00496197 0.0058247 0.0110023
internal_weight=105562 4067 3267 800 2851 976 584 1875 1530 101495 8503 8238 642 92992 7596 3170 4426 2479 1028 763 68590 68128 67363 65702 2253 1671 662 1661 63449 1959 582 1264 572 692 61490 61028 60527 2158 1619 613 58369 1009 1170 1947 1374 735 639 1006 695 2823 641 2182 1404 1106 1451 1138 24402 13512 10448 778 3064 708 1138 846 819 507 9823 1951 1049 589 661 57661 843 56818 2397 2136 54421 53811 32749 31367 11515 4984 2018 2966 21062 20578 1951 1110 1382 18627 1406 1044 17221 6994 4982 3780 2428 2012 1150 1352 10227 9491 9136 8646 8115 7106 513 6593 6097 931 5166 3675 1611 2064 1491 2674 6531 5317 1485 1235 973 1214 1202 789 1333 639
internal_count=105562 4067 3267 800 2851 976 584 1875 1530 101495 8503 8238 642 92992 7596 3170 4426 2479 1028 763 68590 68128 67363 65702 2253 1671 662 1661 63449 1959 582 1264 572 692 61490 61028 60527 2158 1619 613 58369 1009 1170 1947 1374 735 639 1006 695 2823 641 2182 1404 1106 1451 1138 24402 13512 10448 778 3064 708 1138 846 819 507 9823 1951 1049 589 661 57661 843 56818 2397 2136 54421 53811 32749 31367 11515 4984 2018 2966 21062 20578 1951 1110 1382 18627 1406 1044 17221 6994 4982 3780 2428 2012 1150 1352 10227 9491 9136 8646 8115 7106 513 6593 6097 931 5166 3675 1611 2064 1491 2674 6531 5317 1485 1235 973 1214 1202 789 1333 639
is_linear=0
shrinkage=0.0667171


Tree=46
num_leaves=127
num_cat=0
split_feature=41 167 157 201 105 10 179 182 14 201 13 0 4 84 200 21 19 10 149 20 92 201 103 84 4 13 97 96 20 11 201 92 12 12 19 19 169 35 58 150 199 19 80 4 80 85 96 152 0 99 8 99 171 183 4 197 152 9 80 101 14 92 11 158 17 171 17 14 84 158 152 0 8 61 201 17 180 84 0 60 4 84 179 164 12 157 201 69 19 19 99 158 96 102 156 20 20 20 200 12 14 99 82 97 12 65 13 152 201 158 152 99 155 11 97 183 92 12 4 20 10 19 171 8 74 99
split_gain=5.98708 6.38611 9.44716 8.0781 7.766 6.94071 6.0234 5.748 6.23911 6.23076 11.4347 14.7981 7.98934 7.41141 6.37366 7.83324 7.82227 13.9906 6.25342 5.89879 8.32061 10.551 8.83997 8.01822 7.1635 5.78529 8.41729 6.99732 7.65034 8.85671 8.94146 8.49195 8.04706 9.41416 6.31898 7.57799 5.77028 8.33084 7.60665 6.12607 5.71475 11.7958 11.4094 17.191 9.83392 8.6848 8.14362 7.46248 12.3721 8.08634 7.82288 7.38566 7.32731 10.2917 8.47532 8.14457 6.70119 7.1027 6.55204 6.14553 7.42392 6.06287 8.52798 9.40093 8.70145 11.7507 8.93709 13.5964 10.4708 9.46437 9.51721 8.3467 7.91146 7.32991 7.07556 5.8087 5.67015 5.6666 5.58255 5.56675 5.5181 5.49801 8.22564 7.28538 6.31918 5.74777 5.48017 8.83072 7.32461 6.59083 9.00517 6.37469 6.03399 5.36928 5.17323 6.27716 7.08289 6.05541 7.99836 7.68845 8.00953 10.7018 7.44698 8.23547 7.74312 8.42023 6.57963 6.27376 7.65654 8.02031 8.29296 6.08346 8.03244 5.92021 5.7409 5.74058 5.58383 7.67335 10.5844 12.3492 13.112 8.75587 9.96411 6.90129 9.57798 9.94253
threshold=0.38110014796257025 0.88353800773620617 0.28794679045677191 -0.087956961244344697 -0.9471675157546996 0.63222718238830578 0.0019700659904628996 0.67797318100929271 0.56629464030265819 -0.69461253285408009 -0.12848138809204099 -0.041193181648850434 0.1405884996056557 -0.22023432701826093 -0.39744719862937922 0.40431648492813116 0.63831084966659557 0.45594111084938055 -1.4853858351707456 0.45837846398353582 0.032031204551458366 0.016853659413754944 0.15145770460367206 -0.20167829096317288 -0.29481184482574457 -0.53176066279411305 0.38948737084865576 0.2381919473409653 0.24962572753429416 -0.1824398338794708 -0.31356514990329737 -0.035667097195982926 -0.15856897830963132 0.024401831440627578 0.14475676417350772 -0.068712692707777009 -0.16802211105823514 0.14105042815208438 0.10797349363565446 0.37130202353000646 -0.10624531283974646 0.25059092044830328 0.0069333419669419536 -0.40606333315372461 0.51213911175727855 -0.05983710661530494 -0.16877402365207669 0.027301593683660034 -0.17471590638160703 -0.09045450389385222 -0.0068836642894893876 0.32507415115833288 -0.17738935351371762 -0.007357521913945674 -0.50630065798759449 -0.39763151109218592 -0.060479629784822457 0.138145886361599 -0.1775974705815315 -0.0072047775611281386 -0.0089211310259997827 -0.19770786166191098 -0.099570166319608674 -0.61920785903930653 -0.1742647588253021 0.062919829040765776 -0.0033076868858188386 -0.040171131491661065 -0.15672483295202252 0.13018543273210528 0.044565422460436828 0.029829545877873901 -0.161787673830986 -0.041087232530117028 -0.11525852978229521 -0.063061768189072595 0.14126192778348926 0.12969630211591723 -0.21732954680919644 0.068431351333856597 0.052858233451843269 -0.12545064091682431 0.037691751495003707 -0.098966550081968294 -0.050927303731441491 0.032045045867562301 -0.014244852121919392 0.14376661926507953 0.05270237289369107 -0.068712692707777009 -0.077811885625123964 0.054993966594338424 0.15543963760137561 -0.030306627042591568 -0.50044146180152882 -0.048864664509892457 0.13583787530660632 0.11932773515582086 -0.092017725110054002 -0.28563824295997614 0.50521576404571544 0.2341151833534241 -0.54165917634963978 -0.2377379164099693 0.086588438600301756 -0.058981144800782197 0.37101425230503088 0.10388360545039178 -0.045801086351275437 0.020297723822295669 0.21698091924190524 -0.016573459841310974 0.12279251962900163 -0.023221236653625962 -0.20855638384819028 0.075457498431205763 0.23966352641582492 0.12449914216995241 -0.069100182503461824 0.023103144951164726 -0.092149835079908357 0.23308309912681582 -0.081671565771102891 -0.081627540290355668 -0.14066931605339048 0.10240665450692178
decision_type=2 2 2 2 2 2 2 2 2 2 2 2 2 2 2 2 2 2 2 2 2 2 2 2 2 2 2 2 2 2 2 2 2 2 2 2 2 2 2 2 2 2 2 2 2 2 2 2 2 2 2 2 2 2 2 2 2 2 2 2 2 2 2 2 2 2 2 2 2 2 2 2 2 2 2 2 2 2 2 2 2 2 2 2 2 2 2 2 2 2 2 2 2 2 2 2 2 2 2 2 2 2 2 2 2 2 2 2 2 2 2 2 2 2 2 2 2 2 2 2 2 2 2 2 2 2
left_child=1 4 3 -3 5 -1 -7 9 -9 10 11 78 13 -12 15 16 25 -18 -16 36 23 80 93 -21 -25 -11 27 28 29 30 -27 34 -33 79 35 -31 37 -20 -39 40 41 44 45 -44 46 -43 47 50 49 -49 -38 -45 -48 55 -55 -54 57 -57 -58 60 -60 62 72 -64 65 71 68 74 -66 76 -71 -65 -42 -74 -68 -47 -70 -15 -6 -34 -22 82 84 -83 -41 -84 87 88 89 90 -56 -92 -88 -23 95 -63 -97 98 106 -99 107 -102 104 115 105 -100 -96 -101 111 -110 -111 112 -109 -107 -105 -104 117 121 -119 120 -120 122 -116 124 125 -124
right_child=-2 2 -4 -5 7 6 -8 8 -10 14 12 -13 -14 77 18 -17 17 -19 19 20 21 22 -24 24 -26 26 -28 -29 -30 31 -32 32 33 -35 -36 -37 39 38 -40 81 61 42 43 51 -46 75 52 48 -50 -51 -52 -53 53 54 86 56 58 -59 59 -61 -62 94 63 64 66 -67 67 -69 69 70 -72 -73 73 -75 -76 -77 -78 -79 -80 -81 -82 83 85 -85 -86 -87 92 -89 -90 -91 91 -93 -94 -95 97 96 -98 99 102 100 101 -103 103 114 -106 113 -108 108 109 110 -112 -113 -114 -115 116 -117 -118 118 119 -121 -122 -123 123 -125 -126 -127
leaf_value=0.001437838287231951 -0.0013235132542409481 0.0090282810553001924 0.014830113041634301 -0.00070683566467407918 -0.0070512824785973569 -0.014261549165660787 -0.0016366052292145425 0.0016848286176828738 0.01307838724115227 0.0090792567972437302 -0.0047043319052537825 -0.018748097129592713 -0.0057911759436103747 0.0095867153913013481 0.010222999819617147 -0.0059822596134122864 0.022060445627854017 0.0016056622446659818 0.003712852856275151 -0.00029134608951560023 -0.0010572970659044932 0.016134427080258203 -0.0059966745860026947 0.017789863941073673 0.0049979437156750465 0.00031026867608274257 -0.0056524909912612446 0.010019625612581981 0.012104680353290823 -0.0080667587937421625 -0.015312080939290786 0.01500318286529256 0.0036932129394880312 0.010338661400276476 -0.010759652919518355 0.006070874786562974 -0.0047566050021611659 0.00048387891970840034 -0.0097814629157026173 0.0029227455441295474 -0.012713787008178264 -0.019691419462799072 -0.011747088520508788 0.0070119638995574853 -0.0095401379981120762 0.0010382632111054914 -0.0055576929068885325 0.0039192824647598674 -0.015084327527011625 -0.010553581881467381 0.0071152258206651636 -0.002513124026472649 0.011107821382344596 0.010251444403308963 0.0040797438721171088 0.0015349412709451526 -0.0058210298002201082 -0.0081007275327920521 0.012891020416498804 0.0021931122369856877 0.0031116346671422506 0.0028515014550442967 0.011193986021165784 -0.018193463959602564 0.0098850058320542316 0.003666494362832852 -0.016245339368964516 0.0046436750143424091 -0.008322574483114761 0.016081634321403377 -0.0017909978331538299 -0.0047936892066468692 -0.0063384987869123674 0.0049375456078907375 -0.0040923920583879935 -0.012882524509255748 0.0025617746399746802 -0.0017636004108937549 0.0052618856377130959 -0.009353980204845869 -0.014772759391023868 0.004476264697036751 0.00021808915726847532 -0.0066888067418207683 -0.0091900057892316082 0.013916545408283675 0.0021647835837771668 0.0055310070900659565 0.0012048333877537278 -0.013703367153702309 -0.0040922127934918777 -0.01690135329803653 -0.0073964119385945262 0.0030933113409268146 0.0046825226363757001 -0.0086554575529833814 0.0036170984962052457 0.0065751989991418595 -0.012396025344109668 -0.0038980992589913942 -2.5991849058378207e-05 0.015617777244448745 0.0018043995005668668 -0.0038173977161775423 0.003194205729485769 0.0060388351154171023 -0.0060367564364503714 0.0053739476056473287 0.0074479513599027027 0.0046729889854318866 -0.0078530588341892277 -0.0091972379016344065 -0.0086922770761203253 -0.0059431719414882638 -0.003177125151636285 0.014287326150838563 -0.00079412660687901517 -0.0030291784180121128 -0.013209906372050051 0.014491820700144294 0.0029642301892261404 0.0081547994837497927 -0.0069152479630280716 0.0014366445159761884 0.0068256702150560327 0.0079243000976890882
leaf_weight=411 13156 522 295 1346 435 435 282 717 307 480 372 388 660 677 266 459 254 361 3924 408 274 252 253 377 420 371 643 488 272 258 281 325 291 430 276 471 543 1555 400 325 500 343 603 635 497 259 773 451 512 272 447 829 516 278 353 1228 271 466 722 1724 681 541 298 341 755 401 266 751 539 265 254 544 778 376 1103 261 342 266 256 281 255 297 299 1815 448 254 1947 382 552 536 493 272 342 330 3713 893 266 576 548 3992 679 267 320 1115 568 283 268 473 883 479 454 541 288 503 1475 347 5532 3131 253 346 1711 1106 523 7175 2872 321
leaf_count=411 13156 522 295 1346 435 435 282 717 307 480 372 388 660 677 266 459 254 361 3924 408 274 252 253 377 420 371 643 488 272 258 281 325 291 430 276 471 543 1555 400 325 500 343 603 635 497 259 773 451 512 272 447 829 516 278 353 1228 271 466 722 1724 681 541 298 341 755 401 266 751 539 265 254 544 778 376 1103 261 342 266 256 281 255 297 299 1815 448 254 1947 382 552 536 493 272 342 330 3713 893 266 576 548 3992 679 267 320 1115 568 283 268 473 883 479 454 541 288 503 1475 347 5532 3131 253 346 1711 1106 523 7175 2872 321
internal_value=7.78447e-06 0.000197303 0.00377768 0.00200301 0.000111222 -0.0053812 -0.00934403 0.000181093 0.00514396 0.000123032 -0.00283552 -0.00835107 0.000163888 0.00318513 0.000229499 0.00233682 0.00304237 0.0101281 7.11359e-05 3.62602e-05 0.00317912 -0.00036321 0.00427164 0.00721513 0.011104 0.00213677 0.00136569 0.00258267 0.00145298 0.000462806 -0.00638018 0.00239429 0.00590082 0.00289831 -0.00220108 0.00100683 -6.89895e-05 0.00193805 -0.00160537 -0.000236695 -9.55119e-05 -0.0011451 -0.00499932 -0.00228885 -0.000350231 -0.0114407 -1.44014e-05 -0.00370956 -0.00716728 -0.00150077 0.000569072 0.00159613 0.000696005 0.00114942 -0.00099694 0.00312824 0.00230966 -0.00110044 0.00401955 0.00488836 0.00817205 0.000264987 -0.00148032 -0.00028009 -0.000904958 -0.00571261 0.000535301 -0.00252857 0.0035653 0.000127968 0.00727223 -0.0100104 -0.00570776 -0.00263363 -0.00649263 -0.00590903 -0.00405433 0.00634298 -0.00244417 -0.00265515 -0.00773668 -0.00298255 0.000357887 -0.0050965 -0.00404948 0.00657706 -0.00164993 -0.0037539 -0.00538337 -0.00760517 -0.00463944 -0.00870865 0.000714626 0.00881353 0.0005748 -0.00302395 -0.00580115 0.000725956 0.0011481 -0.000840288 -0.00137657 0.00436937 0.000750444 0.00104376 -0.00327301 -0.00605783 0.0039479 -0.00214715 8.41326e-05 0.00289239 -0.0013846 -0.00380369 -4.99172e-06 -0.00158557 0.00085114 0.00835043 0.0010658 0.00161168 -0.000497321 0.00291845 0.000851931 0.00246603 0.00195345 0.002652 0.00498835 -0.00121717
internal_weight=105761 92605 2163 1868 90442 1128 717 89314 1024 88290 3054 1079 1975 1315 85236 5941 5482 615 79295 79029 2569 1364 835 1205 797 4867 4387 3744 3256 2984 652 2332 1327 1002 1005 729 76460 5879 1955 70581 67143 17188 2930 2067 14258 863 13761 2225 1235 723 990 1464 11536 10763 5155 5608 5092 1694 3398 3127 1403 49955 7513 5859 5561 1286 4275 2120 2155 1400 519 885 1654 1154 1369 520 881 943 691 572 529 3438 1326 2112 773 553 4877 2588 2206 1654 1118 765 2289 582 42442 1700 1159 40742 32110 8632 8056 946 28129 26227 1902 1334 3981 7110 3118 1816 933 1302 761 786 25560 667 24445 18913 5441 2310 1964 13472 12366 10891 3716 844
internal_count=105761 92605 2163 1868 90442 1128 717 89314 1024 88290 3054 1079 1975 1315 85236 5941 5482 615 79295 79029 2569 1364 835 1205 797 4867 4387 3744 3256 2984 652 2332 1327 1002 1005 729 76460 5879 1955 70581 67143 17188 2930 2067 14258 863 13761 2225 1235 723 990 1464 11536 10763 5155 5608 5092 1694 3398 3127 1403 49955 7513 5859 5561 1286 4275 2120 2155 1400 519 885 1654 1154 1369 520 881 943 691 572 529 3438 1326 2112 773 553 4877 2588 2206 1654 1118 765 2289 582 42442 1700 1159 40742 32110 8632 8056 946 28129 26227 1902 1334 3981 7110 3118 1816 933 1302 761 786 25560 667 24445 18913 5441 2310 1964 13472 12366 10891 3716 844
is_linear=0
shrinkage=0.0667171


Tree=47
num_leaves=127
num_cat=0
split_feature=30 201 188 18 97 200 18 92 105 10 92 19 10 11 198 201 103 33 19 169 85 201 33 11 92 97 159 80 17 65 10 20 16 82 154 197 17 151 15 81 199 11 95 80 19 81 5 19 21 94 5 0 14 69 81 81 20 171 18 20 180 164 21 69 19 18 10 73 92 103 12 4 153 18 155 20 4 199 200 14 99 18 152 73 73 23 21 80 61 13 65 104 19 17 66 19 163 99 16 152 92 92 151 163 80 92 33 103 152 1 80 92 105 161 201 92 108 94 17 73 21 73 18 183 181 163
split_gain=7.02062 6.38553 7.5681 7.10103 8.93975 8.44825 6.58117 9.22128 6.75407 7.40714 12.3831 15.0188 8.38592 8.21821 8.05808 7.97505 12.2993 6.68538 10.9019 10.7084 8.96297 8.91554 7.70441 7.85742 7.37849 8.08283 7.81791 7.23289 7.25724 7.01899 8.88221 8.56535 7.48572 7.25184 9.5365 7.55298 7.48321 7.77488 6.36681 6.27318 6.85195 6.25189 8.18279 6.03237 7.04305 7.77742 5.79346 7.82639 5.65116 5.92965 5.61652 12.0953 7.936 7.89548 7.65908 6.85258 6.81765 6.78966 5.79018 6.68637 6.2718 6.05315 5.78515 6.8473 5.77444 5.65879 5.71734 5.59503 5.56633 5.44896 9.18935 12.7049 7.22903 8.05157 7.68288 6.09148 6.59031 5.72758 5.57529 6.47748 5.43522 6.11214 5.37679 6.65788 6.40854 5.27185 5.22698 7.14403 5.19397 5.18635 5.74699 6.07355 5.15429 6.75528 6.67641 6.3026 9.29578 7.08142 7.33695 8.60314 9.27431 8.89582 6.72477 5.30941 5.15153 5.09573 6.25388 6.71364 5.58444 7.7534 9.64593 7.77512 7.08261 5.06448 5.04449 5.04266 6.8019 6.84104 5.34749 4.96006 5.20724 4.93524 4.89478 4.82093 4.80653 10.402
threshold=0.032598841935396201 -0.65739604830741871 -0.096146643161773668 -0.44855967164039606 0.30197864770889288 -0.86268103122711171 0.11253532022237779 -0.19770786166191098 -0.7997913360595702 -0.12599116563796994 -0.058403404429554932 -0.11290423199534415 -0.16960968822240827 0.21330458670854571 -0.1054745241999626 0.01347224321216345 -0.38678871095180506 0.42475843429565435 0.05270237289369107 0.17684886604547503 -0.49090375006198878 0.090946625918149962 -0.40032778680324549 0.28155103325843817 0.13048602640628817 0.0041335558053106078 -0.13176988065242765 0.42707507312297827 -0.29675559699535364 -1.4274027943611143 0.78766050934791576 -0.081014793366193757 0.25475476682186132 0.028673862107098106 -0.19591113179922101 0.063685476779937758 0.17379736900329593 0.14367266744375232 -0.066915381699800477 -0.046235820278525346 0.0050845348741859206 0.020503700710833076 -0.054458549246191972 0.16619923710823062 -0.12241732329130171 0.25145380198955541 1.0000000180025095e-35 0.2390786558389664 0.41695269942283636 0.11717123910784723 0.37500000000000006 -0.11789772659540175 0.01340029761195183 -0.47786878049373621 0.061391007155179984 -0.10237993672490119 -0.11027888581156729 -0.012179010547697542 -0.079553481191396699 0.15758187323808673 -0.021476522088050839 0.0037345119053497915 -0.33668515086174006 -0.18027411401271817 -0.042176464572548859 -0.11541661992669104 0.079688854515552535 0.0059008679818362006 0.015390038955956699 0.049093840643763549 -0.054104177281260483 -0.48768429458141321 -0.06397059932351111 -0.1066157892346382 -0.10606946051120757 -0.24021986126899716 -0.32718469202518458 0.053714670240879066 -0.015491787344217299 0.11756696179509164 0.020808314904570583 -0.065505117177963243 0.1063881814479828 0.42238810658454901 -0.67545416951179493 -0.10575132444500922 0.17944861948490146 -0.0091674216091632826 0.030973452143371109 -0.11726697161793707 0.017859485931694511 0.25944350659847265 -0.15383142232894895 0.3875745981931687 -0.12188678607344626 -0.013068219646811484 -0.0013855906436219809 0.44567759335041052 -0.08214258030056952 0.059073790907859809 -0.031920228153467171 0.12236882001161577 -0.12844447046518323 -0.012344137765467165 0.068543292582035079 0.31262581050395971 0.014594636391848327 -0.024302455596625801 -0.009665750898420809 -0.28835226595401758 0.01666937675327063 -0.14898631721734998 -0.0024869058979675169 0.11040426790714265 -0.024004769511520859 0.41799488663673406 0.18728201091289523 0.18550062179565432 0.58668297529220592 0.47307555377483373 -0.63409459590911854 0.13137959688901904 -0.060332691296935075 -0.22369167208671567 0.22274242341518405 0.097439963370561614
decision_type=2 2 2 2 2 2 2 2 2 2 2 2 2 2 2 2 2 2 2 2 2 2 2 2 2 2 2 2 2 2 2 2 2 2 2 2 2 2 2 2 2 2 2 2 2 2 2 2 2 2 2 2 2 2 2 2 2 2 2 2 2 2 2 2 2 2 2 2 2 2 2 2 2 2 2 2 2 2 2 2 2 2 2 2 2 2 2 2 2 2 2 2 2 2 2 2 2 2 2 2 2 2 2 2 2 2 2 2 2 2 2 2 2 2 2 2 2 2 2 2 2 2 2 2 2 2
left_child=1 2 -1 5 -5 -4 17 124 -9 10 14 68 13 38 -10 16 -11 21 20 24 -19 29 23 -23 26 -26 -20 28 123 -3 32 -32 33 34 36 82 37 -31 -13 40 104 -16 -43 44 -37 -46 -27 -48 49 80 52 65 54 -54 56 -53 64 -55 61 60 -60 -58 -59 -64 -35 -52 -67 -21 -12 70 72 -72 73 -22 -74 -73 -77 -76 121 -80 -34 -82 84 88 -36 -65 87 -71 -84 -41 -91 -92 -17 95 -95 96 -94 98 99 100 -97 -102 -99 -104 -18 106 108 122 112 -110 111 -111 -30 -45 -44 119 118 -118 -117 120 -2 -78 -108 -24 125 -8
right_child=115 6 3 4 -6 -7 7 8 9 15 11 12 -14 -15 41 92 39 18 19 67 69 22 27 -25 25 46 -28 -29 105 30 31 -33 48 50 35 43 -38 -39 -40 89 -42 42 114 113 45 -47 47 -49 -50 -51 51 55 53 57 -56 -57 58 62 59 -61 -62 -63 63 85 -66 66 -68 -69 -70 86 71 75 74 -75 77 76 78 -79 79 -81 81 -83 83 -85 -86 -87 -88 -89 -90 90 91 -93 93 94 -96 97 -98 102 -100 -101 101 -103 103 -105 -106 -107 107 -109 109 110 -112 -113 -114 -115 -116 116 117 -119 -120 -121 -122 -123 -124 -125 -126 -127
leaf_value=0.0056808912412789937 -0.007057768988834783 0.010023586821552952 -0.0062429831270550754 -0.0009319573294725885 -0.01115943185428285 0.0071941971785525471 -0.0024318091742045384 -0.0060446267754723009 -0.0035586359683230082 0.01799898217338345 -0.0017798719466252965 -0.009610901978460356 -0.00082577005176991537 -0.0029200772340087595 0.01322913536953884 -0.0051694551726654062 0.008736566921697381 0.0089658793603050301 -0.006588893839215554 -0.0029409492455260548 0.011855395934125369 -0.0082381921495212392 0.0011869147731983789 0.0054590825108093086 -0.013668817432838062 -0.00907610003316822 0.0072185859932444559 0.011037043898293889 0.0013613697951562382 -0.0007108733314184645 -0.0131359321357105 -0.00047031295270142553 -0.0079364785357788504 0.0027705474568578679 0.0089101745731457425 0.00028074668446014347 0.009924350406701643 0.010506306910676831 -0.024967268540184186 -0.00059916855123952155 0.016361641212657832 -0.0056549944652162908 0.012371272699210267 0.0066993626542058158 -0.0053964355723730472 -0.015762872439633962 -0.0060181817533621141 0.0095703317551539113 -0.010659820787747345 0.0046714148295742761 -0.01203077143878349 -0.0012753234068152077 0.0091649637610557149 0.0028236363217779763 0.012654127898422988 0.011497387757499554 0.0099802629299837447 -0.012836092424422903 -0.0034087530727227194 -0.0075486909226087874 0.0067858396597124931 0.0010760146508374106 0.0062573701306986506 0.001052349611239717 -0.0093786297972832597 -0.007223791807721429 0.0049680826922187012 -0.01503406213835003 0.0088299311609646887 0.0035281731326620891 -0.009085235203887463 -0.0032722971970859972 0.0020845697605974814 -0.002014509991919594 -0.012901801443426507 0.015850164244660656 0.0031964111748156694 -0.0014246350689986883 -0.0056610132892345308 0.0080014120588634743 -0.00419257558901809 0.0085281394021995711 0.0083750469441149899 -0.0044467476024269755 -0.0018755635068647518 -0.0080736570098170271 -0.012169314231346914 -0.0067192157774844411 -0.001801505987294609 0.012988241310692851 0.00012658078681352221 0.010629276628480082 -0.0011256755929385024 0.015571275707088132 0.0027631946826242068 -0.011917009644968009 0.011309585363900086 0.012492262965821881 0.0017276860112787886 -0.014771250420955126 0.011848577684144015 -0.0052317577113589779 0.0082893466480803476 -0.0030330664157139308 -0.0022348905047714419 -0.0031922433470967264 0.0062154453010656125 0.0011326644513119741 0.0053391405227140847 -0.0032094929690193673 0.0025748847603666867 -0.019770394503640577 0.010102189257854166 -0.0051842419341139798 0.002294211456530579 0.00053107835981820836 0.0081457312700704016 -0.0004550390648098185 -0.0081118969774735053 -0.0042581799427267196 -0.00060879724985657532 0.016068640320491552 0.018342004694459155 0.012572606160080239 -0.0097984349898776434 0.011585045744663231
leaf_weight=410 564 305 387 680 880 442 2090 405 488 339 444 250 456 276 415 409 623 472 267 254 268 536 253 279 373 321 551 503 1974 1647 446 515 757 402 255 637 553 326 250 1093 365 305 409 364 1425 422 270 296 398 457 411 360 387 1247 462 374 1241 256 368 271 939 478 340 457 299 405 289 559 423 545 285 261 392 584 582 338 256 298 322 290 497 250 859 371 4598 702 283 667 292 343 860 343 457 327 418 274 623 331 1189 331 262 272 289 492 265 753 343 482 405 254 354 258 523 277 498 2918 1045 664 354 1842 36288 289 276 509 300 262
leaf_count=410 564 305 387 680 880 442 2090 405 488 339 444 250 456 276 415 409 623 472 267 254 268 536 253 279 373 321 551 503 1974 1647 446 515 757 402 255 637 553 326 250 1093 365 305 409 364 1425 422 270 296 398 457 411 360 387 1247 462 374 1241 256 368 271 939 478 340 457 299 405 289 559 423 545 285 261 392 584 582 338 256 298 322 290 497 250 859 371 4598 702 283 667 292 343 860 343 457 327 418 274 623 331 1189 331 262 272 289 492 265 753 343 482 405 254 354 258 523 277 498 2918 1045 664 354 1842 36288 289 276 509 300 262
internal_value=2.65604e-05 0.000483039 -0.00262681 -0.00407283 -0.0067242 0.000874279 0.000630645 0.00173122 0.0023928 0.00263831 0.000287323 -0.0033324 -0.00806938 -0.0122853 0.00389418 0.00363515 0.00583084 0.000180404 -0.00142771 -0.00480364 0.000159124 0.000620623 0.00260804 -0.00349451 -0.00224342 -0.00544959 0.00265626 0.0033366 0.00272171 1.50843e-05 -0.000106412 -0.0063864 0.00014345 0.00053261 -0.000559458 -0.00153059 0.00307719 0.00113567 -0.0173861 0.00475494 0.00865043 0.00615643 0.00369464 -0.00421661 -0.00570819 -0.00779351 -0.0019403 0.00207014 -0.00342155 -0.0019288 0.00189158 -0.00141264 0.0026706 0.000227148 0.00451957 0.00518634 0.00356639 -0.000920544 0.00483921 0.00189285 0.00388456 0.00752223 -0.0036013 -0.0019897 -0.00236531 -0.00583203 -0.00210153 -0.011293 0.0033558 -0.000572278 0.000660829 0.0038616 -0.00239909 0.00232026 -0.0055892 0.0059946 0.00764259 -0.00905199 0.00519868 0.000770122 -0.00396064 2.73169e-05 -0.000208087 0.00324192 -0.00129769 -0.00444534 -0.00402675 -0.00208562 0.00575868 0.00288848 0.00537376 0.00316189 0.00199119 0.00255577 0.00843962 0.00157567 0.0060155 0.000169312 -0.00191213 -0.00574049 -0.0019817 0.00308521 0.00455089 0.00112849 0.00542501 0.00188504 0.0026784 0.00710247 0.0013744 -0.00220631 -0.00578474 -0.0116341 0.00321072 0.00150073 0.00688279 -0.00062108 0.00137375 0.00478347 -0.000397966 -0.000878829 -0.0007088 0.0100928 0.0116955 0.0088306 -0.00187734 -0.000846972
internal_weight=105714 62039 2799 2389 1560 829 59240 17176 14524 14119 4214 2099 1232 776 2115 9905 4231 42064 9023 2891 6132 33041 7702 815 2078 1260 818 6887 6384 25339 25034 961 24073 21714 12026 9500 2526 1973 500 3892 1253 1627 1212 3125 2484 1847 887 566 2359 1961 9688 1839 7849 3389 4460 734 3998 3002 3297 1578 1307 1719 1755 1499 701 1105 694 813 867 5660 4165 2041 2124 852 1272 1756 1495 880 1157 612 1504 747 6375 1522 4853 1159 1495 1212 1151 2639 1546 1203 5674 5265 745 4520 1080 3440 2328 1139 808 534 1112 781 888 5622 4869 1101 3768 1271 866 512 2497 641 907 43675 4981 1709 3272 38694 36852 545 619 762 2652 2352
internal_count=105714 62039 2799 2389 1560 829 59240 17176 14524 14119 4214 2099 1232 776 2115 9905 4231 42064 9023 2891 6132 33041 7702 815 2078 1260 818 6887 6384 25339 25034 961 24073 21714 12026 9500 2526 1973 500 3892 1253 1627 1212 3125 2484 1847 887 566 2359 1961 9688 1839 7849 3389 4460 734 3998 3002 3297 1578 1307 1719 1755 1499 701 1105 694 813 867 5660 4165 2041 2124 852 1272 1756 1495 880 1157 612 1504 747 6375 1522 4853 1159 1495 1212 1151 2639 1546 1203 5674 5265 745 4520 1080 3440 2328 1139 808 534 1112 781 888 5622 4869 1101 3768 1271 866 512 2497 641 907 43675 4981 1709 3272 38694 36852 545 619 762 2652 2352
is_linear=0
shrinkage=0.0667171


Tree=48
num_leaves=127
num_cat=0
split_feature=162 95 0 81 101 62 96 16 81 170 84 95 19 201 95 81 162 122 171 163 161 18 79 4 201 9 140 78 19 20 201 69 33 82 150 12 12 82 85 30 17 103 199 21 148 80 17 21 19 69 157 20 18 18 182 0 152 10 65 105 10 16 21 33 33 4 9 16 15 21 101 80 95 12 197 3 165 168 12 171 19 20 20 82 14 152 19 20 201 150 157 12 182 10 4 24 33 81 84 99 182 0 97 82 20 152 4 17 21 15 80 81 84 20 0 7 33 21 12 61 18 1 95 24 24 192
split_gain=7.60732 7.53534 6.84955 11.7442 11.6988 9.87912 9.13835 7.57089 9.9295 10.4231 9.38961 7.2533 7.2845 6.4027 5.86233 6.09089 6.34481 5.8473 6.00053 7.61042 7.33827 6.53132 6.15017 5.11891 6.4353 6.64662 5.11632 4.89354 4.77911 4.92253 4.75912 5.41948 5.29448 4.64734 7.73616 6.50734 11.4131 8.84999 8.27225 8.78315 6.81815 7.94127 7.41766 6.32314 5.92841 6.61312 6.90804 7.95379 7.87137 9.27515 7.20045 6.60079 8.26905 7.3529 6.44197 6.39655 6.2247 6.03633 5.77225 5.60902 6.22027 8.99182 9.1205 9.49154 12.5882 11.7008 8.37299 8.3436 8.25946 8.03999 8.96581 7.63504 7.5437 7.52933 7.25235 7.03833 6.1787 7.07797 5.82045 5.77639 5.90854 5.80859 11.2856 9.7459 9.55943 8.29529 9.01885 9.44862 7.96409 7.88461 7.8044 7.74894 7.44239 7.24687 8.05133 8.45614 7.9789 7.51677 9.39543 8.93799 8.38689 7.57931 7.4822 7.40909 8.36757 7.25147 7.06033 6.81844 7.45485 7.96061 6.98676 6.7829 6.57064 6.48765 7.47233 6.28034 6.15419 6.08648 6.06054 7.55596 5.91414 11.6544 9.09519 6.31953 5.86987 5.86974
threshold=0.87573689222335827 0.27229891717433935 0.43323864042758947 -0.059879409149289124 -0.18951316177844998 -0.12250262871384619 0.076308917254209532 -0.07920192182064055 0.056351201608777053 0.35771746933460241 -0.075276862829923616 0.080263525247573866 0.010359979700297119 -0.26563733816146845 0.66234400868415844 0.18705322593450549 1.2307321429252627 -0.38802222907543177 0.54296156764030468 0.28165394067764288 0.43216460943222051 -0.041037458926439278 0.2488706856966019 0.21648090332746509 0.019146331585943702 -0.031148831360042092 -0.15849141776561734 0.028210650198161605 -0.19325480610132215 0.020124746486544613 -1.8972109556198118 -1.4842233657836912 -0.57852768898010243 0.12570118904113772 -0.93440064787864674 0.45906697213649755 0.29780194163322454 0.23030644655227664 -0.22201807051897046 1.0000000180025095e-35 -0.2133817449212074 0.050935592502355583 -0.039083858951926224 -0.146163135766983 0.036470510065555579 -0.076040603220462785 -0.08959516882896422 0.33540293574333196 0.10660557076334955 0.3531149178743363 0.032045045867562301 -0.17425898462533948 -0.011360922362655399 -0.042091308161616318 0.049078971147537238 -0.29119317233562464 0.18372718244791034 0.14501279592514041 0.16877378523349765 -0.86571699380874623 0.61277073621749889 0.51393184065818798 -0.63409459590911854 -0.25125637650489802 -0.2096009477972984 -0.47416162490844721 0.64129647612571727 -0.068867865949869142 -0.17614615708589551 -0.44627080857753748 -0.20238518714904782 0.87492427229881298 0.30882306396961218 0.22810532152652743 -0.30530440807342524 0.47445212304592138 -0.061980733647942536 -0.064322065562009798 0.055529478937387473 0.28941859304904943 0.048265563324093826 -0.018049024045467373 -0.0056518828496336928 -0.014898786786943672 -0.14731398969888684 -0.030855143442749974 0.21089855581521991 0.028629172593355182 -0.10983098298311232 0.013573510106652977 0.12065910175442697 0.037395535036921508 0.19132412225008014 0.079688854515552535 -0.46114358305931086 0.11198029294610025 -0.021290132775902745 0.15229982137680056 0.058010673150420196 0.12148005142807962 -0.20788751542568204 -0.14914772659540174 0.0084417564794421213 -0.19805642217397687 -0.28111809492111201 0.061375053599476821 -0.48768429458141321 0.0035593585344031457 -0.036538336426019662 -0.0046230768784880629 -0.077539429068565355 -0.10608455911278723 -0.075276862829923616 -0.033571923151612275 -0.063920453190803514 0.27374243736267095 0.47348260879516607 0.090052202343940749 0.095878649502992644 -0.018331225961446759 -0.0051617070566862813 -0.17471590638160703 0.29274599254131323 0.01652530208230019 0.20064833760261538 -0.097253862768411622
decision_type=2 2 2 2 2 2 2 2 2 2 2 2 2 2 2 2 2 2 2 2 2 2 2 2 2 2 2 2 2 2 2 2 2 2 2 2 2 2 2 2 2 2 2 2 2 2 2 2 2 2 2 2 2 2 2 2 2 2 2 2 2 2 2 2 2 2 2 2 2 2 2 2 2 2 2 2 2 2 2 2 2 2 2 2 2 2 2 2 2 2 2 2 2 2 2 2 2 2 2 2 2 2 2 2 2 2 2 2 2 2 2 2 2 2 2 2 2 2 2 2 2 2 2 2 2 2
left_child=2 -2 17 5 -5 6 11 10 9 -9 -6 -4 28 -3 15 16 -15 -1 19 30 -20 -22 23 26 25 -25 -21 -8 -13 -30 -19 -32 -33 34 -34 36 38 -38 -35 -40 42 -42 -37 -39 51 -46 47 57 50 55 56 52 -41 54 -53 -50 -48 -47 -59 -36 61 62 68 69 65 67 79 -65 -61 -64 73 -62 74 -71 -72 76 78 -78 -76 81 -81 93 83 92 -84 86 87 118 -89 91 124 107 -83 97 95 -95 115 98 103 100 -99 -100 116 -66 -105 125 -106 -87 -109 110 -110 -108 -88 114 -103 -96 -98 -113 119 -86 121 -116 123 -122 -90 -102
right_child=1 13 3 4 7 -7 27 8 -10 -11 -12 12 -14 14 -16 -17 -18 18 20 22 21 -23 -24 24 -26 -27 -28 -29 29 -31 31 32 33 35 59 40 37 43 39 44 41 -43 -44 -45 45 46 48 -49 49 -51 -52 53 -54 -55 -56 -57 -58 58 -60 60 71 -63 63 64 66 -67 -68 -69 -70 70 72 -73 -74 -75 75 -77 77 -79 -80 80 -82 82 84 -85 85 89 112 88 90 -91 -92 -93 -94 94 96 -97 102 99 101 -101 105 113 -104 104 106 -107 111 108 109 -111 -112 117 -114 -115 120 -117 -118 -119 -120 -121 122 -123 -124 -125 -126 -127
leaf_value=0.0019099121121756068 -0.0011418525967913931 0.015472240516189539 -0.0086466242348649577 0.0032743074241224071 0.004808265008623509 -0.010660956523934461 0.012616696332066626 -0.0093401045514740818 -0.013603580694177109 0.0012735776266948635 -0.0069622526184351923 0.0050580741344684668 0.010838835741536573 0.0088862523179164352 -0.0032616790087210599 0.013482709804824822 -0.0052654253150115002 -0.0088075861044890607 0.00072825861118032756 -0.014540324601077121 0.017962978827749262 0.003417661636436128 0.0023795557183663362 0.001370193148938199 0.0062304398202365661 -0.012357724240313145 -0.0049329876207785551 0.0010387917151516125 0.0017137022637956757 -0.0079801188663269941 0.0084595583037223709 -0.0075960681239029557 0.0080817523880826903 -0.003001960688579863 -0.0086637193369687917 0.0025991583739163496 -0.0015890399097835276 -0.0063917865720437899 0.001608881264152825 -0.0082366672785921784 0.005578162737734981 -0.0058437114133677026 0.017512208597153106 -0.01934585688208423 -0.0083321112822213311 -0.0024531621313340275 -0.0023280245169298394 0.0024344537980430367 0.011443399954454711 -0.005419672217392495 0.0017326912223490749 0.0018425184350696283 0.0022249683977793354 -0.00055057392629523599 0.0097493850999766946 -0.00016111544359957686 -0.010184563121890727 -0.0058159527213477013 -0.01828980444329845 5.1848451082955875e-05 0.0062294549175558921 -0.0051759142604593722 0.013536082586809295 -0.0043151752991179518 0.0070246894617994275 -0.0020958008167325289 -0.0084214748916191275 -0.021413418198782126 -0.012991715809801215 -0.0083082213166465226 0.011617888128445098 -0.0036597565262312345 -0.0062044365319931143 0.0039540869714271426 0.01628633902599496 -0.0064054460930310086 -0.0053433611428042446 0.0047839311566553605 0.0046805143594248729 -0.00015960919179781093 -0.012137806075712637 -0.015395922240267536 -0.003177033963050318 0.0027614559600547821 -0.012389246088584173 0.011433234213497926 -0.01293158202455851 -0.0025286220391180308 -0.0010760870686861703 0.00093724341411966145 0.013264384494230605 -0.0023110195172119648 -0.001381088842377274 0.0041962779606998547 -9.0308197935207887e-05 -0.011926757907882826 0.0085981278327821771 -0.015974202299373016 0.0077238866311846932 0.0052807696948231602 0.0010020170192729576 -0.013834991965544439 0.012754872354007823 -0.0074249434608111486 -0.00451475711887841 0.0020729146410555471 0.011165510500595655 0.011606588104239405 -0.0088581916043984233 0.0096725373170807542 0.0044072219241372366 0.0043422492873728298 -0.001743987366661309 0.0057439836817165047 0.008901049575977163 0.009019106450338937 -0.0045141722488257763 -0.0047745719047509972 0.0010771988400400043 0.0014039295119144333 -0.0072936499900671178 -0.0062927288301432736 -0.015931612501105419 0.0016889026570330967 0.010542708282667583 -0.010750796444867943
leaf_weight=6911 913 286 351 762 569 284 484 950 872 714 632 490 322 311 324 386 250 272 1164 290 253 311 727 346 386 277 1780 252 461 457 331 409 571 5152 306 356 756 399 8804 769 568 512 259 302 736 458 2127 395 614 331 1503 1308 586 2958 715 311 573 323 359 421 1541 1345 316 251 1790 2343 462 266 428 546 597 441 288 368 326 282 406 1207 492 446 314 509 2918 338 552 838 468 783 642 10339 433 521 258 315 1267 260 395 252 402 503 269 260 927 390 475 709 511 389 405 308 305 1663 478 419 516 452 259 399 533 251 615 391 254 787 271 586
leaf_count=6911 913 286 351 762 569 284 484 950 872 714 632 490 322 311 324 386 250 272 1164 290 253 311 727 346 386 277 1780 252 461 457 331 409 571 5152 306 356 756 399 8804 769 568 512 259 302 736 458 2127 395 614 331 1503 1308 586 2958 715 311 573 323 359 421 1541 1345 316 251 1790 2343 462 266 428 546 597 441 288 368 326 282 406 1207 492 446 314 509 2918 338 552 838 468 783 642 10339 433 521 258 315 1267 260 395 252 402 503 269 260 927 390 475 709 511 389 405 308 305 1663 478 419 516 452 259 399 533 251 615 391 254 787 271 586
internal_value=-2.40582e-05 0.00363204 -0.000112305 -0.00203943 -0.0042177 0.00110957 0.00231695 -0.00575703 -0.00782523 -0.00476918 -0.00136191 4.11322e-05 0.00183048 0.00645512 0.00438404 0.00703898 0.00252813 4.12332e-05 -0.000104707 -0.000182812 0.00378364 0.0100169 -0.00309875 -0.00440582 -0.000476962 -0.00468786 -0.00630504 0.00869209 -0.000217101 -0.00307689 -4.82245e-05 -1.86999e-05 -5.3491e-05 -1.51417e-05 0.00037941 -0.000656203 -0.000888293 -0.00664122 -0.000587525 -4.1936e-05 0.00335576 0.000134509 0.00894995 -0.0120381 -0.00107762 -0.00231812 -0.00167857 -0.00563063 -0.000559577 0.00406033 -0.00194936 0.000430486 -0.00368567 0.00155843 0.00465725 0.00750279 -0.00401236 -0.00846204 -0.0124443 0.000290442 0.000346638 0.000193715 0.000350443 0.000479002 0.000146232 -0.00411801 0.000469736 -0.0131869 -0.00648535 0.00327524 0.00254435 0.00400678 0.00404673 -0.00332698 0.00495394 0.00346921 0.00463396 0.00221052 0.00936045 0.000581073 -0.00515862 0.000701474 3.25661e-08 -0.00655902 0.000353845 0.000944325 -0.0015533 1.3144e-05 0.00278123 0.00178778 0.00589805 0.00495264 -0.010723 0.00170624 0.00419402 -0.00303614 0.00546712 0.000841431 0.0017275 -0.00253254 -0.00472205 -0.000864746 0.0088919 0.00354082 0.00171547 -0.00287233 0.00290042 0.0066574 0.00378186 0.00074154 -0.00310701 0.00428655 -0.00731711 -0.00194556 -0.00310333 0.00229452 0.00336006 0.00255837 -0.0043692 -0.00802971 -0.00199243 0.00230778 -0.00436827 -0.00223278 0.0023545 -0.00700806
internal_weight=105269 2470 102799 7600 4499 3101 2817 3737 2536 1664 1201 2081 1730 1557 1271 947 561 95199 88288 86560 1728 564 3806 3079 1009 623 2070 736 1408 918 82754 82482 82151 81742 50568 31174 29479 1457 28022 22870 1695 1080 615 701 14066 7730 6994 1535 5459 1256 4203 6336 1355 4981 2023 925 2700 1140 682 49997 49691 47709 46364 45515 40687 2860 37827 517 849 4828 4512 1982 3598 914 3310 2713 2431 1613 818 37365 760 36605 21539 1105 20434 17516 4411 3465 2129 13105 1346 2766 767 15066 3875 575 3300 11191 8872 2319 1816 3644 1581 5228 3438 1564 3048 2245 1407 1018 710 2573 946 3242 2823 1719 654 2062 1336 803 2563 907 1656 1402 913 855
internal_count=105269 2470 102799 7600 4499 3101 2817 3737 2536 1664 1201 2081 1730 1557 1271 947 561 95199 88288 86560 1728 564 3806 3079 1009 623 2070 736 1408 918 82754 82482 82151 81742 50568 31174 29479 1457 28022 22870 1695 1080 615 701 14066 7730 6994 1535 5459 1256 4203 6336 1355 4981 2023 925 2700 1140 682 49997 49691 47709 46364 45515 40687 2860 37827 517 849 4828 4512 1982 3598 914 3310 2713 2431 1613 818 37365 760 36605 21539 1105 20434 17516 4411 3465 2129 13105 1346 2766 767 15066 3875 575 3300 11191 8872 2319 1816 3644 1581 5228 3438 1564 3048 2245 1407 1018 710 2573 946 3242 2823 1719 654 2062 1336 803 2563 907 1656 1402 913 855
is_linear=0
shrinkage=0.0667171


Tree=49
num_leaves=127
num_cat=0
split_feature=89 73 92 73 142 73 201 104 104 200 92 158 16 14 70 4 81 73 4 152 92 10 92 10 95 95 95 18 3 73 19 20 19 11 7 95 73 47 159 116 196 8 18 33 92 201 153 95 95 84 16 11 201 85 12 148 37 81 61 92 33 9 92 104 201 151 166 4 92 10 94 148 14 73 153 95 159 200 0 19 159 5 12 81 19 155 0 73 82 148 0 73 18 10 21 158 11 20 12 84 155 196 201 18 19 82 198 3 14 18 36 33 21 104 33 171 199 19 180 59 13 92 35 21 132 173
split_gain=6.94141 6.76937 5.51399 5.08807 5.77586 4.91216 5.1613 6.14449 4.5491 4.3131 4.30871 4.05373 7.27842 10.7767 4.89399 4.23373 4.22902 4.85724 4.42359 6.11395 4.65903 4.19331 4.19272 5.03926 8.41386 6.52056 6.59726 6.16855 6.11311 6.5336 5.95352 5.65696 6.99882 5.55881 6.69955 6.36153 5.3241 6.02739 5.12425 5.10633 5.10273 5.05133 5.03901 10.3177 8.83843 7.2365 7.08259 10.4946 8.3034 9.20172 6.73586 6.57644 8.97088 7.14025 6.23645 5.7876 5.67426 5.58756 4.93913 5.69537 7.36833 6.35687 6.77372 5.51807 6.09795 6.80078 5.09081 4.6329 4.84337 4.61728 5.85924 4.78272 5.30457 4.49342 7.00157 7.91869 5.75738 4.994 5.70859 6.16853 5.15157 4.84283 8.07345 4.72004 7.6189 4.71954 5.45745 5.21861 5.58741 7.6243 7.24829 4.9282 5.71389 5.31422 5.49223 4.97567 4.74428 4.54494 4.4871 5.59303 5.96475 4.44089 6.60717 5.65881 8.12941 4.83596 4.32105 4.23008 5.0375 4.11006 4.10436 4.10255 4.6127 4.01425 5.70979 3.97981 3.96423 3.95503 3.94897 6.69564 4.59447 3.88283 3.8684 4.66787 5.4571 5.09302
threshold=-0.074024260044097887 0.45285938680171972 -0.25907289981842035 0.64374932646751415 -0.015054245945066212 0.77343732118606578 -0.17141667008399961 1.0000000180025095e-35 0.035326734185218818 0.055265042930841453 -0.29026220738887781 -0.42282466590404505 0.19049435853958133 -0.046123512089252465 -0.068907190114259706 -0.26754547655582422 -0.16315533965826032 0.39307582378387457 -0.069100182503461824 0.023477685637772087 0.57984471321105968 -0.17140188068151471 -0.28272423148155207 -0.12419384345412253 0.39314030110836035 0.32599559426307684 0.19734618067741397 0.26564061641693121 -0.50058883428573597 0.14939652383327487 -0.28438657522201533 0.07529026642441751 -0.14130489528179166 -0.029953452758491036 -0.057373093441128724 -0.25401473045349116 0.34892198443412786 -0.24031140655279157 -0.0026208143681287761 -0.014878989197313784 0.007053634151816369 0.04603549279272557 0.13006787747144702 0.35246489942073828 0.10820364952087404 -0.38509848713874811 0.23781188577413562 -0.065775759518146501 -0.22669926285743711 -0.20167829096317288 0.015518208965659143 0.078159123659133925 0.022567016072571281 0.43994176387786871 -0.048649111762642853 0.10189024731516839 0.011633290443569424 0.53577411174774181 0.68584072589874279 -0.20975653082132337 0.42235121130943304 0.20956771820783618 0.3196034580469132 -0.70796325802803028 0.26733604073524481 -0.1101243533194065 0.0025133797898888592 0.01222305651754141 -0.10857518762350081 -0.071769829839467988 0.70450499653816234 -0.038102695718407624 0.18189731985330584 -0.020447392016649243 0.023691939190030101 0.1324177831411362 0.23106515407562259 -0.35099717974662775 -0.23437499999999997 -0.0058601072523742906 0.090194936841726317 0.37500000000000006 -0.043789353221654885 -0.1218188740313053 -0.11107696220278739 -0.14034790545701978 -0.25710226595401758 -0.19396197795867917 -0.11771089583635329 0.034463364630937583 0.041193181648850448 -0.27617767453193659 -0.077967457473278032 0.49041225016117101 -0.16846656054258344 -0.048971688374876969 -0.050668561831116669 -0.030799044296145436 0.081860329955816283 -0.2878370583057403 -0.046899113804101937 -0.042809419333934777 -0.16455614566802976 0.016325897537171844 0.0063939120154827842 -0.029911451041698452 -0.029232165776193138 0.38402506709098821 0.062507439404726042 -0.13651735335588452 -0.14436619728803632 0.41700212657451635 0.022841761820018295 0.053413551300764091 0.27472136914730078 0.014091567136347296 -0.088485073298215852 -0.16491636633872983 -0.11418417096137999 -0.078816305845975862 -0.47923167049884791 -0.052693912759423249 -0.18275746703147885 -0.24469494819641111 0.1815859600901604 -0.19806940108537671
decision_type=2 2 2 2 2 2 2 2 2 2 2 2 2 2 2 2 2 2 2 2 2 2 2 2 2 2 2 2 2 2 2 2 2 2 2 2 2 2 2 2 2 2 2 2 2 2 2 2 2 2 2 2 2 2 2 2 2 2 2 2 2 2 2 2 2 2 2 2 2 2 2 2 2 2 2 2 2 2 2 2 2 2 2 2 2 2 2 2 2 2 2 2 2 2 2 2 2 2 2 2 2 2 2 2 2 2 2 2 2 2 2 2 2 2 2 2 2 2 2 2 2 2 2 2 2 2
left_child=2 11 9 4 -3 8 -7 -8 -5 10 -1 12 13 14 -2 -15 18 22 19 -13 -20 -14 -18 24 25 26 27 33 29 38 -30 32 39 34 -24 -35 37 69 41 -28 -26 -25 46 45 55 67 58 48 49 -48 -46 53 56 57 -52 -45 -53 118 59 66 73 101 -63 -60 65 -65 -39 68 -44 -32 71 72 -71 83 76 77 81 -76 -79 -80 -81 82 -75 84 -61 86 -85 91 90 97 110 92 93 94 95 -87 -91 107 99 115 -101 105 -103 104 -104 -62 -34 108 -90 -107 -89 112 -17 114 -36 -37 -6 -102 -47 -120 -121 -54 123 124 -4 -125
right_child=1 3 122 5 116 6 7 -9 -10 -11 -12 16 21 15 -16 111 17 -19 20 -21 -22 -23 23 28 40 -27 31 -29 30 -31 36 -33 106 35 113 98 -38 42 -40 -41 -42 -43 43 44 50 51 47 -49 -50 -51 54 52 121 -55 -56 -57 -58 -59 63 60 61 62 -64 64 -66 -67 -68 -69 -70 70 -72 -73 -74 74 75 -77 -78 78 79 80 -82 -83 -84 85 -86 87 -88 88 89 96 -92 -93 -94 -95 -96 -97 -98 -99 -100 100 117 102 103 -105 -106 109 -108 -109 -110 -111 -112 -113 -114 -115 -116 -117 -118 -119 119 120 -122 -123 -124 125 -126 -127
leaf_value=0.0016791231921032446 0.013628798264772087 -0.0094823532275452992 0.001137549097744497 -0.0014697819057323275 -0.0088394566877645717 0.0041001457013840753 -0.0023066092465762506 -0.015125334671461054 0.0088298761384978039 0.0038392764143987935 -0.0075130035704416712 -0.0034725583524932327 -0.0097869093918050674 0.0050191695565967561 0.004799892429573618 -0.0028114898760604021 0.0055903770207158714 0.0046861843480971227 0.00069875456011400021 -0.015124499550362727 -0.0088954485602417057 0.00036508785018676268 0.00085475107236489397 0.013402920288824897 0.0097133171495200482 -0.010055384996470506 0.012280091594844313 -0.0087204108604378855 -0.010343157737942393 0.013237941881325873 0.0039260506629317819 0.0093443461691553806 -0.010576561665561132 0.0083635195402699779 -0.016483891670321504 -0.0034384695088605266 0.0073806443067722808 -0.00051433129255308444 -0.0018999866165224596 -0.00039839685583143678 -0.0018935745592857532 0.000132466023192253 -0.0022140563278674162 0.019697565974588129 0.0099524845942655631 0.0025139550219479946 0.0073297204394603297 0.0015946642841641787 -0.012996911268787572 -0.010363296573994912 -0.0085785164246946176 0.013348826145275086 0.003512737393719875 -0.010158795315804325 0.0054749304414623808 0.0060273268470692372 0.0037943542321046703 0.0073806068459339198 0.005765399243008314 0.0053894602894896306 0.004087291379500084 -0.01135517335592828 0.0012707224810325662 -0.0092132354897871312 0.0051586935669703619 -0.00065467545911234923 -0.009175166653948354 0.00082835342268067214 -0.015035839847342032 0.0039461058112475614 0.0019721524225572522 -0.0077816179214008456 -0.0042546166485743636 0.0053494691217773876 0.012355391067033763 -0.0069789943712267764 0.0036110919281767901 -0.004296730718795513 0.010642431692272029 -0.0033050121272108005 0.0084658924989051195 -0.011196874467663005 -0.0071601561486798323 0.0015139875137440029 -0.0080531963445219096 -0.0077895747065352249 0.0084239352562699658 -0.011350532693716503 0.0063094902574273009 -0.0079185356911682971 0.0080120475559288442 -0.0073923632106413254 0.0082286026140288796 0.0068935927074603911 -0.011199609838844998 0.0026386371374526475 0.0023167944401608965 0.010339887235350814 0.0043643045636202402 0.0025976745199332851 -0.0072472331774482883 0.0081398058309836777 0.0084195961770816806 -0.0054078013083753689 -0.0043461847176065917 0.00044299088551655715 0.00025506622696537312 0.0094371823995530475 -0.0041571058305507665 -0.0074469185959124022 -0.00081147582123648678 -0.0089487845804739133 0.0076819781486152728 -0.0027023120529720496 -0.0048218527957942601 -0.012107531724555582 0.0010552286777368765 -0.0011846374751571063 0.0024943323577143036 0.0020172617180335816 -0.0075711504215327397 -0.0076514380168862398 0.00036337552209115973 0.0055294327162052894 -0.0081344654865585179 0.0015732562138905521
leaf_weight=294 444 932 822 403 251 264 505 251 350 285 894 867 326 505 800 704 506 837 1410 263 264 387 508 260 434 458 252 691 258 279 430 360 308 297 409 680 401 738 673 304 265 256 250 288 323 1232 250 803 689 266 302 504 258 298 255 280 639 460 270 301 321 551 278 1023 257 705 518 324 288 438 757 1242 1660 344 257 362 385 419 469 468 251 456 665 935 480 294 1148 270 415 260 261 420 350 287 285 640 857 903 497 1295 697 497 498 650 392 418 332 423 395 918 431 301 250 398 361 372 602 1573 788 281 950 287 33335 1805 423 7547
leaf_count=294 444 932 822 403 251 264 505 251 350 285 894 867 326 505 800 704 506 837 1410 263 264 387 508 260 434 458 252 691 258 279 430 360 308 297 409 680 401 738 673 304 265 256 250 288 323 1232 250 803 689 266 302 504 258 298 255 280 639 460 270 301 321 551 278 1023 257 705 518 324 288 438 757 1242 1660 344 257 362 385 419 469 468 251 456 665 935 480 294 1148 270 415 260 261 420 350 287 285 640 857 903 497 1295 697 497 498 650 392 418 332 423 395 918 431 301 250 398 361 372 602 1573 788 281 950 287 33335 1805 423 7547
internal_value=-3.97932e-05 -0.000510772 0.000582324 -0.0033331 -0.00584865 -0.000781107 -0.00380728 -0.00662552 0.00327541 -0.00342461 -0.00520536 -0.00033231 0.00179442 0.0032391 0.00798601 -0.000100268 -0.00048281 -0.000340545 -0.00300411 -0.00622961 -0.000804903 -0.0042314 -0.000427069 -0.000490633 -0.00178559 -0.00229301 -0.00190658 -0.00270158 -0.000133438 0.004082 -0.000303349 0.00204321 -0.000134681 -0.002108 -0.0054667 -0.00106001 -0.000230681 -0.000316821 0.00189211 0.00529462 0.00525566 0.00688891 9.48507e-06 0.00145547 0.00654803 0.00032476 -0.000482418 -0.00426891 -0.00820646 -0.00174111 0.00231636 0.00119153 0.00468247 -0.000271262 -0.0020772 0.013032 0.00804398 0.000518805 -0.000126292 0.000218896 0.00052449 -0.00180063 -0.00707393 -0.00307894 -0.00430681 -0.00574184 -0.00411578 -0.00535459 -0.00914864 -0.00259226 -0.00328745 -0.00449121 -0.00252407 0.0013102 -0.00053139 0.00197779 -0.0035686 0.00374369 0.0023342 0.00470531 0.000775551 -0.00548525 -0.00285964 0.00211632 -0.00281924 0.00257073 0.00533921 0.00167614 0.00306726 0.00439023 -0.00136696 -0.000885611 0.000573997 -0.00119087 -0.00313298 -0.000620859 -4.26939e-05 0.00672433 -0.00161716 -0.0022705 -0.000997617 -0.000605808 0.00146837 -0.00066926 0.00275572 -0.00317398 -0.00490891 0.00404314 0.00116899 -0.00495172 -0.00492882 -0.00219471 -1.7679e-05 -0.00824862 -0.0110707 -0.00654412 -0.00183509 -0.00306376 -0.000445767 -0.00226977 -0.0053488 -0.00229552 0.000717623 0.00182861 -0.00199005 0.0023412
internal_weight=105452 60047 45405 3558 1785 1773 1020 756 753 1473 1188 56489 3717 3004 1244 1760 52772 49968 2804 1130 1674 713 49131 48625 10491 9792 9334 7778 38134 1468 36666 1556 1196 7087 1676 5411 36408 36007 1189 556 699 516 31480 8007 1448 6559 23473 2008 1205 516 880 5697 1688 4009 557 568 1143 3711 21465 19210 17954 4523 829 2255 1985 1728 1256 862 538 4527 4097 3340 2098 13431 4076 2226 1850 1864 1607 1188 719 1465 1009 9355 781 8574 2083 6491 4215 3253 962 2276 1856 1506 1219 934 1117 2136 5114 4617 3565 3694 2037 1540 890 1657 640 1233 810 1336 701 1255 954 1168 770 1052 853 2270 3251 2019 1231 545 43932 10597 1245 9352
internal_count=105452 60047 45405 3558 1785 1773 1020 756 753 1473 1188 56489 3717 3004 1244 1760 52772 49968 2804 1130 1674 713 49131 48625 10491 9792 9334 7778 38134 1468 36666 1556 1196 7087 1676 5411 36408 36007 1189 556 699 516 31480 8007 1448 6559 23473 2008 1205 516 880 5697 1688 4009 557 568 1143 3711 21465 19210 17954 4523 829 2255 1985 1728 1256 862 538 4527 4097 3340 2098 13431 4076 2226 1850 1864 1607 1188 719 1465 1009 9355 781 8574 2083 6491 4215 3253 962 2276 1856 1506 1219 934 1117 2136 5114 4617 3565 3694 2037 1540 890 1657 640 1233 810 1336 701 1255 954 1168 770 1052 853 2270 3251 2019 1231 545 43932 10597 1245 9352
is_linear=0
shrinkage=0.0667171


end of trees

feature_importances:
hist_prior_ret=269
hist_prior_range_pct=225
hist_gap_pct=225
vol_cum_frac=221
net_prem_cum_session=213
ret_from_open=197
dist_to_prior_close=191
vol_avg_30=189
session_range=188
rv_1m=141
rv_1m_d50m=139
hist_prior_close=136
session_cos=127
block_vs_sweep_z=121
straddle_pct=120
gex_pos_centroid=116
sweep_notional_15m=115
net_prem_cum_session_d50m=114
dist_to_twap=112
iv_put_atm=111
session_sin=106
block_notional_15m=106
inst_block_weight=97
dist_to_session_low=95
dist_to_session_high=91
minutes_since_open=90
ret_50m=87
straddle_pct_d50m=80
gex_zero_level=78
net_prem_cum_session_d30m=78
iv_call_atm=77
rv_1m_d30m=68
otm_call_prem_1m=62
ret_40m=62
pos_in_session_range=61
gex_max_node_strike=60
rv_1m_d20m=55
dow=54
block_signed_bias=53
call_put_prem_ratio_15m=52
otm_put_prem_1m=50
net_prem_z_15m=50
straddle_pct_d30m=47
net_prem_15m=45
otm_skew_level_d30m=43
iv_put_atm_d50m=43
rv_1m_d15m=41
net_prem_cum_session_d15m=40
net_prem_cum_session_d20m=40
ret_15m=39
otm_skew_level=37
net_prem_cum_session_d10m=36
iv_call_atm_d30m=36
straddle_pct_d20m=35
otm_skew_level_d20m=34
ret_25m=33
rv_1m_d10m=33
minutes_to_close=31
ret_30m=31
ret_20m=31
iv_put_atm_d30m=31
iv_call_atm_d50m=30
iv_call_atm_d20m=28
iv_put_atm_d20m=28
otm_skew_level_d10m=27
otm_skew_level_d50m=24
iv_call_atm_d15m=24
straddle_pct_d15m=24
straddle_pct_d10m=22
net_prem_5m=21
ret_10m=21
iv_put_atm_d15m=21
otm_skew_level_d15m=20
gex_net_total=18
net_prem_cum_session_d5m=18
rv_1m_d5m=18
gex_band_net=16
net_prem_z_5m=16
iv_put_atm_d10m=15
ret_5m=14
session_frac=12
call_prem_1m=12
iv_call_atm_d10m=11
gex_net_total_d10m=10
otm_skew_level_d5m=9
gex_max_node_value=8
gex_wall_below_dist=8
vol_ratio_session=8
iv_skew_atm=8
gex_wall_below=7
bar_body_frac=7
gex_wall_above_dist=6
gex_band_net_d30m=6
ret_1m=5
gex_pos_centroid_dist=5
gex_wall_above=5
charm_band_net=5
put_prem_1m=5
gex_wall_below_dist_d30m=5
gex_pos_centroid_dist_d50m=5
iv_call_atm_d5m=5
straddle_pct_d5m=5
charm_band_net_d15m=5
gex_dist_to_zero=4
gex_band_abs=4
gex_band_share=4
charm_net_total=4
gex_net_total_d30m=4
gex_net_total_d50m=4
gex_abs_total_d50m=4
gex_band_net_d10m=4
gex_wall_below_dist_d15m=4
gex_pos_centroid_dist_d30m=4
gex_abs_total=3
gex_neg_pocket_below=3
vanna_band_net=3
gex_band_decay_pct_15m=3
iv_atm_chg_5=3
gex_abs_total_d30m=3
gex_dist_to_zero_d30m=3
gex_wall_below_dist_d50m=3
gex_pos_centroid_dist_d10m=3
iv_put_atm_d5m=3
iv_skew_atm_d10m=3
vanna_band_net_d10m=3
vanna_band_net_d15m=3
vanna_band_net_d20m=3
charm_band_net_d50m=3
gex_dist_to_zero_pct=2
gex_abs_centroid_dist=2
gex_max_node_dist=2
gex_neg_pocket_above=2
gex_band_decay_15m=2
gex_dist_zero_chg_15m=2
net_prem_1m=2
vol_z_30=2
gex_abs_total_d10m=2
gex_abs_total_d15m=2
gex_band_net_d20m=2
gex_dist_to_zero_d5m=2
gex_dist_to_zero_d20m=2
gex_dist_to_zero_d50m=2
gex_wall_above_dist_d15m=2
gex_wall_above_dist_d50m=2
gex_pos_centroid_dist_d5m=2
vanna_band_net_d30m=2
gex_top3_concentration=1
gex_hhi=1
vanna_net_total=1
gex_band_decay_5m=1
gex_dist_zero_chg_5m=1
charm_drift_to_close=1
net_prem_vel_15m=1
otm_call_accel=1
otm_skew_log_ratio=1
gex_net_total_d15m=1
gex_net_total_d20m=1
gex_abs_total_d20m=1
gex_wall_above_dist_d10m=1
gex_wall_above_dist_d20m=1
gex_wall_above_dist_d30m=1
gex_wall_below_dist_d10m=1
gex_wall_below_dist_d20m=1
gex_pos_centroid_dist_d20m=1
iv_skew_atm_d15m=1
iv_skew_atm_d30m=1
vanna_band_net_d50m=1
charm_band_net_d20m=1
charm_band_net_d30m=1
hist_prior_close__isna=1

parameters:
[boosting: gbdt]
[objective: huber]
[metric: custom]
[tree_learner: serial]
[device_type: cpu]
[data_sample_strategy: bagging]
[data: ]
[valid: ]
[num_iterations: 50]
[learning_rate: 0.0667171]
[num_leaves: 127]
[num_threads: -1]
[seed: 7]
[deterministic: 0]
[force_col_wise: 0]
[force_row_wise: 0]
[histogram_pool_size: -1]
[max_depth: -1]
[min_data_in_leaf: 250]
[min_sum_hessian_in_leaf: 0.001]
[bagging_fraction: 0.8]
[pos_bagging_fraction: 1]
[neg_bagging_fraction: 1]
[bagging_freq: 1]
[bagging_seed: 17422]
[bagging_by_query: 0]
[feature_fraction: 0.846063]
[feature_fraction_bynode: 1]
[feature_fraction_seed: 7040]
[extra_trees: 0]
[extra_seed: 6516]
[early_stopping_round: 0]
[early_stopping_min_delta: 0]
[first_metric_only: 0]
[max_delta_step: 0]
[lambda_l1: 0.5]
[lambda_l2: 1.189]
[linear_lambda: 0]
[min_gain_to_split: 0]
[drop_rate: 0.1]
[max_drop: 50]
[skip_drop: 0.5]
[xgboost_dart_mode: 0]
[uniform_drop: 0]
[drop_seed: 15215]
[top_rate: 0.2]
[other_rate: 0.1]
[min_data_per_group: 100]
[max_cat_threshold: 32]
[cat_l2: 10]
[cat_smooth: 10]
[max_cat_to_onehot: 4]
[top_k: 20]
[monotone_constraints: ]
[monotone_constraints_method: basic]
[monotone_penalty: 0]
[feature_contri: ]
[forcedsplits_filename: ]
[refit_decay_rate: 0.9]
[cegb_tradeoff: 1]
[cegb_penalty_split: 0]
[cegb_penalty_feature_lazy: ]
[cegb_penalty_feature_coupled: ]
[path_smooth: 1]
[interaction_constraints: ]
[verbosity: -1]
[saved_feature_importance_type: 0]
[use_quantized_grad: 0]
[num_grad_quant_bins: 4]
[quant_train_renew_leaf: 0]
[stochastic_rounding: 1]
[linear_tree: 0]
[max_bin: 255]
[max_bin_by_feature: ]
[min_data_in_bin: 3]
[bin_construct_sample_cnt: 200000]
[data_random_seed: 61]
[is_enable_sparse: 1]
[enable_bundle: 1]
[use_missing: 1]
[zero_as_missing: 0]
[feature_pre_filter: 1]
[pre_partition: 0]
[two_round: 0]
[header: 0]
[label_column: ]
[weight_column: ]
[group_column: ]
[ignore_column: ]
[categorical_feature: ]
[forcedbins_filename: ]
[precise_float_parser: 0]
[parser_config_file: ]
[objective_seed: 15521]
[num_class: 1]
[is_unbalance: 0]
[scale_pos_weight: 1]
[sigmoid: 1]
[boost_from_average: 0]
[reg_sqrt: 0]
[alpha: 0.654399]
[fair_c: 1]
[poisson_max_delta_step: 0.7]
[tweedie_variance_power: 1.5]
[lambdarank_truncation_level: 30]
[lambdarank_norm: 1]
[label_gain: ]
[lambdarank_position_bias_regularization: 0]
[eval_at: ]
[multi_error_top_k: 1]
[auc_mu_weights: ]
[num_machines: 1]
[local_listen_port: 12400]
[time_out: 120]
[machine_list_filename: ]
[machines: ]
[gpu_platform_id: -1]
[gpu_device_id: -1]
[gpu_device_id_list: ]
[gpu_use_dp: 0]
[num_gpu: 1]

end of parameters

pandas_categorical:null
